t_s,vx,wz
0.000119872999999604,0,0
0.0108820939999998,0,0
0.0201391009999998,0,0
0.0308905819999996,0,0
0.04012774,0,0
0.0508834199999999,0,0
0.0601159679999999,0,0
0.0708799979999997,0,0
0.0801158559999999,0,0
0.0900941879999997,0,0
0.10013465,0,0
0.110094929,0,0
0.120096517,0,0
0.130096921,0,0
0.14009677,0,0
0.150086162,0,0
0.16009728,0,0
0.170097727,0,0
0.180097647,0,0
0.190093236,0,0
0.200091907,0,0
0.21009131,0,0
0.220092948,0,0
0.230094334,0,0
0.240092858,0,0
0.250099422,0,0
0.260095363,0,0
0.270098947,0,0
0.280090545,0,0
0.290098467,0,0
0.300090656,0,0
0.310098216,0,0
0.320092238,0,0
0.330094609,0,0
0.340098447,0,0
0.350091857,0,0
0.360097141,0,0
0.370090884,0,0
0.380089855,0,0
0.390086754,0,0
0.40009318,0,0
0.410099907,0,0
0.420100168,0,0
0.430093708,0,0
0.440100929,0,0
0.450146602,0,0
0.460046357,0,0
0.470046729,0,0
0.480087401,0,0
0.490048786,0,0
0.500094354,0,0
0.510050589,0,0
0.520052293,0,0
0.530050456,0,0
0.540079817,0,0
0.550043022,0,0
0.560045687,0,0
0.570035472,0,0
0.580038673,0,0
0.590070637,0,0
0.600077251,0,0
0.61004421,0,0
0.620046512,0,0
0.630078331,0,0
0.640049553,0,0
0.650050809,0,0
0.66004971,0,0
0.670039217,0,0
0.680046646,0,0
0.690045539,0,0
0.700084387,0,0
0.710039488,0,0
0.720046792,0,0
0.730042441,0,0
0.740003507,0,0
0.750033449,0,0
0.760000535,0,0
0.770033129,0,0
0.779999749,0,0
0.789984879,0,0
0.799987136,0,0
0.809987598,0,0
0.819949436,0,0
0.829990533,0,0
0.839996551,0,0
0.849947851,0,0
0.859989173,0,0
0.869969132,0,0
0.879991907,0,0
0.889997204,0,0
0.899992819,0,0
0.909953196,0,0
0.919994873,0,0
0.929989529,0,0
0.939947533,0,0
0.949972424,0,0
0.959996015,0,0
0.969983287,0,0
0.979996519,0.00199417490512133,0
0.989986289,0.00697961170226336,-0.00244984682649374
1,0.0129621364176273,-0.00244984636083245
1.009990377,0.0199417471885681,-0.00979938264936209
1.019995274,0.0269213616847992,-0.0122492322698236
1.030009772,0.0348980613052845,-0.0122492322698236
1.039983678,0.043871846050024,-0.0146990800276399
1.049997588,0.0528456345200539,-0.0171489249914885
1.05998731,0.0628165006637573,-0.0171489212661982
1.06993431,0.0747815519571304,-0.0171489212661982
1.079985337,0.0837553441524506,-0.0146990800276399
1.089998083,0.0887407809495926,-0.00734954001381993
1.099991413,0.0947232991456985,-0.00244984054006636
1.10997875,0.0987116545438766,0.0122492304071784
1.119966144,0.103697091341019,0.0195987708866596
1.129929455,0.108682528138161,0.0269483104348183
1.139954124,0.111673787236214,0.0342978499829769
1.149988432,0.115662142634392,0.0440972298383713
1.159948452,0.119650483131409,0.0489969104528427
1.169937256,0.121644660830498,0.0538966096937656
1.179946559,0.12663009762764,0.0563464537262917
1.189932859,0.131615534424782,0.0538966096937656
1.199944361,0.13560388982296,0.0538966208696365
1.209922169,0.141586408019066,0.0489969216287136
1.219946054,0.145574763417244,0.0489969216287136
1.229930415,0.149563103914261,0.0440972410142422
1.239931003,0.154548555612564,0.0416473709046841
1.249931546,0.159533977508545,0.0342978425323963
1.259948497,0.163522332906723,0.0342978611588478
1.269947704,0.167510688304901,0.0293981600552797
1.279914346,0.170501947402954,0.0269482918083668
1.289953543,0.173493206501007,0.0293981600552797
1.299930328,0.175487384200096,0.0244984608143568
1.309928807,0.177481561899185,0.0244984608143568
1.319956344,0.181469917297363,0.0195987801998854
1.329945878,0.183464080095291,0.0195987615734339
1.33995802,0.187452435493469,0.0195987615734339
1.349924744,0.189446598291397,0.0195987801998854
1.359948046,0.191440790891647,0.0195987801998854
1.369927729,0.193434953689575,0.0195987615734339
1.379931865,0.195429131388664,0.0195987615734339
1.389961543,0.197423309087753,0.0146990800276399
1.399929464,0.200414568185806,0.0171489305794239
1.409913973,0.202408745884895,0.0171489305794239
1.419931635,0.203405827283859,0.0195987801998854
1.429908936,0.204402923583984,0.0171489305794239
1.439920501,0.206397086381912,0.0171489119529724
1.449911381,0.207394182682037,0.0195987615734339
1.459909012,0.207394182682037,0.0146990800276399
1.469914839,0.208391264081001,0.0171489305794239
1.479910296,0.208391264081001,0.0171489305794239
1.489928423,0.209388345479965,0.0195987801998854
1.499909289,0.209388345479965,0.0146990800276399
1.509912626,0.209388345479965,0.0146990800276399
1.519914485,0.207394182682037,0.0146990800276399
1.529904837,0.208391264081001,0.0171489305794239
1.53991722,0.205400019884109,0.0146990800276399
1.54991473,0.205400019884109,0.0146990800276399
1.559905993,0.205400019884109,0.0146990800276399
1.569914791,0.204402923583984,0.0122492304071784
1.5799081,0.203405827283859,0.0146990800276399
1.589910039,0.202408745884895,0.0122492304071784
1.599913928,0.201411664485931,0.0146990800276399
1.609906887,0.200414568185806,0.0122492304071784
1.619906566,0.202408745884895,0.0122492304071784
1.62991638,0.201411664485931,0.00979938078671694
1.639911545,0.201411664485931,0.00979938078671694
1.649906672,0.201411664485931,0.00979938078671694
1.659907676,0.201411664485931,0.00979938078671694
1.669915865,0.203405827283859,0.00979938078671694
1.679907608,0.203405827283859,0.00489969924092293
1.689908371,0.204402923583984,0.00244984962046146
1.699911204,0.205400004982948,0.00489969924092293
1.709909838,0.206397086381912,0.00244984962046146
1.719894218,0.206397086381912,0.00244984962046146
1.729908377,0.207394182682037,0
1.739891103,0.208391278982162,0.00244984962046146
1.749900169,0.207394182682037,0
1.759892884,0.209388360381126,0
1.769904222,0.207394182682037,0
1.779912754,0.209388360381126,0
1.789898887,0.209388360381126,0.00489969924092293
1.799911175,0.208391278982162,0.00244984962046146
1.80991124,0.209388360381126,0.00489969924092293
1.819891923,0.208391278982162,0.00244984962046146
1.829888749,0.209388360381126,0.00489969924092293
1.839911776,0.208391278982162,0.00244984962046146
1.849890314,0.209388360381126,0.00489969924092293
1.859892335,0.208391278982162,0.00244984962046146
1.869890871,0.209388360381126,0.00489969924092293
1.879910645,0.208391278982162,0.00244984962046146
1.889896226,0.207394182682037,0
1.899897928,0.208391278982162,-0.00244984962046146
1.909890033,0.206397086381912,-0.00244984962046146
1.919915594,0.206397086381912,-0.00244984962046146
1.929899184,0.204402923583984,-0.00734954932704568
1.939902155,0.204402923583984,-0.00734954932704568
1.949881632,0.203405827283859,-0.00979938078671694
1.959884028,0.202408745884895,-0.00734953070059419
1.969883215,0.200414568185806,-0.00734953070059419
1.979888399,0.198420390486717,-0.00734953070059419
1.989890662,0.197423309087753,-0.00489969924092293
1.999883297,0.196426212787628,-0.00244984962046146
2.009884722,0.195429131388664,0
2.019888089,0.193434953689575,0
2.029884563,0.193434953689575,0.00489969924092293
2.039890458,0.192437872290611,0.00734953070059419
2.04989362,0.191440790891647,0.00489968108013272
2.059892732,0.191440790891647,0.00489968108013272
2.069894035,0.191440790891647,0.00489968108013272
2.079909256,0.192437872290611,0.00734953070059419
2.089910617,0.1944320499897,0.00734954932704568
2.099911335,0.195429131388664,0.00489969924092293
2.109891126,0.196426212787628,0.00244984962046146
2.119892696,0.199417471885681,0.00489968108013272
2.129915679,0.200414568185806,0.00244983145967126
2.139911563,0.202408730983734,0.00244984962046146
2.149850792,0.204402923583984,0.00734954932704568
2.159912979,0.205400004982948,0.00489969924092293
2.169911503,0.208391278982162,0.00244984962046146
2.179911814,0.21038544178009,0.00244984962046146
2.18990778,0.209388360381126,0
2.199913884,0.21038544178009,0.00244984962046146
2.20990857,0.211382538080215,0
2.219891232,0.211382538080215,0
2.229910588,0.211382538080215,0
2.239912977,0.212379619479179,-0.00244983145967126
2.249844332,0.212379619479179,-0.00734953070059419
2.259912635,0.213376700878143,-0.00489968108013272
2.269891205,0.212379619479179,-0.00244983145967126
2.279914175,0.211382538080215,-0.00489968108013272
2.289894453,0.213376700878143,-0.00489968108013272
2.299893507,0.213376700878143,-0.00489968108013272
2.309889823,0.214373797178268,-0.00244984962046146
2.319923918,0.214373797178268,-0.00734953070059419
2.329907958,0.215370878577232,-0.00489969924092293
2.339892422,0.215370878577232,-0.00489969924092293
2.349918336,0.215370878577232,-0.00489969924092293
2.359894756,0.214373797178268,-0.00244984962046146
2.369890229,0.216367959976196,-0.00734954932704568
2.379891641,0.216367959976196,-0.00244984962046146
2.389891276,0.216367959976196,-0.00244984962046146
2.39989495,0.215370878577232,-0.00489969924092293
2.409907112,0.215370878577232,-0.00489969924092293
2.419899966,0.216367959976196,-0.00244984962046146
2.429891316,0.216367959976196,-0.00244984962046146
2.439889566,0.216367959976196,-0.00244984962046146
2.449846389,0.215370878577232,0
2.459914128,0.216367959976196,-0.00244984962046146
2.469907597,0.214373797178268,0.00244984962046146
2.479896458,0.213376700878143,0
2.48989127,0.213376700878143,0
2.499914439,0.213376700878143,0.00489968108013272
2.509910774,0.212379619479179,0.00244983145967126
2.519907688,0.211382538080215,0.00489968108013272
2.529895622,0.209388360381126,0.00489969924092293
2.539891942,0.208391278982162,0.00734954932704568
2.549909093,0.208391278982162,0.00734954932704568
2.559895315,0.207394182682037,0.00979939848184586
2.569890375,0.206397086381912,0.00734954932704568
2.579891767,0.206397086381912,0.00734954932704568
2.589918616,0.205400004982948,0.00979939848184586
2.599885989,0.204402923583984,0.00734954932704568
2.609910257,0.203405827283859,0.00979938078671694
2.619910222,0.202408745884895,0.00734953070059419
2.62989749,0.202408745884895,0.00734953070059419
2.639909633,0.201411664485931,0.00489968108013272
2.649887784,0.201411664485931,0.00489968108013272
2.659929311,0.200414568185806,0.00244983145967126
2.669919314,0.199417471885681,0.00489968108013272
2.679939789,0.199417471885681,0.00489968108013272
2.689919003,0.198420405387878,0.00244984962046146
2.699916371,0.198420405387878,0.00244984962046146
2.709938489,0.198420405387878,0.00244984962046146
2.719936889,0.197423309087753,0.00489969924092293
2.729937373,0.197423309087753,0.00489969924092293
2.739914879,0.197423309087753,0.00489969924092293
2.749890968,0.197423309087753,0.00489969924092293
2.759915323,0.196426212787628,0.00734954932704568
2.769914895,0.197423309087753,0.00489969924092293
2.779916929,0.196426212787628,0.00734954932704568
2.789917751,0.196426212787628,0.00734954932704568
2.79990973,0.196426212787628,0.00734954932704568
2.809916098,0.195429131388664,0.00979939848184586
2.819910993,0.197423309087753,0.00979938078671694
2.829913705,0.197423309087753,0.00979938078671694
2.83990328,0.197423309087753,0.00979938078671694
2.849882184,0.196426212787628,0.0122492304071784
2.859912956,0.197423309087753,0.00979938078671694
2.869918449,0.197423309087753,0.00979938078671694
2.87991115,0.198420390486717,0.00734953070059419
2.889909422,0.197423309087753,0.00979938078671694
2.899928624,0.197423309087753,0.00979938078671694
2.909909915,0.198420390486717,0.00734953070059419
2.919915803,0.197423309087753,0.00489969924092293
2.929929124,0.196426212787628,0.00734954932704568
2.939915191,0.196426212787628,0.00734954932704568
2.949878142,0.198420390486717,0.00734953070059419
2.959897826,0.198420390486717,0.00734953070059419
2.969909182,0.197423309087753,0.00489969924092293
2.979920942,0.196426212787628,0.00734954932704568
2.989913402,0.197423309087753,0.00489969924092293
2.999920475,0.197423309087753,0.00489969924092293
3.009924366,0.197423309087753,0.00489969924092293
3.019908254,0.197423309087753,0.00489969924092293
3.029889144,0.198420405387878,0.00244984962046146
3.039905109,0.198420405387878,0.00244984962046146
3.049890713,0.197423309087753,0
3.059921873,0.198420405387878,-0.00244984962046146
3.069911274,0.199417486786842,0
3.079907751,0.200414568185806,-0.00244983145967126
3.08991644,0.20141164958477,0
3.099915134,0.202408730983734,-0.00244984962046146
3.109906568,0.202408730983734,-0.00244984962046146
3.119905547,0.203405827283859,-0.00489969924092293
3.12991297,0.204402923583984,-0.00244984962046146
3.139908306,0.204402923583984,-0.00244984962046146
3.149899578,0.204402923583984,-0.00244984962046146
3.159903951,0.205400004982948,0
3.16988234,0.205400004982948,0
3.179921248,0.206397086381912,0.00244984962046146
3.189893578,0.205400004982948,0
3.199894823,0.205400004982948,0
3.209900396,0.206397086381912,0.00244984962046146
3.21988126,0.205400004982948,0.00489969924092293
3.229878788,0.204402923583984,0.00244984962046146
3.239895135,0.205400004982948,0
3.2498981,0.206397086381912,0.00244984962046146
3.259879583,0.204402923583984,0.00244984962046146
3.269898563,0.205400004982948,0
3.279901073,0.204402923583984,-0.00244984962046146
3.289897247,0.204402923583984,-0.00244984962046146
3.299893043,0.203405827283859,0
3.309901096,0.203405827283859,-0.00489969924092293
3.319878475,0.203405827283859,-0.00489969924092293
3.32989126,0.204402923583984,-0.00734954932704568
3.339876341,0.203405827283859,-0.00489969924092293
3.349880374,0.203405827283859,-0.00979938078671694
3.359888692,0.203405827283859,-0.00979938078671694
3.369891516,0.203405827283859,-0.00979938078671694
3.379876208,0.204402923583984,-0.00734954932704568
3.389889277,0.205400004982948,-0.00979939848184586
3.399896935,0.205400004982948,-0.00979939848184586
3.409916911,0.204402923583984,-0.00734954932704568
3.419893407,0.206397086381912,-0.00734954932704568
3.42989969,0.205400004982948,-0.00489969924092293
3.439879626,0.206397086381912,-0.00734954932704568
3.449881781,0.206397086381912,-0.00244984962046146
3.459894576,0.207394182682037,-0.00489969924092293
3.469882257,0.207394182682037,0
3.479881432,0.206397086381912,-0.00244984962046146
3.489891519,0.207394182682037,0
3.499881801,0.208391278982162,-0.00244984962046146
3.509893904,0.209388360381126,0
3.519906511,0.209388360381126,0
3.52989256,0.209388360381126,0
3.539876191,0.21038544178009,0.00244984962046146
3.549896456,0.21038544178009,-0.00244984962046146
3.559901034,0.21038544178009,0.00244984962046146
3.569893631,0.21038544178009,-0.00244984962046146
3.579881219,0.211382538080215,0
3.589895506,0.21038544178009,-0.00244984962046146
3.599892271,0.209388360381126,0
3.60989435,0.209388360381126,-0.00489969924092293
3.619878589,0.208391278982162,-0.00244984962046146
3.629881345,0.209388360381126,-0.00489969924092293
3.639892502,0.207394182682037,-0.00489969924092293
3.649889613,0.206397086381912,-0.00244984962046146
3.659890777,0.206397086381912,-0.00734954932704568
3.669885599,0.205400004982948,-0.00489969924092293
3.679895615,0.205400004982948,-0.00489969924092293
3.689885456,0.205400004982948,-0.00489969924092293
3.699878414,0.205400004982948,-0.00489969924092293
3.709881006,0.206397086381912,-0.00244984962046146
3.719893193,0.205400004982948,-0.00489969924092293
3.729890322,0.206397086381912,-0.00244984962046146
3.739882478,0.206397086381912,-0.00244984962046146
3.749879459,0.208391278982162,-0.00244984962046146
3.759896349,0.208391278982162,0.00244984962046146
3.769893407,0.21038544178009,0.00244984962046146
3.779896539,0.21038544178009,-0.00244984962046146
3.7899137,0.211382538080215,0
3.799896861,0.211382538080215,0
3.809901326,0.211382538080215,0
3.819876706,0.213376700878143,0
3.829896989,0.213376700878143,0
3.839880994,0.214373797178268,0.00244984962046146
3.849884992,0.213376700878143,0
3.859905456,0.213376700878143,0
3.869898422,0.212379619479179,-0.00244983145967126
3.879893357,0.211382538080215,0
3.889897226,0.211382538080215,0
3.899891657,0.211382538080215,0
3.909883149,0.209388360381126,0
3.919902158,0.208391278982162,-0.00244984962046146
3.929896843,0.206397086381912,-0.00244984962046146
3.939921102,0.205400004982948,-0.00489969924092293
3.94992165,0.205400004982948,0
3.959878089,0.205400004982948,-0.00489969924092293
3.9698865,0.204402923583984,-0.00244984962046146
3.979877817,0.204402923583984,-0.00244984962046146
3.98988212,0.203405827283859,-0.00489969924092293
3.99989563,0.203405827283859,-0.00489969924092293
4.009893521,0.204402923583984,-0.00734954932704568
4.019884656,0.204402923583984,-0.00734954932704568
4.029897905,0.204402923583984,-0.00734954932704568
4.039894986,0.206397086381912,-0.00734954932704568
4.049897075,0.206397086381912,-0.0122492490336299
4.05987983,0.205400004982948,-0.00979939848184586
4.069905244,0.206397086381912,-0.0122492490336299
4.079911728,0.207394182682037,-0.0146990800276399
4.089880862,0.208391264081001,-0.0122492304071784
4.099898687,0.208391264081001,-0.0122492304071784
4.109882926,0.208391264081001,-0.0122492304071784
4.119884481,0.208391264081001,-0.0122492304071784
4.129881179,0.209388345479965,-0.00979938078671694
4.139877644,0.207394182682037,-0.00979939848184586
4.149897248,0.207394182682037,-0.00979939848184586
4.15988378,0.207394182682037,-0.00979939848184586
4.169894662,0.207394182682037,-0.00489969924092293
4.179899619,0.206397086381912,-0.00244984962046146
4.189900404,0.205400004982948,0
4.199882336,0.205400004982948,0
4.209880548,0.205400004982948,0.00489969924092293
4.219881401,0.204402923583984,0.00734954932704568
4.229884113,0.204402923583984,0.00734954932704568
4.239898775,0.203405827283859,0.00979938078671694
4.249721271,0.203405827283859,0.00979938078671694
4.259905622,0.204402923583984,0.0122492304071784
4.269888033,0.202408745884895,0.0122492304071784
4.279894002,0.203405827283859,0.00979938078671694
4.289880764,0.201411664485931,0.00979938078671694
4.299897503,0.202408745884895,0.0122492304071784
4.309881785,0.201411664485931,0.00979938078671694
4.319891528,0.201411664485931,0.00979938078671694
4.329906895,0.200414568185806,0.00734953070059419
4.339900691,0.202408745884895,0.00734953070059419
4.349903083,0.201411664485931,0.00979938078671694
4.359896125,0.200414568185806,0.00734953070059419
4.369881123,0.201411664485931,0.00979938078671694
4.379882166,0.201411664485931,0.00979938078671694
4.38988548,0.201411664485931,0.00979938078671694
4.399890675,0.202408745884895,0.00734953070059419
4.409880951,0.201411664485931,0.00979938078671694
4.419882211,0.201411664485931,0.00979938078671694
4.429895274,0.201411664485931,0.00979938078671694
4.439899595,0.200414568185806,0.00734953070059419
4.44990095,0.199417471885681,0.00489968108013272
4.459882309,0.199417471885681,0.00489968108013272
4.469881902,0.199417486786842,0
4.479893508,0.198420405387878,0.00244984962046146
4.489884146,0.198420405387878,-0.00244984962046146
4.499898517,0.196426212787628,-0.00244984962046146
4.509879106,0.196426212787628,-0.00734954932704568
4.519897779,0.196426212787628,-0.00734954932704568
4.529882412,0.196426212787628,-0.00734954932704568
4.53987989,0.195429131388664,-0.00979939848184586
4.549899079,0.196426212787628,-0.00734954932704568
4.559891653,0.195429131388664,-0.00979939848184586
4.569877188,0.195429131388664,-0.00979939848184586
4.579775059,0.1944320499897,-0.0122492304071784
4.589879515,0.195429131388664,-0.00979939848184586
4.59989404,0.195429131388664,-0.00979939848184586
4.609894916,0.196426212787628,-0.00734954932704568
4.619894311,0.197423309087753,-0.00979938078671694
4.629886822,0.197423309087753,-0.00979938078671694
4.639890381,0.198420390486717,-0.00734953070059419
4.649905996,0.198420390486717,-0.00734953070059419
4.65976911,0.199417471885681,-0.00489968108013272
4.669887018,0.199417471885681,-0.00489968108013272
4.679880501,0.200414568185806,-0.00244983145967126
4.689889398,0.201411664485931,-0.00489968108013272
4.699896998,0.202408730983734,-0.00244984962046146
4.709887654,0.202408730983734,-0.00244984962046146
4.719892458,0.203405827283859,0
4.729903571,0.203405827283859,0
4.739884189,0.204402923583984,0.00244984962046146
4.749898271,0.204402923583984,0.00244984962046146
4.759783634,0.204402923583984,0.00244984962046146
4.76990842,0.206397086381912,0.00244984962046146
4.779882458,0.206397086381912,0.00244984962046146
4.789881987,0.206397086381912,0.00734954932704568
4.799893969,0.205400004982948,0.00489969924092293
4.809876333,0.206397086381912,0.00244984962046146
4.819880819,0.204402923583984,0.00734954932704568
4.829881286,0.205400004982948,0.00489969924092293
4.839885803,0.205400004982948,0.00489969924092293
4.849898682,0.205400004982948,0.00489969924092293
4.859910221,0.205400004982948,0.00489969924092293
4.869894018,0.205400004982948,0.00489969924092293
4.879895655,0.205400004982948,0.00489969924092293
4.889891258,0.205400004982948,0.00489969924092293
4.899879656,0.206397086381912,0.00244984962046146
4.909889143,0.206397086381912,0.00734954932704568
4.91989699,0.206397086381912,0.00244984962046146
4.929879861,0.206397086381912,0.00734954932704568
4.939885842,0.208391278982162,0.00244984962046146
4.949893541,0.207394182682037,0.00489969924092293
4.959893851,0.209388360381126,0.00489969924092293
4.969901312,0.207394182682037,0.00489969924092293
4.979894274,0.209388360381126,0.00489969924092293
4.989893381,0.208391278982162,0.00244984962046146
4.999894792,0.208391278982162,0.00734954932704568
5.009898288,0.208391278982162,0.00244984962046146
5.019893679,0.209388360381126,0.00489969924092293
5.029896482,0.208391278982162,0.00244984962046146
5.039897344,0.205400004982948,0.00489969924092293
5.049893849,0.208391278982162,0.00244984962046146
5.059881425,0.206397086381912,0.00244984962046146
5.069898949,0.206397086381912,0.00244984962046146
5.079881531,0.206397086381912,0.00244984962046146
5.089881514,0.206397086381912,0.00244984962046146
5.099885241,0.205400004982948,0
5.10989702,0.204402923583984,0.00244984962046146
5.119893265,0.205400004982948,0
5.129903853,0.205400004982948,0
5.139892602,0.207394182682037,0
5.149902817,0.205400004982948,0
5.15988755,0.205400004982948,0
5.169907801,0.207394182682037,0
5.179879643,0.205400004982948,0
5.189895283,0.205400004982948,0
5.199893984,0.206397086381912,0.00244984962046146
5.2098965,0.207394182682037,0
5.219890655,0.206397086381912,0.00244984962046146
5.229894104,0.206397086381912,0.00244984962046146
5.239896219,0.204402923583984,0.00244984962046146
5.249897547,0.204402923583984,0.00244984962046146
5.259903921,0.205400004982948,0.00489969924092293
5.269896268,0.204402923583984,0.00244984962046146
5.279896184,0.204402923583984,0.00244984962046146
5.289895224,0.205400004982948,0.00489969924092293
5.299893223,0.205400004982948,0
5.309893966,0.204402923583984,0.00244984962046146
5.319892873,0.203405827283859,0
5.329899542,0.204402923583984,0.00244984962046146
5.339892654,0.205400004982948,0
5.349894832,0.206397086381912,-0.00244984962046146
5.359876287,0.206397086381912,-0.00244984962046146
5.369895282,0.206397086381912,-0.00244984962046146
5.379880936,0.207394182682037,0
5.389924075,0.207394182682037,-0.00489969924092293
5.399909883,0.207394182682037,0
5.409918024,0.209388360381126,0
5.419907254,0.21038544178009,-0.00244984962046146
5.429910754,0.21038544178009,-0.00244984962046146
5.439891164,0.21038544178009,-0.00244984962046146
5.449908991,0.209388360381126,0
5.459895045,0.209388360381126,-0.00489969924092293
5.469911867,0.209388360381126,0
5.479910452,0.209388360381126,-0.00489969924092293
5.48990805,0.208391278982162,-0.00244984962046146
5.499911307,0.209388360381126,-0.00489969924092293
5.509895726,0.207394182682037,-0.00489969924092293
5.51991827,0.207394182682037,0
5.529896263,0.206397086381912,-0.00244984962046146
5.539907968,0.206397086381912,-0.00244984962046146
5.549912188,0.206397086381912,-0.00244984962046146
5.559894376,0.206397086381912,0.00244984962046146
5.569910518,0.206397086381912,-0.00244984962046146
5.579906563,0.206397086381912,0.00244984962046146
5.589905646,0.206397086381912,0.00244984962046146
5.599904568,0.204402923583984,0.00244984962046146
5.609916471,0.206397086381912,-0.00244984962046146
5.619925951,0.204402923583984,-0.00244984962046146
5.629913316,0.206397086381912,-0.00244984962046146
5.639898771,0.206397086381912,-0.00244984962046146
5.649921866,0.207394182682037,0
5.659913698,0.206397086381912,-0.00244984962046146
5.669899033,0.206397086381912,-0.00244984962046146
5.679899275,0.206397086381912,-0.00244984962046146
5.689907502,0.206397086381912,-0.00244984962046146
5.699907634,0.208391278982162,-0.00244984962046146
5.709913092,0.206397086381912,0.00244984962046146
5.719918211,0.208391278982162,-0.00244984962046146
5.729916847,0.207394182682037,0
5.73991581,0.206397086381912,0.00244984962046146
5.749912162,0.206397086381912,-0.00244984962046146
5.7598969,0.207394182682037,0
5.769897815,0.207394182682037,0
5.779921147,0.207394182682037,0
5.789914099,0.208391278982162,-0.00244984962046146
5.799920794,0.207394182682037,0
5.809905582,0.208391278982162,-0.00244984962046146
5.819916796,0.208391278982162,0.00244984962046146
5.829932877,0.208391278982162,-0.00244984962046146
5.839924559,0.209388360381126,0
5.84991638,0.209388360381126,0
5.859909855,0.209388360381126,-0.00489969924092293
5.869911907,0.208391278982162,-0.00244984962046146
5.879916886,0.208391278982162,-0.00734954932704568
5.889918428,0.207394182682037,-0.00489969924092293
5.899911579,0.207394182682037,-0.00979939848184586
5.909916798,0.205400004982948,-0.00979939848184586
5.91956837,0.205400019884109,-0.0146990800276399
5.929916351,0.204402923583984,-0.0122492304071784
5.939908701,0.203405827283859,-0.0146990800276399
5.949912349,0.201411664485931,-0.0146990800276399
5.959915182,0.200414568185806,-0.0122492304071784
5.969910661,0.200414568185806,-0.0122492304071784
5.97992875,0.198420390486717,-0.0122492304071784
5.989913071,0.198420390486717,-0.0122492304071784
5.999929284,0.197423309087753,-0.00979938078671694
6.009906603,0.198420405387878,-0.00244984962046146
6.019928646,0.196426212787628,-0.00244984962046146
6.029906684,0.196426212787628,-0.00244984962046146
6.039912072,0.196426212787628,-0.00244984962046146
6.049908789,0.196426212787628,0.00244984962046146
6.059908427,0.197423309087753,0.00489969924092293
6.06990792,0.197423309087753,0.00489969924092293
6.079926174,0.198420390486717,0.00734953070059419
6.089908866,0.199417471885681,0.00979938078671694
6.099918022,0.199417471885681,0.00979938078671694
6.109914423,0.199417471885681,0.00489968108013272
6.119906639,0.199417471885681,0.00979938078671694
6.129906166,0.199417471885681,0.00979938078671694
6.139912152,0.199417471885681,0.00979938078671694
6.149930865,0.200414568185806,0.00734953070059419
6.159920446,0.199417471885681,0.00489968108013272
6.169910714,0.199417471885681,0.00489968108013272
6.179906742,0.199417471885681,0.00489968108013272
6.189905743,0.198420405387878,0.00244984962046146
6.199909483,0.196426212787628,0.00244984962046146
6.209905245,0.197423309087753,0.00489969924092293
6.219917154,0.198420405387878,0.00244984962046146
6.229909369,0.198420405387878,0.00244984962046146
6.239918419,0.197423309087753,0
6.249906894,0.197423309087753,0
6.259908974,0.197423309087753,0
6.269908326,0.197423309087753,0
6.279917422,0.197423309087753,0
6.289904153,0.198420405387878,-0.00244984962046146
6.299912921,0.200414568185806,-0.00244983145967126
6.309918976,0.199417471885681,-0.00489968108013272
6.319915093,0.199417471885681,-0.00489968108013272
6.329655474,0.200414568185806,-0.00734953070059419
6.339804193,0.201411664485931,-0.00489968108013272
6.349906984,0.201411664485931,-0.00489968108013272
6.359878056,0.202408745884895,-0.00734953070059419
6.369911742,0.202408745884895,-0.00734953070059419
6.379914227,0.203405827283859,-0.00979938078671694
6.389915799,0.202408745884895,-0.00734953070059419
6.39990898,0.203405827283859,-0.00979938078671694
6.409913383,0.203405827283859,-0.00979938078671694
6.419903096,0.203405827283859,-0.00979938078671694
6.429909387,0.203405827283859,-0.00979938078671694
6.439910511,0.203405827283859,-0.00979938078671694
6.449916211,0.204402923583984,-0.0122492304071784
6.459914241,0.203405827283859,-0.00979938078671694
6.469919442,0.204402923583984,-0.0122492304071784
6.479907221,0.203405827283859,-0.00979938078671694
6.489913991,0.204402923583984,-0.00734954932704568
6.499917524,0.204402923583984,-0.00734954932704568
6.509909829,0.204402923583984,-0.00734954932704568
6.519917852,0.205400004982948,-0.00979939848184586
6.529908734,0.205400004982948,-0.00489969924092293
6.539919322,0.205400004982948,-0.00489969924092293
6.54992337,0.205400004982948,0
6.559905201,0.206397086381912,-0.00244984962046146
6.569909562,0.205400004982948,0
6.579914281,0.206397086381912,0.00244984962046146
6.589906468,0.206397086381912,-0.00244984962046146
6.599920626,0.206397086381912,0.00244984962046146
6.609909073,0.206397086381912,0.00244984962046146
6.619911123,0.206397086381912,0.00734954932704568
6.629875901,0.205400004982948,0.00489969924092293
6.639908277,0.205400004982948,0.00489969924092293
6.649907909,0.205400004982948,0
6.659915117,0.204402923583984,0.00244984962046146
6.669908145,0.205400004982948,0.00489969924092293
6.679911265,0.205400004982948,0
6.689907258,0.205400004982948,0.00489969924092293
6.699913807,0.204402923583984,0.00244984962046146
6.709917512,0.206397086381912,0.00244984962046146
6.719907256,0.206397086381912,0.00244984962046146
6.729909941,0.207394182682037,0
6.739908903,0.208391278982162,0.00244984962046146
6.74990851,0.209388360381126,0.00489969924092293
6.759903056,0.209388360381126,0.00489969924092293
6.769904509,0.21038544178009,0.00244984962046146
6.779910797,0.209388360381126,0.00489969924092293
6.789909279,0.21038544178009,0.00244984962046146
6.799903011,0.211382538080215,0.00489968108013272
6.809909402,0.21038544178009,0.00244984962046146
6.819894625,0.21038544178009,0.00244984962046146
6.82991142,0.21038544178009,0.00734953070059419
6.839906662,0.21038544178009,0.00244984962046146
6.84990904,0.209388360381126,0.00489969924092293
6.859912265,0.209388360381126,0.00489969924092293
6.869918102,0.209388360381126,0.00489969924092293
6.879904371,0.209388360381126,0.00489969924092293
6.889914202,0.208391278982162,0.00734954932704568
6.899895943,0.208391278982162,0.00244984962046146
6.909882102,0.208391278982162,0.00734954932704568
6.91990969,0.207394182682037,0.00489969924092293
6.929909174,0.207394182682037,0
6.939903398,0.207394182682037,0.00489969924092293
6.949913444,0.208391278982162,-0.00244984962046146
6.959902477,0.207394182682037,0
6.969911595,0.207394182682037,0
6.979892357,0.207394182682037,0
6.989915224,0.208391278982162,-0.00244984962046146
6.999911947,0.208391278982162,-0.00244984962046146
7.009917076,0.208391278982162,-0.00244984962046146
7.019912113,0.209388360381126,-0.00489969924092293
7.029909749,0.209388360381126,-0.00489969924092293
7.039904383,0.209388360381126,-0.00489969924092293
7.049909177,0.208391278982162,-0.00244984962046146
7.059868861,0.21038544178009,-0.00244984962046146
7.06991184,0.209388360381126,-0.00489969924092293
7.079912725,0.21038544178009,-0.00734953070059419
7.089909494,0.209388360381126,-0.00489969924092293
7.099907808,0.208391278982162,-0.00244984962046146
7.109906994,0.208391278982162,-0.00734954932704568
7.119907921,0.207394182682037,-0.00489969924092293
7.129888891,0.206397086381912,-0.00244984962046146
7.13986557,0.205400004982948,-0.00489969924092293
7.149905777,0.205400004982948,0
7.159888145,0.204402923583984,-0.00244984962046146
7.169938623,0.204402923583984,-0.00244984962046146
7.179841385,0.203405827283859,0
7.189905322,0.204402923583984,-0.00244984962046146
7.199881487,0.204402923583984,-0.00244984962046146
7.209912002,0.203405827283859,0
7.219860722,0.204402923583984,-0.00244984962046146
7.229883626,0.205400004982948,-0.00489969924092293
7.239905735,0.207394182682037,-0.00489969924092293
7.24991117,0.206397086381912,-0.00734954932704568
7.259846131,0.206397086381912,-0.00734954932704568
7.269910625,0.206397086381912,-0.00734954932704568
7.279845733,0.207394182682037,-0.00489969924092293
7.289910706,0.206397086381912,-0.00734954932704568
7.299806255,0.207394182682037,-0.00979939848184586
7.309905754,0.207394182682037,-0.00979939848184586
7.319906444,0.207394182682037,-0.00979939848184586
7.32984622,0.206397086381912,-0.00734954932704568
7.339898644,0.204402923583984,-0.0122492304071784
7.349907408,0.204402923583984,-0.0122492304071784
7.359843837,0.204402923583984,-0.0122492304071784
7.369917156,0.203405827283859,-0.00979938078671694
7.379841758,0.202408745884895,-0.0122492304071784
7.389846392,0.201411664485931,-0.00979938078671694
7.399911363,0.201411664485931,-0.00979938078671694
7.409916859,0.201411664485931,-0.00979938078671694
7.419877082,0.200414568185806,-0.00734953070059419
7.429908888,0.201411664485931,-0.00979938078671694
7.439877634,0.201411664485931,-0.00489968108013272
7.449914815,0.202408730983734,-0.00244984962046146
7.459820882,0.202408730983734,-0.00244984962046146
7.469916097,0.202408730983734,-0.00244984962046146
7.479882423,0.203405827283859,-0.00489969924092293
7.489916698,0.204402923583984,-0.00244984962046146
7.499877118,0.203405827283859,0
7.509915632,0.204402923583984,0.00244984962046146
7.519882646,0.204402923583984,0.00244984962046146
7.529907529,0.204402923583984,0.00244984962046146
7.539812361,0.205400004982948,0.00489969924092293
7.549908037,0.204402923583984,0.00244984962046146
7.559913145,0.204402923583984,0.00244984962046146
7.569912615,0.206397086381912,0.00244984962046146
7.579879938,0.205400004982948,0.00489969924092293
7.589909612,0.204402923583984,0.00244984962046146
7.599879311,0.204402923583984,0.00244984962046146
7.609913655,0.203405827283859,0
7.619819712,0.204402923583984,-0.00244984962046146
7.629907685,0.204402923583984,0.00244984962046146
7.639910398,0.203405827283859,0
7.649906599,0.203405827283859,0
7.659909095,0.204402923583984,-0.00244984962046146
7.669910328,0.203405827283859,0
7.679879267,0.203405827283859,0
7.689915106,0.203405827283859,0
7.69982193,0.205400004982948,0
7.709901548,0.205400004982948,0
7.71989299,0.205400004982948,0.00489969924092293
7.729911474,0.205400004982948,0
7.739883698,0.207394182682037,0
7.749914811,0.208391278982162,0.00244984962046146
7.759907538,0.207394182682037,0.00489969924092293
7.76995474,0.207394182682037,0.00489969924092293
7.779791361,0.208391278982162,0.00244984962046146
7.78990577,0.208391278982162,0.00244984962046146
7.799881628,0.208391278982162,0.00244984962046146
7.809911966,0.209388360381126,0.00489969924092293
7.819922743,0.208391278982162,0.00244984962046146
7.829916329,0.209388360381126,0.00489969924092293
7.839927622,0.207394182682037,0.00489969924092293
7.849910134,0.206397086381912,0.00244984962046146
7.859796539,0.206397086381912,0.00244984962046146
7.869900914,0.207394182682037,0
7.87991413,0.206397086381912,0.00244984962046146
7.889916158,0.206397086381912,0.00244984962046146
7.899909002,0.206397086381912,0.00244984962046146
7.909937781,0.205400004982948,0
7.91994892,0.205400004982948,0
7.929926407,0.203405827283859,0
7.939831276,0.203405827283859,0
7.949917129,0.205400004982948,0
7.959908794,0.205400004982948,0
7.969915659,0.203405827283859,0
7.979888763,0.203405827283859,0
7.989912787,0.204402923583984,-0.00244984962046146
7.999915478,0.202408730983734,-0.00244984962046146
8.009901151,0.204402923583984,-0.00244984962046146
8.019793141,0.205400004982948,-0.00489969924092293
8.029918529,0.205400004982948,-0.00489969924092293
8.039915747,0.206397086381912,-0.00734954932704568
8.049912493,0.205400004982948,-0.00979939848184586
8.059883376,0.205400004982948,-0.00979939848184586
8.069922004,0.206397086381912,-0.0122492490336299
8.079891502,0.206397086381912,-0.0122492490336299
8.089908623,0.206397086381912,-0.0122492490336299
8.099787258,0.206397086381912,-0.0122492490336299
8.109905777,0.205400019884109,-0.0146990800276399
8.119918775,0.204402923583984,-0.0122492304071784
8.129920416,0.205400004982948,-0.00979939848184586
8.139899041,0.203405827283859,-0.00979938078671694
8.149913151,0.203405827283859,-0.00979938078671694
8.159886628,0.203405827283859,-0.00979938078671694
8.169906189,0.202408745884895,-0.00734953070059419
8.179781499,0.203405827283859,-0.00489969924092293
8.189905273,0.20141164958477,0
8.199891322,0.20141164958477,0
8.209911774,0.200414568185806,0.00244983145967126
8.219895015,0.200414568185806,0.00244983145967126
8.229907311,0.199417486786842,0
8.23986766,0.200414568185806,0.00244983145967126
8.249910084,0.199417471885681,0.00489968108013272
8.259780549,0.199417471885681,0.00489968108013272
8.269926242,0.199417471885681,0.00489968108013272
8.279914292,0.198420405387878,0.00244984962046146
8.289901439,0.200414568185806,-0.00244983145967126
8.299916584,0.200414568185806,-0.00244983145967126
8.30990685,0.200414568185806,-0.00244983145967126
8.319919044,0.200414568185806,-0.00244983145967126
8.329897934,0.200414568185806,-0.00244983145967126
8.339811483,0.202408730983734,-0.00244984962046146
8.349893806,0.202408730983734,-0.00244984962046146
8.359917519,0.202408730983734,-0.00244984962046146
8.369903206,0.203405827283859,0
8.379916047,0.204402923583984,-0.00244984962046146
8.389917206,0.204402923583984,0.00244984962046146
8.399913983,0.206397086381912,0.00244984962046146
8.409892825,0.206397086381912,0.00244984962046146
8.419796819,0.208391278982162,0.00244984962046146
8.429907507,0.208391278982162,0.00244984962046146
8.439909982,0.207394182682037,0
8.449893099,0.209388360381126,0
8.459900338,0.209388360381126,0
8.46990571,0.21038544178009,-0.00244984962046146
8.4799129,0.209388360381126,0
8.489891862,0.209388360381126,-0.00489969924092293
8.499774567,0.206397086381912,-0.00734954932704568
8.509914192,0.207394182682037,-0.00979939848184586
8.51991105,0.205400004982948,-0.00979939848184586
8.529903864,0.206397086381912,-0.0122492490336299
8.539909519,0.204402923583984,-0.0122492304071784
8.549892925,0.202408745884895,-0.0122492304071784
8.559913152,0.203405827283859,-0.0146990800276399
8.569911281,0.201411664485931,-0.0146990800276399
8.579779849,0.201411664485931,-0.0195987801998854
8.589908276,0.200414568185806,-0.0171489305794239
8.599909698,0.201411664485931,-0.0146990800276399
8.609909207,0.201411664485931,-0.0146990800276399
8.619721402,0.201411664485931,-0.0146990800276399
8.629905962,0.200414568185806,-0.0122492304071784
8.639891446,0.202408745884895,-0.0122492304071784
8.649901675,0.202408745884895,-0.0122492304071784
8.659785944,0.202408745884895,-0.0122492304071784
8.669908991,0.202408745884895,-0.0122492304071784
8.679913268,0.202408745884895,-0.00734953070059419
8.689911705,0.203405827283859,-0.00979938078671694
8.699901158,0.203405827283859,-0.00979938078671694
8.70991554,0.203405827283859,-0.00489969924092293
8.719916932,0.204402923583984,-0.00734954932704568
8.729901725,0.204402923583984,-0.00734954932704568
8.739778783,0.203405827283859,-0.00489969924092293
8.749911814,0.205400004982948,-0.00489969924092293
8.75990958,0.204402923583984,-0.00244984962046146
8.76989537,0.204402923583984,-0.00244984962046146
8.779906524,0.204402923583984,-0.00244984962046146
8.789922742,0.205400004982948,0
8.799894097,0.205400004982948,0
8.809911334,0.205400004982948,-0.00489969924092293
8.819804344,0.205400004982948,0
8.829908958,0.205400004982948,0
8.83992878,0.206397086381912,0.00244984962046146
8.849905348,0.205400004982948,0
8.859908162,0.205400004982948,0
8.869907552,0.205400004982948,0
8.879909454,0.207394182682037,0
8.889908036,0.205400004982948,0
8.899805262,0.207394182682037,0
8.909910975,0.206397086381912,0.00244984962046146
8.919906973,0.205400004982948,0
8.92991169,0.206397086381912,-0.00244984962046146
8.939916178,0.206397086381912,-0.00244984962046146
8.949935455,0.205400004982948,0
8.959906,0.206397086381912,-0.00244984962046146
8.969917724,0.207394182682037,0
8.979794245,0.205400004982948,0
8.989912538,0.205400004982948,0
8.999901451,0.203405827283859,0
9.009907096,0.205400004982948,0
9.019920237,0.205400004982948,0
9.029906984,0.205400004982948,0.00489969924092293
9.039924277,0.205400004982948,0
9.049902308,0.206397086381912,0.00244984962046146
9.059463491,0.205400004982948,0.00489969924092293
9.06990608,0.205400004982948,0.00489969924092293
9.079908763,0.205400004982948,0.00489969924092293
9.089909,0.206397086381912,0.00244984962046146
9.099907523,0.206397086381912,0.00244984962046146
9.109858659,0.205400004982948,0.00489969924092293
9.119870071,0.205400004982948,0.00489969924092293
9.129852981,0.205400004982948,0.00489969924092293
9.13940976,0.204402923583984,0.00734954932704568
9.149907387,0.204402923583984,0.00734954932704568
9.15991011,0.204402923583984,0.00734954932704568
9.169907719,0.202408745884895,0.00734953070059419
9.179911035,0.203405827283859,0.00979938078671694
9.18992023,0.202408745884895,0.0122492304071784
9.199909808,0.203405827283859,0.0146990800276399
9.209912039,0.201411664485931,0.0146990800276399
9.219465166,0.200414568185806,0.0171489305794239
9.22991638,0.200414568185806,0.0171489305794239
9.239914167,0.200414568185806,0.0171489305794239
9.24990874,0.198420390486717,0.0171489305794239
9.259374912,0.199417471885681,0.0195987801998854
9.269916378,0.200414568185806,0.0171489305794239
9.279911028,0.198420390486717,0.0171489305794239
9.289909012,0.199417471885681,0.0195987801998854
9.29946086,0.198420390486717,0.0171489305794239
9.309913652,0.199417471885681,0.0146990800276399
9.319909872,0.201411664485931,0.0146990800276399
9.329903704,0.200414568185806,0.0122492304071784
9.339907808,0.200414568185806,0.0122492304071784
9.349907579,0.202408745884895,0.0122492304071784
9.359416508,0.202408745884895,0.0122492304071784
9.369904535,0.202408745884895,0.0122492304071784
9.37945471,0.203405827283859,0.00979938078671694
9.389907498,0.203405827283859,0.00979938078671694
9.399920351,0.203405827283859,0.00979938078671694
9.409910066,0.205400004982948,0.00979939848184586
9.419910899,0.204402923583984,0.00734954932704568
9.429905749,0.205400004982948,0.00979939848184586
9.439909447,0.205400004982948,0.00979939848184586
9.449906404,0.204402923583984,0.00734954932704568
9.45945673,0.204402923583984,0.00734954932704568
9.469902492,0.204402923583984,0.00734954932704568
9.479911244,0.205400004982948,0.00979939848184586
9.48990937,0.204402923583984,0.00734954932704568
9.499919084,0.204402923583984,0.0122492304071784
9.509897076,0.202408745884895,0.0122492304071784
9.519911949,0.202408745884895,0.0122492304071784
9.529891123,0.202408745884895,0.0122492304071784
9.539456042,0.201411664485931,0.0146990800276399
9.549909735,0.201411664485931,0.0146990800276399
9.55968016,0.201411664485931,0.0146990800276399
9.569907498,0.201411664485931,0.0146990800276399
9.579910946,0.201411664485931,0.0146990800276399
9.58990781,0.201411664485931,0.0146990800276399
9.599893252,0.202408745884895,0.0122492304071784
9.609906279,0.202408745884895,0.0122492304071784
9.619464134,0.203405827283859,0.0146990800276399
9.629907431,0.203405827283859,0.00979938078671694
9.639918059,0.205400004982948,0.00979939848184586
9.649905367,0.205400004982948,0.00979939848184586
9.659906885,0.204402923583984,0.00734954932704568
9.66990823,0.205400004982948,0.00979939848184586
9.679916002,0.205400004982948,0.00489969924092293
9.689908114,0.205400004982948,0.00489969924092293
9.699457086,0.205400004982948,0.00489969924092293
9.709902051,0.205400004982948,0.00489969924092293
9.7199238,0.206397086381912,0.00244984962046146
9.729918314,0.205400004982948,0.00489969924092293
9.739913148,0.205400004982948,0.00489969924092293
9.749902591,0.205400004982948,0.00489969924092293
9.759914658,0.207394182682037,0.00489969924092293
9.769904736,0.206397086381912,0.00244984962046146
9.77945992,0.206397086381912,0.00734954932704568
9.789905259,0.208391278982162,0.00734954932704568
9.799914695,0.207394182682037,0.00489969924092293
9.809903945,0.209388360381126,0.00489969924092293
9.819907172,0.208391278982162,0.00734954932704568
9.829921693,0.209388360381126,0.00489969924092293
9.839909414,0.21038544178009,0.00244984962046146
9.849905664,0.212379619479179,0.00244983145967126
9.859465061,0.211382538080215,0
9.869903643,0.212379619479179,0.00244983145967126
9.879901675,0.212379619479179,-0.00244983145967126
9.889333435,0.212379619479179,-0.00244983145967126
9.899906518,0.212379619479179,-0.00244983145967126
9.909918642,0.211382538080215,-0.00489968108013272
9.919910978,0.211382538080215,-0.00979938078671694
9.929913196,0.212379619479179,-0.00734953070059419
9.939459454,0.211382538080215,-0.00979938078671694
9.949913765,0.209388345479965,-0.00979938078671694
9.959318494,0.209388360381126,-0.00489969924092293
9.969912633,0.209388345479965,-0.00979938078671694
9.979901927,0.209388360381126,-0.00489969924092293
9.989914084,0.209388360381126,-0.00489969924092293
9.999912915,0.209388360381126,-0.00489969924092293
10.009903774,0.209388360381126,0
10.019458668,0.208391278982162,0.00244984962046146
10.029903964,0.207394182682037,0.00489969924092293
10.039905654,0.207394182682037,0.00979939848184586
10.049901219,0.207394182682037,0.00979939848184586
10.059420359,0.207394182682037,0.00979939848184586
10.069894358,0.206397086381912,0.0122492490336299
10.079909834,0.206397086381912,0.0122492490336299
10.08990507,0.204402923583984,0.0122492304071784
10.09945935,0.204402923583984,0.0122492304071784
10.109901203,0.203405827283859,0.00979938078671694
10.119913269,0.202408745884895,0.0122492304071784
10.129902619,0.201411664485931,0.00979938078671694
10.139907207,0.200414568185806,0.00734953070059419
10.149900055,0.200414568185806,0.00734953070059419
10.159625143,0.199417471885681,0.00489968108013272
10.169907389,0.199417471885681,0.00489968108013272
10.179460364,0.197423309087753,0
10.189904048,0.197423309087753,0
10.199903715,0.196426212787628,0.00244984962046146
10.209909775,0.196426212787628,0.00244984962046146
10.219907896,0.197423309087753,0
10.22989914,0.197423309087753,-0.00489969924092293
10.239906883,0.197423309087753,-0.00489969924092293
10.249909082,0.197423309087753,-0.00489969924092293
10.259461168,0.197423309087753,-0.00489969924092293
10.269305993,0.197423309087753,-0.00489969924092293
10.279894805,0.199417471885681,-0.00489968108013272
10.289909413,0.199417471885681,-0.00489968108013272
10.299903219,0.201411664485931,-0.00979938078671694
10.309904605,0.202408745884895,-0.00734953070059419
10.319909796,0.202408745884895,-0.00734953070059419
10.329909562,0.203405827283859,-0.00489969924092293
10.33946272,0.204402923583984,-0.00734954932704568
10.349906638,0.205400004982948,-0.00489969924092293
10.359913486,0.206397086381912,-0.00734954932704568
10.369457261,0.208391278982162,-0.00734954932704568
10.379906864,0.207394182682037,-0.00489969924092293
10.38990342,0.208391278982162,-0.00734954932704568
10.399904311,0.208391278982162,-0.00734954932704568
10.409908726,0.207394182682037,-0.00979939848184586
10.419461675,0.209388345479965,-0.00979938078671694
10.429906701,0.208391278982162,-0.00734954932704568
10.439907237,0.207394182682037,-0.00489969924092293
10.449914081,0.207394182682037,-0.00489969924092293
10.459923863,0.207394182682037,-0.00489969924092293
10.469619105,0.205400004982948,-0.00489969924092293
10.479907519,0.206397086381912,-0.00244984962046146
10.489911484,0.206397086381912,-0.00244984962046146
10.499460802,0.205400004982948,0
10.509908449,0.207394182682037,0
10.519905117,0.205400004982948,0
10.529911807,0.207394182682037,0
10.53990709,0.207394182682037,0
10.549900342,0.206397086381912,-0.00244984962046146
10.559916776,0.207394182682037,0
10.569872108,0.207394182682037,0
10.579462633,0.208391278982162,-0.00244984962046146
10.589909456,0.207394182682037,0
10.599905489,0.207394182682037,0
10.609909062,0.206397086381912,-0.00244984962046146
10.619902521,0.207394182682037,0
10.629901846,0.205400004982948,0
10.639905029,0.206397086381912,-0.00244984962046146
10.649907227,0.206397086381912,-0.00244984962046146
10.659464686,0.205400004982948,0
10.669914001,0.205400004982948,0
10.679905234,0.204402923583984,-0.00244984962046146
10.689908642,0.204402923583984,-0.00244984962046146
10.699902935,0.205400004982948,0
10.709908899,0.205400004982948,0
10.719908476,0.204402923583984,-0.00244984962046146
10.729906506,0.204402923583984,-0.00244984962046146
10.739464278,0.204402923583984,0.00244984962046146
10.749905885,0.204402923583984,0.00244984962046146
10.759906437,0.204402923583984,-0.00244984962046146
10.769906132,0.205400004982948,0
10.779905704,0.204402923583984,0.00244984962046146
10.789903398,0.204402923583984,0.00244984962046146
10.799916457,0.204402923583984,-0.00244984962046146
10.809915544,0.204402923583984,0.00244984962046146
10.819463452,0.204402923583984,0.00244984962046146
10.829905433,0.204402923583984,0.00244984962046146
10.839908889,0.203405827283859,0
10.849907304,0.203405827283859,0
10.85990354,0.203405827283859,0
10.869900709,0.20141164958477,0
10.879907104,0.20141164958477,0
10.889913048,0.20141164958477,0
10.899466814,0.200414568185806,0.00244983145967126
10.909906453,0.198420405387878,0.00244984962046146
10.919909645,0.198420405387878,0.00244984962046146
10.929919806,0.198420405387878,0.00244984962046146
10.93990375,0.198420405387878,0.00244984962046146
10.949895403,0.198420405387878,0.00244984962046146
10.959907094,0.197423309087753,0.00489969924092293
10.969909796,0.197423309087753,0
10.979466251,0.197423309087753,0
10.989911468,0.197423309087753,0
10.999914469,0.198420405387878,-0.00244984962046146
11.00991376,0.198420405387878,-0.00244984962046146
11.019903364,0.199417471885681,-0.00489968108013272
11.029902453,0.199417471885681,-0.00489968108013272
11.039908919,0.199417471885681,-0.00489968108013272
11.04990996,0.199417471885681,-0.00489968108013272
11.059466958,0.200414568185806,-0.00734953070059419
11.069911845,0.201411664485931,-0.00489968108013272
11.079907439,0.202408745884895,-0.00734953070059419
11.089906665,0.203405827283859,-0.00489969924092293
11.09990572,0.202408730983734,-0.00244984962046146
11.109912188,0.203405827283859,-0.00489969924092293
11.11991149,0.202408730983734,-0.00244984962046146
11.129909598,0.203405827283859,-0.00489969924092293
11.139467055,0.204402923583984,-0.00244984962046146
11.149911622,0.204402923583984,-0.00244984962046146
11.159911649,0.203405827283859,0
11.169912281,0.205400004982948,0
11.179911643,0.204402923583984,0.00244984962046146
11.189916964,0.203405827283859,0
11.199907893,0.204402923583984,0.00244984962046146
11.209913449,0.205400004982948,0
11.219467451,0.205400004982948,0
11.229919371,0.205400004982948,0
11.239911498,0.204402923583984,-0.00244984962046146
11.249893177,0.206397086381912,-0.00244984962046146
11.259906329,0.206397086381912,-0.00244984962046146
11.269910776,0.205400004982948,-0.00489969924092293
11.279866308,0.206397086381912,-0.00734954932704568
11.289900894,0.207394182682037,-0.00489969924092293
11.299468787,0.207394182682037,-0.00979939848184586
11.309902206,0.207394182682037,-0.00979939848184586
11.319907092,0.207394182682037,-0.00979939848184586
11.329894386,0.207394182682037,-0.00979939848184586
11.339915963,0.208391278982162,-0.00734954932704568
11.349917886,0.207394182682037,-0.00979939848184586
11.359922396,0.207394182682037,-0.00979939848184586
11.369902983,0.208391278982162,-0.00734954932704568
11.379470068,0.208391278982162,-0.00734954932704568
11.389903795,0.208391278982162,-0.00734954932704568
11.399908925,0.208391278982162,-0.00734954932704568
11.409896073,0.208391278982162,-0.00244984962046146
11.419909131,0.21038544178009,-0.00244984962046146
11.429919826,0.21038544178009,-0.00244984962046146
11.439910916,0.21038544178009,-0.00244984962046146
11.449901031,0.21038544178009,-0.00244984962046146
11.459470317,0.211382538080215,0
11.469901037,0.211382538080215,0
11.479911822,0.21038544178009,0.00244984962046146
11.489917367,0.211382538080215,0
11.499908032,0.211382538080215,0.00489968108013272
11.509908981,0.212379619479179,0.00244983145967126
11.519888746,0.21038544178009,0.00244984962046146
11.529901631,0.211382538080215,0.00489968108013272
11.539470021,0.21038544178009,0.00244984962046146
11.549902445,0.211382538080215,0.00489968108013272
11.559912454,0.211382538080215,0
11.56989897,0.21038544178009,0.00244984962046146
11.579909458,0.211382538080215,0
11.589904341,0.21038544178009,0.00244984962046146
11.599912708,0.21038544178009,-0.00244984962046146
11.609903466,0.208391278982162,-0.00244984962046146
11.619475783,0.209388360381126,0
11.629902889,0.208391278982162,-0.00244984962046146
11.63991051,0.208391278982162,-0.00244984962046146
11.64990307,0.208391278982162,-0.00244984962046146
11.659909407,0.209388360381126,0
11.669907407,0.208391278982162,-0.00244984962046146
11.679909392,0.207394182682037,0
11.689909588,0.208391278982162,-0.00244984962046146
11.699469355,0.207394182682037,0
11.709909515,0.208391278982162,-0.00244984962046146
11.719913098,0.208391278982162,-0.00244984962046146
11.729901921,0.208391278982162,-0.00244984962046146
11.7399112,0.21038544178009,-0.00244984962046146
11.749901078,0.208391278982162,-0.00244984962046146
11.759174456,0.207394182682037,0
11.769912636,0.208391278982162,-0.00244984962046146
11.779471539,0.209388360381126,0
11.789946866,0.208391278982162,-0.00244984962046146
11.799914399,0.209388360381126,0
11.8099055,0.208391278982162,0.00244984962046146
11.819912158,0.209388360381126,0
11.829909107,0.207394182682037,0.00489969924092293
11.839915343,0.206397086381912,0.00244984962046146
11.849904515,0.207394182682037,0.00489969924092293
11.859345806,0.206397086381912,0.00244984962046146
11.869854088,0.206397086381912,0.00244984962046146
11.879852073,0.204402923583984,0.00244984962046146
11.889854621,0.204402923583984,0.00244984962046146
11.899848184,0.204402923583984,0.00244984962046146
11.909852247,0.203405827283859,0.00489969924092293
11.91984942,0.202408730983734,0.00244984962046146
11.929854404,0.203405827283859,0
11.939422003,0.202408730983734,0.00244984962046146
11.949875354,0.20141164958477,0
11.959525475,0.202408730983734,-0.00244984962046146
11.969848313,0.20141164958477,0
11.979848756,0.202408730983734,-0.00244984962046146
11.989853945,0.202408730983734,-0.00244984962046146
11.999852414,0.201411664485931,-0.00489968108013272
12.009845141,0.202408745884895,-0.00734953070059419
12.019422474,0.202408745884895,-0.00734953070059419
12.029853021,0.202408745884895,-0.00734953070059419
12.039850166,0.202408745884895,-0.00734953070059419
12.049847525,0.203405827283859,-0.00979938078671694
12.059746167,0.202408745884895,-0.00734953070059419
12.069850677,0.202408745884895,-0.00734953070059419
12.079853868,0.203405827283859,-0.00979938078671694
12.089854221,0.202408745884895,-0.00734953070059419
12.099421327,0.202408745884895,-0.00734953070059419
12.109858861,0.202408745884895,-0.00734953070059419
12.119856511,0.201411664485931,-0.00489968108013272
12.129862065,0.202408730983734,-0.00244984962046146
12.139848854,0.20141164958477,0
12.149851859,0.200414568185806,0.00244983145967126
12.15984395,0.201411664485931,0.00489968108013272
12.169853933,0.200414568185806,0.00734953070059419
12.179423721,0.200414568185806,0.0122492304071784
12.189851766,0.200414568185806,0.0122492304071784
12.19984666,0.199417471885681,0.0146990800276399
12.209852805,0.200414568185806,0.0171489305794239
12.219849588,0.199417471885681,0.0195987801998854
12.229851878,0.198420390486717,0.0171489305794239
12.239854385,0.200414568185806,0.0171489305794239
12.249861336,0.199417471885681,0.0195987801998854
12.259425403,0.198420390486717,0.0171489305794239
12.269846692,0.199417471885681,0.0146990800276399
12.279845646,0.198420390486717,0.0171489305794239
12.289848436,0.197423309087753,0.0195987615734339
12.299848841,0.198420390486717,0.0171489305794239
12.309760045,0.198420390486717,0.0171489305794239
12.319847651,0.198420390486717,0.0171489305794239
12.329846979,0.198420390486717,0.0171489305794239
12.339424475,0.198420390486717,0.0171489305794239
12.349851634,0.199417471885681,0.0146990800276399
12.359851679,0.199417471885681,0.0146990800276399
12.369844183,0.199417471885681,0.0146990800276399
12.379852622,0.200414568185806,0.0122492304071784
12.389852603,0.201411664485931,0.00979938078671694
12.399850803,0.201411664485931,0.00979938078671694
12.409849265,0.200414568185806,0.00734953070059419
12.419424729,0.202408745884895,0.00734953070059419
12.42985434,0.202408745884895,0.00734953070059419
12.439848705,0.201411664485931,0.00489968108013272
12.449852491,0.202408730983734,0.00244984962046146
12.459854072,0.20141164958477,0
12.469850073,0.20141164958477,0
12.479849124,0.201411664485931,-0.00489968108013272
12.489853845,0.201411664485931,-0.00489968108013272
12.499428229,0.200414568185806,-0.00734953070059419
12.5098497,0.200414568185806,-0.00734953070059419
12.51984983,0.198420390486717,-0.0122492304071784
12.529854167,0.198420390486717,-0.0122492304071784
12.539855096,0.197423309087753,-0.0146990800276399
12.549852736,0.197423309087753,-0.0146990800276399
12.559853024,0.197423309087753,-0.0146990800276399
12.569844931,0.197423309087753,-0.0146990800276399
12.57942461,0.195429131388664,-0.0146990614011884
12.589858005,0.195429131388664,-0.0146990614011884
12.599852531,0.196426212787628,-0.0122492304071784
12.609845004,0.195429131388664,-0.0146990614011884
12.619848868,0.196426212787628,-0.0122492304071784
12.629850965,0.197423309087753,-0.0146990800276399
12.639848539,0.198420390486717,-0.0122492304071784
12.649843206,0.197423309087753,-0.00979938078671694
12.659427037,0.198420390486717,-0.00734953070059419
12.66985048,0.198420390486717,-0.00734953070059419
12.679853954,0.200414568185806,-0.00734953070059419
12.689846414,0.201411664485931,-0.00489968108013272
12.699859476,0.202408745884895,-0.00734953070059419
12.709852299,0.204402923583984,-0.00244984962046146
12.71984863,0.204402923583984,-0.00244984962046146
12.729845007,0.204402923583984,-0.00244984962046146
12.739429252,0.205400004982948,0
12.749849316,0.207394182682037,0
12.759850856,0.207394182682037,0
12.769844785,0.208391278982162,0.00244984962046146
12.779856701,0.208391278982162,0.00244984962046146
12.789852816,0.207394182682037,0
12.799855132,0.207394182682037,0.00489969924092293
12.809854695,0.206397086381912,0.00244984962046146
12.819429053,0.207394182682037,0
12.829849983,0.207394182682037,0.00489969924092293
12.839851645,0.206397086381912,0.00244984962046146
12.849851131,0.205400004982948,0
12.859849174,0.205400004982948,0
12.869845634,0.205400004982948,0
12.879855395,0.205400004982948,0
12.889852819,0.206397086381912,0.00244984962046146
12.899041119,0.206397086381912,-0.00244984962046146
12.909647625,0.207394182682037,-0.00489969924092293
12.919643376,0.207394182682037,0
12.929651191,0.207394182682037,-0.00489969924092293
12.939636644,0.208391278982162,-0.00244984962046146
12.949655137,0.208391278982162,-0.00244984962046146
12.959845271,0.209388360381126,0
12.969854627,0.209388360381126,-0.00489969924092293
12.979430107,0.208391278982162,-0.00244984962046146
12.989854489,0.208391278982162,-0.00244984962046146
12.999851935,0.208391278982162,0.00244984962046146
13.00985262,0.208391278982162,0.00244984962046146
13.01985153,0.207394182682037,0
13.029854244,0.206397086381912,0.00244984962046146
13.039848492,0.207394182682037,0
13.049855102,0.207394182682037,0.00489969924092293
13.059430603,0.206397086381912,0.00244984962046146
13.069853641,0.207394182682037,0.00489969924092293
13.079850979,0.207394182682037,0.00489969924092293
13.089846974,0.206397086381912,0.00244984962046146
13.099850564,0.207394182682037,0
13.109156199,0.207394182682037,0.00489969924092293
13.11985373,0.208391278982162,0.00244984962046146
13.129857525,0.209388360381126,0.00489969924092293
13.13943163,0.209388360381126,0.00489969924092293
13.149868883,0.208391278982162,0.00244984962046146
13.159867093,0.21038544178009,0.00244984962046146
13.169845224,0.209388360381126,0
13.179850311,0.21038544178009,0.00244984962046146
13.189850654,0.212379619479179,0.00244983145967126
13.199848513,0.21038544178009,0.00244984962046146
13.209852583,0.211382538080215,0
13.219436037,0.211382538080215,0.00489968108013272
13.229130194,0.212379619479179,0.00244983145967126
13.239848426,0.21038544178009,0.00244984962046146
13.24984446,0.212379619479179,0.00244983145967126
13.259852883,0.211382538080215,0.00489968108013272
13.269852791,0.211382538080215,0.00979938078671694
13.279134263,0.212379619479179,0.00734953070059419
13.289129547,0.212379619479179,0.00734953070059419
13.29943139,0.212379619479179,0.00734953070059419
13.309852816,0.212379619479179,0.00734953070059419
13.319845887,0.211382538080215,0.00489968108013272
13.329133673,0.211382538080215,0.00489968108013272
13.339848716,0.212379619479179,0.00734953070059419
13.349738986,0.211382538080215,0.00489968108013272
13.359853067,0.21038544178009,0.00244984962046146
13.369854569,0.211382538080215,0
13.379434756,0.209388360381126,0
13.389162458,0.207394182682037,0
13.399927532,0.209388360381126,0
13.409173496,0.207394182682037,0
13.419918322,0.207394182682037,0
13.429910823,0.205400004982948,0
13.43990387,0.204402923583984,-0.00244984962046146
13.44991151,0.203405827283859,0
13.459152011,0.203405827283859,0
13.469909091,0.20141164958477,0
13.479895161,0.20141164958477,0
13.489899693,0.20141164958477,0
13.499140165,0.199417486786842,0
13.50916788,0.200414568185806,0.00244983145967126
13.519908906,0.200414568185806,0.00244983145967126
13.529142,0.200414568185806,0.00244983145967126
13.539487297,0.200414568185806,0.00244983145967126
13.54916428,0.202408730983734,0.00244984962046146
13.559142671,0.202408730983734,0.00244984962046146
13.569893133,0.202408730983734,0.00244984962046146
13.579140609,0.202408730983734,0.00244984962046146
13.589717175,0.202408730983734,0.00244984962046146
13.599156521,0.203405827283859,0.00489969924092293
13.609147033,0.202408730983734,0.00244984962046146
13.619154914,0.203405827283859,0
13.629114087,0.204402923583984,0.00244984962046146
13.639913672,0.204402923583984,0.00244984962046146
13.649134513,0.202408730983734,0.00244984962046146
13.659914964,0.202408730983734,0.00244984962046146
13.669150607,0.204402923583984,0.00244984962046146
13.679157336,0.203405827283859,0.00489969924092293
13.689144854,0.204402923583984,0.00244984962046146
13.699164295,0.203405827283859,0
13.709145556,0.205400004982948,0
13.719146847,0.204402923583984,0.00244984962046146
13.729166379,0.203405827283859,0
13.739911935,0.203405827283859,0
13.749142807,0.204402923583984,0.00244984962046146
13.759140425,0.205400004982948,0
13.769142028,0.203405827283859,0
13.77948839,0.205400004982948,0
13.789901784,0.204402923583984,0.00244984962046146
13.799142273,0.205400004982948,0
13.809154193,0.204402923583984,0.00244984962046146
13.818967125,0.204402923583984,0.00244984962046146
13.829119618,0.205400004982948,0
13.83912852,0.205400004982948,0
13.849910123,0.205400004982948,0
13.859140242,0.205400004982948,0
13.869115297,0.205400004982948,0
13.879124092,0.204402923583984,-0.00244984962046146
13.889116042,0.205400004982948,-0.00489969924092293
13.899123646,0.204402923583984,-0.00244984962046146
13.909130959,0.203405827283859,-0.00489969924092293
13.919123864,0.203405827283859,-0.00489969924092293
13.929126907,0.203405827283859,-0.00489969924092293
13.939112367,0.203405827283859,-0.00489969924092293
13.949123142,0.202408745884895,-0.00734953070059419
13.959124311,0.201411664485931,-0.00489968108013272
13.969165548,0.201411664485931,-0.00489968108013272
13.979124838,0.201411664485931,-0.00489968108013272
13.989128198,0.200414568185806,-0.00244983145967126
13.999119003,0.20141164958477,0
14.00911878,0.20141164958477,0
14.019112853,0.20141164958477,0
14.029121366,0.199417471885681,0.00489968108013272
14.039124191,0.200414568185806,0.00734953070059419
14.049114927,0.200414568185806,0.00734953070059419
14.05912376,0.200414568185806,0.00734953070059419
14.069123297,0.201411664485931,0.00979938078671694
14.079125948,0.201411664485931,0.00979938078671694
14.08911661,0.201411664485931,0.00979938078671694
14.099120689,0.200414568185806,0.00734953070059419
14.109119569,0.201411664485931,0.00979938078671694
14.11912681,0.201411664485931,0.00979938078671694
14.129104824,0.202408745884895,0.00734953070059419
14.139127107,0.202408730983734,0.00244984962046146
14.149005878,0.202408730983734,0.00244984962046146
14.159125218,0.201411664485931,0.00489968108013272
14.169097272,0.200414568185806,0.00244983145967126
14.179119029,0.200414568185806,0.00244983145967126
14.189109032,0.200414568185806,0.00244983145967126
14.19907317,0.202408730983734,0.00244984962046146
14.209095008,0.20141164958477,0
14.219072576,0.20141164958477,0
14.229105973,0.202408730983734,-0.00244984962046146
14.239105789,0.20141164958477,0
14.249066908,0.20141164958477,0
14.2591049,0.202408730983734,-0.00244984962046146
14.269079328,0.204402923583984,-0.00244984962046146
14.27908573,0.204402923583984,-0.00244984962046146
14.289095355,0.206397086381912,-0.00244984962046146
14.299074515,0.205400004982948,-0.00489969924092293
14.309115544,0.205400004982948,-0.00489969924092293
14.319105404,0.207394182682037,-0.00489969924092293
14.329070077,0.206397086381912,-0.00244984962046146
14.339073753,0.208391278982162,-0.00244984962046146
14.349029621,0.209388360381126,-0.00489969924092293
14.359101822,0.211382538080215,-0.00489968108013272
14.369111332,0.21038544178009,-0.00734953070059419
14.37906567,0.211382538080215,-0.00489968108013272
14.389107396,0.21038544178009,-0.00734953070059419
14.399062374,0.209388360381126,-0.00489969924092293
14.409100821,0.211382538080215,-0.00489968108013272
14.419100994,0.21038544178009,-0.00734953070059419
14.42906496,0.211382538080215,-0.00489968108013272
14.43911187,0.21038544178009,-0.00734953070059419
14.449048546,0.21038544178009,-0.00244984962046146
14.459035587,0.208391278982162,-0.00244984962046146
14.469049455,0.208391278982162,-0.00244984962046146
14.479040145,0.209388360381126,-0.00489969924092293
14.489096527,0.208391278982162,-0.00244984962046146
14.499102199,0.21038544178009,-0.00244984962046146
14.509040872,0.208391278982162,-0.00244984962046146
14.519028007,0.209388360381126,0
14.529010606,0.208391278982162,-0.00244984962046146
14.539048321,0.208391278982162,0.00244984962046146
14.549051115,0.208391278982162,-0.00244984962046146
14.559043153,0.21038544178009,-0.00244984962046146
14.56905382,0.209388360381126,0
14.579028752,0.208391278982162,0.00244984962046146
14.589051543,0.208391278982162,0.00244984962046146
14.599012635,0.208391278982162,0.00244984962046146
14.609024332,0.208391278982162,0.00244984962046146
14.619024533,0.207394182682037,0
14.629053264,0.208391278982162,0.00244984962046146
14.639042912,0.207394182682037,0
14.649034473,0.207394182682037,0
14.659056413,0.206397086381912,0.00244984962046146
14.668976247,0.207394182682037,0
14.679047539,0.206397086381912,-0.00244984962046146
14.689029288,0.207394182682037,0
14.699028777,0.206397086381912,-0.00244984962046146
14.708996221,0.206397086381912,-0.00244984962046146
14.719045114,0.206397086381912,0.00244984962046146
14.729015473,0.206397086381912,-0.00244984962046146
14.739019308,0.207394182682037,0
14.749045687,0.206397086381912,0.00244984962046146
14.75902216,0.206397086381912,-0.00244984962046146
14.769049255,0.205400004982948,0
14.779021921,0.207394182682037,0
14.788985355,0.206397086381912,-0.00244984962046146
14.79901978,0.206397086381912,0.00244984962046146
14.809035871,0.207394182682037,0
14.819046029,0.206397086381912,-0.00244984962046146
14.82902661,0.205400004982948,0
14.838983211,0.204402923583984,-0.00244984962046146
14.849016772,0.206397086381912,-0.00244984962046146
14.85899892,0.205400004982948,0
14.868988475,0.205400004982948,0
14.879004813,0.203405827283859,0
14.889027061,0.203405827283859,0
14.898981794,0.202408730983734,-0.00244984962046146
14.908976419,0.202408730983734,-0.00244984962046146
14.918973272,0.202408730983734,-0.00244984962046146
14.928978662,0.202408730983734,-0.00244984962046146
14.938971183,0.202408730983734,-0.00244984962046146
14.948983184,0.199417471885681,-0.00489968108013272
14.958972687,0.199417471885681,-0.00489968108013272
14.96896849,0.199417471885681,-0.00489968108013272
14.978969226,0.198420390486717,-0.00734953070059419
14.988975249,0.198420390486717,-0.00734953070059419
14.998987418,0.198420390486717,-0.00734953070059419
15.008977401,0.198420390486717,-0.00734953070059419
15.018977001,0.197423309087753,-0.00489969924092293
15.028984293,0.197423309087753,-0.00489969924092293
15.039001063,0.197423309087753,-0.00489969924092293
15.048985214,0.198420405387878,-0.00244984962046146
15.058988821,0.198420405387878,-0.00244984962046146
15.068965894,0.198420405387878,-0.00244984962046146
15.079002826,0.199417486786842,0
15.088972524,0.199417486786842,0
15.098988064,0.199417486786842,0
15.108967832,0.198420405387878,0.00244984962046146
15.118987514,0.199417486786842,0
15.128988636,0.199417471885681,0.00489968108013272
15.138976959,0.199417471885681,0.00489968108013272
15.148911799,0.199417471885681,0.00489968108013272
15.158975649,0.200414568185806,0.00734953070059419
15.168923506,0.200414568185806,0.00734953070059419
15.178952964,0.200414568185806,0.00734953070059419
15.188919042,0.200414568185806,0.00734953070059419
15.198921238,0.200414568185806,0.00734953070059419
15.208923799,0.200414568185806,0.00734953070059419
15.218910976,0.200414568185806,0.00734953070059419
15.228910695,0.200414568185806,0.00244983145967126
15.238949371,0.200414568185806,0.00244983145967126
15.248976226,0.200414568185806,0.00244983145967126
15.258915431,0.199417486786842,0
15.268926701,0.199417486786842,0
15.27892098,0.199417486786842,0
15.288910648,0.199417486786842,0
15.29893185,0.199417486786842,0
15.308896851,0.199417486786842,0
15.31893913,0.199417486786842,0
15.328903836,0.199417486786842,0
15.338933264,0.199417486786842,0
15.348937237,0.199417486786842,0
15.358903536,0.199417486786842,0
15.368916412,0.199417486786842,0
15.378908728,0.199417486786842,0
15.388917112,0.198420405387878,0.00244984962046146
15.398924977,0.199417471885681,0.00489968108013272
15.408906211,0.199417471885681,0.00489968108013272
15.418912511,0.199417471885681,0.00489968108013272
15.428908841,0.200414568185806,0.00734953070059419
15.438904795,0.200414568185806,0.00734953070059419
15.448916451,0.200414568185806,0.00734953070059419
15.458910553,0.201411664485931,0.00979938078671694
15.468937047,0.201411664485931,0.00979938078671694
15.478913431,0.201411664485931,0.00979938078671694
15.488903795,0.203405827283859,0.00979938078671694
15.498915216,0.203405827283859,0.00489969924092293
15.508914358,0.204402923583984,0.00734954932704568
15.518907954,0.204402923583984,0.00734954932704568
15.528908366,0.204402923583984,0.00734954932704568
15.538911213,0.204402923583984,0.00734954932704568
15.548910685,0.206397086381912,0.00734954932704568
15.558909158,0.205400004982948,0.00489969924092293
15.568907062,0.205400004982948,0.00489969924092293
15.578928121,0.207394182682037,0.00489969924092293
15.588909257,0.206397086381912,0.00244984962046146
15.59891066,0.206397086381912,0.00244984962046146
15.608930441,0.206397086381912,0.00244984962046146
15.618912277,0.206397086381912,0.00244984962046146
15.628917909,0.205400004982948,0
15.638928568,0.205400004982948,0
15.648926458,0.205400004982948,0
15.65892949,0.205400004982948,0
15.668948667,0.207394182682037,0
15.678909269,0.206397086381912,0.00244984962046146
15.688907249,0.207394182682037,0
15.698902653,0.206397086381912,0.00244984962046146
15.70893039,0.206397086381912,0.00244984962046146
15.718931014,0.208391278982162,-0.00244984962046146
15.728907652,0.208391278982162,-0.00244984962046146
15.738913041,0.209388360381126,0
15.748913827,0.208391278982162,0.00244984962046146
15.75890171,0.209388360381126,0
15.768895103,0.207394182682037,0
15.778907387,0.206397086381912,-0.00244984962046146
15.788903176,0.207394182682037,0
15.798910498,0.208391278982162,0.00244984962046146
15.80890968,0.208391278982162,-0.00244984962046146
15.818902849,0.206397086381912,0.00244984962046146
15.828908214,0.208391278982162,0.00244984962046146
15.83891743,0.207394182682037,0
15.848924836,0.206397086381912,-0.00244984962046146
15.858902821,0.206397086381912,-0.00244984962046146
15.868917263,0.207394182682037,0
15.878916077,0.207394182682037,0
15.888910246,0.206397086381912,-0.00244984962046146
15.898921734,0.205400004982948,-0.00489969924092293
15.908921558,0.204402923583984,-0.00244984962046146
15.918966158,0.205400004982948,-0.00489969924092293
15.928920751,0.203405827283859,-0.00489969924092293
15.938905276,0.203405827283859,-0.00489969924092293
15.948916988,0.204402923583984,-0.00734954932704568
15.958871167,0.204402923583984,-0.00734954932704568
15.968864099,0.203405827283859,-0.00979938078671694
15.978864016,0.203405827283859,-0.00979938078671694
15.988852695,0.203405827283859,-0.00979938078671694
15.99885557,0.204402923583984,-0.0122492304071784
16.00887192,0.204402923583984,-0.0122492304071784
16.018855171,0.204402923583984,-0.0122492304071784
16.028866833,0.205400019884109,-0.0146990800276399
16.038869998,0.204402923583984,-0.0171489305794239
16.048854629,0.204402923583984,-0.0171489305794239
16.058867776,0.204402923583984,-0.0171489305794239
16.068848278,0.206397086381912,-0.0171489119529724
16.078881986,0.207394182682037,-0.0195987615734339
16.088867882,0.206397086381912,-0.0171489119529724
16.098852179,0.206397086381912,-0.0171489119529724
16.108868825,0.207394182682037,-0.0195987615734339
16.118867527,0.206397086381912,-0.0171489119529724
16.128854469,0.206397086381912,-0.0122492490336299
16.138856435,0.207394182682037,-0.00979939848184586
16.148855439,0.206397086381912,-0.00734954932704568
16.158884134,0.206397086381912,-0.00244984962046146
16.168859389,0.205400004982948,0
16.178799613,0.204402923583984,0.00244984962046146
16.188854397,0.205400004982948,0.00489969924092293
16.198883588,0.204402923583984,0.00734954932704568
16.208866587,0.203405827283859,0.0146990800276399
16.21885052,0.203405827283859,0.0146990800276399
16.228904504,0.203405827283859,0.0146990800276399
16.238853794,0.204402923583984,0.0171489305794239
16.248874694,0.204402923583984,0.0171489305794239
16.258867685,0.204402923583984,0.0171489305794239
16.268854663,0.203405827283859,0.0146990800276399
16.278864549,0.204402923583984,0.0171489305794239
16.288858222,0.204402923583984,0.0171489305794239
16.298886009,0.206397086381912,0.0171489119529724
16.308859417,0.207394182682037,0.0146990800276399
16.318852407,0.208391264081001,0.0171489305794239
16.328869918,0.208391264081001,0.0171489305794239
16.338864464,0.209388345479965,0.0146990800276399
16.348870543,0.211382538080215,0.0195987801998854
16.358885364,0.212379619479179,0.0171489305794239
16.368867921,0.213376700878143,0.0195987801998854
16.378852587,0.213376700878143,0.0195987801998854
16.388853615,0.215370893478394,0.0146990800276399
16.398872401,0.214373797178268,0.0171489305794239
16.408857646,0.213376700878143,0.0146990800276399
16.4188502,0.214373797178268,0.0122492304071784
16.428875124,0.213376700878143,0.00979938078671694
16.438869584,0.212379619479179,0.0122492304071784
16.448882887,0.21038544178009,0.00244984962046146
16.458867498,0.208391278982162,0.00244984962046146
16.468845852,0.208391278982162,-0.00244984962046146
16.478902993,0.206397086381912,-0.00734954932704568
16.488896728,0.203405827283859,-0.00489969924092293
16.49891299,0.202408745884895,-0.00734953070059419
16.50890054,0.201411664485931,-0.00979938078671694
16.518905429,0.199417471885681,-0.00979938078671694
16.528899414,0.199417471885681,-0.00979938078671694
16.538901926,0.198420390486717,-0.0122492304071784
16.548911125,0.197423309087753,-0.00979938078671694
16.558907886,0.197423309087753,-0.00979938078671694
16.568886656,0.196426212787628,-0.00734954932704568
16.57891049,0.197423309087753,-0.00489969924092293
16.588906557,0.198420390486717,-0.00734953070059419
16.598939061,0.198420390486717,-0.00734953070059419
16.608908308,0.199417471885681,-0.00489968108013272
16.618913793,0.201411664485931,-0.00489968108013272
16.628928014,0.201411664485931,-0.00489968108013272
16.638900893,0.201411664485931,-0.00489968108013272
16.648939976,0.203405827283859,-0.00489969924092293
16.658913027,0.204402923583984,-0.00244984962046146
16.668821884,0.205400004982948,-0.00489969924092293
16.678906504,0.206397086381912,-0.00244984962046146
16.688919791,0.206397086381912,-0.00244984962046146
16.69891292,0.207394182682037,0
16.708906016,0.207394182682037,0
16.718914189,0.206397086381912,-0.00244984962046146
16.728907438,0.207394182682037,0
16.738907616,0.207394182682037,0
16.748934193,0.208391278982162,0.00244984962046146
16.758932809,0.207394182682037,0
16.768829436,0.206397086381912,0.00244984962046146
16.778904018,0.205400004982948,0
16.788908332,0.204402923583984,0.00244984962046146
16.798919808,0.203405827283859,0
16.80890316,0.205400004982948,0
16.818910364,0.204402923583984,0.00244984962046146
16.828906479,0.203405827283859,0
16.838912994,0.203405827283859,0
16.848909424,0.202408730983734,0.00244984962046146
16.85890989,0.203405827283859,0
16.868916628,0.203405827283859,0
16.87890886,0.204402923583984,0.00244984962046146
16.888890543,0.205400004982948,0
16.898923457,0.205400004982948,0
16.908915,0.204402923583984,0.00244984962046146
16.918911745,0.205400004982948,0
16.928909211,0.205400004982948,0
16.938901459,0.206397086381912,0.00244984962046146
16.948915193,0.205400004982948,0
16.958914957,0.205400004982948,0
16.968907054,0.206397086381912,0.00244984962046146
16.978906144,0.205400004982948,0
16.988906906,0.204402923583984,0.00244984962046146
16.998904927,0.204402923583984,0.00244984962046146
17.008919091,0.203405827283859,0
17.018893003,0.202408730983734,0.00244984962046146
17.028905677,0.203405827283859,0.00489969924092293
17.03890534,0.203405827283859,0
17.048909082,0.20141164958477,0
17.058910608,0.20141164958477,0
17.068904125,0.20141164958477,0
17.078913357,0.200414568185806,-0.00244983145967126
17.088909289,0.200414568185806,-0.00244983145967126
17.098930136,0.200414568185806,-0.00244983145967126
17.108910632,0.201411664485931,-0.00489968108013272
17.118907837,0.201411664485931,-0.00489968108013272
17.128913586,0.200414568185806,-0.00734953070059419
17.138903231,0.199417471885681,-0.00489968108013272
17.148908527,0.202408745884895,-0.00734953070059419
17.158907735,0.201411664485931,-0.00489968108013272
17.168906501,0.202408745884895,-0.00734953070059419
17.178909459,0.203405827283859,-0.00489969924092293
17.188911149,0.204402923583984,-0.00734954932704568
17.198911143,0.204402923583984,-0.00734954932704568
17.208904266,0.204402923583984,-0.00244984962046146
17.218906986,0.205400004982948,-0.00489969924092293
17.228905233,0.205400004982948,-0.00489969924092293
17.238895579,0.205400004982948,-0.00489969924092293
17.248906543,0.206397086381912,-0.00244984962046146
17.258913842,0.207394182682037,-0.00489969924092293
17.268913043,0.205400004982948,-0.00489969924092293
17.278911512,0.205400004982948,-0.00489969924092293
17.288910517,0.205400004982948,-0.00489969924092293
17.29891316,0.206397086381912,-0.00734954932704568
17.308911227,0.205400004982948,-0.00979939848184586
17.318895675,0.205400004982948,-0.00979939848184586
17.328914727,0.205400004982948,-0.00979939848184586
17.338905024,0.207394182682037,-0.00979939848184586
17.348915017,0.205400004982948,-0.00979939848184586
17.358911239,0.204402923583984,-0.0122492304071784
17.368901118,0.205400004982948,-0.00979939848184586
17.37890609,0.205400004982948,-0.00979939848184586
17.388897945,0.205400004982948,-0.00979939848184586
17.398904679,0.205400004982948,-0.00979939848184586
17.408904029,0.205400004982948,-0.00979939848184586
17.418909564,0.204402923583984,-0.00734954932704568
17.428907677,0.203405827283859,-0.00979938078671694
17.438901811,0.202408745884895,-0.0122492304071784
17.448907373,0.202408745884895,-0.0122492304071784
17.458912331,0.203405827283859,-0.00489969924092293
17.468903322,0.203405827283859,-0.00979938078671694
17.478897556,0.203405827283859,-0.00979938078671694
17.488914078,0.202408745884895,-0.00734953070059419
17.498908463,0.201411664485931,-0.00489968108013272
17.508905972,0.201411664485931,-0.00489968108013272
17.518906149,0.202408730983734,-0.00244984962046146
17.52890178,0.204402923583984,-0.00244984962046146
17.538896782,0.203405827283859,0
17.548908967,0.203405827283859,0
17.558913024,0.204402923583984,-0.00244984962046146
17.568904322,0.203405827283859,0
17.578913348,0.204402923583984,-0.00244984962046146
17.588908826,0.204402923583984,-0.00244984962046146
17.598909665,0.205400004982948,0
17.608905717,0.206397086381912,-0.00244984962046146
17.618908569,0.205400004982948,-0.00489969924092293
17.628909248,0.206397086381912,-0.00244984962046146
17.638909625,0.206397086381912,-0.00244984962046146
17.648907807,0.207394182682037,0
17.658932156,0.206397086381912,-0.00244984962046146
17.668918612,0.207394182682037,0
17.678906527,0.207394182682037,0
17.688895325,0.208391278982162,0.00244984962046146
17.698913156,0.209388360381126,0
17.708909261,0.21038544178009,0.00244984962046146
17.718900221,0.211382538080215,0.00489968108013272
17.728912337,0.21038544178009,0.00244984962046146
17.73890196,0.212379619479179,0.00244983145967126
17.748902501,0.213376700878143,0
17.758921266,0.213376700878143,0.00489968108013272
17.768933013,0.214373797178268,0.00244984962046146
17.77895017,0.215370878577232,0.00489969924092293
17.788944992,0.215370878577232,0.00489969924092293
17.798929974,0.215370878577232,0.00489969924092293
17.808892884,0.215370878577232,0.00489969924092293
17.818903234,0.215370878577232,0
17.828908872,0.216367959976196,0.00244984962046146
17.838908835,0.215370878577232,0
17.84890982,0.214373797178268,0.00244984962046146
17.85891081,0.214373797178268,-0.00244984962046146
17.868916872,0.213376700878143,-0.00489968108013272
17.878916125,0.211382538080215,-0.00489968108013272
17.888906665,0.211382538080215,-0.00979938078671694
17.898913306,0.211382538080215,-0.00979938078671694
17.908900486,0.209388345479965,-0.00979938078671694
17.918907594,0.21038544178009,-0.00734953070059419
17.928904866,0.208391278982162,-0.00734954932704568
17.93890549,0.207394182682037,-0.00489969924092293
17.948903766,0.206397086381912,-0.00734954932704568
17.958908461,0.205400004982948,-0.00489969924092293
17.96890874,0.204402923583984,-0.00244984962046146
17.97890181,0.204402923583984,-0.00244984962046146
17.98889489,0.204402923583984,0.00244984962046146
17.998904261,0.202408730983734,0.00244984962046146
18.008904632,0.202408730983734,0.00244984962046146
18.018899905,0.200414568185806,0.00244983145967126
18.028904049,0.201411664485931,0.00489968108013272
18.038905711,0.201411664485931,0.00489968108013272
18.048908799,0.201411664485931,0.00489968108013272
18.058904164,0.201411664485931,0.00489968108013272
18.068898587,0.201411664485931,0.00489968108013272
18.07891021,0.201411664485931,0.00489968108013272
18.08889343,0.200414568185806,0.00244983145967126
18.098905726,0.201411664485931,0.00489968108013272
18.108894836,0.201411664485931,0.00489968108013272
18.118905746,0.201411664485931,0.00489968108013272
18.128919932,0.200414568185806,0.00244983145967126
18.138906812,0.201411664485931,0.00489968108013272
18.148912913,0.200414568185806,0.00244983145967126
18.158904803,0.199417471885681,0.00489968108013272
18.168908284,0.199417471885681,0.00489968108013272
18.178902291,0.200414568185806,0.00244983145967126
18.188909282,0.200414568185806,0.00244983145967126
18.198904575,0.199417486786842,0
18.208894468,0.199417486786842,0
18.218902304,0.199417486786842,0
18.228908974,0.199417486786842,0
18.238904511,0.198420405387878,-0.00244984962046146
18.248904241,0.200414568185806,-0.00244983145967126
18.25891732,0.201411664485931,-0.00489968108013272
18.268913278,0.201411664485931,-0.00489968108013272
18.278910179,0.200414568185806,-0.00244983145967126
18.288913942,0.201411664485931,-0.00489968108013272
18.298902288,0.201411664485931,-0.00489968108013272
18.308927804,0.201411664485931,-0.00489968108013272
18.318908303,0.201411664485931,-0.00489968108013272
18.328908996,0.202408745884895,-0.00734953070059419
18.338899137,0.202408745884895,-0.00734953070059419
18.348914166,0.202408745884895,-0.00734953070059419
18.358906277,0.202408745884895,-0.00734953070059419
18.368915346,0.202408745884895,-0.00734953070059419
18.378907791,0.203405827283859,-0.00979938078671694
18.388911653,0.202408745884895,-0.00734953070059419
18.39890755,0.203405827283859,-0.00979938078671694
18.408914409,0.203405827283859,-0.00979938078671694
18.418905241,0.203405827283859,-0.00979938078671694
18.428917815,0.202408745884895,-0.00734953070059419
18.438908497,0.202408745884895,-0.00734953070059419
18.448906382,0.201411664485931,-0.00489968108013272
18.458910491,0.201411664485931,-0.00489968108013272
18.468912342,0.201411664485931,-0.00489968108013272
18.478905161,0.201411664485931,-0.00489968108013272
18.488912483,0.201411664485931,-0.00489968108013272
18.498906214,0.200414568185806,-0.00244983145967126
18.508911026,0.199417486786842,0
18.518852976,0.199417486786842,0
18.528854388,0.199417486786842,0
18.53885539,0.200414568185806,-0.00244983145967126
18.548851636,0.200414568185806,-0.00244983145967126
18.558853418,0.200414568185806,-0.00244983145967126
18.568855302,0.200414568185806,0.00244983145967126
18.578856885,0.199417471885681,0.00489968108013272
18.588854883,0.199417471885681,0.00489968108013272
18.598862633,0.199417471885681,0.00489968108013272
18.608853748,0.20141164958477,0
18.618854291,0.20141164958477,0
18.628854196,0.202408730983734,0.00244984962046146
18.638855763,0.201411664485931,0.00489968108013272
18.648853832,0.201411664485931,0.00489968108013272
18.658853427,0.201411664485931,0.00489968108013272
18.66885509,0.202408730983734,0.00244984962046146
18.678849263,0.202408730983734,0.00244984962046146
18.688860908,0.202408730983734,0.00244984962046146
18.698861316,0.203405827283859,0.00489969924092293
18.708850236,0.202408745884895,0.00734953070059419
18.718850845,0.202408745884895,0.00734953070059419
18.728860218,0.202408745884895,0.00734953070059419
18.738853288,0.203405827283859,0.00489969924092293
18.748855243,0.203405827283859,0.00489969924092293
18.75885102,0.204402923583984,0.00734954932704568
18.768659777,0.203405827283859,0.00489969924092293
18.778854857,0.204402923583984,0.00734954932704568
18.788854514,0.204402923583984,0.00734954932704568
18.798857378,0.204402923583984,0.00734954932704568
18.808859801,0.204402923583984,0.00734954932704568
18.818854406,0.205400004982948,0.00489969924092293
18.828876225,0.205400004982948,0.00489969924092293
18.838854027,0.204402923583984,0.00734954932704568
18.848849849,0.204402923583984,0.00734954932704568
18.858856047,0.204402923583984,0.00734954932704568
18.868756213,0.204402923583984,0.00734954932704568
18.878855993,0.204402923583984,0.00734954932704568
18.888853316,0.204402923583984,0.00734954932704568
18.898853316,0.205400004982948,0.00489969924092293
18.908854238,0.205400004982948,0.00489969924092293
18.91885198,0.204402923583984,0.00734954932704568
18.928852052,0.205400004982948,0.00489969924092293
18.938856529,0.205400004982948,0.00489969924092293
18.948852705,0.205400004982948,0.00489969924092293
18.958858884,0.204402923583984,0.00244984962046146
18.968852295,0.205400004982948,0
18.978855608,0.204402923583984,-0.00244984962046146
18.988856265,0.205400004982948,0
18.998851666,0.204402923583984,-0.00244984962046146
19.008846927,0.204402923583984,-0.00244984962046146
19.018852875,0.205400004982948,-0.00489969924092293
19.028863984,0.203405827283859,-0.00489969924092293
19.038854335,0.204402923583984,-0.00244984962046146
19.048852587,0.205400004982948,-0.00489969924092293
19.05885321,0.205400004982948,-0.00489969924092293
19.06885696,0.204402923583984,-0.00244984962046146
19.078853511,0.205400004982948,-0.00489969924092293
19.088851148,0.205400004982948,-0.00489969924092293
19.098852827,0.204402923583984,-0.00244984962046146
19.10885279,0.204402923583984,-0.00244984962046146
19.118857062,0.204402923583984,0.00244984962046146
19.128850968,0.204402923583984,0.00244984962046146
19.13885359,0.203405827283859,0
19.148855031,0.203405827283859,0.00489969924092293
19.158853666,0.203405827283859,0.00489969924092293
19.168856362,0.203405827283859,0.00489969924092293
19.178878641,0.203405827283859,0.00979938078671694
19.188852839,0.202408745884895,0.00734953070059419
19.198852821,0.203405827283859,0.00489969924092293
19.208856035,0.204402923583984,0.00734954932704568
19.218858891,0.203405827283859,0.00489969924092293
19.228856351,0.204402923583984,0.00244984962046146
19.238850912,0.205400004982948,0.00489969924092293
19.248857417,0.204402923583984,0.00244984962046146
19.258852721,0.206397086381912,0.00244984962046146
19.26885112,0.206397086381912,0.00244984962046146
19.278866678,0.207394182682037,0
19.288845003,0.208391278982162,-0.00244984962046146
19.298864983,0.208391278982162,0.00244984962046146
19.308852187,0.208391278982162,-0.00244984962046146
19.318854203,0.209388360381126,0
19.328857531,0.208391278982162,0.00244984962046146
19.33885514,0.208391278982162,-0.00244984962046146
19.348878267,0.21038544178009,-0.00244984962046146
19.358853564,0.208391278982162,-0.00244984962046146
19.368854155,0.21038544178009,-0.00244984962046146
19.378852301,0.209388360381126,0
19.388853944,0.208391278982162,0.00244984962046146
19.398852516,0.209388360381126,0
19.408852371,0.208391278982162,0.00244984962046146
19.418852646,0.209388360381126,0
19.428852665,0.21038544178009,0.00244984962046146
19.438850852,0.21038544178009,0.00244984962046146
19.448857046,0.209388360381126,0.00489969924092293
19.458852609,0.21038544178009,0.00734953070059419
19.468856696,0.21038544178009,0.00734953070059419
19.478853383,0.209388360381126,0.00489969924092293
19.488858732,0.211382538080215,0.00489968108013272
19.498852823,0.211382538080215,0.00489968108013272
19.508855272,0.212379619479179,0.00734953070059419
19.51884865,0.21038544178009,0.00734953070059419
19.528852044,0.211382538080215,0.00489968108013272
19.538853213,0.21038544178009,0.00734953070059419
19.548854944,0.21038544178009,0.00734953070059419
19.558854416,0.21038544178009,0.00244984962046146
19.56885213,0.209388360381126,0.00489969924092293
19.578856733,0.209388360381126,0.00489969924092293
19.588854097,0.208391278982162,0.00244984962046146
19.598856501,0.206397086381912,0.00244984962046146
19.60885274,0.206397086381912,0.00244984962046146
19.618846033,0.206397086381912,0.00244984962046146
19.628852094,0.204402923583984,0.00244984962046146
19.638848112,0.205400004982948,0
19.648858781,0.204402923583984,-0.00244984962046146
19.658848875,0.204402923583984,0.00244984962046146
19.668851542,0.203405827283859,0
19.678850845,0.204402923583984,-0.00244984962046146
19.688851859,0.203405827283859,0
19.698846357,0.204402923583984,0.00244984962046146
19.708854739,0.204402923583984,-0.00244984962046146
19.718846653,0.205400004982948,0
19.72885109,0.206397086381912,-0.00244984962046146
19.738846672,0.206397086381912,0.00244984962046146
19.748852114,0.207394182682037,0
19.758848914,0.207394182682037,0
19.76885319,0.208391278982162,-0.00244984962046146
19.778848385,0.208391278982162,0.00244984962046146
19.788849401,0.209388360381126,0.00489969924092293
19.798848558,0.209388360381126,0
19.808864981,0.209388360381126,0.00489969924092293
19.818868857,0.209388360381126,0
19.828855049,0.209388360381126,0.00489969924092293
19.838850399,0.208391278982162,0.00244984962046146
19.848859219,0.209388360381126,0.00489969924092293
19.858844386,0.208391278982162,0.00244984962046146
19.868872941,0.207394182682037,0.00489969924092293
19.878854288,0.206397086381912,-0.00244984962046146
19.888844892,0.205400004982948,-0.00489969924092293
19.89885211,0.204402923583984,-0.00244984962046146
19.908846146,0.203405827283859,-0.00489969924092293
19.918857614,0.202408745884895,-0.00734953070059419
19.928854889,0.201411664485931,-0.00979938078671694
19.93885487,0.201411664485931,-0.00979938078671694
19.948875146,0.199417471885681,-0.0146990800276399
19.958850512,0.198420390486717,-0.0171489305794239
19.968851517,0.198420390486717,-0.0171489305794239
19.978858976,0.198420390486717,-0.0171489305794239
19.98884705,0.198420390486717,-0.0171489305794239
19.998851599,0.198420405387878,-0.0220486111938953
20.008846486,0.198420405387878,-0.0220486111938953
20.018850735,0.197423309087753,-0.0195987615734339
20.028852302,0.198420405387878,-0.0220486111938953
20.038854282,0.197423309087753,-0.0244984608143568
20.04885375,0.198420405387878,-0.0220486111938953
20.058858854,0.199417471885681,-0.0195987801998854
20.068852176,0.199417471885681,-0.0195987801998854
20.078856456,0.199417471885681,-0.0195987801998854
20.088853147,0.199417471885681,-0.0195987801998854
20.098851183,0.199417471885681,-0.0146990800276399
20.108856231,0.199417471885681,-0.0146990800276399
20.118854882,0.200414568185806,-0.0122492304071784
20.12885342,0.199417471885681,-0.00979938078671694
20.138855614,0.200414568185806,-0.00734953070059419
20.148852433,0.198420405387878,-0.00244984962046146
20.158852321,0.198420405387878,-0.00244984962046146
20.168853801,0.197423309087753,0
20.178854801,0.197423309087753,0.00489969924092293
20.18885493,0.195429131388664,0.00489969924092293
20.198853358,0.195429131388664,0.00489969924092293
20.208854285,0.195429131388664,0.00489969924092293
20.218855155,0.1944320499897,0.00734954932704568
20.228910119,0.1944320499897,0.00734954932704568
20.238909894,0.1944320499897,0.0122492304071784
20.248910405,0.195429131388664,0.00979939848184586
20.258900863,0.195429131388664,0.00979939848184586
20.268916886,0.195429131388664,0.00979939848184586
20.278913063,0.196426212787628,0.0122492304071784
20.288904258,0.198420390486717,0.0122492304071784
20.298909835,0.199417471885681,0.0146990800276399
20.308915001,0.200414568185806,0.0171489305794239
20.318931082,0.201411664485931,0.0146990800276399
20.328909803,0.201411664485931,0.0195987801998854
20.338844883,0.201411664485931,0.0146990800276399
20.348901303,0.202408745884895,0.0171489305794239
20.358845943,0.203405827283859,0.0195987801998854
20.368903691,0.204402923583984,0.0171489305794239
20.378880382,0.204402923583984,0.0171489305794239
20.388952678,0.204402923583984,0.0171489305794239
20.398844901,0.204402923583984,0.0171489305794239
20.408911115,0.204402923583984,0.0122492304071784
20.418844506,0.203405827283859,0.0146990800276399
20.428883678,0.205400004982948,0.00979939848184586
20.438844869,0.205400004982948,0.00979939848184586
20.448913656,0.205400004982948,0.00489969924092293
20.458878796,0.204402923583984,0.00244984962046146
20.468914948,0.204402923583984,0.00244984962046146
20.478879794,0.203405827283859,0
20.48891139,0.203405827283859,-0.00489969924092293
20.498877949,0.202408745884895,-0.00734953070059419
20.508913019,0.201411664485931,-0.00489968108013272
20.518900965,0.202408745884895,-0.00734953070059419
20.528902073,0.200414568185806,-0.00734953070059419
20.538908476,0.200414568185806,-0.0122492304071784
20.548912118,0.199417471885681,-0.00979938078671694
20.558901637,0.199417471885681,-0.00979938078671694
20.568905123,0.198420390486717,-0.0122492304071784
20.578903559,0.198420390486717,-0.0122492304071784
20.588904465,0.199417471885681,-0.00979938078671694
20.598905193,0.199417471885681,-0.00979938078671694
20.608908053,0.199417471885681,-0.00979938078671694
20.618901018,0.199417471885681,-0.00979938078671694
20.628904428,0.200414568185806,-0.0122492304071784
20.638918337,0.201411664485931,-0.00489968108013272
20.648905982,0.201411664485931,-0.00489968108013272
20.658903408,0.201411664485931,-0.00489968108013272
20.668904609,0.205400004982948,-0.00489969924092293
20.678905447,0.205400004982948,-0.00489969924092293
20.688916861,0.205400004982948,0
20.698901184,0.205400004982948,0
20.708904013,0.206397086381912,-0.00244984962046146
20.718906265,0.207394182682037,0
20.728910686,0.208391278982162,0.00244984962046146
20.738905335,0.207394182682037,0
20.748845352,0.209388360381126,0
20.758901284,0.209388360381126,0
20.768903159,0.207394182682037,0.00489969924092293
20.778902568,0.208391278982162,0.00244984962046146
20.788910963,0.208391278982162,0.00244984962046146
20.798906059,0.21038544178009,0.00244984962046146
20.808904722,0.209388360381126,0.00489969924092293
20.818909596,0.21038544178009,0.00244984962046146
20.828905593,0.208391278982162,0.00244984962046146
20.838911511,0.21038544178009,0.00244984962046146
20.848906387,0.209388360381126,0.00489969924092293
20.858906186,0.21038544178009,0.00244984962046146
20.868905349,0.211382538080215,0
20.878901995,0.211382538080215,0.00489968108013272
20.888893968,0.211382538080215,0
20.898922025,0.21038544178009,0.00244984962046146
20.908950178,0.212379619479179,0.00244983145967126
20.918906315,0.21038544178009,0.00244984962046146
20.928901763,0.212379619479179,0.00244983145967126
20.938847286,0.211382538080215,0.00489968108013272
20.948854827,0.211382538080215,0
20.958845135,0.211382538080215,0.00489968108013272
20.968848262,0.21038544178009,0.00244984962046146
20.978844839,0.21038544178009,0.00244984962046146
20.988853122,0.21038544178009,0.00734953070059419
20.998852551,0.21038544178009,0.00244984962046146
21.008852947,0.209388360381126,0.00489969924092293
21.018847043,0.211382538080215,0.00489968108013272
21.028851437,0.209388360381126,0.00489969924092293
21.038852919,0.21038544178009,0.00244984962046146
21.048849573,0.209388360381126,0.00489969924092293
21.058852461,0.209388360381126,0.00489969924092293
21.068881668,0.209388360381126,0.00489969924092293
21.078893046,0.209388360381126,0.00489969924092293
21.089451828,0.209388360381126,0
21.098461942,0.209388360381126,0.00489969924092293
21.108577249,0.208391278982162,0.00244984962046146
21.118534753,0.208391278982162,0.00244984962046146
21.128487052,0.208391278982162,0.00244984962046146
21.138676111,0.206397086381912,0.00244984962046146
21.148577074,0.207394182682037,0.00489969924092293
21.158549507,0.207394182682037,0
21.168493027,0.207394182682037,0.00489969924092293
21.178879668,0.206397086381912,0.00244984962046146
21.188879806,0.206397086381912,0.00734954932704568
21.198876944,0.205400004982948,0.00489969924092293
21.208881373,0.204402923583984,0.00734954932704568
21.218877731,0.203405827283859,0.00979938078671694
21.228880771,0.204402923583984,0.00734954932704568
21.23887818,0.205400004982948,0.00979939848184586
21.248881676,0.204402923583984,0.00734954932704568
21.258878598,0.203405827283859,0.00979938078671694
21.268901294,0.203405827283859,0.00979938078671694
21.278879671,0.203405827283859,0.00979938078671694
21.288882819,0.202408745884895,0.00734953070059419
21.298900232,0.204402923583984,0.00734954932704568
21.308886804,0.205400004982948,0.00489969924092293
21.318887518,0.204402923583984,0.00244984962046146
21.328864707,0.204402923583984,0.00734954932704568
21.338903091,0.204402923583984,0.00244984962046146
21.348895076,0.204402923583984,0.00244984962046146
21.35889908,0.204402923583984,0.00244984962046146
21.368883726,0.203405827283859,0
21.378885927,0.203405827283859,0
21.388899191,0.205400004982948,0
21.398897406,0.203405827283859,0
21.40889767,0.202408730983734,0.00244984962046146
21.418883451,0.20141164958477,0
21.428920658,0.200414568185806,-0.00244983145967126
21.438881556,0.199417486786842,0
21.448893298,0.198420405387878,0.00244984962046146
21.458885074,0.199417471885681,0.00489968108013272
21.468880325,0.199417471885681,0.00489968108013272
21.478881392,0.197423309087753,0.00489969924092293
21.488880979,0.195429131388664,0.00489969924092293
21.498880785,0.1944320499897,0.00734954932704568
21.508882724,0.195429131388664,0.00489969924092293
21.518883005,0.197423309087753,0.00979938078671694
21.528884804,0.197423309087753,0.00979938078671694
21.538885698,0.196426212787628,0.0122492304071784
21.548883761,0.197423309087753,0.00979938078671694
21.558887897,0.196426212787628,0.00734954932704568
21.568902969,0.196426212787628,0.00734954932704568
21.578906894,0.199417471885681,0.00979938078671694
21.588909524,0.199417471885681,0.00979938078671694
21.598785032,0.200414568185806,0.00734953070059419
21.608903025,0.201411664485931,0.00979938078671694
21.618912395,0.200414568185806,0.00734953070059419
21.628920988,0.200414568185806,0.00734953070059419
21.638916442,0.202408745884895,0.00734953070059419
21.648906446,0.202408745884895,0.00734953070059419
21.658901124,0.202408745884895,0.00734953070059419
21.668908605,0.203405827283859,0.00979938078671694
21.678912699,0.202408745884895,0.00734953070059419
21.688906238,0.202408745884895,0.00734953070059419
21.698924536,0.203405827283859,0.00979938078671694
21.708908959,0.202408745884895,0.00734953070059419
21.718931852,0.204402923583984,0.00734954932704568
21.728909232,0.204402923583984,0.00734954932704568
21.738912104,0.204402923583984,0.00734954932704568
21.748896481,0.204402923583984,0.00734954932704568
21.758901871,0.205400004982948,0.00979939848184586
21.768902258,0.205400004982948,0.00489969924092293
21.778899448,0.206397086381912,0.00734954932704568
21.788899907,0.206397086381912,0.00734954932704568
21.798900695,0.207394182682037,0.00489969924092293
21.808896977,0.207394182682037,0.00489969924092293
21.818906738,0.207394182682037,0.00489969924092293
21.828922771,0.207394182682037,0.00489969924092293
21.83890865,0.208391278982162,0.00244984962046146
21.848897163,0.208391278982162,0.00244984962046146
21.85890869,0.208391278982162,-0.00244984962046146
21.868897081,0.207394182682037,0
21.87890315,0.207394182682037,-0.00489969924092293
21.888904223,0.207394182682037,-0.00489969924092293
21.898900469,0.206397086381912,-0.00734954932704568
21.908896541,0.206397086381912,-0.00734954932704568
21.918900627,0.205400004982948,-0.00979939848184586
21.928889471,0.205400004982948,-0.00979939848184586
21.938883643,0.203405827283859,-0.00979938078671694
21.948873961,0.205400004982948,-0.00979939848184586
21.958883857,0.204402923583984,-0.00734954932704568
21.968887531,0.205400004982948,-0.00979939848184586
21.978877955,0.205400004982948,-0.00489969924092293
21.98888109,0.205400004982948,-0.00489969924092293
21.998886838,0.205400004982948,0
22.008881929,0.205400004982948,0
22.018880822,0.204402923583984,0.00244984962046146
22.028876153,0.206397086381912,0.00244984962046146
22.038880764,0.206397086381912,0.00734954932704568
22.048881373,0.205400004982948,0.00489969924092293
22.058878249,0.205400004982948,0.00489969924092293
22.068898199,0.205400004982948,0.00979939848184586
22.078884429,0.205400004982948,0.00489969924092293
22.08846034,0.205400004982948,0.00489969924092293
22.098895097,0.204402923583984,0.00244984962046146
22.108892869,0.205400004982948,0.00489969924092293
22.118893401,0.205400004982948,0.00489969924092293
22.128887741,0.203405827283859,0.00489969924092293
22.138901419,0.203405827283859,0
22.148899948,0.202408730983734,0.00244984962046146
22.158892736,0.202408730983734,0.00244984962046146
22.168879552,0.20141164958477,0
22.17888614,0.200414568185806,0.00244983145967126
22.188618946,0.20141164958477,0
22.198885407,0.20141164958477,0
22.20889629,0.200414568185806,-0.00244983145967126
22.218880741,0.200414568185806,-0.00244983145967126
22.228885366,0.201411664485931,-0.00489968108013272
22.238884531,0.201411664485931,-0.00489968108013272
22.248895318,0.202408745884895,-0.00734953070059419
22.258882254,0.204402923583984,-0.00734954932704568
22.268897421,0.204402923583984,-0.00734954932704568
22.27887954,0.205400004982948,-0.00979939848184586
22.288830992,0.205400004982948,-0.00979939848184586
22.298884193,0.205400004982948,-0.00979939848184586
22.308892746,0.206397086381912,-0.0122492490336299
22.318890392,0.207394182682037,-0.00979939848184586
22.328893826,0.207394182682037,-0.00979939848184586
22.338880546,0.208391264081001,-0.0122492304071784
22.348994779,0.208391264081001,-0.0122492304071784
22.358877814,0.206397086381912,-0.0122492490336299
22.368889193,0.207394182682037,-0.0146990800276399
22.378885836,0.206397086381912,-0.0122492490336299
22.388912052,0.206397086381912,-0.0122492490336299
22.398890582,0.208391264081001,-0.0122492304071784
22.408896926,0.208391264081001,-0.0122492304071784
22.418889764,0.208391264081001,-0.0122492304071784
22.42889785,0.208391264081001,-0.0122492304071784
22.438896733,0.209388345479965,-0.00979938078671694
22.448891709,0.209388360381126,-0.00489969924092293
22.458877014,0.21038544178009,-0.00734953070059419
22.468915683,0.211382538080215,-0.00489968108013272
22.478895778,0.213376700878143,-0.00489968108013272
22.488893008,0.214373797178268,-0.00244984962046146
22.498880562,0.213376700878143,0
22.508896106,0.214373797178268,0.00244984962046146
22.518893239,0.213376700878143,0
22.528899376,0.213376700878143,0.00489968108013272
22.538880657,0.212379619479179,0.00244983145967126
22.548890952,0.212379619479179,0.00244983145967126
22.558897232,0.211382538080215,0.00489968108013272
22.568893385,0.209388360381126,0.00489969924092293
22.578898958,0.207394182682037,0.00489969924092293
22.588897185,0.205400004982948,0.00979939848184586
22.59889834,0.204402923583984,0.00734954932704568
22.608882173,0.202408745884895,0.00734953070059419
22.618896646,0.202408745884895,0.00734953070059419
22.628881362,0.201411664485931,0.00489968108013272
22.638882758,0.200414568185806,0.00734953070059419
22.648882616,0.198420390486717,0.00734953070059419
22.658898494,0.198420390486717,0.00734953070059419
22.668859836,0.198420390486717,0.00734953070059419
22.678881206,0.199417471885681,0.00979938078671694
22.688892608,0.199417471885681,0.00489968108013272
22.698879638,0.199417471885681,0.00489968108013272
22.708898774,0.198420390486717,0.00734953070059419
22.718902467,0.199417471885681,0.00489968108013272
22.728894853,0.199417471885681,0.00979938078671694
22.738898069,0.199417471885681,0.00979938078671694
22.748914223,0.201411664485931,0.00489968108013272
22.758907394,0.201411664485931,0.00489968108013272
22.768921437,0.201411664485931,0.00489968108013272
22.778905548,0.201411664485931,0.00489968108013272
22.788904809,0.201411664485931,0.00489968108013272
22.798916809,0.201411664485931,0.00489968108013272
22.808907155,0.202408730983734,0.00244984962046146
22.818914684,0.201411664485931,0.00489968108013272
22.828904811,0.20141164958477,0
22.838910754,0.20141164958477,0
22.848913308,0.200414568185806,0.00244983145967126
22.8589126,0.200414568185806,0.00244983145967126
22.868904789,0.200414568185806,0.00244983145967126
22.878927311,0.199417486786842,0
22.888910066,0.199417486786842,0
22.898913041,0.199417486786842,0
22.908907403,0.199417486786842,0
22.918909029,0.200414568185806,-0.00244983145967126
22.928905235,0.200414568185806,-0.00244983145967126
22.938911928,0.200414568185806,-0.00244983145967126
22.948922947,0.199417471885681,-0.00489968108013272
22.958913641,0.199417471885681,-0.00489968108013272
22.968916821,0.200414568185806,-0.00734953070059419
22.978929587,0.200414568185806,-0.00734953070059419
22.988920203,0.200414568185806,-0.00734953070059419
22.998911398,0.201411664485931,-0.00979938078671694
23.008919659,0.201411664485931,-0.00979938078671694
23.018904447,0.201411664485931,-0.00979938078671694
23.028509618,0.201411664485931,-0.00979938078671694
23.038910871,0.200414568185806,-0.0122492304071784
23.048913026,0.202408745884895,-0.00734953070059419
23.058913662,0.203405827283859,-0.00979938078671694
23.068920795,0.202408745884895,-0.00734953070059419
23.078913046,0.202408745884895,-0.00734953070059419
23.088917251,0.203405827283859,-0.00979938078671694
23.098915812,0.202408745884895,-0.00734953070059419
23.108907337,0.203405827283859,-0.00489969924092293
23.118494916,0.202408730983734,-0.00244984962046146
23.128908668,0.204402923583984,-0.00244984962046146
23.138906279,0.205400004982948,0
23.148917791,0.205400004982948,-0.00489969924092293
23.158911797,0.205400004982948,0
23.168916048,0.206397086381912,-0.00244984962046146
23.178919186,0.207394182682037,0
23.188912305,0.207394182682037,0.00489969924092293
23.198910009,0.208391278982162,0.00244984962046146
23.208914497,0.209388360381126,0
23.218904897,0.209388360381126,0
23.228911398,0.209388360381126,0
23.238910038,0.209388360381126,0
23.248917373,0.209388360381126,0
23.258915244,0.21038544178009,-0.00244984962046146
23.268906369,0.21038544178009,-0.00244984962046146
23.278910653,0.21038544178009,-0.00244984962046146
23.288911444,0.21038544178009,-0.00734953070059419
23.298917626,0.209388360381126,-0.00489969924092293
23.308899919,0.209388360381126,-0.00489969924092293
23.318905458,0.209388360381126,-0.00489969924092293
23.328917082,0.208391278982162,-0.00734954932704568
23.338906632,0.209388360381126,-0.00489969924092293
23.348911862,0.209388360381126,-0.00489969924092293
23.358900989,0.208391278982162,-0.00734954932704568
23.368907144,0.208391278982162,-0.00244984962046146
23.378909193,0.207394182682037,-0.00489969924092293
23.38892308,0.207394182682037,0
23.398914867,0.208391278982162,-0.00244984962046146
23.408912146,0.208391278982162,-0.00244984962046146
23.418908928,0.208391278982162,-0.00244984962046146
23.428907317,0.208391278982162,-0.00244984962046146
23.438913534,0.208391278982162,-0.00244984962046146
23.448910476,0.208391278982162,-0.00244984962046146
23.458910806,0.208391278982162,0.00244984962046146
23.468909011,0.207394182682037,0
23.478406465,0.209388360381126,0
23.488907314,0.208391278982162,-0.00244984962046146
23.498913876,0.208391278982162,-0.00244984962046146
23.508932843,0.207394182682037,0
23.518911639,0.207394182682037,0
23.528913396,0.206397086381912,0.00244984962046146
23.538906916,0.206397086381912,-0.00244984962046146
23.548913543,0.205400004982948,0
23.558914946,0.204402923583984,-0.00244984962046146
23.568930266,0.205400004982948,-0.00489969924092293
23.578611392,0.203405827283859,-0.00489969924092293
23.588917231,0.204402923583984,-0.00244984962046146
23.598913239,0.203405827283859,0
23.608915472,0.203405827283859,-0.00489969924092293
23.618912708,0.203405827283859,-0.00489969924092293
23.628912386,0.203405827283859,-0.00489969924092293
23.638906959,0.204402923583984,-0.00244984962046146
23.648905389,0.204402923583984,-0.00244984962046146
23.65890536,0.205400004982948,0
23.668906925,0.205400004982948,0
23.678796083,0.205400004982948,0
23.688901238,0.206397086381912,-0.00244984962046146
23.698908112,0.207394182682037,-0.00489969924092293
23.70890831,0.207394182682037,0
23.718908294,0.209388360381126,0
23.728899348,0.209388360381126,0
23.738928429,0.209388360381126,0
23.748446661,0.209388360381126,0
23.758903387,0.21038544178009,-0.00244984962046146
23.76890638,0.21038544178009,0.00244984962046146
23.778900536,0.211382538080215,0
23.78890207,0.21038544178009,0.00244984962046146
23.798910082,0.211382538080215,0.00489968108013272
23.808928759,0.21038544178009,0.00244984962046146
23.818909893,0.21038544178009,0.00244984962046146
23.828438639,0.21038544178009,0.00244984962046146
23.838902138,0.21038544178009,0.00244984962046146
23.848914766,0.211382538080215,0
23.858906906,0.21038544178009,0.00244984962046146
23.868903007,0.21038544178009,-0.00244984962046146
23.878909821,0.21038544178009,0.00244984962046146
23.888924888,0.211382538080215,0
23.89892504,0.21038544178009,-0.00244984962046146
23.908444008,0.212379619479179,-0.00244983145967126
23.918908312,0.21038544178009,-0.00244984962046146
23.928905557,0.212379619479179,-0.00244983145967126
23.938899399,0.211382538080215,-0.00489968108013272
23.948906487,0.211382538080215,-0.00489968108013272
23.958921512,0.21038544178009,-0.00734953070059419
23.968897088,0.21038544178009,-0.00734953070059419
23.978910532,0.209388345479965,-0.00979938078671694
23.988445776,0.208391264081001,-0.0122492304071784
23.998902446,0.208391264081001,-0.0122492304071784
24.008909408,0.207394182682037,-0.00979939848184586
24.018912079,0.207394182682037,-0.0146990800276399
24.028921103,0.206397086381912,-0.0171489119529724
24.038905455,0.205400019884109,-0.0146990800276399
24.048909056,0.205400019884109,-0.0146990800276399
24.058916676,0.207394182682037,-0.0146990800276399
24.068443866,0.205400019884109,-0.0146990800276399
24.078901849,0.206397086381912,-0.0122492490336299
24.088906478,0.205400004982948,-0.00979939848184586
24.098909794,0.205400004982948,-0.00979939848184586
24.108906325,0.203405827283859,-0.00979938078671694
24.118910689,0.203405827283859,-0.00489969924092293
24.128911136,0.202408730983734,-0.00244984962046146
24.138893067,0.20141164958477,0
24.148449612,0.200414568185806,0.00244983145967126
24.158905301,0.198420405387878,0.00244984962046146
24.168911754,0.198420390486717,0.00734953070059419
24.178904768,0.196426212787628,0.00734954932704568
24.188914261,0.196426212787628,0.00734954932704568
24.198908841,0.1944320499897,0.0122492304071784
24.208909202,0.195429131388664,0.00979939848184586
24.218901459,0.1944320499897,0.0122492304071784
24.228446162,0.193434953689575,0.00979938078671694
24.238905411,0.193434953689575,0.00979938078671694
24.248907618,0.193434953689575,0.00979938078671694
24.258892339,0.192437872290611,0.0122492304071784
24.268923575,0.193434953689575,0.00979938078671694
24.278907021,0.193434953689575,0.00979938078671694
24.288911803,0.1944320499897,0.0122492304071784
24.298896753,0.195429131388664,0.00979939848184586
24.308446897,0.1944320499897,0.0122492304071784
24.318909317,0.195429131388664,0.00979939848184586
24.328923019,0.197423309087753,0.0146990800276399
24.338904731,0.198420390486717,0.0122492304071784
24.348905324,0.198420390486717,0.0122492304071784
24.358926657,0.199417471885681,0.00979938078671694
24.368905339,0.199417471885681,0.00979938078671694
24.378897133,0.201411664485931,0.00979938078671694
24.388447522,0.200414568185806,0.00734953070059419
24.398901458,0.199417471885681,0.00979938078671694
24.408892968,0.199417471885681,0.00489968108013272
24.418911054,0.199417471885681,0.00489968108013272
24.428903957,0.198420405387878,0.00244984962046146
24.438909528,0.198420405387878,0.00244984962046146
24.448907034,0.198420405387878,0.00244984962046146
24.458924834,0.197423309087753,0
24.46845007,0.196426212787628,-0.00244984962046146
24.478907879,0.195429131388664,-0.00489969924092293
24.488914407,0.1944320499897,-0.00734954932704568
24.498906458,0.195429131388664,-0.00979939848184586
24.50890428,0.196426212787628,-0.00734954932704568
24.518924596,0.196426212787628,-0.0122492304071784
24.528897944,0.196426212787628,-0.0122492304071784
24.53890488,0.196426212787628,-0.0122492304071784
24.54845213,0.195429131388664,-0.0146990614011884
24.558896345,0.196426212787628,-0.0122492304071784
24.568906902,0.197423309087753,-0.00979938078671694
24.578906349,0.197423309087753,-0.00979938078671694
24.588923193,0.199417471885681,-0.00979938078671694
24.598910991,0.199417471885681,-0.00979938078671694
24.608896682,0.199417471885681,-0.00979938078671694
24.618923865,0.200414568185806,-0.00734953070059419
24.628451321,0.200414568185806,-0.00734953070059419
24.638905956,0.200414568185806,-0.00734953070059419
24.648910181,0.202408745884895,-0.00734953070059419
24.658909582,0.202408745884895,-0.00734953070059419
24.668915597,0.204402923583984,-0.00734954932704568
24.678912317,0.204402923583984,-0.00734954932704568
24.688909333,0.203405827283859,-0.00489969924092293
24.698909988,0.203405827283859,-0.00489969924092293
24.708462539,0.204402923583984,-0.00734954932704568
24.718905697,0.204402923583984,-0.00244984962046146
24.728897554,0.204402923583984,-0.00244984962046146
24.738901647,0.205400004982948,-0.00489969924092293
24.748900303,0.205400004982948,0
24.758912889,0.206397086381912,-0.00244984962046146
24.768907628,0.204402923583984,-0.00244984962046146
24.778925364,0.205400004982948,0
24.78845854,0.206397086381912,-0.00244984962046146
24.798912656,0.208391278982162,-0.00244984962046146
24.80890622,0.207394182682037,0
24.818908862,0.208391278982162,-0.00244984962046146
24.828904892,0.208391278982162,-0.00244984962046146
24.838910897,0.209388360381126,0
24.848900017,0.209388360381126,-0.00489969924092293
24.858902975,0.209388360381126,0
24.868403061,0.21038544178009,-0.00244984962046146
24.878904753,0.211382538080215,-0.00489968108013272
24.888910298,0.21038544178009,-0.00244984962046146
24.898908862,0.209388360381126,0
24.90892499,0.21038544178009,-0.00244984962046146
24.918914163,0.208391278982162,-0.00244984962046146
24.928912499,0.209388360381126,-0.00489969924092293
24.93890664,0.208391278982162,-0.00244984962046146
24.948456299,0.207394182682037,0
24.958902737,0.206397086381912,-0.00244984962046146
24.968915055,0.207394182682037,0
24.978910892,0.205400004982948,0
24.988905513,0.205400004982948,0
24.998899581,0.204402923583984,-0.00244984962046146
25.008913075,0.205400004982948,0
25.018903139,0.205400004982948,0
25.028408674,0.205400004982948,0.00489969924092293
25.03890159,0.204402923583984,0.00244984962046146
25.048916624,0.205400004982948,0
25.058909119,0.205400004982948,0
25.068929992,0.204402923583984,0.00244984962046146
25.078899545,0.205400004982948,0
25.088908844,0.206397086381912,0.00244984962046146
25.098904117,0.206397086381912,0.00244984962046146
25.108410208,0.204402923583984,0.00244984962046146
25.118906224,0.205400004982948,0
25.12891171,0.204402923583984,-0.00244984962046146
25.138912431,0.204402923583984,-0.00244984962046146
25.148909103,0.204402923583984,0.00244984962046146
25.158909952,0.204402923583984,0.00244984962046146
25.168912501,0.204402923583984,-0.00244984962046146
25.178917322,0.203405827283859,0
25.188401972,0.20141164958477,0
25.198897085,0.202408730983734,-0.00244984962046146
25.208918447,0.203405827283859,0
25.218908446,0.202408730983734,0.00244984962046146
25.228893221,0.202408730983734,0.00244984962046146
25.238901567,0.203405827283859,0.00489969924092293
25.248907436,0.202408730983734,0.00244984962046146
25.25890579,0.202408730983734,0.00244984962046146
25.268392898,0.203405827283859,0.00489969924092293
25.278259748,0.203405827283859,0.00489969924092293
25.28890136,0.204402923583984,0.00244984962046146
25.298423532,0.205400004982948,0.00489969924092293
25.308906272,0.205400004982948,0
25.318905092,0.205400004982948,0
25.32890827,0.207394182682037,0
25.3388992,0.206397086381912,-0.00244984962046146
25.348379278,0.207394182682037,0
25.358905597,0.208391278982162,-0.00244984962046146
25.368904658,0.207394182682037,0
25.37828741,0.208391278982162,-0.00244984962046146
25.388900649,0.208391278982162,-0.00244984962046146
25.398904109,0.208391278982162,-0.00244984962046146
25.408909586,0.207394182682037,0
25.418909491,0.207394182682037,0
25.4283856,0.207394182682037,0
25.43891117,0.207394182682037,0
25.448903767,0.208391278982162,-0.00244984962046146
25.458915969,0.208391278982162,0.00244984962046146
25.468908497,0.208391278982162,-0.00244984962046146
25.478301702,0.208391278982162,0.00244984962046146
25.488908236,0.208391278982162,0.00244984962046146
25.49890905,0.208391278982162,0.00244984962046146
25.508388955,0.208391278982162,0.00244984962046146
25.51890816,0.21038544178009,0.00244984962046146
25.528905776,0.209388360381126,0.00489969924092293
25.53889714,0.209388360381126,0.00489969924092293
25.548918516,0.208391278982162,0.00734954932704568
25.558914306,0.208391278982162,0.00244984962046146
25.568906638,0.208391278982162,0.00734954932704568
25.578243718,0.207394182682037,0.00489969924092293
25.588384102,0.209388360381126,0.00489969924092293
25.598895226,0.207394182682037,0.00489969924092293
25.608906467,0.208391278982162,0.00734954932704568
25.618911044,0.207394182682037,0.00489969924092293
25.628908584,0.207394182682037,0.00489969924092293
25.638348302,0.207394182682037,0.00489969924092293
25.64890638,0.206397086381912,0.00244984962046146
25.658909451,0.205400004982948,0.00489969924092293
25.668365972,0.206397086381912,0.00244984962046146
25.678561113,0.206397086381912,0.00244984962046146
25.688901136,0.205400004982948,0.00489969924092293
25.69890586,0.205400004982948,0.00489969924092293
25.708909068,0.205400004982948,0.00489969924092293
25.718920069,0.204402923583984,0.00734954932704568
25.728905748,0.205400004982948,0.00489969924092293
25.738904676,0.205400004982948,0.00489969924092293
25.748362852,0.206397086381912,0.00734954932704568
25.75890314,0.207394182682037,0.00489969924092293
25.768908744,0.206397086381912,0.00734954932704568
25.778772498,0.206397086381912,0.00734954932704568
25.788907381,0.206397086381912,0.00244984962046146
25.798922968,0.207394182682037,0.00489969924092293
25.808897908,0.207394182682037,0
25.818906675,0.208391278982162,-0.00244984962046146
25.82836596,0.206397086381912,-0.00244984962046146
25.838903691,0.206397086381912,-0.00244984962046146
25.84890613,0.206397086381912,-0.00734954932704568
25.858908824,0.205400004982948,-0.00489969924092293
25.868906608,0.204402923583984,-0.00734954932704568
25.878924086,0.205400004982948,-0.00979939848184586
25.888908361,0.204402923583984,-0.00734954932704568
25.898908842,0.204402923583984,-0.0122492304071784
25.908338468,0.203405827283859,-0.00979938078671694
25.918901129,0.202408745884895,-0.00734953070059419
25.928907661,0.202408745884895,-0.0122492304071784
25.938904543,0.202408745884895,-0.0122492304071784
25.948907803,0.201411664485931,-0.00979938078671694
25.958922476,0.201411664485931,-0.00979938078671694
25.968914334,0.201411664485931,-0.00979938078671694
25.97894926,0.200414568185806,-0.00734953070059419
25.988330935,0.201411664485931,-0.00979938078671694
25.998891171,0.199417471885681,-0.00489968108013272
26.008911046,0.199417471885681,-0.00489968108013272
26.01891309,0.199417471885681,-0.00489968108013272
26.028909355,0.20141164958477,0
26.038925403,0.20141164958477,0
26.048912506,0.20141164958477,0
26.058905279,0.20141164958477,0
26.068337112,0.200414568185806,-0.00244983145967126
26.078917436,0.200414568185806,-0.00244983145967126
26.088910382,0.199417486786842,0
26.098906496,0.200414568185806,-0.00244983145967126
26.108952052,0.200414568185806,-0.00244983145967126
26.11890547,0.200414568185806,-0.00244983145967126
26.128913459,0.198420405387878,-0.00244984962046146
26.138896045,0.198420405387878,-0.00244984962046146
26.148339449,0.197423309087753,-0.00489969924092293
26.158905532,0.197423309087753,-0.00489969924092293
26.168898967,0.199417471885681,-0.00489968108013272
26.178921165,0.199417471885681,-0.00489968108013272
26.188901428,0.199417471885681,-0.00489968108013272
26.198908008,0.199417471885681,-0.00489968108013272
26.208905856,0.200414568185806,-0.00734953070059419
26.218908866,0.200414568185806,-0.00734953070059419
26.228335823,0.199417471885681,-0.00979938078671694
26.238906347,0.199417471885681,-0.00979938078671694
26.248907117,0.202408745884895,-0.00734953070059419
26.258910247,0.202408745884895,-0.00734953070059419
26.268911327,0.202408745884895,-0.00734953070059419
26.278922076,0.202408745884895,-0.00734953070059419
26.288910786,0.202408745884895,-0.00734953070059419
26.298913598,0.202408745884895,-0.00734953070059419
26.30831297,0.202408745884895,-0.00734953070059419
26.318912695,0.202408745884895,-0.00734953070059419
26.328913161,0.203405827283859,-0.00489969924092293
26.338906709,0.204402923583984,-0.00734954932704568
26.34891699,0.202408745884895,-0.00734953070059419
26.358908167,0.202408745884895,-0.00734953070059419
26.368921837,0.202408745884895,-0.00734953070059419
26.378924819,0.203405827283859,-0.00979938078671694
26.388319229,0.203405827283859,-0.00979938078671694
26.398918059,0.204402923583984,-0.0122492304071784
26.408900731,0.203405827283859,-0.00979938078671694
26.418906859,0.204402923583984,-0.00734954932704568
26.428908347,0.204402923583984,-0.00734954932704568
26.438909841,0.204402923583984,-0.00734954932704568
26.448894514,0.204402923583984,-0.00734954932704568
26.458911814,0.204402923583984,-0.00734954932704568
26.468319181,0.203405827283859,-0.00489969924092293
26.478922662,0.203405827283859,-0.00489969924092293
26.48890885,0.203405827283859,-0.00489969924092293
26.498903361,0.203405827283859,0
26.508921039,0.204402923583984,0.00244984962046146
26.518924716,0.204402923583984,-0.00244984962046146
26.528899234,0.204402923583984,-0.00244984962046146
26.538188637,0.203405827283859,0
26.548319002,0.204402923583984,0.00244984962046146
26.558895266,0.205400004982948,0
26.568908314,0.205400004982948,0
26.578905808,0.205400004982948,0.00489969924092293
26.58890902,0.205400004982948,0.00489969924092293
26.598913291,0.206397086381912,0.00244984962046146
26.608899799,0.205400004982948,0
26.61890879,0.205400004982948,0
26.628313027,0.206397086381912,0.00244984962046146
26.638911305,0.206397086381912,0.00244984962046146
26.648904145,0.207394182682037,0
26.658906411,0.206397086381912,0.00244984962046146
26.668929242,0.207394182682037,0.00489969924092293
26.678914981,0.207394182682037,0
26.688910783,0.208391278982162,0.00244984962046146
26.69890611,0.207394182682037,0
26.708297642,0.208391278982162,0.00244984962046146
26.718907179,0.207394182682037,0.00489969924092293
26.728909015,0.208391278982162,0.00244984962046146
26.738905455,0.208391278982162,0.00244984962046146
26.748910303,0.206397086381912,0.00244984962046146
26.758919909,0.207394182682037,0.00489969924092293
26.768912964,0.207394182682037,0
26.778273011,0.207394182682037,0.00489969924092293
26.788294927,0.206397086381912,0.00244984962046146
26.798899944,0.205400004982948,0.00489969924092293
26.808905902,0.205400004982948,0.00489969924092293
26.818896337,0.206397086381912,0.00244984962046146
26.828907733,0.205400004982948,0.00489969924092293
26.838899817,0.205400004982948,0.00489969924092293
26.84890204,0.207394182682037,0.00489969924092293
26.85890708,0.206397086381912,0.00244984962046146
26.868255841,0.205400004982948,0.00489969924092293
26.878916795,0.206397086381912,0.00244984962046146
26.888232891,0.207394182682037,0.00489969924092293
26.898905335,0.208391278982162,0.00244984962046146
26.908915642,0.209388360381126,0
26.918908551,0.208391278982162,0.00244984962046146
26.928236776,0.209388360381126,0
26.938905441,0.209388360381126,0
26.948229607,0.209388360381126,0
26.958899003,0.209388360381126,0
26.968899534,0.211382538080215,0
26.978906496,0.209388360381126,0
26.988253405,0.21038544178009,-0.00244984962046146
26.998904679,0.209388360381126,0
27.008905668,0.208391278982162,-0.00244984962046146
27.018252271,0.209388360381126,0
27.028234258,0.207394182682037,0
27.038897981,0.208391278982162,-0.00244984962046146
27.048899651,0.207394182682037,0
27.058248732,0.208391278982162,-0.00244984962046146
27.068905888,0.207394182682037,0
27.078919613,0.208391278982162,-0.00244984962046146
27.088904183,0.207394182682037,0
27.098893965,0.209388360381126,0
27.108233241,0.208391278982162,0.00244984962046146
27.118903591,0.209388360381126,0
27.128905648,0.21038544178009,0.00244984962046146
27.13824645,0.211382538080215,0.00489968108013272
27.14892396,0.21038544178009,0.00244984962046146
27.158242985,0.211382538080215,0.00489968108013272
27.168916966,0.21038544178009,0.00244984962046146
27.178937731,0.211382538080215,0.00489968108013272
27.188210402,0.212379619479179,0.00244983145967126
27.198882959,0.21038544178009,0.00244984962046146
27.208882354,0.21038544178009,0.00244984962046146
27.218188832,0.21038544178009,0.00244984962046146
27.228874593,0.209388360381126,0
27.238897988,0.207394182682037,0
27.248202623,0.207394182682037,0
27.258897132,0.206397086381912,-0.00244984962046146
27.268204772,0.206397086381912,-0.00244984962046146
27.278723984,0.204402923583984,-0.00244984962046146
27.288885422,0.201411664485931,-0.00489968108013272
27.298187338,0.201411664485931,-0.00489968108013272
27.308877155,0.201411664485931,-0.00489968108013272
27.31889771,0.199417471885681,-0.00489968108013272
27.328894746,0.199417471885681,-0.00489968108013272
27.338178511,0.199417471885681,-0.00489968108013272
27.34819431,0.199417471885681,-0.00489968108013272
27.358884273,0.198420405387878,-0.00244984962046146
27.368900366,0.198420405387878,-0.00244984962046146
27.378885756,0.198420405387878,-0.00244984962046146
27.388886585,0.198420405387878,0.00244984962046146
27.398183479,0.199417486786842,0
27.408878945,0.198420405387878,0.00244984962046146
27.418190437,0.198420405387878,0.00244984962046146
27.428200227,0.198420405387878,0.00244984962046146
27.438883053,0.198420405387878,0.00244984962046146
27.448892468,0.198420405387878,0.00244984962046146
27.458188851,0.198420405387878,0.00244984962046146
27.46887839,0.198420405387878,0.00244984962046146
27.47818102,0.198420405387878,0.00244984962046146
27.488894212,0.199417486786842,0
27.498891255,0.198420405387878,0.00244984962046146
27.50819982,0.200414568185806,0.00244983145967126
27.51888302,0.200414568185806,0.00244983145967126
27.528891859,0.200414568185806,0.00244983145967126
27.538893436,0.200414568185806,0.00244983145967126
27.548896508,0.200414568185806,0.00244983145967126
27.558185572,0.200414568185806,0.00244983145967126
27.568883832,0.200414568185806,0.00244983145967126
27.578898568,0.200414568185806,0.00244983145967126
27.5881598,0.200414568185806,0.00244983145967126
27.598879839,0.201411664485931,0.00489968108013272
27.608162404,0.200414568185806,0.00244983145967126
27.618878008,0.20141164958477,0
27.628899037,0.200414568185806,0.00244983145967126
27.638169438,0.202408730983734,0.00244984962046146
27.648873578,0.202408730983734,0.00244984962046146
27.658179426,0.202408730983734,0.00244984962046146
27.668196828,0.202408730983734,0.00244984962046146
27.678897603,0.203405827283859,0.00489969924092293
27.688178741,0.203405827283859,0.00489969924092293
27.698161517,0.202408730983734,0.00244984962046146
27.70888086,0.203405827283859,0.00489969924092293
27.718885432,0.202408745884895,0.00734953070059419
27.728896932,0.203405827283859,0.00489969924092293
27.738887901,0.203405827283859,0.00489969924092293
27.748164616,0.203405827283859,0.00489969924092293
27.758885068,0.204402923583984,0.00734954932704568
27.768171673,0.204402923583984,0.00734954932704568
27.778898059,0.204402923583984,0.00734954932704568
27.788915051,0.206397086381912,0.00734954932704568
27.798102158,0.207394182682037,0.00979939848184586
27.808910441,0.206397086381912,0.00734954932704568
27.818909818,0.207394182682037,0.00979939848184586
27.828186893,0.209388345479965,0.00979938078671694
27.838913035,0.207394182682037,0.00979939848184586
27.848912129,0.208391264081001,0.0122492304071784
27.858170195,0.209388345479965,0.00979938078671694
27.868910819,0.209388345479965,0.00979938078671694
27.878174256,0.209388345479965,0.00979938078671694
27.888912858,0.207394182682037,0.00979939848184586
27.898297077,0.206397086381912,0.00734954932704568
27.908228937,0.207394182682037,0.00979939848184586
27.918911149,0.207394182682037,0.00489969924092293
27.928169689,0.205400004982948,0.00489969924092293
27.938938806,0.206397086381912,0.00734954932704568
27.948170281,0.205400004982948,0.00489969924092293
27.958918669,0.203405827283859,0.00489969924092293
27.968169063,0.204402923583984,0.00244984962046146
27.978909706,0.204402923583984,0.00244984962046146
27.988169095,0.205400004982948,0
27.998493596,0.205400004982948,0
28.008879666,0.206397086381912,-0.00244984962046146
28.018168556,0.205400004982948,0
28.02887961,0.207394182682037,0
28.038185012,0.206397086381912,-0.00244984962046146
28.048877248,0.208391278982162,-0.00244984962046146
28.058168288,0.209388360381126,-0.00489969924092293
28.068230551,0.21038544178009,-0.00244984962046146
28.07891427,0.21038544178009,-0.00244984962046146
28.088911826,0.209388360381126,0
28.098172517,0.211382538080215,0
28.108877702,0.209388360381126,0
28.11816946,0.21038544178009,0.00244984962046146
28.12887971,0.208391278982162,0.00244984962046146
28.138168737,0.209388360381126,0.00489969924092293
28.148230835,0.208391278982162,0.00734954932704568
28.158914569,0.206397086381912,0.0122492490336299
28.168151131,0.205400019884109,0.0146990800276399
28.178915921,0.204402923583984,0.0122492304071784
28.18818819,0.205400019884109,0.0146990800276399
28.198792471,0.203405827283859,0.0146990800276399
28.208168389,0.203405827283859,0.0195987801998854
28.218908168,0.202408745884895,0.0171489305794239
28.228176453,0.201411664485931,0.0195987801998854
28.238904528,0.200414568185806,0.0171489305794239
28.248145821,0.200414568185806,0.0171489305794239
28.258157703,0.200414568185806,0.0171489305794239
28.268141993,0.199417471885681,0.0146990800276399
28.278913147,0.200414568185806,0.0171489305794239
28.288145187,0.199417471885681,0.0146990800276399
28.298938187,0.200414568185806,0.0171489305794239
28.308227343,0.200414568185806,0.0122492304071784
28.318878941,0.201411664485931,0.0146990800276399
28.328903533,0.203405827283859,0.0146990800276399
28.338156703,0.204402923583984,0.0122492304071784
28.348902577,0.204402923583984,0.0122492304071784
28.358137212,0.205400004982948,0.00979939848184586
28.36890977,0.207394182682037,0.00979939848184586
28.378153449,0.207394182682037,0.00489969924092293
28.388234759,0.208391278982162,0.00734954932704568
28.398878271,0.208391278982162,0.00244984962046146
28.408930395,0.209388360381126,0
28.41888306,0.209388360381126,-0.00489969924092293
28.428892455,0.209388360381126,-0.00489969924092293
28.438891391,0.209388360381126,-0.00489969924092293
28.448928887,0.208391264081001,-0.0122492304071784
28.458904613,0.208391264081001,-0.0122492304071784
28.468149992,0.207394182682037,-0.0146990800276399
28.478912492,0.206397086381912,-0.0122492490336299
28.488146921,0.206397086381912,-0.0171489119529724
28.498911111,0.206397086381912,-0.0171489119529724
28.50803735,0.205400019884109,-0.0146990800276399
28.518908386,0.205400019884109,-0.0146990800276399
28.52807577,0.204402923583984,-0.0171489305794239
28.5389048,0.205400019884109,-0.0146990800276399
28.548076428,0.205400004982948,-0.00979939848184586
28.55890214,0.207394182682037,-0.00979939848184586
28.568101265,0.207394182682037,-0.00979939848184586
28.578121544,0.208391278982162,-0.00734954932704568
28.588130337,0.208391278982162,-0.00734954932704568
28.59812879,0.209388360381126,-0.00489969924092293
28.608133113,0.209388360381126,-0.00489969924092293
28.618119689,0.209388360381126,0
28.628127869,0.21038544178009,-0.00244984962046146
28.638130847,0.209388360381126,0
28.648120163,0.21038544178009,-0.00244984962046146
28.658132163,0.209388360381126,0
28.668130361,0.208391278982162,0.00244984962046146
28.678130646,0.208391278982162,-0.00244984962046146
28.688132581,0.208391278982162,0.00244984962046146
28.698125932,0.206397086381912,0.00244984962046146
28.708147504,0.207394182682037,0.00489969924092293
28.718120287,0.206397086381912,0.00244984962046146
28.72815109,0.205400004982948,0.00489969924092293
28.738131097,0.204402923583984,0.00244984962046146
28.748132275,0.203405827283859,0.00489969924092293
28.7581226,0.202408730983734,0.00244984962046146
28.768133564,0.203405827283859,0.00489969924092293
28.778108119,0.202408745884895,0.00734953070059419
28.78812868,0.201411664485931,0.00489968108013272
28.798110494,0.201411664485931,0.00489968108013272
28.80810678,0.20141164958477,0
28.818104772,0.200414568185806,0.00244983145967126
28.828102058,0.202408730983734,0.00244984962046146
28.838101245,0.202408730983734,0.00244984962046146
28.848098343,0.202408730983734,0.00244984962046146
28.858070597,0.203405827283859,0
28.868108567,0.202408730983734,-0.00244984962046146
28.878052772,0.203405827283859,0
28.888102124,0.203405827283859,0
28.898084985,0.203405827283859,0
28.908050589,0.203405827283859,0
28.918092195,0.204402923583984,-0.00244984962046146
28.928085294,0.203405827283859,0
28.938051015,0.203405827283859,0
28.948088141,0.203405827283859,0
28.958088066,0.202408730983734,0.00244984962046146
28.968064285,0.203405827283859,0
28.978099944,0.202408730983734,-0.00244984962046146
28.988909186,0.202408730983734,-0.00244984962046146
28.998024613,0.202408730983734,-0.00244984962046146
29.008111031,0.20141164958477,0
29.018079558,0.20141164958477,0
29.028103053,0.202408730983734,-0.00244984962046146
29.03810354,0.202408730983734,-0.00244984962046146
29.048100851,0.202408730983734,-0.00244984962046146
29.058109638,0.202408730983734,-0.00244984962046146
29.068106919,0.20141164958477,0
29.078105942,0.203405827283859,0
29.088008049,0.203405827283859,0
29.098113471,0.203405827283859,0
29.108101868,0.204402923583984,0.00244984962046146
29.118112533,0.205400004982948,0
29.128108836,0.203405827283859,0
29.138104569,0.204402923583984,-0.00244984962046146
29.148113094,0.205400004982948,0
29.158083657,0.205400004982948,0
29.168056517,0.205400004982948,0
29.178075756,0.203405827283859,0
29.188063299,0.203405827283859,0
29.198108951,0.204402923583984,0.00244984962046146
29.208055293,0.203405827283859,0
29.218097699,0.202408730983734,0.00244984962046146
29.228057714,0.202408730983734,0.00244984962046146
29.238053704,0.201411664485931,0.00489968108013272
29.24804867,0.200414568185806,0.00244983145967126
29.257971803,0.200414568185806,0.00244983145967126
29.268103476,0.200414568185806,0.00244983145967126
29.278053898,0.200414568185806,0.00244983145967126
29.288033546,0.200414568185806,0.00244983145967126
29.298053271,0.200414568185806,-0.00244983145967126
29.30805453,0.200414568185806,-0.00244983145967126
29.318052741,0.200414568185806,-0.00244983145967126
29.3280803,0.200414568185806,-0.00244983145967126
29.338025136,0.201411664485931,-0.00489968108013272
29.348057221,0.201411664485931,-0.00489968108013272
29.358034403,0.201411664485931,-0.00489968108013272
29.368046527,0.201411664485931,-0.00489968108013272
29.378028954,0.202408745884895,-0.00734953070059419
29.388049836,0.201411664485931,-0.00979938078671694
29.398040225,0.200414568185806,-0.00734953070059419
29.408063588,0.200414568185806,-0.00734953070059419
29.418054839,0.198420390486717,-0.00734953070059419
29.428058359,0.198420390486717,-0.00734953070059419
29.438032663,0.198420390486717,-0.00734953070059419
29.44804538,0.197423309087753,-0.00489969924092293
29.458051803,0.198420390486717,-0.00734953070059419
29.468028417,0.197423309087753,-0.00489969924092293
29.478059164,0.196426212787628,-0.00244984962046146
29.488032676,0.197423309087753,0
29.498006243,0.198420405387878,-0.00244984962046146
29.508007277,0.198420405387878,-0.00244984962046146
29.518007279,0.20141164958477,0
29.528044422,0.202408730983734,-0.00244984962046146
29.538001608,0.202408730983734,0.00244984962046146
29.54805089,0.204402923583984,-0.00244984962046146
29.558039685,0.203405827283859,0
29.5680025,0.206397086381912,-0.00244984962046146
29.578050664,0.207394182682037,-0.00489969924092293
29.58800908,0.207394182682037,-0.00489969924092293
29.598024728,0.208391278982162,-0.00244984962046146
29.607989661,0.209388360381126,-0.00489969924092293
29.617983358,0.21038544178009,-0.00734953070059419
29.628003358,0.209388360381126,-0.00489969924092293
29.637984143,0.21038544178009,-0.00734953070059419
29.647981932,0.21038544178009,-0.00734953070059419
29.65798855,0.212379619479179,-0.00734953070059419
29.667983106,0.212379619479179,-0.00734953070059419
29.67801049,0.212379619479179,-0.00734953070059419
29.687978361,0.213376700878143,-0.00489968108013272
29.698005552,0.212379619479179,-0.00734953070059419
29.707978891,0.213376700878143,-0.00489968108013272
29.717989873,0.212379619479179,-0.00244983145967126
29.727964891,0.214373797178268,-0.00734953070059419
29.73795083,0.213376700878143,-0.00489968108013272
29.747996447,0.214373797178268,-0.00244984962046146
29.757994495,0.213376700878143,-0.00489968108013272
29.768012453,0.213376700878143,-0.00489968108013272
29.77798305,0.214373797178268,-0.00244984962046146
29.787952144,0.214373797178268,-0.00734953070059419
29.797974086,0.215370878577232,-0.00489969924092293
29.808001155,0.215370878577232,-0.00489969924092293
29.817976539,0.214373797178268,-0.00734953070059419
29.827923046,0.215370878577232,-0.00489969924092293
29.837944279,0.214373797178268,-0.00734953070059419
29.847958712,0.213376700878143,-0.00979938078671694
29.85799505,0.214373797178268,-0.00734953070059419
29.867985161,0.213376700878143,-0.00979938078671694
29.87795072,0.213376700878143,-0.00979938078671694
29.887996428,0.213376700878143,-0.00979938078671694
29.897941385,0.212379619479179,-0.00734953070059419
29.907976639,0.211382538080215,-0.00979938078671694
29.917951201,0.212379619479179,-0.0122492304071784
29.927953761,0.209388345479965,-0.00979938078671694
29.937956094,0.212379619479179,-0.00734953070059419
29.947948636,0.211382538080215,-0.00489968108013272
29.957955991,0.211382538080215,-0.00489968108013272
29.967942912,0.211382538080215,0
29.977946989,0.21038544178009,-0.00244984962046146
29.987958125,0.21038544178009,0.00244984962046146
29.997939546,0.21038544178009,0.00244984962046146
30.00796831,0.21038544178009,0.00244984962046146
30.017945299,0.21038544178009,0.00734953070059419
30.027948653,0.21038544178009,0.00734953070059419
30.037954614,0.209388360381126,0.00489969924092293
30.047950257,0.209388360381126,0.00489969924092293
30.057947148,0.207394182682037,0.00489969924092293
30.067951423,0.208391278982162,0.00244984962046146
30.077969271,0.207394182682037,0.00489969924092293
30.087938791,0.208391278982162,0.00244984962046146
30.097940771,0.207394182682037,0
30.107952511,0.206397086381912,0.00244984962046146
30.117954921,0.205400004982948,0
30.127953402,0.205400004982948,0
30.137946471,0.203405827283859,0
30.147950294,0.203405827283859,0
30.157943617,0.204402923583984,-0.00244984962046146
30.167942325,0.202408730983734,-0.00244984962046146
30.177950602,0.202408730983734,-0.00244984962046146
30.187952635,0.200414568185806,-0.00244983145967126
30.197950499,0.199417471885681,-0.00489968108013272
30.207923732,0.199417471885681,-0.00489968108013272
30.217946525,0.200414568185806,-0.00734953070059419
30.227929706,0.200414568185806,-0.00734953070059419
30.237944868,0.200414568185806,-0.00734953070059419
30.247943196,0.201411664485931,-0.00979938078671694
30.257924296,0.200414568185806,-0.00734953070059419
30.267929647,0.200414568185806,-0.00734953070059419
30.277946647,0.201411664485931,-0.00979938078671694
30.287923376,0.201411664485931,-0.00979938078671694
30.297931224,0.203405827283859,-0.00979938078671694
30.30793375,0.204402923583984,-0.0122492304071784
30.317930694,0.203405827283859,-0.00979938078671694
30.327927446,0.204402923583984,-0.00734954932704568
30.337951678,0.204402923583984,-0.00734954932704568
30.347930643,0.204402923583984,-0.00734954932704568
30.357935426,0.203405827283859,-0.00979938078671694
30.367944123,0.203405827283859,-0.00979938078671694
30.377929906,0.203405827283859,-0.00979938078671694
30.387932253,0.203405827283859,-0.00979938078671694
30.397923385,0.202408745884895,-0.00734953070059419
30.407933944,0.201411664485931,-0.00489968108013272
30.417929245,0.199417471885681,-0.00489968108013272
30.427945808,0.199417471885681,-0.00979938078671694
30.43792349,0.199417471885681,-0.00979938078671694
30.447930953,0.197423309087753,-0.00489969924092293
30.457929078,0.198420405387878,-0.00244984962046146
30.467933221,0.197423309087753,-0.00489969924092293
30.477927365,0.196426212787628,-0.00244984962046146
30.487930946,0.196426212787628,-0.00244984962046146
30.497936202,0.196426212787628,-0.00244984962046146
30.507929572,0.196426212787628,-0.00244984962046146
30.517929093,0.198420405387878,-0.00244984962046146
30.527928882,0.197423309087753,0
30.537920891,0.197423309087753,0
30.54793877,0.198420405387878,-0.00244984962046146
30.557919639,0.197423309087753,0
30.567914737,0.197423309087753,0
30.577944029,0.197423309087753,0
30.587918211,0.197423309087753,0
30.597925045,0.197423309087753,0
30.607958758,0.197423309087753,0
30.61791067,0.198420405387878,0.00244984962046146
30.627917433,0.198420405387878,0.00244984962046146
30.637942431,0.198420405387878,0.00244984962046146
30.647916407,0.198420405387878,0.00244984962046146
30.65792385,0.199417486786842,0
30.667944229,0.200414568185806,0.00244983145967126
30.67792161,0.200414568185806,0.00244983145967126
30.687920996,0.200414568185806,0.00244983145967126
30.697952202,0.200414568185806,0.00244983145967126
30.70793019,0.201411664485931,0.00489968108013272
30.717919638,0.200414568185806,0.00244983145967126
30.727946268,0.200414568185806,0.00244983145967126
30.737915677,0.200414568185806,0.00244983145967126
30.747919772,0.201411664485931,0.00489968108013272
30.757946888,0.201411664485931,0.00489968108013272
30.767914417,0.202408745884895,0.00734953070059419
30.777914579,0.202408745884895,0.00734953070059419
30.787962306,0.202408745884895,0.00734953070059419
30.797917316,0.202408745884895,0.00734953070059419
30.807919313,0.202408745884895,0.00734953070059419
30.817922179,0.202408745884895,0.00734953070059419
30.827911725,0.204402923583984,0.00734954932704568
30.837915684,0.204402923583984,0.00734954932704568
30.847906741,0.204402923583984,0.00734954932704568
30.857928575,0.204402923583984,0.0122492304071784
30.867913756,0.203405827283859,0.00979938078671694
30.877926652,0.205400004982948,0.00979939848184586
30.887938104,0.205400004982948,0.00979939848184586
30.897913814,0.206397086381912,0.0122492490336299
30.907917863,0.205400004982948,0.00979939848184586
30.917922695,0.206397086381912,0.0122492490336299
30.927919862,0.204402923583984,0.0122492304071784
30.937913768,0.204402923583984,0.0122492304071784
30.94793969,0.204402923583984,0.0122492304071784
30.95791447,0.204402923583984,0.00734954932704568
30.967909044,0.204402923583984,0.00734954932704568
30.977929842,0.204402923583984,0.00734954932704568
30.987922805,0.204402923583984,0.00734954932704568
30.997916323,0.204402923583984,0.00734954932704568
31.007913756,0.204402923583984,0.00734954932704568
31.017915364,0.204402923583984,0.00734954932704568
31.027920049,0.204402923583984,0.00734954932704568
31.037940612,0.205400004982948,0.00979939848184586
31.047913897,0.204402923583984,0.00734954932704568
31.057911639,0.204402923583984,0.0122492304071784
31.067947487,0.204402923583984,0.0122492304071784
31.077922973,0.203405827283859,0.0146990800276399
31.087925764,0.203405827283859,0.0146990800276399
31.097920076,0.203405827283859,0.0146990800276399
31.107917249,0.203405827283859,0.0146990800276399
31.117917805,0.203405827283859,0.0146990800276399
31.127937997,0.204402923583984,0.0171489305794239
31.137917232,0.203405827283859,0.0146990800276399
31.147921166,0.204402923583984,0.0171489305794239
31.157942473,0.204402923583984,0.0122492304071784
31.167933601,0.205400019884109,0.0146990800276399
31.177917081,0.205400004982948,0.00979939848184586
31.187924289,0.206397086381912,0.0122492490336299
31.197924697,0.205400004982948,0.00979939848184586
31.207920678,0.205400004982948,0.00979939848184586
31.217921136,0.205400004982948,0.00979939848184586
31.227924121,0.205400004982948,0.00489969924092293
31.237908964,0.205400004982948,0.00489969924092293
31.247931465,0.205400004982948,0.00489969924092293
31.257916469,0.206397086381912,0.00244984962046146
31.26792814,0.205400004982948,0
31.277917722,0.205400004982948,0.00489969924092293
31.28791648,0.205400004982948,0
31.297916042,0.206397086381912,0.00244984962046146
31.307913537,0.206397086381912,0.00244984962046146
31.317937154,0.206397086381912,-0.00244984962046146
31.327914012,0.206397086381912,0.00244984962046146
31.337920219,0.206397086381912,0.00244984962046146
31.347946596,0.205400004982948,0
31.35791407,0.206397086381912,0.00244984962046146
31.367917924,0.206397086381912,0.00244984962046146
31.377949024,0.205400004982948,0
31.387924311,0.206397086381912,0.00244984962046146
31.397915389,0.205400004982948,0
31.407969861,0.207394182682037,0
31.417911232,0.206397086381912,0.00244984962046146
31.427914209,0.207394182682037,0
31.437917162,0.207394182682037,0
31.447915329,0.209388360381126,0
31.457926527,0.207394182682037,0
31.467938504,0.209388360381126,0
31.477916114,0.209388360381126,0
31.487916059,0.208391278982162,-0.00244984962046146
31.497945226,0.209388360381126,0
31.507925424,0.208391278982162,-0.00244984962046146
31.517926175,0.21038544178009,-0.00244984962046146
31.52790004,0.208391278982162,-0.00244984962046146
31.537915195,0.21038544178009,-0.00244984962046146
31.547916528,0.209388360381126,-0.00489969924092293
31.557911576,0.21038544178009,-0.00244984962046146
31.567916501,0.21038544178009,-0.00244984962046146
31.577914073,0.211382538080215,-0.00489968108013272
31.587911005,0.211382538080215,0
31.597920943,0.212379619479179,-0.00244983145967126
31.607917891,0.212379619479179,-0.00244983145967126
31.617918757,0.212379619479179,-0.00244983145967126
31.62791121,0.214373797178268,-0.00244984962046146
31.637913014,0.212379619479179,-0.00244983145967126
31.647916565,0.213376700878143,0
31.657924189,0.213376700878143,-0.00489968108013272
31.667918347,0.212379619479179,-0.00244983145967126
31.677933276,0.212379619479179,-0.00244983145967126
31.687942156,0.212379619479179,-0.00244983145967126
31.697905519,0.211382538080215,-0.00489968108013272
31.70790749,0.21038544178009,-0.00244984962046146
31.717916774,0.21038544178009,-0.00244984962046146
31.727899269,0.208391278982162,-0.00244984962046146
31.737913488,0.209388360381126,0
31.747915008,0.208391278982162,-0.00244984962046146
31.757914309,0.208391278982162,0.00244984962046146
31.767905264,0.208391278982162,0.00244984962046146
31.777903355,0.208391278982162,0.00244984962046146
31.787913155,0.208391278982162,0.00244984962046146
31.797935075,0.207394182682037,0.00489969924092293
31.807914094,0.207394182682037,0.00489969924092293
31.817908111,0.207394182682037,0.00489969924092293
31.827908302,0.207394182682037,0.00489969924092293
31.837904288,0.206397086381912,0.00244984962046146
31.847909448,0.207394182682037,0.00489969924092293
31.857907774,0.206397086381912,0.00244984962046146
31.867907906,0.205400004982948,0
31.877910336,0.204402923583984,0.00244984962046146
31.887915673,0.204402923583984,-0.00244984962046146
31.897910754,0.204402923583984,-0.00244984962046146
31.907896324,0.205400004982948,-0.00489969924092293
31.917906888,0.203405827283859,-0.00489969924092293
31.927883588,0.202408745884895,-0.00734953070059419
31.937882127,0.202408745884895,-0.00734953070059419
31.947895653,0.200414568185806,-0.00734953070059419
31.957895251,0.200414568185806,-0.0122492304071784
31.967881201,0.200414568185806,-0.0122492304071784
31.977879735,0.201411664485931,-0.0146990800276399
31.987893045,0.200414568185806,-0.0122492304071784
31.997875115,0.200414568185806,-0.0122492304071784
32.007877653,0.200414568185806,-0.0122492304071784
32.017899695,0.200414568185806,-0.0122492304071784
32.027883761,0.201411664485931,-0.00979938078671694
32.037877606,0.202408745884895,-0.0122492304071784
32.047880511,0.202408745884895,-0.0122492304071784
32.057880198,0.202408745884895,-0.00734953070059419
32.067893342,0.203405827283859,-0.00489969924092293
32.07789494,0.202408730983734,-0.00244984962046146
32.088047041,0.202408730983734,-0.00244984962046146
32.097908493,0.202408730983734,-0.00244984962046146
32.107881857,0.20141164958477,0
32.117911643,0.20141164958477,0
32.127881934,0.201411664485931,0.00489968108013272
32.137924823,0.200414568185806,0.00734953070059419
32.147893773,0.200414568185806,0.00734953070059419
32.157915243,0.199417471885681,0.00979938078671694
32.167881962,0.199417471885681,0.00979938078671694
32.177891708,0.199417471885681,0.00979938078671694
32.187881875,0.198420390486717,0.0122492304071784
32.197917488,0.198420390486717,0.0122492304071784
32.207894809,0.198420390486717,0.0122492304071784
32.217879027,0.198420390486717,0.0122492304071784
32.227876081,0.198420390486717,0.00734953070059419
32.237879619,0.197423309087753,0.00979938078671694
32.247883666,0.198420390486717,0.0122492304071784
32.257878305,0.199417471885681,0.00979938078671694
32.267897974,0.199417471885681,0.00979938078671694
32.277881789,0.199417471885681,0.00979938078671694
32.287880018,0.200414568185806,0.00734953070059419
32.297894119,0.201411664485931,0.00979938078671694
32.307878107,0.202408745884895,0.0122492304071784
32.31788744,0.203405827283859,0.00979938078671694
32.327899179,0.202408745884895,0.0122492304071784
32.337875187,0.205400004982948,0.00979939848184586
32.347882101,0.204402923583984,0.00734954932704568
32.357901273,0.204402923583984,0.00734954932704568
32.367881973,0.203405827283859,0.00489969924092293
32.377891039,0.204402923583984,0.00244984962046146
32.387896535,0.203405827283859,0.00489969924092293
32.397879666,0.203405827283859,0
32.407879821,0.202408730983734,-0.00244984962046146
32.41790092,0.20141164958477,0
32.427876468,0.20141164958477,0
32.437882301,0.199417471885681,-0.00489968108013272
32.44790027,0.199417471885681,-0.00489968108013272
32.457877468,0.198420390486717,-0.00734953070059419
32.467876097,0.198420390486717,-0.00734953070059419
32.477877855,0.196426212787628,-0.00734954932704568
32.487816865,0.197423309087753,-0.00979938078671694
32.497875807,0.196426212787628,-0.00734954932704568
32.507905122,0.195429131388664,-0.00979939848184586
32.517879779,0.195429131388664,-0.00979939848184586
32.527877664,0.196426212787628,-0.0122492304071784
32.537901548,0.196426212787628,-0.00734954932704568
32.547881459,0.197423309087753,-0.00979938078671694
32.557876496,0.198420390486717,-0.00734953070059419
32.567882412,0.199417471885681,-0.00979938078671694
32.577874134,0.200414568185806,-0.00734953070059419
32.587911452,0.201411664485931,-0.00489968108013272
32.597892645,0.202408745884895,-0.00734953070059419
32.607895579,0.203405827283859,-0.00489969924092293
32.617893371,0.203405827283859,-0.00489969924092293
32.627878066,0.204402923583984,-0.00734954932704568
32.637880509,0.206397086381912,-0.00734954932704568
32.647882556,0.205400004982948,-0.00489969924092293
32.657901032,0.207394182682037,-0.00489969924092293
32.66788483,0.207394182682037,-0.00489969924092293
32.677879762,0.209388360381126,-0.00489969924092293
32.687907464,0.21038544178009,-0.00734953070059419
32.697885968,0.209388360381126,-0.00489969924092293
32.7078781,0.211382538080215,-0.00489968108013272
32.717896652,0.213376700878143,-0.00489968108013272
32.727879882,0.214373797178268,-0.00244984962046146
32.737888163,0.213376700878143,-0.00489968108013272
32.747903636,0.214373797178268,-0.00244984962046146
32.757886175,0.213376700878143,-0.00489968108013272
32.76788534,0.214373797178268,-0.00244984962046146
32.777897412,0.214373797178268,-0.00244984962046146
32.787885471,0.213376700878143,-0.00489968108013272
32.797879854,0.215370878577232,-0.00489969924092293
32.807906987,0.213376700878143,-0.00489968108013272
32.817877215,0.213376700878143,-0.00489968108013272
32.827880664,0.212379619479179,-0.00734953070059419
32.837892957,0.213376700878143,-0.00489968108013272
32.847912465,0.213376700878143,-0.00979938078671694
32.857888252,0.214373797178268,-0.00734953070059419
32.867908804,0.213376700878143,-0.00979938078671694
32.877894455,0.212379619479179,-0.00734953070059419
32.887907248,0.212379619479179,-0.00734953070059419
32.897897356,0.211382538080215,-0.00979938078671694
32.907906682,0.213376700878143,-0.00979938078671694
32.917882228,0.212379619479179,-0.0122492304071784
32.92790263,0.212379619479179,-0.00734953070059419
32.937883065,0.211382538080215,-0.00979938078671694
32.947882136,0.212379619479179,-0.00734953070059419
32.957895413,0.21038544178009,-0.00734953070059419
32.967888249,0.21038544178009,-0.00734953070059419
32.977878705,0.209388345479965,-0.00979938078671694
32.987876937,0.209388345479965,-0.00979938078671694
32.997912501,0.21038544178009,-0.00734953070059419
33.007876618,0.208391278982162,-0.00734954932704568
33.017900201,0.207394182682037,-0.00489969924092293
33.027878339,0.207394182682037,-0.00979939848184586
33.037878086,0.208391278982162,-0.00734954932704568
33.047893328,0.206397086381912,-0.00734954932704568
33.057878264,0.207394182682037,-0.00979939848184586
33.067882823,0.206397086381912,-0.00734954932704568
33.077898378,0.208391278982162,-0.00734954932704568
33.087875199,0.207394182682037,-0.00489969924092293
33.097881681,0.206397086381912,-0.00734954932704568
33.10789761,0.206397086381912,-0.00734954932704568
33.117881076,0.207394182682037,-0.00979939848184586
33.1278771,0.206397086381912,-0.00734954932704568
33.13790111,0.206397086381912,-0.00734954932704568
33.147880645,0.206397086381912,-0.00734954932704568
33.157883484,0.205400004982948,-0.00489969924092293
33.1678949,0.205400004982948,-0.00489969924092293
33.177881865,0.203405827283859,-0.00489969924092293
33.187887583,0.203405827283859,-0.00489969924092293
33.19789406,0.202408730983734,-0.00244984962046146
33.207875988,0.202408730983734,-0.00244984962046146
33.217879763,0.20141164958477,0
33.227896516,0.20141164958477,0
33.23788726,0.198420405387878,-0.00244984962046146
33.247876059,0.198420405387878,-0.00244984962046146
33.257906127,0.197423309087753,-0.00489969924092293
33.267884842,0.197423309087753,-0.00489969924092293
33.277877156,0.197423309087753,-0.00489969924092293
33.287900433,0.196426212787628,-0.00734954932704568
33.297778173,0.196426212787628,-0.00734954932704568
33.307881377,0.196426212787628,-0.00734954932704568
33.317895945,0.195429131388664,-0.00979939848184586
33.32787709,0.195429131388664,-0.00979939848184586
33.337877403,0.196426212787628,-0.00734954932704568
33.347885359,0.195429131388664,-0.00979939848184586
33.357876958,0.196426212787628,-0.00734954932704568
33.367879724,0.195429131388664,-0.00489969924092293
33.377899096,0.195429131388664,-0.00489969924092293
33.387670452,0.195429131388664,-0.00489969924092293
33.397879191,0.195429131388664,-0.00489969924092293
33.407900709,0.195429131388664,-0.00489969924092293
33.417880896,0.196426212787628,-0.00244984962046146
33.42787834,0.196426212787628,-0.00244984962046146
33.437904667,0.1944320499897,-0.00244984962046146
33.447879918,0.195429131388664,0
33.457886509,0.195429131388664,0
33.467908102,0.195429131388664,-0.00489969924092293
33.477880591,0.1944320499897,-0.00244984962046146
33.48786449,0.195429131388664,0
33.497871395,0.195429131388664,0
33.507853784,0.195429131388664,0
33.517856119,0.195429131388664,0
33.527871332,0.195429131388664,0
33.537854512,0.197423309087753,0
33.547853163,0.197423309087753,0
33.557865824,0.197423309087753,0
33.567850985,0.198420405387878,0.00244984962046146
33.577854696,0.200414568185806,-0.00244983145967126
33.587868224,0.200414568185806,-0.00244983145967126
33.597852562,0.200414568185806,-0.00244983145967126
33.607858274,0.200414568185806,-0.00244983145967126
33.617873337,0.200414568185806,0.00244983145967126
33.627861416,0.200414568185806,0.00244983145967126
33.637865309,0.20141164958477,0
33.647869228,0.202408730983734,0.00244984962046146
33.657851496,0.202408730983734,0.00244984962046146
33.667857134,0.203405827283859,0.00489969924092293
33.677866654,0.202408745884895,0.00734953070059419
33.687852782,0.203405827283859,0.00979938078671694
33.697851997,0.203405827283859,0.00979938078671694
33.707869723,0.204402923583984,0.0122492304071784
33.717854717,0.206397086381912,0.00734954932704568
33.727852236,0.206397086381912,0.00734954932704568
33.737869228,0.206397086381912,0.0122492490336299
33.747849125,0.206397086381912,0.0122492490336299
33.757854306,0.208391264081001,0.0122492304071784
33.767867732,0.208391264081001,0.0122492304071784
33.777856403,0.208391264081001,0.0122492304071784
33.787852608,0.209388345479965,0.00979938078671694
33.797877426,0.211382538080215,0.00979938078671694
33.807854108,0.211382538080215,0.00979938078671694
33.817855161,0.21038544178009,0.00734953070059419
33.827881258,0.211382538080215,0.00979938078671694
33.837853822,0.212379619479179,0.00734953070059419
33.847853543,0.213376700878143,0.00489968108013272
33.857854641,0.211382538080215,0.00489968108013272
33.867852642,0.212379619479179,0.00244983145967126
33.877915228,0.213376700878143,0.00489968108013272
33.887894404,0.213376700878143,0.00489968108013272
33.897920604,0.21038544178009,0.00734953070059419
33.907906734,0.21038544178009,0.00734953070059419
33.917911933,0.21038544178009,0.0122492304071784
33.92790713,0.21038544178009,0.00734953070059419
33.937916837,0.209388345479965,0.00979938078671694
33.947897185,0.206397086381912,0.0122492490336299
33.957917224,0.207394182682037,0.0146990800276399
33.967904301,0.206397086381912,0.0171489119529724
33.977918827,0.205400019884109,0.0146990800276399
33.987790862,0.204402923583984,0.0171489305794239
33.997912372,0.204402923583984,0.0171489305794239
34.007906439,0.204402923583984,0.0171489305794239
34.017904516,0.204402923583984,0.0171489305794239
34.027904379,0.203405827283859,0.0195987801998854
34.037900898,0.203405827283859,0.0195987801998854
34.047915119,0.205400004982948,0.0195987615734339
34.057933951,0.204402923583984,0.0171489305794239
34.06790124,0.204402923583984,0.0171489305794239
34.077904128,0.204402923583984,0.0171489305794239
34.087897628,0.204402923583984,0.0171489305794239
34.097911687,0.205400019884109,0.0146990800276399
34.107905817,0.205400019884109,0.0146990800276399
34.117903755,0.204402923583984,0.0122492304071784
34.127906024,0.205400019884109,0.0146990800276399
34.137913907,0.203405827283859,0.0146990800276399
34.147934317,0.203405827283859,0.00979938078671694
34.15789098,0.204402923583984,0.0122492304071784
34.167909906,0.203405827283859,0.00979938078671694
34.177923522,0.203405827283859,0.00979938078671694
34.187916249,0.202408745884895,0.00734953070059419
34.197905913,0.202408745884895,0.00734953070059419
34.207911739,0.202408745884895,0.00734953070059419
34.217907082,0.202408745884895,0.00734953070059419
34.227907821,0.202408730983734,0.00244984962046146
34.237932013,0.204402923583984,0.00244984962046146
34.24789915,0.203405827283859,0.00489969924092293
34.257897927,0.203405827283859,0
34.267927744,0.203405827283859,0
34.277902259,0.203405827283859,0
34.287913807,0.203405827283859,0
34.297903256,0.205400004982948,0
34.307903525,0.204402923583984,-0.00244984962046146
34.3178925,0.204402923583984,-0.00244984962046146
34.327904954,0.204402923583984,-0.00244984962046146
34.337918919,0.204402923583984,-0.00244984962046146
34.347914379,0.205400004982948,-0.00489969924092293
34.357930496,0.204402923583984,-0.00244984962046146
34.367909153,0.206397086381912,-0.00244984962046146
34.377914492,0.206397086381912,-0.00244984962046146
34.387937276,0.206397086381912,-0.00244984962046146
34.397906696,0.205400004982948,-0.00489969924092293
34.407894092,0.205400004982948,0
34.417916484,0.206397086381912,-0.00244984962046146
34.427907105,0.205400004982948,0
34.437903442,0.205400004982948,0
34.447934339,0.204402923583984,0.00244984962046146
34.45790638,0.205400004982948,0.00489969924092293
34.467909619,0.204402923583984,0.00244984962046146
34.477934817,0.204402923583984,0.00244984962046146
34.487894149,0.206397086381912,0.00244984962046146
34.49789188,0.206397086381912,0.00734954932704568
34.507903136,0.206397086381912,0.00244984962046146
34.517909806,0.207394182682037,0.00489969924092293
34.527894137,0.208391278982162,0.00734954932704568
34.53792497,0.207394182682037,0.00489969924092293
34.54776058,0.208391278982162,0.00734954932704568
34.557894208,0.208391278982162,0.00734954932704568
34.567931045,0.207394182682037,0.00979939848184586
34.577910345,0.208391264081001,0.0122492304071784
34.587905606,0.208391264081001,0.0122492304071784
34.597644385,0.209388345479965,0.00979938078671694
34.607920404,0.209388345479965,0.00979938078671694
34.617914433,0.209388345479965,0.00979938078671694
34.627780289,0.209388345479965,0.00979938078671694
34.63791014,0.21038544178009,0.0122492304071784
34.647910942,0.209388345479965,0.00979938078671694
34.657903062,0.209388345479965,0.00979938078671694
34.667918336,0.21038544178009,0.00734953070059419
34.677892526,0.209388360381126,0.00489969924092293
34.687899457,0.208391278982162,0.00734954932704568
34.697774566,0.206397086381912,0.00734954932704568
34.707779626,0.206397086381912,0.00734954932704568
34.717900399,0.204402923583984,0.00734954932704568
34.727904141,0.203405827283859,0.00489969924092293
34.737895191,0.203405827283859,0
34.747908845,0.203405827283859,0
34.757915335,0.202408730983734,-0.00244984962046146
34.767899291,0.202408730983734,0.00244984962046146
34.77792621,0.202408730983734,0.00244984962046146
34.787780585,0.20141164958477,0
34.797931285,0.20141164958477,0
34.807899452,0.20141164958477,0
34.817902026,0.202408730983734,0.00244984962046146
34.827902273,0.203405827283859,0
34.837932315,0.202408730983734,0.00244984962046146
34.847914095,0.202408730983734,0.00244984962046146
34.85791508,0.203405827283859,0.00489969924092293
34.867738577,0.203405827283859,0
34.8778949,0.203405827283859,0
34.88789688,0.205400004982948,0
34.897907103,0.205400004982948,0
34.907659043,0.206397086381912,-0.00244984962046146
34.91790172,0.205400004982948,-0.00489969924092293
34.927931459,0.205400004982948,-0.00489969924092293
34.937912439,0.205400004982948,-0.00489969924092293
34.947736735,0.206397086381912,-0.00734954932704568
34.957911736,0.206397086381912,-0.0122492490336299
34.967914953,0.205400004982948,-0.00979939848184586
34.977913359,0.205400004982948,-0.00979939848184586
34.987899964,0.204402923583984,-0.0122492304071784
34.997892716,0.204402923583984,-0.0122492304071784
35.007732767,0.204402923583984,-0.0122492304071784
35.017929145,0.204402923583984,-0.0122492304071784
35.027727615,0.205400004982948,-0.00979939848184586
35.037909444,0.205400004982948,-0.00979939848184586
35.047927074,0.204402923583984,-0.00734954932704568
35.057901349,0.203405827283859,-0.00489969924092293
35.0679206,0.203405827283859,-0.00489969924092293
35.07771574,0.204402923583984,-0.00734954932704568
35.087901066,0.204402923583984,-0.00244984962046146
35.097895304,0.204402923583984,-0.00244984962046146
35.107799888,0.203405827283859,0
35.117910164,0.203405827283859,0
35.127919461,0.203405827283859,0
35.137896648,0.203405827283859,0
35.147901128,0.203405827283859,0
35.157909404,0.204402923583984,-0.00244984962046146
35.167931532,0.205400004982948,-0.00489969924092293
35.177918257,0.205400004982948,0
35.187779154,0.204402923583984,-0.00244984962046146
35.197929847,0.204402923583984,-0.00244984962046146
35.207942746,0.205400004982948,-0.00489969924092293
35.217903359,0.205400004982948,-0.00489969924092293
35.227902739,0.203405827283859,-0.00489969924092293
35.237907257,0.204402923583984,-0.00734954932704568
35.247907143,0.204402923583984,-0.00734954932704568
35.257896911,0.203405827283859,-0.00489969924092293
35.267775418,0.203405827283859,-0.00489969924092293
35.277900366,0.201411664485931,-0.00489968108013272
35.287894296,0.202408745884895,-0.00734953070059419
35.297928093,0.202408745884895,-0.00734953070059419
35.307906267,0.201411664485931,-0.00489968108013272
35.317907309,0.202408745884895,-0.00734953070059419
35.327928348,0.202408745884895,-0.00734953070059419
35.33791808,0.201411664485931,-0.00489968108013272
35.347776926,0.202408730983734,-0.00244984962046146
35.357928939,0.203405827283859,-0.00489969924092293
35.367908391,0.202408730983734,-0.00244984962046146
35.377902009,0.204402923583984,-0.00244984962046146
35.387897874,0.204402923583984,-0.00244984962046146
35.397908725,0.204402923583984,-0.00244984962046146
35.407909356,0.206397086381912,-0.00244984962046146
35.417936459,0.205400004982948,0
35.427776411,0.205400004982948,0
35.437898163,0.206397086381912,-0.00244984962046146
35.447928994,0.206397086381912,-0.00244984962046146
35.457919115,0.205400004982948,0
35.467911418,0.205400004982948,0
35.477897686,0.204402923583984,-0.00244984962046146
35.487905872,0.205400004982948,0
35.49789944,0.205400004982948,0
35.507777371,0.203405827283859,0
35.517905417,0.203405827283859,0
35.527902176,0.203405827283859,0
35.537928779,0.202408730983734,0.00244984962046146
35.547909539,0.20141164958477,0
35.557911831,0.20141164958477,0
35.567908459,0.20141164958477,0
35.577905089,0.20141164958477,0
35.58778512,0.200414568185806,-0.00244983145967126
35.597897588,0.200414568185806,-0.00244983145967126
35.607911285,0.20141164958477,0
35.617909041,0.20141164958477,0
35.627898096,0.202408730983734,-0.00244984962046146
35.63790682,0.202408730983734,-0.00244984962046146
35.647904026,0.204402923583984,-0.00244984962046146
35.65792478,0.204402923583984,-0.00244984962046146
35.667787103,0.204402923583984,-0.00244984962046146
35.67792257,0.206397086381912,-0.00244984962046146
35.687909507,0.205400004982948,0
35.697908903,0.206397086381912,-0.00244984962046146
35.707897555,0.206397086381912,-0.00244984962046146
35.717939471,0.206397086381912,-0.00244984962046146
35.727898953,0.207394182682037,0
35.737898541,0.207394182682037,0
35.747777949,0.207394182682037,0
35.757910635,0.207394182682037,0
35.767913495,0.209388360381126,0
35.777923888,0.207394182682037,0
35.787899189,0.208391278982162,0.00244984962046146
35.797906714,0.208391278982162,0.00244984962046146
35.807927578,0.207394182682037,0
35.81790674,0.208391278982162,0.00244984962046146
35.827780072,0.207394182682037,0
35.837896926,0.207394182682037,0
35.847907608,0.205400004982948,0
35.857904672,0.206397086381912,-0.00244984962046146
35.867932677,0.204402923583984,-0.00244984962046146
35.877906922,0.204402923583984,-0.00244984962046146
35.887908906,0.204402923583984,-0.00734954932704568
35.89790663,0.203405827283859,-0.00489969924092293
35.907776779,0.204402923583984,-0.00734954932704568
35.917902794,0.203405827283859,-0.00979938078671694
35.927906646,0.202408745884895,-0.00734953070059419
35.937908261,0.203405827283859,-0.00979938078671694
35.94790964,0.202408745884895,-0.0122492304071784
35.957894239,0.202408745884895,-0.0122492304071784
35.967902133,0.202408745884895,-0.0122492304071784
35.977932958,0.203405827283859,-0.0146990800276399
35.987779138,0.202408745884895,-0.0122492304071784
35.997910195,0.201411664485931,-0.0146990800276399
36.007898428,0.201411664485931,-0.0146990800276399
36.017894155,0.202408745884895,-0.0171489305794239
36.027905581,0.202408745884895,-0.0171489305794239
36.037932694,0.202408745884895,-0.0171489305794239
36.047907703,0.203405827283859,-0.0146990800276399
36.057899598,0.203405827283859,-0.0146990800276399
36.067754432,0.203405827283859,-0.0146990800276399
36.077924976,0.202408745884895,-0.0122492304071784
36.087897331,0.202408745884895,-0.0122492304071784
36.09790935,0.204402923583984,-0.00734954932704568
36.107911611,0.204402923583984,-0.00734954932704568
36.117898916,0.203405827283859,0
36.127907658,0.205400004982948,0
36.137903429,0.204402923583984,0.00244984962046146
36.147772288,0.205400004982948,0.00489969924092293
36.157910996,0.204402923583984,0.00734954932704568
36.167896803,0.205400004982948,0.00979939848184586
36.177901186,0.205400019884109,0.0146990800276399
36.187908909,0.205400019884109,0.0146990800276399
36.197896442,0.205400019884109,0.0146990800276399
36.207902951,0.203405827283859,0.0195987801998854
36.217905526,0.204402923583984,0.0171489305794239
36.227771713,0.202408745884895,0.0171489305794239
36.23786317,0.203405827283859,0.0195987801998854
36.247893442,0.202408745884895,0.0220486298203468
36.257915822,0.204402923583984,0.0220486111938953
36.26793269,0.204402923583984,0.0220486111938953
36.27790738,0.205400004982948,0.0195987615734339
36.287924128,0.205400004982948,0.0195987615734339
36.297898634,0.205400004982948,0.0195987615734339
36.307762155,0.207394182682037,0.0195987615734339
36.317908803,0.208391264081001,0.0171489305794239
36.327901339,0.209388345479965,0.0195987801998854
36.337903181,0.21038544178009,0.0171489305794239
36.34791115,0.211382538080215,0.0146990800276399
36.357922535,0.211382538080215,0.0146990800276399
36.367906502,0.21038544178009,0.0122492304071784
36.37790917,0.209388345479965,0.00979938078671694
36.387777052,0.21038544178009,0.00734953070059419
36.397903158,0.209388360381126,0.00489969924092293
36.407902696,0.209388360381126,0
36.417875078,0.207394182682037,0
36.427911033,0.207394182682037,-0.00489969924092293
36.43790159,0.205400004982948,-0.00489969924092293
36.447907367,0.204402923583984,-0.00734954932704568
36.457930617,0.201411664485931,-0.00979938078671694
36.46777586,0.201411664485931,-0.00979938078671694
36.477911651,0.201411664485931,-0.00979938078671694
36.487925812,0.201411664485931,-0.00979938078671694
36.497904098,0.201411664485931,-0.00979938078671694
36.507892645,0.199417471885681,-0.00979938078671694
36.517928681,0.199417471885681,-0.00979938078671694
36.527905633,0.198420390486717,-0.00734953070059419
36.537915846,0.198420390486717,-0.00734953070059419
36.547776811,0.198420390486717,-0.00734953070059419
36.557911517,0.199417471885681,-0.00489968108013272
36.567904524,0.199417471885681,-0.00489968108013272
36.577892821,0.199417471885681,-0.00489968108013272
36.587931048,0.199417471885681,-0.00489968108013272
36.597894682,0.199417486786842,0
36.607910129,0.200414568185806,0.00244983145967126
36.617927514,0.20141164958477,0
36.627771806,0.202408730983734,0.00244984962046146
36.637905604,0.202408730983734,0.00244984962046146
36.647926759,0.202408730983734,0.00244984962046146
36.657917605,0.203405827283859,0.00489969924092293
36.667895409,0.203405827283859,0.00489969924092293
36.677934283,0.203405827283859,0.00489969924092293
36.687893329,0.203405827283859,0.00979938078671694
36.697910865,0.203405827283859,0.00489969924092293
36.707801625,0.203405827283859,0.00489969924092293
36.717909362,0.204402923583984,0.00734954932704568
36.727900668,0.203405827283859,0.00489969924092293
36.737907953,0.203405827283859,0.00489969924092293
36.747902881,0.204402923583984,0.00734954932704568
36.757954586,0.203405827283859,0.00489969924092293
36.767897777,0.204402923583984,0.00734954932704568
36.777902395,0.204402923583984,0.00734954932704568
36.787799465,0.204402923583984,0.00734954932704568
36.79791326,0.205400004982948,0.00489969924092293
36.807904191,0.206397086381912,0.00734954932704568
36.817899055,0.204402923583984,0.00734954932704568
36.827894066,0.205400004982948,0.00979939848184586
36.837895057,0.206397086381912,0.00734954932704568
36.84790724,0.206397086381912,0.00734954932704568
36.857908953,0.207394182682037,0.00489969924092293
36.86777054,0.207394182682037,0.00489969924092293
36.877863886,0.207394182682037,0.00489969924092293
36.887907699,0.207394182682037,0.00489969924092293
36.897546812,0.206397086381912,0.00734954932704568
36.90791692,0.207394182682037,0.00489969924092293
36.917906799,0.207394182682037,0.00489969924092293
36.927909682,0.206397086381912,0.00244984962046146
36.937914249,0.206397086381912,0.00734954932704568
36.947760489,0.205400004982948,0.00489969924092293
36.957900588,0.205400004982948,0.00979939848184586
36.967908802,0.204402923583984,0.00734954932704568
36.977893296,0.206397086381912,0.00734954932704568
36.987880967,0.205400004982948,0.00489969924092293
36.997905743,0.206397086381912,0.00734954932704568
37.007911664,0.204402923583984,0.00734954932704568
37.017881161,0.205400004982948,0.00489969924092293
37.027761029,0.206397086381912,0.00734954932704568
37.037902867,0.205400004982948,0.00489969924092293
37.047900618,0.205400004982948,0.00489969924092293
37.05789801,0.204402923583984,0.00244984962046146
37.067907872,0.205400004982948,0
37.077897596,0.204402923583984,0.00244984962046146
37.087913461,0.204402923583984,0.00244984962046146
37.097905865,0.203405827283859,0
37.107776356,0.203405827283859,0
37.117904904,0.202408730983734,0.00244984962046146
37.127912466,0.20141164958477,0
37.137896865,0.202408730983734,0.00244984962046146
37.147893958,0.202408730983734,0.00244984962046146
37.157907021,0.202408730983734,0.00244984962046146
37.167932037,0.201411664485931,0.00489968108013272
37.177911724,0.199417471885681,0.00489968108013272
37.187772538,0.200414568185806,0.00244983145967126
37.197929001,0.201411664485931,0.00489968108013272
37.207911464,0.201411664485931,0.00489968108013272
37.217906371,0.201411664485931,0.00489968108013272
37.227895341,0.200414568185806,0.00734953070059419
37.237899282,0.200414568185806,0.00244983145967126
37.247914141,0.199417471885681,0.00489968108013272
37.257921326,0.200414568185806,0.00244983145967126
37.267808509,0.200414568185806,0.00244983145967126
37.277905582,0.202408730983734,0.00244984962046146
37.287896311,0.201411664485931,0.00489968108013272
37.29789825,0.200414568185806,0.00244983145967126
37.307909518,0.20141164958477,0
37.317897007,0.20141164958477,0
37.327693214,0.202408730983734,-0.00244984962046146
37.337906426,0.20141164958477,0
37.347777151,0.204402923583984,-0.00244984962046146
37.357908457,0.203405827283859,0
37.367903095,0.204402923583984,-0.00244984962046146
37.377927466,0.203405827283859,-0.00489969924092293
37.387892724,0.203405827283859,-0.00489969924092293
37.397906496,0.203405827283859,-0.00489969924092293
37.407924057,0.203405827283859,0
37.417907185,0.203405827283859,0
37.427776689,0.203405827283859,0
37.437934481,0.205400004982948,0
37.447896497,0.203405827283859,0
37.45791,0.204402923583984,0.00244984962046146
37.467929684,0.203405827283859,0.00489969924092293
37.477912259,0.205400004982948,0.00489969924092293
37.487906277,0.205400004982948,0.00489969924092293
37.497925041,0.207394182682037,0.00489969924092293
37.507780004,0.206397086381912,0.00244984962046146
37.517903631,0.207394182682037,0.00489969924092293
37.52792586,0.207394182682037,0.00489969924092293
37.537916355,0.206397086381912,0.00734954932704568
37.547907802,0.207394182682037,0.00489969924092293
37.557924943,0.206397086381912,0.00244984962046146
37.567892021,0.208391278982162,0.00244984962046146
37.577905649,0.206397086381912,0.00244984962046146
37.587781454,0.207394182682037,0.00489969924092293
37.597893997,0.206397086381912,0.00244984962046146
37.60791351,0.206397086381912,0.00244984962046146
37.617898205,0.206397086381912,0.00244984962046146
37.627909516,0.207394182682037,0.00489969924092293
37.63791631,0.207394182682037,0
37.647940947,0.207394182682037,0.00489969924092293
37.657908999,0.209388360381126,0.00489969924092293
37.667795466,0.207394182682037,0.00489969924092293
37.677910249,0.209388360381126,0.00489969924092293
37.687907933,0.21038544178009,0.00244984962046146
37.697890815,0.21038544178009,0.00734953070059419
37.707902624,0.212379619479179,0.00734953070059419
37.717916492,0.213376700878143,0.00489968108013272
37.727918894,0.214373797178268,0.00244984962046146
37.737930612,0.215370878577232,0.00489969924092293
37.747785786,0.216367959976196,0.00244984962046146
37.757908441,0.215370878577232,0.00489969924092293
37.767908237,0.217365056276321,0.00489969924092293
37.777933019,0.217365056276321,0.00489969924092293
37.787900253,0.216367959976196,0.00244984962046146
37.797906811,0.217365056276321,0
37.807931372,0.216367959976196,-0.00244984962046146
37.817906881,0.214373797178268,-0.00244984962046146
37.827811313,0.212379619479179,-0.00244983145967126
37.837916935,0.211382538080215,-0.00489968108013272
37.847894798,0.209388360381126,-0.00489969924092293
37.857895679,0.209388345479965,-0.00979938078671694
37.867903073,0.206397086381912,-0.0122492490336299
37.877897585,0.205400019884109,-0.0146990800276399
37.887899071,0.203405827283859,-0.0146990800276399
37.897902652,0.201411664485931,-0.0146990800276399
37.907773399,0.200414568185806,-0.0122492304071784
37.917898924,0.199417471885681,-0.0146990800276399
37.92791232,0.200414568185806,-0.0171489305794239
37.937907684,0.199417471885681,-0.0146990800276399
37.947926239,0.200414568185806,-0.0171489305794239
37.957907977,0.198420390486717,-0.0122492304071784
37.967904473,0.200414568185806,-0.0122492304071784
37.977912434,0.198420390486717,-0.00734953070059419
37.987787221,0.199417471885681,-0.00489968108013272
37.997899451,0.199417471885681,-0.00489968108013272
38.007909568,0.199417471885681,-0.00489968108013272
38.017908308,0.20141164958477,0
38.02790152,0.200414568185806,0.00244983145967126
38.037909175,0.200414568185806,0.00244983145967126
38.047917358,0.199417471885681,0.00489968108013272
38.057905301,0.199417486786842,0
38.067809628,0.198420405387878,0.00244984962046146
38.077916847,0.199417486786842,0
38.087908463,0.199417486786842,0
38.097912497,0.200414568185806,-0.00244983145967126
38.107904686,0.200414568185806,-0.00244983145967126
38.11791259,0.199417471885681,-0.00489968108013272
38.127912012,0.199417471885681,-0.00489968108013272
38.137897551,0.199417471885681,-0.00489968108013272
38.147790163,0.199417471885681,-0.00489968108013272
38.15792867,0.200414568185806,-0.00244983145967126
38.167903959,0.201411664485931,-0.00489968108013272
38.177901514,0.201411664485931,-0.00489968108013272
38.187908421,0.201411664485931,-0.00489968108013272
38.19790308,0.201411664485931,-0.00489968108013272
38.207893363,0.201411664485931,-0.00489968108013272
38.217914963,0.202408745884895,-0.00734953070059419
38.227793495,0.202408745884895,-0.00734953070059419
38.237900152,0.203405827283859,-0.00979938078671694
38.247915666,0.203405827283859,-0.00979938078671694
38.257906656,0.203405827283859,-0.00979938078671694
38.267899786,0.203405827283859,-0.00979938078671694
38.277912562,0.203405827283859,-0.00979938078671694
38.287922695,0.204402923583984,-0.0122492304071784
38.297916549,0.203405827283859,-0.00979938078671694
38.307811737,0.203405827283859,-0.00979938078671694
38.317903207,0.203405827283859,-0.00979938078671694
38.327917955,0.203405827283859,-0.00979938078671694
38.337914949,0.202408745884895,-0.00734953070059419
38.347904483,0.203405827283859,-0.00979938078671694
38.357903556,0.203405827283859,-0.00979938078671694
38.367908779,0.203405827283859,-0.00979938078671694
38.377912514,0.203405827283859,-0.00979938078671694
38.387786278,0.203405827283859,-0.00489969924092293
38.39751241,0.203405827283859,-0.00489969924092293
38.407912277,0.203405827283859,-0.00489969924092293
38.41790656,0.202408730983734,-0.00244984962046146
38.427912845,0.203405827283859,-0.00489969924092293
38.437918913,0.203405827283859,-0.00489969924092293
38.447903921,0.203405827283859,0
38.457914566,0.203405827283859,0
38.467788638,0.203405827283859,0.00489969924092293
38.477911716,0.204402923583984,0.00244984962046146
38.487921073,0.203405827283859,0
38.497431731,0.203405827283859,0
38.507903149,0.204402923583984,0.00244984962046146
38.517903299,0.204402923583984,0.00244984962046146
38.52791337,0.203405827283859,0.00489969924092293
38.537905116,0.203405827283859,0.00489969924092293
38.547795986,0.201411664485931,0.00489968108013272
38.557906357,0.202408745884895,0.00734953070059419
38.567912969,0.200414568185806,0.00734953070059419
38.577893375,0.199417471885681,0.00979938078671694
38.587905995,0.200414568185806,0.0122492304071784
38.597590506,0.200414568185806,0.0122492304071784
38.607904545,0.199417471885681,0.00979938078671694
38.617910247,0.198420390486717,0.0122492304071784
38.627789115,0.200414568185806,0.0122492304071784
38.637920644,0.199417471885681,0.0146990800276399
38.647908104,0.201411664485931,0.0146990800276399
38.657909567,0.200414568185806,0.0122492304071784
38.667907263,0.201411664485931,0.00979938078671694
38.677904215,0.202408745884895,0.0122492304071784
38.687906562,0.202408745884895,0.00734953070059419
38.697873142,0.203405827283859,0.00979938078671694
38.707814884,0.203405827283859,0.00979938078671694
38.717911272,0.205400004982948,0.00979939848184586
38.727928645,0.203405827283859,0.00979938078671694
38.737899492,0.206397086381912,0.00734954932704568
38.747900971,0.205400004982948,0.00489969924092293
38.757910325,0.206397086381912,0.00734954932704568
38.767910502,0.207394182682037,0.00979939848184586
38.777909813,0.206397086381912,0.00734954932704568
38.78781124,0.206397086381912,0.0122492490336299
38.797942528,0.205400004982948,0.00979939848184586
38.807906088,0.206397086381912,0.0122492490336299
38.817912508,0.206397086381912,0.0122492490336299
38.827905372,0.206397086381912,0.0122492490336299
38.837911809,0.205400019884109,0.0146990800276399
38.847910253,0.206397086381912,0.0171489119529724
38.857915956,0.205400019884109,0.0146990800276399
38.867815264,0.206397086381912,0.0122492490336299
38.87791119,0.206397086381912,0.0122492490336299
38.887898709,0.207394182682037,0.00979939848184586
38.897897955,0.208391264081001,0.0122492304071784
38.907925326,0.208391278982162,0.00734954932704568
38.917905294,0.207394182682037,0.00489969924092293
38.927897837,0.209388360381126,0.00489969924092293
38.937908932,0.209388360381126,0
38.947814728,0.208391278982162,-0.00244984962046146
38.957903698,0.21038544178009,-0.00244984962046146
38.967909079,0.209388360381126,-0.00489969924092293
38.977905545,0.209388360381126,-0.00489969924092293
38.987903202,0.208391278982162,-0.00734954932704568
38.997879508,0.208391278982162,-0.00734954932704568
39.00785349,0.208391278982162,-0.00734954932704568
39.017895308,0.208391278982162,-0.00734954932704568
39.027828136,0.207394182682037,-0.00979939848184586
39.037890035,0.208391278982162,-0.00734954932704568
39.047898173,0.208391278982162,-0.00734954932704568
39.057911853,0.207394182682037,-0.00979939848184586
39.067895421,0.207394182682037,-0.00489969924092293
39.077908588,0.208391278982162,-0.00734954932704568
39.087912965,0.208391278982162,-0.00244984962046146
39.097918592,0.208391278982162,-0.00734954932704568
39.107804827,0.209388360381126,-0.00489969924092293
39.117910978,0.209388360381126,-0.00489969924092293
39.127911868,0.21038544178009,-0.00244984962046146
39.137901244,0.208391278982162,-0.00244984962046146
39.147910081,0.21038544178009,-0.00244984962046146
39.157887317,0.21038544178009,-0.00244984962046146
39.167958291,0.211382538080215,-0.00489968108013272
39.177909917,0.211382538080215,-0.00489968108013272
39.187814615,0.211382538080215,-0.00979938078671694
39.197904205,0.211382538080215,-0.00489968108013272
39.207910739,0.209388360381126,-0.00489969924092293
39.217905453,0.21038544178009,-0.00734953070059419
39.227909304,0.208391278982162,-0.00734954932704568
39.23790895,0.209388345479965,-0.00979938078671694
39.247908518,0.207394182682037,-0.00979939848184586
39.257906224,0.207394182682037,-0.00979939848184586
39.267817222,0.206397086381912,-0.00734954932704568
39.277903811,0.206397086381912,-0.00734954932704568
39.287911448,0.206397086381912,-0.00734954932704568
39.297915176,0.205400004982948,-0.00979939848184586
39.307912337,0.205400004982948,-0.00979939848184586
39.317910457,0.205400004982948,-0.00979939848184586
39.327914552,0.207394182682037,-0.00979939848184586
39.337900969,0.206397086381912,-0.00734954932704568
39.347831382,0.207394182682037,-0.00979939848184586
39.357907545,0.207394182682037,-0.00489969924092293
39.367911046,0.207394182682037,-0.00979939848184586
39.377908622,0.206397086381912,-0.00734954932704568
39.387918432,0.205400004982948,-0.00489969924092293
39.397912463,0.206397086381912,-0.00734954932704568
39.407920858,0.206397086381912,-0.00734954932704568
39.417909049,0.205400004982948,-0.00489969924092293
39.427786726,0.203405827283859,-0.00489969924092293
39.437905429,0.203405827283859,-0.00489969924092293
39.447907118,0.202408730983734,-0.00244984962046146
39.457915058,0.202408745884895,-0.00734953070059419
39.467904011,0.201411664485931,-0.00489968108013272
39.477907689,0.201411664485931,-0.00489968108013272
39.487908931,0.201411664485931,-0.00489968108013272
39.497913716,0.200414568185806,-0.00244983145967126
39.507821245,0.200414568185806,-0.00244983145967126
39.517896786,0.200414568185806,-0.00244983145967126
39.527909457,0.200414568185806,-0.00244983145967126
39.537892804,0.200414568185806,-0.00244983145967126
39.547910072,0.200414568185806,-0.00244983145967126
39.557902353,0.199417486786842,0
39.567898716,0.199417486786842,0
39.577911213,0.199417486786842,0
39.587839241,0.199417486786842,0
39.597913312,0.199417486786842,0
39.607917637,0.20141164958477,0
39.617333477,0.20141164958477,0
39.627906529,0.20141164958477,0
39.637912217,0.20141164958477,0
39.647910939,0.20141164958477,0
39.657911722,0.202408730983734,0.00244984962046146
39.667823994,0.202408730983734,0.00244984962046146
39.677904012,0.203405827283859,0
39.687918645,0.203405827283859,0
39.69791139,0.203405827283859,0
39.707910955,0.202408730983734,0.00244984962046146
39.717890627,0.202408730983734,0.00244984962046146
39.727904639,0.202408730983734,0.00244984962046146
39.737905379,0.204402923583984,0.00244984962046146
39.747811364,0.204402923583984,0.00244984962046146
39.757907183,0.204402923583984,0.00244984962046146
39.76790848,0.204402923583984,0.00244984962046146
39.777901347,0.203405827283859,0.00489969924092293
39.787912426,0.203405827283859,0.00489969924092293
39.797904079,0.204402923583984,0.00734954932704568
39.807903428,0.203405827283859,0.00489969924092293
39.817898777,0.204402923583984,0.00244984962046146
39.827815716,0.204402923583984,0.00244984962046146
39.837912419,0.202408730983734,0.00244984962046146
39.847911111,0.202408730983734,0.00244984962046146
39.857904756,0.20141164958477,0
39.86790816,0.20141164958477,0
39.8779097,0.203405827283859,0
39.887928729,0.203405827283859,0
39.897908387,0.202408730983734,-0.00244984962046146
39.90782014,0.202408730983734,-0.00244984962046146
39.917915239,0.20141164958477,0
39.927916178,0.201411664485931,-0.00489968108013272
39.937905642,0.201411664485931,-0.00489968108013272
39.947908752,0.201411664485931,-0.00489968108013272
39.957893804,0.201411664485931,-0.00489968108013272
39.967903755,0.202408745884895,-0.00734953070059419
39.97790299,0.200414568185806,-0.00734953070059419
39.987816691,0.200414568185806,-0.00734953070059419
39.997349314,0.201411664485931,-0.00979938078671694
40.007388376,0.201411664485931,-0.00979938078671694
40.017903817,0.202408745884895,-0.0122492304071784
40.02790164,0.204402923583984,-0.00734954932704568
40.037903252,0.205400004982948,-0.00979939848184586
40.047910798,0.205400004982948,-0.00979939848184586
40.057911101,0.206397086381912,-0.0122492490336299
40.067822748,0.206397086381912,-0.00734954932704568
40.077717874,0.207394182682037,-0.00979939848184586
40.087402426,0.208391278982162,-0.00734954932704568
40.097402746,0.208391278982162,-0.00734954932704568
40.107348715,0.209388360381126,-0.00489969924092293
40.117901735,0.21038544178009,-0.00244984962046146
40.127909511,0.208391278982162,-0.00244984962046146
40.137922875,0.208391278982162,0.00244984962046146
40.14785029,0.209388360381126,0.00489969924092293
40.157905466,0.208391278982162,0.00734954932704568
40.167891945,0.207394182682037,0.00489969924092293
40.177914182,0.206397086381912,0.0122492490336299
40.187912773,0.205400004982948,0.00979939848184586
40.197611103,0.205400019884109,0.0146990800276399
40.207552066,0.203405827283859,0.0146990800276399
40.217908856,0.201411664485931,0.0146990800276399
40.22782173,0.200414568185806,0.0171489305794239
40.237912056,0.199417471885681,0.0146990800276399
40.247910775,0.199417471885681,0.0146990800276399
40.257913586,0.198420390486717,0.0171489305794239
40.267910172,0.198420390486717,0.0171489305794239
40.277221218,0.199417471885681,0.0146990800276399
40.287868353,0.199417471885681,0.0146990800276399
40.297743464,0.197423309087753,0.0146990800276399
40.30769777,0.199417471885681,0.0146990800276399
40.317870417,0.199417471885681,0.0146990800276399
40.327853237,0.201411664485931,0.00979938078671694
40.337852198,0.202408745884895,0.0122492304071784
40.347869929,0.201411664485931,0.00979938078671694
40.357852537,0.202408745884895,0.00734953070059419
40.367850465,0.202408745884895,0.00734953070059419
40.377868221,0.202408730983734,0.00244984962046146
40.387765134,0.202408730983734,0.00244984962046146
40.397833696,0.203405827283859,0
40.407870337,0.202408730983734,-0.00244984962046146
40.417850968,0.202408745884895,-0.00734953070059419
40.427854365,0.201411664485931,-0.00489968108013272
40.437867336,0.200414568185806,-0.00734953070059419
40.447856039,0.199417471885681,-0.00979938078671694
40.457852542,0.199417471885681,-0.00979938078671694
40.467801485,0.198420390486717,-0.0122492304071784
40.4778494,0.198420390486717,-0.0122492304071784
40.487854698,0.198420390486717,-0.0122492304071784
40.497872898,0.198420390486717,-0.0122492304071784
40.507857264,0.197423309087753,-0.0146990800276399
40.517851578,0.199417471885681,-0.00979938078671694
40.527872762,0.198420390486717,-0.0122492304071784
40.537852518,0.198420390486717,-0.0122492304071784
40.547768538,0.200414568185806,-0.0122492304071784
40.557868329,0.200414568185806,-0.0122492304071784
40.567854413,0.202408745884895,-0.0122492304071784
40.577862099,0.202408745884895,-0.00734953070059419
40.587868485,0.202408745884895,-0.00734953070059419
40.597849103,0.202408745884895,-0.00734953070059419
40.607853557,0.204402923583984,-0.00734954932704568
40.617867204,0.204402923583984,-0.00734954932704568
40.627771019,0.205400004982948,-0.00489969924092293
40.637852132,0.207394182682037,-0.00489969924092293
40.647867382,0.206397086381912,-0.00244984962046146
40.6578508,0.207394182682037,0
40.667854026,0.207394182682037,0
40.677870014,0.206397086381912,-0.00244984962046146
40.687851004,0.208391278982162,-0.00244984962046146
40.697854426,0.208391278982162,-0.00244984962046146
40.707804081,0.208391278982162,0.00244984962046146
40.717853378,0.207394182682037,0
40.727854295,0.207394182682037,0
40.737869224,0.206397086381912,-0.00244984962046146
40.747854448,0.207394182682037,0
40.75785414,0.207394182682037,-0.00489969924092293
40.767869561,0.208391278982162,-0.00244984962046146
40.777857479,0.209388360381126,-0.00489969924092293
40.787772202,0.208391278982162,-0.00244984962046146
40.797876055,0.209388360381126,-0.00489969924092293
40.807863347,0.21038544178009,-0.00734953070059419
40.817853452,0.21038544178009,-0.00734953070059419
40.827866126,0.212379619479179,-0.00734953070059419
40.83785266,0.213376700878143,-0.00489968108013272
40.847850774,0.214373797178268,-0.00734953070059419
40.857867515,0.214373797178268,-0.00734953070059419
40.867776515,0.213376700878143,-0.00489968108013272
40.877856456,0.213376700878143,-0.00489968108013272
40.887853486,0.214373797178268,-0.00734953070059419
40.897853741,0.215370878577232,-0.00489969924092293
40.907850821,0.215370878577232,-0.00489969924092293
40.91785613,0.215370878577232,-0.00489969924092293
40.927853815,0.214373797178268,-0.00244984962046146
40.937858831,0.214373797178268,-0.00244984962046146
40.947807511,0.212379619479179,-0.00244983145967126
40.957854494,0.212379619479179,-0.00244983145967126
40.967850152,0.213376700878143,-0.00489968108013272
40.977878603,0.212379619479179,-0.00244983145967126
40.987849512,0.211382538080215,-0.00489968108013272
40.997852684,0.21038544178009,-0.00244984962046146
41.00785093,0.209388360381126,-0.00489969924092293
41.017856048,0.208391278982162,-0.00244984962046146
41.027776381,0.207394182682037,-0.00489969924092293
41.037852304,0.206397086381912,-0.00734954932704568
41.047850668,0.206397086381912,-0.00734954932704568
41.057851909,0.205400004982948,-0.00489969924092293
41.067853142,0.204402923583984,-0.00734954932704568
41.077870624,0.203405827283859,-0.00979938078671694
41.087855558,0.202408745884895,-0.00734953070059419
41.097862126,0.202408745884895,-0.0122492304071784
41.10780777,0.201411664485931,-0.00979938078671694
41.117852634,0.201411664485931,-0.00979938078671694
41.127850298,0.201411664485931,-0.00979938078671694
41.137869741,0.201411664485931,-0.00979938078671694
41.147855822,0.200414568185806,-0.00734953070059419
41.157852403,0.201411664485931,-0.00979938078671694
41.167870503,0.200414568185806,-0.00734953070059419
41.177854166,0.201411664485931,-0.00489968108013272
41.187779278,0.202408730983734,-0.00244984962046146
41.19787797,0.20141164958477,0
41.207856895,0.202408730983734,-0.00244984962046146
41.217853175,0.202408730983734,-0.00244984962046146
41.227869695,0.202408730983734,-0.00244984962046146
41.237854391,0.20141164958477,0
41.247858717,0.203405827283859,-0.00489969924092293
41.257865491,0.202408730983734,-0.00244984962046146
41.267778751,0.202408730983734,-0.00244984962046146
41.277852235,0.202408730983734,-0.00244984962046146
41.287855527,0.201411664485931,-0.00489968108013272
41.297776775,0.202408745884895,-0.00734953070059419
41.307772781,0.201411664485931,-0.00489968108013272
41.317292853,0.200414568185806,-0.00244983145967126
41.32785104,0.20141164958477,0
41.337851932,0.202408730983734,-0.00244984962046146
41.347781617,0.20141164958477,0
41.357877738,0.20141164958477,0
41.367853047,0.200414568185806,0.00244983145967126
41.37785362,0.200414568185806,0.00244983145967126
41.387869319,0.200414568185806,0.00244983145967126
41.397858042,0.200414568185806,0.00734953070059419
41.407849326,0.200414568185806,0.00734953070059419
41.417851575,0.201411664485931,0.00489968108013272
41.427781386,0.200414568185806,0.00244983145967126
41.437852352,0.198420390486717,0.00734953070059419
41.447866416,0.199417471885681,0.00979938078671694
41.457854625,0.199417471885681,0.00979938078671694
41.467852928,0.200414568185806,0.00734953070059419
41.477871764,0.201411664485931,0.00979938078671694
41.487851936,0.201411664485931,0.00979938078671694
41.497851657,0.200414568185806,0.00734953070059419
41.507817818,0.201411664485931,0.00979938078671694
41.517853215,0.201411664485931,0.00979938078671694
41.527850254,0.201411664485931,0.00979938078671694
41.537873055,0.202408745884895,0.00734953070059419
41.547852595,0.202408745884895,0.00734953070059419
41.55785534,0.203405827283859,0.00489969924092293
41.567873201,0.203405827283859,0.00489969924092293
41.577856849,0.203405827283859,0.00489969924092293
41.58778648,0.205400004982948,0.00489969924092293
41.597872069,0.205400004982948,0.00489969924092293
41.607852776,0.205400004982948,0.00489969924092293
41.617852605,0.206397086381912,0.00244984962046146
41.627868846,0.207394182682037,0.00489969924092293
41.637858032,0.209388360381126,0.00489969924092293
41.647850997,0.209388360381126,0.00489969924092293
41.6578706,0.209388345479965,0.00979938078671694
41.66778634,0.211382538080215,0.00979938078671694
41.677852701,0.211382538080215,0.00979938078671694
41.687872228,0.211382538080215,0.00979938078671694
41.697854738,0.213376700878143,0.00979938078671694
41.707852719,0.213376700878143,0.00979938078671694
41.717880168,0.214373797178268,0.0122492304071784
41.727851264,0.215370893478394,0.00979938078671694
41.737851976,0.214373797178268,0.0122492304071784
41.747825123,0.215370893478394,0.00979938078671694
41.757852339,0.215370878577232,0.00489969924092293
41.76785091,0.215370878577232,0.00489969924092293
41.777869807,0.216367959976196,0.00244984962046146
41.787854725,0.214373797178268,0.00244984962046146
41.797850826,0.214373797178268,0.00244984962046146
41.807870762,0.214373797178268,-0.00244984962046146
41.817854566,0.213376700878143,-0.00489968108013272
41.827819458,0.212379619479179,-0.00244983145967126
41.837870706,0.212379619479179,-0.00734953070059419
41.847852971,0.212379619479179,-0.00734953070059419
41.857851879,0.211382538080215,-0.00489968108013272
41.867867493,0.21038544178009,-0.00734953070059419
41.877849389,0.208391278982162,-0.00734954932704568
41.887853007,0.21038544178009,-0.00734953070059419
41.897852248,0.208391278982162,-0.00734954932704568
41.907790527,0.208391278982162,-0.00244984962046146
41.917851379,0.208391278982162,-0.00244984962046146
41.92785506,0.207394182682037,-0.00489969924092293
41.937852035,0.207394182682037,0
41.947852996,0.206397086381912,-0.00244984962046146
41.957848687,0.207394182682037,0
41.967865541,0.206397086381912,0.00244984962046146
41.977854777,0.206397086381912,0.00244984962046146
41.987793451,0.205400004982948,0.00489969924092293
41.997876582,0.206397086381912,0.00244984962046146
42.007852609,0.206397086381912,0.00244984962046146
42.017854388,0.205400004982948,0.00489969924092293
42.027871863,0.206397086381912,0.00734954932704568
42.037851741,0.206397086381912,0.00244984962046146
42.047853774,0.206397086381912,0.00734954932704568
42.0578704,0.205400004982948,0.00489969924092293
42.067792903,0.207394182682037,0.00489969924092293
42.077854243,0.208391278982162,0.00734954932704568
42.087867086,0.208391278982162,0.00734954932704568
42.097857636,0.209388345479965,0.00979938078671694
42.107850693,0.208391278982162,0.00734954932704568
42.117874218,0.21038544178009,0.00734953070059419
42.127858683,0.21038544178009,0.00734953070059419
42.137852182,0.21038544178009,0.00734953070059419
42.147827778,0.21038544178009,0.00734953070059419
42.157854544,0.21038544178009,0.00734953070059419
42.167852626,0.21038544178009,0.00734953070059419
42.177872229,0.209388360381126,0.00489969924092293
42.187855072,0.21038544178009,0.00244984962046146
42.197850794,0.21038544178009,0.00244984962046146
42.207877052,0.211382538080215,0.00489968108013272
42.217852679,0.21038544178009,0.00244984962046146
42.227795785,0.211382538080215,0
42.237867851,0.212379619479179,0.00244983145967126
42.247850321,0.212379619479179,0.00244983145967126
42.257878728,0.214373797178268,0.00244984962046146
42.26785321,0.213376700878143,0
42.277853287,0.215370878577232,0
42.287854166,0.215370878577232,0
42.297852894,0.214373797178268,-0.00244984962046146
42.307832056,0.214373797178268,-0.00244984962046146
42.317856914,0.214373797178268,-0.00244984962046146
42.327885828,0.214373797178268,-0.00244984962046146
42.337850255,0.212379619479179,-0.00244983145967126
42.347853095,0.213376700878143,-0.00489968108013272
42.357852497,0.211382538080215,-0.00489968108013272
42.367869891,0.212379619479179,-0.00244983145967126
42.377853161,0.21038544178009,-0.00244984962046146
42.387799188,0.209388360381126,0
42.397868093,0.208391278982162,0.00244984962046146
42.407859351,0.208391278982162,-0.00244984962046146
42.417853509,0.206397086381912,0.00244984962046146
42.427869889,0.206397086381912,0.00244984962046146
42.437853655,0.206397086381912,0.00244984962046146
42.447855405,0.203405827283859,0.00489969924092293
42.457867435,0.203405827283859,0.00489969924092293
42.467801153,0.201411664485931,0.00489968108013272
42.477851513,0.201411664485931,0.00489968108013272
42.487870955,0.201411664485931,0.00489968108013272
42.497850439,0.201411664485931,0.00489968108013272
42.50785573,0.200414568185806,0.00734953070059419
42.517870876,0.201411664485931,0.00489968108013272
42.527851293,0.198420390486717,0.00734953070059419
42.537857916,0.198420390486717,0.00734953070059419
42.547833996,0.199417471885681,0.00489968108013272
42.557854104,0.199417471885681,0.00489968108013272
42.567850928,0.199417471885681,0.00489968108013272
42.577882203,0.199417471885681,0.00489968108013272
42.587158457,0.198420390486717,0.00734953070059419
42.597107538,0.197423309087753,0.00489969924092293
42.607169201,0.198420390486717,0.00734953070059419
42.617092982,0.198420390486717,0.00734953070059419
42.627133659,0.199417471885681,0.00489968108013272
42.637094427,0.198420405387878,0.00244984962046146
42.647085799,0.198420405387878,0.00244984962046146
42.657049847,0.197423309087753,0.00489969924092293
42.667075841,0.197423309087753,0.00489969924092293
42.677847452,0.197423309087753,0.00489969924092293
42.687850351,0.197423309087753,0
42.697851515,0.198420405387878,0.00244984962046146
42.70780338,0.197423309087753,0
42.71785515,0.197423309087753,0
42.727850725,0.197423309087753,0
42.737854148,0.197423309087753,0
42.747850523,0.197423309087753,0
42.75790316,0.197423309087753,0
42.767913825,0.196426212787628,-0.00244984962046146
42.777910255,0.196426212787628,-0.00244984962046146
42.787861304,0.196426212787628,-0.00244984962046146
42.797902176,0.196426212787628,-0.00244984962046146
42.807909708,0.196426212787628,-0.00244984962046146
42.817913188,0.196426212787628,-0.00244984962046146
42.827905527,0.195429131388664,-0.00489969924092293
42.837917201,0.196426212787628,-0.00244984962046146
42.847897179,0.196426212787628,-0.00244984962046146
42.857906913,0.197423309087753,-0.00489969924092293
42.867869814,0.197423309087753,-0.00489969924092293
42.877927674,0.196426212787628,-0.00734954932704568
42.887892725,0.196426212787628,-0.00734954932704568
42.897906073,0.195429131388664,-0.00979939848184586
42.907910967,0.195429131388664,-0.00979939848184586
42.917907078,0.1944320499897,-0.0122492304071784
42.927910293,0.195429131388664,-0.00979939848184586
42.937922994,0.1944320499897,-0.0122492304071784
42.947872328,0.195429131388664,-0.0146990614011884
42.957225774,0.1944320499897,-0.0171489119529724
42.967909527,0.1944320499897,-0.0122492304071784
42.977893392,0.195429131388664,-0.0146990614011884
42.987899834,0.195429131388664,-0.0146990614011884
42.997905977,0.195429131388664,-0.0146990614011884
43.007911669,0.195429131388664,-0.0146990614011884
43.017937493,0.196426212787628,-0.0122492304071784
43.027866587,0.196426212787628,-0.0122492304071784
43.037896192,0.197423309087753,-0.00979938078671694
43.047899029,0.196426212787628,-0.00734954932704568
43.057894198,0.197423309087753,-0.00489969924092293
43.067913592,0.198420390486717,-0.00734953070059419
43.077932304,0.199417486786842,0
43.087915462,0.199417486786842,0
43.097906734,0.200414568185806,0.00244983145967126
43.107873547,0.201411664485931,0.00489968108013272
43.117852511,0.201411664485931,0.00489968108013272
43.127855265,0.201411664485931,0.00489968108013272
43.137877615,0.201411664485931,0.00489968108013272
43.147858583,0.203405827283859,0.00489969924092293
43.157853329,0.203405827283859,0.00489969924092293
43.167869998,0.203405827283859,0.00489969924092293
43.177877709,0.203405827283859,0
43.187811621,0.204402923583984,0.00244984962046146
43.197863094,0.204402923583984,0.00244984962046146
43.207855725,0.203405827283859,0
43.217860845,0.202408730983734,-0.00244984962046146
43.22787035,0.204402923583984,-0.00244984962046146
43.237852102,0.204402923583984,-0.00244984962046146
43.247854091,0.202408730983734,-0.00244984962046146
43.257868558,0.202408730983734,-0.00244984962046146
43.267811958,0.202408730983734,-0.00244984962046146
43.277672369,0.20141164958477,0
43.287150986,0.200414568185806,-0.00244983145967126
43.297855109,0.202408730983734,-0.00244984962046146
43.307856025,0.202408730983734,-0.00244984962046146
43.317853471,0.203405827283859,0
43.327854967,0.202408730983734,0.00244984962046146
43.337148935,0.202408730983734,0.00244984962046146
43.347814104,0.201411664485931,0.00489968108013272
43.357646796,0.201411664485931,0.00489968108013272
43.367850789,0.203405827283859,0.00489969924092293
43.37715209,0.203405827283859,0.00489969924092293
43.387854146,0.203405827283859,0.00489969924092293
43.397851366,0.202408745884895,0.00734953070059419
43.407147937,0.202408745884895,0.00734953070059419
43.417856275,0.202408745884895,0.00734953070059419
43.427138417,0.201411664485931,0.00489968108013272
43.43785372,0.202408745884895,0.00734953070059419
43.447851127,0.203405827283859,0.00489969924092293
43.457147026,0.203405827283859,0.00489969924092293
43.467857647,0.202408745884895,0.00734953070059419
43.477139978,0.202408745884895,0.00734953070059419
43.487851519,0.203405827283859,0.00979938078671694
43.497133234,0.202408745884895,0.00734953070059419
43.507819723,0.203405827283859,0.00979938078671694
43.517136912,0.204402923583984,0.00734954932704568
43.527851041,0.204402923583984,0.00734954932704568
43.537156522,0.204402923583984,0.00734954932704568
43.547848116,0.205400004982948,0.00979939848184586
43.557123807,0.206397086381912,0.00734954932704568
43.567851914,0.206397086381912,0.00734954932704568
43.577151795,0.206397086381912,0.00734954932704568
43.587822831,0.206397086381912,0.00734954932704568
43.597158235,0.207394182682037,0.00489969924092293
43.607854427,0.207394182682037,0.00489969924092293
43.617079825,0.208391278982162,0.00734954932704568
43.627849707,0.208391278982162,0.00734954932704568
43.637138906,0.207394182682037,0.00489969924092293
43.647850568,0.207394182682037,0.00489969924092293
43.657108572,0.207394182682037,0.00489969924092293
43.667821476,0.207394182682037,0.00489969924092293
43.677116039,0.208391278982162,0.00244984962046146
43.687855595,0.208391278982162,0.00244984962046146
43.697107755,0.208391278982162,0.00734954932704568
43.707850994,0.208391278982162,0.00244984962046146
43.717119044,0.207394182682037,0.00489969924092293
43.72785365,0.208391278982162,0.00734954932704568
43.73711538,0.21038544178009,0.00734953070059419
43.747822801,0.209388360381126,0.00489969924092293
43.757122296,0.21038544178009,0.00734953070059419
43.767848888,0.21038544178009,0.00734953070059419
43.777108014,0.21038544178009,0.0122492304071784
43.787854461,0.21038544178009,0.00734953070059419
43.797124323,0.21038544178009,0.00734953070059419
43.807853837,0.21038544178009,0.00734953070059419
43.817116717,0.21038544178009,0.00734953070059419
43.827822185,0.211382538080215,0.00489968108013272
43.837120365,0.209388360381126,0.00489969924092293
43.847853675,0.211382538080215,0.00489968108013272
43.85711453,0.21038544178009,0.00734953070059419
43.867854538,0.21038544178009,0.00244984962046146
43.877074749,0.211382538080215,0
43.887850748,0.211382538080215,0
43.897850733,0.212379619479179,-0.00244983145967126
43.907123702,0.212379619479179,-0.00244983145967126
43.917456016,0.212379619479179,-0.00244983145967126
43.927854679,0.211382538080215,-0.00489968108013272
43.937112099,0.212379619479179,-0.00734953070059419
43.947090522,0.212379619479179,-0.00734953070059419
43.957855064,0.211382538080215,-0.00979938078671694
43.967090524,0.212379619479179,-0.00734953070059419
43.977860681,0.211382538080215,-0.00979938078671694
43.987091651,0.212379619479179,-0.00734953070059419
43.997066739,0.213376700878143,-0.00979938078671694
44.00805937,0.214373797178268,-0.00734953070059419
44.017098887,0.215370893478394,-0.00979938078671694
44.027855442,0.216367959976196,-0.00734954932704568
44.037117301,0.218362152576447,-0.00244984962046146
44.047090061,0.218362152576447,-0.00244984962046146
44.057861199,0.218362152576447,-0.00244984962046146
44.067108795,0.218362152576447,-0.00244984962046146
44.077109901,0.218362152576447,0.00244984962046146
44.086975782,0.218362152576447,0.00244984962046146
44.097854175,0.215370878577232,0.00489969924092293
44.107852217,0.214373797178268,0.00734953070059419
44.117053607,0.213376700878143,0.00979938078671694
44.12785217,0.211382538080215,0.00979938078671694
44.137063227,0.208391278982162,0.00734954932704568
44.147828544,0.207394182682037,0.00979939848184586
44.157101475,0.207394182682037,0.00979939848184586
44.167849629,0.204402923583984,0.0122492304071784
44.177098689,0.203405827283859,0.00979938078671694
44.187852464,0.201411664485931,0.00979938078671694
44.197052203,0.201411664485931,0.00979938078671694
44.207096854,0.201411664485931,0.00979938078671694
44.217827473,0.199417471885681,0.00979938078671694
44.22709864,0.199417471885681,0.00979938078671694
44.237853346,0.199417471885681,0.00979938078671694
44.247072072,0.198420390486717,0.00734953070059419
44.257852287,0.198420390486717,0.00734953070059419
44.267094881,0.199417471885681,0.00489968108013272
44.27709858,0.199417471885681,0.00489968108013272
44.28708851,0.200414568185806,0.00734953070059419
44.297856644,0.200414568185806,0.00734953070059419
44.306976306,0.199417471885681,0.00489968108013272
44.317067035,0.20141164958477,0
44.32707537,0.200414568185806,-0.00244983145967126
44.3378525,0.200414568185806,-0.00244983145967126
44.347013751,0.200414568185806,-0.00244983145967126
44.357083794,0.199417471885681,-0.00489968108013272
44.367072039,0.199417471885681,-0.00489968108013272
44.377074096,0.199417471885681,-0.00979938078671694
44.387073002,0.197423309087753,-0.0146990800276399
44.397077197,0.196426212787628,-0.0171489119529724
44.407062491,0.195429131388664,-0.0195987615734339
44.41707373,0.193434953689575,-0.0195987615734339
44.427073526,0.193434953689575,-0.0195987615734339
44.437101176,0.19243785738945,-0.0220486111938953
44.447070659,0.191440775990486,-0.0244984608143568
44.457077683,0.19243785738945,-0.0220486111938953
44.467073322,0.191440775990486,-0.0244984608143568
44.477092819,0.190443694591522,-0.0220486298203468
44.487076455,0.191440790891647,-0.0195987801998854
44.497076422,0.191440790891647,-0.0195987801998854
44.507078832,0.192437872290611,-0.0171489305794239
44.517065575,0.193434953689575,-0.0146990800276399
44.527080423,0.1944320499897,-0.0122492304071784
44.537076249,0.196426212787628,-0.0122492304071784
44.547097065,0.197423309087753,-0.00979938078671694
44.557083057,0.197423309087753,-0.00979938078671694
44.567078232,0.198420390486717,-0.00734953070059419
44.577075809,0.199417471885681,-0.00489968108013272
44.587060596,0.200414568185806,-0.00734953070059419
44.597067119,0.202408730983734,-0.00244984962046146
44.60705449,0.202408730983734,-0.00244984962046146
44.617040391,0.203405827283859,0
44.62702841,0.203405827283859,0
44.637057201,0.202408730983734,-0.00244984962046146
44.647075005,0.202408730983734,0.00244984962046146
44.657059363,0.203405827283859,0
44.667074418,0.204402923583984,0.00244984962046146
44.677063793,0.204402923583984,0.00244984962046146
44.687060147,0.205400004982948,0.00489969924092293
44.697055906,0.203405827283859,0.00489969924092293
44.707030932,0.205400004982948,0.00489969924092293
44.717028063,0.204402923583984,0.00244984962046146
44.727057545,0.204402923583984,0.00244984962046146
44.737056484,0.204402923583984,0.00734954932704568
44.747035833,0.206397086381912,0.00244984962046146
44.757060625,0.205400004982948,0.00489969924092293
44.767055825,0.205400004982948,0.00489969924092293
44.777056744,0.206397086381912,0.00244984962046146
44.787059227,0.205400004982948,0.00489969924092293
44.797043614,0.207394182682037,0
44.807037058,0.206397086381912,0.00244984962046146
44.817054995,0.207394182682037,0
44.827055217,0.207394182682037,0
44.837066149,0.207394182682037,0
44.847056903,0.207394182682037,0
44.857061343,0.207394182682037,0
44.867059407,0.206397086381912,-0.00244984962046146
44.877031634,0.207394182682037,0
44.887055513,0.206397086381912,-0.00244984962046146
44.897056641,0.206397086381912,0.00244984962046146
44.907057648,0.206397086381912,-0.00244984962046146
44.917002048,0.205400004982948,0
44.927001857,0.206397086381912,0.00244984962046146
44.937048879,0.206397086381912,0.00244984962046146
44.947003397,0.204402923583984,0.00244984962046146
44.957060971,0.206397086381912,0.00244984962046146
44.967005057,0.206397086381912,0.00244984962046146
44.976969401,0.205400004982948,0.00489969924092293
44.987005358,0.205400004982948,0.00489969924092293
44.997003329,0.206397086381912,0.00244984962046146
45.007003916,0.205400004982948,0.00489969924092293
45.017003583,0.207394182682037,0.00489969924092293
45.027000731,0.206397086381912,0.00244984962046146
45.036933806,0.208391278982162,0.00244984962046146
45.046989007,0.208391278982162,0.00244984962046146
45.057005125,0.208391278982162,0.00244984962046146
45.067002006,0.208391278982162,0.00244984962046146
45.077012721,0.208391278982162,0.00244984962046146
45.086979021,0.209388360381126,0
45.096994927,0.207394182682037,0
45.107008145,0.207394182682037,0
45.11700528,0.207394182682037,0
45.12700543,0.207394182682037,0
45.137011717,0.206397086381912,0.00244984962046146
45.147001463,0.207394182682037,0
45.1569881,0.204402923583984,0.00244984962046146
45.167011006,0.205400004982948,0
45.177005734,0.205400004982948,0
45.186987577,0.204402923583984,0.00244984962046146
45.197007367,0.206397086381912,0.00244984962046146
45.207007014,0.206397086381912,0.00244984962046146
45.217005898,0.204402923583984,0.00244984962046146
45.227011421,0.206397086381912,0.00244984962046146
45.236967917,0.205400004982948,0
45.246988143,0.204402923583984,0.00244984962046146
45.25695687,0.206397086381912,-0.00244984962046146
45.26700563,0.207394182682037,0
45.276958675,0.206397086381912,-0.00244984962046146
45.287001944,0.207394182682037,-0.00489969924092293
45.296949404,0.205400004982948,-0.00489969924092293
45.306981501,0.205400004982948,-0.00489969924092293
45.316965583,0.207394182682037,-0.00489969924092293
45.326951296,0.205400004982948,-0.00489969924092293
45.336954297,0.205400004982948,-0.00489969924092293
45.346959682,0.205400004982948,-0.00489969924092293
45.356926466,0.205400004982948,-0.00489969924092293
45.366953699,0.203405827283859,-0.00489969924092293
45.37695259,0.203405827283859,-0.00489969924092293
45.386961479,0.203405827283859,0
45.396950959,0.203405827283859,0
45.406959686,0.203405827283859,0
45.416986592,0.202408730983734,0.00244984962046146
45.426934463,0.203405827283859,0
45.437007702,0.203405827283859,0
45.447010288,0.204402923583984,0.00244984962046146
45.457007352,0.203405827283859,0.00489969924092293
45.466993037,0.204402923583984,0.00734954932704568
45.477023893,0.204402923583984,0.00734954932704568
45.487006715,0.205400004982948,0.00489969924092293
45.497007064,0.206397086381912,0.00244984962046146
45.50700879,0.207394182682037,0.00489969924092293
45.516983382,0.207394182682037,0
45.526985041,0.207394182682037,0.00489969924092293
45.537011646,0.209388360381126,0.00489969924092293
45.547008124,0.208391278982162,0.00244984962046146
45.556966623,0.21038544178009,0.00244984962046146
45.567014411,0.21038544178009,0.00244984962046146
45.577003689,0.21038544178009,0.00244984962046146
45.586951106,0.209388360381126,0.00489969924092293
45.597016597,0.21038544178009,0.00734953070059419
45.606967028,0.21038544178009,0.00734953070059419
45.617026683,0.211382538080215,0.00979938078671694
45.626953138,0.212379619479179,0.00734953070059419
45.636944367,0.211382538080215,0.00979938078671694
45.646954404,0.213376700878143,0.0146990800276399
45.656953133,0.213376700878143,0.0146990800276399
45.666951197,0.215370893478394,0.0146990800276399
45.676957996,0.216367959976196,0.0171489119529724
45.686962209,0.217365056276321,0.0146990614011884
45.696948384,0.217365056276321,0.0146990614011884
45.706970862,0.218362137675285,0.0122492304071784
45.717012607,0.218362137675285,0.0122492304071784
45.726960596,0.217365056276321,0.00979939848184586
45.736985621,0.218362152576447,0.00734954932704568
45.746944995,0.218362152576447,0.00244984962046146
45.756973393,0.217365056276321,0
45.766956353,0.216367959976196,-0.00244984962046146
45.776985853,0.215370878577232,-0.00489969924092293
45.786953159,0.215370878577232,-0.00489969924092293
45.796985705,0.214373797178268,-0.00734953070059419
45.806950216,0.213376700878143,-0.00489968108013272
45.816949897,0.212379619479179,-0.00734953070059419
45.826967075,0.212379619479179,-0.00244983145967126
45.836922971,0.21038544178009,-0.00244984962046146
45.846944581,0.209388360381126,-0.00489969924092293
45.856976966,0.208391278982162,-0.00244984962046146
45.866969604,0.207394182682037,-0.00489969924092293
45.876934864,0.208391278982162,-0.00244984962046146
45.886953614,0.206397086381912,-0.00244984962046146
45.896982933,0.205400004982948,0
45.906955263,0.205400004982948,-0.00489969924092293
45.916972556,0.205400004982948,0
45.926964764,0.204402923583984,-0.00244984962046146
45.936932173,0.205400004982948,-0.00489969924092293
45.946970265,0.203405827283859,0
45.956945937,0.204402923583984,-0.00244984962046146
45.966914476,0.203405827283859,0.00489969924092293
45.976905693,0.202408730983734,0.00244984962046146
45.986897859,0.202408730983734,0.00244984962046146
45.996913987,0.202408730983734,0.00244984962046146
46.006939608,0.201411664485931,0.00489968108013272
46.016947982,0.200414568185806,0.00244983145967126
46.026898438,0.199417471885681,0.00489968108013272
46.036936572,0.198420390486717,0.00734953070059419
46.046894237,0.199417471885681,0.00489968108013272
46.056907422,0.198420390486717,0.00734953070059419
46.066934728,0.198420405387878,0.00244984962046146
46.076942795,0.197423309087753,0.00489969924092293
46.086935613,0.197423309087753,0.00489969924092293
46.096938004,0.197423309087753,0.00489969924092293
46.106943422,0.196426212787628,0.00734954932704568
46.116945071,0.195429131388664,0.00489969924092293
46.126929953,0.197423309087753,0.00489969924092293
46.136952007,0.196426212787628,0.00244984962046146
46.146932147,0.196426212787628,0.00244984962046146
46.156923736,0.196426212787628,0.00244984962046146
46.166888563,0.195429131388664,0
46.176881983,0.196426212787628,-0.00244984962046146
46.186880256,0.197423309087753,-0.00489969924092293
46.196886926,0.197423309087753,-0.00489969924092293
46.206886167,0.198420390486717,-0.00734953070059419
46.216855729,0.199417471885681,-0.00489968108013272
46.22688924,0.198420390486717,-0.00734953070059419
46.236850417,0.199417471885681,-0.00489968108013272
46.246886736,0.198420390486717,-0.00734953070059419
46.256871832,0.198420390486717,-0.00734953070059419
46.266863415,0.199417471885681,-0.00489968108013272
46.276859631,0.199417471885681,-0.00489968108013272
46.286893275,0.198420405387878,-0.00244984962046146
46.296867136,0.198420405387878,-0.00244984962046146
46.306863203,0.198420405387878,-0.00244984962046146
46.31688325,0.197423309087753,-0.00489969924092293
46.326855552,0.198420390486717,-0.00734953070059419
46.336863539,0.198420390486717,-0.00734953070059419
46.346889335,0.199417471885681,-0.00489968108013272
46.356865117,0.200414568185806,-0.00734953070059419
46.366868698,0.200414568185806,-0.00734953070059419
46.376883855,0.200414568185806,-0.00734953070059419
46.386855551,0.200414568185806,-0.00734953070059419
46.396866245,0.200414568185806,-0.00734953070059419
46.406852634,0.200414568185806,-0.00734953070059419
46.416854592,0.201411664485931,-0.00489968108013272
46.42686457,0.200414568185806,-0.00244983145967126
46.436928779,0.199417471885681,-0.00489968108013272
46.446911813,0.199417471885681,-0.00489968108013272
46.45692114,0.198420405387878,-0.00244984962046146
46.46693527,0.198420405387878,-0.00244984962046146
46.476923777,0.198420405387878,-0.00244984962046146
46.486918794,0.197423309087753,0
46.496952033,0.197423309087753,0
46.506916088,0.196426212787628,-0.00244984962046146
46.516920968,0.196426212787628,-0.00244984962046146
46.526932975,0.196426212787628,-0.00244984962046146
46.536914786,0.197423309087753,0
46.546905389,0.196426212787628,0.00244984962046146
46.556943638,0.196426212787628,0.00244984962046146
46.566896375,0.196426212787628,0.00244984962046146
46.576900144,0.197423309087753,0.00489969924092293
46.586924363,0.198420405387878,0.00244984962046146
46.596954134,0.198420405387878,0.00244984962046146
46.606936089,0.199417471885681,0.00489968108013272
46.616942714,0.199417471885681,0.00489968108013272
46.626921212,0.199417471885681,0.00489968108013272
46.636922776,0.200414568185806,0.00734953070059419
46.646930343,0.202408730983734,0.00244984962046146
46.656919221,0.202408730983734,0.00244984962046146
46.666925749,0.203405827283859,0.00489969924092293
46.676955604,0.202408730983734,0.00244984962046146
46.686914232,0.202408730983734,0.00244984962046146
46.696909479,0.204402923583984,0.00244984962046146
46.706948418,0.204402923583984,0.00244984962046146
46.71691782,0.205400004982948,0.00489969924092293
46.726917979,0.205400004982948,0.00489969924092293
46.736945864,0.206397086381912,0.00244984962046146
46.746913669,0.205400004982948,0.00489969924092293
46.756918305,0.206397086381912,0.00734954932704568
46.766936574,0.205400004982948,0.00489969924092293
46.776915814,0.207394182682037,0.00489969924092293
46.78690723,0.207394182682037,0.00489969924092293
46.796884682,0.206397086381912,0.00734954932704568
46.806913741,0.206397086381912,0.00734954932704568
46.816920952,0.206397086381912,0.00734954932704568
46.826913883,0.207394182682037,0.00979939848184586
46.836914206,0.206397086381912,0.00734954932704568
46.846917186,0.206397086381912,0.00734954932704568
46.856947555,0.205400004982948,0.00489969924092293
46.866928317,0.206397086381912,0.00244984962046146
46.876921001,0.205400004982948,0.00489969924092293
46.886947281,0.206397086381912,0.00244984962046146
46.896921618,0.205400004982948,0
46.906914022,0.206397086381912,-0.00244984962046146
46.91695228,0.205400004982948,-0.00489969924092293
46.926921055,0.204402923583984,-0.00734954932704568
46.93691344,0.204402923583984,-0.00734954932704568
46.946929108,0.205400004982948,-0.00489969924092293
46.956921603,0.205400004982948,-0.00979939848184586
46.966920557,0.205400004982948,-0.00489969924092293
46.976949485,0.204402923583984,-0.00734954932704568
46.986917009,0.203405827283859,-0.00489969924092293
46.996919658,0.204402923583984,-0.00734954932704568
47.006916467,0.204402923583984,-0.00244984962046146
47.016925416,0.205400004982948,-0.00489969924092293
47.026918792,0.206397086381912,-0.00244984962046146
47.036943158,0.207394182682037,0
47.046923489,0.206397086381912,-0.00244984962046146
47.056907028,0.207394182682037,0.00489969924092293
47.066935275,0.208391278982162,0.00244984962046146
47.076918317,0.209388360381126,0.00489969924092293
47.086907541,0.211382538080215,0.00489968108013272
47.096942307,0.211382538080215,0.00489968108013272
47.106924534,0.212379619479179,0.00244983145967126
47.116961619,0.212379619479179,0.00734953070059419
47.126945972,0.212379619479179,0.00244983145967126
47.136913667,0.212379619479179,0.00244983145967126
47.146923763,0.213376700878143,0
47.156896083,0.212379619479179,-0.00244983145967126
47.166918298,0.212379619479179,-0.00244983145967126
47.176907426,0.211382538080215,-0.00489968108013272
47.186911391,0.21038544178009,-0.00734953070059419
47.196921595,0.209388360381126,-0.00489969924092293
47.206923012,0.207394182682037,-0.00489969924092293
47.216939976,0.207394182682037,-0.00979939848184586
47.226921188,0.206397086381912,-0.00734954932704568
47.23692201,0.205400004982948,-0.00979939848184586
47.246938085,0.205400004982948,-0.00489969924092293
47.256916247,0.206397086381912,-0.00734954932704568
47.266943713,0.204402923583984,-0.00734954932704568
47.276923189,0.206397086381912,-0.00734954932704568
47.286899113,0.205400004982948,-0.00489969924092293
47.296912693,0.207394182682037,-0.00489969924092293
47.306913895,0.209388360381126,-0.00489969924092293
47.316922418,0.209388360381126,0
47.326936426,0.211382538080215,0
47.336911079,0.211382538080215,0.00489968108013272
47.346917998,0.211382538080215,0.00489968108013272
47.356936898,0.212379619479179,0.00734953070059419
47.36692169,0.213376700878143,0.00489968108013272
47.376910054,0.212379619479179,0.00734953070059419
47.386921592,0.212379619479179,0.00734953070059419
47.396923591,0.212379619479179,0.00734953070059419
47.40691062,0.21038544178009,0.00734953070059419
47.416946285,0.21038544178009,0.00734953070059419
47.426899241,0.209388360381126,0.00489969924092293
47.436898449,0.208391278982162,0.00244984962046146
47.446899186,0.208391278982162,0.00244984962046146
47.45691303,0.206397086381912,0.00244984962046146
47.466920883,0.206397086381912,0.00244984962046146
47.476949904,0.205400004982948,0
47.486913691,0.205400004982948,0
47.496915531,0.203405827283859,0
47.506947477,0.204402923583984,-0.00244984962046146
47.516915671,0.203405827283859,-0.00489969924092293
47.526921185,0.202408730983734,-0.00244984962046146
47.536942694,0.203405827283859,-0.00489969924092293
47.546916064,0.202408745884895,-0.00734953070059419
47.556920417,0.202408745884895,-0.0122492304071784
47.56690175,0.201411664485931,-0.00979938078671694
47.576914337,0.202408745884895,-0.0122492304071784
47.586917466,0.202408745884895,-0.0122492304071784
47.596904142,0.203405827283859,-0.0146990800276399
47.606912738,0.202408745884895,-0.0122492304071784
47.616904771,0.202408745884895,-0.0171489305794239
47.626899567,0.202408745884895,-0.0171489305794239
47.636926325,0.201411664485931,-0.0146990800276399
47.646908875,0.201411664485931,-0.0195987801998854
47.656902134,0.201411664485931,-0.0146990800276399
47.666910828,0.201411664485931,-0.0146990800276399
47.676907813,0.200414568185806,-0.0122492304071784
47.686932313,0.200414568185806,-0.0171489305794239
47.696909858,0.199417471885681,-0.0146990800276399
47.706900021,0.199417471885681,-0.0146990800276399
47.716916211,0.201411664485931,-0.00979938078671694
47.72691172,0.201411664485931,-0.00979938078671694
47.73691484,0.202408745884895,-0.0122492304071784
47.746936095,0.202408745884895,-0.00734953070059419
47.756908305,0.202408745884895,-0.00734953070059419
47.766912231,0.202408745884895,-0.00734953070059419
47.776930892,0.203405827283859,-0.00979938078671694
47.78689987,0.203405827283859,-0.00489969924092293
47.796938988,0.204402923583984,-0.00734954932704568
47.806905022,0.204402923583984,-0.00734954932704568
47.816912761,0.203405827283859,-0.00979938078671694
47.826914854,0.203405827283859,-0.00979938078671694
47.836910767,0.202408745884895,-0.00734953070059419
47.846897246,0.202408745884895,-0.00734953070059419
47.856917975,0.203405827283859,-0.00979938078671694
47.86691465,0.202408745884895,-0.0122492304071784
47.876904442,0.201411664485931,-0.00979938078671694
47.886906742,0.202408745884895,-0.0122492304071784
47.896916737,0.201411664485931,-0.00979938078671694
47.906894051,0.201411664485931,-0.00979938078671694
47.916904635,0.199417471885681,-0.00979938078671694
47.9268973,0.199417471885681,-0.00979938078671694
47.936905528,0.200414568185806,-0.0122492304071784
47.946920919,0.200414568185806,-0.0122492304071784
47.956909108,0.199417471885681,-0.00979938078671694
47.96691331,0.201411664485931,-0.00979938078671694
47.976901764,0.201411664485931,-0.00979938078671694
47.986911024,0.202408745884895,-0.00734953070059419
47.996901742,0.202408745884895,-0.00734953070059419
48.006903029,0.203405827283859,-0.00979938078671694
48.016914799,0.205400004982948,-0.00979939848184586
48.026905717,0.206397086381912,-0.00734954932704568
48.036910227,0.205400004982948,-0.00489969924092293
48.046903754,0.205400004982948,-0.00489969924092293
48.056899046,0.207394182682037,-0.00489969924092293
48.066911897,0.206397086381912,-0.00244984962046146
48.076905337,0.207394182682037,0
48.086881168,0.205400004982948,0
48.096913468,0.205400004982948,0
48.106903516,0.204402923583984,0.00244984962046146
48.116911653,0.203405827283859,0.00979938078671694
48.126906438,0.202408745884895,0.00734953070059419
48.136903335,0.201411664485931,0.00979938078671694
48.146908969,0.202408745884895,0.0122492304071784
48.156952482,0.200414568185806,0.0122492304071784
48.166902983,0.199417471885681,0.0146990800276399
48.176896157,0.197423309087753,0.0146990800276399
48.186909094,0.198420390486717,0.0171489305794239
48.196909847,0.197423309087753,0.0195987615734339
48.206904383,0.197423309087753,0.0195987615734339
48.216851757,0.197423309087753,0.0146990800276399
48.22685471,0.198420390486717,0.0171489305794239
48.236858082,0.199417471885681,0.0146990800276399
48.246849584,0.199417471885681,0.0146990800276399
48.256856387,0.200414568185806,0.0171489305794239
48.266851829,0.202408745884895,0.0171489305794239
48.276831612,0.205400019884109,0.0146990800276399
48.286856244,0.205400019884109,0.0146990800276399
48.296860713,0.206397086381912,0.0122492490336299
48.306857558,0.208391264081001,0.0122492304071784
48.316850913,0.209388345479965,0.0146990800276399
48.326853556,0.209388345479965,0.00979938078671694
48.33685243,0.21038544178009,0.0122492304071784
48.346850177,0.209388345479965,0.00979938078671694
48.356851195,0.21038544178009,0.00734953070059419
48.366855354,0.209388360381126,0.00489969924092293
48.37685441,0.208391278982162,0.00244984962046146
48.386857205,0.207394182682037,0
48.396851718,0.207394182682037,0
48.406853741,0.207394182682037,0
48.416860955,0.205400004982948,-0.00489969924092293
48.426852267,0.204402923583984,-0.00244984962046146
48.436849232,0.204402923583984,-0.00244984962046146
48.446856578,0.205400004982948,-0.00489969924092293
48.456852974,0.203405827283859,-0.00489969924092293
48.466856199,0.203405827283859,-0.00489969924092293
48.476854346,0.203405827283859,-0.00489969924092293
48.486855041,0.204402923583984,-0.00244984962046146
48.49686292,0.204402923583984,-0.00244984962046146
48.506855676,0.203405827283859,-0.00489969924092293
48.516855018,0.205400004982948,0
48.526850961,0.206397086381912,-0.00244984962046146
48.536851901,0.206397086381912,-0.00244984962046146
48.546851308,0.206397086381912,-0.00244984962046146
48.556856981,0.207394182682037,0
48.566851022,0.208391278982162,-0.00244984962046146
48.576852095,0.208391278982162,0.00244984962046146
48.586852606,0.208391278982162,-0.00244984962046146
48.596814936,0.209388360381126,0
48.606852733,0.21038544178009,0.00244984962046146
48.616853093,0.21038544178009,0.00244984962046146
48.626862737,0.21038544178009,0.00734953070059419
48.636856107,0.211382538080215,0.00489968108013272
48.64685216,0.211382538080215,0.00979938078671694
48.656857669,0.212379619479179,0.00734953070059419
48.666848701,0.212379619479179,0.0122492304071784
48.676877798,0.213376700878143,0.00979938078671694
48.686854523,0.213376700878143,0.0146990800276399
48.696852234,0.214373797178268,0.0122492304071784
48.706849701,0.213376700878143,0.0146990800276399
48.71685558,0.214373797178268,0.0122492304071784
48.726852229,0.214373797178268,0.0122492304071784
48.736858482,0.214373797178268,0.0122492304071784
48.746854273,0.215370893478394,0.00979938078671694
48.756819367,0.214373797178268,0.0122492304071784
48.766856349,0.215370893478394,0.00979938078671694
48.776855148,0.213376700878143,0.00979938078671694
48.786854462,0.214373797178268,0.00734953070059419
48.796854898,0.214373797178268,0.00734953070059419
48.806852679,0.213376700878143,0.00489968108013272
48.816856717,0.213376700878143,0.00489968108013272
48.826851757,0.212379619479179,0.00244983145967126
48.836794002,0.212379619479179,0.00244983145967126
48.846858354,0.211382538080215,0
48.856852222,0.211382538080215,0
48.866854648,0.21038544178009,-0.00244984962046146
48.87685586,0.211382538080215,0
48.886852924,0.21038544178009,-0.00244984962046146
48.896848925,0.208391278982162,-0.00244984962046146
48.906855008,0.21038544178009,-0.00244984962046146
48.916852468,0.208391278982162,-0.00244984962046146
48.926851126,0.209388360381126,-0.00489969924092293
48.936848584,0.207394182682037,-0.00489969924092293
48.946855084,0.208391278982162,-0.00244984962046146
48.956914452,0.207394182682037,-0.00489969924092293
48.966906455,0.206397086381912,-0.00244984962046146
48.976898911,0.206397086381912,-0.00734954932704568
48.986914294,0.206397086381912,-0.00244984962046146
48.99692014,0.206397086381912,-0.00244984962046146
49.006914886,0.204402923583984,-0.00244984962046146
49.016911657,0.203405827283859,-0.00489969924092293
49.026913492,0.203405827283859,0
49.036889155,0.202408730983734,-0.00244984962046146
49.046912656,0.200414568185806,-0.00244983145967126
49.056906361,0.200414568185806,-0.00244983145967126
49.066909439,0.200414568185806,-0.00244983145967126
49.076856911,0.198420405387878,-0.00244984962046146
49.086911215,0.197423309087753,-0.00489969924092293
49.096908543,0.196426212787628,-0.00244984962046146
49.106902558,0.195429131388664,-0.00489969924092293
49.11691198,0.196426212787628,-0.00244984962046146
49.126912877,0.195429131388664,-0.00489969924092293
49.136914406,0.195429131388664,0
49.146910172,0.1944320499897,-0.00244984962046146
49.156793669,0.193434953689575,0
49.166911331,0.193434953689575,0
49.176911103,0.1944320499897,0.00244984962046146
49.186904802,0.193434953689575,0
49.196918605,0.1944320499897,-0.00244984962046146
49.206913937,0.1944320499897,-0.00244984962046146
49.216909396,0.1944320499897,-0.00244984962046146
49.226911725,0.1944320499897,-0.00244984962046146
49.236826862,0.193434953689575,-0.00489969924092293
49.246908397,0.195429131388664,-0.00489969924092293
49.256909301,0.196426212787628,-0.00734954932704568
49.266905437,0.195429131388664,-0.00979939848184586
49.276914654,0.1944320499897,-0.00734954932704568
49.286912212,0.195429131388664,-0.00489969924092293
49.296904337,0.1944320499897,-0.00734954932704568
49.30690777,0.195429131388664,-0.00489969924092293
49.316805825,0.195429131388664,-0.00489969924092293
49.326905173,0.195429131388664,-0.00489969924092293
49.336913266,0.198420390486717,-0.00734953070059419
49.346908219,0.197423309087753,-0.00489969924092293
49.356849093,0.197423309087753,0
49.366910989,0.197423309087753,0
49.376903517,0.199417471885681,-0.00489968108013272
49.386903433,0.199417486786842,0
49.396803233,0.20141164958477,0
49.40691897,0.20141164958477,0
49.41690957,0.200414568185806,0.00244983145967126
49.426908148,0.20141164958477,0
49.436906222,0.199417471885681,0.00489968108013272
49.446905992,0.200414568185806,0.00734953070059419
49.456904514,0.20141164958477,0
49.466907642,0.202408730983734,0.00244984962046146
49.476807643,0.201411664485931,0.00489968108013272
49.486911501,0.202408730983734,-0.00244984962046146
49.496911126,0.20141164958477,0
49.50690439,0.20141164958477,0
49.516908818,0.202408730983734,-0.00244984962046146
49.526909664,0.20141164958477,0
49.536906516,0.203405827283859,-0.00489969924092293
49.546912196,0.202408745884895,-0.00734953070059419
49.556832792,0.201411664485931,-0.00489968108013272
49.566903622,0.202408730983734,-0.00244984962046146
49.576911827,0.202408730983734,-0.00244984962046146
49.58691203,0.20141164958477,0
49.596909545,0.202408730983734,-0.00244984962046146
49.606918549,0.202408730983734,-0.00244984962046146
49.616904106,0.203405827283859,0
49.626905735,0.203405827283859,0
49.636806916,0.202408730983734,0.00244984962046146
49.646905755,0.203405827283859,0
49.656914359,0.203405827283859,0
49.66691587,0.203405827283859,0
49.676848823,0.204402923583984,-0.00244984962046146
49.686901315,0.204402923583984,-0.00244984962046146
49.696923305,0.205400004982948,0
49.706914979,0.205400004982948,0
49.716798825,0.205400004982948,-0.00489969924092293
49.726899452,0.206397086381912,-0.00244984962046146
49.736902196,0.207394182682037,-0.00489969924092293
49.746913751,0.206397086381912,-0.00244984962046146
49.756899019,0.207394182682037,-0.00489969924092293
49.766905868,0.207394182682037,-0.00489969924092293
49.776902014,0.207394182682037,-0.00489969924092293
49.786906141,0.207394182682037,-0.00489969924092293
49.796811527,0.206397086381912,-0.00734954932704568
49.806906628,0.206397086381912,-0.00734954932704568
49.816903925,0.205400004982948,-0.00489969924092293
49.826901459,0.205400004982948,-0.00979939848184586
49.836904877,0.204402923583984,-0.00734954932704568
49.846906414,0.205400004982948,-0.00979939848184586
49.856912335,0.203405827283859,-0.00979938078671694
49.866908708,0.202408745884895,-0.0122492304071784
49.876840348,0.201411664485931,-0.00979938078671694
49.88691773,0.202408745884895,-0.0122492304071784
49.896910507,0.201411664485931,-0.00979938078671694
49.90691516,0.200414568185806,-0.0122492304071784
49.916910076,0.200414568185806,-0.0122492304071784
49.926752756,0.201411664485931,-0.00979938078671694
49.93691187,0.201411664485931,-0.00979938078671694
49.946919575,0.200414568185806,-0.00734953070059419
49.956812696,0.202408730983734,-0.00244984962046146
49.966907369,0.202408730983734,-0.00244984962046146
49.976911076,0.202408730983734,-0.00244984962046146
49.986912357,0.203405827283859,0
49.996849204,0.203405827283859,0
50.006907341,0.206397086381912,0.00244984962046146
50.016920116,0.206397086381912,0.00244984962046146
50.026892098,0.204402923583984,0.00244984962046146
50.036817186,0.206397086381912,0.00244984962046146
50.046909565,0.206397086381912,0.00244984962046146
50.05690197,0.207394182682037,0
50.06690319,0.207394182682037,0
50.076902511,0.208391278982162,-0.00244984962046146
50.086910087,0.207394182682037,0
50.096903337,0.207394182682037,0
50.10691397,0.205400004982948,0
50.116816775,0.206397086381912,-0.00244984962046146
50.126922658,0.207394182682037,-0.00489969924092293
50.136899103,0.205400004982948,-0.00489969924092293
50.14690632,0.207394182682037,-0.00489969924092293
50.156906439,0.205400004982948,-0.00489969924092293
50.166905328,0.205400004982948,-0.00489969924092293
50.176902765,0.205400004982948,-0.00489969924092293
50.186916334,0.205400004982948,-0.00979939848184586
50.196840524,0.206397086381912,-0.00734954932704568
50.206903282,0.207394182682037,-0.00979939848184586
50.216902398,0.208391278982162,-0.00734954932704568
50.226907562,0.207394182682037,-0.00489969924092293
50.236950301,0.208391278982162,-0.00734954932704568
50.24691335,0.208391278982162,-0.00734954932704568
50.256899478,0.21038544178009,-0.00734953070059419
50.266906119,0.211382538080215,-0.00979938078671694
50.276820058,0.211382538080215,-0.00489968108013272
50.286903769,0.211382538080215,-0.00489968108013272
50.296898437,0.212379619479179,-0.00734953070059419
50.306908697,0.212379619479179,-0.00244983145967126
50.316847387,0.212379619479179,-0.00244983145967126
50.326909212,0.213376700878143,-0.00489968108013272
50.336908938,0.213376700878143,-0.00489968108013272
50.346905583,0.212379619479179,-0.00734953070059419
50.356822891,0.211382538080215,-0.00489968108013272
50.366911998,0.212379619479179,-0.00244983145967126
50.376912585,0.212379619479179,-0.00734953070059419
50.386911543,0.211382538080215,-0.00489968108013272
50.396910927,0.21038544178009,-0.00734953070059419
50.406903971,0.211382538080215,-0.00979938078671694
50.416906178,0.21038544178009,-0.00734953070059419
50.426906461,0.21038544178009,-0.00734953070059419
50.436782668,0.21038544178009,-0.00244984962046146
50.446906234,0.211382538080215,0
50.456910919,0.212379619479179,-0.00244983145967126
50.466906773,0.211382538080215,0
50.476909583,0.212379619479179,0.00244983145967126
50.486906638,0.213376700878143,0.00489968108013272
50.496908497,0.214373797178268,0.00734953070059419
50.506906158,0.214373797178268,0.0122492304071784
50.516782894,0.215370893478394,0.00979938078671694
50.526907497,0.216367974877357,0.0122492304071784
50.536904285,0.216367974877357,0.0122492304071784
50.546908631,0.215370893478394,0.0146990800276399
50.556907476,0.215370893478394,0.0146990800276399
50.56690307,0.214373797178268,0.0122492304071784
50.576908919,0.213376700878143,0.0146990800276399
50.586908875,0.214373797178268,0.0122492304071784
50.596780783,0.212379619479179,0.0122492304071784
50.60690945,0.21038544178009,0.00734953070059419
50.616901909,0.208391278982162,0.00734954932704568
50.626922005,0.206397086381912,0.00734954932704568
50.636916699,0.206397086381912,0.00244984962046146
50.64691218,0.205400004982948,0
50.656911412,0.203405827283859,0
50.666906721,0.203405827283859,0
50.67677572,0.202408730983734,-0.00244984962046146
50.686908059,0.200414568185806,-0.00244983145967126
50.696907289,0.202408730983734,-0.00244984962046146
50.706905164,0.202408730983734,-0.00244984962046146
50.716900419,0.202408730983734,-0.00244984962046146
50.726903466,0.203405827283859,0
50.736901068,0.202408730983734,0.00244984962046146
50.746910922,0.202408730983734,0.00244984962046146
50.756772139,0.202408730983734,0.00244984962046146
50.766909223,0.203405827283859,0.00489969924092293
50.776905812,0.202408730983734,0.00244984962046146
50.786918131,0.203405827283859,0.00489969924092293
50.796906542,0.200414568185806,0.00244983145967126
50.806901988,0.200414568185806,0.00244983145967126
50.816908603,0.200414568185806,0.00244983145967126
50.826919204,0.199417486786842,0
50.836771959,0.200414568185806,-0.00244983145967126
50.846908249,0.200414568185806,-0.00244983145967126
50.856910287,0.200414568185806,-0.00244983145967126
50.866914572,0.200414568185806,-0.00734953070059419
50.876912913,0.200414568185806,-0.00244983145967126
50.886901169,0.200414568185806,-0.00734953070059419
50.896909666,0.200414568185806,-0.00734953070059419
50.906917582,0.200414568185806,-0.00734953070059419
50.916778386,0.200414568185806,-0.00734953070059419
50.926675583,0.201411664485931,-0.00979938078671694
50.936911328,0.200414568185806,-0.00734953070059419
50.946910937,0.200414568185806,-0.00734953070059419
50.956844734,0.201411664485931,-0.00489968108013272
50.966918033,0.200414568185806,-0.00244983145967126
50.976908473,0.201411664485931,-0.00489968108013272
50.986906194,0.202408730983734,-0.00244984962046146
50.99676681,0.203405827283859,0
51.006915674,0.203405827283859,0
51.016912699,0.203405827283859,0
51.026679043,0.202408730983734,0.00244984962046146
51.036914015,0.202408730983734,0.00244984962046146
51.046903281,0.203405827283859,0.00489969924092293
51.056918085,0.202408730983734,0.00244984962046146
51.066910905,0.202408730983734,0.00244984962046146
51.076758038,0.202408730983734,0.00244984962046146
51.086913003,0.201411664485931,0.00489968108013272
51.096917235,0.202408730983734,0.00244984962046146
51.106909217,0.202408730983734,0.00244984962046146
51.116914205,0.203405827283859,0.00489969924092293
51.126932929,0.203405827283859,0.00489969924092293
51.136913694,0.204402923583984,0.00244984962046146
51.146906531,0.204402923583984,0.00244984962046146
51.156757724,0.204402923583984,0.00244984962046146
51.166908542,0.204402923583984,0.00244984962046146
51.176910926,0.205400004982948,0.00489969924092293
51.186924661,0.204402923583984,0.00244984962046146
51.19690579,0.204402923583984,0.00244984962046146
51.206916878,0.204402923583984,0.00244984962046146
51.216912015,0.203405827283859,0
51.226906411,0.204402923583984,0.00244984962046146
51.236758327,0.203405827283859,0.00489969924092293
51.246909297,0.202408730983734,0.00244984962046146
51.256914821,0.204402923583984,0.00244984962046146
51.26691295,0.204402923583984,0.00244984962046146
51.276863335,0.204402923583984,0.00244984962046146
51.286853704,0.204402923583984,0.00244984962046146
51.296850983,0.205400004982948,0.00489969924092293
51.306855668,0.205400004982948,0.00489969924092293
51.316735326,0.205400004982948,0.00489969924092293
51.326856191,0.205400004982948,0.00489969924092293
51.336851728,0.205400004982948,0.00489969924092293
51.346852922,0.206397086381912,0.00244984962046146
51.356853,0.205400004982948,0.00489969924092293
51.366852867,0.205400004982948,0.00489969924092293
51.376862994,0.205400004982948,0.00489969924092293
51.386853645,0.205400004982948,0.00489969924092293
51.396733502,0.205400004982948,0.00489969924092293
51.406856516,0.205400004982948,0.00489969924092293
51.416861078,0.206397086381912,0.00734954932704568
51.426850834,0.205400004982948,0.00489969924092293
51.436856602,0.206397086381912,0.00734954932704568
51.446854947,0.205400004982948,0.00979939848184586
51.456851737,0.206397086381912,0.00734954932704568
51.466849145,0.206397086381912,0.00734954932704568
51.476677878,0.205400004982948,0.00489969924092293
51.486860288,0.207394182682037,0.00489969924092293
51.496852187,0.205400004982948,0.00489969924092293
51.506852692,0.206397086381912,0.00244984962046146
51.51685667,0.205400004982948,0
51.526847195,0.206397086381912,0.00244984962046146
51.536857389,0.206397086381912,-0.00244984962046146
51.546851946,0.206397086381912,-0.00244984962046146
51.556692989,0.205400004982948,-0.00489969924092293
51.566851676,0.205400004982948,-0.00489969924092293
51.576853169,0.206397086381912,-0.00244984962046146
51.586849332,0.205400004982948,-0.00489969924092293
51.596848551,0.206397086381912,-0.00244984962046146
51.606851346,0.205400004982948,0
51.616852132,0.205400004982948,0
51.626849496,0.206397086381912,-0.00244984962046146
51.636676092,0.205400004982948,0
51.646850748,0.207394182682037,0
51.656855067,0.207394182682037,0.00489969924092293
51.666855769,0.208391278982162,0.00734954932704568
51.676854562,0.209388360381126,0.00489969924092293
51.68685184,0.209388345479965,0.00979938078671694
51.696857436,0.209388345479965,0.00979938078671694
51.706851903,0.21038544178009,0.0122492304071784
51.716660851,0.212379619479179,0.0171489305794239
51.72684833,0.212379619479179,0.0171489305794239
51.736852285,0.213376700878143,0.0195987801998854
51.746852244,0.212379619479179,0.0220486298203468
51.756854338,0.212379619479179,0.0171489305794239
51.766858602,0.212379619479179,0.0171489305794239
51.77685361,0.21038544178009,0.0171489305794239
51.786855955,0.211382538080215,0.0146990800276399
51.796657614,0.21038544178009,0.0122492304071784
51.806855144,0.209388345479965,0.00979938078671694
51.816854399,0.208391278982162,0.00734954932704568
51.826853666,0.207394182682037,0.00489969924092293
51.836852452,0.206397086381912,0.00244984962046146
51.846854443,0.206397086381912,0.00244984962046146
51.856853842,0.206397086381912,0.00244984962046146
51.866853954,0.205400004982948,0
51.876653427,0.206397086381912,0.00244984962046146
51.886852764,0.205400004982948,0
51.896858874,0.206397086381912,0.00244984962046146
51.906850617,0.207394182682037,0
51.916843622,0.206397086381912,-0.00244984962046146
51.926869411,0.207394182682037,0
51.936868685,0.208391278982162,-0.00244984962046146
51.946874663,0.209388360381126,-0.00489969924092293
51.956665708,0.208391278982162,-0.00244984962046146
51.966855159,0.21038544178009,-0.00244984962046146
51.976852978,0.21038544178009,-0.00734953070059419
51.98685105,0.21038544178009,-0.00244984962046146
51.996850572,0.21038544178009,-0.00734953070059419
52.006852792,0.211382538080215,-0.00489968108013272
52.016852738,0.211382538080215,-0.00489968108013272
52.026854623,0.211382538080215,-0.00489968108013272
52.036666748,0.21038544178009,-0.00244984962046146
52.046851087,0.209388360381126,0
52.056854541,0.21038544178009,0.00244984962046146
52.066865941,0.208391278982162,0.00244984962046146
52.076859139,0.208391278982162,0.00734954932704568
52.086854176,0.208391278982162,0.00734954932704568
52.096854984,0.208391264081001,0.0122492304071784
52.106847543,0.206397086381912,0.0122492490336299
52.11663728,0.207394182682037,0.0146990800276399
52.126846459,0.205400019884109,0.0146990800276399
52.136855874,0.207394182682037,0.0146990800276399
52.146852082,0.206397086381912,0.0171489119529724
52.156845345,0.207394182682037,0.0146990800276399
52.166855171,0.206397086381912,0.0171489119529724
52.176855797,0.205400019884109,0.0146990800276399
52.186843952,0.205400019884109,0.0146990800276399
52.196643086,0.204402923583984,0.0122492304071784
52.206854118,0.205400019884109,0.0146990800276399
52.216853339,0.204402923583984,0.0122492304071784
52.226851513,0.204402923583984,0.0122492304071784
52.236847574,0.203405827283859,0.0146990800276399
52.246854821,0.203405827283859,0.00979938078671694
52.256845965,0.202408745884895,0.0122492304071784
52.266843475,0.203405827283859,0.00979938078671694
52.276641661,0.203405827283859,0.00979938078671694
52.286852173,0.202408745884895,0.00734953070059419
52.296858381,0.203405827283859,0.00979938078671694
52.306854314,0.202408745884895,0.00734953070059419
52.316876974,0.202408745884895,0.00734953070059419
52.326856286,0.202408745884895,0.00734953070059419
52.336844425,0.201411664485931,0.00489968108013272
52.346855529,0.201411664485931,0.00489968108013272
52.356643066,0.199417486786842,0
52.366844681,0.199417486786842,0
52.376850844,0.199417486786842,0
52.386854727,0.199417486786842,0
52.396852677,0.197423309087753,-0.00489969924092293
52.406847337,0.197423309087753,-0.00489969924092293
52.416852088,0.197423309087753,-0.00489969924092293
52.426852056,0.196426212787628,-0.00734954932704568
52.436621622,0.196426212787628,-0.00734954932704568
52.446851869,0.195429131388664,-0.00979939848184586
52.456844587,0.196426212787628,-0.00734954932704568
52.4668551,0.196426212787628,-0.00734954932704568
52.476844742,0.196426212787628,-0.00734954932704568
52.486854256,0.195429131388664,-0.00979939848184586
52.496851788,0.196426212787628,-0.00734954932704568
52.506846337,0.196426212787628,-0.0122492304071784
52.516619092,0.196426212787628,-0.0122492304071784
52.52685256,0.196426212787628,-0.00734954932704568
52.536842719,0.197423309087753,-0.00979938078671694
52.546848083,0.198420390486717,-0.00734953070059419
52.556853755,0.198420390486717,-0.00734953070059419
52.566853344,0.198420390486717,-0.00734953070059419
52.576845552,0.198420390486717,-0.00734953070059419
52.586846407,0.199417471885681,-0.00489968108013272
52.596596861,0.200414568185806,-0.00244983145967126
52.606851589,0.200414568185806,0.00244983145967126
52.616518269,0.201411664485931,0.00489968108013272
52.626850193,0.203405827283859,0.00489969924092293
52.636854551,0.203405827283859,0.00979938078671694
52.646855744,0.204402923583984,0.00734954932704568
52.656855152,0.205400004982948,0.00979939848184586
52.666858511,0.205400004982948,0.00979939848184586
52.676598687,0.207394182682037,0.00979939848184586
52.686851702,0.208391264081001,0.0122492304071784
52.696853023,0.207394182682037,0.00979939848184586
52.706852625,0.207394182682037,0.00979939848184586
52.716458481,0.206397086381912,0.00734954932704568
52.726856018,0.206397086381912,0.00244984962046146
52.736855192,0.206397086381912,0.00244984962046146
52.746854071,0.205400004982948,0.00489969924092293
52.756593181,0.205400004982948,0
52.76685325,0.205400004982948,0
52.776856553,0.203405827283859,0
52.786855404,0.202408730983734,-0.00244984962046146
52.796859196,0.202408730983734,-0.00244984962046146
52.806845171,0.204402923583984,-0.00244984962046146
52.816643155,0.204402923583984,-0.00244984962046146
52.826853466,0.203405827283859,0
52.836573609,0.203405827283859,-0.00489969924092293
52.846854249,0.204402923583984,-0.00244984962046146
52.85685667,0.203405827283859,0
52.86685252,0.203405827283859,0
52.876856874,0.203405827283859,0
52.886867125,0.205400004982948,0
52.896856715,0.205400004982948,0
52.906860698,0.203405827283859,0
52.916571753,0.204402923583984,0.00244984962046146
52.926852738,0.203405827283859,0
52.93685419,0.204402923583984,0.00244984962046146
52.946855323,0.203405827283859,0
52.956855323,0.204402923583984,0.00244984962046146
52.966858324,0.205400004982948,0
52.976854576,0.205400004982948,0
52.986853624,0.203405827283859,0
52.996574352,0.203405827283859,0
53.006854513,0.204402923583984,0.00244984962046146
53.0168801,0.203405827283859,0
53.026857508,0.204402923583984,0.00244984962046146
53.036853772,0.202408730983734,0.00244984962046146
53.046849512,0.203405827283859,0.00489969924092293
53.056853355,0.202408730983734,0.00244984962046146
53.066854327,0.201411664485931,0.00489968108013272
53.076574591,0.202408730983734,0.00244984962046146
53.08687059,0.202408730983734,0.00244984962046146
53.09686279,0.202408730983734,0.00244984962046146
53.106857289,0.203405827283859,0
53.11684505,0.203405827283859,0
53.126853323,0.203405827283859,0
53.13684395,0.204402923583984,0.00244984962046146
53.146851133,0.204402923583984,-0.00244984962046146
53.156575327,0.204402923583984,-0.00244984962046146
53.16685289,0.204402923583984,-0.00244984962046146
53.176853217,0.203405827283859,0
53.186854426,0.204402923583984,-0.00244984962046146
53.19685231,0.204402923583984,-0.00244984962046146
53.206856727,0.202408730983734,-0.00244984962046146
53.216854405,0.202408730983734,-0.00244984962046146
53.226850779,0.202408730983734,-0.00244984962046146
53.236578219,0.201411664485931,-0.00489968108013272
53.246854062,0.200414568185806,-0.00244983145967126
53.256852365,0.200414568185806,-0.00244983145967126
53.266858156,0.200414568185806,-0.00244983145967126
53.276853177,0.200414568185806,-0.00244983145967126
53.28684862,0.198420405387878,-0.00244984962046146
53.296852172,0.198420405387878,-0.00244984962046146
53.306852677,0.198420405387878,-0.00244984962046146
53.316580827,0.198420405387878,-0.00244984962046146
53.326535079,0.200414568185806,-0.00244983145967126
53.336852606,0.200414568185806,-0.00244983145967126
53.346844534,0.200414568185806,-0.00244983145967126
53.356878916,0.200414568185806,-0.00244983145967126
53.366852367,0.20141164958477,0
53.376858341,0.20141164958477,0
53.386853477,0.202408730983734,0.00244984962046146
53.396578494,0.203405827283859,0
53.406852254,0.204402923583984,0.00244984962046146
53.416851683,0.204402923583984,0.00244984962046146
53.426851186,0.202408730983734,0.00244984962046146
53.436853184,0.203405827283859,0.00489969924092293
53.446852979,0.203405827283859,0.00489969924092293
53.456854927,0.203405827283859,0.00489969924092293
53.466852237,0.203405827283859,0.00489969924092293
53.476584186,0.204402923583984,0.00244984962046146
53.486856316,0.205400004982948,0.00489969924092293
53.496852665,0.205400004982948,0.00979939848184586
53.506851131,0.204402923583984,0.00734954932704568
53.51684618,0.206397086381912,0.00734954932704568
53.52685177,0.207394182682037,0.00979939848184586
53.536855418,0.208391278982162,0.00734954932704568
53.546854155,0.209388345479965,0.00979938078671694
53.556583956,0.211382538080215,0.00979938078671694
53.566860945,0.211382538080215,0.00979938078671694
53.576848654,0.211382538080215,0.00979938078671694
53.586857115,0.212379619479179,0.00734953070059419
53.596854306,0.212379619479179,0.00734953070059419
53.606857406,0.214373797178268,0.00734953070059419
53.616851049,0.213376700878143,0.00489968108013272
53.626855489,0.215370878577232,0
53.636587442,0.214373797178268,0.00244984962046146
53.646858702,0.214373797178268,-0.00244984962046146
53.656853752,0.214373797178268,-0.00244984962046146
53.666855287,0.215370878577232,-0.00489969924092293
53.676850397,0.215370878577232,-0.00489969924092293
53.686853719,0.215370878577232,-0.00489969924092293
53.696851997,0.216367959976196,-0.00734954932704568
53.70685227,0.216367959976196,-0.00734954932704568
53.716586038,0.215370878577232,-0.00489969924092293
53.726874595,0.214373797178268,-0.00244984962046146
53.736854208,0.215370878577232,-0.00489969924092293
53.746854618,0.216367959976196,-0.00244984962046146
53.756858292,0.215370878577232,-0.00489969924092293
53.766851656,0.215370878577232,-0.00489969924092293
53.776855329,0.216367959976196,-0.00244984962046146
53.786852531,0.214373797178268,-0.00244984962046146
53.796588259,0.214373797178268,-0.00244984962046146
53.806854609,0.212379619479179,-0.00244983145967126
53.816867791,0.214373797178268,-0.00244984962046146
53.82687477,0.214373797178268,-0.00244984962046146
53.836847638,0.212379619479179,-0.00244983145967126
53.846852057,0.211382538080215,-0.00489968108013272
53.856849074,0.212379619479179,-0.00244983145967126
53.866849584,0.21038544178009,-0.00244984962046146
53.876590677,0.208391278982162,-0.00244984962046146
53.886848065,0.208391278982162,-0.00244984962046146
53.896852763,0.208391278982162,-0.00244984962046146
53.906853034,0.208391278982162,-0.00244984962046146
53.91685859,0.206397086381912,-0.00244984962046146
53.926868884,0.205400004982948,0
53.936854601,0.205400004982948,0
53.946851278,0.204402923583984,0.00244984962046146
53.956590666,0.203405827283859,0
53.966851434,0.203405827283859,0
53.976854271,0.203405827283859,0
53.986851008,0.203405827283859,0
53.996878211,0.202408730983734,0.00244984962046146
54.006853544,0.202408730983734,0.00244984962046146
54.016846978,0.202408730983734,0.00244984962046146
54.026856375,0.20141164958477,0
54.036589489,0.202408730983734,-0.00244984962046146
54.046851918,0.203405827283859,0
54.056854234,0.202408730983734,0.00244984962046146
54.066853702,0.202408730983734,0.00244984962046146
54.076855176,0.203405827283859,0
54.086857762,0.203405827283859,0
54.096852947,0.202408730983734,-0.00244984962046146
54.106853104,0.203405827283859,-0.00489969924092293
54.116593973,0.203405827283859,-0.00489969924092293
54.12685489,0.203405827283859,-0.00489969924092293
54.136851764,0.202408730983734,-0.00244984962046146
54.146847543,0.201411664485931,-0.00979938078671694
54.156851808,0.201411664485931,-0.00979938078671694
54.166852324,0.201411664485931,-0.00979938078671694
54.176851949,0.200414568185806,-0.00734953070059419
54.186850288,0.200414568185806,-0.00734953070059419
54.196594647,0.201411664485931,-0.00979938078671694
54.206847433,0.200414568185806,-0.00734953070059419
54.216854215,0.200414568185806,-0.00734953070059419
54.226845005,0.200414568185806,-0.00734953070059419
54.236846022,0.201411664485931,-0.00979938078671694
54.246848541,0.202408730983734,-0.00244984962046146
54.256852726,0.203405827283859,-0.00489969924092293
54.26685178,0.203405827283859,-0.00489969924092293
54.276596665,0.203405827283859,-0.00489969924092293
54.286854973,0.204402923583984,-0.00734954932704568
54.296853916,0.203405827283859,-0.00489969924092293
54.306850472,0.203405827283859,-0.00489969924092293
54.316851994,0.204402923583984,-0.00734954932704568
54.326843569,0.204402923583984,-0.00734954932704568
54.336850793,0.204402923583984,-0.00734954932704568
54.346846193,0.203405827283859,-0.00979938078671694
54.356597407,0.202408745884895,-0.00734953070059419
54.366844639,0.202408745884895,-0.00734953070059419
54.376857209,0.203405827283859,-0.00489969924092293
54.386851545,0.202408730983734,-0.00244984962046146
54.396877356,0.202408730983734,-0.00244984962046146
54.406854279,0.202408730983734,-0.00244984962046146
54.416854273,0.202408730983734,-0.00244984962046146
54.426853473,0.20141164958477,0
54.436599857,0.202408730983734,0.00244984962046146
54.446852697,0.202408730983734,0.00244984962046146
54.456853865,0.202408730983734,0.00244984962046146
54.466850849,0.203405827283859,0.00489969924092293
54.476847397,0.203405827283859,0
54.486853744,0.203405827283859,0
54.496844386,0.203405827283859,0
54.506850402,0.204402923583984,0.00244984962046146
54.516601238,0.203405827283859,0.00489969924092293
54.526853151,0.204402923583984,0.00244984962046146
54.536852756,0.204402923583984,0.00244984962046146
54.546852044,0.204402923583984,0.00244984962046146
54.556850986,0.205400004982948,0
54.566852911,0.204402923583984,-0.00244984962046146
54.576853984,0.204402923583984,0.00244984962046146
54.586855019,0.205400004982948,0
54.59660397,0.205400004982948,0
54.606852871,0.204402923583984,-0.00244984962046146
54.616855815,0.204402923583984,-0.00244984962046146
54.626854298,0.204402923583984,-0.00244984962046146
54.63685873,0.202408730983734,-0.00244984962046146
54.646853435,0.202408730983734,-0.00244984962046146
54.65685606,0.20141164958477,0
54.66685653,0.203405827283859,0
54.676606229,0.202408730983734,-0.00244984962046146
54.686859272,0.20141164958477,0
54.696852429,0.202408730983734,-0.00244984962046146
54.706852704,0.203405827283859,0
54.716847327,0.203405827283859,0
54.726851467,0.203405827283859,0
54.736844385,0.203405827283859,0
54.746853998,0.203405827283859,0
54.756606886,0.203405827283859,0
54.766851665,0.202408730983734,0.00244984962046146
54.776850766,0.203405827283859,0
54.786853511,0.203405827283859,0
54.796860736,0.201411664485931,0.00489968108013272
54.806854398,0.20141164958477,0
54.816851826,0.202408730983734,0.00244984962046146
54.826856392,0.202408730983734,0.00244984962046146
54.836607962,0.202408730983734,0.00244984962046146
54.846860303,0.202408730983734,-0.00244984962046146
54.856853614,0.202408730983734,-0.00244984962046146
54.866856344,0.201411664485931,-0.00489968108013272
54.876903752,0.200414568185806,-0.00244983145967126
54.886857391,0.200414568185806,-0.00244983145967126
54.896858437,0.201411664485931,-0.00489968108013272
54.906848504,0.199417471885681,-0.00489968108013272
54.916610972,0.199417471885681,-0.00979938078671694
54.926853902,0.199417471885681,-0.00979938078671694
54.936865312,0.198420390486717,-0.0122492304071784
54.946850231,0.198420390486717,-0.00734953070059419
54.956853688,0.198420390486717,-0.00734953070059419
54.966851826,0.198420390486717,-0.00734953070059419
54.976852458,0.199417471885681,-0.00979938078671694
54.986851074,0.200414568185806,-0.00734953070059419
54.996608098,0.200414568185806,-0.00734953070059419
55.006855887,0.201411664485931,-0.00489968108013272
55.016860636,0.200414568185806,-0.00244983145967126
55.026854401,0.20141164958477,0
55.036854381,0.202408730983734,0.00244984962046146
55.046850453,0.204402923583984,0.00244984962046146
55.056855921,0.204402923583984,0.00244984962046146
55.066853382,0.205400004982948,0.00489969924092293
55.076612363,0.204402923583984,0.00734954932704568
55.086853004,0.204402923583984,0.00244984962046146
55.096855941,0.205400004982948,0.00489969924092293
55.106853334,0.205400004982948,0.00489969924092293
55.11685264,0.207394182682037,0.00489969924092293
55.126859668,0.207394182682037,0
55.136854552,0.207394182682037,0
55.146852134,0.207394182682037,0
55.156616283,0.207394182682037,0
55.166890014,0.206397086381912,-0.00244984962046146
55.176890281,0.208391278982162,-0.00244984962046146
55.186854041,0.207394182682037,0
55.19685519,0.207394182682037,-0.00489969924092293
55.206848008,0.209388360381126,-0.00489969924092293
55.216853701,0.208391278982162,-0.00244984962046146
55.226851161,0.208391278982162,-0.00244984962046146
55.236615989,0.209388360381126,-0.00489969924092293
55.246852953,0.209388360381126,-0.00489969924092293
55.256854675,0.211382538080215,-0.00489968108013272
55.26687269,0.211382538080215,-0.00489968108013272
55.276851107,0.21038544178009,-0.00734953070059419
55.286854467,0.212379619479179,-0.00734953070059419
55.296858903,0.211382538080215,-0.00489968108013272
55.306856986,0.209388360381126,-0.00489969924092293
55.316618178,0.21038544178009,-0.00734953070059419
55.326855909,0.209388360381126,-0.00489969924092293
55.336854358,0.209388360381126,-0.00489969924092293
55.346851278,0.207394182682037,-0.00489969924092293
55.356854605,0.205400004982948,-0.00489969924092293
55.366854221,0.205400004982948,-0.00489969924092293
55.376856549,0.206397086381912,-0.00244984962046146
55.386850676,0.204402923583984,-0.00244984962046146
55.396619097,0.206397086381912,-0.00244984962046146
55.406856583,0.206397086381912,-0.00244984962046146
55.4168513,0.205400004982948,-0.00489969924092293
55.42685868,0.206397086381912,-0.00244984962046146
55.436872795,0.205400004982948,0
55.446851986,0.207394182682037,0
55.456852282,0.207394182682037,0
55.466857504,0.209388360381126,0
55.476626075,0.208391278982162,-0.00244984962046146
55.486854286,0.209388360381126,-0.00489969924092293
55.496848006,0.208391278982162,-0.00244984962046146
55.506852428,0.209388360381126,-0.00489969924092293
55.516852791,0.208391278982162,-0.00244984962046146
55.5268486,0.209388360381126,-0.00489969924092293
55.536855241,0.209388360381126,-0.00489969924092293
55.546851741,0.208391278982162,-0.00734954932704568
55.556623157,0.208391278982162,-0.00734954932704568
55.566853613,0.206397086381912,-0.00734954932704568
55.57685924,0.207394182682037,-0.00489969924092293
55.586858335,0.206397086381912,-0.00244984962046146
55.596851316,0.206397086381912,-0.00244984962046146
55.60685241,0.205400004982948,0
55.616853701,0.206397086381912,-0.00244984962046146
55.626855397,0.204402923583984,-0.00244984962046146
55.636620358,0.205400004982948,-0.00489969924092293
55.646852672,0.205400004982948,0
55.656855267,0.206397086381912,-0.00244984962046146
55.666851042,0.207394182682037,0
55.676856871,0.206397086381912,-0.00244984962046146
55.686853425,0.206397086381912,-0.00244984962046146
55.696859488,0.206397086381912,-0.00244984962046146
55.706852913,0.207394182682037,-0.00489969924092293
55.716624582,0.206397086381912,-0.00244984962046146
55.726852191,0.207394182682037,0
55.736853697,0.206397086381912,0.00244984962046146
55.746848456,0.205400004982948,0
55.756857723,0.204402923583984,0.00244984962046146
55.766853431,0.203405827283859,0
55.776852281,0.202408730983734,0.00244984962046146
55.786853344,0.202408730983734,0.00244984962046146
55.796627652,0.20141164958477,0
55.80685547,0.200414568185806,0.00244983145967126
55.816850995,0.200414568185806,0.00244983145967126
55.826850547,0.199417486786842,0
55.836861009,0.198420405387878,-0.00244984962046146
55.84685207,0.198420405387878,-0.00244984962046146
55.856855768,0.198420405387878,-0.00244984962046146
55.86684878,0.198420390486717,-0.00734953070059419
55.876630654,0.198420390486717,-0.00734953070059419
55.886857036,0.198420390486717,-0.00734953070059419
55.896845492,0.198420390486717,-0.00734953070059419
55.906853289,0.199417471885681,-0.00979938078671694
55.916845769,0.199417471885681,-0.00979938078671694
55.92685192,0.199417471885681,-0.00979938078671694
55.936845068,0.201411664485931,-0.00979938078671694
55.94687516,0.201411664485931,-0.00979938078671694
55.956626062,0.202408745884895,-0.00734953070059419
55.966856774,0.203405827283859,-0.00489969924092293
55.976851855,0.203405827283859,-0.00489969924092293
55.98685588,0.205400004982948,-0.00489969924092293
55.996852848,0.205400004982948,-0.00489969924092293
56.006851476,0.204402923583984,-0.00244984962046146
56.016853217,0.204402923583984,-0.00244984962046146
56.026853059,0.205400004982948,0
56.036262447,0.203405827283859,0.00489969924092293
56.046852507,0.203405827283859,0.00489969924092293
56.056853666,0.202408730983734,0.00244984962046146
56.066852926,0.201411664485931,0.00979938078671694
56.07685637,0.201411664485931,0.00979938078671694
56.086294665,0.199417471885681,0.0146990800276399
56.096856698,0.198420390486717,0.0171489305794239
56.106852644,0.199417471885681,0.0195987801998854
56.116622199,0.198420405387878,0.0220486111938953
56.126857506,0.197423309087753,0.0195987615734339
56.136380011,0.198420405387878,0.0220486111938953
56.146853401,0.197423309087753,0.0244984608143568
56.156858517,0.197423309087753,0.0244984608143568
56.166870135,0.197423309087753,0.0244984608143568
56.176849119,0.197423309087753,0.0244984608143568
56.186851804,0.196426212787628,0.0220486111938953
56.196617694,0.198420405387878,0.0220486111938953
56.206862747,0.197423309087753,0.0195987615734339
56.216853878,0.198420390486717,0.0171489305794239
56.226851409,0.199417471885681,0.0195987801998854
56.236557233,0.199417471885681,0.0195987801998854
56.246852869,0.200414568185806,0.0171489305794239
56.256855755,0.201411664485931,0.0195987801998854
56.266851013,0.200414568185806,0.0171489305794239
56.276627629,0.201411664485931,0.0195987801998854
56.286847644,0.202408745884895,0.0171489305794239
56.296877521,0.201411664485931,0.0146990800276399
56.306851446,0.200414568185806,0.0171489305794239
56.316852396,0.200414568185806,0.0171489305794239
56.326870465,0.199417471885681,0.0146990800276399
56.336245042,0.198420390486717,0.0122492304071784
56.346853804,0.198420390486717,0.0122492304071784
56.356625575,0.197423309087753,0.00979938078671694
56.366856602,0.198420390486717,0.00734953070059419
56.376854348,0.196426212787628,0.00244984962046146
56.386853256,0.196426212787628,0.00244984962046146
56.396860083,0.196426212787628,0.00244984962046146
56.406910234,0.197423309087753,0
56.416900999,0.197423309087753,0
56.426908293,0.196426212787628,-0.00244984962046146
56.436494373,0.197423309087753,-0.00489969924092293
56.446906864,0.197423309087753,-0.00489969924092293
56.456912013,0.197423309087753,-0.00489969924092293
56.466892579,0.196426212787628,-0.00734954932704568
56.476954694,0.198420390486717,-0.00734953070059419
56.486897096,0.198420390486717,-0.00734953070059419
56.496892141,0.198420390486717,-0.00734953070059419
56.506929373,0.198420390486717,-0.00734953070059419
56.516626056,0.199417471885681,-0.00979938078671694
56.526900497,0.200414568185806,-0.00734953070059419
56.536661119,0.200414568185806,-0.00734953070059419
56.546907057,0.200414568185806,-0.00734953070059419
56.556907923,0.200414568185806,-0.00734953070059419
56.566894372,0.202408745884895,-0.00734953070059419
56.576908984,0.202408730983734,-0.00244984962046146
56.586918699,0.203405827283859,-0.00489969924092293
56.596621326,0.204402923583984,-0.00244984962046146
56.606904145,0.205400004982948,0
56.616911645,0.206397086381912,0.00244984962046146
56.62690347,0.207394182682037,0.00489969924092293
56.636926489,0.209388360381126,0.00489969924092293
56.646897515,0.211382538080215,0.00489968108013272
56.656894142,0.213376700878143,0.00979938078671694
56.666908098,0.215370893478394,0.00979938078671694
56.676598754,0.215370893478394,0.00979938078671694
56.686905923,0.216367974877357,0.0122492304071784
56.696905533,0.216367974877357,0.0122492304071784
56.70689733,0.217365056276321,0.00979939848184586
56.716868323,0.217365056276321,0.00979939848184586
56.726889907,0.217365056276321,0.00489969924092293
56.736892604,0.216367959976196,0.00734954932704568
56.746898941,0.216367959976196,0.00734954932704568
56.756637666,0.216367959976196,0.00244984962046146
56.7669077,0.213376700878143,0.00489968108013272
56.776904786,0.214373797178268,0.00244984962046146
56.786911941,0.213376700878143,0.00489968108013272
56.796910392,0.213376700878143,0
56.806862768,0.212379619479179,0.00244983145967126
56.816900084,0.211382538080215,0
56.826905856,0.211382538080215,0.00489968108013272
56.836632348,0.21038544178009,0.00244984962046146
56.846909492,0.21038544178009,0.00244984962046146
56.856911305,0.208391278982162,0.00244984962046146
56.866901808,0.209388360381126,0
56.876913349,0.208391278982162,0.00244984962046146
56.886915424,0.208391278982162,-0.00244984962046146
56.896909658,0.207394182682037,0
56.906911898,0.208391278982162,-0.00244984962046146
56.916628133,0.207394182682037,0
56.926904981,0.206397086381912,-0.00244984962046146
56.936910401,0.207394182682037,-0.00489969924092293
56.946908109,0.206397086381912,-0.00244984962046146
56.956904586,0.207394182682037,-0.00489969924092293
56.966905057,0.206397086381912,-0.00244984962046146
56.976893689,0.206397086381912,-0.00244984962046146
56.98690227,0.205400004982948,0
56.996608095,0.206397086381912,-0.00244984962046146
57.006914127,0.205400004982948,-0.00489969924092293
57.016896855,0.206397086381912,-0.00244984962046146
57.026913032,0.207394182682037,-0.00489969924092293
57.036907307,0.207394182682037,0
57.046911955,0.206397086381912,-0.00244984962046146
57.056903388,0.207394182682037,0
57.066906441,0.207394182682037,0
57.076608866,0.208391278982162,-0.00244984962046146
57.086915561,0.209388360381126,-0.00489969924092293
57.096914733,0.209388360381126,0
57.106908965,0.21038544178009,0.00244984962046146
57.11690293,0.209388360381126,0
57.126897479,0.21038544178009,0.00244984962046146
57.136899139,0.209388360381126,0
57.146906408,0.21038544178009,0.00244984962046146
57.15661728,0.208391278982162,0.00244984962046146
57.166910409,0.21038544178009,0.00244984962046146
57.176898588,0.209388360381126,0.00489969924092293
57.186907193,0.209388360381126,0.00489969924092293
57.196937526,0.209388360381126,0.00489969924092293
57.206916018,0.208391278982162,0.00244984962046146
57.216916594,0.209388360381126,0.00489969924092293
57.226930665,0.208391278982162,0.00244984962046146
57.236582859,0.21038544178009,0.00244984962046146
57.246917649,0.209388360381126,0
57.256925512,0.21038544178009,0.00244984962046146
57.266904426,0.209388360381126,0
57.276911774,0.209388360381126,0
57.286930203,0.208391278982162,0.00244984962046146
57.296880617,0.207394182682037,0
57.306905659,0.207394182682037,0.00489969924092293
57.316594666,0.206397086381912,0.00244984962046146
57.326915863,0.206397086381912,0.00244984962046146
57.336893446,0.204402923583984,0.00734954932704568
57.346909217,0.205400004982948,0.00489969924092293
57.356863924,0.203405827283859,0.00489969924092293
57.366910471,0.203405827283859,0.00489969924092293
57.376907371,0.202408730983734,0.00244984962046146
57.386904761,0.202408730983734,0.00244984962046146
57.396593969,0.202408730983734,0.00244984962046146
57.406909598,0.20141164958477,0
57.416899981,0.20141164958477,0
57.426894115,0.200414568185806,0.00244983145967126
57.43689723,0.200414568185806,-0.00244983145967126
57.446892167,0.199417486786842,0
57.456915508,0.200414568185806,-0.00244983145967126
57.466931236,0.199417486786842,0
57.476595334,0.200414568185806,-0.00244983145967126
57.486905733,0.200414568185806,-0.00244983145967126
57.496905231,0.200414568185806,-0.00244983145967126
57.506902639,0.200414568185806,-0.00244983145967126
57.516954834,0.201411664485931,-0.00489968108013272
57.526928382,0.201411664485931,-0.00489968108013272
57.536907854,0.201411664485931,-0.00489968108013272
57.546911004,0.201411664485931,-0.00489968108013272
57.556599247,0.202408745884895,-0.00734953070059419
57.566907168,0.203405827283859,-0.00489969924092293
57.576906488,0.202408730983734,-0.00244984962046146
57.586907397,0.203405827283859,-0.00489969924092293
57.596911906,0.204402923583984,-0.00734954932704568
57.606932326,0.204402923583984,-0.00734954932704568
57.616887425,0.205400004982948,-0.00489969924092293
57.62689343,0.205400004982948,-0.00489969924092293
57.636595262,0.205400004982948,-0.00489969924092293
57.646910273,0.205400004982948,-0.00489969924092293
57.656905396,0.205400004982948,-0.00489969924092293
57.666903139,0.204402923583984,-0.00734954932704568
57.676896916,0.204402923583984,-0.00734954932704568
57.686912464,0.204402923583984,-0.00244984962046146
57.696908422,0.204402923583984,-0.00244984962046146
57.706909091,0.204402923583984,-0.00244984962046146
57.716570128,0.203405827283859,-0.00489969924092293
57.726916359,0.202408730983734,-0.00244984962046146
57.736910217,0.203405827283859,-0.00489969924092293
57.746895733,0.204402923583984,-0.00734954932704568
57.756905752,0.203405827283859,-0.00489969924092293
57.76690372,0.204402923583984,-0.00734954932704568
57.776905037,0.204402923583984,-0.00734954932704568
57.786896416,0.203405827283859,-0.00979938078671694
57.796573419,0.203405827283859,-0.00979938078671694
57.806912096,0.203405827283859,-0.00979938078671694
57.81691069,0.203405827283859,-0.00979938078671694
57.826916232,0.204402923583984,-0.0122492304071784
57.836907846,0.204402923583984,-0.0122492304071784
57.846900292,0.203405827283859,-0.00979938078671694
57.856911628,0.203405827283859,-0.00979938078671694
57.866893241,0.202408745884895,-0.00734953070059419
57.8765756,0.203405827283859,-0.00979938078671694
57.886914071,0.203405827283859,-0.00979938078671694
57.896931091,0.202408745884895,-0.00734953070059419
57.906897804,0.202408745884895,-0.00734953070059419
57.916915484,0.201411664485931,-0.00489968108013272
57.926901156,0.202408730983734,-0.00244984962046146
57.936916696,0.20141164958477,0
57.946906413,0.20141164958477,0
57.956577952,0.202408730983734,0.00244984962046146
57.966907388,0.202408730983734,0.00244984962046146
57.976892125,0.200414568185806,0.00734953070059419
57.986897347,0.201411664485931,0.00979938078671694
57.996864637,0.201411664485931,0.00979938078671694
58.006911553,0.201411664485931,0.00979938078671694
58.016909078,0.203405827283859,0.00979938078671694
58.02689729,0.202408745884895,0.00734953070059419
58.036555085,0.202408745884895,0.00734953070059419
58.046907416,0.204402923583984,0.00734954932704568
58.056893806,0.203405827283859,0.00489969924092293
58.066904902,0.204402923583984,0.00244984962046146
58.076905921,0.205400004982948,0
58.08690108,0.205400004982948,0
58.096910384,0.205400004982948,0
58.106902501,0.205400004982948,0
58.116555009,0.204402923583984,-0.00244984962046146
58.126910037,0.204402923583984,-0.00244984962046146
58.136900361,0.204402923583984,-0.00244984962046146
58.146907298,0.202408730983734,-0.00244984962046146
58.156898678,0.202408730983734,-0.00244984962046146
58.166903067,0.202408730983734,-0.00244984962046146
58.176898466,0.202408730983734,-0.00244984962046146
58.186900564,0.201411664485931,-0.00489968108013272
58.196551538,0.201411664485931,-0.00489968108013272
58.206179138,0.203405827283859,-0.00489969924092293
58.216912086,0.202408730983734,-0.00244984962046146
58.226911143,0.202408730983734,-0.00244984962046146
58.236910077,0.203405827283859,-0.00489969924092293
58.246909312,0.205400004982948,-0.00489969924092293
58.256912057,0.205400004982948,-0.00489969924092293
58.266913632,0.206397086381912,-0.00244984962046146
58.276558083,0.206397086381912,-0.00244984962046146
58.286911436,0.208391278982162,-0.00244984962046146
58.296905942,0.208391278982162,-0.00244984962046146
58.306918036,0.207394182682037,-0.00489969924092293
58.316941133,0.208391278982162,-0.00734954932704568
58.326912892,0.209388360381126,-0.00489969924092293
58.336916306,0.209388360381126,-0.00489969924092293
58.34689345,0.207394182682037,-0.00489969924092293
58.356530124,0.207394182682037,-0.00489969924092293
58.366911518,0.206397086381912,-0.00244984962046146
58.376910803,0.207394182682037,-0.00489969924092293
58.386893394,0.205400004982948,-0.00489969924092293
58.396898382,0.206397086381912,-0.00244984962046146
58.40690895,0.206397086381912,-0.00244984962046146
58.416906913,0.205400004982948,0
58.426912383,0.205400004982948,0
58.436544895,0.205400004982948,0
58.446879277,0.205400004982948,0.00489969924092293
58.456884107,0.206397086381912,0.00244984962046146
58.466883397,0.205400004982948,0
58.476884127,0.205400004982948,0.00489969924092293
58.486898609,0.206397086381912,0.00244984962046146
58.496886695,0.206397086381912,0.00244984962046146
58.506879495,0.206397086381912,0.00734954932704568
58.516513334,0.206397086381912,0.00734954932704568
58.526879603,0.206397086381912,0.00244984962046146
58.536883614,0.206397086381912,0.00734954932704568
58.54688224,0.207394182682037,0
58.556920276,0.206397086381912,0.00244984962046146
58.566877695,0.207394182682037,0.00489969924092293
58.576887709,0.206397086381912,0.00244984962046146
58.586899839,0.205400004982948,0.00489969924092293
58.596517526,0.205400004982948,0
58.60688504,0.205400004982948,0
58.616883671,0.205400004982948,0
58.626882881,0.205400004982948,0.00489969924092293
58.636713638,0.204402923583984,0.00244984962046146
58.646896267,0.203405827283859,0.00489969924092293
58.656883059,0.203405827283859,0.00489969924092293
58.66688271,0.204402923583984,0.00244984962046146
58.676491305,0.204402923583984,0.00244984962046146
58.686878772,0.205400004982948,0.00489969924092293
58.696884076,0.204402923583984,0.00734954932704568
58.706885761,0.204402923583984,0.00734954932704568
58.71688,0.204402923583984,0.00734954932704568
58.726899233,0.204402923583984,0.00734954932704568
58.73688283,0.204402923583984,0.00734954932704568
58.74688965,0.205400004982948,0.00489969924092293
58.756487523,0.206397086381912,0.00734954932704568
58.766886575,0.205400004982948,0.00979939848184586
58.776885368,0.205400004982948,0.00979939848184586
58.786885734,0.205400004982948,0.00979939848184586
58.796883719,0.205400004982948,0.00979939848184586
58.806882967,0.205400004982948,0.00979939848184586
58.816881147,0.206397086381912,0.00734954932704568
58.826882415,0.206397086381912,0.00734954932704568
58.836492381,0.206397086381912,0.00734954932704568
58.846882495,0.206397086381912,0.0122492490336299
58.856897507,0.205400004982948,0.00979939848184586
58.86687773,0.204402923583984,0.00734954932704568
58.876882857,0.206397086381912,0.00734954932704568
58.886883144,0.206397086381912,0.00734954932704568
58.896883289,0.207394182682037,0.00489969924092293
58.906881609,0.207394182682037,0.00489969924092293
58.916497192,0.206397086381912,0.00734954932704568
58.926884034,0.207394182682037,0.00489969924092293
58.936882753,0.209388360381126,0.00489969924092293
58.946879807,0.208391278982162,0.00244984962046146
58.956894489,0.21038544178009,0.00244984962046146
58.966883768,0.211382538080215,0.00489968108013272
58.976286003,0.211382538080215,0.00489968108013272
58.986730073,0.211382538080215,0.00489968108013272
58.996497257,0.212379619479179,0.00734953070059419
59.0067211,0.211382538080215,0.00489968108013272
59.016721279,0.212379619479179,0.00734953070059419
59.026727283,0.211382538080215,0.00979938078671694
59.036736111,0.21038544178009,0.00734953070059419
59.046880511,0.211382538080215,0.00979938078671694
59.056882082,0.21038544178009,0.0122492304071784
59.066899141,0.21038544178009,0.0122492304071784
59.076471294,0.208391264081001,0.0122492304071784
59.086881575,0.209388345479965,0.00979938078671694
59.096881268,0.208391264081001,0.0122492304071784
59.106881167,0.209388345479965,0.00979938078671694
59.116880827,0.209388345479965,0.00979938078671694
59.126107905,0.209388360381126,0.00489969924092293
59.136883641,0.209388345479965,0.00979938078671694
59.146883812,0.208391278982162,0.00734954932704568
59.156474144,0.208391278982162,0.00244984962046146
59.166883613,0.208391278982162,0.00244984962046146
59.176901825,0.209388360381126,0
59.186904806,0.208391278982162,0.00244984962046146
59.196897539,0.208391278982162,-0.00244984962046146
59.206910899,0.207394182682037,0
59.216915758,0.207394182682037,-0.00489969924092293
59.226219469,0.206397086381912,-0.00244984962046146
59.236496174,0.205400004982948,-0.00489969924092293
59.246911956,0.206397086381912,-0.00734954932704568
59.25691645,0.205400004982948,-0.00489969924092293
59.266896407,0.204402923583984,-0.00734954932704568
59.276769776,0.203405827283859,-0.00489969924092293
59.286911755,0.201411664485931,-0.00979938078671694
59.296905634,0.200414568185806,-0.00734953070059419
59.306899805,0.200414568185806,-0.00734953070059419
59.316476305,0.198420390486717,-0.00734953070059419
59.326236324,0.199417471885681,-0.00979938078671694
59.33690095,0.199417471885681,-0.00979938078671694
59.346902722,0.197423309087753,-0.00979938078671694
59.356906206,0.197423309087753,-0.00979938078671694
59.366904289,0.198420390486717,-0.0122492304071784
59.376903348,0.198420390486717,-0.0122492304071784
59.386909019,0.198420390486717,-0.0122492304071784
59.396472035,0.198420390486717,-0.0122492304071784
59.406905099,0.198420390486717,-0.0122492304071784
59.416896068,0.200414568185806,-0.0122492304071784
59.426098526,0.198420390486717,-0.0122492304071784
59.43691346,0.198420390486717,-0.0122492304071784
59.44690397,0.199417471885681,-0.00979938078671694
59.456920891,0.198420390486717,-0.0122492304071784
59.466931836,0.197423309087753,-0.00979938078671694
59.476479966,0.196426212787628,-0.0122492304071784
59.486896935,0.196426212787628,-0.0122492304071784
59.496908571,0.197423309087753,-0.0146990800276399
59.506901484,0.196426212787628,-0.0171489119529724
59.516911299,0.195429131388664,-0.0146990614011884
59.526539271,0.195429131388664,-0.0146990614011884
59.536909269,0.195429131388664,-0.0146990614011884
59.546908977,0.195429131388664,-0.0146990614011884
59.55648118,0.196426212787628,-0.0122492304071784
59.566912888,0.197423309087753,-0.0146990800276399
59.57691744,0.198420390486717,-0.0122492304071784
59.586911603,0.199417471885681,-0.00979938078671694
59.596921964,0.198420390486717,-0.00734953070059419
59.60690571,0.201411664485931,-0.00489968108013272
59.616913038,0.201411664485931,-0.00489968108013272
59.626705308,0.203405827283859,0
59.636472194,0.205400004982948,0
59.646908886,0.206397086381912,0.00244984962046146
59.656902661,0.207394182682037,0
59.666935622,0.207394182682037,0.00489969924092293
59.676917114,0.208391278982162,0.00244984962046146
59.686900898,0.209388360381126,0.00489969924092293
59.696201893,0.21038544178009,0.00244984962046146
59.706906306,0.209388360381126,0.00489969924092293
59.716451481,0.21038544178009,0.00244984962046146
59.726931087,0.209388360381126,0
59.736906926,0.209388360381126,0
59.746910636,0.208391278982162,-0.00244984962046146
59.756928198,0.207394182682037,0
59.766907266,0.206397086381912,-0.00244984962046146
59.776913603,0.207394182682037,0
59.786928702,0.206397086381912,-0.00244984962046146
59.796457972,0.205400004982948,0
59.806914373,0.205400004982948,-0.00489969924092293
59.816907447,0.204402923583984,-0.00244984962046146
59.82690955,0.204402923583984,-0.00244984962046146
59.836909702,0.202408730983734,-0.00244984962046146
59.846927683,0.203405827283859,-0.00489969924092293
59.856907808,0.203405827283859,-0.00489969924092293
59.866909679,0.203405827283859,-0.00489969924092293
59.876455412,0.202408745884895,-0.00734953070059419
59.886914497,0.202408745884895,-0.00734953070059419
59.896912377,0.203405827283859,-0.00979938078671694
59.906919487,0.202408745884895,-0.00734953070059419
59.916893026,0.203405827283859,-0.00979938078671694
59.926916846,0.203405827283859,-0.00979938078671694
59.936897263,0.203405827283859,-0.00979938078671694
59.946907715,0.203405827283859,-0.00979938078671694
59.956461684,0.203405827283859,-0.00979938078671694
59.966908549,0.204402923583984,-0.0122492304071784
59.976907914,0.203405827283859,-0.00979938078671694
59.98690914,0.204402923583984,-0.0122492304071784
59.996904712,0.203405827283859,-0.00979938078671694
60.006903146,0.203405827283859,-0.00979938078671694
60.016909186,0.202408745884895,-0.00734953070059419
60.026901419,0.203405827283859,-0.00489969924092293
60.036191171,0.203405827283859,-0.00489969924092293
60.046908022,0.202408730983734,-0.00244984962046146
60.056911178,0.204402923583984,-0.00244984962046146
60.066898515,0.203405827283859,0.00489969924092293
60.076906267,0.203405827283859,0.00489969924092293
60.08626649,0.202408745884895,0.0122492304071784
60.096913107,0.203405827283859,0.0146990800276399
60.106911947,0.203405827283859,0.0146990800276399
60.116182123,0.202408745884895,0.0171489305794239
60.126909616,0.202408745884895,0.0171489305794239
60.136909443,0.202408745884895,0.0171489305794239
60.146896492,0.201411664485931,0.0195987801998854
60.156907562,0.199417471885681,0.0195987801998854
60.166906673,0.199417471885681,0.0146990800276399
60.176906143,0.198420390486717,0.0171489305794239
60.186919703,0.199417471885681,0.0146990800276399
60.196184832,0.198420390486717,0.0122492304071784
60.206909027,0.198420390486717,0.0122492304071784
60.216906276,0.199417471885681,0.0146990800276399
60.226902004,0.198420390486717,0.0122492304071784
60.236902746,0.198420390486717,0.0122492304071784
60.246908389,0.200414568185806,0.0122492304071784
60.256920454,0.199417471885681,0.0146990800276399
60.266920728,0.199417471885681,0.0146990800276399
60.276182752,0.202408745884895,0.0122492304071784
60.286908744,0.201411664485931,0.00979938078671694
60.296903605,0.202408745884895,0.0122492304071784
60.306665956,0.202408745884895,0.0122492304071784
60.316666969,0.202408745884895,0.00734953070059419
60.326154415,0.202408745884895,0.00734953070059419
60.336667474,0.203405827283859,0.00979938078671694
60.346920819,0.203405827283859,0.00489969924092293
60.356155531,0.205400004982948,0
60.366910993,0.205400004982948,0
60.376916316,0.204402923583984,-0.00244984962046146
60.386902915,0.204402923583984,-0.00244984962046146
60.396908418,0.203405827283859,-0.00489969924092293
60.406916163,0.204402923583984,-0.00734954932704568
60.416170103,0.204402923583984,-0.00734954932704568
60.426906958,0.205400004982948,-0.00979939848184586
60.436177435,0.204402923583984,-0.0122492304071784
60.446911776,0.204402923583984,-0.0122492304071784
60.456905235,0.203405827283859,-0.00979938078671694
60.466180543,0.204402923583984,-0.00734954932704568
60.476909316,0.203405827283859,-0.00489969924092293
60.486913494,0.204402923583984,-0.00734954932704568
60.49617435,0.204402923583984,-0.00734954932704568
60.506911255,0.205400004982948,-0.00489969924092293
60.516182819,0.207394182682037,-0.00489969924092293
60.52690518,0.207394182682037,0
60.536913564,0.208391278982162,-0.00244984962046146
60.546157725,0.208391278982162,0.00244984962046146
60.556907017,0.21038544178009,0.00244984962046146
60.566909732,0.211382538080215,0
60.576160161,0.213376700878143,0
60.586908307,0.213376700878143,0.00489968108013272
60.596185996,0.214373797178268,0.00244984962046146
60.606910341,0.215370878577232,0.00489969924092293
60.616177465,0.215370878577232,0.00489969924092293
60.626909786,0.216367959976196,0.00244984962046146
60.636956221,0.217365056276321,0.00489969924092293
60.646134618,0.218362152576447,0.00244984962046146
60.65616182,0.21935923397541,0.00489969924092293
60.666909544,0.21935923397541,0.00489969924092293
60.676135558,0.21935923397541,0.00489969924092293
60.686897693,0.21935923397541,0.00489969924092293
60.696140884,0.220356315374374,0.00734953070059419
60.706910945,0.218362152576447,0.00734954932704568
60.716134793,0.218362152576447,0.00734954932704568
60.726151608,0.217365056276321,0.00979939848184586
60.736154999,0.217365056276321,0.00979939848184586
60.746136513,0.216367974877357,0.0122492304071784
60.756135532,0.215370893478394,0.00979938078671694
60.766151767,0.214373797178268,0.0122492304071784
60.776136546,0.214373797178268,0.0122492304071784
60.786911979,0.213376700878143,0.00979938078671694
60.796153263,0.212379619479179,0.0122492304071784
60.806906682,0.212379619479179,0.00734953070059419
60.816152968,0.211382538080215,0.00979938078671694
60.826908233,0.21038544178009,0.00734953070059419
60.836149755,0.21038544178009,0.00734953070059419
60.84614398,0.209388360381126,0.00489969924092293
60.856159758,0.207394182682037,0.00489969924092293
60.866902049,0.208391278982162,0.00244984962046146
60.87613328,0.205400004982948,0.00489969924092293
60.886908804,0.206397086381912,0.00244984962046146
60.896138405,0.205400004982948,0
60.906158572,0.204402923583984,0.00244984962046146
60.916145173,0.203405827283859,0
60.926909538,0.204402923583984,-0.00244984962046146
60.936150673,0.202408730983734,-0.00244984962046146
60.946910511,0.202408730983734,-0.00244984962046146
60.956884027,0.201411664485931,-0.00489968108013272
60.966146102,0.199417471885681,-0.00489968108013272
60.976157786,0.200414568185806,-0.00734953070059419
60.986123795,0.199417471885681,-0.00489968108013272
60.996114117,0.199417471885681,-0.00489968108013272
61.006121377,0.198420390486717,-0.00734953070059419
61.016120415,0.199417471885681,-0.00979938078671694
61.026129161,0.198420390486717,-0.00734953070059419
61.0361224,0.197423309087753,-0.00489969924092293
61.046119975,0.198420390486717,-0.00734953070059419
61.056122708,0.197423309087753,-0.00489969924092293
61.066120386,0.198420390486717,-0.00734953070059419
61.07612533,0.198420390486717,-0.00734953070059419
61.086123484,0.198420390486717,-0.00734953070059419
61.09612287,0.198420390486717,-0.00734953070059419
61.106118913,0.199417471885681,-0.00979938078671694
61.116125231,0.198420390486717,-0.00734953070059419
61.126124888,0.197423309087753,-0.00489969924092293
61.136118559,0.198420390486717,-0.00734953070059419
61.146123014,0.198420390486717,-0.00734953070059419
61.156118283,0.200414568185806,-0.00734953070059419
61.166125546,0.199417471885681,-0.00489968108013272
61.176126435,0.198420390486717,-0.00734953070059419
61.186120032,0.198420390486717,-0.00734953070059419
61.196121653,0.198420390486717,-0.00734953070059419
61.206131881,0.198420405387878,-0.00244984962046146
61.216124421,0.198420405387878,-0.00244984962046146
61.226125218,0.199417471885681,-0.00489968108013272
61.236125804,0.199417471885681,-0.00489968108013272
61.246130064,0.199417471885681,-0.00489968108013272
61.256130823,0.199417471885681,-0.00489968108013272
61.266116761,0.199417471885681,-0.00489968108013272
61.27612502,0.200414568185806,-0.00244983145967126
61.286121984,0.201411664485931,-0.00489968108013272
61.29607895,0.201411664485931,-0.00489968108013272
61.306098322,0.201411664485931,-0.00489968108013272
61.316076973,0.202408730983734,-0.00244984962046146
61.326068649,0.202408730983734,-0.00244984962046146
61.336069216,0.202408730983734,-0.00244984962046146
61.346103628,0.20141164958477,0
61.356080252,0.20141164958477,0
61.366104689,0.202408730983734,0.00244984962046146
61.376074486,0.202408730983734,0.00244984962046146
61.386105568,0.201411664485931,0.00489968108013272
61.396075213,0.201411664485931,0.00489968108013272
61.406108001,0.201411664485931,0.00489968108013272
61.416107785,0.200414568185806,0.00734953070059419
61.426080301,0.200414568185806,0.00734953070059419
61.43607754,0.200414568185806,0.00734953070059419
61.446100539,0.200414568185806,0.00734953070059419
61.456110166,0.201411664485931,0.00979938078671694
61.4661057,0.200414568185806,0.00734953070059419
61.476104218,0.200414568185806,0.00734953070059419
61.486102649,0.200414568185806,0.00734953070059419
61.496107117,0.201411664485931,0.00979938078671694
61.506112625,0.201411664485931,0.00979938078671694
61.516111318,0.202408730983734,0.00244984962046146
61.526102642,0.203405827283859,0.00489969924092293
61.536108324,0.203405827283859,0.00489969924092293
61.546082232,0.204402923583984,0.00244984962046146
61.55610587,0.203405827283859,0
61.566105763,0.204402923583984,0.00244984962046146
61.57610878,0.205400004982948,0
61.586102543,0.205400004982948,0
61.596085121,0.204402923583984,-0.00244984962046146
61.606104876,0.206397086381912,-0.00244984962046146
61.616109345,0.205400004982948,0
61.626019157,0.204402923583984,-0.00244984962046146
61.636038414,0.204402923583984,-0.00244984962046146
61.646058442,0.204402923583984,0.00244984962046146
61.656052494,0.204402923583984,0.00244984962046146
61.666050357,0.204402923583984,-0.00244984962046146
61.676045754,0.204402923583984,-0.00244984962046146
61.686015706,0.204402923583984,0.00244984962046146
61.696042974,0.205400004982948,0
61.706055067,0.203405827283859,0
61.716048532,0.203405827283859,0
61.726029407,0.204402923583984,-0.00244984962046146
61.736048768,0.205400004982948,0
61.74604814,0.205400004982948,-0.00489969924092293
61.756045947,0.205400004982948,-0.00489969924092293
61.766050196,0.205400004982948,-0.00489969924092293
61.776058939,0.204402923583984,-0.00244984962046146
61.786048429,0.205400004982948,-0.00979939848184586
61.796048528,0.204402923583984,-0.00734954932704568
61.806059045,0.205400004982948,-0.00979939848184586
61.816087034,0.204402923583984,-0.0122492304071784
61.826021851,0.204402923583984,-0.0122492304071784
61.836021813,0.203405827283859,-0.0146990800276399
61.84604665,0.202408745884895,-0.0122492304071784
61.856027528,0.201411664485931,-0.0146990800276399
61.866059884,0.201411664485931,-0.0146990800276399
61.876060602,0.201411664485931,-0.0146990800276399
61.886053345,0.200414568185806,-0.0122492304071784
61.896063291,0.200414568185806,-0.0122492304071784
61.906057389,0.198420390486717,-0.0122492304071784
61.916064955,0.199417471885681,-0.00979938078671694
61.926038498,0.198420390486717,-0.00734953070059419
61.936059003,0.198420390486717,-0.00734953070059419
61.946080358,0.198420390486717,-0.00734953070059419
61.956011832,0.200414568185806,-0.00244983145967126
61.965985044,0.199417486786842,0
61.975991135,0.199417486786842,0
61.985998687,0.199417486786842,0
61.995987365,0.199417486786842,0
62.006001314,0.200414568185806,0.00244983145967126
62.016006899,0.20141164958477,0
62.025992477,0.20141164958477,0
62.036000981,0.202408730983734,-0.00244984962046146
62.045966806,0.202408730983734,-0.00244984962046146
62.056001675,0.200414568185806,-0.00734953070059419
62.06600387,0.200414568185806,-0.00734953070059419
62.076006183,0.199417471885681,-0.00979938078671694
62.085990323,0.200414568185806,-0.0122492304071784
62.096003279,0.199417471885681,-0.0146990800276399
62.105995067,0.198420390486717,-0.0171489305794239
62.116000665,0.197423309087753,-0.0195987615734339
62.125999359,0.197423309087753,-0.0195987615734339
62.136002057,0.195429131388664,-0.0195987615734339
62.146021598,0.196426212787628,-0.0220486111938953
62.156023431,0.196426212787628,-0.0220486111938953
62.165992078,0.197423309087753,-0.0244984608143568
62.176003984,0.197423309087753,-0.0244984608143568
62.185993329,0.197423309087753,-0.0244984608143568
62.196003793,0.198420405387878,-0.0220486111938953
62.206009076,0.199417486786842,-0.0244984608143568
62.216009962,0.199417471885681,-0.0195987801998854
62.22599696,0.200414568185806,-0.0220486298203468
62.236010112,0.202408745884895,-0.0220486298203468
62.246008358,0.201411664485931,-0.0195987801998854
62.256019349,0.204402923583984,-0.0171489305794239
62.265995495,0.204402923583984,-0.0171489305794239
62.276013326,0.205400019884109,-0.0146990800276399
62.285991077,0.205400019884109,-0.0146990800276399
62.296017541,0.207394182682037,-0.0146990800276399
62.305993782,0.208391264081001,-0.0122492304071784
62.316011606,0.209388345479965,-0.0146990800276399
62.325992708,0.209388345479965,-0.00979938078671694
62.336009384,0.209388345479965,-0.00979938078671694
62.346010596,0.21038544178009,-0.0122492304071784
62.356005,0.208391264081001,-0.0122492304071784
62.366022924,0.209388345479965,-0.00979938078671694
62.376013823,0.21038544178009,-0.0122492304071784
62.386009561,0.21038544178009,-0.00734953070059419
62.396008295,0.209388345479965,-0.00979938078671694
62.406012509,0.209388360381126,-0.00489969924092293
62.416009852,0.209388360381126,0
62.426012857,0.209388360381126,-0.00489969924092293
62.436025585,0.21038544178009,-0.00244984962046146
62.446018449,0.209388360381126,0
62.456009474,0.21038544178009,0.00244984962046146
62.466008318,0.208391278982162,0.00244984962046146
62.476017893,0.208391278982162,0.00734954932704568
62.485991755,0.208391278982162,0.00734954932704568
62.496020785,0.208391278982162,0.00734954932704568
62.506014971,0.207394182682037,0.00489969924092293
62.516029303,0.207394182682037,0.00489969924092293
62.526025122,0.206397086381912,0.00734954932704568
62.536008178,0.204402923583984,0.00734954932704568
62.546529226,0.205400004982948,0.00979939848184586
62.556022941,0.204402923583984,0.00734954932704568
62.566018191,0.205400004982948,0.00979939848184586
62.576023805,0.204402923583984,0.00734954932704568
62.586014095,0.203405827283859,0.00489969924092293
62.5960236,0.202408745884895,0.00734953070059419
62.606019677,0.202408745884895,0.00734953070059419
62.616026217,0.202408745884895,0.00734953070059419
62.626025307,0.202408745884895,0.00734953070059419
62.636031481,0.203405827283859,0.00979938078671694
62.646073128,0.202408745884895,0.00734953070059419
62.656019401,0.202408745884895,0.00734953070059419
62.666030917,0.202408745884895,0.00734953070059419
62.676049517,0.202408745884895,0.00734953070059419
62.686026274,0.204402923583984,0.00734954932704568
62.696036704,0.204402923583984,0.00734954932704568
62.706019169,0.204402923583984,0.0122492304071784
62.715993548,0.204402923583984,0.00734954932704568
62.72603096,0.204402923583984,0.0122492304071784
62.736033226,0.204402923583984,0.00734954932704568
62.745986398,0.205400004982948,0.00979939848184586
62.756049399,0.205400004982948,0.00979939848184586
62.766036717,0.203405827283859,0.00979938078671694
62.776028549,0.203405827283859,0.00979938078671694
62.786038985,0.201411664485931,0.00979938078671694
62.796044387,0.202408745884895,0.0122492304071784
62.806037921,0.202408745884895,0.00734953070059419
62.816036878,0.201411664485931,0.00979938078671694
62.826041487,0.201411664485931,0.00489968108013272
62.836036064,0.200414568185806,0.00734953070059419
62.846059426,0.200414568185806,0.00734953070059419
62.856035478,0.200414568185806,0.00734953070059419
62.865986408,0.201411664485931,0.00489968108013272
62.876041272,0.201411664485931,0.00489968108013272
62.886047176,0.201411664485931,0.00489968108013272
62.896030801,0.200414568185806,0.00244983145967126
62.906047139,0.200414568185806,0.00244983145967126
62.916033466,0.200414568185806,0.00244983145967126
62.926054995,0.200414568185806,0.00244983145967126
62.936049186,0.200414568185806,0.00244983145967126
62.946033145,0.200414568185806,0.00244983145967126
62.95604486,0.199417471885681,0.00489968108013272
62.966052524,0.200414568185806,0.00244983145967126
62.976036893,0.200414568185806,0.00734953070059419
62.986047507,0.200414568185806,0.00734953070059419
62.996044013,0.200414568185806,0.00734953070059419
63.006055986,0.200414568185806,0.00734953070059419
63.016041666,0.199417471885681,0.00979938078671694
63.026060904,0.200414568185806,0.0122492304071784
63.036050018,0.200414568185806,0.0122492304071784
63.045940504,0.199417471885681,0.00979938078671694
63.056052967,0.201411664485931,0.00979938078671694
63.066056031,0.200414568185806,0.0122492304071784
63.076051159,0.201411664485931,0.00979938078671694
63.086048465,0.201411664485931,0.00979938078671694
63.095919555,0.202408745884895,0.0122492304071784
63.106053222,0.203405827283859,0.00979938078671694
63.1159155,0.205400004982948,0.00979939848184586
63.12591606,0.204402923583984,0.00734954932704568
63.136053453,0.204402923583984,0.00734954932704568
63.145917138,0.206397086381912,0.00734954932704568
63.155920418,0.205400004982948,0.00489969924092293
63.165912995,0.205400004982948,0.00489969924092293
63.175908677,0.205400004982948,0.00489969924092293
63.185917315,0.205400004982948,0.00489969924092293
63.195908319,0.205400004982948,0
63.205905964,0.204402923583984,0.00244984962046146
63.215923111,0.204402923583984,0.00244984962046146
63.225905455,0.204402923583984,0.00244984962046146
63.235905138,0.204402923583984,0.00244984962046146
63.245927804,0.202408730983734,0.00244984962046146
63.255914727,0.202408730983734,0.00244984962046146
63.265937526,0.202408730983734,0.00244984962046146
63.275915764,0.20141164958477,0
63.285909754,0.20141164958477,0
63.295907412,0.201411664485931,0.00489968108013272
63.305912786,0.200414568185806,0.00734953070059419
63.315910829,0.199417471885681,0.00489968108013272
63.325927136,0.199417471885681,0.00489968108013272
63.335920975,0.199417471885681,0.00489968108013272
63.345916881,0.198420390486717,0.00734953070059419
63.355929094,0.198420390486717,0.00734953070059419
63.365905031,0.197423309087753,0.00979938078671694
63.375896123,0.197423309087753,0.00979938078671694
63.385902275,0.197423309087753,0.00979938078671694
63.395920902,0.196426212787628,0.0122492304071784
63.405919343,0.197423309087753,0.00979938078671694
63.415904174,0.198420390486717,0.0122492304071784
63.425920006,0.198420390486717,0.0122492304071784
63.435922749,0.198420390486717,0.0122492304071784
63.445944674,0.199417471885681,0.0146990800276399
63.455912207,0.199417471885681,0.0146990800276399
63.465919196,0.200414568185806,0.0122492304071784
63.475948099,0.200414568185806,0.0122492304071784
63.485919321,0.200414568185806,0.0122492304071784
63.495908529,0.201411664485931,0.00979938078671694
63.50593995,0.201411664485931,0.00979938078671694
63.51590897,0.200414568185806,0.00734953070059419
63.525903967,0.200414568185806,0.00734953070059419
63.535917927,0.199417471885681,0.00979938078671694
63.545922384,0.200414568185806,0.00244983145967126
63.555918183,0.199417471885681,0.00489968108013272
63.565880967,0.201411664485931,0.00489968108013272
63.575902459,0.200414568185806,0.00734953070059419
63.585911588,0.200414568185806,0.00734953070059419
63.595897402,0.200414568185806,0.00734953070059419
63.605919855,0.200414568185806,0.00734953070059419
63.615891718,0.201411664485931,0.00979938078671694
63.62590413,0.201411664485931,0.00979938078671694
63.635903532,0.203405827283859,0.00979938078671694
63.645921485,0.204402923583984,0.0122492304071784
63.655929469,0.205400004982948,0.00979939848184586
63.665922291,0.204402923583984,0.0122492304071784
63.675922364,0.206397086381912,0.0122492490336299
63.685948599,0.207394182682037,0.0146990800276399
63.695913561,0.208391264081001,0.0122492304071784
63.705922199,0.209388345479965,0.0146990800276399
63.715897419,0.21038544178009,0.0122492304071784
63.725922238,0.211382538080215,0.0146990800276399
63.73592093,0.212379619479179,0.0122492304071784
63.745898655,0.21038544178009,0.0122492304071784
63.755908633,0.211382538080215,0.0146990800276399
63.765903092,0.211382538080215,0.0146990800276399
63.775911008,0.211382538080215,0.00979938078671694
63.785909357,0.211382538080215,0.00979938078671694
63.79591929,0.209388345479965,0.00979938078671694
63.805928842,0.21038544178009,0.00734953070059419
63.815903984,0.209388345479965,0.00979938078671694
63.825918415,0.21038544178009,0.00734953070059419
63.835931367,0.208391278982162,0.00734954932704568
63.845922162,0.209388360381126,0.00489969924092293
63.85591372,0.209388360381126,0.00489969924092293
63.865945749,0.21038544178009,0.00244984962046146
63.875909981,0.21038544178009,0.00244984962046146
63.885909672,0.21038544178009,-0.00244984962046146
63.89591267,0.211382538080215,0
63.905907648,0.21038544178009,-0.00244984962046146
63.915923291,0.212379619479179,-0.00734953070059419
63.925923253,0.211382538080215,-0.00979938078671694
63.935920458,0.213376700878143,-0.00979938078671694
63.945939721,0.213376700878143,-0.00979938078671694
63.955911737,0.213376700878143,-0.0146990800276399
63.965905248,0.213376700878143,-0.0146990800276399
63.975903644,0.213376700878143,-0.0146990800276399
63.985906761,0.214373797178268,-0.0122492304071784
63.995928565,0.215370893478394,-0.0146990800276399
64.005897097,0.215370893478394,-0.0146990800276399
64.015903734,0.214373797178268,-0.0122492304071784
64.025944412,0.213376700878143,-0.00979938078671694
64.035914956,0.213376700878143,-0.00979938078671694
64.04589572,0.214373797178268,-0.00734953070059419
64.05592669,0.213376700878143,-0.00489968108013272
64.065915167,0.212379619479179,-0.00244983145967126
64.075940944,0.212379619479179,0.00244983145967126
64.08591738,0.211382538080215,0
64.095921233,0.21038544178009,0.00244984962046146
64.105917449,0.209388360381126,0.00489969924092293
64.115935728,0.208391278982162,0.00734954932704568
64.125899051,0.208391278982162,0.00734954932704568
64.135912292,0.207394182682037,0.00979939848184586
64.14591731,0.205400004982948,0.00979939848184586
64.155908468,0.205400004982948,0.00979939848184586
64.165895698,0.205400004982948,0.00979939848184586
64.175915857,0.204402923583984,0.00734954932704568
64.185908066,0.203405827283859,0.00979938078671694
64.195894607,0.202408745884895,0.00734953070059419
64.205865529,0.203405827283859,0.00979938078671694
64.215888565,0.202408745884895,0.00734953070059419
64.22589601,0.202408745884895,0.00734953070059419
64.235926871,0.202408730983734,0.00244984962046146
64.245910134,0.202408730983734,0.00244984962046146
64.255908956,0.203405827283859,0.00489969924092293
64.265930545,0.202408730983734,0.00244984962046146
64.275896249,0.203405827283859,0
64.285909987,0.203405827283859,0
64.295929423,0.204402923583984,-0.00244984962046146
64.305896321,0.203405827283859,-0.00489969924092293
64.315907923,0.203405827283859,-0.00489969924092293
64.325928105,0.204402923583984,-0.00734954932704568
64.335909861,0.203405827283859,-0.00489969924092293
64.345906162,0.204402923583984,-0.00734954932704568
64.355922688,0.204402923583984,-0.0122492304071784
64.365906924,0.203405827283859,-0.0146990800276399
64.375899905,0.202408745884895,-0.0122492304071784
64.385926599,0.203405827283859,-0.0146990800276399
64.395902731,0.201411664485931,-0.0146990800276399
64.405909963,0.202408745884895,-0.0171489305794239
64.415899022,0.201411664485931,-0.0195987801998854
64.425911263,0.201411664485931,-0.0195987801998854
64.435898891,0.200414568185806,-0.0220486298203468
64.44589919,0.199417471885681,-0.0195987801998854
64.455920607,0.199417471885681,-0.0195987801998854
64.465908363,0.199417471885681,-0.0195987801998854
64.4759138,0.199417471885681,-0.0195987801998854
64.485913186,0.198420390486717,-0.0171489305794239
64.49590304,0.200414568185806,-0.0171489305794239
64.505901148,0.199417471885681,-0.0146990800276399
64.51589752,0.200414568185806,-0.0122492304071784
64.525891501,0.199417471885681,-0.00979938078671694
64.535912933,0.201411664485931,-0.00979938078671694
64.545894237,0.201411664485931,-0.00979938078671694
64.555909645,0.201411664485931,-0.00979938078671694
64.565900953,0.203405827283859,-0.00489969924092293
64.575912895,0.204402923583984,-0.00734954932704568
64.585879952,0.204402923583984,-0.00734954932704568
64.595913024,0.204402923583984,-0.00734954932704568
64.605910941,0.205400004982948,-0.00489969924092293
64.615914224,0.207394182682037,-0.00489969924092293
64.625900634,0.208391278982162,-0.00244984962046146
64.635902593,0.208391278982162,-0.00244984962046146
64.64590943,0.21038544178009,-0.00244984962046146
64.655911069,0.209388360381126,0
64.665894037,0.209388360381126,0
64.675917453,0.209388360381126,0
64.685902179,0.21038544178009,-0.00244984962046146
64.695919772,0.21038544178009,0.00244984962046146
64.70591573,0.209388360381126,0
64.715879824,0.208391278982162,-0.00244984962046146
64.725909834,0.207394182682037,-0.00489969924092293
64.73591672,0.207394182682037,-0.00489969924092293
64.745903587,0.206397086381912,-0.00244984962046146
64.755909678,0.206397086381912,-0.00244984962046146
64.765893399,0.206397086381912,-0.00734954932704568
64.775916217,0.205400004982948,-0.00489969924092293
64.785903311,0.204402923583984,-0.00244984962046146
64.795908084,0.205400004982948,-0.00489969924092293
64.805903538,0.205400004982948,-0.00489969924092293
64.815911102,0.205400004982948,-0.00489969924092293
64.82590897,0.205400004982948,-0.00489969924092293
64.835890529,0.206397086381912,-0.00244984962046146
64.845905955,0.205400004982948,-0.00489969924092293
64.855912331,0.206397086381912,-0.00734954932704568
64.865891091,0.205400004982948,-0.00489969924092293
64.875914497,0.205400004982948,-0.00489969924092293
64.885910308,0.205400004982948,-0.00489969924092293
64.895898859,0.204402923583984,-0.00734954932704568
64.905897607,0.204402923583984,-0.00734954932704568
64.915910484,0.202408745884895,-0.00734953070059419
64.925911894,0.202408745884895,-0.00734953070059419
64.93591571,0.200414568185806,-0.00734953070059419
64.94590902,0.200414568185806,-0.00734953070059419
64.955909701,0.199417471885681,-0.00489968108013272
64.965909013,0.199417471885681,-0.00489968108013272
64.975909653,0.199417471885681,-0.00489968108013272
64.985898454,0.199417471885681,-0.00489968108013272
64.995910263,0.198420405387878,-0.00244984962046146
65.005907651,0.199417471885681,-0.00489968108013272
65.015912537,0.200414568185806,-0.00244983145967126
65.025908927,0.200414568185806,-0.00244983145967126
65.035911911,0.20141164958477,0
65.045911337,0.20141164958477,0
65.055915574,0.20141164958477,0
65.065909014,0.202408730983734,0.00244984962046146
65.075895962,0.203405827283859,0
65.085909554,0.203405827283859,0
65.095910005,0.204402923583984,0.00244984962046146
65.105913564,0.203405827283859,0.00489969924092293
65.115926213,0.203405827283859,0.00489969924092293
65.125832449,0.203405827283859,0.00489969924092293
65.135839062,0.202408730983734,0.00244984962046146
65.145815882,0.203405827283859,0.00489969924092293
65.155823721,0.203405827283859,0.00489969924092293
65.165811753,0.202408730983734,0.00244984962046146
65.176101845,0.200414568185806,0.00734953070059419
65.185872448,0.201411664485931,0.00489968108013272
65.195851795,0.200414568185806,0.00734953070059419
65.205913939,0.200414568185806,0.00734953070059419
65.215897399,0.200414568185806,0.00734953070059419
65.225896494,0.201411664485931,0.00489968108013272
65.235847867,0.202408745884895,0.00734953070059419
65.245894893,0.201411664485931,0.00489968108013272
65.255909111,0.203405827283859,0.00489969924092293
65.265885434,0.203405827283859,0.00489969924092293
65.275904052,0.205400004982948,0.00489969924092293
65.285903984,0.205400004982948,0.00489969924092293
65.295890235,0.206397086381912,0.00244984962046146
65.305910894,0.208391278982162,0.00244984962046146
65.315915628,0.208391278982162,0.00244984962046146
65.325910038,0.209388360381126,0.00489969924092293
65.33590492,0.208391278982162,0.00244984962046146
65.345908658,0.209388360381126,0.00489969924092293
65.355897095,0.209388360381126,0.00489969924092293
65.365908494,0.209388360381126,0.00489969924092293
65.37590679,0.21038544178009,0.00244984962046146
65.385906551,0.21038544178009,0.00734953070059419
65.39589757,0.21038544178009,0.00734953070059419
65.405893842,0.208391278982162,0.00734954932704568
65.415911418,0.209388345479965,0.00979938078671694
65.425894002,0.209388345479965,0.00979938078671694
65.435932686,0.21038544178009,0.0122492304071784
65.445901952,0.211382538080215,0.00979938078671694
65.455910364,0.21038544178009,0.0122492304071784
65.465909511,0.211382538080215,0.0146990800276399
65.475937397,0.209388345479965,0.0146990800276399
65.485899476,0.21038544178009,0.0122492304071784
65.495911845,0.21038544178009,0.0122492304071784
65.505917396,0.212379619479179,0.0122492304071784
65.515908238,0.212379619479179,0.0122492304071784
65.525908608,0.211382538080215,0.00979938078671694
65.535915542,0.212379619479179,0.00734953070059419
65.545891497,0.21038544178009,0.00734953070059419
65.555893275,0.211382538080215,0.00489968108013272
65.565913407,0.211382538080215,0.00489968108013272
65.575923185,0.212379619479179,0.00244983145967126
65.585908905,0.212379619479179,0.00244983145967126
65.595908652,0.212379619479179,0.00244983145967126
65.605907902,0.211382538080215,0
65.615910062,0.212379619479179,-0.00244983145967126
65.6259102,0.211382538080215,0
65.63593091,0.211382538080215,0
65.645909281,0.211382538080215,0
65.655919921,0.211382538080215,0
65.665913489,0.211382538080215,-0.00489968108013272
65.675909474,0.21038544178009,-0.00244984962046146
65.685911514,0.209388360381126,-0.00489969924092293
65.695910512,0.209388360381126,-0.00489969924092293
65.705923884,0.208391278982162,-0.00244984962046146
65.71589283,0.206397086381912,-0.00244984962046146
65.72589638,0.207394182682037,-0.00489969924092293
65.7359307,0.205400004982948,-0.00489969924092293
65.745906594,0.206397086381912,-0.00734954932704568
65.755894778,0.204402923583984,-0.00734954932704568
65.76589917,0.203405827283859,-0.00489969924092293
65.775898166,0.204402923583984,-0.00734954932704568
65.785907422,0.203405827283859,-0.00489969924092293
65.795908755,0.202408745884895,-0.00734953070059419
65.805923543,0.203405827283859,-0.00979938078671694
65.815915045,0.203405827283859,-0.00979938078671694
65.825914887,0.202408745884895,-0.00734953070059419
65.835912183,0.203405827283859,-0.00979938078671694
65.845904042,0.202408745884895,-0.00734953070059419
65.855904033,0.202408745884895,-0.00734953070059419
65.865903092,0.202408745884895,-0.00734953070059419
65.875907949,0.201411664485931,-0.00489968108013272
65.88589265,0.202408730983734,-0.00244984962046146
65.895908952,0.202408730983734,-0.00244984962046146
65.905901318,0.20141164958477,0
65.915909956,0.202408730983734,0.00244984962046146
65.925908017,0.202408730983734,0.00244984962046146
65.935901933,0.201411664485931,0.00489968108013272
65.94590957,0.201411664485931,0.00489968108013272
65.955905564,0.202408745884895,0.00734953070059419
65.965896194,0.202408745884895,0.00734953070059419
65.975892916,0.202408745884895,0.00734953070059419
65.985906275,0.201411664485931,0.00489968108013272
65.995912857,0.201411664485931,0.00489968108013272
66.005901179,0.201411664485931,0.00979938078671694
66.015911395,0.200414568185806,0.00734953070059419
66.025911447,0.201411664485931,0.00489968108013272
66.035913066,0.201411664485931,0.00489968108013272
66.045886838,0.200414568185806,0.00734953070059419
66.055907474,0.199417471885681,0.00489968108013272
66.065904606,0.199417471885681,0.00489968108013272
66.075893625,0.199417471885681,0.00489968108013272
66.085915704,0.199417471885681,0.00489968108013272
66.095907609,0.199417471885681,0.00489968108013272
66.105904882,0.199417486786842,0
66.115910877,0.198420405387878,-0.00244984962046146
66.125906712,0.196426212787628,0.00244984962046146
66.135893355,0.197423309087753,0
66.145897662,0.198420405387878,-0.00244984962046146
66.155907008,0.198420405387878,-0.00244984962046146
66.165905443,0.199417486786842,0
66.175903831,0.199417486786842,0
66.18590723,0.199417486786842,0
66.195896245,0.200414568185806,-0.00244983145967126
66.205901507,0.200414568185806,-0.00244983145967126
66.215915888,0.202408730983734,0.00244984962046146
66.225901421,0.204402923583984,-0.00244984962046146
66.235697875,0.203405827283859,0
66.245920847,0.204402923583984,-0.00244984962046146
66.255906386,0.205400004982948,0
66.265916872,0.205400004982948,-0.00489969924092293
66.27590184,0.205400004982948,-0.00489969924092293
66.285907172,0.205400004982948,-0.00489969924092293
66.295912015,0.205400004982948,0
66.305912256,0.205400004982948,0
66.315899173,0.205400004982948,-0.00489969924092293
66.325906783,0.204402923583984,-0.00244984962046146
66.335906478,0.204402923583984,-0.00244984962046146
66.345906769,0.204402923583984,0.00244984962046146
66.355909229,0.203405827283859,0
66.365909546,0.202408730983734,0.00244984962046146
66.375918177,0.202408730983734,0.00244984962046146
66.385912221,0.202408730983734,0.00244984962046146
66.395902966,0.202408730983734,0.00244984962046146
66.405909309,0.202408730983734,0.00244984962046146
66.415920135,0.202408745884895,0.00734953070059419
66.425905659,0.201411664485931,0.00979938078671694
66.43591049,0.201411664485931,0.00979938078671694
66.44590845,0.202408745884895,0.00734953070059419
66.455904752,0.203405827283859,0.00979938078671694
66.465909388,0.203405827283859,0.00979938078671694
66.475900501,0.203405827283859,0.00979938078671694
66.485903177,0.204402923583984,0.0122492304071784
66.49590761,0.203405827283859,0.00979938078671694
66.505901886,0.204402923583984,0.0122492304071784
66.515912885,0.203405827283859,0.00979938078671694
66.525918906,0.205400004982948,0.00979939848184586
66.535910777,0.205400004982948,0.00979939848184586
66.545895618,0.204402923583984,0.0122492304071784
66.55590365,0.203405827283859,0.00979938078671694
66.565902187,0.204402923583984,0.0122492304071784
66.575915384,0.204402923583984,0.0122492304071784
66.58589862,0.203405827283859,0.00979938078671694
66.595902067,0.203405827283859,0.00979938078671694
66.605906459,0.203405827283859,0.00979938078671694
66.6158954,0.203405827283859,0.00979938078671694
66.625898391,0.203405827283859,0.00979938078671694
66.635905716,0.203405827283859,0.00979938078671694
66.645678573,0.202408745884895,0.00734953070059419
66.655851854,0.203405827283859,0.00979938078671694
66.665852897,0.203405827283859,0.00489969924092293
66.675854365,0.203405827283859,0.00489969924092293
66.685854197,0.204402923583984,0.00734954932704568
66.695855334,0.204402923583984,0.00734954932704568
66.70585226,0.205400004982948,0.00489969924092293
66.715850309,0.205400004982948,0.00489969924092293
66.725852124,0.204402923583984,0.00244984962046146
66.735850255,0.204402923583984,0.00244984962046146
66.745856799,0.204402923583984,0.00244984962046146
66.755852593,0.204402923583984,0.00244984962046146
66.765853717,0.203405827283859,0.00489969924092293
66.775848911,0.203405827283859,0.00489969924092293
66.785853873,0.203405827283859,0.00489969924092293
66.795853787,0.203405827283859,0.00489969924092293
66.805857255,0.201411664485931,0.00489968108013272
66.815850931,0.201411664485931,0.00489968108013272
66.825857386,0.201411664485931,0.00489968108013272
66.83584746,0.202408730983734,0.00244984962046146
66.845851837,0.202408730983734,0.00244984962046146
66.855845298,0.20141164958477,0
66.865851875,0.20141164958477,0
66.87585223,0.20141164958477,0
66.885855834,0.201411664485931,-0.00489968108013272
66.895849234,0.202408730983734,-0.00244984962046146
66.905854432,0.203405827283859,-0.00489969924092293
66.915853145,0.203405827283859,-0.00489969924092293
66.925853804,0.205400004982948,-0.00489969924092293
66.935851526,0.204402923583984,-0.00244984962046146
66.945845346,0.206397086381912,-0.00244984962046146
66.955851147,0.207394182682037,-0.00489969924092293
66.965848738,0.209388360381126,-0.00489969924092293
66.975849974,0.21038544178009,-0.00734953070059419
66.985845093,0.21038544178009,-0.00244984962046146
66.995853141,0.21038544178009,-0.00734953070059419
67.005845078,0.211382538080215,-0.00489968108013272
67.015853462,0.21038544178009,-0.00244984962046146
67.025851172,0.21038544178009,-0.00244984962046146
67.035851629,0.211382538080215,-0.00489968108013272
67.045842487,0.21038544178009,-0.00244984962046146
67.055853738,0.21038544178009,-0.00244984962046146
67.065846432,0.209388360381126,0
67.075857667,0.208391278982162,0.00244984962046146
67.085845426,0.209388360381126,0
67.095851572,0.209388360381126,0
67.105847392,0.208391278982162,0.00244984962046146
67.115851906,0.21038544178009,-0.00244984962046146
67.125842555,0.21038544178009,-0.00244984962046146
67.135858076,0.21038544178009,-0.00244984962046146
67.145846492,0.209388360381126,-0.00489969924092293
67.155855144,0.21038544178009,-0.00244984962046146
67.165843114,0.21038544178009,-0.00734953070059419
67.175880562,0.21038544178009,-0.00734953070059419
67.185866426,0.21038544178009,-0.00734953070059419
67.195853785,0.21038544178009,-0.00734953070059419
67.205843751,0.209388345479965,-0.00979938078671694
67.215854807,0.21038544178009,-0.00734953070059419
67.225844821,0.208391278982162,-0.00734954932704568
67.235855081,0.208391278982162,-0.00734954932704568
67.245847497,0.209388360381126,-0.00489969924092293
67.255850672,0.207394182682037,-0.00489969924092293
67.265848802,0.206397086381912,-0.00244984962046146
67.27579998,0.207394182682037,-0.00489969924092293
67.285846153,0.206397086381912,-0.00244984962046146
67.295851757,0.205400004982948,0
67.305845162,0.205400004982948,0
67.315854999,0.204402923583984,0.00244984962046146
67.325846641,0.205400004982948,0
67.335850624,0.204402923583984,0.00244984962046146
67.345849796,0.204402923583984,0.00244984962046146
67.355852473,0.205400004982948,0
67.365847808,0.206397086381912,0.00244984962046146
67.375853531,0.205400004982948,0.00489969924092293
67.385845826,0.206397086381912,0.00244984962046146
67.395850579,0.206397086381912,0.00244984962046146
67.405844923,0.207394182682037,0
67.415851588,0.206397086381912,-0.00244984962046146
67.425867727,0.207394182682037,0
67.435866298,0.207394182682037,0
67.446673614,0.207394182682037,0
67.455847329,0.207394182682037,0
67.465853885,0.206397086381912,-0.00244984962046146
67.475842021,0.206397086381912,-0.00244984962046146
67.485852798,0.204402923583984,-0.00244984962046146
67.495849543,0.205400004982948,0
67.505847498,0.204402923583984,0.00244984962046146
67.515847383,0.205400004982948,0
67.525850819,0.203405827283859,0
67.535846202,0.203405827283859,0
67.545852775,0.204402923583984,-0.00244984962046146
67.55585043,0.203405827283859,0
67.565851702,0.204402923583984,-0.00244984962046146
67.575843897,0.204402923583984,-0.00244984962046146
67.585849197,0.205400004982948,-0.00489969924092293
67.595880235,0.205400004982948,-0.00489969924092293
67.605877978,0.206397086381912,-0.00734954932704568
67.615888455,0.206397086381912,-0.00244984962046146
67.625875293,0.207394182682037,-0.00489969924092293
67.635877503,0.208391278982162,-0.00734954932704568
67.645874901,0.208391278982162,-0.00734954932704568
67.655755928,0.208391278982162,-0.00734954932704568
67.665879444,0.209388360381126,-0.00489969924092293
67.675870162,0.21038544178009,-0.00734953070059419
67.68588694,0.21038544178009,-0.00734953070059419
67.695874258,0.21038544178009,-0.00734953070059419
67.705878427,0.209388360381126,-0.00489969924092293
67.715877716,0.209388345479965,-0.00979938078671694
67.725885951,0.208391278982162,-0.00734954932704568
67.735873536,0.208391278982162,-0.00244984962046146
67.745880939,0.207394182682037,-0.00489969924092293
67.755697989,0.207394182682037,-0.00489969924092293
67.765878802,0.206397086381912,-0.00734954932704568
67.775879685,0.205400004982948,-0.00489969924092293
67.785883331,0.205400004982948,-0.00489969924092293
67.795877278,0.204402923583984,-0.00734954932704568
67.805882804,0.204402923583984,-0.00734954932704568
67.81588146,0.204402923583984,-0.00734954932704568
67.825879677,0.204402923583984,-0.00734954932704568
67.835883484,0.203405827283859,-0.00979938078671694
67.845878346,0.203405827283859,-0.00979938078671694
67.855887297,0.203405827283859,-0.00979938078671694
67.865883376,0.201411664485931,-0.00979938078671694
67.875873275,0.202408745884895,-0.0122492304071784
67.885889583,0.201411664485931,-0.00979938078671694
67.895874858,0.202408745884895,-0.0122492304071784
67.905880978,0.201411664485931,-0.0146990800276399
67.915879691,0.201411664485931,-0.0146990800276399
67.92587587,0.201411664485931,-0.0146990800276399
67.935882669,0.202408745884895,-0.0171489305794239
67.945893565,0.201411664485931,-0.0146990800276399
67.955878539,0.201411664485931,-0.0195987801998854
67.965883775,0.202408745884895,-0.0171489305794239
67.975876791,0.202408745884895,-0.0171489305794239
67.985881846,0.202408745884895,-0.0171489305794239
67.995888777,0.201411664485931,-0.0146990800276399
68.005885961,0.203405827283859,-0.0146990800276399
68.015883761,0.202408745884895,-0.0122492304071784
68.025882309,0.202408745884895,-0.0122492304071784
68.035880682,0.201411664485931,-0.00979938078671694
68.045880759,0.201411664485931,-0.00979938078671694
68.055887589,0.200414568185806,-0.00244983145967126
68.065880571,0.200414568185806,-0.00244983145967126
68.075890867,0.198420405387878,0.00244984962046146
68.085883662,0.199417471885681,0.00489968108013272
68.095882253,0.198420390486717,0.00734953070059419
68.105880935,0.197423309087753,0.00979938078671694
68.115887596,0.196426212787628,0.0122492304071784
68.125875488,0.196426212787628,0.0122492304071784
68.135884473,0.195429131388664,0.0146990614011884
68.145882927,0.1944320499897,0.0171489119529724
68.155899433,0.195429131388664,0.0146990614011884
68.165874708,0.1944320499897,0.0171489119529724
68.175883613,0.195429131388664,0.0146990614011884
68.185883113,0.193434953689575,0.0146990800276399
68.195632717,0.1944320499897,0.0122492304071784
68.205877519,0.195429131388664,0.0146990614011884
68.215879991,0.195429131388664,0.0146990614011884
68.225878368,0.195429131388664,0.0146990614011884
68.235878693,0.197423309087753,0.0146990800276399
68.245880369,0.198420390486717,0.0122492304071784
68.255880731,0.199417471885681,0.0146990800276399
68.265889791,0.199417471885681,0.0146990800276399
68.275877944,0.199417471885681,0.0146990800276399
68.285879653,0.201411664485931,0.0146990800276399
68.295878664,0.201411664485931,0.0146990800276399
68.305879633,0.200414568185806,0.0122492304071784
68.315893186,0.201411664485931,0.00979938078671694
68.325882994,0.201411664485931,0.00979938078671694
68.335880604,0.200414568185806,0.00734953070059419
68.34588922,0.200414568185806,0.00734953070059419
68.355885242,0.199417486786842,0
68.365879807,0.200414568185806,-0.00244983145967126
68.375876081,0.199417471885681,-0.00489968108013272
68.385882085,0.197423309087753,-0.00489969924092293
68.395887508,0.196426212787628,-0.00734954932704568
68.405880664,0.195429131388664,-0.00979939848184586
68.415883576,0.195429131388664,-0.00979939848184586
68.425886306,0.1944320499897,-0.0122492304071784
68.435876231,0.1944320499897,-0.0122492304071784
68.445900402,0.193434953689575,-0.0146990800276399
68.45563187,0.193434953689575,-0.00979938078671694
68.465877505,0.193434953689575,-0.00979938078671694
68.475883113,0.1944320499897,-0.00734954932704568
68.485882224,0.196426212787628,-0.0122492304071784
68.495881484,0.197423309087753,-0.00979938078671694
68.505879769,0.199417471885681,-0.00489968108013272
68.515877159,0.199417471885681,-0.00489968108013272
68.525883444,0.200414568185806,-0.00244983145967126
68.535889846,0.20141164958477,0
68.545877526,0.203405827283859,0
68.555633062,0.203405827283859,0
68.565885898,0.205400004982948,0
68.57587955,0.206397086381912,0.00244984962046146
68.585885657,0.207394182682037,0.00489969924092293
68.595878706,0.208391278982162,0.00734954932704568
68.605881183,0.209388360381126,0.00489969924092293
68.615881007,0.21038544178009,0.00734953070059419
68.625877882,0.211382538080215,0.00979938078671694
68.635882317,0.211382538080215,0.00489968108013272
68.645895328,0.211382538080215,0.00979938078671694
68.655850581,0.213376700878143,0.00979938078671694
68.665882534,0.212379619479179,0.0122492304071784
68.675881837,0.213376700878143,0.00979938078671694
68.685881111,0.211382538080215,0.00979938078671694
68.695883267,0.211382538080215,0.00979938078671694
68.705878382,0.211382538080215,0.00979938078671694
68.715881402,0.211382538080215,0.00979938078671694
68.725881676,0.211382538080215,0.00489968108013272
68.735877103,0.212379619479179,0.00734953070059419
68.745879787,0.211382538080215,0.00489968108013272
68.755894362,0.211382538080215,0.00489968108013272
68.765887358,0.211382538080215,0.00489968108013272
68.775882203,0.211382538080215,0.00489968108013272
68.785878985,0.213376700878143,0.00489968108013272
68.795889139,0.214373797178268,0.00244984962046146
68.805891391,0.213376700878143,0.00489968108013272
68.815879779,0.214373797178268,0.00244984962046146
68.825881347,0.214373797178268,0.00244984962046146
68.835877888,0.213376700878143,0.00489968108013272
68.845879991,0.215370878577232,0.00489969924092293
68.855879601,0.214373797178268,0.00244984962046146
68.865880283,0.214373797178268,0.00244984962046146
68.875881283,0.213376700878143,0
68.885890053,0.212379619479179,0.00244983145967126
68.895881241,0.211382538080215,0
68.905881505,0.21038544178009,-0.00244984962046146
68.915886507,0.209388360381126,-0.00489969924092293
68.925876062,0.209388360381126,-0.00489969924092293
68.935875378,0.209388360381126,-0.00489969924092293
68.945886699,0.207394182682037,-0.00489969924092293
68.955879458,0.207394182682037,-0.00489969924092293
68.965879977,0.206397086381912,-0.00734954932704568
68.97587675,0.205400004982948,-0.00489969924092293
68.985881411,0.204402923583984,-0.00734954932704568
68.995886593,0.204402923583984,-0.00734954932704568
69.005885866,0.204402923583984,-0.00734954932704568
69.015880143,0.203405827283859,-0.00489969924092293
69.025881785,0.202408730983734,-0.00244984962046146
69.035881112,0.201411664485931,-0.00489968108013272
69.045879198,0.201411664485931,-0.00489968108013272
69.055877698,0.201411664485931,-0.00489968108013272
69.065879514,0.201411664485931,-0.00489968108013272
69.075887021,0.201411664485931,-0.00489968108013272
69.085876391,0.202408745884895,-0.00734953070059419
69.095880335,0.201411664485931,-0.00489968108013272
69.105878517,0.201411664485931,-0.00489968108013272
69.115880579,0.201411664485931,-0.00489968108013272
69.125879541,0.201411664485931,-0.00489968108013272
69.13588265,0.201411664485931,-0.00489968108013272
69.145882218,0.200414568185806,-0.00734953070059419
69.155885863,0.199417471885681,-0.00489968108013272
69.165881698,0.199417471885681,-0.00489968108013272
69.175880917,0.199417471885681,-0.00489968108013272
69.185881474,0.198420405387878,-0.00244984962046146
69.195881517,0.197423309087753,-0.00489969924092293
69.205878129,0.198420390486717,-0.00734953070059419
69.215885289,0.198420390486717,-0.00734953070059419
69.225881581,0.199417471885681,-0.00979938078671694
69.235886182,0.199417471885681,-0.00979938078671694
69.245879634,0.200414568185806,-0.00734953070059419
69.255889546,0.201411664485931,-0.00979938078671694
69.265887813,0.201411664485931,-0.00979938078671694
69.275874164,0.200414568185806,-0.0122492304071784
69.285880191,0.201411664485931,-0.0146990800276399
69.295880687,0.202408745884895,-0.0122492304071784
69.305882407,0.201411664485931,-0.00979938078671694
69.315880803,0.201411664485931,-0.00979938078671694
69.325890495,0.201411664485931,-0.00979938078671694
69.335905957,0.201411664485931,-0.00979938078671694
69.345891525,0.201411664485931,-0.00979938078671694
69.355880538,0.200414568185806,-0.00734953070059419
69.36588022,0.200414568185806,-0.00734953070059419
69.375886032,0.201411664485931,-0.00489968108013272
69.385878975,0.200414568185806,-0.00244983145967126
69.395877015,0.200414568185806,-0.00244983145967126
69.405879736,0.200414568185806,-0.00244983145967126
69.415881223,0.200414568185806,0.00244983145967126
69.425876908,0.200414568185806,0.00244983145967126
69.435878076,0.200414568185806,0.00244983145967126
69.445889748,0.200414568185806,0.00244983145967126
69.455880751,0.200414568185806,0.00244983145967126
69.465887054,0.200414568185806,0.00244983145967126
69.475879316,0.200414568185806,0.00244983145967126
69.485888665,0.201411664485931,0.00489968108013272
69.495884737,0.201411664485931,0.00489968108013272
69.505881099,0.201411664485931,0.00489968108013272
69.515876133,0.202408730983734,-0.00244984962046146
69.525885157,0.20141164958477,0
69.535882914,0.202408730983734,0.00244984962046146
69.54587594,0.202408730983734,0.00244984962046146
69.555888546,0.202408730983734,0.00244984962046146
69.56588497,0.202408730983734,0.00244984962046146
69.575875977,0.203405827283859,0
69.5858841,0.203405827283859,0
69.595882428,0.203405827283859,0
69.605885793,0.204402923583984,-0.00244984962046146
69.615892808,0.204402923583984,0.00244984962046146
69.625879769,0.204402923583984,0.00244984962046146
69.635878711,0.205400004982948,0
69.645879622,0.205400004982948,0
69.65588216,0.207394182682037,0
69.665878043,0.208391278982162,0.00244984962046146
69.675889672,0.207394182682037,0.00489969924092293
69.685883225,0.208391278982162,0.00244984962046146
69.695883604,0.208391278982162,0.00244984962046146
69.705883126,0.208391278982162,0.00244984962046146
69.715438847,0.208391278982162,0.00244984962046146
69.725897835,0.209388360381126,0
69.735878236,0.208391278982162,0.00244984962046146
69.745878598,0.209388360381126,0
69.755882004,0.207394182682037,0
69.76587977,0.207394182682037,-0.00489969924092293
69.775881789,0.207394182682037,-0.00489969924092293
69.785874899,0.206397086381912,-0.00734954932704568
69.79588137,0.206397086381912,-0.00734954932704568
69.805885812,0.207394182682037,-0.00489969924092293
69.815473136,0.206397086381912,-0.00734954932704568
69.825903475,0.206397086381912,-0.00734954932704568
69.83590311,0.205400004982948,-0.00979939848184586
69.845877806,0.205400004982948,-0.00489969924092293
69.855874012,0.206397086381912,-0.00734954932704568
69.865885131,0.205400004982948,-0.00489969924092293
69.87588539,0.205400004982948,-0.00489969924092293
69.885888294,0.205400004982948,0
69.89548934,0.207394182682037,0
69.905879789,0.205400004982948,0
69.915881552,0.205400004982948,0
69.925892045,0.205400004982948,0.00489969924092293
69.935894433,0.205400004982948,0.00489969924092293
69.945882782,0.205400004982948,0.00489969924092293
69.955876082,0.204402923583984,0.00734954932704568
69.965881706,0.204402923583984,0.0122492304071784
69.975883738,0.205400004982948,0.00979939848184586
69.985883343,0.204402923583984,0.00734954932704568
69.995881563,0.202408745884895,0.0122492304071784
70.00587614,0.202408745884895,0.0122492304071784
70.015882567,0.203405827283859,0.00979938078671694
70.025877695,0.202408745884895,0.00734953070059419
70.035882222,0.201411664485931,0.00979938078671694
70.045893607,0.201411664485931,0.00489968108013272
70.05587683,0.200414568185806,0.00734953070059419
70.065883726,0.200414568185806,0.00244983145967126
70.075887989,0.199417471885681,0.00489968108013272
70.085880855,0.199417471885681,0.00489968108013272
70.095889343,0.200414568185806,-0.00244983145967126
70.105884972,0.200414568185806,-0.00244983145967126
70.11588279,0.197423309087753,0
70.125881167,0.197423309087753,0
70.13588065,0.199417471885681,-0.00489968108013272
70.145879331,0.197423309087753,0
70.155885081,0.199417471885681,-0.00489968108013272
70.16587955,0.199417471885681,-0.00489968108013272
70.175469284,0.199417471885681,-0.00489968108013272
70.185891717,0.199417471885681,-0.00489968108013272
70.195875085,0.198420405387878,-0.00244984962046146
70.205876546,0.199417471885681,-0.00489968108013272
70.215885689,0.201411664485931,-0.00489968108013272
70.225895403,0.202408730983734,-0.00244984962046146
70.235882165,0.202408730983734,-0.00244984962046146
70.245884803,0.203405827283859,-0.00489969924092293
70.255879818,0.203405827283859,-0.00489969924092293
70.265855123,0.203405827283859,-0.00489969924092293
70.275880174,0.205400004982948,-0.00489969924092293
70.285855134,0.205400004982948,-0.00489969924092293
70.295850358,0.206397086381912,-0.00734954932704568
70.305881903,0.206397086381912,-0.00734954932704568
70.315877777,0.207394182682037,-0.00489969924092293
70.325880819,0.207394182682037,-0.00979939848184586
70.33585905,0.206397086381912,-0.00734954932704568
70.345879527,0.207394182682037,-0.00489969924092293
70.355879706,0.207394182682037,-0.00489969924092293
70.365882431,0.208391278982162,-0.00244984962046146
70.375875549,0.207394182682037,-0.00489969924092293
70.385882183,0.207394182682037,-0.00489969924092293
70.395873616,0.208391278982162,-0.00244984962046146
70.405880148,0.207394182682037,0
70.415873152,0.208391278982162,-0.00244984962046146
70.425889554,0.208391278982162,0.00244984962046146
70.435875363,0.208391278982162,0.00244984962046146
70.445876311,0.209388360381126,0
70.455874438,0.21038544178009,0.00244984962046146
70.465879974,0.21038544178009,0.00244984962046146
70.475872241,0.209388360381126,0.00489969924092293
70.485881106,0.211382538080215,0.00489968108013272
70.495895023,0.21038544178009,0.00734953070059419
70.505894126,0.211382538080215,0.00489968108013272
70.51587431,0.21038544178009,0.00734953070059419
70.525877218,0.21038544178009,0.00734953070059419
70.535878152,0.211382538080215,0.00489968108013272
70.545885988,0.21038544178009,0.00734953070059419
70.555875297,0.208391278982162,0.00734954932704568
70.565878578,0.208391278982162,0.00244984962046146
70.575870869,0.208391278982162,0.00244984962046146
70.585883124,0.207394182682037,0.00489969924092293
70.595878712,0.207394182682037,0
70.605880788,0.206397086381912,0.00244984962046146
70.615873024,0.205400004982948,0
70.625875293,0.203405827283859,0
70.635875602,0.203405827283859,0
70.64588212,0.202408730983734,-0.00244984962046146
70.655881286,0.202408730983734,-0.00244984962046146
70.66588012,0.20141164958477,0
70.675880739,0.20141164958477,0
70.685878461,0.200414568185806,-0.00244983145967126
70.695879012,0.199417486786842,0
70.705887507,0.198420405387878,0.00244984962046146
70.715876283,0.198420405387878,0.00244984962046146
70.725880053,0.199417486786842,0
70.735873139,0.198420405387878,0.00244984962046146
70.745882951,0.198420405387878,0.00244984962046146
70.755880815,0.198420405387878,0.00244984962046146
70.765876331,0.198420405387878,0.00244984962046146
70.77587622,0.198420405387878,0.00244984962046146
70.7858783,0.197423309087753,0.00489969924092293
70.795881698,0.198420405387878,0.00244984962046146
70.805883423,0.200414568185806,0.00244983145967126
70.815879958,0.200414568185806,0.00244983145967126
70.825877615,0.200414568185806,0.00244983145967126
70.835887965,0.200414568185806,0.00244983145967126
70.845876,0.200414568185806,0.00244983145967126
70.855877009,0.200414568185806,0.00244983145967126
70.865878521,0.200414568185806,0.00244983145967126
70.875878591,0.20141164958477,0
70.885880104,0.202408730983734,-0.00244984962046146
70.895873962,0.20141164958477,0
70.905880175,0.202408730983734,-0.00244984962046146
70.915876707,0.202408730983734,-0.00244984962046146
70.925878496,0.202408730983734,-0.00244984962046146
70.935873226,0.203405827283859,-0.00489969924092293
70.945886541,0.203405827283859,-0.00489969924092293
70.95587336,0.204402923583984,-0.00734954932704568
70.965881524,0.204402923583984,-0.00734954932704568
70.97587629,0.205400004982948,-0.00489969924092293
70.98587595,0.205400004982948,-0.00489969924092293
70.995879902,0.205400004982948,-0.00489969924092293
71.005879465,0.203405827283859,-0.00489969924092293
71.015874521,0.203405827283859,-0.00489969924092293
71.025880461,0.205400004982948,-0.00489969924092293
71.035880706,0.204402923583984,-0.00244984962046146
71.04588321,0.205400004982948,0
71.055877641,0.204402923583984,0.00244984962046146
71.065877453,0.205400004982948,0
71.07587701,0.204402923583984,0.00244984962046146
71.085876228,0.204402923583984,0.00244984962046146
71.095884386,0.205400004982948,0
71.1059112,0.206397086381912,0.00244984962046146
71.115869827,0.207394182682037,0
71.125876017,0.205400004982948,0
71.13587559,0.205400004982948,0
71.145880588,0.205400004982948,-0.00489969924092293
71.155885801,0.205400004982948,-0.00489969924092293
71.16590642,0.204402923583984,-0.00244984962046146
71.175880389,0.205400004982948,-0.00489969924092293
71.185888156,0.206397086381912,-0.00734954932704568
71.195890216,0.204402923583984,-0.00244984962046146
71.205882232,0.204402923583984,-0.00734954932704568
71.215881376,0.203405827283859,-0.00489969924092293
71.2258832,0.204402923583984,-0.00734954932704568
71.235881519,0.206397086381912,-0.00734954932704568
71.245440438,0.205400004982948,-0.00489969924092293
71.255877851,0.205400004982948,-0.00489969924092293
71.265894014,0.207394182682037,-0.00489969924092293
71.275878399,0.205400004982948,-0.00489969924092293
71.285607691,0.205400004982948,0
71.295882375,0.207394182682037,-0.00489969924092293
71.305876261,0.205400004982948,0
71.315879857,0.206397086381912,0.00244984962046146
71.32588039,0.206397086381912,0.00244984962046146
71.335850789,0.204402923583984,0.00244984962046146
71.345612055,0.204402923583984,0.00244984962046146
71.355853002,0.205400004982948,0.00489969924092293
71.365887193,0.204402923583984,0.00244984962046146
71.375883342,0.205400004982948,0.00489969924092293
71.385886359,0.204402923583984,0.00244984962046146
71.395884221,0.203405827283859,0.00489969924092293
71.405851196,0.206397086381912,0.00244984962046146
71.415884489,0.205400004982948,0
71.425854668,0.205400004982948,0.00489969924092293
71.435877703,0.206397086381912,0.00244984962046146
71.445829735,0.206397086381912,0.00244984962046146
71.455881029,0.204402923583984,0.00244984962046146
71.46587775,0.204402923583984,0.00244984962046146
71.475882006,0.204402923583984,-0.00244984962046146
71.485883415,0.205400004982948,0
71.495884103,0.205400004982948,0
71.505883233,0.204402923583984,-0.00244984962046146
71.515852045,0.204402923583984,-0.00244984962046146
71.525896496,0.205400004982948,-0.00489969924092293
71.535877223,0.204402923583984,-0.00244984962046146
71.545886326,0.205400004982948,-0.00489969924092293
71.555880803,0.207394182682037,-0.00489969924092293
71.565876735,0.207394182682037,-0.00489969924092293
71.575851288,0.207394182682037,-0.00489969924092293
71.585886598,0.207394182682037,-0.00489969924092293
71.595855098,0.208391278982162,-0.00734954932704568
71.605852353,0.209388360381126,-0.00489969924092293
71.615891138,0.209388360381126,-0.00489969924092293
71.625877887,0.209388360381126,-0.00489969924092293
71.635884756,0.209388360381126,-0.00489969924092293
71.645891864,0.21038544178009,-0.00244984962046146
71.655878334,0.211382538080215,-0.00489968108013272
71.665893966,0.211382538080215,-0.00489968108013272
71.675882294,0.211382538080215,0
71.685881672,0.212379619479179,-0.00244983145967126
71.695884782,0.212379619479179,-0.00244983145967126
71.705882746,0.211382538080215,0
71.715418985,0.212379619479179,-0.00244983145967126
71.72540615,0.211382538080215,0
71.735850677,0.212379619479179,-0.00244983145967126
71.745852703,0.21038544178009,-0.00244984962046146
71.755884901,0.21038544178009,-0.00244984962046146
71.765879909,0.209388360381126,0
71.775893179,0.209388360381126,-0.00489969924092293
71.785877649,0.208391278982162,-0.00734954932704568
71.795884844,0.206397086381912,-0.00244984962046146
71.805881592,0.206397086381912,-0.00734954932704568
71.815636351,0.205400004982948,-0.00489969924092293
71.825880687,0.205400004982948,-0.00979939848184586
71.835884332,0.204402923583984,-0.00734954932704568
71.845483034,0.205400004982948,-0.00979939848184586
71.855880195,0.203405827283859,-0.00979938078671694
71.865880551,0.203405827283859,-0.00979938078671694
71.875872701,0.203405827283859,-0.00979938078671694
71.88588881,0.203405827283859,-0.00979938078671694
71.895876479,0.205400019884109,-0.0146990800276399
71.905881003,0.205400004982948,-0.00979939848184586
71.915854637,0.206397086381912,-0.0122492490336299
71.925881787,0.206397086381912,-0.0122492490336299
71.935874704,0.206397086381912,-0.0122492490336299
71.945443904,0.206397086381912,-0.0122492490336299
71.955882361,0.208391264081001,-0.0122492304071784
71.965882999,0.208391264081001,-0.0122492304071784
71.975878401,0.208391264081001,-0.0122492304071784
71.985875468,0.208391278982162,-0.00734954932704568
71.995883863,0.208391278982162,-0.00734954932704568
72.005872952,0.208391278982162,-0.00734954932704568
72.015881638,0.207394182682037,-0.00489969924092293
72.025880045,0.207394182682037,0
72.035879882,0.208391278982162,-0.00244984962046146
72.04564568,0.208391278982162,0.00244984962046146
72.055877363,0.206397086381912,0.00244984962046146
72.065869735,0.207394182682037,0.00489969924092293
72.075879067,0.207394182682037,0.00979939848184586
72.085875079,0.206397086381912,0.00734954932704568
72.095880901,0.205400004982948,0.00979939848184586
72.105873717,0.205400004982948,0.00979939848184586
72.115879831,0.205400004982948,0.00979939848184586
72.125870114,0.205400004982948,0.00979939848184586
72.135881188,0.206397086381912,0.0122492490336299
72.145860075,0.205400004982948,0.00979939848184586
72.155888353,0.205400004982948,0.00979939848184586
72.165872851,0.204402923583984,0.00734954932704568
72.175880487,0.205400004982948,0.00489969924092293
72.185870765,0.206397086381912,0.00734954932704568
72.195888545,0.207394182682037,0.00979939848184586
72.205879218,0.206397086381912,0.00734954932704568
72.215880813,0.207394182682037,0.00979939848184586
72.225878182,0.206397086381912,0.00734954932704568
72.235877781,0.206397086381912,0.00734954932704568
72.245875303,0.206397086381912,0.00734954932704568
72.255876946,0.206397086381912,0.00734954932704568
72.265878563,0.206397086381912,0.00734954932704568
72.27587706,0.205400004982948,0.00979939848184586
72.285876341,0.204402923583984,0.00734954932704568
72.29588219,0.204402923583984,0.00244984962046146
72.305873363,0.203405827283859,0.00489969924092293
72.315890669,0.202408730983734,-0.00244984962046146
72.325875175,0.202408730983734,-0.00244984962046146
72.33587647,0.199417471885681,-0.00489968108013272
72.345876874,0.199417471885681,-0.00489968108013272
72.355877959,0.198420390486717,-0.00734953070059419
72.365877379,0.197423309087753,-0.00979938078671694
72.375877656,0.195429131388664,-0.0146990614011884
72.385873197,0.195429131388664,-0.0146990614011884
72.395885048,0.193434953689575,-0.0146990800276399
72.405880502,0.193434953689575,-0.0195987615734339
72.415881087,0.193434953689575,-0.0146990800276399
72.425878048,0.192437872290611,-0.0171489305794239
72.435875209,0.193434953689575,-0.0146990800276399
72.445876991,0.192437872290611,-0.0171489305794239
72.455884119,0.191440790891647,-0.0146990800276399
72.465870237,0.193434953689575,-0.0146990800276399
72.475878587,0.193434953689575,-0.00979938078671694
72.485874293,0.193434953689575,-0.0146990800276399
72.495881838,0.193434953689575,-0.00979938078671694
72.505879184,0.1944320499897,-0.00734954932704568
72.515878004,0.193434953689575,-0.00979938078671694
72.525877464,0.1944320499897,-0.00734954932704568
72.535888711,0.1944320499897,-0.0122492304071784
72.545893301,0.195429131388664,-0.00979939848184586
72.555897053,0.197423309087753,-0.00979938078671694
72.565876748,0.196426212787628,-0.00734954932704568
72.575888415,0.198420390486717,-0.00734953070059419
72.585868341,0.198420405387878,-0.00244984962046146
72.595878741,0.200414568185806,-0.00734953070059419
72.605871927,0.199417471885681,-0.00489968108013272
72.615880909,0.201411664485931,-0.00489968108013272
72.625883091,0.201411664485931,-0.00489968108013272
72.635884094,0.20141164958477,0
72.645876747,0.202408730983734,-0.00244984962046146
72.655884968,0.20141164958477,0
72.665869381,0.202408730983734,-0.00244984962046146
72.675882446,0.202408730983734,-0.00244984962046146
72.68587408,0.202408730983734,-0.00244984962046146
72.695880308,0.202408730983734,-0.00244984962046146
72.705877236,0.204402923583984,-0.00244984962046146
72.715877142,0.203405827283859,0
72.725879038,0.203405827283859,0
72.73588104,0.203405827283859,0
72.745874605,0.202408730983734,0.00244984962046146
72.75588161,0.204402923583984,-0.00244984962046146
72.765870833,0.203405827283859,0
72.775882886,0.203405827283859,-0.00489969924092293
72.785874567,0.203405827283859,-0.00489969924092293
72.7958805,0.202408730983734,-0.00244984962046146
72.80587997,0.202408730983734,-0.00244984962046146
72.815597648,0.202408730983734,-0.00244984962046146
72.825872793,0.203405827283859,-0.00489969924092293
72.835881762,0.204402923583984,-0.00244984962046146
72.845872919,0.204402923583984,-0.00244984962046146
72.855893994,0.205400004982948,0
72.865892305,0.204402923583984,0.00244984962046146
72.8758983,0.204402923583984,0.00244984962046146
72.885892909,0.205400004982948,0.00489969924092293
72.895891184,0.205400004982948,0.00489969924092293
72.905893358,0.205400004982948,0.00489969924092293
72.915900546,0.206397086381912,0.00244984962046146
72.925897563,0.206397086381912,0.00734954932704568
72.935894428,0.205400004982948,0.00489969924092293
72.945896674,0.206397086381912,0.00734954932704568
72.955895425,0.204402923583984,0.00734954932704568
72.965890174,0.205400004982948,0.00489969924092293
72.975890705,0.205400004982948,0.00979939848184586
72.985895081,0.205400004982948,0.00489969924092293
72.995894328,0.206397086381912,0.00734954932704568
73.005893622,0.205400004982948,0.00489969924092293
73.015898798,0.204402923583984,0.00734954932704568
73.025898008,0.204402923583984,0.00734954932704568
73.035895328,0.204402923583984,0.00734954932704568
73.045891364,0.205400004982948,0.00489969924092293
73.055893576,0.205400004982948,0.00489969924092293
73.06589642,0.206397086381912,0.00734954932704568
73.075898708,0.207394182682037,0.00489969924092293
73.08590011,0.206397086381912,0.00734954932704568
73.095896718,0.206397086381912,0.00734954932704568
73.105888133,0.207394182682037,0.00489969924092293
73.115897818,0.208391278982162,0.00734954932704568
73.125887769,0.208391278982162,0.00734954932704568
73.13589781,0.21038544178009,0.00734953070059419
73.145893214,0.208391278982162,0.00734954932704568
73.155896722,0.21038544178009,0.00734953070059419
73.165895051,0.21038544178009,0.00734953070059419
73.175894313,0.208391278982162,0.00734954932704568
73.185891267,0.209388360381126,0.00489969924092293
73.19589986,0.209388360381126,0.00489969924092293
73.20589854,0.209388360381126,0.00489969924092293
73.215895382,0.209388360381126,0.00489969924092293
73.225892214,0.209388360381126,0
73.235908861,0.208391278982162,0.00244984962046146
73.245889838,0.208391278982162,0.00244984962046146
73.255891394,0.208391278982162,0.00244984962046146
73.26589778,0.207394182682037,0
73.275893506,0.209388360381126,0
73.285897205,0.209388360381126,0
73.295906889,0.209388360381126,0
73.305892062,0.21038544178009,0.00244984962046146
73.315891623,0.209388360381126,0
73.32589685,0.209388360381126,0.00489969924092293
73.335904894,0.209388360381126,0
73.34589437,0.21038544178009,0.00244984962046146
73.355896114,0.209388360381126,0
73.365890734,0.21038544178009,0.00244984962046146
73.375895439,0.209388360381126,0.00489969924092293
73.385895717,0.209388345479965,0.00979938078671694
73.395890337,0.208391278982162,0.00734954932704568
73.405898161,0.208391278982162,0.00734954932704568
73.415895427,0.208391278982162,0.00734954932704568
73.425889359,0.208391278982162,0.00734954932704568
73.435896445,0.209388345479965,0.00979938078671694
73.445902645,0.208391278982162,0.00734954932704568
73.455888391,0.208391264081001,0.0122492304071784
73.465278237,0.209388345479965,0.00979938078671694
73.475881959,0.208391278982162,0.00734954932704568
73.485884969,0.208391278982162,0.00734954932704568
73.495898772,0.21038544178009,0.00734953070059419
73.505895048,0.209388345479965,0.00979938078671694
73.515894119,0.21038544178009,0.00734953070059419
73.525904512,0.21038544178009,0.00734953070059419
73.535900787,0.209388345479965,0.00979938078671694
73.545892673,0.211382538080215,0.00979938078671694
73.555902274,0.211382538080215,0.00979938078671694
73.565425671,0.211382538080215,0.00979938078671694
73.575886758,0.213376700878143,0.00979938078671694
73.585899883,0.214373797178268,0.00734953070059419
73.595884692,0.214373797178268,0.0122492304071784
73.605883392,0.215370893478394,0.00979938078671694
73.615905304,0.215370893478394,0.0146990800276399
73.625899665,0.216367974877357,0.0122492304071784
73.635899383,0.216367974877357,0.0122492304071784
73.645889896,0.216367974877357,0.0122492304071784
73.655851421,0.217365056276321,0.00979939848184586
73.665613491,0.217365056276321,0.00979939848184586
73.67531918,0.216367974877357,0.0122492304071784
73.685852003,0.215370893478394,0.00979938078671694
73.695854238,0.215370878577232,0.00489969924092293
73.705850554,0.215370878577232,0.00489969924092293
73.715890197,0.215370878577232,0
73.725885985,0.214373797178268,0.00244984962046146
73.735877275,0.214373797178268,-0.00244984962046146
73.745883945,0.213376700878143,-0.00489968108013272
73.75585203,0.211382538080215,-0.00489968108013272
73.765839884,0.21038544178009,-0.00244984962046146
73.775848888,0.21038544178009,-0.00734953070059419
73.785875756,0.208391278982162,-0.00734954932704568
73.795881402,0.207394182682037,-0.00979939848184586
73.805886098,0.205400004982948,-0.00979939848184586
73.815852829,0.204402923583984,-0.00734954932704568
73.825883146,0.203405827283859,-0.00979938078671694
73.835885105,0.201411664485931,-0.00979938078671694
73.845876143,0.200414568185806,-0.00734953070059419
73.855879917,0.200414568185806,-0.00734953070059419
73.865896063,0.198420390486717,-0.0122492304071784
73.875849336,0.196426212787628,-0.00734954932704568
73.885888692,0.197423309087753,-0.00489969924092293
73.895879375,0.196426212787628,-0.00244984962046146
73.905850772,0.196426212787628,-0.00244984962046146
73.915849998,0.196426212787628,-0.00244984962046146
73.925881481,0.196426212787628,-0.00244984962046146
73.935847693,0.197423309087753,0
73.945882154,0.197423309087753,0
73.955886339,0.196426212787628,-0.00244984962046146
73.965880246,0.198420405387878,0.00244984962046146
73.975850957,0.199417486786842,0
73.985882049,0.199417486786842,0
73.995881614,0.199417486786842,0
74.005852193,0.200414568185806,-0.00244983145967126
74.01588515,0.200414568185806,-0.00244983145967126
74.025850149,0.199417486786842,0
74.035850751,0.198420405387878,-0.00244984962046146
74.045879015,0.198420405387878,-0.00244984962046146
74.05588218,0.200414568185806,-0.00244983145967126
74.065881952,0.199417471885681,-0.00489968108013272
74.075880833,0.199417471885681,-0.00489968108013272
74.085876819,0.200414568185806,-0.00734953070059419
74.095852223,0.200414568185806,-0.00734953070059419
74.10588555,0.199417471885681,-0.00489968108013272
74.115880482,0.199417471885681,-0.00489968108013272
74.125880495,0.201411664485931,-0.00979938078671694
74.135856373,0.202408745884895,-0.00734953070059419
74.145878747,0.202408745884895,-0.0122492304071784
74.155892998,0.201411664485931,-0.00979938078671694
74.165876973,0.202408745884895,-0.0122492304071784
74.175888944,0.202408745884895,-0.0122492304071784
74.185879024,0.201411664485931,-0.00979938078671694
74.195882268,0.202408745884895,-0.0122492304071784
74.205887852,0.203405827283859,-0.0146990800276399
74.215858105,0.203405827283859,-0.0146990800276399
74.225881,0.203405827283859,-0.0146990800276399
74.235849354,0.204402923583984,-0.0171489305794239
74.24588161,0.204402923583984,-0.0122492304071784
74.25587702,0.205400019884109,-0.0146990800276399
74.265885984,0.205400019884109,-0.0146990800276399
74.275887273,0.206397086381912,-0.0122492490336299
74.285853968,0.207394182682037,-0.0146990800276399
74.295852623,0.206397086381912,-0.0122492490336299
74.305883256,0.206397086381912,-0.0122492490336299
74.315878667,0.207394182682037,-0.00979939848184586
74.325879964,0.207394182682037,-0.00979939848184586
74.335852161,0.206397086381912,-0.00734954932704568
74.345881127,0.206397086381912,-0.00734954932704568
74.355874297,0.206397086381912,-0.00244984962046146
74.365880384,0.206397086381912,-0.00244984962046146
74.375882511,0.205400004982948,-0.00489969924092293
74.385886019,0.205400004982948,0
74.395851841,0.205400004982948,0
74.405885009,0.205400004982948,0
74.4158534,0.205400004982948,0
74.425879547,0.204402923583984,0.00244984962046146
74.435877407,0.205400004982948,0.00489969924092293
74.445848794,0.205400004982948,0.00489969924092293
74.455851164,0.206397086381912,0.00244984962046146
74.465220784,0.205400004982948,0.00489969924092293
74.475853264,0.205400004982948,0.00489969924092293
74.485883273,0.205400004982948,0.00489969924092293
74.495852939,0.205400004982948,0.00489969924092293
74.505885196,0.205400004982948,0.00979939848184586
74.515880026,0.205400004982948,0.00489969924092293
74.52588248,0.205400004982948,0.00489969924092293
74.535891049,0.205400004982948,0.00489969924092293
74.545874546,0.205400004982948,0.00489969924092293
74.555854317,0.204402923583984,0.00734954932704568
74.565325083,0.204402923583984,0.00734954932704568
74.575883091,0.206397086381912,0.00734954932704568
74.585884221,0.205400004982948,0.00489969924092293
74.595897454,0.205400004982948,0.00489969924092293
74.605853063,0.205400004982948,0.00489969924092293
74.6158544,0.204402923583984,0.00734954932704568
74.625880041,0.205400004982948,0.00979939848184586
74.635880778,0.204402923583984,0.00734954932704568
74.645308672,0.205400004982948,0.00979939848184586
74.655882058,0.204402923583984,0.00734954932704568
74.66550934,0.205400004982948,0.00979939848184586
74.675265738,0.203405827283859,0.00979938078671694
74.685261698,0.204402923583984,0.0122492304071784
74.695883773,0.204402923583984,0.0122492304071784
74.705882366,0.203405827283859,0.00979938078671694
74.715882177,0.205400004982948,0.00979939848184586
74.72530483,0.204402923583984,0.00734954932704568
74.735852034,0.204402923583984,0.0122492304071784
74.745854684,0.203405827283859,0.00979938078671694
74.755883306,0.204402923583984,0.0122492304071784
74.765695798,0.203405827283859,0.00979938078671694
74.775875321,0.205400004982948,0.00979939848184586
74.785882509,0.204402923583984,0.00734954932704568
74.795878444,0.204402923583984,0.00734954932704568
74.805311219,0.205400004982948,0.00979939848184586
74.815852293,0.203405827283859,0.00979938078671694
74.825882153,0.204402923583984,0.0122492304071784
74.835913367,0.204402923583984,0.00734954932704568
74.845910643,0.204402923583984,0.00734954932704568
74.855810564,0.203405827283859,0.00489969924092293
74.865846848,0.203405827283859,0.00489969924092293
74.875814307,0.202408730983734,0.00244984962046146
74.885308701,0.202408730983734,0.00244984962046146
74.895814038,0.202408730983734,0.00244984962046146
74.905787319,0.20141164958477,0
74.915880751,0.202408730983734,-0.00244984962046146
74.925876256,0.201411664485931,-0.00489968108013272
74.935882398,0.201411664485931,-0.00489968108013272
74.945851865,0.202408745884895,-0.00734953070059419
74.955881067,0.203405827283859,-0.00489969924092293
74.965306875,0.203405827283859,-0.00489969924092293
74.9758819,0.202408730983734,-0.00244984962046146
74.985880747,0.202408730983734,-0.00244984962046146
74.995884521,0.202408730983734,-0.00244984962046146
75.005878078,0.203405827283859,0
75.015888999,0.202408730983734,0.00244984962046146
75.025879059,0.203405827283859,0
75.035875358,0.203405827283859,0
75.045314313,0.203405827283859,0.00489969924092293
75.055883044,0.202408730983734,0.00244984962046146
75.065870004,0.202408730983734,0.00244984962046146
75.075887128,0.202408730983734,0.00244984962046146
75.085872827,0.204402923583984,0.00244984962046146
75.095880807,0.204402923583984,0.00244984962046146
75.105885424,0.203405827283859,0
75.115856393,0.203405827283859,0
75.125316438,0.204402923583984,0.00244984962046146
75.135883602,0.204402923583984,0.00244984962046146
75.145881699,0.204402923583984,-0.00244984962046146
75.15588161,0.205400004982948,0
75.165896067,0.206397086381912,-0.00244984962046146
75.175902645,0.206397086381912,-0.00244984962046146
75.185886481,0.205400004982948,-0.00489969924092293
75.195875493,0.205400004982948,-0.00489969924092293
75.205313891,0.206397086381912,-0.00734954932704568
75.215854326,0.206397086381912,-0.00734954932704568
75.225852517,0.204402923583984,-0.00734954932704568
75.235882966,0.205400004982948,-0.00979939848184586
75.245878532,0.205400004982948,-0.00489969924092293
75.255881727,0.204402923583984,-0.00734954932704568
75.265852598,0.205400004982948,-0.00489969924092293
75.275833651,0.205400004982948,-0.00489969924092293
75.285314827,0.205400004982948,0
75.29587466,0.206397086381912,0.00244984962046146
75.305833956,0.206397086381912,0.00244984962046146
75.315870204,0.207394182682037,0.00489969924092293
75.325881974,0.209388360381126,0.00489969924092293
75.335871541,0.208391278982162,0.00734954932704568
75.3459077,0.208391278982162,0.00734954932704568
75.355906623,0.21038544178009,0.00734953070059419
75.365346053,0.208391278982162,0.00734954932704568
75.375907195,0.21038544178009,0.00734953070059419
75.385880617,0.209388360381126,0.00489969924092293
75.395892691,0.209388360381126,0.00489969924092293
75.405905408,0.208391278982162,0.00734954932704568
75.415906046,0.207394182682037,0.00489969924092293
75.425883106,0.205400004982948,0.00489969924092293
75.435882406,0.204402923583984,0.00244984962046146
75.445347028,0.204402923583984,-0.00244984962046146
75.455866029,0.20141164958477,0
75.465866143,0.201411664485931,-0.00489968108013272
75.475872989,0.198420405387878,-0.00244984962046146
75.485869806,0.198420405387878,-0.00244984962046146
75.495838422,0.196426212787628,-0.00734954932704568
75.505906821,0.196426212787628,-0.00734954932704568
75.515910034,0.196426212787628,-0.00734954932704568
75.525351347,0.196426212787628,-0.00734954932704568
75.535910083,0.197423309087753,-0.00489969924092293
75.54590908,0.196426212787628,-0.00244984962046146
75.555913459,0.197423309087753,-0.00489969924092293
75.565907115,0.196426212787628,0.00244984962046146
75.575909392,0.198420405387878,-0.00244984962046146
75.585903855,0.199417486786842,0
75.595912578,0.200414568185806,0.00244983145967126
75.605348538,0.20141164958477,0
75.615913129,0.20141164958477,0
75.625875751,0.20141164958477,0
75.635916119,0.202408730983734,0.00244984962046146
75.645894357,0.202408730983734,0.00244984962046146
75.655317602,0.204402923583984,0.00244984962046146
75.66590073,0.205400004982948,0
75.675887805,0.204402923583984,0.00244984962046146
75.685343516,0.204402923583984,0.00244984962046146
75.695909661,0.205400004982948,0
75.705905974,0.205400004982948,0.00489969924092293
75.71590665,0.205400004982948,0.00489969924092293
75.725893115,0.205400004982948,0.00489969924092293
75.735908459,0.205400004982948,0
75.745906224,0.205400004982948,0
75.755909638,0.204402923583984,0.00244984962046146
75.765358182,0.205400004982948,0
75.775897653,0.205400004982948,0
75.785911936,0.204402923583984,-0.00244984962046146
75.795908899,0.203405827283859,0
75.805914167,0.203405827283859,-0.00489969924092293
75.815884643,0.204402923583984,-0.00244984962046146
75.825876362,0.204402923583984,-0.00244984962046146
75.835886959,0.204402923583984,-0.00244984962046146
75.845326813,0.204402923583984,-0.00244984962046146
75.85538728,0.204402923583984,-0.00734954932704568
75.86573892,0.202408745884895,-0.00734953070059419
75.875740442,0.203405827283859,-0.00979938078671694
75.885740087,0.203405827283859,-0.00979938078671694
75.895738495,0.204402923583984,-0.0122492304071784
75.905768141,0.203405827283859,-0.00979938078671694
75.915915507,0.202408745884895,-0.0122492304071784
75.925299247,0.203405827283859,-0.0146990800276399
75.935914045,0.202408745884895,-0.0122492304071784
75.945910588,0.202408745884895,-0.0122492304071784
75.955911279,0.202408745884895,-0.0122492304071784
75.965908399,0.203405827283859,-0.00979938078671694
75.975894784,0.202408745884895,-0.00734953070059419
75.985903193,0.201411664485931,-0.00979938078671694
75.995910444,0.200414568185806,-0.00734953070059419
76.005305686,0.200414568185806,-0.00734953070059419
76.015890379,0.201411664485931,-0.00489968108013272
76.025909444,0.200414568185806,-0.00244983145967126
76.035912087,0.200414568185806,-0.00244983145967126
76.045889182,0.199417486786842,0
76.055912805,0.199417471885681,0.00489968108013272
76.065909416,0.198420390486717,0.00734953070059419
76.075914639,0.198420390486717,0.00734953070059419
76.085309815,0.200414568185806,0.0122492304071784
76.095911743,0.200414568185806,0.0122492304071784
76.105894017,0.199417471885681,0.0146990800276399
76.115909752,0.198420390486717,0.0122492304071784
76.125906289,0.199417471885681,0.0146990800276399
76.135909267,0.199417471885681,0.0146990800276399
76.145907681,0.199417471885681,0.0146990800276399
76.155908977,0.199417471885681,0.0146990800276399
76.165308116,0.200414568185806,0.0122492304071784
76.175897463,0.200414568185806,0.0122492304071784
76.1859214,0.199417471885681,0.00979938078671694
76.195908988,0.200414568185806,0.0122492304071784
76.205915127,0.201411664485931,0.00979938078671694
76.215908936,0.202408745884895,0.0122492304071784
76.225891764,0.201411664485931,0.00979938078671694
76.235910957,0.202408745884895,0.0122492304071784
76.245285117,0.203405827283859,0.00979938078671694
76.255910814,0.204402923583984,0.00734954932704568
76.26590081,0.204402923583984,0.00734954932704568
76.275895471,0.205400004982948,0.00979939848184586
76.285895918,0.205400004982948,0.00979939848184586
76.295912707,0.205400004982948,0.00489969924092293
76.305911775,0.205400004982948,0.00489969924092293
76.31575128,0.204402923583984,0.00244984962046146
76.325283108,0.206397086381912,0.00244984962046146
76.335911514,0.205400004982948,0
76.345911053,0.206397086381912,-0.00244984962046146
76.35589437,0.204402923583984,-0.00244984962046146
76.365908825,0.203405827283859,-0.00489969924092293
76.375914559,0.203405827283859,-0.00979938078671694
76.385893782,0.203405827283859,-0.00979938078671694
76.395900071,0.202408745884895,-0.00734953070059419
76.405287263,0.203405827283859,-0.00979938078671694
76.415909661,0.203405827283859,-0.00979938078671694
76.42591122,0.201411664485931,-0.00979938078671694
76.435910118,0.201411664485931,-0.00979938078671694
76.445903556,0.200414568185806,-0.00734953070059419
76.455905768,0.201411664485931,-0.00979938078671694
76.465909726,0.202408745884895,-0.00734953070059419
76.475911729,0.202408730983734,-0.00244984962046146
76.485267372,0.203405827283859,-0.00489969924092293
76.495901125,0.203405827283859,-0.00489969924092293
76.505909195,0.204402923583984,-0.00244984962046146
76.51591267,0.204402923583984,-0.00244984962046146
76.525898069,0.205400004982948,0
76.53589481,0.206397086381912,-0.00244984962046146
76.545909483,0.208391278982162,-0.00244984962046146
76.555900861,0.208391278982162,0.00244984962046146
76.565268077,0.209388360381126,0
76.5759052,0.21038544178009,-0.00244984962046146
76.585900383,0.209388360381126,0
76.595907644,0.21038544178009,0.00244984962046146
76.605904856,0.21038544178009,0.00244984962046146
76.615907102,0.211382538080215,0
76.625895205,0.211382538080215,0
76.63590585,0.211382538080215,0
76.645269485,0.21038544178009,0.00244984962046146
76.655933321,0.209388360381126,0
76.665904367,0.21038544178009,0.00244984962046146
76.675904937,0.208391278982162,0.00244984962046146
76.685912677,0.21038544178009,0.00244984962046146
76.695901499,0.209388360381126,0
76.705908174,0.209388360381126,0
76.715910068,0.209388360381126,0.00489969924092293
76.72527013,0.209388360381126,0
76.73589502,0.209388360381126,0.00489969924092293
76.745884323,0.21038544178009,0.00244984962046146
76.75590716,0.212379619479179,0.00244983145967126
76.765912854,0.212379619479179,0.00244983145967126
76.77590628,0.213376700878143,0.00489968108013272
76.785912889,0.213376700878143,0.00489968108013272
76.795904916,0.215370878577232,0.00489969924092293
76.805210081,0.215370878577232,0.00489969924092293
76.815903508,0.217365056276321,0.00489969924092293
76.825893463,0.218362152576447,0.00734954932704568
76.835901694,0.218362152576447,0.00734954932704568
76.845903029,0.218362152576447,0.00734954932704568
76.855234174,0.217365056276321,0.00979939848184586
76.865909696,0.217365056276321,0.00979939848184586
76.875907456,0.217365056276321,0.00979939848184586
76.8852446,0.215370893478394,0.00979938078671694
76.895910372,0.215370893478394,0.00979938078671694
76.905906648,0.213376700878143,0.00979938078671694
76.915891896,0.21038544178009,0.00734953070059419
76.925116715,0.209388360381126,0.00489969924092293
76.935216393,0.208391278982162,0.00244984962046146
76.945910187,0.206397086381912,0.00734954932704568
76.955203844,0.206397086381912,0.00244984962046146
76.965249965,0.203405827283859,0
76.97590779,0.202408730983734,-0.00244984962046146
76.98589264,0.202408730983734,-0.00244984962046146
76.995907713,0.200414568185806,-0.00244983145967126
77.005908344,0.201411664485931,-0.00489968108013272
77.015908966,0.200414568185806,-0.00244983145967126
77.025202437,0.199417471885681,-0.00489968108013272
77.03590678,0.199417471885681,-0.00489968108013272
77.04525202,0.200414568185806,-0.0122492304071784
77.055909319,0.199417471885681,-0.00979938078671694
77.065907002,0.200414568185806,-0.00734953070059419
77.075904566,0.200414568185806,-0.00734953070059419
77.085903092,0.200414568185806,-0.00734953070059419
77.095210288,0.200414568185806,-0.00734953070059419
77.10591075,0.199417471885681,-0.00489968108013272
77.115909277,0.200414568185806,-0.00734953070059419
77.125233316,0.199417471885681,-0.00489968108013272
77.135911561,0.199417471885681,-0.00489968108013272
77.145906842,0.199417486786842,0
77.155222192,0.199417471885681,-0.00489968108013272
77.165911832,0.199417471885681,-0.00489968108013272
77.175907574,0.199417471885681,-0.00489968108013272
77.185188788,0.199417471885681,-0.00489968108013272
77.195907148,0.200414568185806,-0.00734953070059419
77.205254154,0.200414568185806,-0.00734953070059419
77.215906251,0.200414568185806,-0.00734953070059419
77.225185114,0.201411664485931,-0.00489968108013272
77.235193317,0.201411664485931,-0.00489968108013272
77.245903323,0.201411664485931,-0.00979938078671694
77.255208457,0.201411664485931,-0.00489968108013272
77.265185469,0.201411664485931,-0.00489968108013272
77.275076488,0.200414568185806,-0.00734953070059419
77.285202805,0.200414568185806,-0.0122492304071784
77.295905055,0.199417471885681,-0.00979938078671694
77.305188735,0.199417471885681,-0.00979938078671694
77.315898639,0.199417471885681,-0.00979938078671694
77.325198773,0.199417471885681,-0.00979938078671694
77.335895656,0.199417471885681,-0.00979938078671694
77.345196071,0.200414568185806,-0.00734953070059419
77.355087618,0.200414568185806,-0.00734953070059419
77.365235462,0.199417471885681,-0.00489968108013272
77.375905245,0.200414568185806,-0.00244983145967126
77.38519256,0.20141164958477,0
77.395891731,0.200414568185806,0.00244983145967126
77.405191367,0.201411664485931,0.00489968108013272
77.415909611,0.201411664485931,0.00489968108013272
77.425904491,0.201411664485931,0.00489968108013272
77.435189452,0.202408730983734,0.00244984962046146
77.445223433,0.200414568185806,0.00734953070059419
77.455191139,0.201411664485931,0.00489968108013272
77.465197483,0.203405827283859,0.00489969924092293
77.475908869,0.203405827283859,0.00489969924092293
77.485187357,0.203405827283859,0.00979938078671694
77.495171232,0.206397086381912,0.00734954932704568
77.505910047,0.205400004982948,0.00489969924092293
77.515165775,0.206397086381912,0.00734954932704568
77.525205407,0.207394182682037,0.00489969924092293
77.535908316,0.207394182682037,0.00979939848184586
77.545170852,0.209388360381126,0.00489969924092293
77.555181982,0.208391278982162,0.00734954932704568
77.565909752,0.209388360381126,0.00489969924092293
77.575188008,0.21038544178009,0.00734953070059419
77.585898815,0.21038544178009,0.00244984962046146
77.595171235,0.209388360381126,0.00489969924092293
77.605172679,0.211382538080215,0.00489968108013272
77.615185956,0.211382538080215,0.00489968108013272
77.62517227,0.212379619479179,0.00734953070059419
77.635169956,0.213376700878143,0.00489968108013272
77.64517289,0.212379619479179,0.00734953070059419
77.655168085,0.214373797178268,0.00734953070059419
77.665165275,0.214373797178268,0.00734953070059419
77.675177739,0.215370878577232,0.00489969924092293
77.685171502,0.216367959976196,0.00734954932704568
77.695179406,0.216367959976196,0.00734954932704568
77.705148261,0.215370878577232,0.00489969924092293
77.715303154,0.216367959976196,0.00244984962046146
77.725170094,0.215370878577232,0
77.735909084,0.215370878577232,0
77.745177781,0.214373797178268,-0.00244984962046146
77.755589433,0.214373797178268,-0.00244984962046146
77.765216177,0.212379619479179,-0.00244983145967126
77.775168868,0.211382538080215,-0.00489968108013272
77.785172299,0.21038544178009,-0.00734953070059419
77.795903731,0.21038544178009,-0.00734953070059419
77.805157125,0.21038544178009,-0.00734953070059419
77.815457352,0.208391278982162,-0.00734954932704568
77.825157968,0.209388360381126,-0.00489969924092293
77.835194745,0.207394182682037,-0.00489969924092293
77.845150925,0.208391278982162,-0.00734954932704568
77.85514415,0.207394182682037,-0.00489969924092293
77.865167636,0.208391278982162,-0.00244984962046146
77.875142932,0.208391278982162,-0.00244984962046146
77.885168244,0.208391278982162,0.00244984962046146
77.895155914,0.207394182682037,0
77.905138192,0.208391278982162,0.00244984962046146
77.915148806,0.208391278982162,0.00244984962046146
77.925186767,0.207394182682037,0.00489969924092293
77.9359135,0.208391278982162,0.00244984962046146
77.945150132,0.207394182682037,0.00489969924092293
77.955049331,0.206397086381912,0.00244984962046146
77.965151604,0.204402923583984,0.00244984962046146
77.975148877,0.204402923583984,0.00244984962046146
77.985145781,0.203405827283859,0
77.995147143,0.203405827283859,0
78.00512769,0.200414568185806,0.00244983145967126
78.015169895,0.199417486786842,0
78.025156047,0.198420405387878,-0.00244984962046146
78.035150959,0.197423309087753,0
78.045920848,0.197423309087753,0
78.055137277,0.198420405387878,-0.00244984962046146
78.065154045,0.199417471885681,-0.00489968108013272
78.075144275,0.198420405387878,-0.00244984962046146
78.085153562,0.198420405387878,-0.00244984962046146
78.095170704,0.198420405387878,-0.00244984962046146
78.105153066,0.199417471885681,-0.00979938078671694
78.115133493,0.200414568185806,-0.00734953070059419
78.125151238,0.200414568185806,-0.00734953070059419
78.135134192,0.202408745884895,-0.00734953070059419
78.145150752,0.201411664485931,-0.00979938078671694
78.155134951,0.200414568185806,-0.00734953070059419
78.165156252,0.201411664485931,-0.00979938078671694
78.175056373,0.201411664485931,-0.00979938078671694
78.185151268,0.201411664485931,-0.00979938078671694
78.195154021,0.202408745884895,-0.0122492304071784
78.205132712,0.204402923583984,-0.00734954932704568
78.21512409,0.204402923583984,-0.00734954932704568
78.225129582,0.204402923583984,-0.00734954932704568
78.235131605,0.203405827283859,-0.00979938078671694
78.245141167,0.204402923583984,-0.00734954932704568
78.255132127,0.205400004982948,-0.00489969924092293
78.265135208,0.205400004982948,-0.00489969924092293
78.275131298,0.207394182682037,-0.00489969924092293
78.285140626,0.207394182682037,-0.00489969924092293
78.29512563,0.207394182682037,0
78.305133905,0.206397086381912,-0.00244984962046146
78.315151487,0.207394182682037,0
78.325131576,0.208391278982162,-0.00244984962046146
78.335147617,0.208391278982162,0.00244984962046146
78.34513683,0.208391278982162,0.00244984962046146
78.355138532,0.208391278982162,0.00244984962046146
78.365135898,0.209388360381126,0.00489969924092293
78.375137972,0.207394182682037,0.00489969924092293
78.385135112,0.208391278982162,0.00734954932704568
78.395150135,0.207394182682037,0.00489969924092293
78.405135884,0.208391278982162,0.00734954932704568
78.415135582,0.207394182682037,0.00489969924092293
78.425135598,0.206397086381912,0.00734954932704568
78.435137515,0.206397086381912,0.00734954932704568
78.445131785,0.207394182682037,0.00489969924092293
78.455152574,0.206397086381912,0.00244984962046146
78.465004148,0.205400004982948,0.00489969924092293
78.475133396,0.205400004982948,0.00489969924092293
78.485117942,0.205400004982948,0
78.495137197,0.205400004982948,0
78.505119889,0.203405827283859,0
78.515130056,0.204402923583984,0.00244984962046146
78.525037497,0.204402923583984,0.00244984962046146
78.53511984,0.203405827283859,0
78.545113852,0.202408730983734,0.00244984962046146
78.555121602,0.202408730983734,0.00244984962046146
78.565109773,0.20141164958477,0
78.575119221,0.20141164958477,0
78.585116968,0.199417471885681,0.00489968108013272
78.595120127,0.200414568185806,0.00734953070059419
78.605003923,0.200414568185806,0.00734953070059419
78.615003029,0.199417471885681,0.00489968108013272
78.625112989,0.200414568185806,0.00734953070059419
78.635112142,0.200414568185806,0.00734953070059419
78.645110865,0.200414568185806,0.00734953070059419
78.655117646,0.200414568185806,0.00734953070059419
78.665118538,0.200414568185806,0.00734953070059419
78.67512154,0.200414568185806,0.00734953070059419
78.685120744,0.200414568185806,0.00734953070059419
78.695118179,0.199417471885681,0.00489968108013272
78.705009689,0.198420405387878,0.00244984962046146
78.714999238,0.198420405387878,0.00244984962046146
78.725118848,0.196426212787628,0.00244984962046146
78.735119577,0.196426212787628,0.00244984962046146
78.745110654,0.197423309087753,0.00489969924092293
78.755118663,0.196426212787628,0.00734954932704568
78.765110004,0.196426212787628,0.00734954932704568
78.775124608,0.196426212787628,0.00734954932704568
78.785120767,0.197423309087753,0.00489969924092293
78.795072679,0.198420405387878,0.00244984962046146
78.80499985,0.198420390486717,0.00734953070059419
78.814985243,0.198420390486717,0.00734953070059419
78.824999848,0.199417471885681,0.00489968108013272
78.834986516,0.200414568185806,0.00244983145967126
78.8449994,0.198420405387878,0.00244984962046146
78.85507516,0.200414568185806,-0.00244983145967126
78.86506528,0.200414568185806,-0.00244983145967126
78.87506883,0.200414568185806,-0.00244983145967126
78.885100142,0.199417471885681,-0.00489968108013272
78.895075117,0.198420405387878,-0.00244984962046146
78.904984944,0.199417471885681,-0.00489968108013272
78.915122148,0.200414568185806,-0.00734953070059419
78.924980425,0.199417471885681,-0.00979938078671694
78.935062556,0.198420390486717,-0.00734953070059419
78.945076018,0.199417471885681,-0.00979938078671694
78.955064209,0.199417471885681,-0.00489968108013272
78.965066428,0.199417471885681,-0.00489968108013272
78.975106618,0.199417471885681,-0.00489968108013272
78.985054615,0.200414568185806,-0.00244983145967126
78.995104978,0.200414568185806,-0.00244983145967126
79.004982117,0.20141164958477,0
79.015095563,0.200414568185806,0.00244983145967126
79.024971386,0.202408745884895,0.00734953070059419
79.035104092,0.202408745884895,0.00734953070059419
79.044998334,0.202408745884895,0.00734953070059419
79.055077585,0.202408745884895,0.00734953070059419
79.06507074,0.202408745884895,0.00734953070059419
79.075112345,0.203405827283859,0.00979938078671694
79.085076984,0.204402923583984,0.00734954932704568
79.095106184,0.206397086381912,0.00734954932704568
79.104989336,0.205400004982948,0.00489969924092293
79.11507429,0.206397086381912,0.00734954932704568
79.124963246,0.205400004982948,0.00489969924092293
79.134979433,0.206397086381912,0.00244984962046146
79.145033959,0.207394182682037,0.00489969924092293
79.155074225,0.207394182682037,0
79.165076039,0.207394182682037,0
79.175088833,0.206397086381912,-0.00244984962046146
79.184968305,0.206397086381912,-0.00244984962046146
79.195022414,0.204402923583984,-0.00244984962046146
79.205024716,0.205400004982948,0
79.21503455,0.204402923583984,-0.00244984962046146
79.224962402,0.204402923583984,-0.00244984962046146
79.235055378,0.204402923583984,-0.00244984962046146
79.245069946,0.203405827283859,-0.00489969924092293
79.255053067,0.203405827283859,0
79.265019676,0.204402923583984,-0.00244984962046146
79.274975606,0.205400004982948,0
79.285022193,0.204402923583984,0.00244984962046146
79.295043593,0.206397086381912,0.00244984962046146
79.305020667,0.205400004982948,0
79.315038863,0.205400004982948,0
79.324964802,0.207394182682037,0
79.335036866,0.207394182682037,0.00489969924092293
79.344968414,0.207394182682037,0.00489969924092293
79.355024069,0.208391278982162,0.00244984962046146
79.365032336,0.207394182682037,0.00489969924092293
79.375041422,0.208391278982162,0.00244984962046146
79.3850279,0.208391278982162,0.00244984962046146
79.395058269,0.207394182682037,0.00489969924092293
79.405055639,0.208391278982162,0.00244984962046146
79.415035574,0.209388360381126,0.00489969924092293
79.425001259,0.207394182682037,0.00489969924092293
79.434979166,0.206397086381912,0.00244984962046146
79.444967165,0.208391278982162,0.00244984962046146
79.454987307,0.206397086381912,0.00244984962046146
79.465017367,0.206397086381912,0.00244984962046146
79.475005957,0.205400004982948,0
79.48502528,0.206397086381912,0.00244984962046146
79.494986764,0.205400004982948,0
79.504982148,0.206397086381912,0.00244984962046146
79.514984228,0.206397086381912,-0.00244984962046146
79.524946326,0.207394182682037,0
79.534982028,0.207394182682037,0
79.544952427,0.207394182682037,0
79.554984241,0.209388360381126,0
79.564989279,0.209388360381126,0
79.575020206,0.21038544178009,0.00244984962046146
79.584953899,0.21038544178009,0.00244984962046146
79.59498636,0.212379619479179,0.00244983145967126
79.604945802,0.211382538080215,0
79.615002356,0.212379619479179,0.00244983145967126
79.624944801,0.212379619479179,0.00244983145967126
79.634947534,0.214373797178268,0.00244984962046146
79.64494708,0.214373797178268,0.00244984962046146
79.654952405,0.213376700878143,0.00489968108013272
79.664943269,0.215370878577232,0.00489969924092293
79.675009755,0.214373797178268,0.00244984962046146
79.68497212,0.214373797178268,0.00244984962046146
79.695001828,0.214373797178268,0.00244984962046146
79.704984891,0.213376700878143,0.00489968108013272
79.715004559,0.212379619479179,0.00244983145967126
79.724946592,0.212379619479179,-0.00244983145967126
79.734998796,0.211382538080215,0
79.74495368,0.21038544178009,-0.00244984962046146
79.75500933,0.21038544178009,-0.00734953070059419
79.764995419,0.208391278982162,-0.00734954932704568
79.774978086,0.208391278982162,-0.00244984962046146
79.784942806,0.208391278982162,-0.00734954932704568
79.794989675,0.208391278982162,-0.00734954932704568
79.804967705,0.208391278982162,-0.00734954932704568
79.815036967,0.207394182682037,-0.00489969924092293
79.824946003,0.207394182682037,-0.00489969924092293
79.834996104,0.207394182682037,-0.00979939848184586
79.844948602,0.206397086381912,-0.00734954932704568
79.854946652,0.206397086381912,-0.00734954932704568
79.864989675,0.207394182682037,-0.00489969924092293
79.874930906,0.207394182682037,-0.00979939848184586
79.884957396,0.206397086381912,-0.00734954932704568
79.894968401,0.205400004982948,-0.00979939848184586
79.904946005,0.207394182682037,-0.00979939848184586
79.914951925,0.207394182682037,-0.00979939848184586
79.924922733,0.207394182682037,-0.00979939848184586
79.934932853,0.208391278982162,-0.00734954932704568
79.944949263,0.209388345479965,-0.00979938078671694
79.954944306,0.208391278982162,-0.00734954932704568
79.964938601,0.209388345479965,-0.00979938078671694
79.974951543,0.209388345479965,-0.00979938078671694
79.984983313,0.21038544178009,-0.00734953070059419
79.994944475,0.209388360381126,-0.00489969924092293
80.004956508,0.209388360381126,-0.00489969924092293
80.014918378,0.209388360381126,-0.00489969924092293
80.02495408,0.209388360381126,0
80.034951731,0.208391278982162,0.00244984962046146
80.04497546,0.207394182682037,0.00489969924092293
80.05494687,0.208391278982162,0.00734954932704568
80.064948385,0.206397086381912,0.00734954932704568
80.074974273,0.205400004982948,0.00979939848184586
80.084913078,0.204402923583984,0.0122492304071784
80.094969301,0.204402923583984,0.0122492304071784
80.104952664,0.202408745884895,0.0122492304071784
80.114915022,0.201411664485931,0.0146990800276399
80.124948195,0.201411664485931,0.0146990800276399
80.134932254,0.200414568185806,0.0122492304071784
80.144950305,0.200414568185806,0.0122492304071784
80.154861356,0.200414568185806,0.0122492304071784
80.164848258,0.200414568185806,0.0122492304071784
80.174916361,0.200414568185806,0.0122492304071784
80.184884122,0.202408745884895,0.00734953070059419
80.194906379,0.202408745884895,0.00734953070059419
80.204911803,0.202408745884895,0.0122492304071784
80.214927805,0.204402923583984,0.00734954932704568
80.224912856,0.203405827283859,0.00489969924092293
80.234903509,0.204402923583984,0.00734954932704568
80.244886097,0.205400004982948,0.00489969924092293
80.25490396,0.205400004982948,0
80.2649038,0.205400004982948,0
80.2749635,0.205400004982948,0
80.284903352,0.204402923583984,-0.00244984962046146
80.294907562,0.204402923583984,-0.00244984962046146
80.304875872,0.204402923583984,-0.00734954932704568
80.31491954,0.204402923583984,-0.00734954932704568
80.324903011,0.202408745884895,-0.00734953070059419
80.334909804,0.202408745884895,-0.0122492304071784
80.344902907,0.200414568185806,-0.0122492304071784
80.354887862,0.198420390486717,-0.0122492304071784
80.364905789,0.197423309087753,-0.0146990800276399
80.37492661,0.197423309087753,-0.0146990800276399
80.384910526,0.195429131388664,-0.0146990614011884
80.39490503,0.195429131388664,-0.0146990614011884
80.404914855,0.1944320499897,-0.0171489119529724
80.414888694,0.192437872290611,-0.0171489305794239
80.424915734,0.1944320499897,-0.0171489119529724
80.434905727,0.1944320499897,-0.0171489119529724
80.444882909,0.195429131388664,-0.0146990614011884
80.4549057,0.195429131388664,-0.0146990614011884
80.46491394,0.196426212787628,-0.0122492304071784
80.474914085,0.196426212787628,-0.0122492304071784
80.484936188,0.197423309087753,-0.00979938078671694
80.494932583,0.197423309087753,-0.00979938078671694
80.50491368,0.198420390486717,-0.00734953070059419
80.514920649,0.199417471885681,-0.00489968108013272
80.524909159,0.199417471885681,-0.00489968108013272
80.53490881,0.199417471885681,-0.00489968108013272
80.544914277,0.198420405387878,-0.00244984962046146
80.554917014,0.20141164958477,0
80.564906468,0.200414568185806,0.00244983145967126
80.574921508,0.20141164958477,0
80.584921219,0.20141164958477,0
80.594901348,0.20141164958477,0
80.604959517,0.202408730983734,0.00244984962046146
80.614914386,0.202408730983734,0.00244984962046146
80.624905802,0.202408730983734,0.00244984962046146
80.634920017,0.202408745884895,0.00734953070059419
80.644929245,0.203405827283859,0.00489969924092293
80.654896399,0.201411664485931,0.00489968108013272
80.664921984,0.202408730983734,0.00244984962046146
80.674964275,0.202408745884895,0.00734953070059419
80.684895505,0.202408745884895,0.00734953070059419
80.694915055,0.203405827283859,0.00489969924092293
80.704922509,0.202408730983734,0.00244984962046146
80.714914693,0.203405827283859,0.00489969924092293
80.724914543,0.203405827283859,0.00489969924092293
80.734943268,0.203405827283859,0.00489969924092293
80.744923598,0.204402923583984,0.00244984962046146
80.754924255,0.205400004982948,0.00489969924092293
80.764905353,0.205400004982948,0.00489969924092293
80.774911285,0.205400004982948,0
80.7849224,0.206397086381912,0.00244984962046146
80.794918018,0.205400004982948,0.00489969924092293
80.804918857,0.206397086381912,0.00734954932704568
80.814919526,0.206397086381912,0.00244984962046146
80.824908597,0.206397086381912,0.00244984962046146
80.834943151,0.206397086381912,0.00244984962046146
80.844922948,0.205400004982948,0.00489969924092293
80.854923137,0.205400004982948,0
80.86491664,0.206397086381912,0.00244984962046146
80.874912923,0.205400004982948,0.00489969924092293
80.884915327,0.204402923583984,0.00244984962046146
80.894899445,0.204402923583984,0.00244984962046146
80.904919478,0.205400004982948,0
80.914915044,0.204402923583984,0.00244984962046146
80.924922562,0.203405827283859,0.00489969924092293
80.934922109,0.203405827283859,0
80.944920539,0.203405827283859,0
80.954920413,0.202408730983734,0.00244984962046146
80.964918976,0.202408730983734,0.00244984962046146
80.97491543,0.202408730983734,0.00244984962046146
80.984908199,0.203405827283859,0
80.994913741,0.203405827283859,0
81.004913999,0.202408730983734,0.00244984962046146
81.014902631,0.202408730983734,0.00244984962046146
81.024916958,0.203405827283859,0
81.034918937,0.203405827283859,0.00489969924092293
81.044911527,0.204402923583984,0.00244984962046146
81.054922808,0.204402923583984,0.00244984962046146
81.06491719,0.204402923583984,0.00244984962046146
81.074905634,0.203405827283859,0.00489969924092293
81.084921379,0.203405827283859,0.00489969924092293
81.094917342,0.203405827283859,0.00979938078671694
81.104910158,0.202408745884895,0.00734953070059419
81.114925798,0.204402923583984,0.00734954932704568
81.124944851,0.203405827283859,0.00979938078671694
81.134899904,0.204402923583984,0.00734954932704568
81.144915273,0.203405827283859,0.00979938078671694
81.15491649,0.203405827283859,0.00979938078671694
81.164917136,0.203405827283859,0.00979938078671694
81.174965557,0.204402923583984,0.00734954932704568
81.184915189,0.204402923583984,0.0122492304071784
81.194909933,0.205400004982948,0.00489969924092293
81.204922323,0.207394182682037,0.00489969924092293
81.21490743,0.205400004982948,0.00489969924092293
81.224913575,0.207394182682037,0.00489969924092293
81.234921576,0.205400004982948,0.00489969924092293
81.244918663,0.207394182682037,0.00489969924092293
81.254911097,0.207394182682037,0.00489969924092293
81.264916793,0.207394182682037,0
81.274920923,0.207394182682037,0
81.284915456,0.208391278982162,-0.00244984962046146
81.294905785,0.207394182682037,0
81.304926196,0.206397086381912,0.00244984962046146
81.314914729,0.206397086381912,0.00244984962046146
81.32490583,0.206397086381912,0.00244984962046146
81.334915822,0.207394182682037,0
81.344913113,0.205400004982948,0.00489969924092293
81.354920349,0.205400004982948,0.00489969924092293
81.36491054,0.205400004982948,0.00979939848184586
81.374923979,0.206397086381912,0.0122492490336299
81.384922371,0.205400019884109,0.0146990800276399
81.394915417,0.206397086381912,0.0122492490336299
81.404900187,0.206397086381912,0.0122492490336299
81.414916135,0.207394182682037,0.0146990800276399
81.424917547,0.207394182682037,0.0146990800276399
81.434915226,0.208391264081001,0.0171489305794239
81.44491892,0.21038544178009,0.0122492304071784
81.45491717,0.211382538080215,0.0146990800276399
81.464910607,0.211382538080215,0.0146990800276399
81.474922523,0.211382538080215,0.00979938078671694
81.484914166,0.212379619479179,0.00734953070059419
81.494913763,0.211382538080215,0.00979938078671694
81.504919906,0.211382538080215,0.00979938078671694
81.514916153,0.211382538080215,0.00489968108013272
81.524911308,0.21038544178009,0.00244984962046146
81.534903803,0.21038544178009,0.00244984962046146
81.544917536,0.209388360381126,0.00489969924092293
81.554906531,0.209388360381126,0
81.56490983,0.209388360381126,0
81.574917734,0.208391278982162,0.00244984962046146
81.584910562,0.207394182682037,0
81.594907586,0.208391278982162,0.00244984962046146
81.604920657,0.208391278982162,-0.00244984962046146
81.61490679,0.208391278982162,0.00244984962046146
81.624919557,0.209388360381126,0
81.634930144,0.209388360381126,0
81.644927516,0.208391278982162,-0.00244984962046146
81.65491131,0.209388360381126,0
81.664919031,0.209388360381126,-0.00489969924092293
81.674908641,0.211382538080215,-0.00489968108013272
81.684919525,0.211382538080215,-0.00489968108013272
81.694916859,0.21038544178009,-0.00734953070059419
81.704904852,0.211382538080215,-0.00489968108013272
81.714906358,0.211382538080215,-0.00979938078671694
81.72491089,0.21038544178009,-0.00734953070059419
81.734919541,0.209388345479965,-0.00979938078671694
81.744924071,0.209388345479965,-0.00979938078671694
81.754906576,0.208391264081001,-0.0122492304071784
81.764915306,0.209388345479965,-0.00979938078671694
81.774920161,0.207394182682037,-0.00979939848184586
81.784903449,0.206397086381912,-0.00734954932704568
81.794907657,0.207394182682037,-0.00979939848184586
81.804949876,0.205400004982948,-0.00979939848184586
81.814895874,0.205400004982948,-0.00979939848184586
81.824910873,0.206397086381912,-0.00734954932704568
81.834897714,0.206397086381912,-0.00734954932704568
81.844911023,0.206397086381912,-0.00734954932704568
81.854913723,0.206397086381912,-0.00244984962046146
81.864907455,0.205400004982948,-0.00489969924092293
81.87492,0.205400004982948,-0.00489969924092293
81.884911881,0.206397086381912,-0.00244984962046146
81.894918045,0.205400004982948,0
81.904914395,0.205400004982948,0
81.914895394,0.205400004982948,0.00489969924092293
81.924930639,0.204402923583984,0.00244984962046146
81.934907347,0.203405827283859,0.00489969924092293
81.94490775,0.203405827283859,0.00489969924092293
81.954907043,0.202408730983734,0.00244984962046146
81.964918591,0.201411664485931,0.00489968108013272
81.974916826,0.201411664485931,0.00489968108013272
81.984915639,0.200414568185806,0.00244983145967126
81.994906619,0.199417471885681,0.00489968108013272
82.004905013,0.199417471885681,0.00489968108013272
82.01491191,0.198420405387878,0.00244984962046146
82.024911711,0.198420405387878,0.00244984962046146
82.034917223,0.198420405387878,0.00244984962046146
82.04490178,0.198420405387878,0.00244984962046146
82.054911855,0.198420405387878,0.00244984962046146
82.064912577,0.197423309087753,0
82.074913801,0.197423309087753,0
82.084925521,0.197423309087753,0
82.094909372,0.198420405387878,-0.00244984962046146
82.104909423,0.199417471885681,-0.00489968108013272
82.114897842,0.199417471885681,-0.00489968108013272
82.124911665,0.199417471885681,-0.00489968108013272
82.134911417,0.198420390486717,-0.00734953070059419
82.14489573,0.199417471885681,-0.00979938078671694
82.154915965,0.199417471885681,-0.00979938078671694
82.164932428,0.200414568185806,-0.00734953070059419
82.174921717,0.200414568185806,-0.00734953070059419
82.184911014,0.201411664485931,-0.00979938078671694
82.194904097,0.201411664485931,-0.00979938078671694
82.20491121,0.200414568185806,-0.0122492304071784
82.214910037,0.200414568185806,-0.0122492304071784
82.224916814,0.200414568185806,-0.0122492304071784
82.23489743,0.201411664485931,-0.00979938078671694
82.244908065,0.200414568185806,-0.00734953070059419
82.254912634,0.201411664485931,-0.00979938078671694
82.264915677,0.200414568185806,-0.0122492304071784
82.274906589,0.201411664485931,-0.0146990800276399
82.284909545,0.200414568185806,-0.0122492304071784
82.294907904,0.200414568185806,-0.0122492304071784
82.304906388,0.200414568185806,-0.00734953070059419
82.314898363,0.201411664485931,-0.00489968108013272
82.32490894,0.202408745884895,-0.00734953070059419
82.334910427,0.202408745884895,-0.00734953070059419
82.344916062,0.202408745884895,-0.00734953070059419
82.354908,0.201411664485931,-0.00489968108013272
82.364898941,0.203405827283859,0
82.374909278,0.202408730983734,0.00244984962046146
82.3849105,0.202408730983734,0.00244984962046146
82.394917137,0.203405827283859,0.00489969924092293
82.404912639,0.203405827283859,0.00489969924092293
82.414910476,0.203405827283859,0.00489969924092293
82.424902489,0.202408745884895,0.00734953070059419
82.434890108,0.202408745884895,0.00734953070059419
82.444920729,0.202408745884895,0.00734953070059419
82.454909049,0.202408745884895,0.00734953070059419
82.464910878,0.200414568185806,0.00734953070059419
82.474910789,0.200414568185806,0.00734953070059419
82.484907819,0.200414568185806,0.00734953070059419
82.494892492,0.199417471885681,0.00489968108013272
82.504908455,0.199417471885681,0.00489968108013272
82.514894143,0.198420405387878,0.00244984962046146
82.524898088,0.198420405387878,0.00244984962046146
82.534907593,0.197423309087753,0
82.544902116,0.197423309087753,0
82.554908155,0.197423309087753,0
82.564911366,0.198420405387878,-0.00244984962046146
82.574897792,0.197423309087753,-0.00489969924092293
82.584908749,0.197423309087753,-0.00489969924092293
82.594908408,0.197423309087753,-0.00489969924092293
82.604916367,0.197423309087753,-0.00489969924092293
82.614909509,0.197423309087753,-0.00489969924092293
82.624915007,0.197423309087753,-0.00489969924092293
82.634907682,0.198420405387878,-0.00244984962046146
82.644909115,0.198420390486717,-0.00734953070059419
82.654903639,0.197423309087753,-0.00489969924092293
82.664912374,0.197423309087753,-0.00489969924092293
82.674908837,0.198420405387878,-0.00244984962046146
82.684936256,0.198420405387878,-0.00244984962046146
82.694909474,0.198420405387878,-0.00244984962046146
82.704909615,0.197423309087753,0
82.714895423,0.197423309087753,0
82.724921099,0.198420405387878,0.00244984962046146
82.734913954,0.198420405387878,0.00244984962046146
82.744905476,0.198420390486717,0.00734953070059419
82.75489585,0.199417471885681,0.00489968108013272
82.764915423,0.199417471885681,0.00489968108013272
82.774901558,0.200414568185806,0.00734953070059419
82.784903993,0.200414568185806,0.00734953070059419
82.794907615,0.200414568185806,0.00734953070059419
82.804909595,0.202408730983734,0.00244984962046146
82.814906667,0.203405827283859,0.00489969924092293
82.82490757,0.202408730983734,0.00244984962046146
82.834911637,0.202408730983734,0.00244984962046146
82.84489684,0.204402923583984,0.00244984962046146
82.854909254,0.204402923583984,0.00244984962046146
82.864891449,0.206397086381912,0.00244984962046146
82.874911787,0.205400004982948,0
82.884908271,0.207394182682037,0
82.894900109,0.209388360381126,0
82.904909204,0.208391278982162,0.00244984962046146
82.91490877,0.208391278982162,0.00244984962046146
82.924913633,0.21038544178009,0.00244984962046146
82.93490426,0.211382538080215,0
82.944909991,0.21038544178009,0.00244984962046146
82.954910627,0.211382538080215,0.00489968108013272
82.964909544,0.211382538080215,0.00489968108013272
82.974909502,0.212379619479179,0.00734953070059419
82.984915427,0.211382538080215,0.00979938078671694
82.994916894,0.212379619479179,0.0122492304071784
83.004912136,0.213376700878143,0.0146990800276399
83.014909908,0.215370893478394,0.0146990800276399
83.02489734,0.214373797178268,0.0171489305794239
83.034913876,0.215370878577232,0.0195987615734339
83.044918318,0.215370878577232,0.0195987615734339
83.054906038,0.216367959976196,0.0171489119529724
83.064912625,0.215370878577232,0.0195987615734339
83.074906475,0.216367959976196,0.0171489119529724
83.084900534,0.217365056276321,0.0146990614011884
83.094909062,0.215370893478394,0.0146990800276399
83.104904865,0.216367974877357,0.0122492304071784
83.114894693,0.215370893478394,0.00979938078671694
83.124897232,0.214373797178268,0.00734953070059419
83.134897974,0.214373797178268,0.00734953070059419
83.144909512,0.213376700878143,0.00489968108013272
83.154906793,0.213376700878143,0.00489968108013272
83.164901725,0.212379619479179,0.00244983145967126
83.174985283,0.212379619479179,0.00244983145967126
83.184908189,0.21038544178009,0.00244984962046146
83.194910418,0.21038544178009,0.00244984962046146
83.204917783,0.209388360381126,0
83.214910272,0.207394182682037,0
83.224900226,0.209388360381126,0
83.23490166,0.207394182682037,0
83.244893607,0.208391278982162,0.00244984962046146
83.254894172,0.207394182682037,0
83.264907264,0.207394182682037,0
83.274926532,0.206397086381912,0.00244984962046146
83.284906467,0.207394182682037,0
83.294911333,0.206397086381912,-0.00244984962046146
83.304913227,0.207394182682037,0
83.314918401,0.207394182682037,0
83.324905179,0.205400004982948,0
83.334911915,0.207394182682037,0
83.344908964,0.206397086381912,-0.00244984962046146
83.354908369,0.206397086381912,0.00244984962046146
83.364916396,0.206397086381912,0.00244984962046146
83.374898856,0.205400004982948,0
83.384909871,0.205400004982948,0.00489969924092293
83.394912303,0.205400004982948,0.00489969924092293
83.404912554,0.204402923583984,0.00244984962046146
83.414910784,0.205400004982948,0.00489969924092293
83.424893502,0.205400004982948,0.00489969924092293
83.434905826,0.203405827283859,0.00489969924092293
83.44491022,0.204402923583984,0.00734954932704568
83.454900167,0.204402923583984,0.00244984962046146
83.46491134,0.204402923583984,0.00244984962046146
83.474910484,0.205400004982948,0.00489969924092293
83.484891923,0.204402923583984,0.00244984962046146
83.494909932,0.204402923583984,0.00244984962046146
83.504906417,0.205400004982948,0.00489969924092293
83.514905625,0.204402923583984,0.00244984962046146
83.52488051,0.205400004982948,0.00489969924092293
83.534877571,0.206397086381912,0.00244984962046146
83.544883363,0.205400004982948,0
83.554886407,0.205400004982948,0.00489969924092293
83.564725786,0.205400004982948,0.00489969924092293
83.574880829,0.205400004982948,0
83.58488165,0.206397086381912,0.00244984962046146
83.594878892,0.207394182682037,0
83.604881608,0.207394182682037,0
83.614881909,0.207394182682037,0
83.62488104,0.207394182682037,-0.00489969924092293
83.634882297,0.207394182682037,0
83.644880107,0.208391278982162,-0.00244984962046146
83.654883865,0.208391278982162,-0.00244984962046146
83.664857757,0.209388360381126,-0.00489969924092293
83.674882475,0.209388360381126,0
83.684873915,0.209388360381126,-0.00489969924092293
83.694878227,0.208391278982162,-0.00244984962046146
83.704881617,0.208391278982162,-0.00244984962046146
83.714886776,0.209388360381126,-0.00489969924092293
83.724878247,0.208391278982162,-0.00244984962046146
83.734853466,0.209388360381126,-0.00489969924092293
83.744854899,0.208391278982162,-0.00244984962046146
83.754851845,0.207394182682037,-0.00489969924092293
83.76484917,0.207394182682037,-0.00489969924092293
83.77485355,0.207394182682037,-0.00979939848184586
83.784852453,0.206397086381912,-0.00734954932704568
83.794853375,0.207394182682037,-0.00979939848184586
83.804851882,0.205400004982948,-0.00979939848184586
83.814870126,0.204402923583984,-0.00734954932704568
83.824855349,0.205400004982948,-0.00979939848184586
83.834852202,0.202408745884895,-0.0122492304071784
83.844852289,0.202408745884895,-0.0122492304071784
83.854851231,0.202408745884895,-0.0171489305794239
83.864863818,0.201411664485931,-0.0146990800276399
83.874851747,0.202408745884895,-0.0122492304071784
83.884858825,0.202408745884895,-0.0122492304071784
83.89486079,0.202408745884895,-0.0122492304071784
83.904854781,0.202408745884895,-0.0171489305794239
83.914852656,0.202408745884895,-0.0171489305794239
83.924853231,0.202408745884895,-0.0171489305794239
83.934851573,0.204402923583984,-0.0171489305794239
83.944868345,0.205400019884109,-0.0146990800276399
83.954847633,0.205400004982948,-0.00979939848184586
83.964854443,0.206397086381912,-0.0122492490336299
83.974850376,0.204402923583984,-0.0122492304071784
83.984858479,0.204402923583984,-0.0122492304071784
83.994853873,0.204402923583984,-0.0122492304071784
84.00485487,0.204402923583984,-0.00734954932704568
84.014852541,0.204402923583984,-0.00734954932704568
84.024852079,0.203405827283859,-0.00489969924092293
84.034850083,0.203405827283859,0
84.044853346,0.202408730983734,-0.00244984962046146
84.054852746,0.20141164958477,0
84.06470225,0.200414568185806,0.00244983145967126
84.074851028,0.200414568185806,0.00244983145967126
84.084848819,0.199417471885681,0.00489968108013272
84.094856779,0.197423309087753,0.00979938078671694
84.104847083,0.196426212787628,0.00734954932704568
84.114851306,0.196426212787628,0.00734954932704568
84.124856814,0.195429131388664,0.00979939848184586
84.134852889,0.1944320499897,0.00734954932704568
84.144849088,0.1944320499897,0.00734954932704568
84.154853066,0.195429131388664,0.00489969924092293
84.164800117,0.195429131388664,0.00489969924092293
84.17485258,0.195429131388664,0.00489969924092293
84.184847939,0.196426212787628,0.00244984962046146
84.194848091,0.198420405387878,0.00244984962046146
84.204848165,0.199417471885681,0.00489968108013272
84.214851095,0.200414568185806,0.00734953070059419
84.224846043,0.202408730983734,0.00244984962046146
84.234856114,0.203405827283859,0.00489969924092293
84.244874112,0.203405827283859,0.00489969924092293
84.254859072,0.204402923583984,0.00734954932704568
84.264852718,0.204402923583984,0.00734954932704568
84.27485511,0.205400004982948,0.00489969924092293
84.284854362,0.205400004982948,0.00489969924092293
84.294852871,0.204402923583984,0.00244984962046146
84.304855062,0.204402923583984,-0.00244984962046146
84.314850106,0.203405827283859,-0.00489969924092293
84.324844966,0.201411664485931,-0.00489968108013272
84.334857411,0.199417471885681,-0.00979938078671694
84.344852049,0.200414568185806,-0.0122492304071784
84.354851058,0.198420390486717,-0.0171489305794239
84.364847737,0.197423309087753,-0.0195987615734339
84.374852286,0.196426212787628,-0.0171489119529724
84.384844316,0.196426212787628,-0.0220486111938953
84.39485261,0.196426212787628,-0.0220486111938953
84.404842713,0.195429131388664,-0.0195987615734339
84.414848949,0.195429131388664,-0.0195987615734339
84.424879717,0.197423309087753,-0.0195987615734339
84.43485316,0.198420390486717,-0.0171489305794239
84.444848884,0.197423309087753,-0.0146990800276399
84.454851033,0.199417471885681,-0.0146990800276399
84.464846344,0.200414568185806,-0.0122492304071784
84.474855144,0.200414568185806,-0.0122492304071784
84.484842599,0.202408745884895,-0.00734953070059419
84.494849628,0.202408745884895,-0.00734953070059419
84.50485099,0.204402923583984,-0.00734954932704568
84.514852804,0.205400004982948,-0.00489969924092293
84.524854814,0.206397086381912,-0.00244984962046146
84.534852684,0.207394182682037,-0.00489969924092293
84.544854525,0.207394182682037,0
84.55485571,0.207394182682037,0
84.56485408,0.208391278982162,0.00244984962046146
84.57485434,0.21038544178009,0.00244984962046146
84.584858631,0.21038544178009,0.00244984962046146
84.594851929,0.211382538080215,0.00489968108013272
84.604854639,0.211382538080215,0.00489968108013272
84.614852723,0.211382538080215,0.00489968108013272
84.624844159,0.21038544178009,0.00734953070059419
84.634850672,0.211382538080215,0.00979938078671694
84.64485178,0.213376700878143,0.00489968108013272
84.65485117,0.213376700878143,0.00979938078671694
84.664859781,0.214373797178268,0.00734953070059419
84.674851718,0.213376700878143,0.00979938078671694
84.684842225,0.213376700878143,0.00979938078671694
84.694856296,0.214373797178268,0.00734953070059419
84.70485076,0.214373797178268,0.0122492304071784
84.714857197,0.215370893478394,0.00979938078671694
84.724853531,0.214373797178268,0.00734953070059419
84.734855921,0.214373797178268,0.00734953070059419
84.744855559,0.214373797178268,0.00734953070059419
84.754854043,0.215370878577232,0.00489969924092293
84.764872556,0.213376700878143,0.00489968108013272
84.774857954,0.214373797178268,0.00244984962046146
84.784854119,0.212379619479179,0.00244983145967126
84.794855095,0.211382538080215,0
84.80485195,0.212379619479179,-0.00244983145967126
84.814854217,0.21038544178009,-0.00244984962046146
84.82485749,0.211382538080215,0
84.83486871,0.21038544178009,-0.00244984962046146
84.844869146,0.21038544178009,-0.00244984962046146
84.854852244,0.208391278982162,-0.00244984962046146
84.864853472,0.209388360381126,0
84.874852367,0.208391278982162,-0.00244984962046146
84.884855013,0.209388360381126,0
84.894861809,0.209388360381126,0
84.904857554,0.207394182682037,0
84.914859008,0.208391278982162,0.00244984962046146
84.924858437,0.207394182682037,0
84.934852004,0.207394182682037,0
84.944852833,0.207394182682037,0
84.954852951,0.207394182682037,0
84.964851896,0.207394182682037,-0.00489969924092293
84.974853362,0.207394182682037,0
84.984614977,0.206397086381912,-0.00244984962046146
84.994851959,0.205400004982948,0
85.004847104,0.205400004982948,0
85.014863924,0.205400004982948,-0.00489969924092293
85.024855005,0.205400004982948,-0.00489969924092293
85.034853302,0.205400004982948,0
85.044870166,0.203405827283859,0
85.054867512,0.203405827283859,0
85.064873641,0.202408730983734,0.00244984962046146
85.074854116,0.20141164958477,0
85.084819932,0.20141164958477,0
85.094861295,0.20141164958477,0
85.104851857,0.20141164958477,0
85.11487154,0.200414568185806,0.00244983145967126
85.124854059,0.200414568185806,0.00244983145967126
85.13485285,0.20141164958477,0
85.144853476,0.200414568185806,0.00244983145967126
85.154857764,0.200414568185806,0.00244983145967126
85.164867829,0.200414568185806,0.00244983145967126
85.174857912,0.20141164958477,0
85.184853627,0.20141164958477,0
85.194870418,0.20141164958477,0
85.204853895,0.20141164958477,0
85.214857833,0.20141164958477,0
85.224867336,0.201411664485931,-0.00489968108013272
85.234853595,0.199417471885681,-0.00489968108013272
85.244869184,0.200414568185806,-0.00734953070059419
85.254870443,0.199417471885681,-0.00979938078671694
85.264867044,0.199417471885681,-0.00979938078671694
85.274855442,0.198420390486717,-0.00734953070059419
85.284879707,0.198420390486717,-0.00734953070059419
85.294857505,0.197423309087753,-0.00979938078671694
85.30486989,0.197423309087753,-0.00979938078671694
85.314850349,0.197423309087753,-0.00979938078671694
85.324857087,0.197423309087753,-0.00979938078671694
85.3348655,0.196426212787628,-0.00734954932704568
85.344852984,0.197423309087753,-0.00979938078671694
85.354853738,0.196426212787628,-0.00734954932704568
85.364867813,0.196426212787628,-0.00734954932704568
85.374854456,0.196426212787628,-0.00734954932704568
85.384856544,0.197423309087753,-0.00979938078671694
85.394871857,0.198420390486717,-0.00734953070059419
85.404862001,0.198420390486717,-0.00734953070059419
85.414852675,0.198420390486717,-0.00734953070059419
85.424874401,0.198420405387878,-0.00244984962046146
85.434850497,0.199417471885681,-0.00489968108013272
85.444674407,0.198420405387878,-0.00244984962046146
85.454872411,0.201411664485931,-0.00489968108013272
85.464873733,0.201411664485931,-0.00489968108013272
85.474853689,0.201411664485931,-0.00489968108013272
85.484849692,0.200414568185806,-0.00244983145967126
85.494866465,0.200414568185806,-0.00244983145967126
85.504852975,0.200414568185806,-0.00244983145967126
85.514852977,0.20141164958477,0
85.524690118,0.20141164958477,0
85.534861079,0.203405827283859,0
85.544866228,0.202408730983734,0.00244984962046146
85.554871517,0.203405827283859,0.00489969924092293
85.564870809,0.203405827283859,0.00489969924092293
85.574851224,0.205400004982948,0.00489969924092293
85.584911431,0.206397086381912,0.00734954932704568
85.59489271,0.207394182682037,0.00979939848184586
85.604764751,0.208391264081001,0.0122492304071784
85.614907591,0.209388345479965,0.00979938078671694
85.624908453,0.21038544178009,0.00734953070059419
85.634904797,0.209388345479965,0.00979938078671694
85.644895244,0.211382538080215,0.00979938078671694
85.654914181,0.21038544178009,0.0122492304071784
85.664942984,0.211382538080215,0.00979938078671694
85.674949063,0.21038544178009,0.0122492304071784
85.68474119,0.211382538080215,0.00979938078671694
85.6949111,0.21038544178009,0.00734953070059419
85.704907479,0.211382538080215,0.00489968108013272
85.714919318,0.209388360381126,0.00489969924092293
85.724908434,0.207394182682037,0.00489969924092293
85.734908847,0.206397086381912,0.00244984962046146
85.744906257,0.205400004982948,0
85.754921723,0.205400004982948,-0.00489969924092293
85.764723504,0.204402923583984,-0.00244984962046146
85.774897323,0.203405827283859,-0.00489969924092293
85.784933814,0.201411664485931,-0.00489968108013272
85.794897632,0.202408745884895,-0.00734953070059419
85.804936476,0.199417471885681,-0.00489968108013272
85.814919884,0.200414568185806,-0.00734953070059419
85.824935211,0.201411664485931,-0.00489968108013272
85.834901473,0.201411664485931,-0.00489968108013272
85.844697234,0.201411664485931,-0.00489968108013272
85.854911872,0.20141164958477,0
85.86489784,0.20141164958477,0
85.874896442,0.20141164958477,0
85.884908779,0.201411664485931,0.00489968108013272
85.894907136,0.200414568185806,0.00734953070059419
85.904902494,0.201411664485931,0.00489968108013272
85.914903624,0.201411664485931,0.00979938078671694
85.924727875,0.201411664485931,0.00979938078671694
85.934894828,0.201411664485931,0.00979938078671694
85.944906015,0.201411664485931,0.0146990800276399
85.954915916,0.200414568185806,0.0122492304071784
85.964905366,0.200414568185806,0.0122492304071784
85.974909011,0.200414568185806,0.0122492304071784
85.984655283,0.201411664485931,0.00489968108013272
85.994912336,0.200414568185806,0.00734953070059419
86.004719502,0.201411664485931,0.00979938078671694
86.014914436,0.200414568185806,0.00734953070059419
86.024907105,0.200414568185806,0.00734953070059419
86.034903064,0.200414568185806,0.00734953070059419
86.044906323,0.200414568185806,0.00244983145967126
86.054913724,0.201411664485931,0.00489968108013272
86.064897826,0.201411664485931,0.00489968108013272
86.074905296,0.202408730983734,0.00244984962046146
86.084724305,0.201411664485931,0.00489968108013272
86.094909113,0.202408730983734,0.00244984962046146
86.104903117,0.20141164958477,0
86.114598087,0.202408730983734,-0.00244984962046146
86.124912691,0.203405827283859,0
86.134901967,0.203405827283859,0
86.144896825,0.203405827283859,0
86.154910527,0.203405827283859,-0.00489969924092293
86.164722815,0.203405827283859,-0.00489969924092293
86.174913497,0.202408730983734,-0.00244984962046146
86.184909316,0.204402923583984,-0.00244984962046146
86.19491051,0.204402923583984,-0.00244984962046146
86.204902753,0.205400004982948,-0.00489969924092293
86.21490845,0.204402923583984,-0.00244984962046146
86.224900726,0.203405827283859,-0.00489969924092293
86.234905314,0.205400004982948,-0.00489969924092293
86.244730547,0.206397086381912,-0.00734954932704568
86.254898676,0.205400004982948,-0.00489969924092293
86.264921271,0.207394182682037,-0.00489969924092293
86.274901891,0.208391278982162,-0.00734954932704568
86.284608839,0.207394182682037,-0.00489969924092293
86.294901264,0.208391278982162,-0.00734954932704568
86.304913729,0.209388360381126,-0.00489969924092293
86.314905318,0.21038544178009,-0.00244984962046146
86.324768461,0.21038544178009,-0.00244984962046146
86.334888154,0.21038544178009,-0.00244984962046146
86.344905721,0.211382538080215,0
86.354908758,0.212379619479179,0.00244983145967126
86.36490809,0.211382538080215,0.00489968108013272
86.374905317,0.211382538080215,0.00489968108013272
86.38472332,0.211382538080215,0.00489968108013272
86.394898032,0.212379619479179,0.00734953070059419
86.404748082,0.21038544178009,0.00734953070059419
86.414935129,0.21038544178009,0.00734953070059419
86.424887462,0.212379619479179,0.00734953070059419
86.434891326,0.21038544178009,0.00734953070059419
86.44492013,0.209388345479965,0.00979938078671694
86.454893831,0.208391278982162,0.00734954932704568
86.464921323,0.208391278982162,0.00734954932704568
86.474916599,0.209388345479965,0.00979938078671694
86.484771161,0.208391278982162,0.00734954932704568
86.494895189,0.208391278982162,0.00734954932704568
86.504912095,0.209388345479965,0.00979938078671694
86.514913192,0.208391278982162,0.00734954932704568
86.524918042,0.208391278982162,0.00734954932704568
86.534898691,0.209388360381126,0.00489969924092293
86.544909106,0.21038544178009,0.00244984962046146
86.554899423,0.21038544178009,0.00244984962046146
86.564783685,0.21038544178009,0.00244984962046146
86.574903933,0.209388360381126,0
86.584924083,0.21038544178009,0.00244984962046146
86.594909514,0.209388360381126,0
86.604912589,0.208391278982162,-0.00244984962046146
86.614911863,0.21038544178009,-0.00244984962046146
86.624906966,0.208391278982162,-0.00244984962046146
86.634912973,0.207394182682037,0
86.644781887,0.207394182682037,0
86.65490453,0.207394182682037,0
86.664910299,0.207394182682037,0
86.674916348,0.207394182682037,0
86.684928338,0.207394182682037,0
86.694911811,0.207394182682037,0
86.704903927,0.208391278982162,0.00244984962046146
86.714912566,0.206397086381912,0.00244984962046146
86.724778475,0.207394182682037,0.00489969924092293
86.734917621,0.208391278982162,0.00244984962046146
86.74491835,0.207394182682037,0.00489969924092293
86.754895518,0.207394182682037,0.00489969924092293
86.764909908,0.207394182682037,0
86.774889109,0.207394182682037,0.00489969924092293
86.784916624,0.206397086381912,0.00244984962046146
86.794901421,0.205400004982948,0.00489969924092293
86.804777949,0.204402923583984,0.00244984962046146
86.814911524,0.205400004982948,0
86.824895099,0.203405827283859,0
86.834895452,0.203405827283859,0
86.844922298,0.202408730983734,-0.00244984962046146
86.854909593,0.202408730983734,-0.00244984962046146
86.864909277,0.20141164958477,0
86.874913748,0.200414568185806,-0.00244983145967126
86.884806126,0.200414568185806,-0.00244983145967126
86.894907611,0.200414568185806,-0.00244983145967126
86.904907281,0.200414568185806,-0.00244983145967126
86.914912984,0.200414568185806,-0.00244983145967126
86.92494011,0.201411664485931,-0.00489968108013272
86.934901361,0.200414568185806,-0.00244983145967126
86.944901819,0.200414568185806,-0.00244983145967126
86.95491118,0.199417486786842,0
86.96478763,0.199417486786842,0
86.974913299,0.199417486786842,0
86.984940261,0.199417486786842,0
86.994910625,0.199417486786842,0
87.004891583,0.200414568185806,0.00244983145967126
87.0149149,0.199417471885681,0.00489968108013272
87.024903299,0.199417471885681,0.00489968108013272
87.034893077,0.199417471885681,0.00489968108013272
87.044792705,0.199417471885681,0.00489968108013272
87.054909326,0.200414568185806,0.00244983145967126
87.064905906,0.200414568185806,0.00244983145967126
87.074921284,0.200414568185806,0.00244983145967126
87.084915119,0.199417486786842,0
87.094897296,0.199417486786842,0
87.104909135,0.197423309087753,-0.00489969924092293
87.114909776,0.197423309087753,-0.00489969924092293
87.124773106,0.196426212787628,-0.00734954932704568
87.134913138,0.196426212787628,-0.00734954932704568
87.144908961,0.195429131388664,-0.00979939848184586
87.1549124,0.195429131388664,-0.00979939848184586
87.164945286,0.1944320499897,-0.0122492304071784
87.174916938,0.1944320499897,-0.0122492304071784
87.184933465,0.195429131388664,-0.00979939848184586
87.194907094,0.195429131388664,-0.00979939848184586
87.204772633,0.197423309087753,-0.00979938078671694
87.214903623,0.196426212787628,-0.00734954932704568
87.224909214,0.197423309087753,-0.00489969924092293
87.234908945,0.197423309087753,-0.00489969924092293
87.24491392,0.198420405387878,-0.00244984962046146
87.254913013,0.198420405387878,-0.00244984962046146
87.264935331,0.199417486786842,0
87.274918742,0.199417486786842,0
87.284796314,0.199417486786842,0
87.29491186,0.199417486786842,0
87.304896257,0.198420405387878,0.00244984962046146
87.314907868,0.199417486786842,0
87.324908866,0.199417486786842,0
87.334916024,0.199417486786842,0
87.344917021,0.199417486786842,0
87.354895684,0.199417486786842,0
87.364799146,0.199417486786842,0
87.374927775,0.200414568185806,0.00244983145967126
87.384906356,0.198420405387878,0.00244984962046146
87.394895391,0.198420405387878,0.00244984962046146
87.404909092,0.198420405387878,0.00244984962046146
87.414916816,0.198420405387878,0.00244984962046146
87.42490644,0.199417486786842,0
87.434913755,0.199417486786842,0
87.444795694,0.199417486786842,0
87.45490911,0.199417486786842,0
87.464903886,0.199417486786842,0
87.474924805,0.199417486786842,0
87.484904188,0.20141164958477,0
87.494910561,0.20141164958477,0
87.504908014,0.203405827283859,0
87.514898735,0.203405827283859,0
87.524800386,0.203405827283859,0.00489969924092293
87.534904811,0.204402923583984,0.00734954932704568
87.544908888,0.206397086381912,0.00734954932704568
87.554911635,0.207394182682037,0.00979939848184586
87.564893938,0.208391278982162,0.00734954932704568
87.57491457,0.208391278982162,0.00734954932704568
87.58490613,0.21038544178009,0.00734953070059419
87.594901111,0.211382538080215,0.00979938078671694
87.604777736,0.21038544178009,0.0122492304071784
87.614904954,0.212379619479179,0.0122492304071784
87.624913468,0.213376700878143,0.0146990800276399
87.634915645,0.213376700878143,0.0146990800276399
87.64491104,0.213376700878143,0.0146990800276399
87.65491711,0.213376700878143,0.0146990800276399
87.664907945,0.213376700878143,0.0195987801998854
87.674905386,0.214373797178268,0.0171489305794239
87.68477227,0.213376700878143,0.0195987801998854
87.694905772,0.212379619479179,0.0171489305794239
87.704912271,0.212379619479179,0.0171489305794239
87.714900555,0.212379619479179,0.0171489305794239
87.724908905,0.211382538080215,0.00979938078671694
87.734904614,0.211382538080215,0.00979938078671694
87.744912952,0.209388345479965,0.00979938078671694
87.754909985,0.209388360381126,0.00489969924092293
87.7647889,0.21038544178009,0.00244984962046146
87.774907361,0.208391278982162,0.00244984962046146
87.784905377,0.208391278982162,-0.00244984962046146
87.794906562,0.209388360381126,-0.00489969924092293
87.804910258,0.207394182682037,-0.00979939848184586
87.814910388,0.205400004982948,-0.00979939848184586
87.824916453,0.205400004982948,-0.00979939848184586
87.834906541,0.204402923583984,-0.0122492304071784
87.844775478,0.205400019884109,-0.0146990800276399
87.854906033,0.203405827283859,-0.0146990800276399
87.864906439,0.202408745884895,-0.0171489305794239
87.874903705,0.203405827283859,-0.0195987801998854
87.884966852,0.203405827283859,-0.0146990800276399
87.894903143,0.203405827283859,-0.0146990800276399
87.904895176,0.205400019884109,-0.0146990800276399
87.914924081,0.205400019884109,-0.0146990800276399
87.924776692,0.206397086381912,-0.0171489119529724
87.934909735,0.207394182682037,-0.0146990800276399
87.944909662,0.209388345479965,-0.0146990800276399
87.954916546,0.21038544178009,-0.0122492304071784
87.964908294,0.211382538080215,-0.00979938078671694
87.974901053,0.212379619479179,-0.00734953070059419
87.984901325,0.212379619479179,-0.00734953070059419
87.99490401,0.213376700878143,-0.00489968108013272
88.004781801,0.214373797178268,-0.00244984962046146
88.014904169,0.215370878577232,0
88.024905289,0.213376700878143,0.00489968108013272
88.034916532,0.214373797178268,0.00244984962046146
88.044916303,0.212379619479179,0.00734953070059419
88.054914468,0.212379619479179,0.00734953070059419
88.064910647,0.212379619479179,0.00734953070059419
88.074905992,0.211382538080215,0.00979938078671694
88.084806296,0.21038544178009,0.00734953070059419
88.09490953,0.209388345479965,0.00979938078671694
88.104906033,0.209388345479965,0.00979938078671694
88.114903204,0.209388345479965,0.00979938078671694
88.124911984,0.209388345479965,0.00979938078671694
88.134907213,0.208391264081001,0.0122492304071784
88.144903486,0.209388345479965,0.00979938078671694
88.154674279,0.21038544178009,0.0122492304071784
88.164539945,0.211382538080215,0.00979938078671694
88.174543239,0.211382538080215,0.00979938078671694
88.18445859,0.212379619479179,0.0122492304071784
88.194555789,0.213376700878143,0.00979938078671694
88.204486787,0.213376700878143,0.00979938078671694
88.214478374,0.213376700878143,0.00979938078671694
88.224501269,0.215370893478394,0.00979938078671694
88.234482257,0.215370878577232,0.00489969924092293
88.244727301,0.214373797178268,0.00734953070059419
88.254862842,0.214373797178268,0.00734953070059419
88.264852299,0.212379619479179,0.00734953070059419
88.274850685,0.212379619479179,0.00734953070059419
88.284858389,0.212379619479179,0.00244983145967126
88.294853344,0.211382538080215,0.00489968108013272
88.304853209,0.21038544178009,0.00244984962046146
88.314851651,0.209388360381126,0
88.324728463,0.207394182682037,0
88.334856351,0.206397086381912,0.00244984962046146
88.344852668,0.205400004982948,0
88.354852897,0.205400004982948,-0.00489969924092293
88.364845923,0.204402923583984,-0.00244984962046146
88.37486265,0.203405827283859,-0.00979938078671694
88.38485187,0.202408745884895,-0.00734953070059419
88.394856266,0.201411664485931,-0.00979938078671694
88.4047797,0.199417471885681,-0.00979938078671694
88.414853427,0.200414568185806,-0.0122492304071784
88.424854553,0.200414568185806,-0.0122492304071784
88.434871694,0.199417471885681,-0.0146990800276399
88.444852553,0.200414568185806,-0.0171489305794239
88.454853624,0.200414568185806,-0.0171489305794239
88.464857083,0.199417471885681,-0.0146990800276399
88.474855443,0.199417471885681,-0.00979938078671694
88.484736793,0.200414568185806,-0.0122492304071784
88.494850794,0.199417471885681,-0.0146990800276399
88.504856108,0.200414568185806,-0.0122492304071784
88.514854972,0.199417471885681,-0.00979938078671694
88.524847022,0.200414568185806,-0.0122492304071784
88.534868345,0.200414568185806,-0.00734953070059419
88.544855268,0.200414568185806,-0.00734953070059419
88.554850898,0.198420405387878,-0.00244984962046146
88.564738878,0.200414568185806,-0.00734953070059419
88.574851312,0.200414568185806,-0.00734953070059419
88.584857375,0.199417471885681,-0.00489968108013272
88.594852955,0.200414568185806,-0.00244983145967126
88.604869836,0.200414568185806,-0.00244983145967126
88.614853561,0.201411664485931,-0.00489968108013272
88.624854278,0.200414568185806,-0.00244983145967126
88.634865468,0.201411664485931,-0.00489968108013272
88.644741337,0.202408730983734,-0.00244984962046146
88.654851426,0.203405827283859,-0.00489969924092293
88.664854375,0.202408730983734,-0.00244984962046146
88.674851773,0.203405827283859,-0.00489969924092293
88.684852288,0.204402923583984,-0.00244984962046146
88.694850894,0.203405827283859,-0.00489969924092293
88.704868171,0.203405827283859,-0.00489969924092293
88.71484795,0.203405827283859,-0.00489969924092293
88.724745631,0.203405827283859,-0.00489969924092293
88.734854963,0.204402923583984,-0.00734954932704568
88.744849247,0.202408745884895,-0.00734953070059419
88.754870449,0.202408745884895,-0.00734953070059419
88.76485446,0.201411664485931,-0.00979938078671694
88.774850097,0.200414568185806,-0.00734953070059419
88.784855901,0.200414568185806,-0.0122492304071784
88.794856672,0.201411664485931,-0.00979938078671694
88.804742121,0.201411664485931,-0.00979938078671694
88.814851756,0.201411664485931,-0.00489968108013272
88.824853844,0.201411664485931,-0.00489968108013272
88.834872478,0.199417471885681,-0.00489968108013272
88.844851293,0.200414568185806,-0.00244983145967126
88.854855482,0.200414568185806,-0.00244983145967126
88.864851263,0.202408730983734,-0.00244984962046146
88.87485349,0.202408730983734,-0.00244984962046146
88.884744249,0.20141164958477,0
88.894852233,0.202408730983734,0.00244984962046146
88.904869795,0.202408730983734,0.00244984962046146
88.914853744,0.202408730983734,-0.00244984962046146
88.92487546,0.20141164958477,0
88.934870415,0.203405827283859,0.00489969924092293
88.944854751,0.203405827283859,0
88.954869291,0.202408730983734,-0.00244984962046146
88.964747529,0.20141164958477,0
88.974859172,0.200414568185806,0.00244983145967126
88.984860481,0.20141164958477,0
88.994851024,0.199417486786842,0
89.004868684,0.199417486786842,0
89.014850038,0.198420405387878,0.00244984962046146
89.024851628,0.199417486786842,0
89.034415575,0.198420405387878,-0.00244984962046146
89.044751243,0.197423309087753,0
89.054868198,0.198420405387878,0.00244984962046146
89.06485209,0.198420405387878,0.00244984962046146
89.074854389,0.199417486786842,0
89.08485193,0.198420405387878,0.00244984962046146
89.094853003,0.199417486786842,0
89.104872163,0.200414568185806,0.00244983145967126
89.114851056,0.199417471885681,0.00489968108013272
89.124749847,0.200414568185806,0.00244983145967126
89.134869052,0.200414568185806,0.00244983145967126
89.14485118,0.200414568185806,0.00244983145967126
89.154868135,0.200414568185806,0.00734953070059419
89.164851079,0.201411664485931,0.00489968108013272
89.174855289,0.201411664485931,0.00489968108013272
89.184858127,0.201411664485931,0.00489968108013272
89.194853671,0.203405827283859,0.00489969924092293
89.204785691,0.202408730983734,0.00244984962046146
89.21485437,0.203405827283859,0
89.224851848,0.202408730983734,0.00244984962046146
89.234874872,0.202408730983734,0.00244984962046146
89.244856887,0.203405827283859,0
89.254854565,0.203405827283859,-0.00489969924092293
89.264854108,0.203405827283859,0
89.274852771,0.203405827283859,0
89.284755616,0.203405827283859,0
89.294511264,0.20141164958477,0
89.304852541,0.20141164958477,0
89.314854495,0.202408730983734,0.00244984962046146
89.324853857,0.203405827283859,0
89.334874036,0.203405827283859,0
89.344854996,0.203405827283859,0.00489969924092293
89.354852994,0.203405827283859,0.00489969924092293
89.364756547,0.203405827283859,0.00489969924092293
89.374855101,0.203405827283859,0.00489969924092293
89.384851722,0.205400004982948,0.00489969924092293
89.394856213,0.206397086381912,0.00734954932704568
89.40487032,0.206397086381912,0.00734954932704568
89.414852276,0.205400004982948,0.00489969924092293
89.424853946,0.205400004982948,0.00979939848184586
89.434870342,0.205400004982948,0.00979939848184586
89.444784311,0.204402923583984,0.00734954932704568
89.454852156,0.206397086381912,0.00734954932704568
89.464852422,0.205400004982948,0.00489969924092293
89.474851712,0.205400004982948,0.00489969924092293
89.484856062,0.204402923583984,0.00734954932704568
89.494854257,0.205400004982948,0.00489969924092293
89.504875544,0.205400004982948,0.00489969924092293
89.514851543,0.205400004982948,0.00489969924092293
89.524758763,0.205400004982948,0.00489969924092293
89.534879887,0.207394182682037,0.00489969924092293
89.544851923,0.207394182682037,0.00489969924092293
89.554879911,0.207394182682037,0.00489969924092293
89.564850928,0.208391278982162,0.00734954932704568
89.574847314,0.209388345479965,0.00979938078671694
89.584854662,0.21038544178009,0.00734953070059419
89.594854864,0.211382538080215,0.00979938078671694
89.604795279,0.212379619479179,0.0122492304071784
89.614857025,0.214373797178268,0.0122492304071784
89.624854711,0.215370893478394,0.00979938078671694
89.634871793,0.214373797178268,0.00734953070059419
89.644859922,0.216367959976196,0.00734954932704568
89.65487323,0.215370893478394,0.00979938078671694
89.664850131,0.215370878577232,0.00489969924092293
89.674857216,0.216367959976196,0.00244984962046146
89.684766275,0.215370878577232,0
89.694856552,0.214373797178268,-0.00244984962046146
89.704869322,0.213376700878143,-0.00489968108013272
89.714855428,0.214373797178268,-0.00734953070059419
89.724854232,0.212379619479179,-0.00734953070059419
89.734870402,0.212379619479179,-0.00734953070059419
89.744849643,0.212379619479179,-0.00734953070059419
89.754872251,0.211382538080215,-0.00979938078671694
89.764767057,0.212379619479179,-0.0122492304071784
89.774853927,0.21038544178009,-0.0122492304071784
89.784855043,0.211382538080215,-0.00979938078671694
89.794857371,0.21038544178009,-0.0122492304071784
89.804871044,0.211382538080215,-0.0146990800276399
89.814853137,0.208391264081001,-0.0122492304071784
89.824857281,0.21038544178009,-0.0122492304071784
89.834876431,0.209388345479965,-0.00979938078671694
89.844767529,0.209388345479965,-0.00979938078671694
89.854867485,0.21038544178009,-0.0122492304071784
89.864852965,0.209388360381126,-0.00489969924092293
89.874851901,0.209388360381126,-0.00489969924092293
89.884854791,0.207394182682037,-0.00489969924092293
89.894852025,0.208391278982162,-0.00244984962046146
89.904866843,0.207394182682037,0
89.914853807,0.208391278982162,0.00244984962046146
89.924770518,0.206397086381912,0.00244984962046146
89.934867959,0.208391278982162,0.00244984962046146
89.944856631,0.207394182682037,0.00489969924092293
89.954868195,0.207394182682037,0.00489969924092293
89.964879963,0.207394182682037,0.00489969924092293
89.974863695,0.208391278982162,0.00244984962046146
89.984471153,0.209388360381126,0.00489969924092293
89.994854607,0.207394182682037,0.00489969924092293
90.004771609,0.208391278982162,0.00734954932704568
90.014849738,0.208391278982162,0.00244984962046146
90.024868203,0.21038544178009,0.00244984962046146
90.034850653,0.208391278982162,0.00244984962046146
90.044856881,0.207394182682037,0
90.054852493,0.207394182682037,0.00489969924092293
90.064853941,0.207394182682037,0
90.07486945,0.207394182682037,0.00489969924092293
90.084774276,0.206397086381912,0.00244984962046146
90.094854429,0.207394182682037,0
90.104848803,0.206397086381912,-0.00244984962046146
90.114868146,0.205400004982948,0
90.124853525,0.204402923583984,-0.00244984962046146
90.134855913,0.204402923583984,-0.00244984962046146
90.144851052,0.204402923583984,-0.00244984962046146
90.154873841,0.203405827283859,-0.00489969924092293
90.164775832,0.202408730983734,-0.00244984962046146
90.174866264,0.201411664485931,-0.00489968108013272
90.184852087,0.202408745884895,-0.00734953070059419
90.194857814,0.200414568185806,-0.00734953070059419
90.204840847,0.200414568185806,-0.00734953070059419
90.214852068,0.200414568185806,-0.00734953070059419
90.224854017,0.199417471885681,-0.00489968108013272
90.234870901,0.200414568185806,-0.00734953070059419
90.24477604,0.200414568185806,-0.00734953070059419
90.25486597,0.201411664485931,-0.00979938078671694
90.264855051,0.201411664485931,-0.00979938078671694
90.274854191,0.201411664485931,-0.00979938078671694
90.284877266,0.200414568185806,-0.00734953070059419
90.294851801,0.201411664485931,-0.00489968108013272
90.30484391,0.201411664485931,-0.00489968108013272
90.314856725,0.201411664485931,-0.00489968108013272
90.324806405,0.201411664485931,-0.00489968108013272
90.3348503,0.200414568185806,-0.00244983145967126
90.344847863,0.200414568185806,-0.00244983145967126
90.354852918,0.199417486786842,0
90.364880321,0.199417486786842,0
90.374851485,0.198420405387878,0.00244984962046146
90.384878565,0.199417486786842,0
90.394410885,0.197423309087753,0
90.404809742,0.197423309087753,0
90.414852346,0.197423309087753,0
90.424857563,0.196426212787628,0.00244984962046146
90.434854999,0.196426212787628,0.00244984962046146
90.444842867,0.196426212787628,0.00244984962046146
90.454852144,0.195429131388664,0.00489969924092293
90.464870992,0.195429131388664,0.00489969924092293
90.47485422,0.196426212787628,0.00244984962046146
90.484809009,0.195429131388664,0.00489969924092293
90.494321581,0.196426212787628,0.00734954932704568
90.504853255,0.196426212787628,0.00734954932704568
90.51485253,0.196426212787628,0.00734954932704568
90.524852386,0.197423309087753,0.00489969924092293
90.534856323,0.198420390486717,0.00734953070059419
90.544851014,0.198420390486717,0.00734953070059419
90.554861077,0.198420390486717,0.00734953070059419
90.56481725,0.198420390486717,0.00734953070059419
90.574345098,0.199417471885681,0.00979938078671694
90.584862708,0.198420390486717,0.0122492304071784
90.594500097,0.199417471885681,0.00979938078671694
90.604855141,0.199417471885681,0.00979938078671694
90.614848781,0.198420390486717,0.0122492304071784
90.6248495,0.198420390486717,0.0122492304071784
90.634855023,0.197423309087753,0.00979938078671694
90.644787442,0.197423309087753,0.00979938078671694
90.654867501,0.199417471885681,0.00979938078671694
90.664868028,0.198420390486717,0.0122492304071784
90.674355108,0.197423309087753,0.00979938078671694
90.684852934,0.198420390486717,0.0122492304071784
90.694695174,0.198420390486717,0.0122492304071784
90.704905679,0.198420390486717,0.0122492304071784
90.714906676,0.200414568185806,0.0122492304071784
90.724849522,0.199417471885681,0.0146990800276399
90.734898426,0.200414568185806,0.0171489305794239
90.74491174,0.200414568185806,0.0171489305794239
90.754896997,0.198420390486717,0.0171489305794239
90.764939707,0.200414568185806,0.0122492304071784
90.774402355,0.200414568185806,0.0171489305794239
90.784913101,0.200414568185806,0.0122492304071784
90.794926346,0.200414568185806,0.0122492304071784
90.804853307,0.201411664485931,0.00979938078671694
90.814913406,0.200414568185806,0.00734953070059419
90.82490135,0.201411664485931,0.00489968108013272
90.834901472,0.200414568185806,0.00244983145967126
90.844912922,0.201411664485931,0.00489968108013272
90.854898099,0.203405827283859,0
90.864924154,0.202408730983734,0.00244984962046146
90.874451939,0.20141164958477,0
90.884331288,0.202408730983734,-0.00244984962046146
90.894897857,0.202408730983734,-0.00244984962046146
90.904905466,0.20141164958477,0
90.91490978,0.202408730983734,0.00244984962046146
90.924901271,0.202408730983734,0.00244984962046146
90.934912692,0.203405827283859,0
90.944905173,0.203405827283859,0
90.954903245,0.202408730983734,0.00244984962046146
90.96485214,0.202408730983734,0.00244984962046146
90.974666418,0.204402923583984,0.00244984962046146
90.984904705,0.204402923583984,0.00734954932704568
90.99491034,0.205400004982948,0.00979939848184586
91.004932616,0.206397086381912,0.00734954932704568
91.014905458,0.206397086381912,0.00734954932704568
91.024895727,0.207394182682037,0.00979939848184586
91.03489692,0.208391264081001,0.0122492304071784
91.044857003,0.207394182682037,0.00979939848184586
91.054916254,0.209388345479965,0.00979938078671694
91.064899701,0.209388345479965,0.00979938078671694
91.074860164,0.21038544178009,0.00734953070059419
91.084892928,0.209388360381126,0.00489969924092293
91.094905413,0.209388360381126,0
91.10489965,0.208391278982162,0.00244984962046146
91.114912364,0.207394182682037,0
91.12485954,0.206397086381912,-0.00244984962046146
91.134920184,0.205400004982948,-0.00489969924092293
91.144910602,0.205400004982948,-0.00489969924092293
91.154900482,0.204402923583984,-0.00244984962046146
91.16492078,0.204402923583984,-0.00244984962046146
91.174921299,0.203405827283859,-0.00489969924092293
91.184909017,0.203405827283859,-0.00489969924092293
91.194907341,0.203405827283859,0
91.204852364,0.204402923583984,-0.00244984962046146
91.214905647,0.206397086381912,-0.00244984962046146
91.224909093,0.206397086381912,-0.00244984962046146
91.234867294,0.206397086381912,-0.00244984962046146
91.244855312,0.207394182682037,0
91.254867453,0.206397086381912,-0.00244984962046146
91.264870414,0.208391278982162,-0.00244984962046146
91.27463578,0.207394182682037,0
91.284804899,0.208391278982162,-0.00244984962046146
91.294868937,0.208391278982162,-0.00244984962046146
91.304854762,0.208391278982162,-0.00244984962046146
91.314856723,0.207394182682037,0
91.324854902,0.208391278982162,-0.00244984962046146
91.334868735,0.207394182682037,0
91.344855696,0.207394182682037,-0.00489969924092293
91.354870843,0.208391278982162,-0.00244984962046146
91.364837526,0.207394182682037,-0.00489969924092293
91.374878143,0.208391278982162,-0.00244984962046146
91.384854373,0.208391278982162,-0.00244984962046146
91.394856017,0.207394182682037,-0.00489969924092293
91.404871715,0.206397086381912,-0.00244984962046146
91.414853563,0.207394182682037,-0.00489969924092293
91.424855208,0.206397086381912,-0.00244984962046146
91.434868419,0.207394182682037,-0.00489969924092293
91.444806231,0.207394182682037,0
91.454873577,0.207394182682037,-0.00489969924092293
91.464869213,0.207394182682037,0
91.474868653,0.207394182682037,-0.00489969924092293
91.484853861,0.208391278982162,-0.00244984962046146
91.494854964,0.208391278982162,-0.00244984962046146
91.504849611,0.21038544178009,-0.00244984962046146
91.514853303,0.21038544178009,-0.00244984962046146
91.524831808,0.211382538080215,-0.00489968108013272
91.534875541,0.211382538080215,0
91.544854012,0.212379619479179,-0.00244983145967126
91.554870047,0.212379619479179,-0.00244983145967126
91.564871367,0.213376700878143,-0.00489968108013272
91.574868844,0.214373797178268,-0.00244984962046146
91.584850601,0.214373797178268,-0.00244984962046146
91.594853256,0.216367959976196,-0.00244984962046146
91.604839569,0.215370878577232,0
91.614859799,0.215370878577232,0
91.624854715,0.216367959976196,0.00244984962046146
91.634867393,0.216367959976196,0.00244984962046146
91.644857211,0.216367959976196,0.00244984962046146
91.654866189,0.217365056276321,0.00489969924092293
91.664869081,0.216367959976196,0.00734954932704568
91.674867778,0.216367959976196,0.00734954932704568
91.684811092,0.216367959976196,0.00734954932704568
91.694852841,0.215370893478394,0.00979938078671694
91.704870557,0.216367959976196,0.00734954932704568
91.714850583,0.214373797178268,0.00734953070059419
91.724860299,0.214373797178268,0.00734953070059419
91.734871788,0.214373797178268,0.00734953070059419
91.744852913,0.212379619479179,0.00734953070059419
91.754869856,0.212379619479179,0.00734953070059419
91.764845182,0.211382538080215,0.00489968108013272
91.774870448,0.209388360381126,0.00489969924092293
91.784856419,0.207394182682037,0.00489969924092293
91.794852564,0.206397086381912,0.00244984962046146
91.804874015,0.204402923583984,0.00244984962046146
91.814856393,0.204402923583984,0.00244984962046146
91.824855166,0.203405827283859,0
91.834870642,0.202408730983734,-0.00244984962046146
91.844821578,0.203405827283859,-0.00489969924092293
91.854870607,0.201411664485931,-0.00489968108013272
91.864873803,0.202408745884895,-0.00734953070059419
91.874872188,0.201411664485931,-0.00979938078671694
91.884858876,0.202408745884895,-0.0122492304071784
91.894846061,0.202408745884895,-0.0122492304071784
91.904854224,0.202408745884895,-0.0122492304071784
91.914852509,0.203405827283859,-0.0146990800276399
91.924815897,0.201411664485931,-0.0146990800276399
91.934855331,0.202408745884895,-0.0171489305794239
91.944871992,0.202408745884895,-0.0171489305794239
91.954850719,0.202408745884895,-0.0171489305794239
91.964854598,0.201411664485931,-0.0146990800276399
91.974874424,0.202408745884895,-0.0122492304071784
91.984852733,0.201411664485931,-0.00979938078671694
91.99485852,0.201411664485931,-0.00979938078671694
92.004850577,0.201411664485931,-0.00979938078671694
92.014852646,0.198420390486717,-0.00734953070059419
92.024851259,0.198420405387878,-0.00244984962046146
92.034858792,0.197423309087753,0
92.044879171,0.195429131388664,0.00489969924092293
92.054853683,0.195429131388664,0.00489969924092293
92.064852181,0.195429131388664,0.00489969924092293
92.074852789,0.1944320499897,0.00734954932704568
92.084268321,0.193434953689575,0.00979938078671694
92.09490554,0.192437872290611,0.0122492304071784
92.104906734,0.193434953689575,0.00979938078671694
92.114910256,0.193434953689575,0.00979938078671694
92.12490762,0.1944320499897,0.0122492304071784
92.134907005,0.1944320499897,0.0122492304071784
92.14491185,0.195429131388664,0.00979939848184586
92.154900906,0.195429131388664,0.00979939848184586
92.164877636,0.1944320499897,0.0122492304071784
92.174905178,0.196426212787628,0.00734954932704568
92.184902239,0.197423309087753,0.00979938078671694
92.19490231,0.198420390486717,0.00734953070059419
92.204913317,0.197423309087753,0.00979938078671694
92.214907701,0.199417471885681,0.00979938078671694
92.224897628,0.199417471885681,0.00489968108013272
92.234918736,0.198420405387878,0.00244984962046146
92.244881013,0.198420405387878,0.00244984962046146
92.254908538,0.198420405387878,0.00244984962046146
92.264909074,0.199417486786842,0
92.274903502,0.197423309087753,0
92.284907598,0.196426212787628,-0.00734954932704568
92.294909277,0.196426212787628,-0.00734954932704568
92.304419054,0.195429131388664,-0.00979939848184586
92.314914513,0.1944320499897,-0.0122492304071784
92.324867098,0.1944320499897,-0.0122492304071784
92.334909174,0.1944320499897,-0.0122492304071784
92.344895837,0.193434953689575,-0.0146990800276399
92.354907586,0.192437872290611,-0.0171489305794239
92.364915521,0.192437872290611,-0.0171489305794239
92.374904858,0.192437872290611,-0.0171489305794239
92.384906881,0.193434953689575,-0.0146990800276399
92.394899939,0.193434953689575,-0.0146990800276399
92.404788874,0.195429131388664,-0.0146990614011884
92.414910578,0.1944320499897,-0.0122492304071784
92.424913691,0.1944320499897,-0.0122492304071784
92.43492235,0.196426212787628,-0.0122492304071784
92.44490813,0.197423309087753,-0.00979938078671694
92.454908353,0.198420390486717,-0.00734953070059419
92.464903841,0.198420390486717,-0.00734953070059419
92.474902173,0.200414568185806,-0.00734953070059419
92.484822941,0.200414568185806,-0.00734953070059419
92.494850726,0.200414568185806,-0.00734953070059419
92.504854541,0.200414568185806,-0.00244983145967126
92.514878274,0.202408730983734,-0.00244984962046146
92.524861978,0.203405827283859,-0.00489969924092293
92.534855951,0.20141164958477,0
92.544853574,0.202408730983734,0.00244984962046146
92.554872907,0.203405827283859,0
92.564854072,0.204402923583984,0.00244984962046146
92.574867418,0.204402923583984,0.00244984962046146
92.584854105,0.205400004982948,0.00489969924092293
92.594852837,0.205400004982948,0.00489969924092293
92.604866706,0.204402923583984,0.00244984962046146
92.614848453,0.205400004982948,0.00489969924092293
92.624857101,0.205400004982948,0.00489969924092293
92.634866844,0.206397086381912,0.00734954932704568
92.644830343,0.206397086381912,0.00244984962046146
92.654869973,0.205400004982948,0.00489969924092293
92.664869931,0.206397086381912,0.00244984962046146
92.674867971,0.205400004982948,0.00489969924092293
92.684856621,0.206397086381912,0.00244984962046146
92.694849755,0.206397086381912,0.00244984962046146
92.704868345,0.207394182682037,0
92.714852015,0.207394182682037,0
92.724831108,0.206397086381912,0.00244984962046146
92.734868785,0.208391278982162,-0.00244984962046146
92.744852573,0.207394182682037,0
92.754870155,0.208391278982162,-0.00244984962046146
92.764868387,0.207394182682037,0
92.774866759,0.207394182682037,0
92.78485263,0.206397086381912,0.00244984962046146
92.794852146,0.207394182682037,0
92.804861957,0.207394182682037,0.00489969924092293
92.814869874,0.205400004982948,0
92.824853288,0.206397086381912,0.00244984962046146
92.83485567,0.204402923583984,0.00244984962046146
92.844869421,0.206397086381912,0.00244984962046146
92.854856614,0.206397086381912,0.00734954932704568
92.864852924,0.205400004982948,0.00489969924092293
92.874866186,0.206397086381912,0.00734954932704568
92.884839259,0.206397086381912,0.00244984962046146
92.89485762,0.206397086381912,0.00734954932704568
92.904870279,0.206397086381912,0.00244984962046146
92.914859525,0.208391278982162,0.00734954932704568
92.924851919,0.207394182682037,0.00489969924092293
92.934874082,0.208391278982162,0.00734954932704568
92.944856161,0.206397086381912,0.00734954932704568
92.954869949,0.207394182682037,0.00489969924092293
92.964853953,0.208391278982162,0.00244984962046146
92.974867508,0.207394182682037,0
92.984859304,0.207394182682037,0.00489969924092293
92.994854988,0.206397086381912,0.00244984962046146
93.004868363,0.206397086381912,0.00734954932704568
93.014853757,0.206397086381912,0.00244984962046146
93.024857136,0.206397086381912,0.00244984962046146
93.034885981,0.206397086381912,0.00244984962046146
93.044854124,0.206397086381912,0.00244984962046146
93.054871187,0.205400004982948,0.00489969924092293
93.064868536,0.206397086381912,0.00734954932704568
93.074866295,0.206397086381912,0.00734954932704568
93.084883189,0.206397086381912,0.00734954932704568
93.094852109,0.207394182682037,0.00979939848184586
93.104853899,0.208391278982162,0.00734954932704568
93.114869028,0.208391264081001,0.0122492304071784
93.12484066,0.208391264081001,0.0122492304071784
93.134850294,0.209388345479965,0.00979938078671694
93.144868646,0.21038544178009,0.0122492304071784
93.154850592,0.21038544178009,0.00734953070059419
93.164852613,0.209388345479965,0.00979938078671694
93.174869348,0.21038544178009,0.00734953070059419
93.184853453,0.21038544178009,0.00734953070059419
93.194855514,0.21038544178009,0.00244984962046146
93.204844425,0.209388360381126,0.00489969924092293
93.214870975,0.209388360381126,0
93.22485263,0.21038544178009,-0.00244984962046146
93.234853407,0.209388360381126,0
93.244872215,0.21038544178009,-0.00734953070059419
93.254854395,0.21038544178009,-0.00244984962046146
93.264851791,0.21038544178009,-0.00734953070059419
93.274870568,0.21038544178009,-0.00244984962046146
93.28484645,0.21038544178009,-0.00734953070059419
93.294858552,0.209388360381126,-0.00489969924092293
93.304852426,0.21038544178009,-0.00734953070059419
93.314871445,0.209388360381126,-0.00489969924092293
93.324855576,0.21038544178009,-0.00244984962046146
93.334770318,0.21038544178009,-0.00244984962046146
93.344867287,0.209388360381126,0
93.354852538,0.209388360381126,0
93.364849446,0.209388360381126,0
93.37486829,0.209388360381126,0
93.384853551,0.208391278982162,0.00244984962046146
93.39485505,0.21038544178009,0.00244984962046146
93.404858802,0.209388360381126,0
93.414868089,0.21038544178009,0.00244984962046146
93.424855248,0.209388360381126,0
93.434851815,0.208391278982162,-0.00244984962046146
93.444863957,0.208391278982162,0.00244984962046146
93.45484553,0.207394182682037,0
93.464851045,0.206397086381912,0.00244984962046146
93.47486836,0.206397086381912,0.00244984962046146
93.484852026,0.206397086381912,0.00244984962046146
93.494851704,0.204402923583984,0.00244984962046146
93.50485322,0.203405827283859,0.00489969924092293
93.514866526,0.202408730983734,0.00244984962046146
93.524851962,0.202408745884895,0.00734953070059419
93.534848287,0.202408745884895,0.00734953070059419
93.544873595,0.202408730983734,0.00244984962046146
93.554853426,0.202408730983734,0.00244984962046146
93.564859354,0.202408730983734,0.00244984962046146
93.574875651,0.202408730983734,0.00244984962046146
93.584851019,0.203405827283859,0
93.594852487,0.203405827283859,0
93.604876067,0.203405827283859,0
93.614868678,0.205400004982948,0
93.624853202,0.204402923583984,-0.00244984962046146
93.634853075,0.205400004982948,-0.00489969924092293
93.64486632,0.204402923583984,-0.00244984962046146
93.65485513,0.204402923583984,-0.00244984962046146
93.664851524,0.204402923583984,-0.00244984962046146
93.674874906,0.204402923583984,-0.00734954932704568
93.684858799,0.203405827283859,-0.00489969924092293
93.694853847,0.203405827283859,-0.00489969924092293
93.70485467,0.203405827283859,-0.00489969924092293
93.714870032,0.202408745884895,-0.00734953070059419
93.72488893,0.202408745884895,-0.00734953070059419
93.734851784,0.201411664485931,-0.00489968108013272
93.744867483,0.201411664485931,-0.00489968108013272
93.754860131,0.202408745884895,-0.00734953070059419
93.764855159,0.202408745884895,-0.00734953070059419
93.774870603,0.201411664485931,-0.00489968108013272
93.784854307,0.201411664485931,-0.00489968108013272
93.794851748,0.201411664485931,-0.00489968108013272
93.804852302,0.201411664485931,-0.00489968108013272
93.814867673,0.201411664485931,-0.00489968108013272
93.824965778,0.202408730983734,-0.00244984962046146
93.834924673,0.202408730983734,-0.00244984962046146
93.844900758,0.202408730983734,-0.00244984962046146
93.854900631,0.202408730983734,0.00244984962046146
93.864914334,0.203405827283859,0
93.874906866,0.202408730983734,0.00244984962046146
93.884901135,0.202408730983734,0.00244984962046146
93.894905237,0.203405827283859,0.00489969924092293
93.90491322,0.203405827283859,0.00489969924092293
93.914881017,0.203405827283859,0.00489969924092293
93.924909177,0.201411664485931,0.00489968108013272
93.934906229,0.202408745884895,0.00734953070059419
93.944896683,0.202408745884895,0.00734953070059419
93.954903232,0.201411664485931,0.00489968108013272
93.964868197,0.201411664485931,0.00979938078671694
93.974927236,0.202408745884895,0.00734953070059419
93.984911424,0.202408745884895,0.00734953070059419
93.994897232,0.201411664485931,0.00489968108013272
94.004908039,0.201411664485931,0.00489968108013272
94.014898635,0.200414568185806,0.00734953070059419
94.024913536,0.202408745884895,0.00734953070059419
94.034910086,0.202408730983734,0.00244984962046146
94.044897643,0.202408730983734,0.00244984962046146
94.054913612,0.202408730983734,0.00244984962046146
94.064895588,0.20141164958477,0
94.074907329,0.20141164958477,0
94.084905317,0.20141164958477,0
94.09491156,0.202408730983734,-0.00244984962046146
94.104910536,0.202408730983734,-0.00244984962046146
94.114922065,0.201411664485931,-0.00489968108013272
94.124911687,0.200414568185806,-0.00734953070059419
94.134906957,0.200414568185806,-0.00734953070059419
94.144900544,0.200414568185806,-0.00734953070059419
94.154914685,0.199417471885681,-0.00979938078671694
94.164918166,0.199417471885681,-0.00979938078671694
94.174908278,0.199417471885681,-0.00979938078671694
94.184905733,0.199417471885681,-0.0146990800276399
94.194914719,0.198420390486717,-0.0122492304071784
94.204906099,0.199417471885681,-0.0146990800276399
94.214904883,0.200414568185806,-0.0122492304071784
94.224905483,0.200414568185806,-0.0122492304071784
94.234904581,0.200414568185806,-0.0122492304071784
94.244928816,0.200414568185806,-0.0122492304071784
94.254901042,0.201411664485931,-0.0146990800276399
94.264908217,0.201411664485931,-0.0146990800276399
94.274927133,0.203405827283859,-0.0146990800276399
94.284911426,0.203405827283859,-0.00979938078671694
94.29489491,0.203405827283859,-0.00979938078671694
94.304911586,0.202408745884895,-0.0122492304071784
94.314898849,0.202408745884895,-0.0122492304071784
94.324910699,0.202408745884895,-0.0122492304071784
94.334912946,0.201411664485931,-0.00979938078671694
94.344898806,0.201411664485931,-0.00979938078671694
94.354905553,0.200414568185806,-0.00734953070059419
94.364911387,0.201411664485931,-0.00979938078671694
94.374897892,0.199417471885681,-0.00979938078671694
94.384908975,0.199417471885681,-0.00979938078671694
94.394893155,0.199417471885681,-0.00979938078671694
94.404911965,0.199417471885681,-0.00489968108013272
94.414934174,0.200414568185806,-0.00734953070059419
94.424924601,0.200414568185806,-0.00734953070059419
94.434908288,0.200414568185806,-0.00734953070059419
94.444897348,0.201411664485931,-0.00489968108013272
94.454897322,0.202408730983734,-0.00244984962046146
94.464898219,0.20141164958477,0
94.474895414,0.20141164958477,0
94.484909185,0.202408730983734,0.00244984962046146
94.494906232,0.202408730983734,0.00244984962046146
94.504903201,0.203405827283859,0
94.51493315,0.203405827283859,0.00489969924092293
94.524914365,0.203405827283859,0.00489969924092293
94.534901367,0.203405827283859,0.00489969924092293
94.544896418,0.204402923583984,0.00244984962046146
94.554895878,0.205400004982948,0
94.564911025,0.206397086381912,0.00244984962046146
94.574895253,0.207394182682037,0
94.584920327,0.207394182682037,0
94.594914267,0.207394182682037,0
94.604903425,0.208391278982162,0.00244984962046146
94.614911405,0.208391278982162,0.00244984962046146
94.62488966,0.208391278982162,0.00244984962046146
94.634895497,0.21038544178009,0.00244984962046146
94.644931988,0.208391278982162,0.00244984962046146
94.654907597,0.208391278982162,0.00734954932704568
94.664897511,0.208391278982162,0.00244984962046146
94.674133288,0.208391278982162,0.00734954932704568
94.684910503,0.207394182682037,0.00489969924092293
94.694179851,0.208391278982162,0.00244984962046146
94.704931657,0.207394182682037,0.00489969924092293
94.714909241,0.207394182682037,0.00489969924092293
94.724897772,0.207394182682037,0.00489969924092293
94.734929037,0.207394182682037,0.00489969924092293
94.744895524,0.207394182682037,0.00489969924092293
94.754909386,0.207394182682037,0.00489969924092293
94.764914351,0.207394182682037,0.00489969924092293
94.774904094,0.206397086381912,0.00244984962046146
94.784911257,0.208391278982162,0.00244984962046146
94.794260147,0.207394182682037,0.00489969924092293
94.804914259,0.207394182682037,0
94.814913002,0.207394182682037,-0.00489969924092293
94.824763366,0.207394182682037,-0.00489969924092293
94.834732528,0.206397086381912,-0.00734954932704568
94.844749277,0.207394182682037,-0.00979939848184586
94.854778339,0.207394182682037,-0.00979939848184586
94.864752852,0.207394182682037,-0.00979939848184586
94.87476381,0.207394182682037,-0.00979939848184586
94.88491971,0.206397086381912,-0.00734954932704568
94.894461393,0.207394182682037,-0.00979939848184586
94.904908105,0.208391278982162,-0.00734954932704568
94.914920156,0.207394182682037,-0.00489969924092293
94.924905332,0.208391278982162,-0.00244984962046146
94.934895525,0.208391278982162,-0.00244984962046146
94.944912252,0.208391278982162,0.00244984962046146
94.954895857,0.207394182682037,0
94.964911279,0.208391278982162,0.00244984962046146
94.974910063,0.209388360381126,0
94.984917261,0.209388360381126,0
94.994617786,0.21038544178009,0.00244984962046146
95.004905404,0.209388360381126,0.00489969924092293
95.014908135,0.211382538080215,0.00489968108013272
95.024910015,0.212379619479179,0.00244983145967126
95.034897548,0.213376700878143,0.00489968108013272
95.044912578,0.213376700878143,0.00489968108013272
95.054899915,0.216367959976196,0.00244984962046146
95.064909228,0.215370878577232,0.00489969924092293
95.074909424,0.215370878577232,0.00489969924092293
95.084911728,0.215370878577232,0.00489969924092293
95.094888967,0.214373797178268,0.00244984962046146
95.104909473,0.215370878577232,0
95.114908262,0.213376700878143,0
95.124910193,0.212379619479179,-0.00244983145967126
95.134897069,0.212379619479179,-0.00244983145967126
95.144918612,0.211382538080215,-0.00489968108013272
95.1548998,0.209388360381126,-0.00489969924092293
95.164911469,0.209388360381126,-0.00489969924092293
95.174929062,0.208391278982162,-0.00244984962046146
95.184896553,0.208391278982162,-0.00734954932704568
95.194905332,0.207394182682037,-0.00489969924092293
95.204915441,0.205400004982948,-0.00489969924092293
95.214909123,0.205400004982948,-0.00489969924092293
95.224909769,0.205400004982948,0
95.234899818,0.204402923583984,-0.00244984962046146
95.244894703,0.203405827283859,0
95.254893646,0.203405827283859,0
95.264127277,0.202408730983734,-0.00244984962046146
95.274939268,0.202408730983734,-0.00244984962046146
95.284909108,0.200414568185806,0.00244983145967126
95.294917549,0.20141164958477,0
95.304907988,0.20141164958477,0
95.314905594,0.202408730983734,0.00244984962046146
95.324945461,0.20141164958477,0
95.334905491,0.200414568185806,0.00244983145967126
95.34490135,0.202408730983734,0.00244984962046146
95.354904781,0.201411664485931,0.00489968108013272
95.364898204,0.200414568185806,0.00734953070059419
95.37490216,0.202408745884895,0.00734953070059419
95.384908954,0.203405827283859,0.00489969924092293
95.394919216,0.202408745884895,0.00734953070059419
95.404906684,0.202408745884895,0.00734953070059419
95.414904936,0.201411664485931,0.00489968108013272
95.424907365,0.201411664485931,0.00489968108013272
95.434894688,0.202408730983734,0.00244984962046146
95.444897514,0.202408730983734,0.00244984962046146
95.4549121,0.202408730983734,0.00244984962046146
95.464906716,0.203405827283859,0
95.474905921,0.20141164958477,0
95.484901514,0.20141164958477,0
95.494908886,0.202408730983734,-0.00244984962046146
95.504918225,0.20141164958477,0
95.514909916,0.202408730983734,0.00244984962046146
95.524907471,0.202408730983734,0.00244984962046146
95.534900196,0.202408745884895,0.00734953070059419
95.544903216,0.202408730983734,0.00244984962046146
95.554911429,0.203405827283859,0.00489969924092293
95.564889284,0.204402923583984,0.00244984962046146
95.574913353,0.204402923583984,0.00734954932704568
95.584909447,0.205400004982948,0.00489969924092293
95.594908796,0.205400004982948,0.00979939848184586
95.604903755,0.206397086381912,0.00734954932704568
95.61489408,0.206397086381912,0.00734954932704568
95.624906804,0.206397086381912,0.00734954932704568
95.634900683,0.207394182682037,0.00489969924092293
95.6449037,0.206397086381912,0.00734954932704568
95.654906319,0.205400004982948,0.00489969924092293
95.664910517,0.204402923583984,0.00734954932704568
95.674947244,0.205400004982948,0.00489969924092293
95.684925179,0.205400004982948,0.00489969924092293
95.694904158,0.204402923583984,0.00244984962046146
95.704911348,0.205400004982948,0
95.714902514,0.205400004982948,0
95.724906124,0.205400004982948,0
95.73490758,0.204402923583984,-0.00244984962046146
95.744903865,0.204402923583984,-0.00244984962046146
95.754898029,0.204402923583984,-0.00244984962046146
95.764906668,0.204402923583984,-0.00244984962046146
95.774913774,0.205400004982948,-0.00489969924092293
95.784913697,0.203405827283859,-0.00489969924092293
95.794903123,0.202408730983734,-0.00244984962046146
95.804905106,0.20141164958477,0
95.814908801,0.201411664485931,-0.00489968108013272
95.824125656,0.200414568185806,-0.00244983145967126
95.834853532,0.200414568185806,-0.00244983145967126
95.844843239,0.200414568185806,-0.00244983145967126
95.854853076,0.201411664485931,-0.00489968108013272
95.864842596,0.201411664485931,-0.00489968108013272
95.874852779,0.200414568185806,-0.00734953070059419
95.884920186,0.201411664485931,-0.00489968108013272
95.894920452,0.204402923583984,-0.00734954932704568
95.904122023,0.204402923583984,-0.00734954932704568
95.914904939,0.204402923583984,-0.00734954932704568
95.924158,0.205400004982948,-0.00979939848184586
95.934913151,0.206397086381912,-0.00734954932704568
95.944129956,0.207394182682037,-0.00979939848184586
95.95490646,0.206397086381912,-0.00734954932704568
95.964156655,0.206397086381912,-0.00734954932704568
95.974911548,0.207394182682037,-0.00489969924092293
95.984154013,0.207394182682037,-0.00489969924092293
95.99490132,0.205400004982948,-0.00489969924092293
96.004101709,0.206397086381912,-0.00244984962046146
96.014906588,0.205400004982948,0
96.024164579,0.205400004982948,0.00489969924092293
96.03491197,0.204402923583984,0.00244984962046146
96.044153719,0.202408745884895,0.00734953070059419
96.054912378,0.202408745884895,0.0122492304071784
96.06415136,0.202408745884895,0.0122492304071784
96.074892104,0.200414568185806,0.0122492304071784
96.084053804,0.200414568185806,0.0171489305794239
96.094032531,0.200414568185806,0.0171489305794239
96.104309426,0.200414568185806,0.0171489305794239
96.114908431,0.199417471885681,0.0195987801998854
96.124160036,0.199417471885681,0.0195987801998854
96.134906565,0.198420405387878,0.0220486111938953
96.144159607,0.199417486786842,0.0244984608143568
96.154908638,0.200414568185806,0.0171489305794239
96.164164556,0.200414568185806,0.0220486298203468
96.174902803,0.200414568185806,0.0220486298203468
96.184161109,0.201411664485931,0.0195987801998854
96.194246022,0.202408745884895,0.0171489305794239
96.204130407,0.201411664485931,0.0146990800276399
96.214896784,0.203405827283859,0.0146990800276399
96.224106792,0.203405827283859,0.00979938078671694
96.234146425,0.203405827283859,0.00979938078671694
96.244142837,0.203405827283859,0.00489969924092293
96.254905761,0.203405827283859,0.00489969924092293
96.264105015,0.202408730983734,0.00244984962046146
96.274108711,0.203405827283859,0
96.284147793,0.202408730983734,-0.00244984962046146
96.294901853,0.202408730983734,-0.00244984962046146
96.304107977,0.202408730983734,-0.00244984962046146
96.314148054,0.200414568185806,-0.00734953070059419
96.324929343,0.200414568185806,-0.00734953070059419
96.334905104,0.200414568185806,-0.00734953070059419
96.344949944,0.200414568185806,-0.0122492304071784
96.354121905,0.199417471885681,-0.00979938078671694
96.364140523,0.201411664485931,-0.0146990800276399
96.374911581,0.200414568185806,-0.0122492304071784
96.384118749,0.201411664485931,-0.0146990800276399
96.394152808,0.201411664485931,-0.0146990800276399
96.404728888,0.200414568185806,-0.0122492304071784
96.414108068,0.202408745884895,-0.0122492304071784
96.424156519,0.204402923583984,-0.0122492304071784
96.434917281,0.204402923583984,-0.0122492304071784
96.444119128,0.205400004982948,-0.00979939848184586
96.454907968,0.207394182682037,-0.00979939848184586
96.464143872,0.206397086381912,-0.00734954932704568
96.474908314,0.207394182682037,-0.00489969924092293
96.484122682,0.207394182682037,0
96.494910178,0.207394182682037,0
96.504119042,0.209388360381126,0
96.514906558,0.21038544178009,0.00244984962046146
96.524095467,0.209388360381126,0.00489969924092293
96.534085206,0.211382538080215,0.00489968108013272
96.54408437,0.211382538080215,0.00979938078671694
96.554062998,0.211382538080215,0.00979938078671694
96.564105882,0.213376700878143,0.00979938078671694
96.574064903,0.212379619479179,0.00734953070059419
96.584069978,0.212379619479179,0.00734953070059419
96.594069172,0.213376700878143,0.00979938078671694
96.604068138,0.213376700878143,0.00979938078671694
96.614075982,0.212379619479179,0.00734953070059419
96.624070776,0.213376700878143,0.00489968108013272
96.634065785,0.212379619479179,0.00734953070059419
96.644070905,0.212379619479179,0.00244983145967126
96.654060929,0.212379619479179,0.00244983145967126
96.664064095,0.211382538080215,0.00489968108013272
96.674064574,0.212379619479179,0.00244983145967126
96.684072292,0.211382538080215,0
96.694079597,0.211382538080215,0
96.704073621,0.209388360381126,0
96.714078078,0.209388360381126,0
96.724070146,0.207394182682037,0
96.734073047,0.207394182682037,0
96.744069819,0.206397086381912,0.00244984962046146
96.75408117,0.205400004982948,0
96.764065345,0.204402923583984,-0.00244984962046146
96.774090123,0.204402923583984,-0.00244984962046146
96.784069591,0.205400004982948,0
96.794088458,0.204402923583984,-0.00244984962046146
96.804074988,0.205400004982948,-0.00489969924092293
96.814080501,0.204402923583984,-0.00244984962046146
96.824067598,0.204402923583984,-0.00244984962046146
96.834086482,0.203405827283859,-0.00489969924092293
96.844072983,0.205400004982948,-0.00489969924092293
96.854026916,0.204402923583984,-0.00244984962046146
96.864018102,0.204402923583984,-0.00734954932704568
96.874019031,0.203405827283859,-0.00489969924092293
96.884052751,0.202408745884895,-0.00734953070059419
96.894055024,0.201411664485931,-0.00489968108013272
96.904054235,0.201411664485931,-0.00489968108013272
96.913967853,0.201411664485931,-0.00489968108013272
96.924028077,0.202408745884895,-0.00734953070059419
96.93405425,0.201411664485931,-0.00979938078671694
96.944023274,0.200414568185806,-0.0122492304071784
96.95405001,0.200414568185806,-0.0122492304071784
96.964024111,0.199417471885681,-0.00979938078671694
96.974052667,0.199417471885681,-0.00979938078671694
96.984018239,0.200414568185806,-0.00734953070059419
96.994044697,0.199417471885681,-0.00979938078671694
97.004015298,0.199417471885681,-0.00979938078671694
97.014056769,0.200414568185806,-0.0122492304071784
97.024028361,0.198420390486717,-0.00734953070059419
97.034042078,0.200414568185806,-0.00734953070059419
97.044059899,0.199417471885681,-0.00489968108013272
97.054031387,0.199417471885681,-0.00489968108013272
97.064060292,0.199417471885681,-0.00489968108013272
97.074049876,0.199417471885681,-0.00489968108013272
97.084055384,0.199417471885681,-0.00979938078671694
97.094063889,0.200414568185806,-0.00734953070059419
97.104029722,0.200414568185806,-0.00734953070059419
97.114030149,0.199417471885681,-0.00489968108013272
97.124057367,0.200414568185806,-0.00734953070059419
97.134062365,0.198420390486717,-0.00734953070059419
97.144058633,0.198420390486717,-0.00734953070059419
97.154059274,0.198420390486717,-0.0122492304071784
97.164065473,0.199417471885681,-0.00979938078671694
97.174008113,0.198420390486717,-0.0122492304071784
97.184034678,0.197423309087753,-0.00979938078671694
97.194062757,0.198420390486717,-0.0122492304071784
97.204024003,0.197423309087753,-0.0146990800276399
97.213997738,0.197423309087753,-0.0146990800276399
97.224032029,0.197423309087753,-0.0146990800276399
97.234014578,0.198420390486717,-0.0171489305794239
97.24398802,0.198420390486717,-0.0171489305794239
97.254015197,0.198420390486717,-0.0122492304071784
97.263930479,0.198420390486717,-0.0122492304071784
97.274002121,0.199417471885681,-0.00979938078671694
97.284002728,0.200414568185806,-0.0122492304071784
97.294007216,0.199417471885681,-0.00979938078671694
97.304005943,0.200414568185806,-0.00734953070059419
97.314001998,0.200414568185806,-0.00734953070059419
97.324007806,0.200414568185806,-0.00734953070059419
97.334001129,0.200414568185806,-0.00244983145967126
97.343987761,0.201411664485931,-0.00489968108013272
97.354007372,0.201411664485931,-0.00489968108013272
97.364001802,0.200414568185806,-0.00244983145967126
97.37400598,0.201411664485931,-0.00489968108013272
97.384013236,0.200414568185806,-0.00244983145967126
97.394008547,0.201411664485931,-0.00489968108013272
97.404006223,0.200414568185806,-0.00244983145967126
97.414019402,0.200414568185806,-0.00244983145967126
97.423998438,0.200414568185806,-0.00244983145967126
97.434011172,0.202408730983734,-0.00244984962046146
97.443994231,0.20141164958477,0
97.454005407,0.20141164958477,0
97.463994696,0.203405827283859,-0.00489969924092293
97.474010404,0.203405827283859,0
97.484009158,0.203405827283859,0
97.49396929,0.203405827283859,0
97.503999873,0.205400004982948,0
97.513980858,0.205400004982948,0
97.524018234,0.207394182682037,0
97.534005974,0.205400004982948,0
97.54395245,0.207394182682037,0
97.553913636,0.207394182682037,0
97.56395271,0.206397086381912,0.00244984962046146
97.574003115,0.206397086381912,0.00244984962046146
97.583936212,0.206397086381912,0.00244984962046146
97.593958236,0.207394182682037,0.00489969924092293
97.603942307,0.206397086381912,0.00244984962046146
97.613968315,0.207394182682037,0.00489969924092293
97.623936104,0.206397086381912,0.00244984962046146
97.633964276,0.206397086381912,0.00244984962046146
97.643930862,0.204402923583984,0.00244984962046146
97.653985798,0.206397086381912,0.00244984962046146
97.663959735,0.206397086381912,0.00244984962046146
97.673960404,0.207394182682037,-0.00489969924092293
97.683950544,0.206397086381912,-0.00244984962046146
97.693966553,0.206397086381912,-0.00244984962046146
97.703967413,0.206397086381912,-0.00244984962046146
97.713975659,0.205400004982948,-0.00489969924092293
97.723958578,0.205400004982948,-0.00489969924092293
97.733989925,0.207394182682037,-0.00489969924092293
97.74395947,0.207394182682037,-0.00489969924092293
97.753962124,0.206397086381912,-0.00244984962046146
97.763938215,0.207394182682037,-0.00489969924092293
97.773958114,0.205400004982948,0
97.783952247,0.206397086381912,-0.00244984962046146
97.793960878,0.206397086381912,-0.00244984962046146
97.803946617,0.206397086381912,-0.00244984962046146
97.813891203,0.207394182682037,0
97.823966191,0.206397086381912,0.00244984962046146
97.833981423,0.204402923583984,0.00244984962046146
97.843964028,0.206397086381912,0.00244984962046146
97.853968008,0.204402923583984,0.00244984962046146
97.863953436,0.204402923583984,0.00734954932704568
97.87392059,0.205400004982948,0.00489969924092293
97.883955313,0.205400004982948,0.00489969924092293
97.893930215,0.204402923583984,0.00734954932704568
97.903902195,0.205400004982948,0.00979939848184586
97.913885043,0.205400004982948,0.00489969924092293
97.923906397,0.206397086381912,0.00734954932704568
97.933926708,0.207394182682037,0.00979939848184586
97.943921495,0.206397086381912,0.00734954932704568
97.953930177,0.208391278982162,0.00734954932704568
97.963886461,0.209388360381126,0.00489969924092293
97.973927458,0.208391278982162,0.00734954932704568
97.98390145,0.209388345479965,0.00979938078671694
97.993924365,0.21038544178009,0.00734953070059419
98.003913189,0.209388360381126,0.00489969924092293
98.013924062,0.209388345479965,0.00979938078671694
98.023926575,0.209388360381126,0.00489969924092293
98.033934695,0.209388360381126,0.00489969924092293
98.043919829,0.209388360381126,0.00489969924092293
98.05394351,0.208391278982162,0.00244984962046146
98.06392327,0.208391278982162,0.00244984962046146
98.073924601,0.208391278982162,0.00244984962046146
98.083917641,0.207394182682037,0
98.093931964,0.207394182682037,0
98.103921221,0.207394182682037,0
98.113932892,0.207394182682037,0
98.123917287,0.207394182682037,0
98.133911088,0.207394182682037,0
98.143917656,0.207394182682037,0
98.153927005,0.208391278982162,0.00244984962046146
98.163926768,0.206397086381912,0.00244984962046146
98.173926561,0.208391278982162,0.00244984962046146
98.183926255,0.209388360381126,0.00489969924092293
98.193926183,0.208391278982162,0.00244984962046146
98.203852362,0.209388360381126,0.00489969924092293
98.213891824,0.21038544178009,0.00244984962046146
98.223857458,0.21038544178009,0.00734953070059419
98.233883954,0.211382538080215,0.00489968108013272
98.243891942,0.212379619479179,0.00734953070059419
98.253889418,0.213376700878143,0.00489968108013272
98.263891643,0.215370878577232,0.00489969924092293
98.273892368,0.213376700878143,0.00979938078671694
98.28385797,0.214373797178268,0.00734953070059419
98.293868039,0.214373797178268,0.0122492304071784
98.303889866,0.214373797178268,0.00734953070059419
98.313906982,0.214373797178268,0.00734953070059419
98.323885335,0.213376700878143,0.00489968108013272
98.333899637,0.213376700878143,0.00489968108013272
98.343892453,0.211382538080215,0.00489968108013272
98.353861811,0.21038544178009,0.00734953070059419
98.363860478,0.209388360381126,0.00489969924092293
98.373916446,0.21038544178009,0.00244984962046146
98.383862948,0.209388360381126,0
98.393890587,0.209388360381126,0
98.403862189,0.208391278982162,0.00244984962046146
98.413872462,0.207394182682037,0
98.423896423,0.208391278982162,0.00244984962046146
98.433862141,0.206397086381912,0.00244984962046146
98.443897362,0.208391278982162,0.00244984962046146
98.453916464,0.207394182682037,0
98.463899209,0.206397086381912,0.00244984962046146
98.473894407,0.206397086381912,-0.00244984962046146
98.483989277,0.205400004982948,0.00489969924092293
98.493894499,0.205400004982948,0
98.503865348,0.205400004982948,0
98.513874995,0.204402923583984,0.00244984962046146
98.523888081,0.203405827283859,0
98.5338517,0.203405827283859,0
98.543874474,0.202408730983734,0.00244984962046146
98.553848925,0.202408730983734,0.00244984962046146
98.563872251,0.202408730983734,0.00244984962046146
98.573853141,0.201411664485931,0.00489968108013272
98.583884927,0.20141164958477,0
98.593886527,0.201411664485931,0.00489968108013272
98.603855778,0.201411664485931,0.00489968108013272
98.613864253,0.200414568185806,0.00734953070059419
98.623879616,0.201411664485931,0.00489968108013272
98.633856464,0.201411664485931,0.00489968108013272
98.643886706,0.199417471885681,0.00489968108013272
98.653857271,0.199417471885681,0.00489968108013272
98.663868887,0.199417471885681,0.00489968108013272
98.673854562,0.199417471885681,0.00489968108013272
98.683889066,0.200414568185806,0.00734953070059419
98.69385163,0.199417471885681,0.00489968108013272
98.703875186,0.198420390486717,0.00734953070059419
98.713868282,0.200414568185806,0.00244983145967126
98.723854462,0.198420390486717,0.00734953070059419
98.733852817,0.198420390486717,0.00734953070059419
98.743881559,0.199417471885681,0.00489968108013272
98.753879468,0.199417471885681,0.00489968108013272
98.76386828,0.199417471885681,0.00489968108013272
98.773862642,0.199417471885681,0.00489968108013272
98.783890161,0.198420405387878,0.00244984962046146
98.793847289,0.197423309087753,0
98.803856486,0.198420405387878,-0.00244984962046146
98.81387139,0.197423309087753,0
98.823857091,0.198420405387878,-0.00244984962046146
98.833879572,0.197423309087753,-0.00489969924092293
98.843883366,0.197423309087753,-0.00489969924092293
98.853863499,0.196426212787628,-0.00734954932704568
98.863858796,0.195429131388664,-0.00489969924092293
98.873886987,0.196426212787628,-0.00734954932704568
98.883887521,0.195429131388664,-0.00489969924092293
98.893856471,0.198420405387878,-0.00244984962046146
98.903856642,0.197423309087753,-0.00489969924092293
98.913939295,0.198420405387878,-0.00244984962046146
98.923932964,0.197423309087753,0
98.93390094,0.199417486786842,0
98.94391497,0.199417471885681,0.00489968108013272
98.953906448,0.200414568185806,0.00734953070059419
98.963910173,0.200414568185806,0.00734953070059419
98.973947163,0.201411664485931,0.00979938078671694
98.983916053,0.202408745884895,0.00734953070059419
98.993889737,0.200414568185806,0.00734953070059419
99.003912716,0.202408745884895,0.0122492304071784
99.013937184,0.200414568185806,0.0122492304071784
99.023910758,0.202408745884895,0.00734953070059419
99.033909775,0.201411664485931,0.00979938078671694
99.043913251,0.201411664485931,0.00489968108013272
99.053909232,0.201411664485931,0.00489968108013272
99.063943718,0.201411664485931,0.00489968108013272
99.073934438,0.199417486786842,0
99.083910737,0.199417486786842,0
99.093900401,0.198420405387878,0.00244984962046146
99.103904331,0.196426212787628,-0.00244984962046146
99.113945557,0.197423309087753,-0.00489969924092293
99.123864535,0.196426212787628,-0.00244984962046146
99.133852162,0.195429131388664,-0.00489969924092293
99.143885949,0.195429131388664,-0.00489969924092293
99.153853056,0.1944320499897,-0.00734954932704568
99.163867314,0.195429131388664,-0.00979939848184586
99.17389385,0.195429131388664,-0.00489969924092293
99.183884459,0.196426212787628,-0.00734954932704568
99.19385525,0.197423309087753,-0.00489969924092293
99.20386113,0.199417471885681,-0.00489968108013272
99.213865845,0.199417471885681,-0.00489968108013272
99.223864132,0.199417471885681,-0.00489968108013272
99.23386744,0.20141164958477,0
99.243884871,0.20141164958477,0
99.253860238,0.203405827283859,0.00489969924092293
99.26388441,0.204402923583984,0.00244984962046146
99.273884108,0.204402923583984,0.00244984962046146
99.283869578,0.203405827283859,0.00979938078671694
99.293886692,0.204402923583984,0.00244984962046146
99.303854088,0.203405827283859,0.00489969924092293
99.313891661,0.204402923583984,0.00734954932704568
99.323865341,0.204402923583984,0.00734954932704568
99.333863309,0.203405827283859,0.00489969924092293
99.343872102,0.204402923583984,0.00734954932704568
99.353864422,0.203405827283859,0.00489969924092293
99.363886283,0.202408745884895,0.00734953070059419
99.373869442,0.203405827283859,0.00979938078671694
99.383889308,0.203405827283859,0.00489969924092293
99.393851588,0.202408745884895,0.00734953070059419
99.403861141,0.202408745884895,0.00734953070059419
99.413879238,0.201411664485931,0.00489968108013272
99.42385653,0.201411664485931,0.00489968108013272
99.433852886,0.201411664485931,0.00489968108013272
99.443854697,0.200414568185806,0.00244983145967126
99.453868357,0.200414568185806,0.00244983145967126
99.463870939,0.200414568185806,0.00244983145967126
99.473868649,0.199417486786842,0
99.483884071,0.20141164958477,0
99.493853527,0.20141164958477,0
99.50386296,0.20141164958477,0
99.513865944,0.203405827283859,0
99.523867542,0.203405827283859,0
99.533870125,0.203405827283859,0
99.54385657,0.205400004982948,0
99.553866274,0.205400004982948,0
99.563865335,0.207394182682037,0
99.573846476,0.207394182682037,0
99.583881542,0.207394182682037,0
99.593869481,0.207394182682037,0
99.603865738,0.209388360381126,0
99.613888668,0.208391278982162,0.00244984962046146
99.623866608,0.208391278982162,0.00244984962046146
99.63387087,0.21038544178009,0.00244984962046146
99.643888527,0.208391278982162,0.00244984962046146
99.65384918,0.21038544178009,0.00244984962046146
99.663871258,0.208391278982162,0.00244984962046146
99.673884203,0.209388360381126,0.00489969924092293
99.683885683,0.208391278982162,0.00244984962046146
99.693858529,0.208391278982162,0.00244984962046146
99.703864979,0.207394182682037,0
99.713868712,0.208391278982162,-0.00244984962046146
99.723870529,0.208391278982162,-0.00244984962046146
99.73385916,0.207394182682037,-0.00489969924092293
99.743870228,0.207394182682037,-0.00489969924092293
99.753870213,0.206397086381912,-0.00734954932704568
99.763869891,0.208391278982162,-0.00734954932704568
99.773867723,0.207394182682037,-0.00979939848184586
99.783886446,0.207394182682037,-0.00979939848184586
99.793865898,0.206397086381912,-0.0122492490336299
99.803868548,0.205400004982948,-0.00979939848184586
99.813882557,0.205400004982948,-0.00979939848184586
99.823859275,0.205400004982948,-0.00979939848184586
99.83386231,0.205400004982948,-0.00979939848184586
99.843870631,0.206397086381912,-0.0122492490336299
99.85387514,0.206397086381912,-0.0122492490336299
99.863883926,0.205400004982948,-0.00979939848184586
99.873872286,0.206397086381912,-0.0122492490336299
99.883874812,0.207394182682037,-0.00979939848184586
99.893847376,0.209388345479965,-0.00979938078671694
99.903854761,0.211382538080215,-0.00979938078671694
99.913873912,0.21038544178009,-0.0122492304071784
99.923852608,0.212379619479179,-0.0122492304071784
99.933867071,0.214373797178268,-0.0122492304071784
99.943876723,0.214373797178268,-0.00734953070059419
99.953866995,0.214373797178268,-0.00734953070059419
99.963875831,0.215370893478394,-0.00979938078671694
99.973848227,0.215370878577232,-0.00489969924092293
99.983869502,0.215370893478394,-0.00979938078671694
99.993859125,0.214373797178268,-0.00244984962046146
100.003865696,0.214373797178268,-0.00244984962046146
100.013872623,0.214373797178268,0.00244984962046146
100.023865758,0.213376700878143,0.00489968108013272
100.033855329,0.21038544178009,0.0122492304071784
100.043881573,0.209388345479965,0.00979938078671694
100.05386256,0.209388345479965,0.0146990800276399
100.063883526,0.207394182682037,0.0195987615734339
100.073868516,0.207394182682037,0.0195987615734339
100.083877828,0.207394182682037,0.0244984608143568
100.093864368,0.208391278982162,0.0220486111938953
100.103867999,0.207394182682037,0.0244984608143568
100.11386438,0.206397086381912,0.0220486111938953
100.123886641,0.207394182682037,0.0195987615734339
100.133845686,0.208391264081001,0.0171489305794239
100.143868494,0.21038544178009,0.0171489305794239
100.153878034,0.211382538080215,0.0146990800276399
100.163853568,0.212379619479179,0.0122492304071784
100.173870654,0.212379619479179,0.00734953070059419
100.183874509,0.211382538080215,0.00979938078671694
100.193871665,0.212379619479179,0.00734953070059419
100.203854738,0.212379619479179,0.00244983145967126
100.213853236,0.214373797178268,0.00244984962046146
100.223856844,0.212379619479179,0.00244983145967126
100.233857787,0.211382538080215,0
100.243872224,0.209388360381126,0
100.253857339,0.208391278982162,-0.00244984962046146
100.263859258,0.206397086381912,-0.00734954932704568
100.273877797,0.205400004982948,-0.00489969924092293
100.283875628,0.203405827283859,-0.00979938078671694
100.293853236,0.201411664485931,-0.0146990800276399
100.30377985,0.199417471885681,-0.00979938078671694
100.313879397,0.197423309087753,-0.0146990800276399
100.323855202,0.196426212787628,-0.0171489119529724
100.33385374,0.195429131388664,-0.0195987615734339
100.343874933,0.196426212787628,-0.0220486111938953
100.35385342,0.1944320499897,-0.0220486111938953
100.363885292,0.195429131388664,-0.0195987615734339
100.37386301,0.195429131388664,-0.0244984608143568
100.383885836,0.195429131388664,-0.0244984608143568
100.393860891,0.195429131388664,-0.0195987615734339
100.403836537,0.197423309087753,-0.0244984608143568
100.413885662,0.197423309087753,-0.0195987615734339
100.423850451,0.199417486786842,-0.0244984608143568
100.433854954,0.199417471885681,-0.0195987801998854
100.443883528,0.199417471885681,-0.0195987801998854
100.453844644,0.200414568185806,-0.0171489305794239
100.46388835,0.200414568185806,-0.0171489305794239
100.473885342,0.199417471885681,-0.0146990800276399
100.483854545,0.200414568185806,-0.0122492304071784
100.493853634,0.200414568185806,-0.0122492304071784
100.503849035,0.199417471885681,-0.00979938078671694
100.513884084,0.201411664485931,-0.00979938078671694
100.52385351,0.200414568185806,-0.00244983145967126
100.533849783,0.200414568185806,-0.00244983145967126
100.543883832,0.200414568185806,-0.00244983145967126
100.553867958,0.200414568185806,-0.00244983145967126
100.563886346,0.201411664485931,-0.00489968108013272
100.57388625,0.202408730983734,-0.00244984962046146
100.583887262,0.203405827283859,0
100.593853044,0.204402923583984,-0.00244984962046146
100.603852047,0.204402923583984,-0.00244984962046146
100.61386902,0.203405827283859,-0.00489969924092293
100.623855611,0.203405827283859,-0.00489969924092293
100.633853946,0.205400004982948,-0.00979939848184586
100.643891257,0.204402923583984,-0.00734954932704568
100.653854523,0.206397086381912,-0.0122492490336299
100.663886939,0.205400004982948,-0.00979939848184586
100.673870909,0.206397086381912,-0.0122492490336299
100.683869494,0.205400019884109,-0.0146990800276399
100.693863831,0.205400019884109,-0.0146990800276399
100.703852063,0.206397086381912,-0.0171489119529724
100.713869534,0.205400019884109,-0.0146990800276399
100.723870877,0.207394182682037,-0.0146990800276399
100.733851874,0.206397086381912,-0.0122492490336299
100.743900953,0.206397086381912,-0.0122492490336299
100.753880386,0.204402923583984,-0.0122492304071784
100.763849485,0.205400004982948,-0.00979939848184586
100.773882831,0.205400004982948,-0.00979939848184586
100.783881018,0.204402923583984,-0.00734954932704568
100.793865357,0.204402923583984,-0.00734954932704568
100.803852018,0.202408730983734,-0.00244984962046146
100.813860742,0.202408730983734,-0.00244984962046146
100.823882216,0.201411664485931,-0.00489968108013272
100.833855675,0.201411664485931,-0.00489968108013272
100.843852145,0.201411664485931,-0.00489968108013272
100.853872821,0.202408730983734,0.00244984962046146
100.863852397,0.20141164958477,0
100.873865311,0.200414568185806,0.00244983145967126
100.883850868,0.20141164958477,0
100.893857119,0.20141164958477,0
100.90385096,0.20141164958477,0
100.913853789,0.202408730983734,-0.00244984962046146
100.923871853,0.20141164958477,0
100.933855705,0.202408730983734,-0.00244984962046146
100.943906313,0.202408730983734,0.00244984962046146
100.953926664,0.202408730983734,-0.00244984962046146
100.963896337,0.202408730983734,-0.00244984962046146
100.973895451,0.202408730983734,-0.00244984962046146
100.983911473,0.20141164958477,0
100.993908146,0.20141164958477,0
101.003905155,0.203405827283859,0
101.013948248,0.202408730983734,0.00244984962046146
101.023914461,0.202408730983734,0.00244984962046146
101.03390213,0.202408745884895,0.00734953070059419
101.043936993,0.202408730983734,0.00244984962046146
101.05391879,0.201411664485931,0.00489968108013272
101.0638936,0.202408745884895,0.00734953070059419
101.073901357,0.203405827283859,0.00489969924092293
101.0839234,0.204402923583984,0.00734954932704568
101.093918923,0.205400004982948,0.00979939848184586
101.103917544,0.204402923583984,0.00734954932704568
101.113919537,0.204402923583984,0.00734954932704568
101.123919703,0.206397086381912,0.00734954932704568
101.133910406,0.205400004982948,0.00489969924092293
101.143905529,0.207394182682037,0.00489969924092293
101.153852953,0.207394182682037,0.00489969924092293
101.163859209,0.208391278982162,0.00244984962046146
101.173852671,0.206397086381912,0.00734954932704568
101.18388661,0.207394182682037,0
101.193853714,0.206397086381912,0.00244984962046146
101.203858883,0.207394182682037,0
101.21391761,0.208391278982162,0.00244984962046146
101.223873947,0.207394182682037,0
101.233867637,0.208391278982162,0.00244984962046146
101.243860555,0.207394182682037,0.00489969924092293
101.253869179,0.207394182682037,0.00489969924092293
101.263852545,0.207394182682037,0.00489969924092293
101.273854063,0.21038544178009,0.00244984962046146
101.28386606,0.21038544178009,0.00734953070059419
101.293870427,0.209388360381126,0.00489969924092293
101.303855674,0.209388345479965,0.00979938078671694
101.31385263,0.21038544178009,0.00734953070059419
101.323891426,0.21038544178009,0.0122492304071784
101.333867895,0.211382538080215,0.00979938078671694
101.343849197,0.212379619479179,0.00734953070059419
101.353871113,0.213376700878143,0.00979938078671694
101.363850959,0.212379619479179,0.00734953070059419
101.373854102,0.211382538080215,0.00979938078671694
101.383849678,0.211382538080215,0.00979938078671694
101.393852489,0.214373797178268,0.00734953070059419
101.403858202,0.212379619479179,0.00734953070059419
101.413707217,0.212379619479179,0.00734953070059419
101.423873472,0.213376700878143,0.00489968108013272
101.433852946,0.212379619479179,0.00734953070059419
101.443850568,0.211382538080215,0.00979938078671694
101.453862814,0.212379619479179,0.00734953070059419
101.463852197,0.213376700878143,0.00979938078671694
101.473854254,0.213376700878143,0.00979938078671694
101.483871064,0.214373797178268,0.0122492304071784
101.493849798,0.212379619479179,0.0171489305794239
101.503854756,0.217365056276321,0.0146990614011884
101.513860274,0.217365056276321,0.0146990614011884
101.523852217,0.216367959976196,0.0171489119529724
101.533858956,0.216367959976196,0.0171489119529724
101.54385785,0.217365056276321,0.0146990614011884
101.553850393,0.217365056276321,0.0146990614011884
101.563857239,0.217365056276321,0.0146990614011884
101.573848487,0.218362137675285,0.0122492304071784
101.583867466,0.218362152576447,0.00734954932704568
101.593852824,0.21935923397541,0.00489969924092293
101.603850587,0.217365056276321,0.00489969924092293
101.613854547,0.217365056276321,0.00489969924092293
101.623867496,0.217365056276321,0
101.633853118,0.217365056276321,0
101.643854243,0.216367959976196,0.00244984962046146
101.653867219,0.217365056276321,0
101.663851276,0.216367959976196,0.00244984962046146
101.673857681,0.216367959976196,0.00244984962046146
101.683850943,0.214373797178268,0.00244984962046146
101.693855608,0.214373797178268,0.00244984962046146
101.703853363,0.213376700878143,0.00489968108013272
101.713866552,0.212379619479179,0.00244983145967126
101.723923906,0.213376700878143,0.00489968108013272
101.733892911,0.212379619479179,0.00244983145967126
101.743909008,0.212379619479179,0.00244983145967126
101.753910103,0.21038544178009,0.00244984962046146
101.763910865,0.21038544178009,0.00244984962046146
101.77390513,0.208391278982162,0.00244984962046146
101.783911914,0.21038544178009,0.00244984962046146
101.793901717,0.209388360381126,0
101.803914927,0.209388360381126,0
101.813885369,0.209388360381126,0.00489969924092293
101.82391617,0.207394182682037,0.00489969924092293
101.833905253,0.207394182682037,0.00489969924092293
101.843909467,0.206397086381912,0.00244984962046146
101.853910893,0.205400004982948,0.00979939848184586
101.863912097,0.204402923583984,0.00734954932704568
101.873893956,0.205400004982948,0.00979939848184586
101.883934835,0.202408745884895,0.0122492304071784
101.893884514,0.201411664485931,0.0146990800276399
101.903908446,0.200414568185806,0.0122492304071784
101.913931092,0.199417471885681,0.00979938078671694
101.923915201,0.198420390486717,0.0122492304071784
101.933907112,0.198420390486717,0.0122492304071784
101.943917607,0.198420390486717,0.0122492304071784
101.953906398,0.198420390486717,0.00734953070059419
101.96390047,0.197423309087753,0.00979938078671694
101.973879791,0.196426212787628,0.00734954932704568
101.983911835,0.196426212787628,0.00244984962046146
101.993900859,0.196426212787628,0.00244984962046146
102.003909829,0.196426212787628,0.00244984962046146
102.013912174,0.196426212787628,0.00244984962046146
102.023901184,0.196426212787628,-0.00244984962046146
102.033918533,0.196426212787628,-0.00244984962046146
102.043905821,0.195429131388664,0
102.053878626,0.1944320499897,-0.00244984962046146
102.063909769,0.196426212787628,-0.00734954932704568
102.073899859,0.1944320499897,-0.00734954932704568
102.083910364,0.196426212787628,-0.00734954932704568
102.093905211,0.196426212787628,-0.00734954932704568
102.103910849,0.195429131388664,-0.00979939848184586
102.113908303,0.1944320499897,-0.00734954932704568
102.123930836,0.195429131388664,-0.00489969924092293
102.133878506,0.1944320499897,-0.00734954932704568
102.143906009,0.195429131388664,-0.00979939848184586
102.153900195,0.196426212787628,-0.00734954932704568
102.16391448,0.1944320499897,-0.00734954932704568
102.1738996,0.197423309087753,-0.00979938078671694
102.183889968,0.196426212787628,-0.00734954932704568
102.19389482,0.196426212787628,-0.00734954932704568
102.203910723,0.197423309087753,-0.00489969924092293
102.213879671,0.199417471885681,-0.00979938078671694
102.223906955,0.199417471885681,-0.00979938078671694
102.233909747,0.201411664485931,-0.00979938078671694
102.243893817,0.201411664485931,-0.00979938078671694
102.25393126,0.201411664485931,-0.00979938078671694
102.263913509,0.202408745884895,-0.00734953070059419
102.273897497,0.202408745884895,-0.00734953070059419
102.283895505,0.201411664485931,-0.00979938078671694
102.293860652,0.201411664485931,-0.00979938078671694
102.303921202,0.201411664485931,-0.00979938078671694
102.313893523,0.200414568185806,-0.00734953070059419
102.323903026,0.200414568185806,-0.00734953070059419
102.333907887,0.198420390486717,-0.00734953070059419
102.343912377,0.198420390486717,-0.00734953070059419
102.353897772,0.199417471885681,-0.00489968108013272
102.363901001,0.198420390486717,-0.00734953070059419
102.373859277,0.198420405387878,-0.00244984962046146
102.383909892,0.199417486786842,0
102.393907605,0.199417486786842,0
102.403905437,0.199417486786842,0
102.413909057,0.199417486786842,0
102.423900999,0.198420405387878,0.00244984962046146
102.433914778,0.199417471885681,0.00489968108013272
102.443911519,0.200414568185806,0.00244983145967126
102.4538543,0.199417486786842,0
102.463910985,0.201411664485931,0.00489968108013272
102.473894265,0.200414568185806,0.00244983145967126
102.483909345,0.200414568185806,0.00244983145967126
102.493895655,0.200414568185806,0.00244983145967126
102.503894244,0.199417471885681,0.00489968108013272
102.513957006,0.200414568185806,0.00244983145967126
102.523914845,0.20141164958477,0
102.533866373,0.20141164958477,0
102.543897468,0.200414568185806,0.00244983145967126
102.55389208,0.200414568185806,0.00244983145967126
102.563910515,0.199417486786842,0
102.573908189,0.199417486786842,0
102.583907738,0.199417486786842,0
102.593909474,0.199417486786842,0
102.603904437,0.199417471885681,-0.00489968108013272
102.613858385,0.198420405387878,-0.00244984962046146
102.623899847,0.198420405387878,-0.00244984962046146
102.633907668,0.198420405387878,-0.00244984962046146
102.643903869,0.198420405387878,-0.00244984962046146
102.653928469,0.197423309087753,0
102.663914033,0.198420405387878,0.00244984962046146
102.673905171,0.198420405387878,0.00244984962046146
102.683895181,0.198420405387878,0.00244984962046146
102.693840839,0.198420405387878,0.00244984962046146
102.7039073,0.200414568185806,0.00734953070059419
102.713915439,0.199417471885681,0.00979938078671694
102.723901396,0.200414568185806,0.00734953070059419
102.733900025,0.201411664485931,0.00979938078671694
102.743911877,0.201411664485931,0.00979938078671694
102.75391849,0.202408745884895,0.00734953070059419
102.763905396,0.202408730983734,0.00244984962046146
102.77384501,0.202408730983734,0.00244984962046146
102.783906384,0.202408730983734,0.00244984962046146
102.793915023,0.202408730983734,0.00244984962046146
102.803935591,0.202408730983734,-0.00244984962046146
102.813926669,0.202408730983734,-0.00244984962046146
102.823903797,0.201411664485931,-0.00489968108013272
102.833909266,0.200414568185806,-0.00734953070059419
102.843902751,0.200414568185806,-0.00734953070059419
102.853863034,0.200414568185806,-0.00734953070059419
102.863911276,0.201411664485931,-0.00979938078671694
102.873906518,0.202408745884895,-0.00734953070059419
102.883905957,0.202408745884895,-0.00734953070059419
102.893911024,0.202408745884895,-0.00734953070059419
102.903908337,0.203405827283859,-0.00489969924092293
102.913911395,0.204402923583984,-0.00734954932704568
102.9239097,0.206397086381912,-0.00244984962046146
102.933842777,0.207394182682037,0
102.943910166,0.208391278982162,-0.00244984962046146
102.953908859,0.21038544178009,0.00244984962046146
102.963906743,0.209388360381126,0.00489969924092293
102.973933849,0.209388360381126,0.00489969924092293
102.98389611,0.211382538080215,0.00489968108013272
102.993907194,0.212379619479179,0.00734953070059419
103.003896244,0.211382538080215,0.00979938078671694
103.013823649,0.213376700878143,0.00489968108013272
103.023905984,0.212379619479179,0.00734953070059419
103.03389375,0.212379619479179,0.00244983145967126
103.043911073,0.212379619479179,0.00734953070059419
103.053915174,0.211382538080215,0
103.063907002,0.21038544178009,0.00244984962046146
103.073934069,0.211382538080215,0
103.083906596,0.209388360381126,0
103.093822317,0.208391278982162,-0.00244984962046146
103.10391047,0.208391278982162,-0.00734954932704568
103.113899329,0.207394182682037,-0.00489969924092293
103.123911789,0.207394182682037,-0.00489969924092293
103.133909977,0.206397086381912,-0.00244984962046146
103.143920475,0.206397086381912,-0.00734954932704568
103.153908511,0.206397086381912,-0.00244984962046146
103.163644953,0.207394182682037,-0.00489969924092293
103.173850764,0.206397086381912,-0.00244984962046146
103.183900258,0.207394182682037,-0.00489969924092293
103.19390825,0.208391278982162,-0.00244984962046146
103.203908299,0.208391278982162,-0.00244984962046146
103.213909701,0.208391278982162,0.00244984962046146
103.223900621,0.208391278982162,0.00244984962046146
103.233906835,0.21038544178009,0.00244984962046146
103.243912164,0.209388360381126,0.00489969924092293
103.253832327,0.21038544178009,0.00244984962046146
103.263854251,0.21038544178009,0.00734953070059419
103.273927276,0.211382538080215,0.00489968108013272
103.283907418,0.211382538080215,0.00979938078671694
103.29391078,0.212379619479179,0.00734953070059419
103.303912014,0.21038544178009,0.0122492304071784
103.313911097,0.211382538080215,0.00979938078671694
103.323897279,0.21038544178009,0.00734953070059419
103.333775612,0.21038544178009,0.00734953070059419
103.343907227,0.212379619479179,0.00734953070059419
103.353910159,0.21038544178009,0.00734953070059419
103.363916928,0.21038544178009,0.00244984962046146
103.373912701,0.209388360381126,0.00489969924092293
103.383911095,0.209388360381126,0
103.393902116,0.207394182682037,0
103.403894943,0.21038544178009,-0.00244984962046146
103.413814464,0.209388360381126,-0.00489969924092293
103.423900826,0.21038544178009,-0.00244984962046146
103.433911679,0.209388360381126,-0.00489969924092293
103.443918175,0.209388360381126,-0.00489969924092293
103.453903227,0.209388360381126,-0.00489969924092293
103.463914857,0.21038544178009,-0.00244984962046146
103.473910781,0.209388360381126,-0.00489969924092293
103.483912602,0.21038544178009,-0.00244984962046146
103.493756377,0.21038544178009,-0.00244984962046146
103.503910113,0.209388360381126,0
103.513908711,0.209388360381126,0
103.523899006,0.21038544178009,-0.00244984962046146
103.533906039,0.211382538080215,0
103.543907734,0.209388360381126,0
103.55392664,0.21038544178009,0.00244984962046146
103.563905624,0.209388360381126,0
103.573780666,0.211382538080215,0
103.583896278,0.21038544178009,0.00244984962046146
103.593905738,0.21038544178009,0.00244984962046146
103.603900867,0.211382538080215,0
103.613904203,0.21038544178009,0.00244984962046146
103.623903082,0.21038544178009,0.00244984962046146
103.633915719,0.208391278982162,0.00244984962046146
103.643907747,0.209388360381126,0
103.653781852,0.208391278982162,-0.00244984962046146
103.66391051,0.207394182682037,0
103.673899965,0.206397086381912,-0.00244984962046146
103.683909939,0.205400004982948,-0.00489969924092293
103.69391105,0.206397086381912,-0.00734954932704568
103.703913081,0.204402923583984,-0.00734954932704568
103.713901822,0.204402923583984,-0.00734954932704568
103.723930195,0.202408745884895,-0.00734953070059419
103.733772231,0.203405827283859,-0.00979938078671694
103.743906218,0.201411664485931,-0.00979938078671694
103.753934357,0.201411664485931,-0.00979938078671694
103.7639012,0.200414568185806,-0.0122492304071784
103.773910873,0.199417471885681,-0.00979938078671694
103.783910741,0.199417471885681,-0.0146990800276399
103.793911748,0.198420390486717,-0.0122492304071784
103.803904214,0.197423309087753,-0.0146990800276399
103.813774461,0.198420390486717,-0.0171489305794239
103.823897385,0.197423309087753,-0.0195987615734339
103.833906901,0.196426212787628,-0.0171489119529724
103.84391318,0.198420390486717,-0.0171489305794239
103.853900277,0.198420390486717,-0.0171489305794239
103.863906146,0.200414568185806,-0.0171489305794239
103.873914395,0.199417471885681,-0.0195987801998854
103.883617127,0.200414568185806,-0.0171489305794239
103.893795364,0.201411664485931,-0.0195987801998854
103.903918748,0.202408745884895,-0.0171489305794239
103.913906276,0.202408745884895,-0.0171489305794239
103.923909117,0.203405827283859,-0.0146990800276399
103.933912948,0.204402923583984,-0.0171489305794239
103.943919467,0.203405827283859,-0.0146990800276399
103.953908678,0.204402923583984,-0.0122492304071784
103.963905949,0.203405827283859,-0.00979938078671694
103.973759411,0.204402923583984,-0.00734954932704568
103.98391095,0.203405827283859,0
103.993905408,0.202408730983734,0.00244984962046146
104.003909593,0.203405827283859,0.00489969924092293
104.013903022,0.202408745884895,0.00734953070059419
104.023913019,0.202408745884895,0.0122492304071784
104.033907125,0.201411664485931,0.0146990800276399
104.043909405,0.200414568185806,0.0171489305794239
104.053787815,0.199417471885681,0.0146990800276399
104.063907095,0.200414568185806,0.0171489305794239
104.073906624,0.199417471885681,0.0195987801998854
104.083883636,0.199417471885681,0.0146990800276399
104.093893439,0.199417471885681,0.0195987801998854
104.103909558,0.198420390486717,0.0171489305794239
104.113907116,0.198420390486717,0.0171489305794239
104.123916113,0.200414568185806,0.0122492304071784
104.133765605,0.199417471885681,0.0146990800276399
104.143908161,0.202408745884895,0.0122492304071784
104.153910359,0.201411664485931,0.0146990800276399
104.163895298,0.201411664485931,0.0146990800276399
104.173905479,0.202408745884895,0.0122492304071784
104.18390725,0.203405827283859,0.0146990800276399
104.193889289,0.204402923583984,0.00734954932704568
104.203897353,0.204402923583984,0.00734954932704568
104.213759126,0.204402923583984,0.00734954932704568
104.223910584,0.202408745884895,0.00734953070059419
104.233909681,0.203405827283859,0.00489969924092293
104.243897373,0.200414568185806,0.00244983145967126
104.253912114,0.200414568185806,-0.00244983145967126
104.263891656,0.199417471885681,-0.00979938078671694
104.273911103,0.197423309087753,-0.00979938078671694
104.283905993,0.196426212787628,-0.0171489119529724
104.293785805,0.1944320499897,-0.0171489119529724
104.303901265,0.193434953689575,-0.0195987615734339
104.313910683,0.19243785738945,-0.0220486111938953
104.323906153,0.19243785738945,-0.0220486111938953
104.33394844,0.19243785738945,-0.0269483104348183
104.343900158,0.191440775990486,-0.0244984608143568
104.353912737,0.191440790891647,-0.0195987801998854
104.363913025,0.191440790891647,-0.0195987801998854
104.373799246,0.191440790891647,-0.0146990800276399
104.383895227,0.191440790891647,-0.00979938078671694
104.393614161,0.192437872290611,-0.00734953070059419
104.403915142,0.193434953689575,-0.00489969924092293
104.413915845,0.195429131388664,-0.00489969924092293
104.423912725,0.197423309087753,-0.00489969924092293
104.433896388,0.198420405387878,0.00244984962046146
104.443906642,0.20141164958477,0
104.453793022,0.203405827283859,0
104.463905375,0.203405827283859,0.00489969924092293
104.473893262,0.207394182682037,0
104.483914182,0.209388360381126,0
104.493654004,0.21038544178009,0.00244984962046146
104.503893339,0.212379619479179,0.00244983145967126
104.513898653,0.212379619479179,0.00734953070059419
104.523912592,0.21038544178009,0.00734953070059419
104.533769988,0.211382538080215,0.00489968108013272
104.543915585,0.211382538080215,0.00979938078671694
104.553912208,0.212379619479179,0.00734953070059419
104.563909344,0.213376700878143,0.00979938078671694
104.573907669,0.212379619479179,0.0122492304071784
104.583894152,0.211382538080215,0.00979938078671694
104.593895868,0.211382538080215,0.00979938078671694
104.60390404,0.211382538080215,0.00979938078671694
104.613774238,0.211382538080215,0.00979938078671694
104.623913221,0.212379619479179,0.00734953070059419
104.633906586,0.211382538080215,0.00979938078671694
104.643917418,0.211382538080215,0.00489968108013272
104.653923452,0.211382538080215,0.00489968108013272
104.663894383,0.21038544178009,0.00244984962046146
104.673910273,0.21038544178009,0.00244984962046146
104.683892056,0.211382538080215,0.00489968108013272
104.693786399,0.211382538080215,0
104.703908013,0.209388360381126,0
104.71390596,0.21038544178009,-0.00244984962046146
104.723909227,0.21038544178009,0.00244984962046146
104.733900308,0.209388360381126,0
104.743909832,0.21038544178009,0.00244984962046146
104.753907552,0.209388360381126,0.00489969924092293
104.763905738,0.21038544178009,0.00244984962046146
104.773775562,0.21038544178009,0.00244984962046146
104.783906648,0.21038544178009,0.00244984962046146
104.793914304,0.211382538080215,0.00489968108013272
104.80391222,0.212379619479179,0.00734953070059419
104.813914231,0.212379619479179,0.00734953070059419
104.823909534,0.211382538080215,0.00489968108013272
104.833905116,0.213376700878143,0.00489968108013272
104.843912643,0.213376700878143,0.00979938078671694
104.8538035,0.214373797178268,0.00734953070059419
104.863914404,0.214373797178268,0.00734953070059419
104.873907668,0.215370878577232,0.00489969924092293
104.883912603,0.214373797178268,0.00734953070059419
104.893913501,0.214373797178268,0.00734953070059419
104.903908276,0.213376700878143,0.00489968108013272
104.913951249,0.213376700878143,0.00489968108013272
104.92389701,0.214373797178268,0.00244984962046146
104.933781762,0.213376700878143,0.00489968108013272
104.943911102,0.212379619479179,-0.00244983145967126
104.953908011,0.212379619479179,-0.00244983145967126
104.963899651,0.212379619479179,0.00244983145967126
104.973943371,0.21038544178009,0.00244984962046146
104.983908633,0.211382538080215,0
104.99389432,0.209388360381126,0
105.003914897,0.211382538080215,0
105.013781793,0.21038544178009,0.00244984962046146
105.023907021,0.21038544178009,0.00734953070059419
105.033899709,0.21038544178009,0.00244984962046146
105.043894879,0.21038544178009,0.00734953070059419
105.053910613,0.209388360381126,0.00489969924092293
105.063910617,0.209388360381126,0.00489969924092293
105.07391418,0.211382538080215,0.00489968108013272
105.083894247,0.209388360381126,0.00489969924092293
105.093794382,0.211382538080215,0.00489968108013272
105.103903449,0.209388360381126,0.00489969924092293
105.113909086,0.21038544178009,0.00244984962046146
105.123909562,0.21038544178009,-0.00244984962046146
105.133901581,0.211382538080215,0
105.143906552,0.21038544178009,-0.00244984962046146
105.153910258,0.211382538080215,0
105.163776808,0.21038544178009,-0.00244984962046146
105.173788416,0.208391278982162,-0.00244984962046146
105.183902596,0.209388360381126,0
105.193914942,0.208391278982162,-0.00244984962046146
105.203893493,0.208391278982162,-0.00244984962046146
105.213905361,0.206397086381912,-0.00244984962046146
105.22391474,0.207394182682037,0
105.233891456,0.205400004982948,0
105.243913833,0.205400004982948,0
105.253811759,0.203405827283859,0
105.263905352,0.205400004982948,0
105.273893799,0.205400004982948,0
105.28391303,0.204402923583984,-0.00244984962046146
105.293904477,0.203405827283859,0
105.303905646,0.204402923583984,-0.00244984962046146
105.31391477,0.205400004982948,0
105.323907202,0.202408730983734,-0.00244984962046146
105.333787784,0.203405827283859,0
105.343911223,0.203405827283859,0
105.353909578,0.203405827283859,0
105.363909254,0.20141164958477,0
105.373909038,0.20141164958477,0
105.383907284,0.202408730983734,-0.00244984962046146
105.393930581,0.20141164958477,0
105.40391143,0.200414568185806,0.00244983145967126
105.41379137,0.199417486786842,0
105.423913264,0.20141164958477,0
105.433892131,0.200414568185806,-0.00244983145967126
105.443909494,0.200414568185806,-0.00244983145967126
105.453943924,0.200414568185806,-0.00244983145967126
105.463906114,0.201411664485931,-0.00489968108013272
105.473909717,0.200414568185806,-0.00244983145967126
105.48390889,0.200414568185806,-0.00244983145967126
105.493794299,0.201411664485931,-0.00489968108013272
105.503891517,0.201411664485931,-0.00489968108013272
105.513952341,0.202408730983734,-0.00244984962046146
105.523903736,0.20141164958477,0
105.533913284,0.202408730983734,-0.00244984962046146
105.543902272,0.202408730983734,-0.00244984962046146
105.553911553,0.202408730983734,-0.00244984962046146
105.563906612,0.20141164958477,0
105.573795789,0.202408730983734,-0.00244984962046146
105.583908662,0.20141164958477,0
105.593903733,0.202408730983734,-0.00244984962046146
105.603901731,0.202408730983734,-0.00244984962046146
105.613913604,0.201411664485931,-0.00489968108013272
105.623930211,0.201411664485931,-0.00489968108013272
105.633904008,0.20141164958477,0
105.643906471,0.20141164958477,0
105.653804936,0.202408730983734,-0.00244984962046146
105.663911473,0.20141164958477,0
105.67389721,0.202408730983734,-0.00244984962046146
105.683893224,0.202408730983734,-0.00244984962046146
105.693914243,0.20141164958477,0
105.703910521,0.20141164958477,0
105.713907249,0.202408730983734,-0.00244984962046146
105.723897799,0.202408730983734,-0.00244984962046146
105.733811524,0.201411664485931,-0.00489968108013272
105.743906529,0.201411664485931,-0.00489968108013272
105.753900946,0.201411664485931,-0.00489968108013272
105.763911273,0.202408745884895,-0.00734953070059419
105.773897904,0.201411664485931,-0.00489968108013272
105.783894944,0.201411664485931,-0.00489968108013272
105.793904382,0.202408730983734,-0.00244984962046146
105.803910859,0.202408730983734,-0.00244984962046146
105.813816627,0.20141164958477,0
105.823926613,0.20141164958477,0
105.833906113,0.202408730983734,0.00244984962046146
105.84389797,0.202408730983734,0.00244984962046146
105.853900402,0.200414568185806,0.00734953070059419
105.863895684,0.201411664485931,0.00979938078671694
105.873912324,0.200414568185806,0.0122492304071784
105.883907599,0.201411664485931,0.00979938078671694
105.893812322,0.199417471885681,0.00979938078671694
105.9038973,0.200414568185806,0.0122492304071784
105.913910537,0.200414568185806,0.0122492304071784
105.923908249,0.199417471885681,0.0146990800276399
105.933912731,0.199417471885681,0.0146990800276399
105.94391197,0.200414568185806,0.0122492304071784
105.953931842,0.200414568185806,0.0122492304071784
105.963920601,0.199417471885681,0.0146990800276399
105.973815788,0.201411664485931,0.00979938078671694
105.98355465,0.200414568185806,0.0122492304071784
105.993907726,0.201411664485931,0.00979938078671694
106.003903691,0.201411664485931,0.00979938078671694
106.013910984,0.201411664485931,0.00979938078671694
106.023924915,0.202408745884895,0.00734953070059419
106.033912001,0.202408745884895,0.00734953070059419
106.043907831,0.201411664485931,0.00979938078671694
106.053817809,0.202408745884895,0.00734953070059419
106.063897908,0.203405827283859,0
106.073922279,0.202408730983734,0.00244984962046146
106.083899813,0.201411664485931,0.00489968108013272
106.093864715,0.201411664485931,0.00489968108013272
106.103906618,0.200414568185806,0.00244983145967126
106.113909767,0.200414568185806,0.00244983145967126
106.123912404,0.201411664485931,0.00489968108013272
106.13381535,0.20141164958477,0
106.14391098,0.200414568185806,0.00244983145967126
106.153905395,0.20141164958477,0
106.16391332,0.200414568185806,0.00244983145967126
106.1739192,0.20141164958477,0
106.183897338,0.20141164958477,0
106.193907827,0.20141164958477,0
106.203905781,0.202408730983734,-0.00244984962046146
106.213821275,0.201411664485931,-0.00489968108013272
106.223917501,0.201411664485931,-0.00979938078671694
106.233948555,0.200414568185806,-0.00734953070059419
106.243905184,0.202408745884895,-0.0122492304071784
106.253893316,0.201411664485931,-0.00979938078671694
106.263912075,0.201411664485931,-0.00979938078671694
106.273913238,0.200414568185806,-0.00734953070059419
106.283903843,0.202408745884895,-0.0122492304071784
106.293829238,0.202408745884895,-0.0122492304071784
106.303911305,0.201411664485931,-0.00979938078671694
106.313914143,0.201411664485931,-0.00979938078671694
106.323895411,0.200414568185806,-0.00734953070059419
106.333914959,0.201411664485931,-0.00489968108013272
106.343909767,0.200414568185806,-0.00244983145967126
106.353900426,0.200414568185806,-0.00244983145967126
106.363911928,0.200414568185806,-0.00244983145967126
106.37383239,0.200414568185806,-0.00244983145967126
106.383906958,0.200414568185806,-0.00244983145967126
106.393921141,0.200414568185806,0.00244983145967126
106.403905103,0.200414568185806,0.00244983145967126
106.413573078,0.202408730983734,0.00244984962046146
106.423903016,0.202408730983734,0.00244984962046146
106.433909479,0.201411664485931,0.00489968108013272
106.443914947,0.202408730983734,0.00244984962046146
106.453829763,0.202408730983734,0.00244984962046146
106.463894244,0.202408730983734,0.00244984962046146
106.473913871,0.202408730983734,0.00244984962046146
106.483906581,0.202408730983734,0.00244984962046146
106.493580165,0.204402923583984,-0.00244984962046146
106.503905048,0.204402923583984,-0.00244984962046146
106.513518235,0.204402923583984,-0.00244984962046146
106.523904175,0.206397086381912,-0.00244984962046146
106.533828561,0.207394182682037,-0.00489969924092293
106.543912903,0.206397086381912,-0.00244984962046146
106.553920426,0.208391278982162,-0.00244984962046146
106.563908942,0.209388360381126,0
106.5739144,0.211382538080215,0
106.58390102,0.209388360381126,0.00489969924092293
106.593576452,0.209388360381126,0.00489969924092293
106.603912966,0.209388360381126,0.00489969924092293
106.613561087,0.209388345479965,0.00979938078671694
106.623904857,0.208391278982162,0.00734954932704568
106.633905836,0.207394182682037,0.00979939848184586
106.643906593,0.208391278982162,0.00734954932704568
106.653905882,0.206397086381912,0.00734954932704568
106.66390773,0.206397086381912,0.00244984962046146
106.673908898,0.205400004982948,0.00489969924092293
106.68390067,0.206397086381912,0.00244984962046146
106.693773341,0.204402923583984,0.00734954932704568
106.703902592,0.204402923583984,0.00734954932704568
106.713805322,0.204402923583984,0.00734954932704568
106.723903806,0.204402923583984,0.00734954932704568
106.733894984,0.205400004982948,0.00489969924092293
106.743908846,0.205400004982948,0.00489969924092293
106.753908503,0.206397086381912,0.00734954932704568
106.763898466,0.206397086381912,0.00734954932704568
106.773828152,0.207394182682037,0.00489969924092293
106.783902963,0.207394182682037,0.00489969924092293
106.793939695,0.209388360381126,0
106.803906445,0.209388360381126,0
106.813916075,0.21038544178009,-0.00244984962046146
106.823558674,0.21038544178009,-0.00244984962046146
106.833909218,0.21038544178009,-0.00244984962046146
106.84389581,0.21038544178009,-0.00244984962046146
106.853830632,0.21038544178009,-0.00244984962046146
106.863909155,0.21038544178009,-0.00244984962046146
106.873912768,0.209388360381126,0
106.88390977,0.21038544178009,-0.00244984962046146
106.893940639,0.21038544178009,-0.00244984962046146
106.90391018,0.21038544178009,-0.00244984962046146
106.913900845,0.21038544178009,-0.00244984962046146
106.923542715,0.21038544178009,0.00244984962046146
106.933834569,0.21038544178009,-0.00244984962046146
106.943908622,0.21038544178009,0.00244984962046146
106.953901995,0.21038544178009,-0.00244984962046146
106.963909709,0.21038544178009,0.00244984962046146
106.973895397,0.211382538080215,0
106.983915314,0.211382538080215,0
106.993924787,0.209388360381126,0
107.003907413,0.211382538080215,0
107.013825918,0.211382538080215,0
107.023735618,0.21038544178009,-0.00244984962046146
107.033908409,0.211382538080215,0
107.043894192,0.21038544178009,-0.00244984962046146
107.053908235,0.209388360381126,0
107.063901694,0.21038544178009,-0.00244984962046146
107.073908969,0.208391278982162,-0.00244984962046146
107.083907862,0.208391278982162,-0.00244984962046146
107.093861641,0.207394182682037,0
107.103907148,0.208391278982162,-0.00244984962046146
107.113906043,0.206397086381912,-0.00244984962046146
107.123913481,0.206397086381912,-0.00244984962046146
107.133903187,0.204402923583984,-0.00244984962046146
107.143900178,0.205400004982948,-0.00489969924092293
107.153909591,0.206397086381912,-0.00734954932704568
107.163903003,0.203405827283859,-0.00489969924092293
107.173839496,0.204402923583984,-0.00734954932704568
107.183913895,0.203405827283859,-0.00489969924092293
107.193927464,0.205400004982948,-0.00979939848184586
107.203895082,0.202408745884895,-0.00734953070059419
107.213891587,0.202408745884895,-0.00734953070059419
107.223911107,0.202408745884895,-0.00734953070059419
107.233897071,0.203405827283859,-0.00979938078671694
107.243905193,0.201411664485931,-0.00489968108013272
107.253848012,0.200414568185806,-0.00244983145967126
107.26390662,0.201411664485931,-0.00489968108013272
107.273908438,0.200414568185806,-0.00244983145967126
107.283901801,0.201411664485931,-0.00489968108013272
107.293914371,0.199417486786842,0
107.303915435,0.200414568185806,-0.00244983145967126
107.31391331,0.200414568185806,-0.00244983145967126
107.323915033,0.20141164958477,0
107.333816005,0.20141164958477,0
107.343907787,0.202408730983734,-0.00244984962046146
107.35391724,0.20141164958477,0
107.363906513,0.202408730983734,-0.00244984962046146
107.37391765,0.202408730983734,-0.00244984962046146
107.383914876,0.20141164958477,0
107.393944373,0.203405827283859,-0.00489969924092293
107.40390147,0.203405827283859,-0.00489969924092293
107.413820233,0.202408730983734,-0.00244984962046146
107.423924154,0.202408745884895,-0.00734953070059419
107.433907211,0.201411664485931,-0.00489968108013272
107.44391466,0.201411664485931,-0.00489968108013272
107.453915612,0.203405827283859,-0.00979938078671694
107.463913196,0.201411664485931,-0.00489968108013272
107.473905431,0.203405827283859,-0.00489969924092293
107.483910869,0.203405827283859,-0.00489969924092293
107.4938391,0.202408730983734,-0.00244984962046146
107.503907747,0.20141164958477,0
107.51390439,0.202408730983734,-0.00244984962046146
107.52391868,0.20141164958477,0
107.533930241,0.202408730983734,0.00244984962046146
107.543907475,0.202408730983734,0.00244984962046146
107.553889611,0.201411664485931,0.00489968108013272
107.56389341,0.203405827283859,0
107.573835639,0.202408730983734,0.00244984962046146
107.583910832,0.202408730983734,0.00244984962046146
107.59391799,0.203405827283859,0
107.603896335,0.204402923583984,0.00244984962046146
107.613915698,0.204402923583984,0.00244984962046146
107.623906654,0.205400004982948,0
107.633906982,0.204402923583984,-0.00244984962046146
107.643907427,0.205400004982948,-0.00489969924092293
107.653804678,0.205400004982948,-0.00489969924092293
107.663903017,0.204402923583984,-0.00244984962046146
107.67391312,0.203405827283859,-0.00489969924092293
107.683922919,0.204402923583984,-0.00734954932704568
107.693907966,0.203405827283859,-0.00489969924092293
107.703903804,0.202408745884895,-0.00734953070059419
107.713909355,0.202408745884895,-0.00734953070059419
107.723907377,0.201411664485931,-0.00489968108013272
107.733783556,0.200414568185806,-0.00734953070059419
107.743908969,0.199417471885681,-0.00489968108013272
107.75391139,0.200414568185806,-0.00734953070059419
107.763906217,0.200414568185806,-0.00734953070059419
107.773903103,0.199417471885681,-0.00979938078671694
107.783908857,0.198420390486717,-0.00734953070059419
107.793911275,0.198420390486717,-0.00734953070059419
107.803903764,0.197423309087753,-0.00979938078671694
107.813789067,0.197423309087753,-0.00979938078671694
107.823905999,0.198420390486717,-0.0122492304071784
107.833893924,0.200414568185806,-0.0122492304071784
107.843901681,0.198420390486717,-0.0122492304071784
107.853906357,0.198420390486717,-0.0122492304071784
107.863907581,0.198420390486717,-0.0122492304071784
107.873904007,0.200414568185806,-0.0122492304071784
107.883913098,0.200414568185806,-0.0122492304071784
107.893799923,0.200414568185806,-0.0171489305794239
107.903914698,0.201411664485931,-0.0146990800276399
107.913926605,0.201411664485931,-0.0146990800276399
107.923904683,0.200414568185806,-0.0122492304071784
107.933909411,0.199417471885681,-0.00979938078671694
107.943906462,0.201411664485931,-0.00979938078671694
107.953898831,0.200414568185806,-0.00734953070059419
107.963904152,0.200414568185806,-0.00734953070059419
107.973774494,0.199417486786842,0
107.983907555,0.199417486786842,0
107.993904067,0.198420390486717,0.00734953070059419
108.003901066,0.198420390486717,0.00734953070059419
108.013909577,0.197423309087753,0.00979938078671694
108.023907249,0.197423309087753,0.00979938078671694
108.033899755,0.197423309087753,0.0146990800276399
108.04390527,0.197423309087753,0.0146990800276399
108.053800083,0.197423309087753,0.0146990800276399
108.063894687,0.196426212787628,0.0171489119529724
108.073909439,0.197423309087753,0.0146990800276399
108.083871332,0.197423309087753,0.0146990800276399
108.093906717,0.198420390486717,0.0122492304071784
108.10390173,0.198420390486717,0.0171489305794239
108.11389932,0.200414568185806,0.0122492304071784
108.123905921,0.201411664485931,0.0146990800276399
108.133773292,0.201411664485931,0.0146990800276399
108.143902161,0.202408745884895,0.0122492304071784
108.153905659,0.203405827283859,0.0146990800276399
108.163906023,0.205400004982948,0.00979939848184586
108.173911091,0.205400004982948,0.00979939848184586
108.183902489,0.206397086381912,0.0122492490336299
108.193895254,0.207394182682037,0.00979939848184586
108.203911865,0.208391278982162,0.00734954932704568
108.213807857,0.207394182682037,0.00979939848184586
108.22389877,0.207394182682037,0.00979939848184586
108.233888559,0.207394182682037,0.00489969924092293
108.243904767,0.207394182682037,0.00489969924092293
108.253905335,0.207394182682037,0
108.26391089,0.206397086381912,0.00244984962046146
108.273903887,0.205400004982948,0
108.283911391,0.205400004982948,-0.00489969924092293
108.293773064,0.204402923583984,-0.00244984962046146
108.303401147,0.203405827283859,-0.00489969924092293
108.313908989,0.204402923583984,-0.00734954932704568
108.323900531,0.203405827283859,-0.00979938078671694
108.333892291,0.205400019884109,-0.0146990800276399
108.343907507,0.204402923583984,-0.0122492304071784
108.353892881,0.204402923583984,-0.0122492304071784
108.363906757,0.204402923583984,-0.0122492304071784
108.37378741,0.205400004982948,-0.00979939848184586
108.383565934,0.206397086381912,-0.0122492490336299
108.393911238,0.205400004982948,-0.00979939848184586
108.403914859,0.206397086381912,-0.0122492490336299
108.413900595,0.206397086381912,-0.0122492490336299
108.423906699,0.207394182682037,-0.00979939848184586
108.433909669,0.205400004982948,-0.00489969924092293
108.443907469,0.206397086381912,-0.00734954932704568
108.453752399,0.206397086381912,-0.00244984962046146
108.463905033,0.206397086381912,-0.00244984962046146
108.473908956,0.206397086381912,-0.00734954932704568
108.483901858,0.205400004982948,0
108.493929825,0.207394182682037,0
108.503904469,0.206397086381912,0.00244984962046146
108.513897222,0.207394182682037,0.00489969924092293
108.523907261,0.207394182682037,0.00489969924092293
108.53377369,0.208391278982162,0.00734954932704568
108.543899558,0.208391264081001,0.0122492304071784
108.553895804,0.209388345479965,0.00979938078671694
108.563911158,0.21038544178009,0.0122492304071784
108.573909745,0.21038544178009,0.0171489305794239
108.583911746,0.21038544178009,0.0171489305794239
108.593905524,0.211382538080215,0.0146990800276399
108.603899427,0.213376700878143,0.0195987801998854
108.613736241,0.213376700878143,0.0195987801998854
108.623906157,0.214373797178268,0.0171489305794239
108.633916421,0.214373797178268,0.0171489305794239
108.643910916,0.215370893478394,0.0146990800276399
108.653902727,0.214373797178268,0.0171489305794239
108.663911599,0.215370893478394,0.0146990800276399
108.673893569,0.215370893478394,0.00979938078671694
108.683911134,0.216367959976196,0.00734954932704568
108.693749034,0.216367959976196,0.00734954932704568
108.703895543,0.216367959976196,0.00244984962046146
108.713910893,0.215370878577232,0
108.72391081,0.215370878577232,0
108.733906065,0.216367959976196,-0.00244984962046146
108.743908828,0.217365056276321,-0.00489969924092293
108.753902851,0.218362152576447,-0.00734954932704568
108.763910863,0.218362152576447,-0.00734954932704568
108.77373874,0.220356315374374,-0.00734953070059419
108.783911854,0.218362152576447,-0.00734954932704568
108.793901116,0.218362152576447,-0.00734954932704568
108.803911703,0.217365056276321,-0.00979939848184586
108.813875257,0.218362152576447,-0.00734954932704568
108.823880378,0.218362152576447,-0.00734954932704568
108.833903262,0.218362152576447,-0.00734954932704568
108.843898851,0.217365056276321,-0.00489969924092293
108.853740957,0.216367959976196,-0.00734954932704568
108.863916691,0.216367959976196,-0.00734954932704568
108.873913321,0.215370878577232,-0.00489969924092293
108.883905659,0.216367959976196,-0.00244984962046146
108.893907118,0.216367959976196,-0.00244984962046146
108.903906469,0.217365056276321,0
108.913909445,0.216367959976196,0.00244984962046146
108.923905936,0.215370878577232,0
108.933730576,0.214373797178268,0.00244984962046146
108.943908325,0.213376700878143,0
108.953902807,0.212379619479179,0.00734953070059419
108.963895741,0.212379619479179,0.00734953070059419
108.973897623,0.21038544178009,0.00734953070059419
108.983896885,0.21038544178009,0.00244984962046146
108.993914093,0.208391278982162,0.00734954932704568
109.003910337,0.206397086381912,0.00734954932704568
109.013746356,0.205400004982948,0.00489969924092293
109.023905367,0.204402923583984,0.00734954932704568
109.033420253,0.202408745884895,0.00734953070059419
109.043890309,0.202408745884895,0.00734953070059419
109.05389573,0.201411664485931,0.00489968108013272
109.063903579,0.199417471885681,0.00489968108013272
109.073899362,0.199417471885681,0.00489968108013272
109.083899517,0.198420390486717,0.00734953070059419
109.093720403,0.198420405387878,0.00244984962046146
109.103907158,0.198420405387878,0.00244984962046146
109.113897127,0.197423309087753,0
109.123906898,0.197423309087753,0
109.133915496,0.198420405387878,-0.00244984962046146
109.143903093,0.196426212787628,-0.00244984962046146
109.153896459,0.197423309087753,-0.00489969924092293
109.16391018,0.196426212787628,-0.00244984962046146
109.173688893,0.197423309087753,-0.00489969924092293
109.183922827,0.196426212787628,-0.00734954932704568
109.193897713,0.195429131388664,-0.00489969924092293
109.203910493,0.195429131388664,-0.00979939848184586
109.213909534,0.195429131388664,-0.00489969924092293
109.223906848,0.196426212787628,-0.00734954932704568
109.233911756,0.195429131388664,-0.00489969924092293
109.243905754,0.195429131388664,-0.00489969924092293
109.25372245,0.195429131388664,-0.00489969924092293
109.263905728,0.197423309087753,-0.00979938078671694
109.273908502,0.196426212787628,-0.00734954932704568
109.283907693,0.196426212787628,-0.00244984962046146
109.293919102,0.197423309087753,-0.00489969924092293
109.303906833,0.197423309087753,-0.00489969924092293
109.313907597,0.197423309087753,-0.00489969924092293
109.323904333,0.196426212787628,-0.00244984962046146
109.33366504,0.197423309087753,-0.00489969924092293
109.343922034,0.198420405387878,-0.00244984962046146
109.353904267,0.198420405387878,-0.00244984962046146
109.363903477,0.197423309087753,0
109.373901388,0.197423309087753,0
109.383907597,0.198420405387878,-0.00244984962046146
109.393914149,0.198420405387878,-0.00244984962046146
109.403785634,0.198420405387878,0.00244984962046146
109.413724175,0.200414568185806,-0.00244983145967126
109.423917405,0.200414568185806,-0.00244983145967126
109.433894184,0.200414568185806,-0.00244983145967126
109.443903006,0.199417486786842,0
109.453948957,0.200414568185806,-0.00244983145967126
109.463905963,0.200414568185806,-0.00244983145967126
109.47391407,0.200414568185806,-0.00244983145967126
109.483912913,0.201411664485931,-0.00489968108013272
109.493704166,0.202408730983734,-0.00244984962046146
109.503915417,0.203405827283859,-0.00489969924092293
109.51390307,0.202408730983734,-0.00244984962046146
109.52390793,0.203405827283859,0
109.533906507,0.203405827283859,0
109.54391284,0.204402923583984,-0.00244984962046146
109.553890917,0.205400004982948,0
109.563912769,0.205400004982948,0
109.573727052,0.205400004982948,0
109.583908432,0.205400004982948,0.00489969924092293
109.593909399,0.205400004982948,0
109.603910153,0.205400004982948,0.00489969924092293
109.613908843,0.205400004982948,0.00489969924092293
109.623906381,0.204402923583984,0.00244984962046146
109.633909699,0.205400004982948,0
109.643914635,0.204402923583984,0.00244984962046146
109.653677672,0.203405827283859,0
109.663904849,0.203405827283859,0
109.67390626,0.203405827283859,-0.00489969924092293
109.683899666,0.201411664485931,-0.00489968108013272
109.69389169,0.200414568185806,-0.00244983145967126
109.70391115,0.199417471885681,-0.00489968108013272
109.713910287,0.198420390486717,-0.00734953070059419
109.723915675,0.199417471885681,-0.00979938078671694
109.733649452,0.198420390486717,-0.00734953070059419
109.743899022,0.198420390486717,-0.0122492304071784
109.753894317,0.196426212787628,-0.00734954932704568
109.763908144,0.196426212787628,-0.0122492304071784
109.773903182,0.196426212787628,-0.00734954932704568
109.783909317,0.197423309087753,-0.00979938078671694
109.793914135,0.197423309087753,-0.00979938078671694
109.803893247,0.196426212787628,-0.00734954932704568
109.813687467,0.197423309087753,-0.00489969924092293
109.823911069,0.196426212787628,-0.00244984962046146
109.833922386,0.195429131388664,0
109.843906879,0.196426212787628,0.00244984962046146
109.853913898,0.197423309087753,0.00489969924092293
109.863895466,0.198420390486717,0.00734953070059419
109.873903088,0.198420390486717,0.00734953070059419
109.883912968,0.197423309087753,0.00979938078671694
109.89365176,0.197423309087753,0.00979938078671694
109.903906919,0.198420390486717,0.0122492304071784
109.913911771,0.199417471885681,0.00979938078671694
109.923904377,0.198420390486717,0.0122492304071784
109.933904079,0.200414568185806,0.0122492304071784
109.943907795,0.200414568185806,0.0122492304071784
109.953907747,0.200414568185806,0.00734953070059419
109.963918189,0.200414568185806,0.0122492304071784
109.973660161,0.200414568185806,0.0122492304071784
109.983906518,0.201411664485931,0.00979938078671694
109.993908948,0.202408745884895,0.0122492304071784
110.003912821,0.201411664485931,0.00979938078671694
110.013902042,0.201411664485931,0.00979938078671694
110.023908892,0.202408745884895,0.00734953070059419
110.033906815,0.202408745884895,0.00734953070059419
110.04389201,0.203405827283859,0.00489969924092293
110.053663172,0.204402923583984,0.00734954932704568
110.063897874,0.204402923583984,0.00244984962046146
110.073898712,0.204402923583984,0.00244984962046146
110.083892731,0.206397086381912,0.00244984962046146
110.093902972,0.206397086381912,0.00244984962046146
110.103915099,0.208391278982162,-0.00244984962046146
110.113905418,0.207394182682037,0
110.12390928,0.209388360381126,0
110.133630221,0.208391278982162,-0.00244984962046146
110.143906228,0.208391278982162,0.00244984962046146
110.153904588,0.208391278982162,-0.00244984962046146
110.163914205,0.209388360381126,0
110.173919523,0.209388360381126,0
110.183902653,0.208391278982162,-0.00244984962046146
110.19391555,0.209388360381126,-0.00489969924092293
110.203902631,0.208391278982162,-0.00244984962046146
110.213639958,0.21038544178009,-0.00244984962046146
110.223957215,0.21038544178009,-0.00244984962046146
110.233895597,0.211382538080215,-0.00489968108013272
110.243903054,0.211382538080215,-0.00489968108013272
110.253923459,0.21038544178009,-0.00244984962046146
110.263911328,0.21038544178009,-0.00244984962046146
110.27390565,0.212379619479179,-0.00244983145967126
110.283897706,0.212379619479179,0.00244983145967126
110.293633919,0.212379619479179,0.00244983145967126
110.303909486,0.213376700878143,0.00489968108013272
110.313904118,0.213376700878143,0.00489968108013272
110.32393467,0.212379619479179,0.00734953070059419
110.333905618,0.213376700878143,0.00979938078671694
110.34390657,0.213376700878143,0.00979938078671694
110.353908315,0.213376700878143,0.00979938078671694
110.363912798,0.213376700878143,0.00979938078671694
110.373611503,0.211382538080215,0.00979938078671694
110.383909395,0.212379619479179,0.00734953070059419
110.393896844,0.211382538080215,0.00979938078671694
110.403908348,0.21038544178009,0.00734953070059419
110.413892398,0.208391278982162,0.00734954932704568
110.423950004,0.207394182682037,0.00489969924092293
110.433911404,0.207394182682037,0.00489969924092293
110.443907568,0.207394182682037,0
110.453648412,0.207394182682037,0
110.463911915,0.207394182682037,0
110.473898035,0.207394182682037,0
110.4839078,0.205400004982948,0
110.493894563,0.206397086381912,-0.00244984962046146
110.503908632,0.206397086381912,-0.00244984962046146
110.513914808,0.206397086381912,-0.00244984962046146
110.523945738,0.208391278982162,-0.00244984962046146
110.533614941,0.207394182682037,-0.00489969924092293
110.543914047,0.207394182682037,0
110.553910375,0.207394182682037,0
110.563906922,0.207394182682037,0
110.573909327,0.208391278982162,-0.00244984962046146
110.583906628,0.209388360381126,0
110.593895548,0.207394182682037,0
110.603938483,0.207394182682037,0
110.613590739,0.209388360381126,0
110.623904041,0.207394182682037,0
110.633906089,0.207394182682037,0.00489969924092293
110.643910139,0.206397086381912,0.00244984962046146
110.653906906,0.208391278982162,0.00244984962046146
110.663898542,0.206397086381912,0.00244984962046146
110.673913497,0.206397086381912,0.00244984962046146
110.683909206,0.206397086381912,0.00244984962046146
110.69362795,0.205400004982948,0.00489969924092293
110.703901779,0.206397086381912,0.00244984962046146
110.71391203,0.204402923583984,0.00244984962046146
110.723908678,0.205400004982948,0
110.733922848,0.203405827283859,0
110.743899357,0.202408730983734,-0.00244984962046146
110.753909544,0.200414568185806,-0.00244983145967126
110.763909343,0.199417471885681,-0.00489968108013272
110.773623428,0.198420405387878,-0.00244984962046146
110.783914494,0.196426212787628,-0.00734954932704568
110.793906532,0.196426212787628,-0.00734954932704568
110.803934011,0.195429131388664,-0.00979939848184586
110.813909403,0.195429131388664,-0.00979939848184586
110.823901743,0.193434953689575,-0.00489969924092293
110.833907323,0.193434953689575,-0.00979938078671694
110.843909781,0.1944320499897,-0.00734954932704568
110.853626502,0.195429131388664,-0.00979939848184586
110.863909027,0.196426212787628,-0.00734954932704568
110.873905672,0.195429131388664,-0.00979939848184586
110.883342405,0.196426212787628,-0.00734954932704568
110.893904138,0.197423309087753,-0.00979938078671694
110.903911711,0.197423309087753,-0.00489969924092293
110.913890207,0.197423309087753,-0.00489969924092293
110.92391316,0.197423309087753,-0.00489969924092293
110.933345268,0.198420405387878,-0.00244984962046146
110.943896016,0.200414568185806,-0.00734953070059419
110.953916412,0.198420405387878,-0.00244984962046146
110.963890925,0.198420405387878,-0.00244984962046146
110.973916385,0.199417486786842,0
110.983916963,0.199417486786842,0
110.993949654,0.199417486786842,0
111.003905794,0.199417486786842,0
111.013346616,0.199417486786842,0
111.02391086,0.200414568185806,-0.00244983145967126
111.033911364,0.199417471885681,-0.00489968108013272
111.043902076,0.197423309087753,0
111.053897403,0.198420405387878,-0.00244984962046146
111.063895049,0.197423309087753,-0.00489969924092293
111.073907435,0.197423309087753,-0.00489969924092293
111.083906528,0.198420390486717,-0.00734953070059419
111.093360079,0.197423309087753,-0.00979938078671694
111.103906516,0.197423309087753,-0.00979938078671694
111.113905346,0.197423309087753,-0.00979938078671694
111.12389679,0.197423309087753,-0.00979938078671694
111.133914025,0.198420390486717,-0.00734953070059419
111.143903011,0.199417471885681,-0.00979938078671694
111.153920889,0.199417471885681,-0.00979938078671694
111.163869057,0.200414568185806,-0.00734953070059419
111.173359866,0.201411664485931,-0.00979938078671694
111.18390599,0.200414568185806,-0.00734953070059419
111.193199103,0.201411664485931,-0.00489968108013272
111.203276435,0.201411664485931,-0.00489968108013272
111.2137768,0.203405827283859,-0.00489969924092293
111.223249496,0.203405827283859,-0.00489969924092293
111.233298159,0.203405827283859,-0.00489969924092293
111.243403146,0.203405827283859,0
111.253201583,0.204402923583984,-0.00244984962046146
111.263207757,0.204402923583984,-0.00244984962046146
111.273283148,0.204402923583984,0.00244984962046146
111.283906771,0.204402923583984,0.00244984962046146
111.293901218,0.204402923583984,0.00244984962046146
111.303252527,0.205400004982948,0
111.313899158,0.203405827283859,0
111.323901437,0.203405827283859,0
111.33334434,0.205400004982948,0
111.343897136,0.203405827283859,0
111.353901274,0.204402923583984,-0.00244984962046146
111.363905229,0.204402923583984,0.00244984962046146
111.373909105,0.203405827283859,0
111.383896681,0.203405827283859,0
111.393908786,0.203405827283859,0
111.403267091,0.203405827283859,0.00489969924092293
111.413348024,0.203405827283859,0.00489969924092293
111.423893931,0.204402923583984,0.00244984962046146
111.433900143,0.203405827283859,0.00489969924092293
111.443909931,0.205400004982948,0.00489969924092293
111.453933175,0.204402923583984,0.00734954932704568
111.463916703,0.205400004982948,0
111.473926834,0.205400004982948,0.00489969924092293
111.48390149,0.207394182682037,0.00489969924092293
111.49335188,0.207394182682037,0.00489969924092293
111.503312763,0.208391278982162,0.00244984962046146
111.513914305,0.208391278982162,0.00244984962046146
111.523893355,0.208391278982162,0.00734954932704568
111.53391774,0.209388360381126,0.00489969924092293
111.543904466,0.209388360381126,0
111.553919439,0.208391278982162,0.00734954932704568
111.563911844,0.21038544178009,0.00734953070059419
111.573353861,0.211382538080215,0.00489968108013272
111.583911276,0.21038544178009,0.00734953070059419
111.593910896,0.212379619479179,0.00734953070059419
111.603334019,0.211382538080215,0.00979938078671694
111.613909014,0.213376700878143,0.00979938078671694
111.623909753,0.214373797178268,0.00244984962046146
111.633905265,0.212379619479179,0.00734953070059419
111.643893355,0.213376700878143,0.00979938078671694
111.653356372,0.215370878577232,0.00489969924092293
111.663903617,0.213376700878143,0.00489968108013272
111.673911143,0.213376700878143,0.00489968108013272
111.68392158,0.213376700878143,0
111.693918585,0.212379619479179,0.00244983145967126
111.703605641,0.212379619479179,-0.00244983145967126
111.71391574,0.211382538080215,0
111.723914853,0.21038544178009,0.00244984962046146
111.733360442,0.21038544178009,-0.00244984962046146
111.743903488,0.208391278982162,-0.00244984962046146
111.75391223,0.207394182682037,-0.00489969924092293
111.763913874,0.206397086381912,-0.00244984962046146
111.773907093,0.206397086381912,-0.00734954932704568
111.783908918,0.205400004982948,-0.00489969924092293
111.793924781,0.205400004982948,-0.00979939848184586
111.803737135,0.205400004982948,-0.00979939848184586
111.813365389,0.205400019884109,-0.0146990800276399
111.823905732,0.204402923583984,-0.0122492304071784
111.833905575,0.205400019884109,-0.0146990800276399
111.843896333,0.207394182682037,-0.0146990800276399
111.853905536,0.207394182682037,-0.0146990800276399
111.863891598,0.207394182682037,-0.0146990800276399
111.873914078,0.208391264081001,-0.0171489305794239
111.883297256,0.21038544178009,-0.0171489305794239
111.893358971,0.209388345479965,-0.0146990800276399
111.90394916,0.209388345479965,-0.0146990800276399
111.913916888,0.209388345479965,-0.00979938078671694
111.923895504,0.211382538080215,-0.00979938078671694
111.93390722,0.21038544178009,-0.00734953070059419
111.943906634,0.21038544178009,-0.00734953070059419
111.953905052,0.21038544178009,-0.00244984962046146
111.963892934,0.211382538080215,0
111.973363454,0.21038544178009,0.00734953070059419
111.983894244,0.208391264081001,0.0122492304071784
111.993907308,0.21038544178009,0.0122492304071784
112.00390653,0.21038544178009,0.0171489305794239
112.013905981,0.209388345479965,0.0146990800276399
112.023909409,0.207394182682037,0.0195987615734339
112.033899137,0.208391278982162,0.0220486111938953
112.04391227,0.207394182682037,0.0244984608143568
112.053365398,0.207394182682037,0.0244984608143568
112.063906881,0.206397086381912,0.0220486111938953
112.073909642,0.206397086381912,0.0220486111938953
112.083275475,0.206397086381912,0.0171489119529724
112.093905825,0.206397086381912,0.0171489119529724
112.103897833,0.206397086381912,0.0171489119529724
112.113888631,0.208391264081001,0.0171489305794239
112.12390513,0.209388345479965,0.0146990800276399
112.133366763,0.208391264081001,0.0122492304071784
112.143901737,0.208391264081001,0.0122492304071784
112.153901848,0.208391264081001,0.0122492304071784
112.163897313,0.21038544178009,0.0122492304071784
112.173906569,0.21038544178009,0.00734953070059419
112.183915781,0.21038544178009,0.0122492304071784
112.193905422,0.21038544178009,0.0122492304071784
112.203908849,0.21038544178009,0.00734953070059419
112.213370054,0.209388345479965,0.00979938078671694
112.223909336,0.208391278982162,0.00734954932704568
112.233907653,0.21038544178009,0.00734953070059419
112.24390103,0.209388360381126,0.00489969924092293
112.253897544,0.21038544178009,0.00244984962046146
112.263906453,0.208391278982162,0.00244984962046146
112.273755489,0.207394182682037,0.00489969924092293
112.283905888,0.209388360381126,-0.00489969924092293
112.293369135,0.207394182682037,-0.00489969924092293
112.303263867,0.206397086381912,-0.00244984962046146
112.313907473,0.207394182682037,-0.00489969924092293
112.323913295,0.208391278982162,-0.00734954932704568
112.333893264,0.206397086381912,-0.00734954932704568
112.343903964,0.207394182682037,-0.00979939848184586
112.353906906,0.205400004982948,-0.00979939848184586
112.363889244,0.206397086381912,-0.0122492490336299
112.37337336,0.206397086381912,-0.0122492490336299
112.38390856,0.205400004982948,-0.00979939848184586
112.393903715,0.205400004982948,-0.00979939848184586
112.403226387,0.206397086381912,-0.0122492490336299
112.413905031,0.204402923583984,-0.0122492304071784
112.423911178,0.203405827283859,-0.00979938078671694
112.433178112,0.203405827283859,-0.00979938078671694
112.443904931,0.203405827283859,-0.00979938078671694
112.453382382,0.203405827283859,-0.00979938078671694
112.463912251,0.202408745884895,-0.00734953070059419
112.47389126,0.202408745884895,-0.00734953070059419
112.483910945,0.201411664485931,-0.00489968108013272
112.493901737,0.201411664485931,-0.00489968108013272
112.503405561,0.200414568185806,-0.00244983145967126
112.51391885,0.200414568185806,-0.00244983145967126
112.523892402,0.200414568185806,-0.00244983145967126
112.533381703,0.200414568185806,-0.00244983145967126
112.543915496,0.200414568185806,-0.00244983145967126
112.553919303,0.200414568185806,-0.00244983145967126
112.563915213,0.200414568185806,-0.00244983145967126
112.573908968,0.20141164958477,0
112.583905641,0.20141164958477,0
112.593909663,0.202408730983734,-0.00244984962046146
112.603596338,0.20141164958477,0
112.613378505,0.202408730983734,-0.00244984962046146
112.623893337,0.202408730983734,-0.00244984962046146
112.63358792,0.202408730983734,-0.00244984962046146
112.643907515,0.20141164958477,0
112.65390797,0.20141164958477,0
112.663902631,0.20141164958477,0
112.673896296,0.200414568185806,-0.00244983145967126
112.683891724,0.201411664485931,-0.00489968108013272
112.69339173,0.200414568185806,-0.00244983145967126
112.703822065,0.200414568185806,-0.00244983145967126
112.713911386,0.200414568185806,-0.00244983145967126
112.723909292,0.20141164958477,0
112.733815363,0.20141164958477,0
112.743893978,0.20141164958477,0
112.753908279,0.20141164958477,0
112.763908714,0.20141164958477,0
112.773383863,0.20141164958477,0
112.783905302,0.200414568185806,0.00244983145967126
112.793906303,0.20141164958477,0
112.80391072,0.202408730983734,-0.00244984962046146
112.813908984,0.20141164958477,0
112.823913128,0.200414568185806,-0.00244983145967126
112.833917707,0.200414568185806,-0.00244983145967126
112.843908519,0.199417471885681,-0.00489968108013272
112.853385724,0.199417471885681,-0.00489968108013272
112.863910413,0.199417471885681,-0.00489968108013272
112.873908794,0.198420390486717,-0.00734953070059419
112.883907802,0.199417471885681,-0.00979938078671694
112.893901005,0.197423309087753,-0.00489969924092293
112.903910947,0.197423309087753,-0.00489969924092293
112.913881279,0.198420390486717,-0.00734953070059419
112.923905424,0.198420405387878,-0.00244984962046146
112.933386472,0.198420405387878,-0.00244984962046146
112.943893903,0.199417486786842,0
112.953909813,0.199417471885681,0.00489968108013272
112.963907732,0.200414568185806,0.00244983145967126
112.973907282,0.203405827283859,0.00489969924092293
112.983912131,0.201411664485931,0.00979938078671694
112.993888359,0.203405827283859,0.00979938078671694
113.003916071,0.203405827283859,0.00979938078671694
113.013397291,0.203405827283859,0.0146990800276399
113.023905524,0.205400004982948,0.00979939848184586
113.033406137,0.205400004982948,0.00979939848184586
113.043904669,0.205400004982948,0.00979939848184586
113.053906064,0.206397086381912,0.00734954932704568
113.063909591,0.205400004982948,0.00979939848184586
113.073907704,0.203405827283859,0.00979938078671694
113.083902133,0.204402923583984,0.00734954932704568
113.093392285,0.204402923583984,0.00734954932704568
113.10390354,0.204402923583984,0.00734954932704568
113.113907046,0.204402923583984,0.00244984962046146
113.123892106,0.201411664485931,0.00489968108013272
113.133908444,0.202408730983734,0.00244984962046146
113.143907146,0.202408730983734,0.00244984962046146
113.153901499,0.20141164958477,0
113.163906752,0.20141164958477,0
113.173396578,0.20141164958477,0
113.183908903,0.20141164958477,0
113.193913893,0.201411664485931,-0.00489968108013272
113.20390902,0.202408730983734,-0.00244984962046146
113.213907037,0.202408730983734,-0.00244984962046146
113.223892848,0.202408730983734,-0.00244984962046146
113.233909065,0.203405827283859,0
113.243901248,0.203405827283859,0
113.253393789,0.202408730983734,0.00244984962046146
113.263901919,0.203405827283859,0
113.273895874,0.203405827283859,0
113.283904689,0.204402923583984,-0.00244984962046146
113.293906775,0.202408730983734,0.00244984962046146
113.30373998,0.20141164958477,0
113.313901715,0.199417486786842,0
113.323908621,0.20141164958477,0
113.333396676,0.199417486786842,0
113.343898855,0.199417486786842,0
113.353904537,0.201411664485931,-0.00489968108013272
113.363891459,0.200414568185806,-0.00244983145967126
113.373903191,0.200414568185806,-0.00244983145967126
113.383908719,0.199417486786842,0
113.393906148,0.200414568185806,-0.00244983145967126
113.403915443,0.20141164958477,0
113.413404086,0.203405827283859,0
113.423910614,0.202408730983734,-0.00244984962046146
113.433909857,0.204402923583984,-0.00244984962046146
113.443907463,0.203405827283859,0
113.453905611,0.204402923583984,0.00244984962046146
113.463911918,0.204402923583984,0.00244984962046146
113.473909375,0.206397086381912,0.00244984962046146
113.483910698,0.208391278982162,0.00244984962046146
113.493402176,0.208391278982162,0.00244984962046146
113.503954808,0.208391278982162,0.00244984962046146
113.51392979,0.209388360381126,0.00489969924092293
113.523197641,0.211382538080215,0.00489968108013272
113.533907164,0.21038544178009,0.00734953070059419
113.543904116,0.212379619479179,0.00734953070059419
113.553899631,0.212379619479179,0.00734953070059419
113.563913946,0.214373797178268,0.00734953070059419
113.573401856,0.213376700878143,0.00489968108013272
113.583894021,0.212379619479179,0.00734953070059419
113.5939091,0.214373797178268,0.00734953070059419
113.603924069,0.214373797178268,0.00244984962046146
113.613894508,0.212379619479179,0.00244983145967126
113.623159714,0.212379619479179,0.00244983145967126
113.633903938,0.211382538080215,0
113.643905351,0.211382538080215,-0.00489968108013272
113.653405508,0.21038544178009,-0.00734953070059419
113.663911322,0.209388345479965,-0.00979938078671694
113.673904832,0.208391278982162,-0.00734954932704568
113.68390405,0.207394182682037,-0.0146990800276399
113.693892241,0.206397086381912,-0.0171489119529724
113.703895036,0.205400019884109,-0.0146990800276399
113.713897513,0.205400019884109,-0.0146990800276399
113.723142015,0.204402923583984,-0.0171489305794239
113.733408758,0.205400019884109,-0.0146990800276399
113.743910293,0.205400019884109,-0.0146990800276399
113.753904099,0.206397086381912,-0.0122492490336299
113.763896367,0.206397086381912,-0.00734954932704568
113.773907901,0.207394182682037,-0.00979939848184586
113.7838965,0.208391278982162,-0.00244984962046146
113.793893037,0.209388360381126,0
113.803934785,0.21038544178009,-0.00244984962046146
113.813413071,0.211382538080215,0
113.823371838,0.212379619479179,0.00244983145967126
113.83388696,0.211382538080215,0
113.84389195,0.211382538080215,0.00489968108013272
113.853906627,0.211382538080215,0.00489968108013272
113.863905575,0.21038544178009,0.00244984962046146
113.873889821,0.21038544178009,0.00734953070059419
113.883905195,0.209388360381126,0.00489969924092293
113.893390938,0.209388360381126,0.00489969924092293
113.903877928,0.208391278982162,0.00734954932704568
113.91388216,0.208391278982162,0.00734954932704568
113.923559947,0.208391278982162,0.00734954932704568
113.933883897,0.208391278982162,0.00734954932704568
113.94388423,0.209388360381126,0.00489969924092293
113.953877729,0.207394182682037,0.00489969924092293
113.963878863,0.208391278982162,0.00734954932704568
113.973396622,0.208391278982162,0.00244984962046146
113.9835106,0.208391278982162,0.00244984962046146
113.993881392,0.208391278982162,0.00244984962046146
114.003885437,0.208391278982162,0.00244984962046146
114.013885014,0.208391278982162,0.00244984962046146
114.023748624,0.207394182682037,0
114.033880576,0.208391278982162,0.00244984962046146
114.043878711,0.206397086381912,0.00244984962046146
114.053392065,0.208391278982162,0.00244984962046146
114.063875079,0.207394182682037,0
114.073879776,0.207394182682037,0
114.083881557,0.208391278982162,0.00244984962046146
114.093158327,0.207394182682037,0
114.103886111,0.207394182682037,0
114.113881719,0.206397086381912,-0.00244984962046146
114.123908773,0.205400004982948,0
114.13339287,0.206397086381912,-0.00244984962046146
114.143884063,0.207394182682037,-0.00489969924092293
114.153882097,0.205400004982948,-0.00489969924092293
114.163878602,0.205400004982948,-0.00489969924092293
114.173873427,0.204402923583984,-0.00244984962046146
114.183880259,0.204402923583984,-0.00734954932704568
114.193878493,0.203405827283859,-0.00489969924092293
114.203873885,0.203405827283859,-0.00979938078671694
114.213395113,0.203405827283859,-0.00979938078671694
114.223881175,0.204402923583984,-0.0122492304071784
114.233885853,0.202408745884895,-0.0122492304071784
114.243879713,0.200414568185806,-0.0122492304071784
114.253116136,0.200414568185806,-0.0122492304071784
114.263877815,0.200414568185806,-0.0122492304071784
114.273214608,0.199417471885681,-0.00979938078671694
114.283672614,0.198420390486717,-0.00734953070059419
114.293398444,0.198420390486717,-0.00734953070059419
114.303668823,0.199417471885681,-0.00489968108013272
114.313695554,0.199417471885681,-0.00489968108013272
114.323183922,0.198420405387878,-0.00244984962046146
114.333694994,0.198420405387878,-0.00244984962046146
114.343172255,0.199417486786842,0
114.353910868,0.199417486786842,0
114.363890947,0.199417486786842,0
114.373172991,0.200414568185806,-0.00244983145967126
114.383905103,0.199417486786842,0
114.393170656,0.200414568185806,-0.00244983145967126
114.40390189,0.199417486786842,0
114.413171158,0.199417486786842,0
114.423909617,0.199417486786842,0
114.433163434,0.198420405387878,-0.00244984962046146
114.443907826,0.198420405387878,-0.00244984962046146
114.453167835,0.198420405387878,-0.00244984962046146
114.463914969,0.198420405387878,-0.00244984962046146
114.473164049,0.198420405387878,-0.00244984962046146
114.483901473,0.199417471885681,-0.00489968108013272
114.493161806,0.198420405387878,-0.00244984962046146
114.503912173,0.198420405387878,-0.00244984962046146
114.5131686,0.198420405387878,-0.00244984962046146
114.523906972,0.198420405387878,-0.00244984962046146
114.533146759,0.198420405387878,0.00244984962046146
114.543905982,0.198420405387878,0.00244984962046146
114.553167466,0.200414568185806,0.00244983145967126
114.563902882,0.199417471885681,0.00489968108013272
114.57317293,0.200414568185806,0.00244983145967126
114.583909768,0.200414568185806,0.00244983145967126
114.593173695,0.200414568185806,0.00734953070059419
114.603913271,0.200414568185806,0.00734953070059419
114.613166129,0.200414568185806,0.00734953070059419
114.623170103,0.200414568185806,0.00734953070059419
114.633903544,0.201411664485931,0.00489968108013272
114.643169362,0.201411664485931,0.00489968108013272
114.653911197,0.199417471885681,0.00489968108013272
114.663167527,0.199417471885681,0.00489968108013272
114.673908748,0.198420390486717,0.00734953070059419
114.6831763,0.198420390486717,0.00734953070059419
114.693433436,0.196426212787628,0.00244984962046146
114.703913579,0.196426212787628,0.00244984962046146
114.713189751,0.197423309087753,0
114.723159004,0.196426212787628,-0.00244984962046146
114.73390715,0.195429131388664,0
114.743150815,0.1944320499897,-0.00244984962046146
114.753903795,0.1944320499897,-0.00244984962046146
114.763119166,0.1944320499897,-0.00734954932704568
114.773143729,0.1944320499897,-0.00734954932704568
114.78316122,0.193434953689575,-0.00979938078671694
114.793907639,0.195429131388664,-0.00979939848184586
114.80311677,0.195429131388664,-0.00979939848184586
114.813906668,0.193434953689575,-0.00489969924092293
114.823148893,0.1944320499897,-0.00244984962046146
114.833909313,0.195429131388664,-0.00979939848184586
114.843152654,0.195429131388664,-0.00489969924092293
114.853438107,0.195429131388664,-0.00489969924092293
114.863160687,0.196426212787628,-0.00244984962046146
114.873162746,0.198420405387878,-0.00244984962046146
114.883151475,0.199417486786842,0
114.893164327,0.198420405387878,0.00244984962046146
114.903904871,0.200414568185806,0.00244983145967126
114.913154174,0.20141164958477,0
114.923904002,0.203405827283859,0
114.9331497,0.203405827283859,0.00489969924092293
114.943906839,0.205400004982948,0.00489969924092293
114.953899594,0.205400004982948,0.00489969924092293
114.963150966,0.206397086381912,0.00734954932704568
114.973911177,0.204402923583984,0.00734954932704568
114.983103376,0.206397086381912,0.00734954932704568
114.993902086,0.209388360381126,0.00489969924092293
115.0031531,0.207394182682037,0.00489969924092293
115.013442863,0.209388360381126,0.00489969924092293
115.023898282,0.207394182682037,0.00489969924092293
115.03314988,0.209388360381126,0.00489969924092293
115.043899554,0.208391278982162,0.00244984962046146
115.053098253,0.209388360381126,0.00489969924092293
115.063130254,0.209388360381126,0
115.073125614,0.211382538080215,0
115.083126911,0.209388360381126,0
115.093129848,0.209388360381126,0
115.10312629,0.209388360381126,0
115.113124454,0.209388360381126,0
115.123125271,0.209388360381126,0
115.133063184,0.209388360381126,0
115.143117285,0.209388360381126,0
115.153130222,0.209388360381126,0
115.163131975,0.209388360381126,0
115.173451482,0.208391278982162,0.00244984962046146
115.183127374,0.209388360381126,0
115.193128469,0.208391278982162,0.00244984962046146
115.20313094,0.208391278982162,0.00244984962046146
115.213134643,0.207394182682037,0.00489969924092293
115.223152807,0.207394182682037,0.00489969924092293
115.233100167,0.205400004982948,0.00489969924092293
115.243141226,0.206397086381912,0.00734954932704568
115.253152794,0.206397086381912,0.00244984962046146
115.263103516,0.206397086381912,0.00734954932704568
115.273015133,0.206397086381912,0.00734954932704568
115.283146344,0.205400004982948,0.00979939848184586
115.293102145,0.205400004982948,0.00979939848184586
115.303138372,0.206397086381912,0.00734954932704568
115.313131755,0.206397086381912,0.00734954932704568
115.323149652,0.207394182682037,0.00979939848184586
115.333148837,0.208391278982162,0.00734954932704568
115.343142193,0.208391278982162,0.00734954932704568
115.353140378,0.209388345479965,0.00979938078671694
115.363116593,0.209388345479965,0.00979938078671694
115.373148576,0.208391278982162,0.00734954932704568
115.383120599,0.211382538080215,0.00489968108013272
115.393893912,0.21038544178009,0.00244984962046146
115.403052324,0.211382538080215,0.00489968108013272
115.413063658,0.21038544178009,0.00244984962046146
115.423098267,0.211382538080215,0
115.4331078,0.211382538080215,0.00489968108013272
115.443115139,0.212379619479179,0.00244983145967126
115.453108024,0.211382538080215,0
115.463116357,0.21038544178009,0.00244984962046146
115.473116841,0.212379619479179,0.00244983145967126
115.483112261,0.21038544178009,0.00734953070059419
115.493120755,0.211382538080215,0.00489968108013272
115.503105166,0.211382538080215,0.00489968108013272
115.513061492,0.212379619479179,0.00734953070059419
115.523112788,0.212379619479179,0.00734953070059419
115.533109874,0.213376700878143,0.00489968108013272
115.543118103,0.212379619479179,0.00244983145967126
115.553112472,0.212379619479179,0.00734953070059419
115.563110078,0.214373797178268,0.00244984962046146
115.573060435,0.215370878577232,0.00489969924092293
115.583120536,0.217365056276321,0
115.593118698,0.218362152576447,0.00244984962046146
115.603123144,0.218362152576447,0.00244984962046146
115.613111093,0.21935923397541,0
115.623123521,0.218362152576447,0.00244984962046146
115.633113893,0.218362152576447,0.00244984962046146
115.643119996,0.220356315374374,0.00734953070059419
115.653038354,0.2213534116745,0.00489968108013272
115.663113951,0.220356315374374,0.00734953070059419
115.67311804,0.21935923397541,0.00489969924092293
115.683104216,0.219359219074249,0.00979938078671694
115.693063206,0.219359219074249,0.00979938078671694
115.703066915,0.218362137675285,0.0122492304071784
115.713024135,0.218362137675285,0.0122492304071784
115.723119927,0.219359219074249,0.00979938078671694
115.733068451,0.219359219074249,0.00979938078671694
115.743068183,0.217365056276321,0.00979939848184586
115.753067057,0.216367974877357,0.0122492304071784
115.76306429,0.217365056276321,0.00979939848184586
115.773062633,0.217365056276321,0.00979939848184586
115.783067571,0.215370893478394,0.00979938078671694
115.793063801,0.215370893478394,0.00979938078671694
115.803069186,0.216367959976196,0.00734954932704568
115.813063929,0.214373797178268,0.00734953070059419
115.823101926,0.214373797178268,0.00734953070059419
115.833068077,0.213376700878143,0.00489968108013272
115.843065886,0.213376700878143,0.00489968108013272
115.853041094,0.213376700878143,0
115.863070944,0.213376700878143,0
115.873067495,0.211382538080215,0
115.883047426,0.21038544178009,-0.00244984962046146
115.893098443,0.208391278982162,-0.00244984962046146
115.903064174,0.207394182682037,-0.00489969924092293
115.913067577,0.207394182682037,-0.00489969924092293
115.923074594,0.205400004982948,-0.00489969924092293
115.933084386,0.204402923583984,-0.00244984962046146
115.943103841,0.203405827283859,-0.00489969924092293
115.953104875,0.200414568185806,-0.00244983145967126
115.963017883,0.198420405387878,-0.00244984962046146
115.973087557,0.197423309087753,0
115.983067451,0.196426212787628,-0.00244984962046146
115.993073937,0.195429131388664,-0.00489969924092293
116.003075541,0.1944320499897,-0.00244984962046146
116.013067202,0.19243785738945,-0.00244984962046146
116.023042594,0.191440775990486,0
116.033073112,0.190443694591522,0.00244983145967126
116.043038856,0.188449531793594,0.00244984962046146
116.053075229,0.191440775990486,0
116.063033164,0.189446613192558,0
116.073070986,0.190443694591522,-0.00244983145967126
116.083043641,0.189446613192558,0
116.092947195,0.191440775990486,0
116.103034484,0.191440775990486,0
116.1130238,0.193434953689575,0
116.123037697,0.193434953689575,-0.00489969924092293
116.13302697,0.193434953689575,-0.00489969924092293
116.143032678,0.195429131388664,-0.00489969924092293
116.153037064,0.19243785738945,-0.00244984962046146
116.163031237,0.1944320499897,-0.00244984962046146
116.172984591,0.195429131388664,-0.00489969924092293
116.183055139,0.195429131388664,-0.00489969924092293
116.192954292,0.1944320499897,-0.00244984962046146
116.203028102,0.19243785738945,-0.00244984962046146
116.21303082,0.193434953689575,-0.00489969924092293
116.223049089,0.193434953689575,-0.00489969924092293
116.233026668,0.192437872290611,-0.00734953070059419
116.243053716,0.191440790891647,-0.00979938078671694
116.253012532,0.192437872290611,-0.0122492304071784
116.263007515,0.191440790891647,-0.0146990800276399
116.273033376,0.189446598291397,-0.0146990800276399
116.283003543,0.190443694591522,-0.0171489305794239
116.293030088,0.189446598291397,-0.0195987801998854
116.303011355,0.190443694591522,-0.0220486298203468
116.313007077,0.188449531793594,-0.0220486111938953
116.323034202,0.188449531793594,-0.0220486111938953
116.333010164,0.189446613192558,-0.0244984608143568
116.343033989,0.189446613192558,-0.0244984608143568
116.352970484,0.189446598291397,-0.0195987801998854
116.36304125,0.190443694591522,-0.0220486298203468
116.372965082,0.190443694591522,-0.0171489305794239
116.383030193,0.191440790891647,-0.0195987801998854
116.392959102,0.192437872290611,-0.0171489305794239
116.402965297,0.192437872290611,-0.0122492304071784
116.412961875,0.192437872290611,-0.0122492304071784
116.422961855,0.193434953689575,-0.00979938078671694
116.432958169,0.1944320499897,-0.00734954932704568
116.442968183,0.195429131388664,-0.00489969924092293
116.452963068,0.196426212787628,-0.00734954932704568
116.46298263,0.196426212787628,-0.00244984962046146
116.472958216,0.198420405387878,-0.00244984962046146
116.482963501,0.198420405387878,0.00244984962046146
116.492963243,0.198420405387878,0.00244984962046146
116.502996227,0.200414568185806,0.00244983145967126
116.512975128,0.201411664485931,0.00489968108013272
116.522976253,0.202408745884895,0.00734953070059419
116.532981594,0.202408745884895,0.00734953070059419
116.542936088,0.203405827283859,0.00979938078671694
116.55298418,0.203405827283859,0.00979938078671694
116.56301532,0.205400004982948,0.00979939848184586
116.572989908,0.204402923583984,0.00734954932704568
116.583009042,0.204402923583984,0.00734954932704568
116.592938896,0.205400004982948,0.00979939848184586
116.602966855,0.204402923583984,0.00734954932704568
116.612997019,0.205400004982948,0.00489969924092293
116.623002123,0.205400004982948,0.00489969924092293
116.633001472,0.205400004982948,0.00489969924092293
116.642990504,0.204402923583984,0.00244984962046146
116.653000044,0.206397086381912,0.00244984962046146
116.662947258,0.204402923583984,0.00244984962046146
116.672991284,0.205400004982948,0.00489969924092293
116.683012116,0.206397086381912,0.00244984962046146
116.692961683,0.206397086381912,0.00244984962046146
116.702942422,0.206397086381912,0.00244984962046146
116.712946553,0.207394182682037,0.00489969924092293
116.722957386,0.207394182682037,0.00489969924092293
116.732946605,0.207394182682037,0.00489969924092293
116.742972922,0.209388360381126,0.00489969924092293
116.752948707,0.209388360381126,0.00489969924092293
116.762945081,0.21038544178009,0.00734953070059419
116.772953681,0.209388360381126,0.00489969924092293
116.78295582,0.211382538080215,0.00489968108013272
116.792950618,0.211382538080215,0.00489968108013272
116.802947331,0.212379619479179,0.00244983145967126
116.812952889,0.212379619479179,0.00244983145967126
116.822968578,0.212379619479179,0.00244983145967126
116.832950528,0.213376700878143,0
116.842956908,0.212379619479179,0.00244983145967126
116.852937501,0.213376700878143,0
116.862945394,0.212379619479179,-0.00244983145967126
116.872951476,0.213376700878143,0
116.882957696,0.211382538080215,0.00489968108013272
116.892952319,0.211382538080215,0
116.902980576,0.212379619479179,0.00244983145967126
116.912947106,0.21038544178009,0.00244984962046146
116.922973529,0.21038544178009,0.00244984962046146
116.932954118,0.211382538080215,0.00489968108013272
116.942973399,0.212379619479179,0.00734953070059419
116.952943869,0.211382538080215,0.00979938078671694
116.962936953,0.213376700878143,0.00979938078671694
116.972946497,0.214373797178268,0.00734953070059419
116.982934555,0.214373797178268,0.00734953070059419
116.992954588,0.214373797178268,0.0122492304071784
117.002962138,0.213376700878143,0.00979938078671694
117.012958166,0.215370893478394,0.00979938078671694
117.022974228,0.215370893478394,0.00979938078671694
117.032936134,0.214373797178268,0.00734953070059419
117.042977886,0.214373797178268,0.00244984962046146
117.052938751,0.214373797178268,0.00244984962046146
117.062933583,0.212379619479179,0.00244983145967126
117.072935565,0.211382538080215,0
117.082931817,0.211382538080215,0
117.09293302,0.211382538080215,-0.00489968108013272
117.102929394,0.212379619479179,-0.00244983145967126
117.112933492,0.21038544178009,-0.00244984962046146
117.122942232,0.21038544178009,-0.00244984962046146
117.132932575,0.211382538080215,0
117.142939682,0.21038544178009,-0.00244984962046146
117.152924775,0.209388360381126,-0.00489969924092293
117.162935523,0.21038544178009,-0.00244984962046146
117.172934208,0.21038544178009,-0.00244984962046146
117.182934845,0.21038544178009,-0.00244984962046146
117.192935147,0.21038544178009,-0.00244984962046146
117.202933006,0.209388360381126,0
117.212976411,0.21038544178009,-0.00244984962046146
117.222939454,0.211382538080215,-0.00489968108013272
117.232934547,0.209388360381126,-0.00489969924092293
117.24293891,0.209388360381126,0
117.252937591,0.21038544178009,0.00244984962046146
117.262937908,0.21038544178009,-0.00244984962046146
117.272948361,0.21038544178009,0.00244984962046146
117.282933941,0.209388360381126,0
117.292947553,0.21038544178009,0.00244984962046146
117.302943495,0.209388360381126,0
117.312942312,0.21038544178009,0.00244984962046146
117.322931545,0.208391278982162,0.00244984962046146
117.332941394,0.208391278982162,0.00734954932704568
117.342936837,0.208391278982162,0.00244984962046146
117.352939369,0.206397086381912,0.00244984962046146
117.362929089,0.206397086381912,0.00734954932704568
117.372935182,0.205400004982948,0.00489969924092293
117.382926405,0.206397086381912,0.00734954932704568
117.39293599,0.204402923583984,0.00734954932704568
117.402928872,0.205400004982948,0.00489969924092293
117.412935729,0.203405827283859,0.00489969924092293
117.422922726,0.203405827283859,0.00489969924092293
117.432917072,0.204402923583984,0.00244984962046146
117.44292959,0.203405827283859,0.00489969924092293
117.452936753,0.204402923583984,0.00244984962046146
117.462919371,0.203405827283859,0
117.472926182,0.204402923583984,-0.00244984962046146
117.482920585,0.202408730983734,-0.00244984962046146
117.492918649,0.203405827283859,-0.00489969924092293
117.502923038,0.202408730983734,-0.00244984962046146
117.512923659,0.202408730983734,-0.00244984962046146
117.52292631,0.203405827283859,-0.00489969924092293
117.532924832,0.203405827283859,-0.00489969924092293
117.542917794,0.203405827283859,-0.00489969924092293
117.55292814,0.203405827283859,-0.00489969924092293
117.562931314,0.203405827283859,-0.00489969924092293
117.572929158,0.202408730983734,-0.00244984962046146
117.582926869,0.203405827283859,-0.00489969924092293
117.592924532,0.203405827283859,-0.00489969924092293
117.60293711,0.204402923583984,-0.00244984962046146
117.612921458,0.204402923583984,-0.00244984962046146
117.622920018,0.204402923583984,-0.00244984962046146
117.632905921,0.204402923583984,-0.00734954932704568
117.642933247,0.204402923583984,-0.00734954932704568
117.65291601,0.203405827283859,-0.00489969924092293
117.662929479,0.202408745884895,-0.00734953070059419
117.672929777,0.203405827283859,-0.00979938078671694
117.68291159,0.203405827283859,-0.00979938078671694
117.692929048,0.202408745884895,-0.00734953070059419
117.702910875,0.202408745884895,-0.0122492304071784
117.71291726,0.201411664485931,-0.0146990800276399
117.722929247,0.201411664485931,-0.0146990800276399
117.732941338,0.200414568185806,-0.0122492304071784
117.742910536,0.199417471885681,-0.0146990800276399
117.752923854,0.200414568185806,-0.0122492304071784
117.762919426,0.200414568185806,-0.0122492304071784
117.772921034,0.199417471885681,-0.00979938078671694
117.782917735,0.199417471885681,-0.00979938078671694
117.792911272,0.198420390486717,-0.00734953070059419
117.802914381,0.197423309087753,-0.00489969924092293
117.8129543,0.198420405387878,-0.00244984962046146
117.822919095,0.197423309087753,0
117.832910916,0.197423309087753,0
117.842907925,0.198420405387878,0.00244984962046146
117.852901263,0.197423309087753,0
117.862910426,0.198420405387878,0.00244984962046146
117.872922242,0.197423309087753,0.00489969924092293
117.882930718,0.197423309087753,0.00489969924092293
117.892911228,0.199417471885681,0.00489968108013272
117.902903253,0.200414568185806,0.00244983145967126
117.912868524,0.199417471885681,0.00489968108013272
117.92290613,0.199417471885681,0.00489968108013272
117.932907325,0.199417471885681,0.00489968108013272
117.942889867,0.199417471885681,0.00489968108013272
117.952915684,0.200414568185806,0.00244983145967126
117.96291592,0.199417471885681,0.00489968108013272
117.97290309,0.20141164958477,0
117.982913027,0.20141164958477,0
117.992904947,0.201411664485931,-0.00489968108013272
118.002899387,0.199417486786842,0
118.012881721,0.200414568185806,-0.00244983145967126
118.022919466,0.200414568185806,-0.00244983145967126
118.032911145,0.200414568185806,-0.00244983145967126
118.042901851,0.201411664485931,-0.00489968108013272
118.0529098,0.200414568185806,-0.00244983145967126
118.062905528,0.201411664485931,-0.00489968108013272
118.072903528,0.200414568185806,-0.00244983145967126
118.08290874,0.200414568185806,-0.00244983145967126
118.092913592,0.198420405387878,-0.00244984962046146
118.102906378,0.199417471885681,-0.00489968108013272
118.112919906,0.199417471885681,-0.00489968108013272
118.122904986,0.200414568185806,-0.00734953070059419
118.13291706,0.200414568185806,-0.00734953070059419
118.142916636,0.200414568185806,-0.00734953070059419
118.152906343,0.200414568185806,-0.00734953070059419
118.162911857,0.199417471885681,-0.00979938078671694
118.172911892,0.201411664485931,-0.00979938078671694
118.182914714,0.201411664485931,-0.00979938078671694
118.192916911,0.203405827283859,-0.00979938078671694
118.20290337,0.204402923583984,-0.0122492304071784
118.212913038,0.204402923583984,-0.0122492304071784
118.222907176,0.204402923583984,-0.0122492304071784
118.232906518,0.204402923583984,-0.0122492304071784
118.242914559,0.203405827283859,-0.00979938078671694
118.252920377,0.203405827283859,-0.00979938078671694
118.262907147,0.205400004982948,-0.00979939848184586
118.272911631,0.204402923583984,-0.00734954932704568
118.282915291,0.204402923583984,-0.00734954932704568
118.292911827,0.203405827283859,-0.00489969924092293
118.302910951,0.203405827283859,-0.00489969924092293
118.312908139,0.203405827283859,-0.00489969924092293
118.322914713,0.202408730983734,-0.00244984962046146
118.332915237,0.20141164958477,0
118.342913937,0.202408730983734,-0.00244984962046146
118.352906804,0.202408730983734,-0.00244984962046146
118.362893639,0.201411664485931,-0.00489968108013272
118.372899723,0.199417471885681,-0.00489968108013272
118.382898503,0.200414568185806,-0.00734953070059419
118.392917768,0.200414568185806,-0.00734953070059419
118.402918825,0.199417471885681,-0.00489968108013272
118.412911108,0.200414568185806,-0.00244983145967126
118.422913294,0.202408730983734,-0.00244984962046146
118.432920382,0.203405827283859,-0.00489969924092293
118.442910305,0.204402923583984,-0.00244984962046146
118.452905575,0.205400004982948,0
118.462909507,0.207394182682037,0.00489969924092293
118.472909894,0.209388360381126,0.00489969924092293
118.482909661,0.21038544178009,0.00734953070059419
118.492911294,0.211382538080215,0.00489968108013272
118.5028964,0.212379619479179,0.00734953070059419
118.512915255,0.212379619479179,0.00734953070059419
118.522908347,0.212379619479179,0.00734953070059419
118.532903499,0.214373797178268,0.00734953070059419
118.54290529,0.213376700878143,0.00979938078671694
118.552912812,0.213376700878143,0.00979938078671694
118.562905712,0.212379619479179,0.0122492304071784
118.57291156,0.214373797178268,0.00734953070059419
118.582908588,0.213376700878143,0.00979938078671694
118.592909782,0.213376700878143,0.0146990800276399
118.602909551,0.213376700878143,0.0146990800276399
118.612912327,0.213376700878143,0.0146990800276399
118.622898044,0.212379619479179,0.0122492304071784
118.632910207,0.211382538080215,0.0146990800276399
118.642910208,0.211382538080215,0.0146990800276399
118.652905208,0.211382538080215,0.00979938078671694
118.662908602,0.212379619479179,0.00734953070059419
118.672914644,0.209388345479965,0.00979938078671694
118.682912445,0.208391278982162,0.00734954932704568
118.6929071,0.208391278982162,0.00734954932704568
118.702912792,0.208391278982162,0.00244984962046146
118.712914325,0.207394182682037,0
118.722897878,0.208391278982162,0.00244984962046146
118.732904147,0.206397086381912,0.00244984962046146
118.742907929,0.206397086381912,-0.00244984962046146
118.752903978,0.206397086381912,0.00244984962046146
118.762908824,0.205400004982948,0
118.772943083,0.205400004982948,0
118.782910117,0.205400004982948,0
118.7929034,0.206397086381912,-0.00244984962046146
118.80291508,0.205400004982948,0
118.812906473,0.206397086381912,-0.00244984962046146
118.822913053,0.205400004982948,0
118.832909113,0.207394182682037,-0.00489969924092293
118.842910158,0.208391278982162,-0.00244984962046146
118.852910789,0.208391278982162,-0.00244984962046146
118.862913002,0.208391278982162,-0.00244984962046146
118.872912146,0.21038544178009,-0.00244984962046146
118.882908803,0.21038544178009,-0.00244984962046146
118.892890947,0.21038544178009,-0.00244984962046146
118.902914845,0.211382538080215,0
118.912897351,0.211382538080215,0
118.922911366,0.211382538080215,0
118.932909755,0.212379619479179,0.00244983145967126
118.942909439,0.212379619479179,0.00244983145967126
118.952908514,0.212379619479179,0.00244983145967126
118.962903511,0.212379619479179,0.00734953070059419
118.972910847,0.212379619479179,0.00734953070059419
118.982914366,0.214373797178268,0.00734953070059419
118.992902686,0.213376700878143,0.00979938078671694
119.002912896,0.212379619479179,0.00734953070059419
119.012915658,0.214373797178268,0.00734953070059419
119.022912956,0.214373797178268,0.00734953070059419
119.032912824,0.214373797178268,0.00734953070059419
119.042908598,0.214373797178268,0.00734953070059419
119.052908173,0.214373797178268,0.00734953070059419
119.062915603,0.215370878577232,0.00489969924092293
119.072910432,0.214373797178268,0.00734953070059419
119.082909349,0.214373797178268,0.00734953070059419
119.092913273,0.214373797178268,0.00244984962046146
119.102909937,0.216367959976196,0.00244984962046146
119.112908507,0.214373797178268,0.00734953070059419
119.122912672,0.215370878577232,0.00489969924092293
119.132914901,0.213376700878143,0.00489968108013272
119.142951904,0.212379619479179,0.00734953070059419
119.152915819,0.213376700878143,0.00489968108013272
119.162916973,0.211382538080215,0.00489968108013272
119.172918253,0.21038544178009,0.00734953070059419
119.182915825,0.209388345479965,0.00979938078671694
119.192907344,0.209388345479965,0.00979938078671694
119.202920327,0.208391264081001,0.0122492304071784
119.212910761,0.206397086381912,0.0122492490336299
119.222904411,0.205400019884109,0.0146990800276399
119.232905187,0.205400019884109,0.0146990800276399
119.242911162,0.205400019884109,0.0146990800276399
119.252920379,0.203405827283859,0.0146990800276399
119.262898892,0.203405827283859,0.0146990800276399
119.272885295,0.203405827283859,0.0146990800276399
119.282908752,0.203405827283859,0.00979938078671694
119.292938812,0.202408745884895,0.0122492304071784
119.302917445,0.200414568185806,0.0122492304071784
119.312909488,0.201411664485931,0.00979938078671694
119.322914798,0.200414568185806,0.00734953070059419
119.332905979,0.200414568185806,0.00734953070059419
119.342903478,0.199417471885681,0.00489968108013272
119.352909295,0.199417471885681,0.00489968108013272
119.362905967,0.199417471885681,0.00489968108013272
119.372909196,0.199417486786842,0
119.382908936,0.198420405387878,0.00244984962046146
119.392877568,0.197423309087753,0
119.402885174,0.198420405387878,-0.00244984962046146
119.412883543,0.198420405387878,-0.00244984962046146
119.422879111,0.197423309087753,-0.00489969924092293
119.432891419,0.197423309087753,-0.00489969924092293
119.442881387,0.196426212787628,-0.00734954932704568
119.452886043,0.196426212787628,-0.00734954932704568
119.462886968,0.195429131388664,-0.00489969924092293
119.472885436,0.195429131388664,-0.00979939848184586
119.482887585,0.195429131388664,-0.00979939848184586
119.492878435,0.195429131388664,-0.00489969924092293
119.502879349,0.196426212787628,-0.00734954932704568
119.512888261,0.195429131388664,-0.00979939848184586
119.522881611,0.196426212787628,-0.00734954932704568
119.532891943,0.196426212787628,-0.00734954932704568
119.542883565,0.197423309087753,-0.00489969924092293
119.552885253,0.197423309087753,-0.00489969924092293
119.562883408,0.198420390486717,-0.00734953070059419
119.572885479,0.199417471885681,-0.00489968108013272
119.582879543,0.199417471885681,-0.00489968108013272
119.59288543,0.200414568185806,-0.00734953070059419
119.60288202,0.199417471885681,-0.00489968108013272
119.612886338,0.200414568185806,-0.00244983145967126
119.622884352,0.200414568185806,-0.00734953070059419
119.632884784,0.199417471885681,-0.00489968108013272
119.642882894,0.198420390486717,-0.00734953070059419
119.65289593,0.199417471885681,-0.00979938078671694
119.662882162,0.199417471885681,-0.00979938078671694
119.672892293,0.197423309087753,-0.00489969924092293
119.682882416,0.197423309087753,-0.00489969924092293
119.69287881,0.197423309087753,-0.00489969924092293
119.702879667,0.198420390486717,-0.00734953070059419
119.712882668,0.197423309087753,-0.00979938078671694
119.722885195,0.198420390486717,-0.00734953070059419
119.732880864,0.198420390486717,-0.00734953070059419
119.742881652,0.200414568185806,-0.00734953070059419
119.752889817,0.199417471885681,-0.00489968108013272
119.762885553,0.199417471885681,-0.00489968108013272
119.772876656,0.200414568185806,-0.00734953070059419
119.782895023,0.201411664485931,-0.00979938078671694
119.792882778,0.201411664485931,-0.00979938078671694
119.802884791,0.200414568185806,-0.00734953070059419
119.812921093,0.202408745884895,-0.00734953070059419
119.82288264,0.202408730983734,-0.00244984962046146
119.832736236,0.204402923583984,-0.00734954932704568
119.842886065,0.203405827283859,-0.00489969924092293
119.852887728,0.203405827283859,-0.00489969924092293
119.862882584,0.204402923583984,-0.00734954932704568
119.872890629,0.204402923583984,-0.00734954932704568
119.882930096,0.204402923583984,-0.00734954932704568
119.892905837,0.205400004982948,-0.00489969924092293
119.90290508,0.205400004982948,-0.00489969924092293
119.912910168,0.203405827283859,0
119.922909014,0.204402923583984,-0.00244984962046146
119.932898737,0.203405827283859,0
119.942920459,0.204402923583984,0.00244984962046146
119.952901243,0.204402923583984,0.00244984962046146
119.962905648,0.203405827283859,0.00979938078671694
119.972912942,0.204402923583984,0.00734954932704568
119.982909872,0.202408745884895,0.0122492304071784
119.99290641,0.202408745884895,0.0122492304071784
120.002905632,0.201411664485931,0.0146990800276399
120.012908956,0.203405827283859,0.00979938078671694
120.022909376,0.201411664485931,0.0146990800276399
120.032908532,0.201411664485931,0.0146990800276399
120.042905102,0.200414568185806,0.0122492304071784
120.052904925,0.199417471885681,0.0146990800276399
120.062900839,0.201411664485931,0.00979938078671694
120.072912211,0.199417471885681,0.0146990800276399
120.082908247,0.200414568185806,0.0122492304071784
120.092915419,0.199417471885681,0.00979938078671694
120.10290805,0.200414568185806,0.0122492304071784
120.112912332,0.200414568185806,0.0122492304071784
120.122903804,0.200414568185806,0.00734953070059419
120.132904591,0.199417471885681,0.00979938078671694
120.14290713,0.200414568185806,0.0122492304071784
120.152903906,0.201411664485931,0.00979938078671694
120.162913705,0.200414568185806,0.00734953070059419
120.172907404,0.203405827283859,0.00489969924092293
120.182911051,0.202408745884895,0.00734953070059419
120.192909789,0.203405827283859,0.00489969924092293
120.202902678,0.203405827283859,0
120.21290679,0.203405827283859,0.00489969924092293
120.222912339,0.204402923583984,0.00244984962046146
120.232911554,0.206397086381912,-0.00244984962046146
120.242904856,0.205400004982948,-0.00489969924092293
120.252905894,0.206397086381912,-0.00734954932704568
120.262913931,0.206397086381912,-0.00244984962046146
120.272842951,0.205400004982948,-0.00489969924092293
120.282906244,0.206397086381912,-0.00734954932704568
120.292902618,0.206397086381912,-0.00734954932704568
120.30291035,0.207394182682037,-0.00979939848184586
120.312905378,0.208391264081001,-0.0122492304071784
120.322908359,0.207394182682037,-0.00979939848184586
120.332923601,0.207394182682037,-0.00979939848184586
120.342905314,0.206397086381912,-0.0122492490336299
120.352908829,0.206397086381912,-0.00734954932704568
120.36270761,0.205400004982948,-0.00979939848184586
120.372910384,0.205400004982948,-0.00489969924092293
120.382910321,0.207394182682037,-0.00979939848184586
120.392914412,0.206397086381912,-0.00734954932704568
120.402904687,0.207394182682037,-0.00489969924092293
120.412904907,0.205400004982948,-0.00489969924092293
120.422908286,0.207394182682037,-0.00489969924092293
120.432914503,0.207394182682037,-0.00489969924092293
120.442908004,0.209388360381126,0
120.452908532,0.209388360381126,-0.00489969924092293
120.462910863,0.211382538080215,-0.00489968108013272
120.472906685,0.21038544178009,-0.00734953070059419
120.482905363,0.21038544178009,-0.00244984962046146
120.492905334,0.21038544178009,-0.00244984962046146
120.502906544,0.21038544178009,-0.00244984962046146
120.512910591,0.211382538080215,-0.00489968108013272
120.522907915,0.211382538080215,-0.00489968108013272
120.532908657,0.209388360381126,0
120.542903318,0.211382538080215,-0.00489968108013272
120.552907422,0.21038544178009,-0.00244984962046146
120.562902721,0.21038544178009,-0.00244984962046146
120.572903238,0.211382538080215,-0.00489968108013272
120.582905131,0.21038544178009,-0.00244984962046146
120.592913803,0.211382538080215,-0.00489968108013272
120.602908924,0.211382538080215,-0.00489968108013272
120.612905999,0.21038544178009,-0.00244984962046146
120.622908112,0.209388360381126,-0.00489969924092293
120.63291219,0.211382538080215,-0.00979938078671694
120.64290874,0.209388345479965,-0.00979938078671694
120.652905181,0.21038544178009,-0.00734953070059419
120.662904744,0.209388345479965,-0.00979938078671694
120.672906494,0.208391278982162,-0.00734954932704568
120.682929337,0.21038544178009,-0.0122492304071784
120.692916368,0.209388345479965,-0.00979938078671694
120.702909628,0.208391264081001,-0.0122492304071784
120.71291522,0.209388345479965,-0.00979938078671694
120.722910918,0.209388345479965,-0.00979938078671694
120.732910576,0.21038544178009,-0.00734953070059419
120.742908062,0.21038544178009,-0.00734953070059419
120.752902494,0.211382538080215,-0.00979938078671694
120.762912744,0.211382538080215,-0.00489968108013272
120.772904994,0.213376700878143,-0.00979938078671694
120.782908489,0.211382538080215,-0.00489968108013272
120.79291188,0.211382538080215,-0.00489968108013272
120.802912398,0.212379619479179,-0.00244983145967126
120.812910357,0.212379619479179,-0.00734953070059419
120.822905194,0.213376700878143,-0.00489968108013272
120.832909309,0.212379619479179,-0.00244983145967126
120.842907458,0.211382538080215,0
120.852953005,0.209388360381126,0
120.862896541,0.21038544178009,-0.00244984962046146
120.872912231,0.208391278982162,0.00244984962046146
120.882913019,0.208391278982162,-0.00244984962046146
120.892914376,0.208391278982162,0.00244984962046146
120.902907198,0.206397086381912,0.00244984962046146
120.912898492,0.205400004982948,0.00489969924092293
120.922906824,0.204402923583984,0.00244984962046146
120.932900746,0.204402923583984,0.00244984962046146
120.942906261,0.204402923583984,0.00244984962046146
120.952903258,0.205400004982948,0
120.962905827,0.204402923583984,-0.00244984962046146
120.97289798,0.203405827283859,0
120.982909394,0.202408730983734,0.00244984962046146
120.992909795,0.202408730983734,-0.00244984962046146
121.002906312,0.203405827283859,-0.00489969924092293
121.012915253,0.20141164958477,0
121.022903682,0.200414568185806,0.00244983145967126
121.032922746,0.199417486786842,0
121.042909507,0.199417486786842,0
121.052905481,0.199417486786842,0
121.06289933,0.198420405387878,0.00244984962046146
121.072914749,0.198420405387878,0.00244984962046146
121.082890854,0.198420405387878,0.00244984962046146
121.092910501,0.198420405387878,-0.00244984962046146
121.102914143,0.196426212787628,0.00244984962046146
121.112908749,0.199417471885681,-0.00489968108013272
121.122911201,0.198420405387878,-0.00244984962046146
121.132901782,0.199417471885681,-0.00489968108013272
121.142907464,0.199417471885681,-0.00489968108013272
121.152908828,0.198420405387878,-0.00244984962046146
121.162908704,0.196426212787628,-0.00244984962046146
121.172908543,0.198420390486717,-0.00734953070059419
121.182911117,0.198420390486717,-0.00734953070059419
121.192905353,0.198420405387878,-0.00244984962046146
121.202895646,0.198420405387878,-0.00244984962046146
121.212907013,0.198420405387878,-0.00244984962046146
121.222907664,0.199417471885681,-0.00489968108013272
121.232906927,0.198420405387878,-0.00244984962046146
121.242912428,0.198420405387878,-0.00244984962046146
121.252908996,0.198420405387878,-0.00244984962046146
121.26291227,0.199417486786842,0
121.272908004,0.198420405387878,0.00244984962046146
121.282945812,0.197423309087753,0
121.292904926,0.197423309087753,0
121.302881468,0.198420405387878,-0.00244984962046146
121.31290421,0.197423309087753,0.00489969924092293
121.322906089,0.198420405387878,0.00244984962046146
121.332909915,0.197423309087753,0.00489969924092293
121.342902024,0.197423309087753,0.00489969924092293
121.352912472,0.196426212787628,0.00734954932704568
121.362912312,0.198420405387878,0.00244984962046146
121.372952537,0.197423309087753,0.00489969924092293
121.382901321,0.200414568185806,0.00734953070059419
121.392915364,0.200414568185806,0.00734953070059419
121.402906208,0.201411664485931,0.00979938078671694
121.412906453,0.201411664485931,0.00489968108013272
121.422906378,0.201411664485931,0.00979938078671694
121.432911047,0.203405827283859,0.00979938078671694
121.442915614,0.204402923583984,0.00734954932704568
121.452903747,0.205400004982948,0.00489969924092293
121.46291626,0.206397086381912,0.00734954932704568
121.472916284,0.208391278982162,0.00734954932704568
121.482909906,0.206397086381912,0.0122492490336299
121.492906334,0.208391264081001,0.0122492304071784
121.502917796,0.207394182682037,0.00979939848184586
121.512909179,0.209388345479965,0.00979938078671694
121.522909534,0.208391278982162,0.00734954932704568
121.532948597,0.209388360381126,0.00489969924092293
121.542909613,0.208391278982162,0.00734954932704568
121.552908644,0.209388345479965,0.00979938078671694
121.562906877,0.208391278982162,0.00734954932704568
121.572903174,0.207394182682037,0.00489969924092293
121.582909803,0.208391278982162,0.00244984962046146
121.592919163,0.206397086381912,0.00244984962046146
121.602908632,0.207394182682037,0
121.612906366,0.206397086381912,-0.00244984962046146
121.622910577,0.206397086381912,-0.00244984962046146
121.63289297,0.205400004982948,0
121.642906752,0.206397086381912,-0.00244984962046146
121.652902468,0.206397086381912,-0.00734954932704568
121.66290436,0.204402923583984,-0.00244984962046146
121.672901483,0.205400004982948,-0.00489969924092293
121.682905596,0.205400004982948,-0.00979939848184586
121.69290938,0.205400004982948,-0.00979939848184586
121.702127062,0.204402923583984,-0.00734954932704568
121.712917143,0.203405827283859,-0.00489969924092293
121.722901758,0.203405827283859,-0.00489969924092293
121.7329129,0.203405827283859,-0.00979938078671694
121.742907428,0.203405827283859,-0.00979938078671694
121.75290655,0.201411664485931,-0.00489968108013272
121.762908787,0.202408745884895,-0.00734953070059419
121.772893874,0.201411664485931,-0.00489968108013272
121.782909557,0.200414568185806,-0.00244983145967126
121.792105329,0.200414568185806,-0.00244983145967126
121.802945433,0.199417486786842,0
121.812911526,0.200414568185806,-0.00244983145967126
121.822933037,0.199417486786842,0
121.832928447,0.198420405387878,0.00244984962046146
121.842909832,0.198420390486717,0.00734953070059419
121.85291606,0.199417471885681,0.00489968108013272
121.86290374,0.199417471885681,0.00979938078671694
121.872918482,0.200414568185806,0.00734953070059419
121.882924274,0.199417471885681,0.00979938078671694
121.892897349,0.200414568185806,0.0122492304071784
121.902912985,0.201411664485931,0.00979938078671694
121.912909342,0.202408745884895,0.0122492304071784
121.922911238,0.203405827283859,0.00979938078671694
121.93292242,0.203405827283859,0.00979938078671694
121.942107849,0.203405827283859,0.00979938078671694
121.95288511,0.203405827283859,0.00979938078671694
121.962127351,0.204402923583984,0.00244984962046146
121.972139625,0.203405827283859,0.00489969924092293
121.982891466,0.204402923583984,0.00244984962046146
121.992111278,0.204402923583984,-0.00244984962046146
122.002090308,0.205400004982948,0
122.012908066,0.203405827283859,0
122.022116531,0.204402923583984,-0.00244984962046146
122.032107877,0.204402923583984,-0.00244984962046146
122.042102795,0.204402923583984,-0.00734954932704568
122.052069837,0.203405827283859,-0.00489969924092293
122.0620712,0.205400004982948,-0.00489969924092293
122.072067466,0.205400004982948,-0.00489969924092293
122.082055975,0.205400004982948,-0.00489969924092293
122.092058799,0.206397086381912,-0.00244984962046146
122.102061397,0.205400004982948,-0.00489969924092293
122.112060178,0.206397086381912,-0.00734954932704568
122.122042833,0.206397086381912,-0.00244984962046146
122.132025656,0.208391278982162,-0.00734954932704568
122.142016929,0.207394182682037,-0.00489969924092293
122.152011638,0.209388360381126,-0.00489969924092293
122.162026009,0.206397086381912,-0.00244984962046146
122.171993215,0.207394182682037,-0.00489969924092293
122.182023671,0.208391278982162,-0.00734954932704568
122.191978172,0.206397086381912,-0.00734954932704568
122.201992991,0.206397086381912,-0.00734954932704568
122.211983311,0.205400004982948,-0.00489969924092293
122.221977335,0.204402923583984,-0.00734954932704568
122.231931991,0.202408730983734,-0.00244984962046146
122.241969768,0.202408730983734,-0.00244984962046146
122.2519698,0.201411664485931,-0.00489968108013272
122.26192007,0.201411664485931,-0.00489968108013272
122.271916085,0.200414568185806,-0.00244983145967126
122.281966029,0.20141164958477,0
122.291922692,0.20141164958477,0
122.301912773,0.202408730983734,0.00244984962046146
122.311911261,0.202408730983734,0.00244984962046146
122.321906527,0.204402923583984,0.00244984962046146
122.331908639,0.205400004982948,0.00489969924092293
122.341913891,0.206397086381912,0.00734954932704568
122.351905131,0.207394182682037,0.00489969924092293
122.361903053,0.209388360381126,0.00489969924092293
122.371911726,0.209388345479965,0.00979938078671694
122.381900199,0.207394182682037,0.00979939848184586
122.391905924,0.208391278982162,0.00734954932704568
122.401913603,0.209388360381126,0.00489969924092293
122.411907831,0.21038544178009,0.00244984962046146
122.421912309,0.209388360381126,0.00489969924092293
122.43191344,0.208391278982162,0.00244984962046146
122.441898506,0.209388360381126,0
122.451887779,0.208391278982162,0.00244984962046146
122.461885528,0.208391278982162,0.00244984962046146
122.471878912,0.208391278982162,-0.00244984962046146
122.48188285,0.209388360381126,-0.00489969924092293
122.491886353,0.21038544178009,-0.00244984962046146
122.501882241,0.208391278982162,-0.00244984962046146
122.511889188,0.208391278982162,0.00244984962046146
122.521880095,0.208391278982162,-0.00244984962046146
122.531896769,0.209388360381126,0
122.541907472,0.209388360381126,0
122.551904122,0.21038544178009,-0.00244984962046146
122.561916363,0.209388360381126,0
122.571909721,0.21038544178009,-0.00244984962046146
122.581912785,0.211382538080215,0
122.591903,0.209388360381126,0.00489969924092293
122.601899763,0.21038544178009,0.00244984962046146
122.611917498,0.211382538080215,0
122.621901547,0.211382538080215,0.00489968108013272
122.631906994,0.211382538080215,0
122.641905506,0.211382538080215,0
122.651908566,0.211382538080215,0.00489968108013272
122.661906871,0.212379619479179,0.00244983145967126
122.671912283,0.211382538080215,0.00489968108013272
122.681911401,0.21038544178009,0.00734953070059419
122.691903046,0.211382538080215,0
122.701906515,0.211382538080215,0.00489968108013272
122.711908554,0.209388360381126,0.00489969924092293
122.721908891,0.21038544178009,0.00244984962046146
122.731912449,0.209388360381126,0.00489969924092293
122.741905574,0.207394182682037,0.00489969924092293
122.751903443,0.207394182682037,0
122.761890984,0.205400004982948,0.00489969924092293
122.771908656,0.206397086381912,0.00244984962046146
122.781898371,0.204402923583984,0.00244984962046146
122.791907961,0.204402923583984,0.00244984962046146
122.801905919,0.203405827283859,0
122.811908525,0.203405827283859,0
122.821910199,0.20141164958477,0
122.831901777,0.202408730983734,0.00244984962046146
122.841907268,0.203405827283859,0
122.851913104,0.203405827283859,0
122.861903588,0.202408730983734,-0.00244984962046146
122.871911391,0.20141164958477,0
122.881897441,0.202408730983734,-0.00244984962046146
122.891917254,0.200414568185806,-0.00244983145967126
122.901911524,0.199417486786842,0
122.911913852,0.200414568185806,-0.00244983145967126
122.921908489,0.199417486786842,0
122.931906958,0.197423309087753,0
122.941909416,0.196426212787628,0.00244984962046146
122.951906664,0.195429131388664,0
122.961903482,0.195429131388664,0
122.971901657,0.1944320499897,-0.00244984962046146
122.981910399,0.19243785738945,-0.00244984962046146
122.991908172,0.193434953689575,-0.00489969924092293
123.001912836,0.193434953689575,-0.00979938078671694
123.011908971,0.192437872290611,-0.00734953070059419
123.021904606,0.193434953689575,-0.0146990800276399
123.031908521,0.193434953689575,-0.0195987615734339
123.041906619,0.192437872290611,-0.0171489305794239
123.051700272,0.191440790891647,-0.0146990800276399
123.06190285,0.191440790891647,-0.0146990800276399
123.071912563,0.192437872290611,-0.0122492304071784
123.081911858,0.1944320499897,-0.0122492304071784
123.09190351,0.1944320499897,-0.0122492304071784
123.101907909,0.1944320499897,-0.00734954932704568
123.111913935,0.195429131388664,-0.00979939848184586
123.121903312,0.195429131388664,-0.00489969924092293
123.131913425,0.196426212787628,-0.00244984962046146
123.14190417,0.198420390486717,-0.00734953070059419
123.151891446,0.199417486786842,0
123.16190907,0.199417471885681,-0.00489968108013272
123.1719066,0.200414568185806,-0.00244983145967126
123.181917304,0.200414568185806,-0.00244983145967126
123.191904304,0.200414568185806,0.00244983145967126
123.201906839,0.20141164958477,0
123.211905365,0.200414568185806,0.00244983145967126
123.221913815,0.201411664485931,0.00489968108013272
123.231909734,0.201411664485931,0.00489968108013272
123.241902021,0.199417471885681,0.00979938078671694
123.251913379,0.199417471885681,0.00489968108013272
123.261889925,0.201411664485931,0.00489968108013272
123.271908482,0.201411664485931,0.00489968108013272
123.281899317,0.200414568185806,0.00734953070059419
123.291899528,0.201411664485931,0.00489968108013272
123.301903345,0.202408745884895,0.00734953070059419
123.311909481,0.202408745884895,0.00734953070059419
123.321584254,0.202408730983734,0.00244984962046146
123.331933187,0.203405827283859,0.00489969924092293
123.341909289,0.204402923583984,0.00244984962046146
123.351909652,0.205400004982948,0
123.361915105,0.204402923583984,0.00244984962046146
123.371906489,0.205400004982948,0
123.381901585,0.205400004982948,0
123.391901913,0.205400004982948,0
123.401908342,0.204402923583984,-0.00244984962046146
123.411912499,0.204402923583984,-0.00244984962046146
123.421696145,0.203405827283859,0
123.431903555,0.204402923583984,-0.00244984962046146
123.44190054,0.204402923583984,-0.00244984962046146
123.451908776,0.204402923583984,0.00244984962046146
123.461902772,0.204402923583984,0.00244984962046146
123.471908401,0.203405827283859,0.00489969924092293
123.481907991,0.206397086381912,-0.00244984962046146
123.491898337,0.206397086381912,0.00244984962046146
123.501904357,0.207394182682037,0.00489969924092293
123.511898663,0.208391278982162,0.00734954932704568
123.52190379,0.209388360381126,0.00489969924092293
123.531890539,0.209388360381126,0.00489969924092293
123.541897839,0.211382538080215,0.00489968108013272
123.551940158,0.211382538080215,0.00489968108013272
123.561907174,0.213376700878143,0.00489968108013272
123.571905346,0.213376700878143,0.00489968108013272
123.581914505,0.212379619479179,0.00734953070059419
123.591902734,0.213376700878143,0.00489968108013272
123.6018986,0.212379619479179,0.00244983145967126
123.611905199,0.211382538080215,0
123.621902317,0.211382538080215,0
123.631905907,0.209388360381126,0
123.641909472,0.209388360381126,0
123.651906591,0.208391278982162,-0.00244984962046146
123.661908697,0.206397086381912,-0.00244984962046146
123.67190215,0.206397086381912,-0.00734954932704568
123.68191318,0.206397086381912,-0.00244984962046146
123.691908704,0.206397086381912,-0.00734954932704568
123.701906826,0.206397086381912,-0.00734954932704568
123.711908228,0.206397086381912,-0.00734954932704568
123.721910283,0.206397086381912,-0.00244984962046146
123.731914077,0.206397086381912,-0.00244984962046146
123.741952526,0.204402923583984,-0.00244984962046146
123.751906467,0.206397086381912,-0.00244984962046146
123.761910942,0.207394182682037,-0.00489969924092293
123.771911477,0.206397086381912,-0.00244984962046146
123.78190734,0.206397086381912,-0.00734954932704568
123.791913676,0.206397086381912,-0.00244984962046146
123.80190707,0.206397086381912,-0.00244984962046146
123.811914668,0.208391278982162,-0.00244984962046146
123.821434392,0.208391278982162,-0.00734954932704568
123.831906498,0.21038544178009,-0.00734953070059419
123.841904499,0.211382538080215,-0.00979938078671694
123.851908446,0.21038544178009,-0.0122492304071784
123.861909468,0.21038544178009,-0.00734953070059419
123.871921809,0.21038544178009,-0.00734953070059419
123.881909843,0.212379619479179,-0.00734953070059419
123.891910676,0.21038544178009,-0.00734953070059419
123.901913044,0.21038544178009,-0.00734953070059419
123.911905451,0.209388360381126,-0.00489969924092293
123.92143084,0.21038544178009,-0.00244984962046146
123.931914824,0.208391278982162,-0.00244984962046146
123.941926172,0.208391278982162,0.00244984962046146
123.95191051,0.208391278982162,0.00734954932704568
123.961910131,0.208391278982162,0.00244984962046146
123.97190694,0.209388360381126,0.00489969924092293
123.981916135,0.206397086381912,0.00734954932704568
123.991868239,0.207394182682037,0.00979939848184586
124.001912325,0.207394182682037,0.00979939848184586
124.011902462,0.207394182682037,0.00979939848184586
124.02155942,0.204402923583984,0.0122492304071784
124.03190291,0.205400019884109,0.0146990800276399
124.041914782,0.204402923583984,0.0122492304071784
124.051909022,0.203405827283859,0.00979938078671694
124.061908447,0.203405827283859,0.00979938078671694
124.071912442,0.202408745884895,0.0122492304071784
124.081289628,0.202408745884895,0.0122492304071784
124.09190578,0.203405827283859,0.00979938078671694
124.101902247,0.204402923583984,0.0122492304071784
124.111910273,0.203405827283859,0.00979938078671694
124.121746454,0.204402923583984,0.00734954932704568
124.131911225,0.204402923583984,0.00734954932704568
124.14190731,0.205400004982948,0.00489969924092293
124.151904244,0.207394182682037,0.00489969924092293
124.161907457,0.206397086381912,0.00734954932704568
124.171909599,0.207394182682037,0.00489969924092293
124.181903823,0.207394182682037,0.00489969924092293
124.191908067,0.206397086381912,0.00244984962046146
124.201910393,0.207394182682037,0
124.211910107,0.207394182682037,0
124.221881473,0.207394182682037,0
124.231900862,0.207394182682037,-0.00489969924092293
124.241918547,0.206397086381912,-0.00244984962046146
124.251910071,0.204402923583984,-0.00244984962046146
124.261912065,0.205400004982948,-0.00489969924092293
124.271905239,0.204402923583984,-0.00734954932704568
124.281905562,0.204402923583984,-0.00734954932704568
124.291912417,0.204402923583984,-0.00734954932704568
124.301912787,0.203405827283859,-0.00979938078671694
124.311846676,0.203405827283859,-0.00979938078671694
124.321903161,0.203405827283859,-0.00979938078671694
124.331911154,0.203405827283859,-0.00489969924092293
124.341908172,0.204402923583984,-0.00734954932704568
124.35190356,0.204402923583984,-0.00734954932704568
124.361904994,0.204402923583984,-0.00734954932704568
124.371912099,0.204402923583984,-0.00734954932704568
124.38191003,0.204402923583984,-0.00734954932704568
124.391908009,0.203405827283859,-0.00489969924092293
124.401917202,0.202408730983734,-0.00244984962046146
124.411905631,0.202408730983734,-0.00244984962046146
124.421907083,0.202408730983734,-0.00244984962046146
124.431906329,0.202408745884895,-0.00734953070059419
124.441906343,0.201411664485931,-0.00489968108013272
124.451908758,0.200414568185806,-0.00244983145967126
124.461878115,0.200414568185806,-0.00244983145967126
124.471876109,0.200414568185806,-0.00244983145967126
124.481875946,0.200414568185806,-0.00244983145967126
124.49190779,0.200414568185806,-0.00244983145967126
124.501876842,0.200414568185806,-0.00244983145967126
124.511873499,0.201411664485931,-0.00489968108013272
124.521853746,0.201411664485931,-0.00489968108013272
124.531855696,0.200414568185806,-0.00244983145967126
124.541853941,0.200414568185806,-0.00244983145967126
124.551855946,0.201411664485931,-0.00489968108013272
124.561852981,0.200414568185806,-0.00734953070059419
124.571859426,0.200414568185806,-0.00734953070059419
124.581861962,0.200414568185806,-0.00734953070059419
124.591856526,0.201411664485931,-0.00979938078671694
124.601853353,0.202408745884895,-0.0122492304071784
124.611856652,0.201411664485931,-0.00979938078671694
124.621855869,0.199417471885681,-0.00979938078671694
124.631852851,0.200414568185806,-0.0122492304071784
124.641854817,0.200414568185806,-0.0122492304071784
124.651854244,0.200414568185806,-0.0122492304071784
124.661854095,0.200414568185806,-0.0122492304071784
124.671853531,0.200414568185806,-0.0122492304071784
124.68185974,0.200414568185806,-0.0122492304071784
124.691856216,0.200414568185806,-0.0122492304071784
124.701132845,0.199417471885681,-0.00979938078671694
124.711856262,0.200414568185806,-0.0122492304071784
124.721851308,0.202408745884895,-0.0122492304071784
124.731853918,0.202408745884895,-0.0122492304071784
124.741604018,0.202408745884895,-0.0122492304071784
124.750988382,0.201411664485931,-0.00979938078671694
124.760985387,0.202408745884895,-0.00734953070059419
124.77185728,0.203405827283859,-0.00979938078671694
124.781113988,0.202408745884895,-0.0122492304071784
124.79097872,0.201411664485931,-0.00979938078671694
124.801857659,0.201411664485931,-0.00979938078671694
124.81108799,0.199417471885681,-0.00489968108013272
124.821093366,0.201411664485931,-0.00979938078671694
124.831090964,0.200414568185806,-0.00734953070059419
124.841100505,0.198420390486717,-0.00734953070059419
124.851907531,0.199417471885681,-0.00979938078671694
124.861128864,0.199417471885681,-0.00979938078671694
124.87113256,0.198420390486717,-0.00734953070059419
124.881126109,0.201411664485931,-0.00489968108013272
124.891123105,0.201411664485931,-0.00489968108013272
124.901128595,0.201411664485931,-0.00489968108013272
124.911113148,0.202408745884895,-0.00734953070059419
124.921116762,0.200414568185806,-0.00244983145967126
124.931118145,0.20141164958477,0
124.941057647,0.204402923583984,-0.00244984962046146
124.951093933,0.205400004982948,0
124.96107836,0.204402923583984,0.00244984962046146
124.971098357,0.205400004982948,0.00489969924092293
124.981021592,0.203405827283859,0.00489969924092293
124.991022923,0.205400004982948,0.00489969924092293
125.00100478,0.205400004982948,0.00489969924092293
125.010914255,0.206397086381912,0.00734954932704568
125.020983917,0.206397086381912,0.00734954932704568
125.030994412,0.207394182682037,0.00489969924092293
125.040983394,0.206397086381912,0.00734954932704568
125.050977167,0.206397086381912,0.00734954932704568
125.060968666,0.206397086381912,0.00734954932704568
125.070981229,0.205400004982948,0.00489969924092293
125.080917656,0.206397086381912,0.00734954932704568
125.090923423,0.204402923583984,0.00734954932704568
125.100917061,0.205400004982948,0.00489969924092293
125.110913272,0.203405827283859,0.00489969924092293
125.120914501,0.205400004982948,0.00489969924092293
125.130909195,0.202408745884895,0.00734953070059419
125.140914079,0.203405827283859,0.00489969924092293
125.150907449,0.203405827283859,0.00489969924092293
125.160918162,0.204402923583984,0.00244984962046146
125.17090593,0.204402923583984,0.00244984962046146
125.180906482,0.203405827283859,0
125.190917125,0.205400004982948,0
125.200876701,0.204402923583984,0.00244984962046146
125.210911688,0.205400004982948,0
125.220915382,0.203405827283859,0
125.230912311,0.205400004982948,0
125.240924058,0.205400004982948,0
125.250906438,0.203405827283859,0
125.26091424,0.202408730983734,0.00244984962046146
125.270913533,0.203405827283859,0.00489969924092293
125.280876257,0.204402923583984,0.00244984962046146
125.29087587,0.201411664485931,0.00489968108013272
125.300879011,0.201411664485931,0.00489968108013272
125.31088647,0.203405827283859,0.00489969924092293
125.320873733,0.203405827283859,0.00489969924092293
125.330906481,0.203405827283859,0.00489969924092293
125.340870309,0.202408745884895,0.00734953070059419
125.350887507,0.203405827283859,0.00489969924092293
125.360875488,0.203405827283859,0.00489969924092293
125.370878596,0.203405827283859,0
125.380903714,0.202408730983734,0.00244984962046146
125.39088036,0.204402923583984,-0.00244984962046146
125.400875772,0.205400004982948,0
125.410870733,0.204402923583984,-0.00244984962046146
125.4209018,0.203405827283859,0
125.43087453,0.203405827283859,0
125.440759672,0.205400004982948,0
125.450881301,0.206397086381912,0.00244984962046146
125.460902762,0.208391278982162,0.00244984962046146
125.470881811,0.208391278982162,0.00244984962046146
125.480908937,0.208391278982162,0.00734954932704568
125.490879905,0.209388345479965,0.00979938078671694
125.500879365,0.21038544178009,0.00734953070059419
125.510880568,0.211382538080215,0.00979938078671694
125.520878139,0.213376700878143,0.00979938078671694
125.530849398,0.213376700878143,0.00979938078671694
125.540846418,0.213376700878143,0.00979938078671694
125.550854778,0.213376700878143,0.00489968108013272
125.560854372,0.212379619479179,0.00734953070059419
125.570855711,0.213376700878143,0.00979938078671694
125.580892562,0.213376700878143,0.00489968108013272
125.59088174,0.212379619479179,0.00244983145967126
125.600885549,0.211382538080215,0.00489968108013272
125.610880111,0.211382538080215,0
125.620828895,0.211382538080215,0
125.630880893,0.21038544178009,-0.00244984962046146
125.640899132,0.21038544178009,-0.00244984962046146
125.650879495,0.21038544178009,-0.00244984962046146
125.660882323,0.21038544178009,-0.00734953070059419
125.670888928,0.208391278982162,-0.00734954932704568
125.680882956,0.21038544178009,-0.00734953070059419
125.690877774,0.21038544178009,-0.00734953070059419
125.700808811,0.209388345479965,-0.00979938078671694
125.710881116,0.207394182682037,-0.00979939848184586
125.72093113,0.207394182682037,-0.0146990800276399
125.730899799,0.207394182682037,-0.0146990800276399
125.740929084,0.204402923583984,-0.0122492304071784
125.750915744,0.203405827283859,-0.00979938078671694
125.760913881,0.204402923583984,-0.00734954932704568
125.770908061,0.204402923583984,-0.00734954932704568
125.780815322,0.202408745884895,-0.00734953070059419
125.790922383,0.202408730983734,-0.00244984962046146
125.800926531,0.202408730983734,-0.00244984962046146
125.810920027,0.203405827283859,0.00489969924092293
125.820877377,0.202408745884895,0.00734953070059419
125.830920594,0.203405827283859,0.00979938078671694
125.840889251,0.205400004982948,0.00979939848184586
125.850900137,0.207394182682037,0.00979939848184586
125.86079399,0.205400004982948,0.00979939848184586
125.870918409,0.207394182682037,0.00979939848184586
125.880916958,0.208391264081001,0.0122492304071784
125.890907127,0.208391264081001,0.0122492304071784
125.900932188,0.209388345479965,0.00979938078671694
125.910914118,0.209388345479965,0.00979938078671694
125.920929949,0.21038544178009,0.0122492304071784
125.930900679,0.21038544178009,0.00734953070059419
125.940767658,0.21038544178009,0.00734953070059419
125.950912085,0.209388360381126,0.00489969924092293
125.960907186,0.21038544178009,0.00734953070059419
125.970907615,0.209388345479965,0.00979938078671694
125.98091104,0.209388360381126,0.00489969924092293
125.990914095,0.209388360381126,0.00489969924092293
126.000915794,0.209388360381126,0.00489969924092293
126.01090459,0.209388360381126,0.00489969924092293
126.020780622,0.208391278982162,0.00244984962046146
126.030906884,0.208391278982162,0.00244984962046146
126.040904927,0.208391278982162,0.00244984962046146
126.050907163,0.208391278982162,0.00244984962046146
126.060908577,0.208391278982162,0.00244984962046146
126.070908923,0.209388360381126,-0.00489969924092293
126.080914182,0.208391278982162,-0.00244984962046146
126.090903492,0.208391278982162,-0.00244984962046146
126.100731501,0.208391278982162,-0.00244984962046146
126.1109115,0.208391278982162,-0.00734954932704568
126.120903476,0.208391278982162,-0.00734954932704568
126.130908671,0.209388360381126,-0.00489969924092293
126.140913157,0.207394182682037,-0.00489969924092293
126.150910261,0.207394182682037,-0.00489969924092293
126.160910048,0.207394182682037,-0.00979939848184586
126.170908593,0.206397086381912,-0.00734954932704568
126.180741263,0.206397086381912,-0.00244984962046146
126.190912184,0.205400004982948,-0.00489969924092293
126.200911131,0.204402923583984,-0.00244984962046146
126.210906415,0.203405827283859,0
126.220905545,0.204402923583984,-0.00244984962046146
126.230910866,0.20141164958477,0
126.240895033,0.202408730983734,-0.00244984962046146
126.250914364,0.20141164958477,0
126.260710821,0.199417471885681,0.00489968108013272
126.270916821,0.197423309087753,0.00979938078671694
126.280906102,0.198420405387878,0.00244984962046146
126.29090845,0.198420405387878,0.00244984962046146
126.300908871,0.198420390486717,0.00734953070059419
126.310894376,0.198420390486717,0.00734953070059419
126.320910235,0.197423309087753,0.00979938078671694
126.330903085,0.198420390486717,0.00734953070059419
126.340662039,0.197423309087753,0.00979938078671694
126.350537789,0.197423309087753,0.00979938078671694
126.360557433,0.197423309087753,0.00979938078671694
126.37090818,0.198420390486717,0.00734953070059419
126.380856266,0.198420390486717,0.00734953070059419
126.390854655,0.197423309087753,0.00979938078671694
126.400853057,0.198420405387878,0.00244984962046146
126.410861225,0.197423309087753,0.00489969924092293
126.420589712,0.198420390486717,0.00734953070059419
126.430859076,0.197423309087753,0.00979938078671694
126.440902517,0.199417471885681,0.00489968108013272
126.450908835,0.199417471885681,0.00489968108013272
126.460908982,0.200414568185806,0.00244983145967126
126.470905368,0.200414568185806,0.00244983145967126
126.480908248,0.199417471885681,0.00979938078671694
126.49091345,0.201411664485931,0.00489968108013272
126.500591834,0.199417471885681,0.00979938078671694
126.51091264,0.200414568185806,0.00734953070059419
126.520915662,0.199417471885681,0.00489968108013272
126.530908025,0.200414568185806,0.00734953070059419
126.540916224,0.200414568185806,0.00734953070059419
126.550854824,0.200414568185806,0.00734953070059419
126.560851956,0.200414568185806,0.00734953070059419
126.570856551,0.201411664485931,0.00979938078671694
126.580545306,0.201411664485931,0.00489968108013272
126.59085665,0.200414568185806,0.00734953070059419
126.600855935,0.201411664485931,0.00489968108013272
126.610852858,0.202408745884895,0.00734953070059419
126.62085429,0.202408745884895,0.00734953070059419
126.630853574,0.203405827283859,0
126.6408527,0.203405827283859,0.00489969924092293
126.650854514,0.202408745884895,0.00734953070059419
126.660527235,0.204402923583984,0.00734954932704568
126.670855621,0.202408745884895,0.00734953070059419
126.680859428,0.203405827283859,0.00489969924092293
126.690855526,0.203405827283859,0.00489969924092293
126.700857714,0.203405827283859,0.00489969924092293
126.710858116,0.202408730983734,0.00244984962046146
126.720853498,0.202408730983734,0.00244984962046146
126.730860692,0.202408730983734,0.00244984962046146
126.740501666,0.200414568185806,0.00244983145967126
126.750853735,0.202408730983734,-0.00244984962046146
126.760848745,0.201411664485931,-0.00489968108013272
126.770862219,0.203405827283859,-0.00489969924092293
126.780873928,0.202408730983734,-0.00244984962046146
126.790851548,0.202408730983734,-0.00244984962046146
126.80085392,0.203405827283859,-0.00489969924092293
126.81084845,0.203405827283859,-0.00489969924092293
126.820428878,0.203405827283859,-0.00489969924092293
126.830850702,0.203405827283859,0
126.840848001,0.205400004982948,-0.00489969924092293
126.8508519,0.204402923583984,-0.00244984962046146
126.860852755,0.204402923583984,0.00244984962046146
126.870866125,0.203405827283859,0
126.880866606,0.202408730983734,0.00244984962046146
126.890853317,0.202408730983734,0.00244984962046146
126.900405224,0.203405827283859,0.00489969924092293
126.9108528,0.203405827283859,0.00489969924092293
126.920852027,0.204402923583984,0.00734954932704568
126.93086966,0.203405827283859,0.00489969924092293
126.940854796,0.202408745884895,0.00734953070059419
126.950855141,0.203405827283859,0.00979938078671694
126.960851567,0.201411664485931,0.00979938078671694
126.970854411,0.202408745884895,0.00734953070059419
126.980390224,0.205400004982948,0.00489969924092293
126.990850881,0.204402923583984,0.00734954932704568
127.000853836,0.203405827283859,0.00489969924092293
127.010854428,0.203405827283859,0.00489969924092293
127.02085738,0.202408730983734,0.00244984962046146
127.030850987,0.203405827283859,0.00489969924092293
127.040850119,0.204402923583984,0.00244984962046146
127.050853865,0.204402923583984,-0.00244984962046146
127.060420936,0.205400004982948,-0.00489969924092293
127.070888968,0.205400004982948,-0.00489969924092293
127.080895447,0.203405827283859,-0.00489969924092293
127.090907385,0.206397086381912,-0.00734954932704568
127.100913903,0.205400004982948,-0.00489969924092293
127.110909376,0.204402923583984,-0.00244984962046146
127.120919044,0.205400004982948,-0.00489969924092293
127.130913062,0.206397086381912,-0.00734954932704568
127.140369821,0.205400004982948,-0.00489969924092293
127.150906279,0.206397086381912,-0.00244984962046146
127.160902751,0.205400004982948,0
127.170877069,0.205400004982948,0
127.180913334,0.206397086381912,0.00244984962046146
127.190902369,0.204402923583984,0.00244984962046146
127.200897314,0.204402923583984,0.00244984962046146
127.210903099,0.207394182682037,0
127.220347764,0.207394182682037,0
127.230903648,0.206397086381912,0.00244984962046146
127.240908645,0.206397086381912,0.00244984962046146
127.250905831,0.204402923583984,0.00244984962046146
127.260912934,0.207394182682037,0
127.270833122,0.206397086381912,0.00244984962046146
127.280897656,0.206397086381912,0.00244984962046146
127.290906653,0.206397086381912,0.00244984962046146
127.300333274,0.208391278982162,0.00244984962046146
127.310907737,0.206397086381912,0.00244984962046146
127.320908934,0.205400004982948,0.00489969924092293
127.330908208,0.204402923583984,0.00244984962046146
127.340896604,0.205400004982948,0
127.350907297,0.205400004982948,0
127.36090023,0.203405827283859,0
127.370905059,0.203405827283859,0
127.380308124,0.203405827283859,0
127.390907984,0.203405827283859,0
127.400908654,0.20141164958477,0
127.410895863,0.202408730983734,-0.00244984962046146
127.420893388,0.202408730983734,0.00244984962046146
127.430910842,0.203405827283859,0
127.440909176,0.203405827283859,0.00489969924092293
127.450902521,0.203405827283859,0.00489969924092293
127.460286504,0.203405827283859,0.00489969924092293
127.470907567,0.206397086381912,0.00244984962046146
127.480904709,0.207394182682037,0
127.490909119,0.207394182682037,0
127.500915762,0.208391278982162,-0.00244984962046146
127.51089453,0.208391278982162,0.00244984962046146
127.520908692,0.209388360381126,-0.00489969924092293
127.53090594,0.21038544178009,-0.00244984962046146
127.540241582,0.21038544178009,-0.00734953070059419
127.550904898,0.211382538080215,-0.00489968108013272
127.560907545,0.212379619479179,-0.00734953070059419
127.570911372,0.211382538080215,-0.00489968108013272
127.580200361,0.21038544178009,-0.00734953070059419
127.5909056,0.21038544178009,-0.00244984962046146
127.600179544,0.211382538080215,-0.00489968108013272
127.610901784,0.211382538080215,-0.00489968108013272
127.6201765,0.211382538080215,-0.00489968108013272
127.630907413,0.211382538080215,-0.00489968108013272
127.640175517,0.211382538080215,-0.00489968108013272
127.650914289,0.21038544178009,-0.00734953070059419
127.660166186,0.21038544178009,-0.00734953070059419
127.670904373,0.209388360381126,-0.00489969924092293
127.680157311,0.209388360381126,-0.00489969924092293
127.690915304,0.21038544178009,-0.0122492304071784
127.700154771,0.209388360381126,-0.00489969924092293
127.710903761,0.209388345479965,-0.00979938078671694
127.720152053,0.209388345479965,-0.00979938078671694
127.730909163,0.208391278982162,-0.00734954932704568
127.740077405,0.208391278982162,-0.00734954932704568
127.750154332,0.209388345479965,-0.00979938078671694
127.760122742,0.208391278982162,-0.00734954932704568
127.770150647,0.209388345479965,-0.00979938078671694
127.780118189,0.208391278982162,-0.00734954932704568
127.790140086,0.208391278982162,-0.00734954932704568
127.800135901,0.208391264081001,-0.0122492304071784
127.810070566,0.209388345479965,-0.00979938078671694
127.820064466,0.209388345479965,-0.00979938078671694
127.830078366,0.209388345479965,-0.0146990800276399
127.840064542,0.208391264081001,-0.0122492304071784
127.850012253,0.208391264081001,-0.0122492304071784
127.859953612,0.209388345479965,-0.00979938078671694
127.870009769,0.208391264081001,-0.0122492304071784
127.879993576,0.209388345479965,-0.0146990800276399
127.889978651,0.208391264081001,-0.0122492304071784
127.900023078,0.207394182682037,-0.00979939848184586
127.910022165,0.206397086381912,-0.00734954932704568
127.920008113,0.206397086381912,-0.00734954932704568
127.930017111,0.206397086381912,-0.00244984962046146
127.939962407,0.205400004982948,0
127.949928961,0.204402923583984,0.00244984962046146
127.959958751,0.204402923583984,-0.00244984962046146
127.969940865,0.204402923583984,0.00244984962046146
127.979955971,0.203405827283859,0.00489969924092293
127.989925698,0.202408745884895,0.00734953070059419
127.999932024,0.203405827283859,0.00489969924092293
128.009922125,0.201411664485931,0.00489968108013272
128.019918452,0.200414568185806,0.00734953070059419
128.029892812,0.199417471885681,0.00489968108013272
128.039911325,0.200414568185806,0.00244983145967126
128.04990171,0.200414568185806,0.00244983145967126
128.059870096,0.199417471885681,0.00489968108013272
128.069885701,0.198420405387878,0.00244984962046146
128.079889384,0.198420405387878,0.00244984962046146
128.08985634,0.199417486786842,0
128.099859453,0.199417471885681,0.00489968108013272
128.109852921,0.200414568185806,0.00244983145967126
128.11987909,0.200414568185806,0.00244983145967126
128.129857052,0.200414568185806,0.00244983145967126
128.139863773,0.20141164958477,0
128.149863146,0.20141164958477,0
128.159850227,0.20141164958477,0
128.169851532,0.20141164958477,0
128.179858582,0.20141164958477,0
128.189852036,0.200414568185806,-0.00244983145967126
128.199853157,0.199417471885681,-0.00489968108013272
128.20985857,0.199417471885681,-0.00979938078671694
128.21987355,0.197423309087753,-0.00979938078671694
128.229865672,0.197423309087753,-0.00979938078671694
128.239852936,0.196426212787628,-0.0122492304071784
128.249865828,0.195429131388664,-0.0146990614011884
128.259862705,0.192437872290611,-0.0171489305794239
128.269853381,0.191440790891647,-0.0195987801998854
128.279865185,0.191440790891647,-0.0195987801998854
128.289854561,0.190443694591522,-0.0171489305794239
128.299855627,0.189446598291397,-0.0195987801998854
128.309850465,0.188449516892433,-0.0171489305794239
128.319853799,0.188449516892433,-0.0171489305794239
128.329854834,0.187452435493469,-0.0195987615734339
128.339850103,0.18545825779438,-0.0146990614011884
128.349850657,0.186455339193344,-0.0122492304071784
128.359857743,0.188449516892433,-0.00734953070059419
128.36985133,0.188449516892433,-0.00734953070059419
128.379855809,0.187452435493469,-0.00489969924092293
128.389857895,0.189446598291397,-0.00489968108013272
128.399855662,0.190443694591522,-0.00244983145967126
128.409851959,0.191440775990486,0
128.419852299,0.193434953689575,0
128.429852627,0.1944320499897,0.00244984962046146
128.439852299,0.196426212787628,0.00244984962046146
128.449847558,0.197423309087753,0.00489969924092293
128.4598025,0.198420405387878,0.00244984962046146
128.469850575,0.200414568185806,0.00734953070059419
128.479852646,0.202408730983734,0.00244984962046146
128.489853403,0.203405827283859,0.00489969924092293
128.499851722,0.204402923583984,0.00244984962046146
128.509860917,0.205400004982948,0.00489969924092293
128.519857336,0.205400004982948,0.00489969924092293
128.529852222,0.207394182682037,0.00489969924092293
128.539851327,0.207394182682037,0.00489969924092293
128.54984866,0.207394182682037,0.00489969924092293
128.559819871,0.208391278982162,0.00244984962046146
128.56984793,0.208391278982162,0.00244984962046146
128.579840108,0.208391278982162,0.00244984962046146
128.589854668,0.207394182682037,0.00489969924092293
128.599850805,0.207394182682037,0.00489969924092293
128.609854108,0.207394182682037,0.00489969924092293
128.619853171,0.208391278982162,0.00244984962046146
128.629855233,0.207394182682037,0.00489969924092293
128.639854011,0.207394182682037,0.00489969924092293
128.649851748,0.207394182682037,0
128.659819062,0.207394182682037,0
128.669855923,0.207394182682037,0
128.679858705,0.207394182682037,0.00489969924092293
128.68985379,0.207394182682037,0
128.699856144,0.208391278982162,0.00244984962046146
128.709858394,0.208391278982162,0.00244984962046146
128.719858763,0.208391278982162,0.00244984962046146
128.729855591,0.208391278982162,0.00244984962046146
128.739799743,0.21038544178009,0.00244984962046146
128.749855933,0.209388360381126,0.00489969924092293
128.759869757,0.21038544178009,0.00734953070059419
128.769853877,0.209388360381126,0.00489969924092293
128.779853304,0.211382538080215,0
128.789855965,0.212379619479179,0.00244983145967126
128.799860106,0.21038544178009,0.00244984962046146
128.809854049,0.211382538080215,0
128.819726374,0.21038544178009,0.00244984962046146
128.829605945,0.211382538080215,0
128.839863155,0.21038544178009,0.00244984962046146
128.849855998,0.211382538080215,0
128.859907805,0.21038544178009,0.00244984962046146
128.869910463,0.212379619479179,0.00244983145967126
128.879910608,0.21038544178009,0.00244984962046146
128.889911328,0.21038544178009,0.00244984962046146
128.899780355,0.211382538080215,0.00489968108013272
128.909915354,0.211382538080215,0.00489968108013272
128.919907307,0.213376700878143,0.00489968108013272
128.929797176,0.213376700878143,0.00489968108013272
128.939908808,0.213376700878143,0.00489968108013272
128.949908196,0.214373797178268,0.00734953070059419
128.959908937,0.214373797178268,0.00734953070059419
128.969910353,0.213376700878143,0.00979938078671694
128.97970819,0.214373797178268,0.0122492304071784
128.989902291,0.214373797178268,0.0122492304071784
128.999899111,0.215370893478394,0.00979938078671694
129.009908608,0.214373797178268,0.0122492304071784
129.019898861,0.213376700878143,0.00979938078671694
129.029926801,0.213376700878143,0.00979938078671694
129.03990878,0.213376700878143,0.00979938078671694
129.049906868,0.211382538080215,0.00979938078671694
129.059694636,0.212379619479179,0.00734953070059419
129.069908448,0.211382538080215,0.00489968108013272
129.079917394,0.21038544178009,0.00244984962046146
129.089906276,0.21038544178009,-0.00244984962046146
129.099912113,0.209388360381126,0
129.109904237,0.208391278982162,-0.00244984962046146
129.11990975,0.207394182682037,0
129.129919551,0.207394182682037,0
129.139631277,0.207394182682037,-0.00489969924092293
129.149909457,0.208391278982162,-0.00734954932704568
129.159908738,0.206397086381912,-0.00734954932704568
129.169909058,0.207394182682037,-0.00489969924092293
129.179907269,0.207394182682037,-0.00489969924092293
129.189908076,0.206397086381912,-0.00244984962046146
129.199902858,0.206397086381912,-0.00244984962046146
129.209913382,0.207394182682037,-0.00489969924092293
129.219610655,0.207394182682037,-0.00489969924092293
129.229609541,0.207394182682037,-0.00489969924092293
129.239901972,0.205400004982948,0
129.249903748,0.205400004982948,0.00489969924092293
129.259910254,0.206397086381912,0.00244984962046146
129.269912982,0.205400004982948,0.00489969924092293
129.279911604,0.205400004982948,0.00489969924092293
129.289910482,0.207394182682037,0.00489969924092293
129.299587066,0.207394182682037,0.00489969924092293
129.30990857,0.206397086381912,0.00734954932704568
129.319905073,0.208391278982162,0.00734954932704568
129.329512215,0.207394182682037,0.00979939848184586
129.339908495,0.209388360381126,0.00489969924092293
129.349916364,0.209388360381126,0.00489969924092293
129.359904598,0.21038544178009,0.00734953070059419
129.36966562,0.21038544178009,0.00244984962046146
129.379568714,0.211382538080215,0.00489968108013272
129.389907381,0.211382538080215,0.00489968108013272
129.399911646,0.21038544178009,0.00244984962046146
129.409911097,0.211382538080215,0.00489968108013272
129.419906825,0.21038544178009,0.00244984962046146
129.429453316,0.21038544178009,0.00244984962046146
129.439455559,0.211382538080215,0.00489968108013272
129.44944833,0.21038544178009,0.00244984962046146
129.459494104,0.21038544178009,0.00244984962046146
129.469943843,0.211382538080215,0.00489968108013272
129.479558391,0.209388360381126,0.00489969924092293
129.48943517,0.209388360381126,0.00489969924092293
129.499351091,0.21038544178009,0.00734953070059419
129.509916959,0.21038544178009,0.00244984962046146
129.519356436,0.21038544178009,0.00734953070059419
129.529428833,0.21038544178009,0.00244984962046146
129.539425259,0.209388360381126,0.00489969924092293
129.549404338,0.209388360381126,0.00489969924092293
129.559391965,0.207394182682037,0.00489969924092293
129.56939731,0.207394182682037,0.00489969924092293
129.579396939,0.207394182682037,0.00489969924092293
129.589397703,0.207394182682037,0
129.599339954,0.205400004982948,0
129.609314041,0.204402923583984,0.00244984962046146
129.619384164,0.204402923583984,-0.00244984962046146
129.629385217,0.202408730983734,0.00244984962046146
129.639376365,0.20141164958477,0
129.6495253,0.201411664485931,-0.00489968108013272
129.659370264,0.201411664485931,-0.00489968108013272
129.669371063,0.200414568185806,-0.00734953070059419
129.679365339,0.200414568185806,-0.00734953070059419
129.689367666,0.197423309087753,-0.00489969924092293
129.699355031,0.198420390486717,-0.00734953070059419
129.70936296,0.197423309087753,-0.00979938078671694
129.719356574,0.196426212787628,-0.00244984962046146
129.729362845,0.197423309087753,-0.00979938078671694
129.73935848,0.197423309087753,-0.00979938078671694
129.749326851,0.196426212787628,-0.00244984962046146
129.759346554,0.196426212787628,-0.00244984962046146
129.769317176,0.196426212787628,-0.00244984962046146
129.779339638,0.196426212787628,-0.00244984962046146
129.789311949,0.196426212787628,0.00244984962046146
129.799305989,0.195429131388664,0.00489969924092293
129.809331528,0.196426212787628,0.00734954932704568
129.819644665,0.196426212787628,0.00244984962046146
129.829248175,0.197423309087753,0.00489969924092293
129.839249754,0.196426212787628,0.00734954932704568
129.8492432,0.196426212787628,0.00734954932704568
129.859245628,0.196426212787628,0.00734954932704568
129.869237466,0.197423309087753,0.00489969924092293
129.879236559,0.196426212787628,0.00734954932704568
129.889228219,0.197423309087753,0.00489969924092293
129.899230611,0.198420405387878,0.00244984962046146
129.909230056,0.197423309087753,0.00489969924092293
129.919480165,0.198420405387878,0.00244984962046146
129.929229371,0.195429131388664,0.00489969924092293
129.939215414,0.196426212787628,0.00244984962046146
129.949218827,0.196426212787628,0.00244984962046146
129.959392757,0.197423309087753,0
129.969214425,0.196426212787628,0.00244984962046146
129.979206781,0.196426212787628,0.00244984962046146
129.989209342,0.196426212787628,0.00244984962046146
129.999171718,0.196426212787628,-0.00244984962046146
130.009202134,0.197423309087753,-0.00489969924092293
130.019199138,0.196426212787628,-0.00244984962046146
130.029193926,0.198420405387878,-0.00244984962046146
130.039196641,0.198420405387878,-0.00244984962046146
130.049188628,0.199417471885681,-0.00489968108013272
130.05916209,0.197423309087753,-0.00489969924092293
130.069349741,0.197423309087753,-0.00489969924092293
130.079130894,0.198420390486717,-0.00734953070059419
130.089180305,0.198420390486717,-0.00734953070059419
130.099156526,0.198420405387878,-0.00244984962046146
130.109213134,0.198420405387878,-0.00244984962046146
130.119145366,0.198420405387878,-0.00244984962046146
130.129128707,0.198420390486717,-0.00734953070059419
130.139143094,0.198420390486717,-0.00734953070059419
130.149148765,0.199417471885681,-0.00979938078671694
130.159379399,0.200414568185806,-0.00734953070059419
130.169261104,0.201411664485931,-0.00489968108013272
130.179156933,0.201411664485931,-0.00489968108013272
130.189140736,0.202408745884895,-0.00734953070059419
130.199125597,0.201411664485931,-0.00489968108013272
130.2091271,0.201411664485931,-0.00489968108013272
130.21911387,0.203405827283859,-0.00489969924092293
130.229118765,0.204402923583984,-0.00244984962046146
130.239114222,0.205400004982948,0
130.249110376,0.203405827283859,0.00489969924092293
130.25907794,0.204402923583984,0.00734954932704568
130.269111563,0.204402923583984,0.00244984962046146
130.279106199,0.205400004982948,0.00489969924092293
130.289098438,0.204402923583984,0.00734954932704568
130.299126761,0.206397086381912,0.00734954932704568
130.309150036,0.206397086381912,0.00734954932704568
130.319159232,0.205400004982948,0.00979939848184586
130.329149236,0.204402923583984,0.0122492304071784
130.339146852,0.204402923583984,0.0122492304071784
130.349142413,0.205400004982948,0.00979939848184586
130.359137426,0.204402923583984,0.00734954932704568
130.369135625,0.202408745884895,0.0122492304071784
130.37913631,0.203405827283859,0.00979938078671694
130.389115951,0.203405827283859,0.00979938078671694
130.399131452,0.202408745884895,0.00734953070059419
130.409103166,0.203405827283859,0.00979938078671694
130.419116985,0.203405827283859,0.00979938078671694
130.42910266,0.204402923583984,0.00734954932704568
130.439121257,0.203405827283859,0.00979938078671694
130.449089982,0.205400004982948,0.00979939848184586
130.459066032,0.206397086381912,0.00734954932704568
130.469082889,0.208391278982162,0.00734954932704568
130.479081225,0.206397086381912,0.0122492490336299
130.489076368,0.207394182682037,0.0146990800276399
130.499084616,0.208391264081001,0.0171489305794239
130.509073041,0.208391264081001,0.0122492304071784
130.519089497,0.209388345479965,0.00979938078671694
130.52912198,0.209388345479965,0.0146990800276399
130.539132401,0.209388345479965,0.00979938078671694
130.549124108,0.208391278982162,0.00734954932704568
130.559062115,0.208391264081001,0.0122492304071784
130.569136401,0.207394182682037,0.00979939848184586
130.579063516,0.208391278982162,0.00734954932704568
130.589086209,0.207394182682037,0.00489969924092293
130.599089294,0.207394182682037,0
130.609054633,0.205400004982948,0.00489969924092293
130.619046085,0.204402923583984,0.00734954932704568
130.629072183,0.203405827283859,0.00489969924092293
130.639040057,0.204402923583984,0.00734954932704568
130.649038989,0.203405827283859,0.00979938078671694
130.659060078,0.202408745884895,0.00734953070059419
130.669034195,0.202408745884895,0.00734953070059419
130.679029368,0.202408730983734,0.00244984962046146
130.689051195,0.202408730983734,0.00244984962046146
130.699027801,0.201411664485931,0.00489968108013272
130.709026205,0.201411664485931,0.00489968108013272
130.719032302,0.20141164958477,0
130.729038797,0.202408730983734,0.00244984962046146
130.739036671,0.20141164958477,0
130.749015004,0.202408730983734,-0.00244984962046146
130.758986673,0.203405827283859,-0.00489969924092293
130.76900869,0.204402923583984,-0.00244984962046146
130.778986488,0.203405827283859,0
130.789030105,0.204402923583984,-0.00244984962046146
130.798975234,0.205400004982948,0
130.808992779,0.208391278982162,-0.00734954932704568
130.818970596,0.208391278982162,-0.00244984962046146
130.828967641,0.209388345479965,-0.00979938078671694
130.838972993,0.209388345479965,-0.00979938078671694
130.848967016,0.209388360381126,-0.00489969924092293
130.85897222,0.209388360381126,-0.00489969924092293
130.86890055,0.21038544178009,-0.00734953070059419
130.878889554,0.21038544178009,-0.00734953070059419
130.888901377,0.21038544178009,-0.00244984962046146
130.898883298,0.211382538080215,-0.00979938078671694
130.908889973,0.21038544178009,-0.00244984962046146
130.918968855,0.21038544178009,-0.00734953070059419
130.928882734,0.209388360381126,0
130.93887305,0.211382538080215,0
130.948880181,0.212379619479179,-0.00734953070059419
130.958873464,0.212379619479179,-0.00244983145967126
130.968875979,0.212379619479179,-0.00244983145967126
130.978931804,0.213376700878143,-0.00489968108013272
130.98891858,0.214373797178268,-0.00734953070059419
130.99893188,0.213376700878143,0
131.008923767,0.215370878577232,-0.00489969924092293
131.018913497,0.214373797178268,-0.00244984962046146
131.0290226,0.215370878577232,-0.00489969924092293
131.038931294,0.215370878577232,-0.00489969924092293
131.048931407,0.214373797178268,-0.00244984962046146
131.058913281,0.215370878577232,-0.00489969924092293
131.068923396,0.213376700878143,0
131.078888151,0.214373797178268,0.00244984962046146
131.088880473,0.213376700878143,0
131.0988932,0.213376700878143,0
131.108820016,0.211382538080215,0
131.1188406,0.212379619479179,0.00244983145967126
131.128820249,0.21038544178009,0.00244984962046146
131.138793468,0.208391278982162,0.00244984962046146
131.148829949,0.207394182682037,0.00979939848184586
131.158829899,0.205400004982948,0.00979939848184586
131.168854511,0.206397086381912,0.00244984962046146
131.17883009,0.204402923583984,0.00244984962046146
131.188800624,0.204402923583984,0.00734954932704568
131.198759125,0.203405827283859,0.00489969924092293
131.208814,0.202408745884895,0.00734953070059419
131.218871097,0.201411664485931,0.00489968108013272
131.228894417,0.201411664485931,0.00489968108013272
131.238908974,0.201411664485931,0.00489968108013272
131.248895341,0.202408730983734,-0.00244984962046146
131.25891193,0.204402923583984,-0.00244984962046146
131.268903578,0.203405827283859,0
131.278901131,0.202408730983734,0.00244984962046146
131.288898788,0.202408730983734,-0.00244984962046146
131.299038215,0.202408730983734,-0.00244984962046146
131.308907146,0.203405827283859,-0.00489969924092293
131.31889804,0.202408730983734,-0.00244984962046146
131.328893392,0.202408730983734,-0.00244984962046146
131.338894425,0.203405827283859,-0.00489969924092293
131.348902449,0.202408745884895,-0.00734953070059419
131.358901656,0.199417471885681,-0.00489968108013272
131.368916588,0.199417471885681,-0.00489968108013272
131.378907804,0.201411664485931,-0.00489968108013272
131.388904882,0.199417471885681,-0.00489968108013272
131.39890993,0.200414568185806,-0.00734953070059419
131.408913237,0.199417471885681,-0.00489968108013272
131.41889567,0.202408745884895,-0.00734953070059419
131.428898428,0.202408745884895,-0.00734953070059419
131.43890345,0.201411664485931,-0.00489968108013272
131.448904665,0.20141164958477,0
131.458896206,0.202408730983734,-0.00244984962046146
131.468885146,0.203405827283859,-0.00489969924092293
131.478894311,0.203405827283859,-0.00979938078671694
131.488887822,0.204402923583984,-0.00734954932704568
131.498879005,0.204402923583984,-0.00244984962046146
131.508833109,0.204402923583984,-0.00244984962046146
131.518863446,0.203405827283859,-0.00489969924092293
131.528866803,0.203405827283859,-0.00489969924092293
131.538879236,0.203405827283859,-0.00489969924092293
131.548867983,0.203405827283859,-0.00489969924092293
131.558865331,0.203405827283859,-0.00489969924092293
131.56887233,0.203405827283859,-0.00489969924092293
131.578958728,0.201411664485931,-0.00489968108013272
131.588869229,0.201411664485931,-0.00489968108013272
131.59886553,0.199417471885681,-0.00979938078671694
131.608862,0.199417471885681,-0.0146990800276399
131.618829997,0.198420390486717,-0.0171489305794239
131.628850527,0.197423309087753,-0.0146990800276399
131.638842103,0.197423309087753,-0.0195987615734339
131.648853421,0.197423309087753,-0.0195987615734339
131.658781582,0.197423309087753,-0.0195987615734339
131.668861392,0.196426212787628,-0.0171489119529724
131.678835519,0.198420390486717,-0.0171489305794239
131.688838234,0.197423309087753,-0.0146990800276399
131.698845499,0.198420390486717,-0.0122492304071784
131.708823749,0.198420390486717,-0.00734953070059419
131.718901823,0.198420405387878,-0.00244984962046146
131.72891512,0.200414568185806,-0.00244983145967126
131.738906833,0.20141164958477,0
131.748902201,0.20141164958477,0
131.758903436,0.202408730983734,-0.00244984962046146
131.768908701,0.202408730983734,-0.00244984962046146
131.778900867,0.202408730983734,0.00244984962046146
131.788908043,0.204402923583984,-0.00244984962046146
131.798909683,0.206397086381912,-0.00244984962046146
131.808896287,0.206397086381912,-0.00244984962046146
131.818897595,0.206397086381912,-0.00244984962046146
131.828901455,0.207394182682037,-0.00489969924092293
131.83890338,0.207394182682037,-0.00489969924092293
131.848650669,0.209388360381126,-0.00489969924092293
131.85890954,0.208391278982162,-0.00244984962046146
131.868902884,0.209388360381126,0
131.878898396,0.209388360381126,-0.00489969924092293
131.888905162,0.209388360381126,0
131.898912942,0.208391278982162,0.00244984962046146
131.908911536,0.209388360381126,0.00489969924092293
131.918911841,0.209388360381126,0.00489969924092293
131.928913975,0.209388360381126,0.00489969924092293
131.938941841,0.209388345479965,0.00979938078671694
131.948852943,0.207394182682037,0.00979939848184586
131.958917145,0.207394182682037,0.0146990800276399
131.968913966,0.206397086381912,0.0122492490336299
131.978913437,0.207394182682037,0.0146990800276399
131.988906059,0.206397086381912,0.0122492490336299
131.998917864,0.204402923583984,0.0122492304071784
132.008910764,0.204402923583984,0.0122492304071784
132.018912797,0.205400019884109,0.0146990800276399
132.028902781,0.203405827283859,0.0146990800276399
132.038903971,0.201411664485931,0.0146990800276399
132.048907019,0.201411664485931,0.0146990800276399
132.058918239,0.203405827283859,0.00979938078671694
132.068904805,0.203405827283859,0.0146990800276399
132.078912565,0.201411664485931,0.0146990800276399
132.088888891,0.201411664485931,0.0146990800276399
132.098904841,0.204402923583984,0.0122492304071784
132.108898845,0.203405827283859,0.00979938078671694
132.118912184,0.201411664485931,0.00979938078671694
132.12887521,0.203405827283859,0.00979938078671694
132.138911659,0.204402923583984,0.00734954932704568
132.148900382,0.204402923583984,0.00734954932704568
132.158911703,0.204402923583984,0.00734954932704568
132.168902023,0.204402923583984,0.00244984962046146
132.178888188,0.204402923583984,0.00244984962046146
132.188872155,0.204402923583984,0.00244984962046146
132.198916667,0.203405827283859,0
132.208913233,0.203405827283859,0
132.218906249,0.205400004982948,-0.00489969924092293
132.228905087,0.202408730983734,-0.00244984962046146
132.238910876,0.203405827283859,-0.00489969924092293
132.248893502,0.204402923583984,-0.00734954932704568
132.258872015,0.201411664485931,-0.00979938078671694
132.26891085,0.201411664485931,-0.00979938078671694
132.278905482,0.201411664485931,-0.00979938078671694
132.28891021,0.202408745884895,-0.0122492304071784
132.298914541,0.201411664485931,-0.0146990800276399
132.308586255,0.201411664485931,-0.0146990800276399
132.318905414,0.200414568185806,-0.0122492304071784
132.328908289,0.202408745884895,-0.0171489305794239
132.338814845,0.201411664485931,-0.0146990800276399
132.348906498,0.200414568185806,-0.0122492304071784
132.35890704,0.203405827283859,-0.0146990800276399
132.368911297,0.203405827283859,-0.0146990800276399
132.378910511,0.204402923583984,-0.0122492304071784
132.388909468,0.203405827283859,-0.00979938078671694
132.398909353,0.205400004982948,-0.00489969924092293
132.408908224,0.206397086381912,-0.00244984962046146
132.418824188,0.208391278982162,-0.00244984962046146
132.428905685,0.208391278982162,0.00244984962046146
132.438897558,0.21038544178009,0.00244984962046146
132.448891286,0.211382538080215,0.00489968108013272
132.458905978,0.212379619479179,0.00734953070059419
132.468902926,0.214373797178268,0.00734953070059419
132.47890443,0.214373797178268,0.00734953070059419
132.488893616,0.215370878577232,0.00489969924092293
132.498808596,0.214373797178268,0.00734953070059419
132.508916479,0.215370878577232,0.00489969924092293
132.51890651,0.214373797178268,0.00244984962046146
132.528916625,0.215370878577232,0
132.538907646,0.214373797178268,0.00244984962046146
132.548907084,0.215370878577232,0
132.55890182,0.215370878577232,0
132.568914733,0.213376700878143,0
132.578776346,0.213376700878143,0
132.588909245,0.214373797178268,0.00244984962046146
132.598903994,0.214373797178268,-0.00244984962046146
132.608905546,0.214373797178268,-0.00244984962046146
132.618910292,0.215370878577232,0
132.628912983,0.214373797178268,0.00244984962046146
132.638905882,0.215370878577232,0
132.64890421,0.215370878577232,-0.00489969924092293
132.658790887,0.213376700878143,0
132.668911049,0.214373797178268,0.00244984962046146
132.678908726,0.214373797178268,-0.00244984962046146
132.688898363,0.215370878577232,-0.00489969924092293
132.698911082,0.214373797178268,0.00244984962046146
132.708873546,0.214373797178268,0.00244984962046146
132.718914872,0.213376700878143,0
132.728912161,0.213376700878143,0
132.73870168,0.211382538080215,0
132.748908308,0.21038544178009,0.00734953070059419
132.758909775,0.211382538080215,0.00489968108013272
132.768895525,0.21038544178009,0.00244984962046146
132.778911786,0.21038544178009,0.00734953070059419
132.788908284,0.207394182682037,0.00979939848184586
132.798906437,0.209388360381126,0.00489969924092293
132.808906414,0.207394182682037,0.00489969924092293
132.818655258,0.206397086381912,0.00734954932704568
132.828905601,0.206397086381912,0.00734954932704568
132.838909424,0.207394182682037,0.00489969924092293
132.848911287,0.207394182682037,0.00489969924092293
132.858908259,0.206397086381912,0.00244984962046146
132.868907203,0.206397086381912,0.00244984962046146
132.878910236,0.204402923583984,0.00244984962046146
132.888912242,0.204402923583984,0.00244984962046146
132.89863328,0.203405827283859,0.00489969924092293
132.908907002,0.203405827283859,0.00489969924092293
132.918914308,0.204402923583984,0.00244984962046146
132.928892908,0.202408730983734,0.00244984962046146
132.938906092,0.201411664485931,0.00489968108013272
132.948903918,0.199417471885681,0.00489968108013272
132.958915248,0.198420390486717,0.00734953070059419
132.96890612,0.199417471885681,0.00489968108013272
132.978611696,0.199417471885681,0.00489968108013272
132.988908103,0.199417471885681,0.00489968108013272
132.998910089,0.198420405387878,0.00244984962046146
133.008897834,0.197423309087753,0.00489969924092293
133.018908578,0.197423309087753,0.00489969924092293
133.028902802,0.198420405387878,0.00244984962046146
133.038916876,0.196426212787628,0.00244984962046146
133.048902862,0.197423309087753,0
133.058591422,0.199417486786842,0
133.068893026,0.197423309087753,0
133.078906041,0.199417486786842,0
133.088901854,0.199417486786842,0
133.098909283,0.199417486786842,0
133.108896883,0.200414568185806,-0.00734953070059419
133.118892051,0.200414568185806,-0.00244983145967126
133.128923952,0.200414568185806,-0.00734953070059419
133.138573802,0.202408745884895,-0.00734953070059419
133.148910957,0.202408745884895,-0.00734953070059419
133.158899656,0.201411664485931,-0.00489968108013272
133.168912774,0.202408730983734,-0.00244984962046146
133.178912451,0.201411664485931,-0.00489968108013272
133.188915219,0.201411664485931,-0.00489968108013272
133.198899188,0.200414568185806,-0.00734953070059419
133.208908067,0.200414568185806,-0.00244983145967126
133.218553973,0.200414568185806,-0.00244983145967126
133.228907268,0.200414568185806,0.00244983145967126
133.238908773,0.200414568185806,0.00244983145967126
133.248910858,0.200414568185806,0.00244983145967126
133.258916276,0.198420405387878,0.00244984962046146
133.268906385,0.198420405387878,0.00244984962046146
133.278893399,0.198420405387878,0.00244984962046146
133.288909256,0.199417486786842,0
133.298540945,0.200414568185806,0.00244983145967126
133.308908481,0.199417471885681,0.00489968108013272
133.318907513,0.199417471885681,0.00489968108013272
133.328792999,0.200414568185806,0.00244983145967126
133.338897806,0.200414568185806,0.00244983145967126
133.348908202,0.199417471885681,0.00489968108013272
133.358905513,0.200414568185806,0.00244983145967126
133.368912742,0.20141164958477,0
133.378519385,0.202408730983734,0.00244984962046146
133.388892381,0.200414568185806,0.00734953070059419
133.398888329,0.200414568185806,0.00734953070059419
133.408911106,0.201411664485931,0.00489968108013272
133.418906498,0.20141164958477,0
133.428914333,0.200414568185806,0.00244983145967126
133.438911533,0.200414568185806,0.00244983145967126
133.448926102,0.20141164958477,0
133.458469821,0.202408730983734,0.00244984962046146
133.468898408,0.201411664485931,0.00489968108013272
133.478833509,0.200414568185806,0.00244983145967126
133.48891405,0.20141164958477,0
133.498907993,0.20141164958477,0
133.508908611,0.203405827283859,0
133.518910115,0.201411664485931,0.00489968108013272
133.528912997,0.201411664485931,0.00489968108013272
133.538449043,0.201411664485931,0.00489968108013272
133.548910081,0.201411664485931,0.00489968108013272
133.55890992,0.202408730983734,0.00244984962046146
133.568200052,0.202408730983734,0.00244984962046146
133.578195148,0.202408730983734,0.00244984962046146
133.588893213,0.202408730983734,0.00244984962046146
133.598191159,0.203405827283859,0
133.608909049,0.20141164958477,0
133.618169534,0.202408730983734,-0.00244984962046146
133.628905027,0.202408730983734,-0.00244984962046146
133.638160555,0.202408730983734,-0.00244984962046146
133.648904879,0.202408730983734,-0.00244984962046146
133.658162055,0.201411664485931,-0.00489968108013272
133.668908533,0.200414568185806,-0.00244983145967126
133.67815696,0.201411664485931,-0.00489968108013272
133.688909355,0.200414568185806,-0.00244983145967126
133.698157391,0.199417486786842,0
133.708900718,0.200414568185806,-0.00244983145967126
133.718122325,0.200414568185806,-0.00244983145967126
133.72815965,0.200414568185806,-0.00244983145967126
133.738904376,0.200414568185806,0.00244983145967126
133.748104949,0.20141164958477,0
133.758113413,0.200414568185806,0.00244983145967126
133.768128309,0.202408730983734,0.00244984962046146
133.778080067,0.200414568185806,0.00734953070059419
133.788097727,0.201411664485931,0.00489968108013272
133.798106144,0.202408745884895,0.00734953070059419
133.808070082,0.202408745884895,0.00734953070059419
133.818042305,0.203405827283859,0.00489969924092293
133.828038472,0.202408745884895,0.00734953070059419
133.838064255,0.202408730983734,0.00244984962046146
133.848063839,0.202408745884895,0.00734953070059419
133.858058027,0.201411664485931,0.00979938078671694
133.868901788,0.200414568185806,0.00734953070059419
133.877985261,0.203405827283859,0.00489969924092293
133.888049637,0.203405827283859,0.00489969924092293
133.898027263,0.201411664485931,0.00489968108013272
133.908000685,0.201411664485931,0.00979938078671694
133.918019098,0.201411664485931,0.00979938078671694
133.928016685,0.201411664485931,0.00979938078671694
133.938012773,0.202408745884895,0.00734953070059419
133.948010482,0.201411664485931,0.00489968108013272
133.958004921,0.202408730983734,0.00244984962046146
133.967969365,0.203405827283859,0
133.977997526,0.202408730983734,-0.00244984962046146
133.987938884,0.203405827283859,0
133.997982906,0.205400004982948,0
134.007971221,0.204402923583984,-0.00244984962046146
134.017974722,0.206397086381912,-0.00244984962046146
134.027961801,0.207394182682037,-0.00489969924092293
134.037924564,0.207394182682037,0
134.04793301,0.207394182682037,0
134.057954145,0.211382538080215,-0.00489968108013272
134.067916979,0.209388360381126,0
134.077913113,0.209388360381126,0.00489969924092293
134.087911755,0.21038544178009,-0.00244984962046146
134.09794389,0.21038544178009,-0.00244984962046146
134.10790476,0.212379619479179,-0.00244983145967126
134.117904836,0.21038544178009,-0.00244984962046146
134.127906759,0.211382538080215,0
134.137908291,0.211382538080215,-0.00489968108013272
134.14790826,0.212379619479179,-0.00244983145967126
134.15791525,0.209388360381126,0
134.167906188,0.211382538080215,-0.00489968108013272
134.17791393,0.212379619479179,-0.00734953070059419
134.187908049,0.21038544178009,-0.00244984962046146
134.197912022,0.21038544178009,-0.00244984962046146
134.207911274,0.208391278982162,-0.00244984962046146
134.217908669,0.208391278982162,0.00244984962046146
134.227911214,0.208391278982162,-0.00244984962046146
134.237916641,0.208391278982162,0.00244984962046146
134.247908893,0.207394182682037,0
134.257919485,0.208391278982162,0.00244984962046146
134.26791376,0.207394182682037,0.00489969924092293
134.277904018,0.206397086381912,0.00244984962046146
134.287915423,0.207394182682037,0.00489969924092293
134.29791468,0.206397086381912,0.00244984962046146
134.307901586,0.207394182682037,0.00489969924092293
134.317912743,0.207394182682037,0
134.327908003,0.207394182682037,0.00489969924092293
134.337912964,0.206397086381912,0.00244984962046146
134.347907061,0.206397086381912,0.00244984962046146
134.35791503,0.205400004982948,0.00489969924092293
134.367905575,0.204402923583984,0.00734954932704568
134.377925147,0.204402923583984,0.00734954932704568
134.387921256,0.205400004982948,0.00489969924092293
134.397900175,0.205400004982948,0.00489969924092293
134.407912356,0.203405827283859,0.00489969924092293
134.417892887,0.204402923583984,0.00734954932704568
134.427909937,0.203405827283859,0.00489969924092293
134.437910334,0.204402923583984,0.00244984962046146
134.447900567,0.204402923583984,0.00734954932704568
134.457911549,0.204402923583984,0.00244984962046146
134.467912994,0.206397086381912,0.00244984962046146
134.477912415,0.206397086381912,0.00244984962046146
134.487904735,0.206397086381912,0.00244984962046146
134.497899997,0.206397086381912,0.00244984962046146
134.507914033,0.209388360381126,0
134.517903407,0.207394182682037,0
134.527914471,0.208391278982162,0.00244984962046146
134.537912621,0.209388360381126,0.00489969924092293
134.547906741,0.21038544178009,0.00244984962046146
134.557911942,0.21038544178009,0.00244984962046146
134.567910789,0.21038544178009,0.00244984962046146
134.577908629,0.209388360381126,0.00489969924092293
134.587917991,0.209388360381126,0.00489969924092293
134.597901163,0.209388360381126,0.00489969924092293
134.607902102,0.206397086381912,0.00734954932704568
134.617916568,0.207394182682037,0.00979939848184586
134.627895016,0.206397086381912,0.00734954932704568
134.637904688,0.205400004982948,0.00489969924092293
134.647909436,0.204402923583984,0.00244984962046146
134.65789405,0.203405827283859,0.00489969924092293
134.667901958,0.200414568185806,0.00244983145967126
134.677930216,0.202408730983734,-0.00244984962046146
134.687905203,0.200414568185806,-0.00244983145967126
134.697951096,0.200414568185806,-0.00244983145967126
134.707906327,0.201411664485931,-0.00979938078671694
134.717903792,0.200414568185806,-0.0122492304071784
134.727904852,0.201411664485931,-0.0146990800276399
134.737850573,0.199417471885681,-0.00979938078671694
134.747848287,0.200414568185806,-0.0122492304071784
134.75785183,0.201411664485931,-0.0146990800276399
134.767851042,0.203405827283859,-0.0146990800276399
134.777869843,0.201411664485931,-0.0146990800276399
134.787857067,0.201411664485931,-0.0146990800276399
134.797876666,0.201411664485931,-0.0146990800276399
134.807854663,0.201411664485931,-0.00979938078671694
134.817861309,0.202408745884895,-0.0122492304071784
134.827863961,0.201411664485931,-0.00979938078671694
134.837851464,0.202408745884895,-0.0122492304071784
134.847852244,0.203405827283859,-0.00979938078671694
134.857853578,0.202408745884895,-0.00734953070059419
134.867854744,0.201411664485931,-0.00489968108013272
134.877851792,0.20141164958477,0
134.88786933,0.20141164958477,0
134.897850507,0.202408730983734,-0.00244984962046146
134.907849669,0.203405827283859,0
134.917869761,0.202408730983734,0.00244984962046146
134.927854018,0.202408730983734,0.00244984962046146
134.937855297,0.203405827283859,0
134.947868715,0.20141164958477,0
134.957854593,0.20141164958477,0
134.967853684,0.202408730983734,-0.00244984962046146
134.977867051,0.203405827283859,-0.00489969924092293
134.987860622,0.203405827283859,-0.00489969924092293
134.997856449,0.203405827283859,-0.00489969924092293
135.007867541,0.202408745884895,-0.00734953070059419
135.017877912,0.202408745884895,-0.00734953070059419
135.027854518,0.203405827283859,-0.00979938078671694
135.03784821,0.201411664485931,-0.00489968108013272
135.047845162,0.202408745884895,-0.00734953070059419
135.057882444,0.203405827283859,-0.00979938078671694
135.067853844,0.202408745884895,-0.00734953070059419
135.077859798,0.201411664485931,-0.00489968108013272
135.087853893,0.202408745884895,-0.00734953070059419
135.097873412,0.201411664485931,-0.00489968108013272
135.107848661,0.201411664485931,-0.00489968108013272
135.117858201,0.201411664485931,-0.00489968108013272
135.127869091,0.200414568185806,-0.00244983145967126
135.137526415,0.202408730983734,-0.00244984962046146
135.147851195,0.202408730983734,-0.00244984962046146
135.157856746,0.20141164958477,0
135.16788941,0.203405827283859,-0.00489969924092293
135.177851318,0.203405827283859,-0.00489969924092293
135.187877535,0.203405827283859,0
135.197854312,0.203405827283859,0
135.207850954,0.203405827283859,0
135.217847301,0.204402923583984,-0.00244984962046146
135.227870888,0.205400004982948,0
135.23752783,0.204402923583984,-0.00244984962046146
135.247861155,0.204402923583984,-0.00244984962046146
135.257855557,0.204402923583984,-0.00244984962046146
135.267863029,0.204402923583984,-0.00244984962046146
135.277844329,0.204402923583984,-0.00244984962046146
135.287853673,0.202408730983734,-0.00244984962046146
135.297843782,0.203405827283859,0
135.307854467,0.204402923583984,-0.00244984962046146
135.317852533,0.203405827283859,0
135.327871306,0.202408730983734,-0.00244984962046146
135.337722334,0.202408730983734,-0.00244984962046146
135.34785257,0.20141164958477,0
135.357868525,0.202408730983734,-0.00244984962046146
135.3678539,0.202408730983734,0.00244984962046146
135.377841033,0.202408730983734,0.00244984962046146
135.387852643,0.203405827283859,0
135.397854107,0.205400004982948,-0.00489969924092293
135.407851601,0.204402923583984,-0.00244984962046146
135.417849402,0.205400004982948,0
135.427853748,0.205400004982948,0
135.437881209,0.207394182682037,0
135.44785324,0.208391278982162,-0.00244984962046146
135.457765424,0.209388360381126,0
135.467869109,0.208391278982162,-0.00244984962046146
135.477851633,0.211382538080215,-0.00489968108013272
135.487850191,0.213376700878143,-0.00489968108013272
135.497870164,0.21038544178009,-0.00244984962046146
135.50785519,0.212379619479179,-0.00244983145967126
135.51785572,0.212379619479179,-0.00734953070059419
135.527851329,0.214373797178268,-0.00734953070059419
135.53774616,0.212379619479179,-0.00244983145967126
135.547859199,0.212379619479179,-0.00244983145967126
135.557873189,0.211382538080215,-0.00489968108013272
135.567852198,0.212379619479179,-0.00244983145967126
135.577853219,0.21038544178009,-0.00244984962046146
135.58787106,0.208391278982162,-0.00244984962046146
135.597854192,0.209388360381126,0
135.607848114,0.208391278982162,-0.00244984962046146
135.617761573,0.208391278982162,-0.00244984962046146
135.627853266,0.207394182682037,0
135.637853592,0.206397086381912,-0.00244984962046146
135.647865649,0.207394182682037,0
135.657852227,0.207394182682037,0
135.667857403,0.206397086381912,-0.00244984962046146
135.677867344,0.205400004982948,0
135.687858644,0.206397086381912,-0.00244984962046146
135.697707874,0.206397086381912,-0.00244984962046146
135.707854741,0.205400004982948,0
135.717852462,0.205400004982948,0
135.727852566,0.205400004982948,-0.00489969924092293
135.737854057,0.206397086381912,-0.00734954932704568
135.747869059,0.205400004982948,-0.00489969924092293
135.757910161,0.205400004982948,-0.00489969924092293
135.767906067,0.206397086381912,-0.00734954932704568
135.777508703,0.207394182682037,-0.00489969924092293
135.787859923,0.206397086381912,-0.00244984962046146
135.797852834,0.206397086381912,-0.00734954932704568
135.807850775,0.208391278982162,-0.00734954932704568
135.8178561,0.208391278982162,-0.00734954932704568
135.827848659,0.207394182682037,-0.00489969924092293
135.83786797,0.209388360381126,-0.00489969924092293
135.847851778,0.209388345479965,-0.00979938078671694
135.857646848,0.208391278982162,-0.00244984962046146
135.867867367,0.207394182682037,0
135.877846968,0.208391278982162,-0.00244984962046146
135.887880742,0.208391278982162,-0.00244984962046146
135.897853334,0.208391278982162,0.00244984962046146
135.907852427,0.207394182682037,0.00489969924092293
135.917852391,0.206397086381912,0.00734954932704568
135.927857298,0.208391278982162,0.00734954932704568
135.937620955,0.206397086381912,0.0122492490336299
135.947302223,0.205400019884109,0.0146990800276399
135.957232345,0.205400019884109,0.0146990800276399
135.967232016,0.205400019884109,0.0146990800276399
135.977253056,0.204402923583984,0.0171489305794239
135.987240894,0.205400004982948,0.0195987615734339
135.997238946,0.203405827283859,0.0195987801998854
136.007218474,0.203405827283859,0.0195987801998854
136.017217938,0.203405827283859,0.0195987801998854
136.027240592,0.202408745884895,0.0220486298203468
136.037232059,0.202408745884895,0.0220486298203468
136.047214266,0.203405827283859,0.0244984608143568
136.057210537,0.203405827283859,0.0195987801998854
136.067206559,0.205400004982948,0.0195987615734339
136.077209005,0.205400004982948,0.0195987615734339
136.087173919,0.203405827283859,0.0195987801998854
136.097198887,0.206397086381912,0.0171489119529724
136.107193606,0.206397086381912,0.0171489119529724
136.117166956,0.208391264081001,0.0171489305794239
136.12716491,0.208391264081001,0.0171489305794239
136.137166264,0.209388345479965,0.0146990800276399
136.147216798,0.208391264081001,0.0122492304071784
136.157177794,0.21038544178009,0.0122492304071784
136.167152425,0.209388345479965,0.0146990800276399
136.177152516,0.208391264081001,0.0122492304071784
136.187150294,0.21038544178009,0.00734953070059419
136.1971496,0.209388360381126,0.00489969924092293
136.207149701,0.208391278982162,0.00734954932704568
136.217220364,0.206397086381912,0.00734954932704568
136.227154168,0.205400004982948,0.00489969924092293
136.237136929,0.205400004982948,0
136.247153076,0.205400004982948,0
136.257150043,0.203405827283859,-0.00489969924092293
136.267155061,0.201411664485931,-0.00489968108013272
136.27714536,0.202408745884895,-0.00734953070059419
136.287150599,0.201411664485931,-0.00489968108013272
136.297148347,0.201411664485931,-0.00489968108013272
136.307151527,0.200414568185806,-0.0122492304071784
136.317146799,0.200414568185806,-0.0122492304071784
136.327149029,0.200414568185806,-0.0122492304071784
136.337113804,0.200414568185806,-0.0122492304071784
136.3471323,0.201411664485931,-0.0146990800276399
136.357106864,0.200414568185806,-0.00734953070059419
136.367106679,0.202408745884895,-0.0122492304071784
136.37710171,0.201411664485931,-0.00979938078671694
136.387099987,0.201411664485931,-0.00979938078671694
136.397074266,0.201411664485931,-0.00979938078671694
136.407072748,0.204402923583984,-0.00734954932704568
136.417070799,0.204402923583984,-0.00734954932704568
136.427073798,0.205400004982948,-0.00979939848184586
136.437065136,0.204402923583984,-0.00734954932704568
136.447061803,0.205400004982948,-0.00489969924092293
136.457060119,0.206397086381912,-0.00734954932704568
136.467056152,0.205400004982948,-0.00489969924092293
136.477052622,0.205400004982948,-0.00489969924092293
136.487051092,0.206397086381912,-0.00244984962046146
136.497051045,0.206397086381912,-0.00244984962046146
136.507048601,0.204402923583984,-0.00244984962046146
136.517046885,0.204402923583984,-0.00244984962046146
136.527044399,0.205400004982948,0
136.537041622,0.204402923583984,0.00244984962046146
136.547037585,0.202408730983734,0.00244984962046146
136.557037552,0.203405827283859,0
136.567037495,0.204402923583984,-0.00244984962046146
136.577040446,0.205400004982948,0
136.587028978,0.204402923583984,-0.00244984962046146
136.597025082,0.203405827283859,0
136.607026918,0.204402923583984,-0.00244984962046146
136.61702029,0.205400004982948,-0.00489969924092293
136.627018814,0.203405827283859,-0.00489969924092293
136.637013227,0.204402923583984,-0.00734954932704568
136.647012583,0.205400004982948,-0.00979939848184586
136.657011783,0.205400004982948,-0.00489969924092293
136.667007553,0.203405827283859,-0.00489969924092293
136.677006862,0.203405827283859,-0.00979938078671694
136.687006521,0.203405827283859,-0.00489969924092293
136.697854246,0.204402923583984,-0.00734954932704568
136.707119969,0.203405827283859,-0.00489969924092293
136.717852758,0.202408730983734,-0.00244984962046146
136.72709636,0.202408730983734,-0.00244984962046146
136.73711552,0.202408730983734,-0.00244984962046146
136.747087931,0.202408730983734,-0.00244984962046146
136.757099647,0.199417471885681,-0.00489968108013272
136.767084413,0.201411664485931,-0.00489968108013272
136.777078595,0.20141164958477,0
136.78712443,0.201411664485931,-0.00489968108013272
136.797124743,0.201411664485931,-0.00489968108013272
136.80712083,0.200414568185806,-0.00244983145967126
136.817109521,0.200414568185806,-0.00244983145967126
136.827116742,0.200414568185806,-0.00244983145967126
136.837110318,0.201411664485931,-0.00489968108013272
136.847118255,0.200414568185806,-0.00244983145967126
136.857116281,0.203405827283859,0
136.867109398,0.203405827283859,0
136.877079345,0.203405827283859,-0.00489969924092293
136.887072931,0.202408730983734,-0.00244984962046146
136.897074319,0.200414568185806,-0.00244983145967126
136.907077664,0.201411664485931,-0.00489968108013272
136.917019958,0.201411664485931,-0.00489968108013272
136.927068798,0.201411664485931,-0.00489968108013272
136.937063146,0.200414568185806,-0.00244983145967126
136.947032981,0.200414568185806,-0.00244983145967126
136.957060431,0.199417471885681,-0.00489968108013272
136.967051891,0.197423309087753,0
136.977050966,0.197423309087753,0
136.987042449,0.197423309087753,0
136.997049335,0.198420405387878,0.00244984962046146
137.007017026,0.198420405387878,0.00244984962046146
137.016979502,0.199417486786842,0
137.027015314,0.198420405387878,0.00244984962046146
137.037012233,0.198420405387878,0.00244984962046146
137.046996096,0.198420405387878,0.00244984962046146
137.056986591,0.198420405387878,0.00244984962046146
137.066916219,0.199417486786842,0
137.076919359,0.198420405387878,0.00244984962046146
137.086936669,0.20141164958477,0
137.096933554,0.200414568185806,0.00244983145967126
137.106909541,0.200414568185806,0.00244983145967126
137.116937104,0.200414568185806,0.00734953070059419
137.126898243,0.202408730983734,0.00244984962046146
137.136911558,0.202408730983734,0.00244984962046146
137.146924652,0.202408730983734,0.00244984962046146
137.156938219,0.202408730983734,0.00244984962046146
137.166929461,0.202408730983734,0.00244984962046146
137.176921621,0.202408730983734,0.00244984962046146
137.18690352,0.20141164958477,0
137.196915381,0.202408730983734,-0.00244984962046146
137.206914344,0.203405827283859,-0.00489969924092293
137.216902849,0.203405827283859,-0.00489969924092293
137.226936615,0.20141164958477,0
137.236906376,0.202408730983734,-0.00244984962046146
137.246913498,0.203405827283859,0
137.256930678,0.203405827283859,0
137.266911711,0.205400004982948,0
137.276909142,0.205400004982948,0
137.286929017,0.206397086381912,0.00244984962046146
137.296921145,0.206397086381912,0.00244984962046146
137.306916129,0.206397086381912,0.00734954932704568
137.316911872,0.205400004982948,0.00489969924092293
137.326921408,0.208391278982162,0.00244984962046146
137.336914724,0.208391278982162,0.00244984962046146
137.346928706,0.208391278982162,0.00244984962046146
137.356882298,0.209388360381126,0
137.366915524,0.208391278982162,0.00244984962046146
137.376913231,0.209388360381126,0
137.38690802,0.207394182682037,0
137.39691845,0.208391278982162,0.00244984962046146
137.406923839,0.207394182682037,0
137.41690723,0.207394182682037,0
137.426910629,0.207394182682037,0
137.436896673,0.206397086381912,0.00244984962046146
137.446908888,0.206397086381912,0.00244984962046146
137.456880849,0.205400004982948,0.00489969924092293
137.466910647,0.205400004982948,0
137.476909267,0.206397086381912,0.00244984962046146
137.486911762,0.206397086381912,0.00244984962046146
137.496911532,0.206397086381912,0.00244984962046146
137.506908062,0.207394182682037,0
137.516901731,0.209388360381126,0
137.526916208,0.207394182682037,0
137.536910896,0.209388360381126,0
137.546907585,0.209388360381126,-0.00489969924092293
137.556925448,0.21038544178009,-0.00244984962046146
137.566909376,0.21038544178009,-0.00244984962046146
137.576850582,0.209388360381126,0
137.586868477,0.21038544178009,-0.00244984962046146
137.596877449,0.21038544178009,-0.00734953070059419
137.606852569,0.21038544178009,-0.00734953070059419
137.616885616,0.209388360381126,-0.00489969924092293
137.62685698,0.209388360381126,-0.00489969924092293
137.636852506,0.208391278982162,-0.00734954932704568
137.646865998,0.208391278982162,-0.00734954932704568
137.656861072,0.208391278982162,-0.00734954932704568
137.666861532,0.208391278982162,-0.00734954932704568
137.676868232,0.207394182682037,-0.00979939848184586
137.686851451,0.208391264081001,-0.0122492304071784
137.696854042,0.207394182682037,-0.00979939848184586
137.706872879,0.207394182682037,-0.00489969924092293
137.716854988,0.207394182682037,-0.00979939848184586
137.726851312,0.209388345479965,-0.00979938078671694
137.736873974,0.209388360381126,-0.00489969924092293
137.746855277,0.209388360381126,-0.00489969924092293
137.756852308,0.209388360381126,-0.00489969924092293
137.766872616,0.209388360381126,0
137.7768503,0.21038544178009,-0.00244984962046146
137.786853042,0.209388360381126,0.00489969924092293
137.796872418,0.211382538080215,0.00489968108013272
137.80689948,0.209388360381126,0.00489969924092293
137.816909301,0.209388345479965,0.00979938078671694
137.826907582,0.208391264081001,0.0122492304071784
137.836905515,0.207394182682037,0.00979939848184586
137.846908264,0.207394182682037,0.0146990800276399
137.856889955,0.206397086381912,0.0122492490336299
137.866913869,0.207394182682037,0.00979939848184586
137.87694196,0.205400019884109,0.0146990800276399
137.886914569,0.205400019884109,0.0146990800276399
137.896903224,0.202408745884895,0.0171489305794239
137.90691082,0.203405827283859,0.0146990800276399
137.91691053,0.203405827283859,0.00979938078671694
137.926892911,0.202408745884895,0.00734953070059419
137.936899917,0.203405827283859,0.00979938078671694
137.946927049,0.202408745884895,0.00734953070059419
137.956911431,0.202408745884895,0.00734953070059419
137.966903371,0.201411664485931,0.00489968108013272
137.976908839,0.202408730983734,0.00244984962046146
137.98690896,0.20141164958477,0
137.996929922,0.202408745884895,-0.00734953070059419
138.006906223,0.203405827283859,-0.00489969924092293
138.016852624,0.202408730983734,-0.00244984962046146
138.026904755,0.203405827283859,-0.00489969924092293
138.036902163,0.202408745884895,-0.00734953070059419
138.046922588,0.203405827283859,-0.00979938078671694
138.056910548,0.203405827283859,-0.00979938078671694
138.066904464,0.201411664485931,-0.00979938078671694
138.076913138,0.202408745884895,-0.0122492304071784
138.086908003,0.203405827283859,-0.0146990800276399
138.096826269,0.202408745884895,-0.00734953070059419
138.106898577,0.202408745884895,-0.0122492304071784
138.116931077,0.202408745884895,-0.0122492304071784
138.126903199,0.202408745884895,-0.0122492304071784
138.13690382,0.203405827283859,-0.0146990800276399
138.146913209,0.202408745884895,-0.0122492304071784
138.156904819,0.203405827283859,-0.0146990800276399
138.166892155,0.204402923583984,-0.0122492304071784
138.176845637,0.203405827283859,-0.00979938078671694
138.186906926,0.202408745884895,-0.00734953070059419
138.196902207,0.203405827283859,-0.00979938078671694
138.206912394,0.203405827283859,-0.00979938078671694
138.216896769,0.203405827283859,-0.00979938078671694
138.22689594,0.202408745884895,-0.00734953070059419
138.236910889,0.201411664485931,-0.00489968108013272
138.246892062,0.201411664485931,-0.00489968108013272
138.256788788,0.200414568185806,-0.00244983145967126
138.266916012,0.202408730983734,-0.00244984962046146
138.276907639,0.202408730983734,-0.00244984962046146
138.286897174,0.202408730983734,-0.00244984962046146
138.296913402,0.202408730983734,-0.00244984962046146
138.306909071,0.20141164958477,0
138.316883095,0.200414568185806,0.00244983145967126
138.326912899,0.20141164958477,0
138.336772726,0.200414568185806,0.00244983145967126
138.346896098,0.199417471885681,0.00489968108013272
138.356906661,0.200414568185806,0.00244983145967126
138.366906562,0.199417486786842,0
138.376894888,0.198420405387878,0.00244984962046146
138.386911163,0.198420405387878,0.00244984962046146
138.396905256,0.197423309087753,0.00489969924092293
138.406892947,0.198420390486717,0.00734953070059419
138.416771809,0.199417471885681,0.00489968108013272
138.426891278,0.199417471885681,0.00489968108013272
138.4369053,0.200414568185806,0.00244983145967126
138.446908217,0.20141164958477,0
138.456897119,0.201411664485931,0.00489968108013272
138.466903681,0.199417471885681,0.00979938078671694
138.476903474,0.202408745884895,0.00734953070059419
138.48691406,0.201411664485931,0.00979938078671694
138.496721457,0.202408745884895,0.00734953070059419
138.506914637,0.201411664485931,0.00489968108013272
138.516908766,0.201411664485931,0.00489968108013272
138.526908894,0.201411664485931,0.00979938078671694
138.536909851,0.201411664485931,0.00979938078671694
138.546923042,0.201411664485931,0.00979938078671694
138.556908749,0.200414568185806,0.00734953070059419
138.566913976,0.200414568185806,0.00734953070059419
138.576680231,0.198420390486717,0.00734953070059419
138.586911514,0.200414568185806,0.00734953070059419
138.596915539,0.200414568185806,0.00734953070059419
138.606906533,0.200414568185806,0.00734953070059419
138.616898357,0.201411664485931,0.00489968108013272
138.626913395,0.199417471885681,0.00489968108013272
138.636924703,0.201411664485931,0.00489968108013272
138.646895072,0.201411664485931,0.00489968108013272
138.656664831,0.201411664485931,0.00489968108013272
138.666908059,0.202408730983734,0.00244984962046146
138.676897761,0.202408730983734,0.00244984962046146
138.68690267,0.202408730983734,-0.00244984962046146
138.696901342,0.202408730983734,-0.00244984962046146
138.706899097,0.203405827283859,0
138.716912258,0.202408730983734,0.00244984962046146
138.72690853,0.205400004982948,0
138.736648394,0.204402923583984,-0.00244984962046146
138.746909624,0.204402923583984,-0.00244984962046146
138.756888175,0.204402923583984,-0.00244984962046146
138.766902757,0.206397086381912,-0.00244984962046146
138.776902736,0.206397086381912,-0.00244984962046146
138.786909733,0.206397086381912,0.00244984962046146
138.796895188,0.206397086381912,0.00244984962046146
138.806915186,0.206397086381912,-0.00244984962046146
138.8166224,0.207394182682037,0
138.826899021,0.206397086381912,-0.00244984962046146
138.836906079,0.206397086381912,0.00244984962046146
138.846890917,0.206397086381912,0.00244984962046146
138.856905581,0.206397086381912,0.00244984962046146
138.866915029,0.206397086381912,0.00244984962046146
138.876911146,0.206397086381912,0.00244984962046146
138.886893052,0.205400004982948,0
138.896610293,0.207394182682037,0
138.906923151,0.206397086381912,0.00244984962046146
138.916901308,0.206397086381912,0.00244984962046146
138.926903687,0.206397086381912,0.00244984962046146
138.936905262,0.205400004982948,0
138.946900861,0.207394182682037,0
138.956909804,0.208391278982162,-0.00244984962046146
138.966894436,0.207394182682037,-0.00489969924092293
138.97661582,0.208391278982162,-0.00244984962046146
138.9869032,0.209388360381126,-0.00489969924092293
138.996908623,0.207394182682037,-0.00489969924092293
139.006893425,0.208391278982162,-0.00734954932704568
139.016917219,0.208391278982162,-0.00734954932704568
139.0268965,0.207394182682037,-0.00489969924092293
139.036896152,0.208391278982162,-0.00734954932704568
139.046909184,0.206397086381912,-0.00734954932704568
139.056603668,0.206397086381912,-0.00734954932704568
139.066910667,0.206397086381912,-0.00244984962046146
139.076912642,0.205400004982948,-0.00489969924092293
139.086903041,0.205400004982948,-0.00489969924092293
139.096903851,0.205400004982948,-0.00489969924092293
139.106922935,0.206397086381912,-0.00244984962046146
139.116915058,0.205400004982948,-0.00489969924092293
139.126906037,0.206397086381912,-0.00734954932704568
139.136577051,0.205400004982948,-0.00489969924092293
139.146902814,0.207394182682037,-0.00489969924092293
139.156952407,0.206397086381912,-0.00244984962046146
139.166902819,0.205400004982948,-0.00489969924092293
139.176935832,0.207394182682037,-0.00489969924092293
139.186946381,0.207394182682037,-0.00489969924092293
139.196910387,0.209388360381126,-0.00489969924092293
139.206893317,0.207394182682037,-0.00489969924092293
139.216556168,0.209388345479965,-0.00979938078671694
139.226898983,0.208391278982162,-0.00244984962046146
139.236901844,0.209388360381126,0
139.246900285,0.208391278982162,-0.00244984962046146
139.256896964,0.208391278982162,-0.00244984962046146
139.266900714,0.209388360381126,-0.00489969924092293
139.276911455,0.208391278982162,-0.00244984962046146
139.286895208,0.207394182682037,0
139.296532512,0.206397086381912,-0.00244984962046146
139.306908772,0.207394182682037,-0.00489969924092293
139.316905585,0.207394182682037,0
139.326896686,0.207394182682037,-0.00489969924092293
139.336910418,0.206397086381912,-0.00734954932704568
139.346905796,0.207394182682037,-0.00489969924092293
139.356903758,0.207394182682037,-0.00489969924092293
139.366907312,0.207394182682037,-0.00489969924092293
139.376519169,0.208391278982162,-0.00734954932704568
139.386916756,0.208391278982162,-0.00734954932704568
139.396912801,0.208391278982162,-0.00734954932704568
139.406910964,0.208391278982162,-0.00244984962046146
139.416895241,0.207394182682037,0
139.42691819,0.208391278982162,-0.00244984962046146
139.436903886,0.21038544178009,-0.00244984962046146
139.446911407,0.21038544178009,-0.00244984962046146
139.456506022,0.21038544178009,-0.00244984962046146
139.466906939,0.21038544178009,0.00244984962046146
139.476898422,0.21038544178009,0.00244984962046146
139.486904318,0.212379619479179,0.00244983145967126
139.496896931,0.212379619479179,0.00244983145967126
139.506911063,0.212379619479179,0.00244983145967126
139.516910882,0.212379619479179,0.00244983145967126
139.526910931,0.213376700878143,0.00489968108013272
139.536480215,0.212379619479179,0.00734953070059419
139.546915249,0.21038544178009,0.00734953070059419
139.556914385,0.212379619479179,0.00734953070059419
139.566903169,0.213376700878143,0.00489968108013272
139.576244258,0.212379619479179,0.00734953070059419
139.586892785,0.212379619479179,0.00734953070059419
139.596895531,0.211382538080215,0.00979938078671694
139.6068928,0.212379619479179,0.00734953070059419
139.616461177,0.213376700878143,0.00489968108013272
139.626909598,0.212379619479179,0.00734953070059419
139.636894681,0.212379619479179,0.00734953070059419
139.646908724,0.213376700878143,0.00489968108013272
139.656907826,0.213376700878143,0.00489968108013272
139.666890259,0.212379619479179,0.00734953070059419
139.676164345,0.211382538080215,0.00489968108013272
139.686904693,0.209388360381126,0.00489969924092293
139.696449727,0.21038544178009,0.00244984962046146
139.706902577,0.208391278982162,0.00244984962046146
139.716878305,0.207394182682037,0.00489969924092293
139.726904651,0.206397086381912,0.00244984962046146
139.736915273,0.206397086381912,-0.00244984962046146
139.746916616,0.204402923583984,0.00244984962046146
139.756196582,0.203405827283859,0
139.766902558,0.203405827283859,-0.00489969924092293
139.776362793,0.203405827283859,-0.00489969924092293
139.786911473,0.202408745884895,-0.00734953070059419
139.796953073,0.201411664485931,-0.00489968108013272
139.806182389,0.202408745884895,-0.00734953070059419
139.816904053,0.201411664485931,-0.00979938078671694
139.826159839,0.200414568185806,-0.0122492304071784
139.836902421,0.199417471885681,-0.00979938078671694
139.846138501,0.201411664485931,-0.0146990800276399
139.856404487,0.200414568185806,-0.0122492304071784
139.866156996,0.200414568185806,-0.0122492304071784
139.876579216,0.199417471885681,-0.00979938078671694
139.886909586,0.201411664485931,-0.00979938078671694
139.896143208,0.199417471885681,-0.00489968108013272
139.906128586,0.197423309087753,-0.00489969924092293
139.91614547,0.196426212787628,-0.00244984962046146
139.926124917,0.197423309087753,0
139.936125812,0.195429131388664,0
139.946119311,0.1944320499897,0.00244984962046146
139.956123691,0.19243785738945,0.00244984962046146
139.966108282,0.190443694591522,0.00244983145967126
139.976085647,0.190443694591522,0.00244983145967126
139.986114878,0.187452435493469,0.00489969924092293
139.996106003,0.188449531793594,-0.00244984962046146
140.006082896,0.188449531793594,0.00244984962046146
140.016073049,0.187452435493469,0
140.026111655,0.187452435493469,0
140.036080311,0.189446613192558,0
140.046079536,0.188449531793594,0.00244984962046146
140.056064936,0.190443694591522,0.00244983145967126
140.06606782,0.190443694591522,0.00734953070059419
140.07605509,0.193434953689575,0
140.08604818,0.1944320499897,0.00244984962046146
140.096030114,0.1944320499897,0.00734954932704568
140.106056895,0.197423309087753,0.00489969924092293
140.116032513,0.200414568185806,0.00244983145967126
140.126044608,0.200414568185806,0.00734953070059419
140.136027064,0.201411664485931,0.00489968108013272
140.145984883,0.201411664485931,0.00489968108013272
140.155974633,0.203405827283859,0.00489969924092293
140.166011845,0.204402923583984,0.00244984962046146
140.175951694,0.202408745884895,0.00734953070059419
140.185997352,0.204402923583984,0.00244984962046146
140.195921758,0.205400004982948,0
140.205908932,0.203405827283859,0
140.215908185,0.20141164958477,0
140.225915389,0.201411664485931,-0.00489968108013272
140.235927068,0.200414568185806,-0.00244983145967126
140.245934066,0.200414568185806,-0.00734953070059419
140.255910278,0.199417471885681,-0.00979938078671694
140.265930871,0.198420390486717,-0.0122492304071784
140.275929406,0.198420390486717,-0.0122492304071784
140.285903851,0.197423309087753,-0.00979938078671694
140.295915378,0.196426212787628,-0.0122492304071784
140.305907646,0.195429131388664,-0.0146990614011884
140.315853583,0.196426212787628,-0.0122492304071784
140.325854744,0.197423309087753,-0.00979938078671694
140.335867656,0.198420390486717,-0.0122492304071784
140.345854492,0.199417471885681,-0.00979938078671694
140.355884028,0.198420390486717,-0.00734953070059419
140.365856264,0.198420405387878,-0.00244984962046146
140.375879904,0.198420405387878,-0.00244984962046146
140.38585464,0.200414568185806,-0.00244983145967126
140.395853497,0.202408730983734,-0.00244984962046146
140.405855084,0.203405827283859,0
140.415853531,0.204402923583984,0.00244984962046146
140.425863552,0.203405827283859,0
140.435867959,0.203405827283859,0.00489969924092293
140.445885905,0.204402923583984,0.00734954932704568
140.455888874,0.205400004982948,0.00489969924092293
140.465862308,0.207394182682037,0.00489969924092293
140.475853067,0.207394182682037,0.00489969924092293
140.485855656,0.206397086381912,0.00734954932704568
140.495874794,0.207394182682037,0.00979939848184586
140.505863715,0.207394182682037,0.00979939848184586
140.515864583,0.206397086381912,0.00734954932704568
140.525885112,0.207394182682037,0.00979939848184586
140.535880189,0.206397086381912,0.00734954932704568
140.545854772,0.206397086381912,0.00734954932704568
140.555860348,0.206397086381912,0.00734954932704568
140.565852223,0.205400004982948,0.00489969924092293
140.575848568,0.208391278982162,0.00244984962046146
140.58585056,0.206397086381912,0.00244984962046146
140.595850951,0.205400004982948,0.00489969924092293
140.60585341,0.206397086381912,0.00244984962046146
140.615854479,0.207394182682037,0
140.625859134,0.207394182682037,0
140.635869673,0.208391278982162,-0.00244984962046146
140.645851703,0.208391278982162,-0.00244984962046146
140.655850991,0.208391278982162,-0.00244984962046146
140.665872815,0.209388360381126,0
140.675852368,0.207394182682037,0
140.685852405,0.208391278982162,-0.00244984962046146
140.695854523,0.208391278982162,-0.00244984962046146
140.70585195,0.208391278982162,-0.00244984962046146
140.715852024,0.208391278982162,0.00244984962046146
140.725871646,0.207394182682037,0
140.735852494,0.206397086381912,0.00244984962046146
140.745853086,0.206397086381912,0.00244984962046146
140.755866679,0.207394182682037,0
140.765858007,0.207394182682037,0
140.775849758,0.205400004982948,0.00489969924092293
140.785867476,0.206397086381912,0.00244984962046146
140.795852182,0.207394182682037,0
140.80585629,0.206397086381912,0.00734954932704568
140.815866438,0.206397086381912,0.00244984962046146
140.825854785,0.207394182682037,0.00489969924092293
140.835854518,0.209388360381126,0.00489969924092293
140.845854337,0.21038544178009,0.00244984962046146
140.85584969,0.209388345479965,0.00979938078671694
140.865852572,0.208391278982162,0.00734954932704568
140.875873749,0.211382538080215,0.00489968108013272
140.885851788,0.209388345479965,0.00979938078671694
140.895851449,0.209388345479965,0.00979938078671694
140.905872981,0.209388360381126,0.00489969924092293
140.91585401,0.209388360381126,0.00489969924092293
140.925859898,0.209388360381126,0.00489969924092293
140.9358518,0.208391278982162,0.00244984962046146
140.945883491,0.205400004982948,0.00489969924092293
140.955853357,0.205400004982948,0.00489969924092293
140.965854069,0.205400004982948,0.00489969924092293
140.975850924,0.204402923583984,0.00244984962046146
140.985854406,0.206397086381912,-0.00244984962046146
140.995854385,0.203405827283859,0
141.0058664,0.204402923583984,-0.00244984962046146
141.015853749,0.204402923583984,0.00244984962046146
141.025856954,0.203405827283859,0
141.03586931,0.203405827283859,0
141.045854478,0.203405827283859,0
141.055854265,0.205400004982948,-0.00489969924092293
141.065870344,0.206397086381912,-0.00734954932704568
141.075854237,0.206397086381912,-0.00244984962046146
141.085856949,0.205400004982948,0
141.095871557,0.207394182682037,-0.00489969924092293
141.105851858,0.207394182682037,0
141.115853908,0.207394182682037,-0.00489969924092293
141.12586752,0.208391278982162,-0.00734954932704568
141.135853841,0.208391278982162,-0.00244984962046146
141.145855458,0.209388360381126,-0.00489969924092293
141.155870853,0.208391278982162,-0.00244984962046146
141.165856443,0.207394182682037,0
141.175852385,0.207394182682037,-0.00489969924092293
141.185871635,0.208391278982162,-0.00244984962046146
141.19591391,0.207394182682037,0
141.205904188,0.207394182682037,0
141.215897012,0.207394182682037,0
141.225896272,0.208391278982162,0.00244984962046146
141.235901351,0.206397086381912,0.00244984962046146
141.245918871,0.207394182682037,0
141.25591118,0.206397086381912,0.00244984962046146
141.265910778,0.206397086381912,0.00244984962046146
141.275914665,0.207394182682037,0.00489969924092293
141.285906908,0.207394182682037,0
141.29591009,0.208391278982162,0.00244984962046146
141.305924656,0.208391278982162,-0.00244984962046146
141.315909605,0.208391278982162,0.00244984962046146
141.32590645,0.207394182682037,0
141.335937747,0.208391278982162,-0.00244984962046146
141.345601805,0.207394182682037,0
141.355915777,0.207394182682037,0
141.365898223,0.207394182682037,0
141.375893531,0.205400004982948,0
141.385903812,0.205400004982948,0
141.395910611,0.204402923583984,-0.00244984962046146
141.40590949,0.203405827283859,0
141.415918455,0.202408730983734,-0.00244984962046146
141.42590856,0.204402923583984,-0.00244984962046146
141.435910489,0.203405827283859,0
141.445620305,0.203405827283859,0
141.455913277,0.202408730983734,-0.00244984962046146
141.465895322,0.204402923583984,-0.00734954932704568
141.475908574,0.204402923583984,-0.00244984962046146
141.48591692,0.204402923583984,-0.00244984962046146
141.495912524,0.204402923583984,-0.00244984962046146
141.505890577,0.204402923583984,-0.00244984962046146
141.515923606,0.206397086381912,-0.00244984962046146
141.525902574,0.203405827283859,0
141.535909012,0.205400004982948,-0.00489969924092293
141.545815868,0.205400004982948,-0.00489969924092293
141.55591848,0.205400004982948,-0.00489969924092293
141.565912555,0.204402923583984,-0.00244984962046146
141.575922105,0.203405827283859,-0.00489969924092293
141.585903911,0.203405827283859,-0.00489969924092293
141.595913111,0.202408745884895,-0.00734953070059419
141.605916616,0.203405827283859,-0.00979938078671694
141.615908054,0.200414568185806,-0.00734953070059419
141.625913245,0.200414568185806,-0.00734953070059419
141.635912132,0.199417471885681,-0.00979938078671694
141.645928579,0.199417471885681,-0.00979938078671694
141.655911469,0.199417471885681,-0.00979938078671694
141.665911961,0.198420390486717,-0.00734953070059419
141.675910409,0.198420390486717,-0.0122492304071784
141.685904527,0.198420390486717,-0.0122492304071784
141.695914826,0.199417471885681,-0.00979938078671694
141.705893789,0.198420390486717,-0.00734953070059419
141.715907708,0.198420390486717,-0.00734953070059419
141.725925658,0.199417471885681,-0.00979938078671694
141.735917151,0.200414568185806,-0.00244983145967126
141.745915816,0.200414568185806,-0.00244983145967126
141.755911431,0.200414568185806,-0.00244983145967126
141.765904481,0.200414568185806,0.00244983145967126
141.775911484,0.201411664485931,0.00489968108013272
141.785913975,0.201411664485931,0.00979938078671694
141.795897543,0.203405827283859,0.00979938078671694
141.805906559,0.203405827283859,0.00979938078671694
141.81590795,0.204402923583984,0.0122492304071784
141.825914299,0.203405827283859,0.0146990800276399
141.835931126,0.202408745884895,0.0122492304071784
141.84590365,0.202408745884895,0.0122492304071784
141.855911145,0.203405827283859,0.0146990800276399
141.865896247,0.203405827283859,0.00979938078671694
141.87590567,0.203405827283859,0.00979938078671694
141.885901009,0.202408745884895,0.00734953070059419
141.895902612,0.199417471885681,0.00979938078671694
141.905916592,0.200414568185806,0.00734953070059419
141.91591077,0.200414568185806,0.00244983145967126
141.925360804,0.200414568185806,0.00244983145967126
141.935859637,0.200414568185806,0.00244983145967126
141.945862103,0.200414568185806,0.00244983145967126
141.95585932,0.199417486786842,0
141.965853069,0.199417486786842,0
141.975856018,0.199417486786842,0
141.985850889,0.200414568185806,-0.00244983145967126
141.995845751,0.202408745884895,-0.00734953070059419
142.005855814,0.201411664485931,-0.00489968108013272
142.015840681,0.202408745884895,-0.00734953070059419
142.025855609,0.202408745884895,-0.00734953070059419
142.035851186,0.202408745884895,-0.00734953070059419
142.04586653,0.203405827283859,-0.00979938078671694
142.055853341,0.203405827283859,-0.00979938078671694
142.06585191,0.203405827283859,-0.00979938078671694
142.075869134,0.204402923583984,-0.0122492304071784
142.08585977,0.203405827283859,-0.00979938078671694
142.095823823,0.203405827283859,-0.00979938078671694
142.105868903,0.204402923583984,-0.0122492304071784
142.11585203,0.204402923583984,-0.00734954932704568
142.12585333,0.204402923583984,-0.00734954932704568
142.135854903,0.205400004982948,-0.00979939848184586
142.145853234,0.205400004982948,-0.00979939848184586
142.155849359,0.205400004982948,-0.00979939848184586
142.165868412,0.206397086381912,-0.00734954932704568
142.175843369,0.206397086381912,-0.00734954932704568
142.185854254,0.207394182682037,-0.00489969924092293
142.195868276,0.207394182682037,-0.00489969924092293
142.205859814,0.207394182682037,-0.00489969924092293
142.215854147,0.208391278982162,-0.00734954932704568
142.225864511,0.208391278982162,-0.00734954932704568
142.235855877,0.209388360381126,-0.00489969924092293
142.245858887,0.209388360381126,0
142.255815848,0.209388360381126,0
142.265853592,0.211382538080215,-0.00489968108013272
142.275856331,0.211382538080215,0
142.285869892,0.21038544178009,-0.00244984962046146
142.295851041,0.209388360381126,0
142.305856502,0.209388360381126,0.00489969924092293
142.315866045,0.207394182682037,0.00489969924092293
142.325858197,0.207394182682037,0.00489969924092293
142.335764396,0.205400004982948,0.00489969924092293
142.3458732,0.204402923583984,0.00244984962046146
142.355864864,0.206397086381912,0.00244984962046146
142.365854025,0.203405827283859,0.00489969924092293
142.375856503,0.202408730983734,0.00244984962046146
142.385854913,0.203405827283859,0.00489969924092293
142.395847379,0.203405827283859,0.00489969924092293
142.405869772,0.202408730983734,0.00244984962046146
142.415748033,0.204402923583984,0.00244984962046146
142.425853295,0.204402923583984,0.00244984962046146
142.435866888,0.205400004982948,0.00489969924092293
142.445852315,0.206397086381912,0.00244984962046146
142.455856271,0.205400004982948,0.00489969924092293
142.465874784,0.207394182682037,0.00489969924092293
142.475852328,0.208391278982162,0.00734954932704568
142.485856381,0.207394182682037,0.00489969924092293
142.49572859,0.209388360381126,0.00489969924092293
142.505849552,0.21038544178009,0.00734953070059419
142.51585081,0.209388360381126,0.00489969924092293
142.525871835,0.21038544178009,0.00734953070059419
142.535850784,0.209388360381126,0.00489969924092293
142.54588035,0.208391278982162,0.00734954932704568
142.555851907,0.207394182682037,0.00489969924092293
142.565850726,0.206397086381912,0.00734954932704568
142.575758194,0.206397086381912,0.00244984962046146
142.5858698,0.206397086381912,0.00244984962046146
142.595853429,0.205400004982948,0.00489969924092293
142.605852694,0.204402923583984,0.00244984962046146
142.615869825,0.204402923583984,0.00734954932704568
142.625857771,0.203405827283859,0.00489969924092293
142.635853977,0.203405827283859,0.00489969924092293
142.645867583,0.204402923583984,0.00244984962046146
142.655697538,0.205400004982948,0.00489969924092293
142.66585456,0.205400004982948,0
142.675874785,0.204402923583984,0.00244984962046146
142.685851415,0.205400004982948,0
142.695856883,0.205400004982948,0
142.705869229,0.205400004982948,0
142.715848007,0.205400004982948,-0.00489969924092293
142.725852029,0.206397086381912,-0.00734954932704568
142.735673224,0.208391278982162,-0.00734954932704568
142.745853965,0.207394182682037,-0.00489969924092293
142.755850539,0.207394182682037,-0.00489969924092293
142.765873779,0.207394182682037,-0.00489969924092293
142.77585186,0.207394182682037,-0.00489969924092293
142.785851004,0.207394182682037,0
142.795869228,0.206397086381912,-0.00244984962046146
142.805853742,0.208391278982162,-0.00244984962046146
142.815653895,0.208391278982162,-0.00244984962046146
142.825867473,0.207394182682037,0.00489969924092293
142.835852927,0.206397086381912,0.00244984962046146
142.845854968,0.207394182682037,0.00489969924092293
142.85587381,0.206397086381912,0.00244984962046146
142.865853892,0.207394182682037,0.00489969924092293
142.87585251,0.208391278982162,0.00734954932704568
142.885857571,0.208391278982162,0.00244984962046146
142.895635656,0.209388360381126,0.00489969924092293
142.905870101,0.209388360381126,0.00489969924092293
142.915135436,0.208391278982162,0.00734954932704568
142.925856954,0.209388360381126,0.00489969924092293
142.935130936,0.21038544178009,0.00244984962046146
142.945854467,0.21038544178009,0.00244984962046146
142.955128878,0.212379619479179,0.00244983145967126
142.965851613,0.21038544178009,0.00244984962046146
142.975120784,0.209388360381126,0
142.985853412,0.21038544178009,0.00244984962046146
142.995110743,0.21038544178009,-0.00244984962046146
143.005854293,0.209388360381126,0
143.015082345,0.209388360381126,0
143.025857847,0.209388360381126,-0.00489969924092293
143.035109416,0.208391278982162,0.00244984962046146
143.045857088,0.207394182682037,0
143.055101181,0.205400004982948,0
143.065034511,0.205400004982948,0
143.075097651,0.207394182682037,0
143.085855994,0.205400004982948,0
143.09508644,0.204402923583984,0.00244984962046146
143.10585238,0.204402923583984,0.00244984962046146
143.114998103,0.204402923583984,0.00244984962046146
143.125100124,0.203405827283859,0.00489969924092293
143.135063192,0.202408730983734,0.00244984962046146
143.145080522,0.203405827283859,0
143.155052988,0.202408730983734,0.00244984962046146
143.164966229,0.202408730983734,0.00244984962046146
143.174970506,0.200414568185806,0.00244983145967126
143.185054361,0.201411664485931,0.00489968108013272
143.195064458,0.201411664485931,0.00489968108013272
143.204972148,0.199417471885681,0.00489968108013272
143.215011746,0.199417471885681,0.00489968108013272
143.225006108,0.198420390486717,0.00734953070059419
143.235023089,0.199417471885681,0.00489968108013272
143.244969756,0.198420390486717,0.00734953070059419
143.254980864,0.198420390486717,0.00734953070059419
143.264925408,0.199417471885681,0.00489968108013272
143.274966951,0.197423309087753,0.00489969924092293
143.284994554,0.196426212787628,0.00244984962046146
143.294920404,0.196426212787628,0.00244984962046146
143.304956107,0.196426212787628,-0.00244984962046146
143.314959701,0.197423309087753,-0.00489969924092293
143.324912552,0.197423309087753,-0.00979938078671694
143.334965377,0.196426212787628,-0.00734954932704568
143.34494271,0.196426212787628,-0.00734954932704568
143.354930199,0.197423309087753,-0.00979938078671694
143.3649352,0.196426212787628,-0.00734954932704568
143.374924451,0.197423309087753,-0.00489969924092293
143.384891737,0.197423309087753,-0.00489969924092293
143.39492812,0.199417471885681,-0.00489968108013272
143.40490901,0.200414568185806,-0.00244983145967126
143.414896089,0.20141164958477,0
143.424881596,0.202408745884895,0.00734953070059419
143.434895493,0.202408745884895,0.00734953070059419
143.444912441,0.205400004982948,0.00489969924092293
143.454870417,0.205400004982948,0.00489969924092293
143.464853869,0.206397086381912,0.00734954932704568
143.474851188,0.206397086381912,0.00734954932704568
143.484868031,0.208391278982162,0.00734954932704568
143.494881622,0.207394182682037,0.00489969924092293
143.504852462,0.208391278982162,0.00734954932704568
143.514868172,0.206397086381912,0.00734954932704568
143.524865766,0.208391278982162,0.00244984962046146
143.534865208,0.208391278982162,0.00244984962046146
143.544872179,0.206397086381912,0.00244984962046146
143.554863597,0.206397086381912,0.00244984962046146
143.564854657,0.206397086381912,0.00244984962046146
143.574883701,0.208391278982162,-0.00244984962046146
143.584859404,0.206397086381912,-0.00244984962046146
143.594865035,0.205400004982948,0
143.604868717,0.206397086381912,-0.00244984962046146
143.614854181,0.207394182682037,-0.00489969924092293
143.624858229,0.205400004982948,-0.00489969924092293
143.634887759,0.205400004982948,-0.00489969924092293
143.644865499,0.204402923583984,-0.00244984962046146
143.65486307,0.205400004982948,-0.00489969924092293
143.664868901,0.204402923583984,-0.00734954932704568
143.674854408,0.203405827283859,-0.00489969924092293
143.684859992,0.202408745884895,-0.00734953070059419
143.694869563,0.202408745884895,-0.00734953070059419
143.704863991,0.199417471885681,-0.00979938078671694
143.714854298,0.198420390486717,-0.00734953070059419
143.724881902,0.198420390486717,-0.00734953070059419
143.734855176,0.198420390486717,-0.00734953070059419
143.744861819,0.199417471885681,-0.00979938078671694
143.754870527,0.198420390486717,-0.00734953070059419
143.764853253,0.198420390486717,-0.0122492304071784
143.774858078,0.197423309087753,-0.00979938078671694
143.78488321,0.199417471885681,-0.00979938078671694
143.794853668,0.199417471885681,-0.00979938078671694
143.804857974,0.200414568185806,-0.00734953070059419
143.814865766,0.201411664485931,-0.00979938078671694
143.82485254,0.202408745884895,-0.0122492304071784
143.834851823,0.202408745884895,-0.0122492304071784
143.844882513,0.201411664485931,-0.00979938078671694
143.854853042,0.201411664485931,-0.00979938078671694
143.864849049,0.202408745884895,-0.00734953070059419
143.874852827,0.204402923583984,-0.00734954932704568
143.884937591,0.203405827283859,-0.00489969924092293
143.894910253,0.204402923583984,-0.00244984962046146
143.904908632,0.203405827283859,0
143.914916327,0.203405827283859,0
143.924916363,0.203405827283859,0.00489969924092293
143.934906383,0.203405827283859,0.00489969924092293
143.944920839,0.203405827283859,0.00489969924092293
143.95490168,0.202408745884895,0.00734953070059419
143.964908041,0.201411664485931,0.00979938078671694
143.974908171,0.200414568185806,0.00734953070059419
143.984915449,0.201411664485931,0.00979938078671694
143.994915647,0.200414568185806,0.00734953070059419
144.004903332,0.201411664485931,0.00489968108013272
144.014923864,0.200414568185806,0.00734953070059419
144.024909661,0.199417471885681,0.00489968108013272
144.034911057,0.200414568185806,0.00734953070059419
144.0449117,0.201411664485931,0.00489968108013272
144.054895011,0.202408745884895,0.00734953070059419
144.064909461,0.202408745884895,0.00734953070059419
144.074909121,0.204402923583984,0.00734954932704568
144.084938301,0.203405827283859,0.00489969924092293
144.094901555,0.204402923583984,0.00734954932704568
144.104891523,0.206397086381912,0.00734954932704568
144.114907948,0.206397086381912,0.0122492490336299
144.124910864,0.208391264081001,0.0122492304071784
144.134893325,0.207394182682037,0.00979939848184586
144.144901902,0.208391264081001,0.0122492304071784
144.154915449,0.208391278982162,0.00734954932704568
144.16490516,0.21038544178009,0.00734953070059419
144.174908547,0.209388360381126,0.00489969924092293
144.184921647,0.208391278982162,0.00734954932704568
144.194893406,0.207394182682037,0
144.204907445,0.205400004982948,0
144.214914985,0.206397086381912,-0.00734954932704568
144.224912833,0.203405827283859,-0.00979938078671694
144.234903728,0.203405827283859,-0.00979938078671694
144.244906855,0.200414568185806,-0.0122492304071784
144.25491764,0.201411664485931,-0.0146990800276399
144.264908611,0.198420390486717,-0.0171489305794239
144.274914048,0.197423309087753,-0.0146990800276399
144.284889827,0.199417471885681,-0.0195987801998854
144.294893816,0.200414568185806,-0.0171489305794239
144.304908762,0.200414568185806,-0.0171489305794239
144.314905604,0.199417471885681,-0.0146990800276399
144.32491131,0.201411664485931,-0.0146990800276399
144.334916338,0.202408745884895,-0.0171489305794239
144.344905968,0.203405827283859,-0.0146990800276399
144.35490898,0.203405827283859,-0.00979938078671694
144.364945358,0.205400004982948,-0.00979939848184586
144.374903976,0.207394182682037,-0.00979939848184586
144.38490289,0.207394182682037,-0.00979939848184586
144.39489936,0.207394182682037,-0.00489969924092293
144.404901254,0.209388360381126,-0.00489969924092293
144.414916239,0.21038544178009,-0.00244984962046146
144.42488853,0.211382538080215,0
144.434852497,0.211382538080215,0
144.44487049,0.212379619479179,0.00244983145967126
144.454854731,0.213376700878143,0
144.464853836,0.214373797178268,0.00244984962046146
144.474874861,0.213376700878143,0.00489968108013272
144.484581954,0.215370893478394,0.00979938078671694
144.494849897,0.214373797178268,0.00734953070059419
144.504853628,0.214373797178268,0.00734953070059419
144.514853073,0.214373797178268,0.00734953070059419
144.524851465,0.214373797178268,0.00734953070059419
144.534869698,0.215370893478394,0.00979938078671694
144.544854141,0.215370878577232,0.00489969924092293
144.554850924,0.214373797178268,0.00734953070059419
144.564862938,0.213376700878143,0.00979938078671694
144.574852346,0.213376700878143,0.00489968108013272
144.584677086,0.212379619479179,0.00244983145967126
144.594867514,0.214373797178268,0.00244984962046146
144.604852516,0.213376700878143,0
144.614860395,0.213376700878143,0
144.624876746,0.211382538080215,0
144.634854857,0.211382538080215,0
144.644849655,0.21038544178009,0.00244984962046146
144.654872784,0.209388360381126,0
144.664851677,0.209388360381126,-0.00489969924092293
144.674852009,0.209388360381126,0
144.684872631,0.207394182682037,0
144.694855535,0.205400004982948,0
144.704849742,0.204402923583984,0.00244984962046146
144.714868377,0.202408730983734,0.00244984962046146
144.724856937,0.203405827283859,0
144.73485404,0.20141164958477,0
144.744870141,0.202408730983734,0.00244984962046146
144.754855158,0.202408730983734,0.00244984962046146
144.764853494,0.201411664485931,0.00489968108013272
144.774863467,0.200414568185806,0.00244983145967126
144.784852464,0.200414568185806,0.00244983145967126
144.794855814,0.202408730983734,0.00244984962046146
144.804870492,0.202408730983734,0.00244984962046146
144.814851922,0.203405827283859,0
144.824849139,0.202408730983734,0.00244984962046146
144.834867424,0.203405827283859,0
144.844849563,0.202408730983734,-0.00244984962046146
144.854852278,0.202408730983734,-0.00244984962046146
144.864870566,0.202408730983734,-0.00244984962046146
144.874854032,0.20141164958477,0
144.884848039,0.201411664485931,-0.00489968108013272
144.894870628,0.199417471885681,-0.00489968108013272
144.904852385,0.199417471885681,-0.00489968108013272
144.9148545,0.197423309087753,-0.00489969924092293
144.924866512,0.197423309087753,-0.00489969924092293
144.934850846,0.196426212787628,-0.00244984962046146
144.944854164,0.195429131388664,0
144.954868077,0.1944320499897,-0.00244984962046146
144.96485103,0.195429131388664,-0.00489969924092293
144.974911668,0.196426212787628,-0.00734954932704568
144.984865425,0.1944320499897,-0.00244984962046146
144.994855505,0.1944320499897,-0.00244984962046146
145.004855953,0.1944320499897,-0.00244984962046146
145.014869347,0.1944320499897,-0.00244984962046146
145.024851649,0.1944320499897,-0.00244984962046146
145.034853973,0.1944320499897,-0.00244984962046146
145.044871052,0.195429131388664,-0.00979939848184586
145.054857403,0.196426212787628,-0.00734954932704568
145.064852282,0.1944320499897,-0.00244984962046146
145.074871977,0.1944320499897,-0.00244984962046146
145.084849524,0.196426212787628,-0.00244984962046146
145.094852082,0.195429131388664,-0.00489969924092293
145.104869776,0.195429131388664,-0.00489969924092293
145.114856592,0.197423309087753,-0.00489969924092293
145.124855936,0.197423309087753,-0.00489969924092293
145.134868129,0.196426212787628,-0.00244984962046146
145.144846956,0.196426212787628,0.00244984962046146
145.154849379,0.196426212787628,0.00244984962046146
145.164667315,0.196426212787628,0.00244984962046146
145.174854463,0.197423309087753,0
145.184861017,0.197423309087753,0
145.194869491,0.198420405387878,0.00244984962046146
145.204853289,0.198420405387878,0.00244984962046146
145.214857702,0.199417471885681,0.00489968108013272
145.224872776,0.199417471885681,0.00489968108013272
145.234855526,0.200414568185806,0.00244983145967126
145.244854283,0.200414568185806,0.00244983145967126
145.254869596,0.201411664485931,0.00489968108013272
145.264731581,0.203405827283859,0.00489969924092293
145.27485566,0.202408745884895,0.00734953070059419
145.28487326,0.203405827283859,0.00979938078671694
145.294557334,0.203405827283859,0.00979938078671694
145.304854161,0.204402923583984,0.00734954932704568
145.314852436,0.204402923583984,0.00734954932704568
145.32485188,0.204402923583984,0.00734954932704568
145.334852306,0.205400004982948,0.00979939848184586
145.344868558,0.207394182682037,0.00979939848184586
145.354854991,0.207394182682037,0.00489969924092293
145.364860354,0.207394182682037,0.00489969924092293
145.374869584,0.207394182682037,0.00489969924092293
145.384855764,0.206397086381912,0.00244984962046146
145.394848683,0.208391278982162,0.00244984962046146
145.404864446,0.206397086381912,0.00734954932704568
145.414847912,0.206397086381912,0.00244984962046146
145.424851945,0.207394182682037,0.00489969924092293
145.434875304,0.208391278982162,0.00244984962046146
145.444859693,0.206397086381912,0.00244984962046146
145.454856866,0.206397086381912,0.00734954932704568
145.464869889,0.207394182682037,0.00489969924092293
145.474852156,0.207394182682037,0.00489969924092293
145.484850579,0.209388360381126,0.00489969924092293
145.494871455,0.209388360381126,0.00489969924092293
145.50485578,0.21038544178009,0.00244984962046146
145.514850698,0.211382538080215,0.00489968108013272
145.524871891,0.213376700878143,0
145.53485417,0.211382538080215,0.00489968108013272
145.54484509,0.212379619479179,0.00244983145967126
145.554868915,0.213376700878143,0
145.564856497,0.212379619479179,-0.00244983145967126
145.574856972,0.213376700878143,-0.00489968108013272
145.584872282,0.211382538080215,-0.00489968108013272
145.59485488,0.21038544178009,-0.00244984962046146
145.60487563,0.211382538080215,-0.00489968108013272
145.614870862,0.209388360381126,-0.00489969924092293
145.624851467,0.205400004982948,-0.00489969924092293
145.634853672,0.205400004982948,-0.00979939848184586
145.644868058,0.206397086381912,-0.0122492490336299
145.654855933,0.204402923583984,-0.0122492304071784
145.66485327,0.202408745884895,-0.0122492304071784
145.674823884,0.201411664485931,-0.00979938078671694
145.684851057,0.201411664485931,-0.00979938078671694
145.694861032,0.200414568185806,-0.0171489305794239
145.704867359,0.199417471885681,-0.0146990800276399
145.714853606,0.198420390486717,-0.0122492304071784
145.724923549,0.201411664485931,-0.00979938078671694
145.734921931,0.201411664485931,-0.00979938078671694
145.744910944,0.200414568185806,-0.00244983145967126
145.754922276,0.200414568185806,-0.00244983145967126
145.76491381,0.20141164958477,0
145.774909403,0.202408730983734,0.00244984962046146
145.784904267,0.203405827283859,0
145.79493335,0.203405827283859,0.00489969924092293
145.804893751,0.204402923583984,0.00734954932704568
145.814911955,0.205400004982948,0.00489969924092293
145.824895628,0.203405827283859,0.00489969924092293
145.834915498,0.204402923583984,0.00734954932704568
145.844902534,0.204402923583984,0.00244984962046146
145.854919181,0.205400004982948,0.00489969924092293
145.864909178,0.206397086381912,0.00244984962046146
145.87491297,0.205400004982948,0
145.88418684,0.205400004982948,0.00489969924092293
145.894912044,0.205400004982948,0.00489969924092293
145.904899978,0.205400004982948,0
145.914900127,0.205400004982948,0
145.924910554,0.207394182682037,0
145.934892678,0.206397086381912,-0.00244984962046146
145.944909543,0.207394182682037,0
145.954912578,0.208391278982162,-0.00244984962046146
145.964918866,0.208391278982162,-0.00244984962046146
145.974911906,0.21038544178009,-0.00244984962046146
145.984921221,0.21038544178009,-0.00244984962046146
145.994904756,0.211382538080215,-0.00489968108013272
146.004904616,0.213376700878143,-0.00489968108013272
146.014911507,0.214373797178268,-0.00244984962046146
146.024906451,0.213376700878143,-0.00489968108013272
146.034908798,0.215370878577232,-0.00489969924092293
146.044919824,0.214373797178268,-0.00244984962046146
146.054912342,0.214373797178268,-0.00244984962046146
146.064887427,0.214373797178268,-0.00244984962046146
146.074909019,0.213376700878143,0
146.084897802,0.214373797178268,-0.00244984962046146
146.094918956,0.214373797178268,0.00244984962046146
146.104905411,0.213376700878143,0.00489968108013272
146.114892361,0.213376700878143,0
146.124935012,0.214373797178268,0.00244984962046146
146.134909506,0.214373797178268,0.00244984962046146
146.144906175,0.213376700878143,0
146.154910526,0.213376700878143,0
146.164190254,0.212379619479179,0.00244983145967126
146.174898206,0.213376700878143,0
146.184173619,0.212379619479179,-0.00244983145967126
146.194903978,0.212379619479179,-0.00244983145967126
146.20417047,0.211382538080215,-0.00489968108013272
146.214906149,0.211382538080215,0
146.224169532,0.211382538080215,-0.00489968108013272
146.23491218,0.21038544178009,-0.00244984962046146
146.244155501,0.21038544178009,-0.00244984962046146
146.254160361,0.208391278982162,-0.00244984962046146
146.264021647,0.21038544178009,-0.00244984962046146
146.274912833,0.208391278982162,-0.00244984962046146
146.284117352,0.207394182682037,0
146.294908226,0.206397086381912,-0.00244984962046146
146.304145189,0.207394182682037,0
146.314906961,0.206397086381912,-0.00244984962046146
146.324105579,0.203405827283859,0.00489969924092293
146.33414951,0.203405827283859,0
146.34413015,0.203405827283859,0
146.354908653,0.203405827283859,0
146.364102801,0.203405827283859,0
146.374133841,0.202408730983734,0.00244984962046146
146.38411175,0.203405827283859,0
146.394124167,0.204402923583984,-0.00244984962046146
146.404118284,0.201411664485931,-0.00489968108013272
146.41411347,0.201411664485931,-0.00489968108013272
146.424121164,0.202408745884895,-0.00734953070059419
146.434114435,0.200414568185806,-0.00244983145967126
146.444107525,0.202408730983734,-0.00244984962046146
146.45411244,0.20141164958477,0
146.464060041,0.199417486786842,0
146.474084355,0.200414568185806,-0.00244983145967126
146.484100337,0.199417486786842,0
146.494028908,0.198420405387878,0.00244984962046146
146.504063165,0.199417471885681,0.00489968108013272
146.51400639,0.199417471885681,0.00489968108013272
146.524057436,0.199417471885681,0.00489968108013272
146.534018275,0.199417486786842,0
146.544020551,0.197423309087753,0
146.554004066,0.198420405387878,-0.00244984962046146
146.563985475,0.198420405387878,-0.00244984962046146
146.57399111,0.198420405387878,-0.00244984962046146
146.583931945,0.197423309087753,0
146.593983994,0.197423309087753,0
146.603978031,0.196426212787628,-0.00244984962046146
146.613919159,0.196426212787628,-0.00244984962046146
146.623991843,0.196426212787628,-0.00244984962046146
146.633924062,0.198420405387878,-0.00244984962046146
146.643919272,0.198420405387878,-0.00244984962046146
146.65391714,0.197423309087753,0
146.663914211,0.197423309087753,0
146.673910373,0.198420405387878,-0.00244984962046146
146.683908274,0.199417471885681,-0.00489968108013272
146.693921203,0.198420390486717,-0.00734953070059419
146.703918721,0.199417471885681,-0.00489968108013272
146.713914637,0.199417471885681,-0.00489968108013272
146.723902813,0.198420390486717,-0.00734953070059419
146.733884667,0.197423309087753,-0.00489969924092293
146.743906537,0.195429131388664,-0.00489969924092293
146.753867756,0.196426212787628,-0.00734954932704568
146.763911009,0.196426212787628,-0.00734954932704568
146.773904669,0.193434953689575,-0.00489969924092293
146.783908496,0.193434953689575,-0.00489969924092293
146.793908802,0.1944320499897,-0.00244984962046146
146.803907572,0.1944320499897,-0.00244984962046146
146.813915505,0.193434953689575,0
146.823877764,0.1944320499897,0.00244984962046146
146.83388363,0.1944320499897,0.00244984962046146
146.843910522,0.195429131388664,0.00489969924092293
146.853902932,0.196426212787628,0.00734954932704568
146.863885832,0.196426212787628,0.00734954932704568
146.873904555,0.198420390486717,0.00734953070059419
146.88391627,0.199417471885681,0.00979938078671694
146.893918754,0.198420390486717,0.0122492304071784
146.90387962,0.198420390486717,0.0122492304071784
146.913879312,0.201411664485931,0.00979938078671694
146.923877767,0.201411664485931,0.00979938078671694
146.933885029,0.201411664485931,0.00979938078671694
146.943875404,0.203405827283859,0.00979938078671694
146.95390952,0.202408745884895,0.00734953070059419
146.963877023,0.202408745884895,0.00734953070059419
146.973879424,0.202408745884895,0.00734953070059419
146.983876029,0.201411664485931,0.00489968108013272
146.99386781,0.204402923583984,0.00244984962046146
147.00388938,0.204402923583984,0.00244984962046146
147.013905219,0.201411664485931,0.00489968108013272
147.023847897,0.202408730983734,0.00244984962046146
147.033853396,0.202408730983734,0.00244984962046146
147.043859233,0.20141164958477,0
147.053870453,0.202408730983734,0.00244984962046146
147.063851668,0.202408730983734,0.00244984962046146
147.073855046,0.202408730983734,0.00244984962046146
147.083865159,0.202408730983734,0.00244984962046146
147.09387241,0.202408730983734,0.00244984962046146
147.103854681,0.202408730983734,0.00244984962046146
147.113851979,0.203405827283859,0.00489969924092293
147.12385204,0.202408745884895,0.00734953070059419
147.13385281,0.205400004982948,0.00489969924092293
147.143857311,0.204402923583984,0.00734954932704568
147.153851689,0.204402923583984,0.00734954932704568
147.163851078,0.204402923583984,0.00734954932704568
147.173883766,0.204402923583984,0.00734954932704568
147.183895419,0.204402923583984,0.00734954932704568
147.193879433,0.204402923583984,0.00734954932704568
147.20385307,0.203405827283859,0.00979938078671694
147.213859003,0.204402923583984,0.00734954932704568
147.22385217,0.205400004982948,0.00489969924092293
147.233867805,0.202408745884895,0.00734953070059419
147.243896619,0.203405827283859,0.00979938078671694
147.253926379,0.202408745884895,0.00734953070059419
147.263914057,0.203405827283859,0.00979938078671694
147.273790396,0.203405827283859,0.00979938078671694
147.283918832,0.203405827283859,0.00979938078671694
147.293915697,0.202408745884895,0.0122492304071784
147.303919084,0.204402923583984,0.00734954932704568
147.313908507,0.203405827283859,0.00489969924092293
147.323898864,0.204402923583984,0.00734954932704568
147.333929086,0.204402923583984,0.00734954932704568
147.343910442,0.205400004982948,0.00489969924092293
147.353896018,0.205400004982948,0.00489969924092293
147.363902989,0.206397086381912,0.00244984962046146
147.373903448,0.208391278982162,0.00244984962046146
147.38390807,0.21038544178009,0.00244984962046146
147.393902136,0.21038544178009,0.00244984962046146
147.403904533,0.211382538080215,0.00489968108013272
147.413907071,0.213376700878143,0.00489968108013272
147.423899975,0.213376700878143,0.00489968108013272
147.433905202,0.214373797178268,0.00734953070059419
147.443913496,0.215370878577232,0.00489969924092293
147.453662379,0.216367959976196,0.00734954932704568
147.463908066,0.217365056276321,0.00489969924092293
147.473890793,0.216367959976196,0.00734954932704568
147.48390093,0.215370893478394,0.00979938078671694
147.493920064,0.216367959976196,0.00734954932704568
147.503902868,0.215370878577232,0.00489969924092293
147.513899034,0.214373797178268,0.00734953070059419
147.523923405,0.214373797178268,0.00734953070059419
147.53391512,0.215370878577232,0.00489969924092293
147.543912059,0.214373797178268,0.00244984962046146
147.553865107,0.213376700878143,0
147.563911932,0.211382538080215,0.00489968108013272
147.5739117,0.211382538080215,0
147.583910938,0.212379619479179,-0.00244983145967126
147.593915693,0.21038544178009,-0.00244984962046146
147.603905486,0.211382538080215,0
147.613909524,0.21038544178009,-0.00244984962046146
147.623892633,0.21038544178009,-0.00244984962046146
147.633911874,0.209388360381126,-0.00489969924092293
147.643915607,0.208391278982162,-0.00244984962046146
147.653947327,0.209388360381126,-0.00489969924092293
147.663904355,0.209388360381126,-0.00489969924092293
147.67390794,0.209388360381126,-0.00489969924092293
147.683904848,0.207394182682037,-0.00489969924092293
147.693910702,0.208391278982162,-0.00734954932704568
147.703915099,0.206397086381912,-0.00734954932704568
147.713900559,0.208391278982162,-0.00734954932704568
147.72391667,0.207394182682037,-0.00979939848184586
147.733923846,0.207394182682037,-0.00979939848184586
147.743910835,0.209388345479965,-0.00979938078671694
147.753905134,0.208391278982162,-0.00734954932704568
147.76390931,0.209388345479965,-0.00979938078671694
147.773898698,0.209388345479965,-0.00979938078671694
147.783906649,0.211382538080215,-0.00979938078671694
147.793923934,0.211382538080215,-0.00979938078671694
147.803918686,0.213376700878143,-0.00979938078671694
147.813905224,0.212379619479179,-0.0122492304071784
147.823907648,0.212379619479179,-0.00734953070059419
147.833896146,0.213376700878143,-0.00489968108013272
147.843915243,0.211382538080215,-0.00489968108013272
147.853907227,0.213376700878143,-0.00489968108013272
147.863901561,0.212379619479179,-0.00734953070059419
147.873910997,0.213376700878143,0
147.88393279,0.213376700878143,0
147.89391218,0.212379619479179,0.00734953070059419
147.903908253,0.21038544178009,0.00734953070059419
147.913910168,0.21038544178009,0.0122492304071784
147.923903084,0.21038544178009,0.0122492304071784
147.933913477,0.209388345479965,0.0146990800276399
147.943948876,0.209388345479965,0.0146990800276399
147.953918442,0.207394182682037,0.0195987615734339
147.963906621,0.208391278982162,0.0220486111938953
147.973896354,0.206397086381912,0.0171489119529724
147.983904557,0.205400004982948,0.0195987615734339
147.993901315,0.205400019884109,0.0146990800276399
148.003909036,0.205400004982948,0.0195987615734339
148.013910175,0.204402923583984,0.0171489305794239
148.023903179,0.203405827283859,0.0195987801998854
148.033909959,0.202408745884895,0.0171489305794239
148.043902675,0.204402923583984,0.0171489305794239
148.053921031,0.204402923583984,0.0122492304071784
148.063613667,0.202408745884895,0.0122492304071784
148.07390341,0.201411664485931,0.0146990800276399
148.08387722,0.201411664485931,0.00979938078671694
148.093907716,0.202408745884895,0.0122492304071784
148.10390582,0.202408745884895,0.00734953070059419
148.113914808,0.201411664485931,0.00489968108013272
148.123911072,0.20141164958477,0
148.133896909,0.20141164958477,0
148.143910743,0.199417486786842,0
148.15391644,0.198420405387878,-0.00244984962046146
148.163907287,0.198420405387878,-0.00244984962046146
148.173913126,0.198420390486717,-0.00734953070059419
148.183912347,0.196426212787628,-0.00734954932704568
148.193898606,0.1944320499897,-0.0122492304071784
148.203910449,0.193434953689575,-0.0146990800276399
148.213915802,0.193434953689575,-0.0146990800276399
148.223902189,0.193434953689575,-0.0146990800276399
148.233909188,0.192437872290611,-0.0171489305794239
148.243915616,0.191440790891647,-0.0195987801998854
148.25390958,0.19243785738945,-0.0220486111938953
148.263900621,0.19243785738945,-0.0220486111938953
148.273403776,0.19243785738945,-0.0220486111938953
148.283906982,0.193434953689575,-0.0195987615734339
148.293908666,0.1944320499897,-0.0171489119529724
148.303924956,0.196426212787628,-0.0171489119529724
148.313906689,0.197423309087753,-0.0146990800276399
148.323913088,0.197423309087753,-0.0146990800276399
148.333910242,0.199417471885681,-0.0146990800276399
148.343911145,0.200414568185806,-0.0122492304071784
148.353905193,0.201411664485931,-0.00979938078671694
148.363911902,0.200414568185806,-0.00734953070059419
148.373571499,0.202408745884895,-0.00734953070059419
148.38390879,0.203405827283859,-0.00489969924092293
148.393908911,0.204402923583984,-0.00734954932704568
148.403905351,0.203405827283859,-0.00489969924092293
148.413947762,0.204402923583984,-0.00244984962046146
148.423915957,0.204402923583984,-0.00244984962046146
148.433911601,0.204402923583984,0.00244984962046146
148.44389889,0.205400004982948,0
148.453896822,0.205400004982948,0.00489969924092293
148.463911431,0.206397086381912,0.00244984962046146
148.473788131,0.207394182682037,0.00489969924092293
148.483913681,0.206397086381912,0.00244984962046146
148.493948355,0.206397086381912,0.00734954932704568
148.503917108,0.206397086381912,0.00734954932704568
148.513906339,0.205400004982948,0.00489969924092293
148.523912008,0.207394182682037,0.00489969924092293
148.533904843,0.207394182682037,0.00489969924092293
148.543898434,0.207394182682037,0.00489969924092293
148.553928715,0.206397086381912,0.00244984962046146
148.563912096,0.206397086381912,0.00244984962046146
148.573920869,0.205400004982948,0
148.583908564,0.206397086381912,0.00244984962046146
148.593915099,0.206397086381912,-0.00244984962046146
148.603914297,0.207394182682037,-0.00489969924092293
148.613906188,0.206397086381912,-0.00244984962046146
148.623905813,0.205400004982948,-0.00489969924092293
148.633907308,0.204402923583984,-0.00734954932704568
148.643911659,0.203405827283859,-0.00489969924092293
148.653908704,0.203405827283859,-0.00979938078671694
148.663909854,0.203405827283859,-0.00979938078671694
148.67391155,0.203405827283859,-0.00979938078671694
148.68389526,0.201411664485931,-0.00979938078671694
148.693909845,0.200414568185806,-0.00734953070059419
148.703905456,0.199417471885681,-0.00979938078671694
148.713907094,0.200414568185806,-0.0122492304071784
148.723900939,0.200414568185806,-0.0122492304071784
148.733918884,0.200414568185806,-0.0122492304071784
148.743913727,0.200414568185806,-0.0122492304071784
148.753910378,0.199417471885681,-0.00979938078671694
148.763907718,0.199417471885681,-0.00979938078671694
148.773893365,0.198420390486717,-0.00734953070059419
148.783908684,0.199417471885681,-0.00979938078671694
148.793911282,0.200414568185806,-0.00734953070059419
148.803908313,0.201411664485931,-0.00489968108013272
148.813909287,0.202408745884895,-0.00734953070059419
148.823912973,0.201411664485931,-0.00489968108013272
148.833912135,0.202408730983734,-0.00244984962046146
148.84390167,0.202408730983734,-0.00244984962046146
148.853912108,0.204402923583984,-0.00244984962046146
148.863914026,0.205400004982948,0
148.873898781,0.204402923583984,0.00244984962046146
148.883909484,0.206397086381912,-0.00244984962046146
148.893910861,0.206397086381912,-0.00244984962046146
148.90389561,0.205400004982948,0
148.913919571,0.206397086381912,0.00244984962046146
148.923899664,0.206397086381912,0.00734954932704568
148.933908843,0.206397086381912,0.00244984962046146
148.943910918,0.207394182682037,0.00489969924092293
148.953897752,0.207394182682037,0.00489969924092293
148.963890564,0.207394182682037,0.00489969924092293
148.973925163,0.208391278982162,0.00244984962046146
148.983905041,0.207394182682037,0.00489969924092293
148.993310031,0.207394182682037,0.00489969924092293
149.003850483,0.208391278982162,0.00734954932704568
149.013919958,0.207394182682037,0.00489969924092293
149.023910676,0.208391278982162,-0.00244984962046146
149.033330119,0.208391278982162,0.00244984962046146
149.0439029,0.208391278982162,-0.00244984962046146
149.053906924,0.207394182682037,0
149.063919444,0.208391278982162,-0.00244984962046146
149.07393225,0.208391278982162,-0.00244984962046146
149.083907717,0.207394182682037,0
149.093897031,0.208391278982162,-0.00244984962046146
149.103900958,0.207394182682037,-0.00489969924092293
149.113915051,0.208391278982162,-0.00244984962046146
149.123907445,0.207394182682037,0
149.133913105,0.206397086381912,-0.00244984962046146
149.143908687,0.206397086381912,0.00244984962046146
149.153897684,0.206397086381912,0.00244984962046146
149.163910949,0.206397086381912,0.00244984962046146
149.173191116,0.206397086381912,0.00244984962046146
149.183858123,0.206397086381912,0.00244984962046146
149.19385293,0.205400004982948,0.00489969924092293
149.203860062,0.205400004982948,0.00489969924092293
149.213866133,0.205400004982948,0.00489969924092293
149.223849597,0.205400004982948,0.00489969924092293
149.233853393,0.206397086381912,0.00734954932704568
149.243867516,0.205400004982948,0.00489969924092293
149.253853188,0.206397086381912,0.00734954932704568
149.2638544,0.205400004982948,0.00489969924092293
149.273444662,0.206397086381912,0.00734954932704568
149.283854566,0.207394182682037,0.00979939848184586
149.293854926,0.208391278982162,0.00734954932704568
149.303856555,0.208391278982162,0.00734954932704568
149.313854518,0.207394182682037,0.00979939848184586
149.323853504,0.209388345479965,0.00979938078671694
149.333700538,0.21038544178009,0.00734953070059419
149.343677947,0.211382538080215,0.00979938078671694
149.353851869,0.21038544178009,0.00734953070059419
149.36386627,0.21038544178009,0.0122492304071784
149.37384783,0.21038544178009,0.00734953070059419
149.383851056,0.21038544178009,0.00734953070059419
149.393865968,0.21038544178009,0.00244984962046146
149.403852352,0.211382538080215,0.00489968108013272
149.413855627,0.21038544178009,0.00244984962046146
149.423867688,0.21038544178009,0.00244984962046146
149.433852374,0.21038544178009,0.00244984962046146
149.443851643,0.21038544178009,-0.00244984962046146
149.453166788,0.211382538080215,0
149.463129445,0.212379619479179,-0.00244983145967126
149.473853144,0.213376700878143,-0.00489968108013272
149.483857641,0.214373797178268,-0.00734953070059419
149.493090998,0.213376700878143,0
149.503848355,0.213376700878143,-0.00489968108013272
149.513854618,0.215370878577232,-0.00489969924092293
149.523113922,0.215370878577232,-0.00489969924092293
149.533853968,0.214373797178268,-0.00244984962046146
149.543117444,0.215370878577232,-0.00489969924092293
149.553858635,0.216367959976196,-0.00734954932704568
149.563105999,0.215370878577232,-0.00489969924092293
149.573114436,0.214373797178268,-0.00244984962046146
149.583855861,0.214373797178268,-0.00244984962046146
149.593056139,0.215370878577232,-0.00489969924092293
149.603852562,0.214373797178268,-0.00244984962046146
149.613089762,0.212379619479179,-0.00244983145967126
149.623855184,0.212379619479179,-0.00244983145967126
149.633053821,0.211382538080215,-0.00489968108013272
149.643850593,0.21038544178009,-0.00244984962046146
149.653053369,0.208391278982162,-0.00244984962046146
149.663105313,0.208391278982162,-0.00244984962046146
149.673092421,0.207394182682037,0
149.683081514,0.206397086381912,-0.00244984962046146
149.693074418,0.204402923583984,0.00244984962046146
149.703066772,0.204402923583984,0.00244984962046146
149.713071757,0.204402923583984,0.00244984962046146
149.72306748,0.202408730983734,0.00244984962046146
149.733067364,0.202408730983734,0.00244984962046146
149.743016335,0.201411664485931,0.00489968108013272
149.753055899,0.200414568185806,0.00734953070059419
149.763029608,0.198420405387878,0.00244984962046146
149.772998705,0.198420405387878,0.00244984962046146
149.782990379,0.197423309087753,0.00489969924092293
149.792974788,0.196426212787628,0.00244984962046146
149.802978612,0.1944320499897,0.00244984962046146
149.812952212,0.1944320499897,0.00244984962046146
149.822972243,0.19243785738945,0.00244984962046146
149.832923077,0.19243785738945,0.00244984962046146
149.84292811,0.191440790891647,0.00489968108013272
149.852938932,0.191440775990486,0
149.86293816,0.191440790891647,0.00489968108013272
149.872940269,0.189446598291397,0.00489968108013272
149.882958116,0.189446613192558,0
149.892985411,0.189446613192558,0
149.902970045,0.189446613192558,0
149.912986754,0.188449531793594,-0.00244984962046146
149.92298086,0.190443694591522,-0.00244983145967126
149.932982379,0.188449531793594,-0.00244984962046146
149.942952289,0.188449516892433,-0.00734953070059419
149.952948957,0.188449531793594,-0.00244984962046146
149.962953208,0.187452435493469,-0.00489969924092293
149.972948078,0.188449516892433,-0.00734953070059419
149.982968652,0.187452435493469,-0.00489969924092293
149.99294214,0.188449516892433,-0.00734953070059419
150.002944302,0.189446598291397,-0.00979938078671694
150.012942862,0.189446598291397,-0.00979938078671694
150.022914527,0.187452435493469,-0.00979938078671694
150.032907973,0.189446598291397,-0.00979938078671694
150.04293581,0.188449516892433,-0.00734953070059419
150.05293685,0.189446598291397,-0.00979938078671694
150.062916537,0.191440790891647,-0.0146990800276399
150.072904244,0.191440790891647,-0.00979938078671694
150.082908233,0.192437872290611,-0.00734953070059419
150.09290919,0.191440790891647,-0.00979938078671694
150.102852115,0.191440790891647,-0.00489968108013272
150.112881481,0.193434953689575,-0.00489969924092293
150.122853737,0.195429131388664,-0.00489969924092293
150.132853431,0.195429131388664,-0.00489969924092293
150.142869173,0.197423309087753,-0.00489969924092293
150.152856091,0.198420390486717,-0.00734953070059419
150.162864475,0.198420405387878,-0.00244984962046146
150.172890479,0.200414568185806,-0.00734953070059419
150.182851353,0.200414568185806,-0.00734953070059419
150.192864709,0.20141164958477,0
150.202868148,0.204402923583984,-0.00734954932704568
150.212854493,0.203405827283859,-0.00489969924092293
150.222847808,0.203405827283859,0
150.232879014,0.203405827283859,0
150.242856734,0.204402923583984,-0.00244984962046146
150.25289501,0.203405827283859,0.00489969924092293
150.262850386,0.204402923583984,0.00244984962046146
150.272865028,0.203405827283859,0.00489969924092293
150.282849864,0.203405827283859,0.00489969924092293
150.292877539,0.203405827283859,0
150.302846236,0.200414568185806,0.00734953070059419
150.312855724,0.200414568185806,0.00734953070059419
150.322852843,0.20141164958477,0
150.332866851,0.200414568185806,0.00244983145967126
150.342853212,0.199417486786842,0
150.352886534,0.199417471885681,-0.00489968108013272
150.362872141,0.198420405387878,-0.00244984962046146
150.372853674,0.198420405387878,-0.00244984962046146
150.382845547,0.198420405387878,-0.00244984962046146
150.392869536,0.198420405387878,-0.00244984962046146
150.402853303,0.198420405387878,-0.00244984962046146
150.412850998,0.198420405387878,-0.00244984962046146
150.422867949,0.197423309087753,0
150.432851743,0.198420405387878,-0.00244984962046146
150.442851539,0.198420405387878,0.00244984962046146
150.452866309,0.198420405387878,0.00244984962046146
150.46285192,0.200414568185806,0.00244983145967126
150.472857241,0.200414568185806,0.00244983145967126
150.482873409,0.200414568185806,0.00244983145967126
150.492876583,0.200414568185806,0.00244983145967126
150.502850467,0.20141164958477,0
150.512866615,0.20141164958477,0
150.522855388,0.20141164958477,0
150.532852213,0.202408730983734,0.00244984962046146
150.542867529,0.202408730983734,0.00244984962046146
150.552854036,0.202408730983734,0.00244984962046146
150.562852484,0.199417471885681,0.00489968108013272
150.572852607,0.200414568185806,0.00244983145967126
150.582852405,0.201411664485931,0.00489968108013272
150.592856368,0.201411664485931,0.00489968108013272
150.602869213,0.202408745884895,0.00734953070059419
150.612857142,0.202408745884895,0.00734953070059419
150.622854737,0.202408745884895,0.00734953070059419
150.632877792,0.202408745884895,0.00734953070059419
150.642853839,0.202408745884895,0.00734953070059419
150.652852153,0.203405827283859,0.00489969924092293
150.66286317,0.205400004982948,0.00489969924092293
150.672848811,0.204402923583984,0.00734954932704568
150.682856917,0.204402923583984,0.00244984962046146
150.692870247,0.205400004982948,0
150.702755197,0.204402923583984,-0.00244984962046146
150.712857327,0.206397086381912,-0.00244984962046146
150.722869559,0.205400004982948,0
150.732839584,0.206397086381912,-0.00244984962046146
150.742858534,0.207394182682037,-0.00489969924092293
150.75287033,0.207394182682037,-0.00489969924092293
150.762852072,0.206397086381912,-0.00734954932704568
150.772854369,0.208391278982162,-0.00734954932704568
150.782766047,0.207394182682037,-0.00489969924092293
150.792852779,0.207394182682037,-0.00489969924092293
150.802850441,0.208391278982162,-0.00244984962046146
150.812890905,0.206397086381912,-0.00244984962046146
150.822851793,0.209388360381126,-0.00489969924092293
150.832852554,0.207394182682037,-0.00489969924092293
150.842869064,0.208391278982162,-0.00244984962046146
150.852858136,0.209388360381126,-0.00489969924092293
150.862721266,0.21038544178009,-0.00244984962046146
150.872868059,0.209388360381126,0
150.882853636,0.211382538080215,0
150.892854147,0.211382538080215,0
150.902870823,0.211382538080215,0
150.912850531,0.213376700878143,-0.00489968108013272
150.922853975,0.213376700878143,-0.00489968108013272
150.932870657,0.213376700878143,-0.00489968108013272
150.94284745,0.212379619479179,-0.00734953070059419
150.952851867,0.211382538080215,0
150.962871961,0.211382538080215,-0.00489968108013272
150.972853286,0.21038544178009,-0.00734953070059419
150.982850631,0.208391278982162,-0.00734954932704568
150.99287671,0.208391278982162,-0.00734954932704568
151.002853908,0.207394182682037,-0.00979939848184586
151.012872153,0.206397086381912,-0.00734954932704568
151.022688895,0.203405827283859,-0.00489969924092293
151.032853105,0.202408745884895,-0.00734953070059419
151.042859477,0.202408745884895,-0.00734953070059419
151.052869617,0.202408745884895,-0.0122492304071784
151.062851014,0.201411664485931,-0.00979938078671694
151.072850753,0.201411664485931,-0.00979938078671694
151.08285135,0.200414568185806,-0.0122492304071784
151.092854672,0.200414568185806,-0.0122492304071784
151.102635566,0.200414568185806,-0.0122492304071784
151.112849129,0.199417471885681,-0.00979938078671694
151.122850055,0.200414568185806,-0.0122492304071784
151.132853513,0.201411664485931,-0.00979938078671694
151.14286656,0.201411664485931,-0.00489968108013272
151.152851522,0.201411664485931,-0.00489968108013272
151.162855257,0.200414568185806,-0.00244983145967126
151.172890008,0.202408730983734,-0.00244984962046146
151.182617988,0.203405827283859,0
151.192856078,0.203405827283859,0
151.202873708,0.203405827283859,0
151.21285135,0.204402923583984,-0.00244984962046146
151.222853429,0.204402923583984,0.00244984962046146
151.232869648,0.204402923583984,0.00244984962046146
151.242851916,0.205400004982948,0
151.25285426,0.204402923583984,0.00244984962046146
151.262601346,0.205400004982948,0
151.272884312,0.204402923583984,0.00244984962046146
151.28290867,0.204402923583984,0.00244984962046146
151.292907005,0.203405827283859,0.00489969924092293
151.302910886,0.203405827283859,0.00489969924092293
151.31290654,0.203405827283859,0.00489969924092293
151.322909526,0.202408730983734,0.00244984962046146
151.332908394,0.202408730983734,0.00244984962046146
151.342601419,0.20141164958477,0
151.352908299,0.20141164958477,0
151.36291086,0.203405827283859,0
151.372899302,0.202408730983734,-0.00244984962046146
151.382943784,0.202408730983734,-0.00244984962046146
151.39291239,0.202408730983734,-0.00244984962046146
151.402913116,0.203405827283859,-0.00489969924092293
151.412908101,0.203405827283859,0
151.422620483,0.204402923583984,-0.00244984962046146
151.432915745,0.205400004982948,-0.00489969924092293
151.442904836,0.204402923583984,-0.00244984962046146
151.452904802,0.204402923583984,-0.00244984962046146
151.462912821,0.204402923583984,-0.00244984962046146
151.472916964,0.204402923583984,-0.00244984962046146
151.482912458,0.205400004982948,0
151.49290625,0.205400004982948,0
151.502598235,0.204402923583984,0.00244984962046146
151.512908111,0.205400004982948,0
151.522913686,0.205400004982948,0
151.532914814,0.205400004982948,0.00489969924092293
151.542913183,0.205400004982948,0.00489969924092293
151.552909167,0.206397086381912,0.00244984962046146
151.562906043,0.205400004982948,0
151.572909227,0.206397086381912,0.00244984962046146
151.582586065,0.205400004982948,0
151.592908298,0.208391278982162,-0.00244984962046146
151.602912071,0.207394182682037,0
151.61290869,0.205400004982948,0
151.622910553,0.206397086381912,-0.00244984962046146
151.632911939,0.205400004982948,-0.00489969924092293
151.642902562,0.207394182682037,-0.00489969924092293
151.652914158,0.206397086381912,-0.00244984962046146
151.662538839,0.205400004982948,0
151.672894933,0.205400004982948,-0.00489969924092293
151.6828857,0.205400004982948,-0.00489969924092293
151.692878554,0.202408730983734,-0.00244984962046146
151.702881779,0.203405827283859,-0.00489969924092293
151.712884727,0.203405827283859,-0.00489969924092293
151.722887091,0.203405827283859,-0.00489969924092293
151.732885077,0.203405827283859,-0.00489969924092293
151.742523291,0.201411664485931,-0.00489968108013272
151.752885922,0.202408745884895,-0.00734953070059419
151.762882552,0.203405827283859,-0.00489969924092293
151.772907918,0.203405827283859,-0.00489969924092293
151.782904132,0.203405827283859,-0.00489969924092293
151.792909883,0.204402923583984,-0.00734954932704568
151.80291007,0.205400004982948,-0.00489969924092293
151.812907186,0.206397086381912,-0.00734954932704568
151.822535254,0.207394182682037,-0.00489969924092293
151.832908599,0.207394182682037,-0.00489969924092293
151.842904876,0.208391278982162,-0.00734954932704568
151.852906391,0.208391278982162,-0.00244984962046146
151.862912274,0.207394182682037,-0.00489969924092293
151.87291243,0.207394182682037,0
151.882915357,0.207394182682037,0
151.892908906,0.207394182682037,0.00489969924092293
151.902518906,0.206397086381912,0.00244984962046146
151.912911853,0.205400004982948,0.00489969924092293
151.922906547,0.205400004982948,0.00489969924092293
151.932892598,0.204402923583984,0.00734954932704568
151.942896835,0.203405827283859,0.0146990800276399
151.952892071,0.203405827283859,0.00979938078671694
151.962883944,0.203405827283859,0.0146990800276399
151.972886222,0.202408745884895,0.0122492304071784
151.982470958,0.203405827283859,0.00979938078671694
151.992887607,0.202408745884895,0.0122492304071784
152.002883143,0.203405827283859,0.0146990800276399
152.012886676,0.203405827283859,0.0146990800276399
152.022880471,0.202408745884895,0.0122492304071784
152.03288836,0.203405827283859,0.00979938078671694
152.042884557,0.204402923583984,0.00734954932704568
152.052912132,0.204402923583984,0.0122492304071784
152.062453751,0.205400004982948,0.00979939848184586
152.072889759,0.205400004982948,0.00979939848184586
152.082886789,0.206397086381912,0.0122492490336299
152.092883324,0.208391278982162,0.00734954932704568
152.102888934,0.208391278982162,0.00734954932704568
152.112891316,0.209388360381126,0.00489969924092293
152.122886093,0.209388345479965,0.00979938078671694
152.132878139,0.209388345479965,0.00979938078671694
152.142457267,0.209388360381126,0.00489969924092293
152.152906856,0.209388360381126,0.00489969924092293
152.16238457,0.208391278982162,0.00244984962046146
152.172896087,0.209388360381126,0
152.182903161,0.207394182682037,0
152.192914358,0.206397086381912,-0.00244984962046146
152.202915705,0.205400004982948,-0.00489969924092293
152.212917353,0.204402923583984,-0.00244984962046146
152.222447605,0.203405827283859,-0.00489969924092293
152.23290391,0.204402923583984,-0.00734954932704568
152.242912387,0.205400004982948,-0.00489969924092293
152.252904108,0.203405827283859,-0.00489969924092293
152.262909163,0.204402923583984,-0.00734954932704568
152.272879251,0.204402923583984,-0.00734954932704568
152.282906137,0.204402923583984,-0.00244984962046146
152.292907217,0.204402923583984,-0.00244984962046146
152.302370813,0.204402923583984,-0.00244984962046146
152.312910124,0.207394182682037,-0.00489969924092293
152.322904226,0.207394182682037,-0.00489969924092293
152.332904705,0.207394182682037,0
152.34289275,0.205400004982948,0
152.352905517,0.206397086381912,-0.00244984962046146
152.362910577,0.207394182682037,0
152.37289941,0.206397086381912,0.00244984962046146
152.382328715,0.208391278982162,-0.00244984962046146
152.392884234,0.207394182682037,0
152.402886978,0.209388360381126,0
152.412891284,0.206397086381912,0.00244984962046146
152.422882981,0.207394182682037,0.00489969924092293
152.432878381,0.207394182682037,0
152.442882932,0.208391278982162,0.00244984962046146
152.452881603,0.209388360381126,0
152.462318073,0.208391278982162,0.00244984962046146
152.472886994,0.208391278982162,0.00244984962046146
152.482882865,0.208391278982162,0.00244984962046146
152.492877864,0.208391278982162,0.00244984962046146
152.502881693,0.207394182682037,0
152.512881291,0.208391278982162,0.00244984962046146
152.522884664,0.208391278982162,-0.00244984962046146
152.532897017,0.207394182682037,0
152.54229193,0.208391278982162,-0.00244984962046146
152.552883498,0.207394182682037,0
152.562880254,0.208391278982162,-0.00244984962046146
152.572899353,0.208391278982162,-0.00244984962046146
152.582884969,0.207394182682037,-0.00489969924092293
152.592895898,0.209388360381126,-0.00489969924092293
152.602884747,0.208391278982162,-0.00244984962046146
152.612888912,0.207394182682037,-0.00489969924092293
152.62224904,0.208391278982162,-0.00244984962046146
152.632878647,0.208391278982162,-0.00244984962046146
152.642890253,0.207394182682037,-0.00489969924092293
152.652884699,0.208391278982162,-0.00244984962046146
152.662886481,0.206397086381912,-0.00244984962046146
152.672880097,0.208391278982162,-0.00244984962046146
152.68289084,0.207394182682037,0
152.692881316,0.206397086381912,-0.00244984962046146
152.702234262,0.206397086381912,-0.00244984962046146
152.712890886,0.206397086381912,-0.00734954932704568
152.722711141,0.205400004982948,-0.00489969924092293
152.732746821,0.205400004982948,-0.00489969924092293
152.742721712,0.205400004982948,0
152.752705323,0.205400004982948,-0.00489969924092293
152.762722043,0.205400004982948,-0.00489969924092293
152.772705535,0.203405827283859,0
152.782218704,0.20141164958477,0
152.792735477,0.199417471885681,0.00489968108013272
152.802065276,0.198420390486717,0.00734953070059419
152.812751033,0.197423309087753,0.0146990800276399
152.822709888,0.193434953689575,0.0146990800276399
152.832718873,0.189446598291397,0.0195987801998854
152.842715949,0.183464080095291,0.0195987615734339
152.852203257,0.177481561899185,0.0244984608143568
152.862228875,0.171499028801918,0.0244984608143568
152.872744011,0.162525251507759,0.0171489305794239
152.882066504,0.154548555612564,0.0122492490336299
152.892736588,0.14457768201828,0.00244984962046146
152.90216249,0.132612615823746,-0.00734954932704568
152.912735657,0.120647579431534,-0.0171489305794239
152.922170714,0.109679616987705,-0.0244984608143568
152.93266936,0.0967174768447876,-0.0318480022251606
152.942162831,0.082758255302906,-0.0367476902902126
152.952136796,0.0678019449114799,-0.0391975417733192
152.962045218,0.0538427159190178,-0.0391975343227386
152.972658201,0.043871846050024,-0.0391975417733192
152.982152047,0.0358951464295387,-0.0391975417733192
152.992108925,0.0289155356585979,-0.0367476940155029
153.002125193,0.0239300969988108,-0.0342978462576866
153.012075653,0.0189446620643139,-0.0318480022251606
153.022126111,0.0149563113227487,-0.0269483085721731
153.03211873,0.011965049430728,-0.0244984608143568
153.042118623,0.0129621364176273,-0.0220486149191856
153.052064352,0.0129621364176273,-0.0220486149191856
153.06211633,0.0129621364176273,-0.0220486149191856
153.07205477,0.0129621364176273,-0.0171489249914885
153.082113315,0.010967961512506,-0.0122492322698236
153.092111467,0.00897378660738468,-0.00734953815117478
153.102106955,0.00697961170226336,-0.00244984682649374
153.112108686,0.00498543679714203,0.00244984566234052
153.122107413,0.00299126235768199,0.00244984636083245
153.132098934,0.00299126235768199,0.00244984636083245
153.142066323,0.000997087452560663,0.00244984636083245
153.152065516,0.000997087452560663,0.00244984636083245
153.162001683,0.000997087452560663,0.00244984636083245
153.172041411,0,0
153.182008679,0,0
153.192010966,0,0
153.202000289,0,0
153.211956101,0,0
153.221971899,0,0
153.231932742,0,0
153.241925039,0,0
153.251877466,0,0
153.261929634,0,0
153.27192212,0,0
153.281926558,0,0
153.291926137,0,0
153.301921265,0,0
153.311922056,0,0
153.321917808,0,0
153.33191382,0,0
153.341907066,0,0
153.351907424,0,0
153.361911481,0,0
153.371921231,0,0
153.381904464,0,0
153.391908491,0,0
153.401937816,0,0
153.411908216,0,0
153.421916008,0,0
153.431906224,0,0
153.441912503,0,0
153.451908032,0,0
153.461884802,0,0
153.471909503,0,0
153.481892715,0,0
153.491916025,0,0
153.50190249,0,0
153.51189763,0,0
153.521918544,0,0
153.531916455,0,0
153.541916805,0,0
153.551910909,0,0
153.561900892,0,0
153.571917135,0,0
153.581887766,0,0
153.59190546,0,0
153.601905655,0,0
153.61192555,0,0
153.621912927,0,0
153.631908638,0,0
153.641899935,0,0
153.651929174,0,0
153.661903206,0,0
153.671930258,0,0
153.68191154,0,0
153.691908381,0,0
153.701914052,0,0
153.711913376,0,0
153.72191659,0,0
153.731912807,0,0
153.741877587,0,0
153.75190801,0,0
153.761908541,0,0
153.771907737,0,0
153.781909174,0,0
153.791878569,0,0
153.801904865,0,0
153.811875968,0,0
153.821906401,0,0
153.831902614,0,0
153.84190423,0,0
153.851902601,0,0
153.86188218,-0.000997087452560663,-0.00244984636083245
153.871908914,-0.000997087452560663,-0.00244984636083245
153.881909144,-0.000997087452560663,-0.00244984636083245
153.891905771,-0.000997087452560663,-0.00244984636083245
153.901902964,-0.000997087452560663,-0.00244984636083245
153.911890107,-0.000997087452560663,-0.00244984636083245
153.921877733,-0.000997087452560663,-0.00244984636083245
153.931913049,-0.000997087452560663,-0.00244984636083245
153.941764196,-0.000997087452560663,-0.00244984636083245
153.951906445,-0.000997087452560663,-0.00244984636083245
153.961909065,0,0
153.971921377,0,0
153.9818886,0,0
153.991913662,0,0
154.001944926,0,0
154.011907351,0,0
154.021911299,0,0
154.031907666,0,0
154.04191055,0,0
154.051914516,0,0
154.061872774,0,0
154.071895273,0,0
154.08190055,0,0
