t_s,vx,wz
0.00997900899999993,0,0
0.0199931249999999,0,0
0.029981544,0,0
0.039987805,0,0
0.05000706,0,0
0.0599947199999999,0,0
0.069954439,0,0
0.0799986029999999,0,0
0.0899802559999999,0,0
0.099993114,0,0
0.109958454,0,0
0.119986258,0,0
0.129955737,0,0
0.139992595,0,0
0.149953252,0,0
0.159994814,0,0
0.169963401,0,0
0.180002095,0,0
0.189977029,0,0
0.200000685,0,0
0.20997483,0,0
0.219988781,0,0
0.229990412,0,0
0.239984373,0,0
0.249989322,0,0
0.260004845,0,0
0.269988126,0,0
0.280016383,0,0
0.289955229,0,0
0.300007225,0,0
0.309952467,0,0
0.320031565,0,0
0.329957133,0,0
0.34000973,0,0
0.349986534,0,0
0.359973526,0,0
0.370007123,0,0
0.379951684,0,0
0.389917452,0,0
0.399985086,0,0
0.409981625,0,0
0.419985083,0,0
0.429988253,0,0
0.439997269,0,0
0.449904776,0,0
0.459996063,0,0
0.470000006,0,0
0.479990663,0,0
0.489987919,0,0
0.499984289,0,0
0.509982083,0,0
0.519959668,0,0
0.529957721,0,0
0.539995766,0,0
0.549905787,0,0
0.559998347,0,0
0.569992559,0,0
0.580005259,0,0
0.58995713,0,0
0.59999873,0,0
0.609959543,0.000997087452560663,0.00244984636083245
0.619999082,0.000997087452560663,0.00244984636083245
0.629961258,0.000997087452560663,0.00244984636083245
0.640006327,0.000997087452560663,0.00244984636083245
0.650005591,0.000997087452560663,0.00244984636083245
0.659963291,0.000997087452560663,0.00244984636083245
0.670007814,0.000997087452560663,0.00244984636083245
0.679960201,0.000997087452560663,0.00244984636083245
0.690007454,0.000997087452560663,0.00244984636083245
0.699981831,0.000997087452560663,0.00244984636083245
0.709985599,0,0
0.719956019,0,0
0.729991205,0,0
0.739963202,0,0
0.749991706,0,0
0.759960566,0,0
0.770010101,0,0
0.779956822,0,0
0.789990381,0,0
0.799968605,0,0
0.809994039,0,0
0.819957425,0,0
0.829990092,0,0
0.839990188,0,0
0.849947461,0,0
0.859948883,0,0
0.869986467,0,0
0.879985374,0,0
0.889953595,0,0
0.899987674,0.000997087452560663,0.00244984636083245
0.909966958,0.000997087452560663,0.00244984636083245
0.919986302,0.000997087452560663,0.00244984636083245
0.929960288,0.000997087452560663,0.00244984636083245
0.939998751,0.000997087452560663,0.00244984636083245
0.94980839,0.00199417490512133,0.00489969272166491
0.959957074,0.00299126212485135,0.00734953815117478
0.96999429,0.00398834981024265,0.00489969179034233
0.979953386,0.00697961216792464,0.00734953908249736
0.989992482,0.00897378660738468,0.00734953815117478
1,0.011965049430728,0.00489969132468104
1.009990226,0.0179475732147694,0.00489969272166491
1.019953152,0.0249271839857101,0.00244984752498567
1.029992892,0.0319067984819412,0
1.039991014,0.038886409252882,-0.00244984962046146
1.049862183,0.0448689311742783,-0.00244984519667923
1.059988513,0.0528456345200539,-0.00734953535720706
1.069989898,0.0608223341405392,-0.00734954001381993
1.079956969,0.0668048560619354,-0.00734953070059419
1.089992599,0.0747815519571304,-0.00734954001381993
1.099983818,0.0807640850543976,-0.00734954001381993
1.109947906,0.0847524255514145,-0.00734954001381993
1.119982372,0.0877436921000481,-0.00489969924092293
1.129991066,0.0917320400476456,0
1.139990332,0.0967174768447876,0.00244984962046146
1.149957161,0.100705832242966,0.00244984054006636
1.159950911,0.10170291364193,0.00979939009994268
1.169990479,0.105691269040108,0.00979939009994268
1.179956252,0.106688350439072,0.0122492304071784
1.190009972,0.109679616987705,0.0146990800276399
1.199988015,0.111673787236214,0.0195987708866596
1.209952073,0.113667964935303,0.0195987615734339
1.219987603,0.114665053784847,0.0220486111938953
1.230005636,0.115662142634392,0.0244984608143568
1.239993263,0.116659224033356,0.0220486205071211
1.249953222,0.116659224033356,0.0220486205071211
1.259985911,0.118653401732445,0.0171489305794239
1.269987946,0.117656320333481,0.0195987708866596
1.279947595,0.119650490581989,0.0146990800276399
1.289993848,0.118653401732445,0.0122492304071784
1.299959238,0.119650483131409,0.00489969039335847
1.309992992,0.119650483131409,0.00489969039335847
1.31995841,0.122641749680042,0.00244984962046146
1.330003572,0.122641749680042,-0.00244984962046146
1.339985433,0.123638838529587,0
1.349835243,0.123638838529587,0
1.359986681,0.124635927379131,-0.00244984962046146
1.369998379,0.125633016228676,0
1.379975392,0.12663009762764,-0.00244984962046146
1.390004128,0.128624275326729,-0.00244983145967126
1.399984735,0.127627193927765,0
1.409990505,0.129621356725693,0
1.419970736,0.129621356725693,0
1.430002673,0.131615534424782,0
1.439988164,0.131615534424782,0
1.449905778,0.134606808423996,-0.00244984962046146
1.459992695,0.13560388982296,0
1.469997388,0.136600971221924,-0.00244984962046146
1.479993966,0.137598067522049,0
1.490002577,0.137598067522049,0
1.499988889,0.141586408019066,0
1.509985285,0.141586408019066,0
1.520001841,0.143580585718155,0
1.529946968,0.14457768201828,-0.00244984962046146
1.540003205,0.145574763417244,0
1.550001608,0.147568941116333,0
1.559994339,0.149563103914261,0
1.570002414,0.15155728161335,0
1.579985785,0.153551459312439,0
1.589986927,0.155545637011528,0
1.600005896,0.155545637011528,0
1.609983365,0.158536911010742,0.00244984962046146
1.620010569,0.159533992409706,0
1.630004887,0.161528155207634,0
1.63998095,0.163522332906723,0
1.649959524,0.165516510605812,0
1.65999357,0.165516510605812,0
1.67000594,0.166513592004776,-0.00244984962046146
1.679994459,0.168507784605026,-0.00244984962046146
1.689994868,0.170501947402954,-0.00244983145967126
1.700002288,0.172496125102043,-0.00734953070059419
1.709988975,0.174490302801132,-0.00734954932704568
1.71999321,0.175487384200096,-0.00489969924092293
1.730004263,0.17648446559906,-0.00734954932704568
1.739987068,0.178478643298149,-0.00734953070059419
1.749948559,0.179475724697113,-0.00979938078671694
1.760004422,0.181469917297363,-0.00979938078671694
1.769979848,0.183464080095291,-0.00979938078671694
1.779953446,0.18545825779438,-0.0146990614011884
1.790002416,0.186455339193344,-0.0122492304071784
1.799988202,0.187452435493469,-0.00979938078671694
1.809951699,0.188449516892433,-0.0122492304071784
1.820002708,0.189446598291397,-0.0146990800276399
1.830003861,0.191440790891647,-0.00979938078671694
1.839985443,0.191440790891647,-0.0146990800276399
1.850002265,0.192437872290611,-0.0122492304071784
1.859982779,0.195429131388664,-0.0146990614011884
1.869989117,0.195429131388664,-0.00979939848184586
1.8800079,0.1944320499897,-0.00734954932704568
1.889989578,0.196426212787628,-0.0122492304071784
1.900006662,0.196426212787628,-0.00734954932704568
1.909987104,0.195429131388664,-0.00979939848184586
1.919988656,0.197423309087753,-0.00979938078671694
1.930005504,0.196426212787628,-0.00734954932704568
1.93995114,0.196426212787628,-0.00734954932704568
1.950002426,0.196426212787628,-0.00734954932704568
1.959983386,0.193434953689575,-0.00489969924092293
1.969946975,0.1944320499897,-0.00734954932704568
1.980002571,0.195429131388664,-0.00489969924092293
1.989992423,0.193434953689575,-0.00489969924092293
1.999951261,0.193434953689575,-0.00979938078671694
2.010004745,0.1944320499897,-0.00734954932704568
2.01999062,0.191440790891647,-0.00489968108013272
2.029948086,0.191440790891647,-0.00979938078671694
2.040014749,0.191440790891647,-0.00489968108013272
2.049981658,0.190443694591522,-0.00734953070059419
2.060005658,0.190443694591522,-0.00734953070059419
2.06998049,0.188449516892433,-0.00734953070059419
2.079984472,0.188449516892433,-0.00734953070059419
2.089992728,0.186455339193344,-0.00244984962046146
2.100003122,0.186455339193344,-0.00244984962046146
2.109992072,0.183464080095291,0
2.119955233,0.184461176395416,-0.00244984962046146
2.130005501,0.183464080095291,0
2.139971729,0.182466983795166,-0.00244984962046146
2.150009765,0.181469902396202,0
2.159999029,0.182466983795166,-0.00244984962046146
2.169989577,0.181469902396202,0
2.180003433,0.17847865819931,-0.00244984962046146
2.190011191,0.180472820997238,-0.00734953070059419
2.199992397,0.17847865819931,-0.00244984962046146
2.210022001,0.180472820997238,-0.00734953070059419
2.220002139,0.178478643298149,-0.00734953070059419
2.230021177,0.178478643298149,-0.00734953070059419
2.240011556,0.178478643298149,-0.00734953070059419
2.250011948,0.179475724697113,-0.00979938078671694
2.259999313,0.177481561899185,-0.00979938078671694
2.270019625,0.178478643298149,-0.0122492304071784
2.280008411,0.179475724697113,-0.00979938078671694
2.289964643,0.178478643298149,-0.00734953070059419
2.300018301,0.179475724697113,-0.00979938078671694
2.309995884,0.177481561899185,-0.00979938078671694
2.320006958,0.177481561899185,-0.00489969924092293
2.33002686,0.177481561899185,-0.00489969924092293
2.340010056,0.17648446559906,-0.00734954932704568
2.350006002,0.174490302801132,-0.00244984962046146
2.360014056,0.175487384200096,0
2.370000109,0.174490302801132,-0.00244984962046146
2.380018352,0.173493206501007,0
2.390008509,0.173493206501007,0
2.400005862,0.172496110200882,-0.00244984962046146
2.41002231,0.172496110200882,0.00244984962046146
2.420000514,0.172496110200882,-0.00244984962046146
2.430001221,0.170501947402954,-0.00244983145967126
2.440024479,0.171499028801918,0
2.450029726,0.170501947402954,-0.00244983145967126
2.460011152,0.169504851102829,-0.00489968108013272
2.469989951,0.16950486600399,0
2.480017132,0.169504851102829,-0.00489968108013272
2.490003905,0.167510688304901,-0.00489969924092293
2.500013263,0.167510688304901,-0.00489969924092293
2.510024033,0.167510688304901,-0.00489969924092293
2.520006189,0.166513592004776,-0.00244984962046146
2.530016702,0.167510688304901,-0.00489969924092293
2.540004448,0.165516510605812,-0.00489969924092293
2.550013458,0.165516510605812,-0.00489969924092293
2.560006696,0.165516510605812,-0.00489969924092293
2.569989035,0.164519429206848,-0.00734954932704568
2.579644848,0.164519429206848,-0.00244984962046146
2.590010686,0.164519429206848,-0.00244984962046146
2.600008895,0.162525236606598,-0.00244984962046146
2.610014656,0.162525251507759,-0.00734953070059419
2.620010768,0.161528170108795,-0.00489968108013272
2.630015452,0.161528170108795,-0.00489968108013272
2.640019303,0.16053107380867,-0.00244983145967126
2.650003941,0.16053107380867,-0.00244983145967126
2.660010901,0.158536911010742,-0.00244984962046146
2.670020748,0.157539814710617,-0.00489969924092293
2.679612635,0.156542718410492,-0.00734954932704568
2.689976615,0.156542718410492,-0.0122492304071784
2.700003645,0.156542718410492,-0.0122492304071784
2.709990931,0.154548555612564,-0.00734954932704568
2.719948754,0.154548555612564,-0.0122492490336299
2.730004516,0.153551459312439,-0.0146990800276399
2.740020713,0.153551459312439,-0.0195987615734339
2.749990304,0.153551459312439,-0.0195987615734339
2.760011949,0.153551459312439,-0.0195987615734339
2.769995883,0.153551459312439,-0.0195987615734339
2.779944084,0.152554363012314,-0.0220486111938953
2.790006489,0.152554363012314,-0.0220486111938953
2.799986983,0.152554363012314,-0.0220486111938953
2.809957616,0.152554363012314,-0.0269483104348183
2.82000463,0.153551459312439,-0.0244984608143568
2.829982464,0.153551459312439,-0.0244984608143568
2.839945331,0.153551459312439,-0.0244984608143568
2.850005488,0.152554363012314,-0.0269483104348183
2.859986516,0.154548555612564,-0.0269483104348183
2.869998142,0.154548555612564,-0.0269483104348183
2.879947566,0.154548555612564,-0.0269483104348183
2.889999728,0.154548555612564,-0.0220486111938953
2.899981953,0.154548555612564,-0.0220486111938953
2.909959913,0.154548555612564,-0.0220486111938953
2.920006149,0.154548555612564,-0.0220486111938953
2.930006205,0.153551459312439,-0.0195987615734339
2.939987256,0.154548555612564,-0.0171489119529724
2.950006012,0.154548555612564,-0.0171489119529724
2.960008596,0.152554377913475,-0.0171489305794239
2.969986495,0.153551459312439,-0.0146990800276399
2.980002957,0.153551459312439,-0.0146990800276399
2.990002882,0.152554377913475,-0.0171489305794239
2.999993467,0.153551459312439,-0.0146990800276399
3.010009398,0.152554377913475,-0.0122492304071784
3.01998733,0.152554377913475,-0.0171489305794239
3.029947022,0.151557296514511,-0.0146990800276399
3.040005272,0.151557296514511,-0.0146990800276399
3.050003439,0.152554377913475,-0.0122492304071784
3.060003589,0.153551459312439,-0.00979939848184586
3.069986607,0.152554377913475,-0.0122492304071784
3.079996701,0.153551459312439,-0.00979939848184586
3.090003437,0.154548555612564,-0.00734954932704568
3.099986196,0.153551459312439,-0.00979939848184586
3.109953504,0.155545637011528,-0.00979939848184586
3.120005163,0.155545637011528,-0.00489969924092293
3.129985441,0.157539814710617,-0.00489969924092293
3.139954332,0.157539814710617,-0.00489969924092293
3.150005734,0.157539814710617,-0.00489969924092293
3.159997165,0.157539814710617,-0.00489969924092293
3.169986732,0.158536911010742,-0.00244984962046146
3.179989864,0.158536911010742,-0.00244984962046146
3.189957962,0.158536911010742,-0.00244984962046146
3.199998661,0.158536911010742,0.00244984962046146
3.209945595,0.158536911010742,0.00244984962046146
3.220005322,0.158536911010742,0.00244984962046146
3.229986797,0.157539814710617,0.00489969924092293
3.239946461,0.158536911010742,0.00244984962046146
3.250003335,0.158536911010742,0.00244984962046146
3.259985206,0.157539814710617,0.00489969924092293
3.269956274,0.158536911010742,0.00244984962046146
3.280010305,0.157539814710617,0.00489969924092293
3.289964049,0.158536896109581,0.00734953070059419
3.300012533,0.16053107380867,0.00244983145967126
3.309983085,0.161528170108795,0.00489968108013272
3.320006356,0.162525236606598,0.00244984962046146
3.330000675,0.163522332906723,0
3.340011115,0.164519429206848,0.00244984962046146
3.349998116,0.164519429206848,0.00244984962046146
3.359978536,0.166513592004776,-0.00244984962046146
3.369943516,0.166513592004776,0.00244984962046146
3.380003373,0.168507784605026,-0.00244984962046146
3.389952853,0.168507784605026,-0.00244984962046146
3.399970462,0.168507784605026,-0.00244984962046146
3.410000249,0.169504851102829,-0.00489968108013272
3.419987402,0.168507784605026,-0.00244984962046146
3.430006533,0.170501947402954,-0.00244983145967126
3.439988589,0.170501947402954,-0.00244983145967126
3.449954743,0.170501947402954,-0.00244983145967126
3.460002387,0.171499028801918,0
3.470001548,0.170501947402954,-0.00244983145967126
3.479995219,0.172496110200882,-0.00244984962046146
3.490005534,0.172496110200882,-0.00244984962046146
3.499987961,0.172496110200882,0.00244984962046146
3.509955494,0.172496110200882,0.00244984962046146
3.520008319,0.174490302801132,0.00244984962046146
3.530006283,0.174490302801132,0.00244984962046146
3.54000039,0.173493206501007,0.00489969924092293
3.549995364,0.175487384200096,0.00489969924092293
3.559994266,0.174490302801132,0.00734954932704568
3.570002995,0.177481561899185,0.00489969924092293
3.579989105,0.17648446559906,0.00734954932704568
3.589946771,0.17648446559906,0.00734954932704568
3.600003453,0.177481561899185,0.00979938078671694
3.609982214,0.177481561899185,0.00979938078671694
3.619966277,0.177481561899185,0.00979938078671694
3.629998596,0.17648446559906,0.0122492304071784
3.639985837,0.177481561899185,0.00979938078671694
3.64998703,0.177481561899185,0.00979938078671694
3.660002533,0.179475724697113,0.00979938078671694
3.669984611,0.178478643298149,0.0122492304071784
3.67999756,0.179475724697113,0.0146990800276399
3.690005667,0.180472820997238,0.0122492304071784
3.699949442,0.179475724697113,0.00979938078671694
3.710006268,0.180472820997238,0.0122492304071784
3.719987768,0.179475724697113,0.0146990800276399
3.729955503,0.181469917297363,0.0146990800276399
3.740006349,0.181469917297363,0.0146990800276399
3.749986578,0.182466998696327,0.0171489305794239
3.760002971,0.182466998696327,0.0171489305794239
3.770000693,0.182466998696327,0.0171489305794239
3.779988492,0.182466998696327,0.0171489305794239
3.79000934,0.181469917297363,0.0195987801998854
3.799990433,0.183464080095291,0.0195987615734339
3.809995331,0.183464080095291,0.0195987615734339
3.82000074,0.184461176395416,0.0220486111938953
3.830004138,0.184461176395416,0.0220486111938953
3.839993962,0.184461176395416,0.0220486111938953
3.850003063,0.184461176395416,0.0220486111938953
3.860002979,0.184461176395416,0.0220486111938953
3.869979115,0.183464080095291,0.0244984608143568
3.880002627,0.183464080095291,0.0244984608143568
3.88999856,0.184461176395416,0.0269483104348183
3.899991817,0.183464080095291,0.0244984608143568
3.910003304,0.183464080095291,0.0244984608143568
3.919987051,0.183464080095291,0.0195987615734339
3.929955252,0.182466998696327,0.0171489305794239
3.940003277,0.182466983795166,0.0220486111938953
3.949977484,0.181469917297363,0.0195987801998854
3.959951474,0.179475724697113,0.0195987801998854
3.970004741,0.180472820997238,0.0220486298203468
3.979987451,0.179475724697113,0.0195987801998854
3.989945397,0.178478643298149,0.0171489305794239
4.000004549,0.178478643298149,0.0171489305794239
4.010002033,0.177481561899185,0.0146990800276399
4.019968691,0.17648446559906,0.0171489119529724
4.030016388,0.175487384200096,0.0195987615734339
4.040000781,0.175487384200096,0.0146990614011884
4.049986115,0.174490302801132,0.0171489119529724
4.060004913,0.174490302801132,0.0171489119529724
4.069986434,0.174490302801132,0.0122492304071784
4.079979595,0.172496125102043,0.0122492304071784
4.090002379,0.172496125102043,0.0122492304071784
4.099990449,0.172496125102043,0.0122492304071784
4.109993441,0.170501947402954,0.0122492304071784
4.120005507,0.171499043703079,0.00979938078671694
4.129985553,0.171499043703079,0.00979938078671694
4.139991978,0.170501947402954,0.00734953070059419
4.150005495,0.170501947402954,0.00734953070059419
4.160001398,0.171499043703079,0.00489968108013272
4.169949785,0.169504851102829,0.00489968108013272
4.180001414,0.171499043703079,0.00489968108013272
4.189985321,0.171499043703079,0.00489968108013272
4.199985915,0.170501947402954,0.00244983145967126
4.209998014,0.172496110200882,0.00244984962046146
4.219984013,0.171499043703079,0.00489968108013272
4.229958824,0.171499028801918,0
4.240000929,0.171499043703079,0.00489968108013272
4.249987943,0.171499028801918,0
4.259994908,0.171499028801918,0
4.269987116,0.172496110200882,0.00244984962046146
4.279991656,0.172496110200882,-0.00244984962046146
4.289986732,0.172496110200882,-0.00244984962046146
4.29999599,0.173493206501007,0
4.309990522,0.172496110200882,-0.00244984962046146
4.319990676,0.172496110200882,-0.00244984962046146
4.329948242,0.173493206501007,0
4.339984605,0.173493206501007,-0.00489969924092293
4.349986326,0.173493206501007,0
4.359990063,0.171499028801918,0
4.369979691,0.173493206501007,-0.00489969924092293
4.379988779,0.171499028801918,0
4.38998879,0.171499028801918,0
4.399980413,0.16950486600399,0
4.409985468,0.16950486600399,0
4.419982008,0.16950486600399,0
4.429856285,0.168507784605026,-0.00244984962046146
4.439987209,0.168507784605026,-0.00244984962046146
4.449953062,0.169504851102829,-0.00489968108013272
4.459956699,0.169504851102829,-0.00489968108013272
4.469951499,0.167510688304901,-0.00489969924092293
4.47995081,0.167510688304901,-0.00489969924092293
4.489990369,0.168507769703865,-0.00734953070059419
4.499987517,0.169504851102829,-0.00979938078671694
4.509982451,0.168507769703865,-0.00734953070059419
4.519957191,0.169504851102829,-0.00979938078671694
4.52999493,0.168507769703865,-0.00734953070059419
4.539992569,0.168507769703865,-0.00734953070059419
4.549987891,0.168507769703865,-0.00734953070059419
4.559983033,0.168507769703865,-0.00734953070059419
4.569954648,0.168507769703865,-0.00734953070059419
4.579981894,0.169504851102829,-0.00979938078671694
4.58998458,0.168507769703865,-0.00734953070059419
4.599985813,0.168507769703865,-0.00734953070059419
4.609985503,0.169504851102829,-0.00489968108013272
4.619955215,0.168507769703865,-0.00734953070059419
4.630005542,0.168507769703865,-0.00734953070059419
4.640003279,0.168507784605026,-0.00244984962046146
4.650000042,0.167510688304901,-0.00489969924092293
4.659983092,0.167510688304901,-0.00489969924092293
4.66999729,0.168507784605026,-0.00244984962046146
4.679986049,0.166513592004776,0.00244984962046146
4.689986826,0.166513592004776,-0.00244984962046146
4.700005775,0.167510688304901,0
4.709981976,0.165516510605812,0
4.719981434,0.165516510605812,0
4.729978107,0.165516510605812,0
4.740007671,0.164519429206848,-0.00244984962046146
4.750035524,0.163522332906723,0
4.760007392,0.164519429206848,-0.00244984962046146
4.769460299,0.162525236606598,-0.00244984962046146
4.779998838,0.164519429206848,-0.00244984962046146
4.789980653,0.163522332906723,0
4.799976979,0.161528155207634,0
4.810007947,0.163522332906723,-0.00489969924092293
4.819979994,0.162525236606598,-0.00244984962046146
4.83001726,0.161528155207634,0
4.839992098,0.162525236606598,-0.00244984962046146
4.849984027,0.162525236606598,-0.00244984962046146
4.859999774,0.161528155207634,0
4.870007855,0.162525236606598,0.00244984962046146
4.880008226,0.161528155207634,0
4.890003163,0.161528155207634,0
4.900003573,0.162525236606598,-0.00244984962046146
4.910007732,0.161528155207634,0
4.920002218,0.161528155207634,0
4.929999062,0.163522332906723,0
4.940001418,0.162525236606598,0.00244984962046146
4.949987628,0.162525236606598,0.00244984962046146
4.959984744,0.162525236606598,0.00244984962046146
4.970000228,0.163522332906723,0
4.979980773,0.163522332906723,0
4.990004535,0.163522332906723,0
4.999988077,0.161528170108795,0.00489968108013272
5.01000424,0.161528170108795,0.00489968108013272
5.020002044,0.161528170108795,0.00489968108013272
5.030007572,0.159533992409706,0
5.040003186,0.16053107380867,0.00244983145967126
5.049970069,0.159533977508545,0.00489968108013272
5.059997471,0.159533992409706,0
5.070002496,0.157539814710617,0
5.080004072,0.156542718410492,-0.00244984962046146
5.089998778,0.156542718410492,-0.00244984962046146
5.100002342,0.156542718410492,-0.00734954932704568
5.109982103,0.156542718410492,-0.00734954932704568
5.11997915,0.156542718410492,-0.00734954932704568
5.130002228,0.155545637011528,-0.00489969924092293
5.140007841,0.154548555612564,-0.00734954932704568
5.150003597,0.154548555612564,-0.0122492490336299
5.160003708,0.155545637011528,-0.00979939848184586
5.169982626,0.154548555612564,-0.0122492490336299
5.180001467,0.155545637011528,-0.00979939848184586
5.189986249,0.153551459312439,-0.00979939848184586
5.200002935,0.153551459312439,-0.00979939848184586
5.209979436,0.154548555612564,-0.0122492490336299
5.220013562,0.152554377913475,-0.0122492304071784
5.229989834,0.153551459312439,-0.0146990800276399
5.240003513,0.152554377913475,-0.0171489305794239
5.250013379,0.153551459312439,-0.0146990800276399
5.260003822,0.151557296514511,-0.0146990800276399
5.270001613,0.151557296514511,-0.0146990800276399
5.280003079,0.150560200214386,-0.0171489305794239
5.290005,0.151557296514511,-0.0195987801998854
5.299980014,0.151557296514511,-0.0195987801998854
5.310003115,0.150560200214386,-0.0171489305794239
5.319979377,0.151557296514511,-0.0195987801998854
5.330000111,0.151557296514511,-0.0195987801998854
5.340001082,0.151557296514511,-0.0195987801998854
5.350005609,0.150560200214386,-0.0220486298203468
5.359983438,0.151557296514511,-0.0195987801998854
5.370000741,0.151557296514511,-0.0195987801998854
5.379986483,0.151557296514511,-0.0195987801998854
5.389983605,0.151557296514511,-0.0195987801998854
5.399979589,0.152554377913475,-0.0171489305794239
5.409994032,0.152554363012314,-0.0220486111938953
5.420014221,0.153551459312439,-0.0195987615734339
5.429997777,0.154548555612564,-0.0220486111938953
5.440002575,0.156542718410492,-0.0220486111938953
5.450007443,0.157539814710617,-0.0195987801998854
5.459992442,0.158536896109581,-0.0220486298203468
5.470003909,0.16053107380867,-0.0220486298203468
5.479986218,0.162525236606598,-0.0220486111938953
5.490010629,0.164519429206848,-0.0220486111938953
5.500003876,0.165516510605812,-0.0244984608143568
5.509989668,0.167510688304901,-0.0195987615734339
5.519986558,0.16950486600399,-0.0244984608143568
5.53000501,0.172496110200882,-0.0220486111938953
5.539997818,0.173493206501007,-0.0195987615734339
5.550003798,0.17648446559906,-0.0220486111938953
5.559395462,0.17847865819931,-0.0220486111938953
5.570003191,0.180472820997238,-0.0220486298203468
5.580011129,0.181469917297363,-0.0195987801998854
5.590003376,0.183464080095291,-0.0195987615734339
5.600006867,0.18545825779438,-0.0195987615734339
5.610001748,0.186455339193344,-0.0171489119529724
5.619987192,0.187452435493469,-0.0146990800276399
5.630013356,0.188449516892433,-0.0122492304071784
5.640010912,0.188449516892433,-0.0122492304071784
5.650006554,0.189446598291397,-0.00979938078671694
5.659314345,0.189446598291397,-0.00489968108013272
5.669998042,0.190443694591522,-0.00244983145967126
5.680004991,0.19243785738945,-0.00244984962046146
5.690007573,0.193434953689575,0
5.700000516,0.193434953689575,0.00489969924092293
5.709998007,0.193434953689575,0.00489969924092293
5.719984554,0.1944320499897,0.00734954932704568
5.729995255,0.1944320499897,0.0122492304071784
5.739984982,0.196426212787628,0.0122492304071784
5.749986534,0.195429131388664,0.0146990614011884
5.759320915,0.196426212787628,0.0122492304071784
5.769982368,0.197423309087753,0.0146990800276399
5.779981668,0.196426212787628,0.0171489119529724
5.789990279,0.195429131388664,0.0195987615734339
5.799989696,0.196426212787628,0.0171489119529724
5.809988233,0.196426212787628,0.0171489119529724
5.819984321,0.196426212787628,0.0171489119529724
5.829984208,0.196426212787628,0.0122492304071784
5.839979446,0.195429131388664,0.0146990614011884
5.849983971,0.195429131388664,0.0146990614011884
5.859249257,0.195429131388664,0.0146990614011884
5.869986512,0.193434953689575,0.00979938078671694
5.879982071,0.193434953689575,0.0146990800276399
5.889983437,0.1944320499897,0.0122492304071784
5.899976547,0.1944320499897,0.0122492304071784
5.909986284,0.193434953689575,0.00979938078671694
5.919987019,0.192437872290611,0.0122492304071784
5.929985216,0.192437872290611,0.0122492304071784
5.939984974,0.192437872290611,0.0122492304071784
5.949983884,0.192437872290611,0.0122492304071784
5.959239957,0.190443694591522,0.0122492304071784
5.969985813,0.191440790891647,0.0146990800276399
5.979987829,0.191440790891647,0.00979938078671694
5.989985657,0.189446598291397,0.00979938078671694
5.999985351,0.188449516892433,0.0122492304071784
6.00998439,0.189446598291397,0.00979938078671694
6.019984263,0.189446598291397,0.00979938078671694
6.029986751,0.187452435493469,0.00979938078671694
6.0399824,0.187452435493469,0.00979938078671694
6.049987292,0.186455339193344,0.00734954932704568
6.059675309,0.187452435493469,0.00979938078671694
6.069986689,0.186455339193344,0.00734954932704568
6.079982108,0.18545825779438,0.00489969924092293
6.089992006,0.186455339193344,0.00734954932704568
6.099982115,0.18545825779438,0.00489969924092293
6.109982628,0.184461176395416,0.00734954932704568
6.119990578,0.184461176395416,0.00734954932704568
6.129985185,0.184461176395416,0.00734954932704568
6.139985564,0.183464080095291,0.00489969924092293
6.149955582,0.183464080095291,0.00489969924092293
6.159838082,0.182466983795166,0.00244984962046146
6.169985772,0.182466998696327,0.00734953070059419
6.179988195,0.182466998696327,0.00734953070059419
6.18998224,0.181469917297363,0.00489968108013272
6.199983749,0.180472820997238,0.00734953070059419
6.209981908,0.180472820997238,0.00734953070059419
6.219985811,0.178478643298149,0.00734953070059419
6.229979821,0.179475724697113,0.00979938078671694
6.23998757,0.179475724697113,0.00979938078671694
6.249986315,0.178478643298149,0.0122492304071784
6.259981277,0.178478643298149,0.0122492304071784
6.269988613,0.17648446559906,0.0122492304071784
6.279986857,0.177481561899185,0.0146990800276399
6.289992261,0.17648446559906,0.0171489119529724
6.299986634,0.177481561899185,0.0146990800276399
6.309991174,0.17648446559906,0.0171489119529724
6.319985043,0.178478643298149,0.0171489305794239
6.329986239,0.177481561899185,0.0146990800276399
6.339983436,0.17648446559906,0.0171489119529724
6.349985268,0.178478643298149,0.0171489305794239
6.359977785,0.178478643298149,0.0171489305794239
6.369981966,0.178478643298149,0.0171489305794239
6.37998006,0.177481561899185,0.0146990800276399
6.389989866,0.179475724697113,0.0146990800276399
6.39999559,0.179475724697113,0.0146990800276399
6.409983059,0.180472820997238,0.0171489305794239
6.41998129,0.179475724697113,0.0146990800276399
6.429988312,0.179475724697113,0.0146990800276399
6.439987382,0.181469917297363,0.0146990800276399
6.449982416,0.181469917297363,0.0146990800276399
6.459985088,0.180472820997238,0.0171489305794239
6.469984778,0.182466998696327,0.0171489305794239
6.479987085,0.182466998696327,0.0171489305794239
6.489984763,0.182466998696327,0.0171489305794239
6.499987745,0.183464080095291,0.0195987615734339
6.509986649,0.184461176395416,0.0171489119529724
6.519983819,0.18545825779438,0.0195987615734339
6.529991542,0.18545825779438,0.0195987615734339
6.539947024,0.18545825779438,0.0195987615734339
6.549980353,0.18545825779438,0.0195987615734339
6.559181268,0.187452435493469,0.0195987615734339
6.569987014,0.187452435493469,0.0195987615734339
6.579980483,0.188449531793594,0.0220486111938953
6.589981231,0.189446598291397,0.0195987801998854
6.599984118,0.189446598291397,0.0195987801998854
6.609985469,0.188449516892433,0.0171489305794239
6.619993464,0.187452435493469,0.0195987615734339
6.629983742,0.189446598291397,0.0195987801998854
6.639987316,0.188449531793594,0.0220486111938953
6.64998009,0.188449516892433,0.0171489305794239
6.659242497,0.187452435493469,0.0195987615734339
6.669949926,0.187452435493469,0.0146990800276399
6.679978837,0.187452435493469,0.0146990800276399
6.689953466,0.184461176395416,0.0171489119529724
6.699982503,0.184461176395416,0.0171489119529724
6.709984305,0.184461176395416,0.0171489119529724
6.719994175,0.18545825779438,0.0146990614011884
6.729196555,0.182466998696327,0.0171489305794239
6.739992874,0.181469917297363,0.0146990800276399
6.749993436,0.181469917297363,0.0146990800276399
6.759166545,0.180472820997238,0.0122492304071784
6.769990321,0.179475724697113,0.0146990800276399
6.779243808,0.177481561899185,0.0146990800276399
6.789984367,0.177481561899185,0.0146990800276399
6.799988122,0.175487384200096,0.0146990614011884
6.809988536,0.174490302801132,0.0171489119529724
6.819951536,0.171499043703079,0.0146990800276399
6.829979441,0.171499043703079,0.0146990800276399
6.839243792,0.171499043703079,0.0146990800276399
6.849985757,0.168507769703865,0.0171489305794239
6.859239135,0.169504851102829,0.0146990800276399
6.869242275,0.167510688304901,0.0195987615734339
6.879992798,0.166513592004776,0.0171489119529724
6.889952245,0.166513592004776,0.0171489119529724
6.899222381,0.165516510605812,0.0146990614011884
6.909984338,0.164519429206848,0.0122492304071784
6.919202258,0.165516510605812,0.0146990614011884
6.929987909,0.164519429206848,0.0122492304071784
6.93998635,0.165516510605812,0.00979939848184586
6.949239856,0.165516510605812,0.00979939848184586
6.959136072,0.164519429206848,0.0122492304071784
6.969946383,0.164519429206848,0.00734954932704568
6.979219639,0.165516510605812,0.00979939848184586
6.989980531,0.165516510605812,0.00489969924092293
6.999235382,0.166513592004776,0.00734954932704568
7.009981878,0.166513592004776,0.00734954932704568
7.019234092,0.167510688304901,0.00489969924092293
7.029219029,0.168507769703865,0.00734953070059419
7.03923176,0.166513592004776,0.00734954932704568
7.049987214,0.168507769703865,0.00734953070059419
7.059220056,0.168507769703865,0.00734953070059419
7.069989752,0.169504851102829,0.00979938078671694
7.079985515,0.169504851102829,0.00979938078671694
7.089197776,0.170501947402954,0.0122492304071784
7.099226498,0.170501947402954,0.0122492304071784
7.109189044,0.172496125102043,0.0122492304071784
7.119214601,0.172496125102043,0.0122492304071784
7.129189173,0.172496125102043,0.0122492304071784
7.139185963,0.174490302801132,0.0122492304071784
7.149178528,0.173493206501007,0.0146990800276399
7.159193884,0.173493206501007,0.0146990800276399
7.169193769,0.174490302801132,0.0122492304071784
7.179194595,0.175487384200096,0.00979939848184586
7.189185245,0.175487384200096,0.0146990614011884
7.199187461,0.17648446559906,0.0122492304071784
7.209181732,0.175487384200096,0.0146990614011884
7.219190738,0.175487384200096,0.0146990614011884
7.229175766,0.175487384200096,0.0146990614011884
7.239162571,0.175487384200096,0.0146990614011884
7.249195405,0.175487384200096,0.0146990614011884
7.259775343,0.175487384200096,0.0146990614011884
7.269165472,0.17648446559906,0.0171489119529724
7.279177469,0.17648446559906,0.0171489119529724
7.289150225,0.17648446559906,0.0122492304071784
7.29918746,0.177481561899185,0.0146990800276399
7.309184025,0.177481561899185,0.0146990800276399
7.319155277,0.178478643298149,0.0171489305794239
7.329186202,0.178478643298149,0.0171489305794239
7.339180648,0.178478643298149,0.0171489305794239
7.349151254,0.180472820997238,0.0171489305794239
7.359115383,0.181469917297363,0.0146990800276399
7.369178018,0.181469917297363,0.0146990800276399
7.379149203,0.181469917297363,0.0146990800276399
7.389182182,0.181469917297363,0.0146990800276399
7.399156143,0.180472820997238,0.0122492304071784
7.409130592,0.182466998696327,0.0122492304071784
7.419132623,0.181469917297363,0.00979938078671694
7.429178403,0.182466998696327,0.00734953070059419
7.439068505,0.182466998696327,0.0122492304071784
7.449155766,0.182466998696327,0.00734953070059419
7.459059128,0.182466998696327,0.00734953070059419
7.469070899,0.182466998696327,0.00734953070059419
7.479098108,0.183464080095291,0.00489969924092293
7.489121276,0.184461176395416,0.00734954932704568
7.499091152,0.184461176395416,0.00734954932704568
7.509100719,0.184461176395416,0.00244984962046146
7.519065906,0.18545825779438,0.00489969924092293
7.529098943,0.187452435493469,0.00489969924092293
7.539063572,0.187452435493469,0
7.549045638,0.188449531793594,0.00244984962046146
7.559052727,0.190443694591522,0.00244983145967126
7.569107437,0.191440775990486,0
7.579082598,0.190443694591522,0.00244983145967126
7.589066682,0.19243785738945,0.00244984962046146
7.599097569,0.193434953689575,0
7.609093808,0.195429131388664,0.00489969924092293
7.619071324,0.196426212787628,-0.00244984962046146
7.629079217,0.196426212787628,-0.00244984962046146
7.63906554,0.198420405387878,-0.00244984962046146
7.649027286,0.199417471885681,-0.00489968108013272
7.659053407,0.199417471885681,-0.00489968108013272
7.669083435,0.199417471885681,-0.00489968108013272
7.67906593,0.202408745884895,-0.00734953070059419
7.689088082,0.200414568185806,-0.0122492304071784
7.699085915,0.202408745884895,-0.0122492304071784
7.709063187,0.200414568185806,-0.0171489305794239
7.719080011,0.201411664485931,-0.0146990800276399
7.729014646,0.200414568185806,-0.0171489305794239
7.73907719,0.200414568185806,-0.0171489305794239
7.749097093,0.198420390486717,-0.0171489305794239
7.759037539,0.199417471885681,-0.0195987801998854
7.769082378,0.198420405387878,-0.0220486111938953
7.77902647,0.196426212787628,-0.0220486111938953
7.789012152,0.195429131388664,-0.0195987615734339
7.798994579,0.1944320499897,-0.0171489119529724
7.809020438,0.1944320499897,-0.0171489119529724
7.819020849,0.192437872290611,-0.0171489305794239
7.829025364,0.192437872290611,-0.0122492304071784
7.838990369,0.191440790891647,-0.0146990800276399
7.848991125,0.191440790891647,-0.0146990800276399
7.859020039,0.189446598291397,-0.0146990800276399
7.868989053,0.190443694591522,-0.0122492304071784
7.878987046,0.189446598291397,-0.00979938078671694
7.889036965,0.190443694591522,-0.0122492304071784
7.899017947,0.189446598291397,-0.0146990800276399
7.909023468,0.189446598291397,-0.0146990800276399
7.919012046,0.189446598291397,-0.0146990800276399
7.929023246,0.190443694591522,-0.0171489305794239
7.938986621,0.189446598291397,-0.0146990800276399
7.948988365,0.188449516892433,-0.0171489305794239
7.959014553,0.188449516892433,-0.0171489305794239
7.968995136,0.186455339193344,-0.0171489119529724
7.979020113,0.186455339193344,-0.0171489119529724
7.989015522,0.186455339193344,-0.0171489119529724
7.998984285,0.186455339193344,-0.0171489119529724
8.009010238,0.18545825779438,-0.0146990614011884
8.018989783,0.18545825779438,-0.0146990614011884
8.029010985,0.183464080095291,-0.0146990800276399
8.038989084,0.182466998696327,-0.0171489305794239
8.048986494,0.183464080095291,-0.0146990800276399
8.059010273,0.182466998696327,-0.0122492304071784
8.069012585,0.183464080095291,-0.0146990800276399
8.078978995,0.184461176395416,-0.0171489119529724
8.088990018,0.183464080095291,-0.0146990800276399
8.099006311,0.183464080095291,-0.0146990800276399
8.108998441,0.184461176395416,-0.0171489119529724
8.118982992,0.184461176395416,-0.0171489119529724
8.12897885,0.18545825779438,-0.0195987615734339
8.138983712,0.187452435493469,-0.0195987615734339
8.14899617,0.187452435493469,-0.0195987615734339
8.158992186,0.188449531793594,-0.0220486111938953
8.168987147,0.188449531793594,-0.0220486111938953
8.178986941,0.187452435493469,-0.0195987615734339
8.188988355,0.189446613192558,-0.0244984608143568
8.198989209,0.187452435493469,-0.0244984608143568
8.208986189,0.187452435493469,-0.0244984608143568
8.218987213,0.187452435493469,-0.0244984608143568
8.228982466,0.187452435493469,-0.0244984608143568
8.238981934,0.186455339193344,-0.0220486111938953
8.24898648,0.186455339193344,-0.0220486111938953
8.258987226,0.186455339193344,-0.0220486111938953
8.268980104,0.184461176395416,-0.0220486111938953
8.278984499,0.184461176395416,-0.0220486111938953
8.288990981,0.183464080095291,-0.0195987615734339
8.298987427,0.184461176395416,-0.0171489119529724
8.308984483,0.183464080095291,-0.0146990800276399
8.318984797,0.183464080095291,-0.0146990800276399
8.328988563,0.180472820997238,-0.0122492304071784
8.338989467,0.181469917297363,-0.0146990800276399
8.348998502,0.180472820997238,-0.0122492304071784
8.358886147,0.179475724697113,-0.00979938078671694
8.368875857,0.180472820997238,-0.00734953070059419
8.378982486,0.179475724697113,-0.00979938078671694
8.388974426,0.178478643298149,-0.00734953070059419
8.398985539,0.178478643298149,-0.00734953070059419
8.408983966,0.178478643298149,-0.00734953070059419
8.418982411,0.177481561899185,-0.00489969924092293
8.428988674,0.179475724697113,-0.00489968108013272
8.438988822,0.17847865819931,-0.00244984962046146
8.448984041,0.178478643298149,-0.00734953070059419
8.458986281,0.177481561899185,-0.00489969924092293
8.468984043,0.178478643298149,-0.00734953070059419
8.478988024,0.179475724697113,-0.00489968108013272
8.488981403,0.179475724697113,-0.00489968108013272
8.49898385,0.179475724697113,-0.00489968108013272
8.508988434,0.179475724697113,-0.00489968108013272
8.518976799,0.178478643298149,-0.00734953070059419
8.528981352,0.178478643298149,-0.00734953070059419
8.538984124,0.178478643298149,-0.00734953070059419
8.548981734,0.17847865819931,-0.00244984962046146
8.559015582,0.179475724697113,-0.00489968108013272
8.56898328,0.177481561899185,-0.00489969924092293
8.57902048,0.177481561899185,-0.00489969924092293
8.588987141,0.175487384200096,-0.00489969924092293
8.598982521,0.175487384200096,-0.00489969924092293
8.608979778,0.175487384200096,-0.00489969924092293
8.618984644,0.175487384200096,-0.00489969924092293
8.62898751,0.174490302801132,-0.00734954932704568
8.638988816,0.174490302801132,-0.00734954932704568
8.64898041,0.172496125102043,-0.00734953070059419
8.658947024,0.172496125102043,-0.00734953070059419
8.668984387,0.171499043703079,-0.00489968108013272
8.678989811,0.170501947402954,-0.00734953070059419
8.688975298,0.171499043703079,-0.00489968108013272
8.698984653,0.170501947402954,-0.00734953070059419
8.708983218,0.168507769703865,-0.00734953070059419
8.718978511,0.168507769703865,-0.00734953070059419
8.728980973,0.168507784605026,-0.00244984962046146
8.738987821,0.167510688304901,-0.00489969924092293
8.748899838,0.167510688304901,-0.00489969924092293
8.758902723,0.165516510605812,-0.00489969924092293
8.768985988,0.166513592004776,-0.00734954932704568
8.779018599,0.165516510605812,-0.00489969924092293
8.789011434,0.164519429206848,-0.00734954932704568
8.798990456,0.163522332906723,-0.00489969924092293
8.809011009,0.164519429206848,-0.00734954932704568
8.8190082,0.163522332906723,-0.00489969924092293
8.82899096,0.161528170108795,-0.00489968108013272
8.838986876,0.161528170108795,-0.00489968108013272
8.848971478,0.16053107380867,-0.00244983145967126
8.858925657,0.161528170108795,-0.00489968108013272
8.868990785,0.159533977508545,-0.00489968108013272
8.878954767,0.159533977508545,-0.00489968108013272
8.888990243,0.159533977508545,-0.00489968108013272
8.898988192,0.159533977508545,-0.00489968108013272
8.908991909,0.158536911010742,-0.00244984962046146
8.918950302,0.157539814710617,-0.00489969924092293
8.928977696,0.158536896109581,-0.00734953070059419
8.938984894,0.157539814710617,-0.00489969924092293
8.948989389,0.157539814710617,-0.00979938078671694
8.959011446,0.156542718410492,-0.00734954932704568
8.968990214,0.157539814710617,-0.00489969924092293
8.978985836,0.156542718410492,-0.00734954932704568
8.988993308,0.154548555612564,-0.00734954932704568
8.999021344,0.153551459312439,-0.00979939848184586
9.008942243,0.153551459312439,-0.00979939848184586
9.018952925,0.153551459312439,-0.00979939848184586
9.028991202,0.151557296514511,-0.00979938078671694
9.038984752,0.150560200214386,-0.0122492304071784
9.04898033,0.149563103914261,-0.00979938078671694
9.058994936,0.149563103914261,-0.00979938078671694
9.068992762,0.148566022515297,-0.0122492304071784
9.07895725,0.147568941116333,-0.00979938078671694
9.08898436,0.148566022515297,-0.0122492304071784
9.098990198,0.147568941116333,-0.00979938078671694
9.108959025,0.145574748516083,-0.00979938078671694
9.118993822,0.146571844816208,-0.00734953070059419
9.128979051,0.146571844816208,-0.00734953070059419
9.13898254,0.146571844816208,-0.00734953070059419
9.148958524,0.147568941116333,-0.00489968108013272
9.158990813,0.145574763417244,-0.00489969924092293
9.168972386,0.146571844816208,-0.00244984962046146
9.178984576,0.146571844816208,-0.00244984962046146
9.188982735,0.146571844816208,0.00244984962046146
9.198946697,0.147568941116333,0
9.208990758,0.148566022515297,0.00244983145967126
9.218993761,0.147568941116333,0.00489968108013272
9.228989896,0.149563103914261,0.00489968108013272
9.238988665,0.148566022515297,0.00734953070059419
9.248981258,0.149563103914261,0.00489968108013272
9.25899015,0.15155728161335,0.00489969924092293
9.268985387,0.151557296514511,0.00979938078671694
9.278993477,0.152554363012314,0.00734954932704568
9.288989572,0.153551459312439,0.00979939848184586
9.298995341,0.154548555612564,0.0122492490336299
9.308993759,0.155545637011528,0.00979939848184586
9.318986219,0.156542718410492,0.00734954932704568
9.328979413,0.156542718410492,0.00734954932704568
9.338959855,0.158536896109581,0.0122492304071784
9.348984677,0.159533977508545,0.00979938078671694
9.358995275,0.158536896109581,0.0122492304071784
9.368986821,0.159533977508545,0.00979938078671694
9.378995665,0.16053107380867,0.0122492304071784
9.388991955,0.16053107380867,0.00734953070059419
9.398984523,0.161528170108795,0.00979938078671694
9.408968411,0.161528170108795,0.00979938078671694
9.418992073,0.162525251507759,0.0122492304071784
9.429003037,0.161528170108795,0.0146990800276399
9.43899198,0.162525251507759,0.0122492304071784
9.448956955,0.163522332906723,0.0146990800276399
9.458986571,0.163522332906723,0.0146990800276399
9.468989023,0.164519429206848,0.0122492304071784
9.478999045,0.164519429206848,0.0122492304071784
9.488979556,0.165516510605812,0.0146990614011884
9.49898845,0.165516510605812,0.0146990614011884
9.508990409,0.167510688304901,0.0146990800276399
9.518988962,0.167510688304901,0.0146990800276399
9.528988161,0.169504851102829,0.0146990800276399
9.538983808,0.169504851102829,0.0146990800276399
9.548980469,0.169504851102829,0.0146990800276399
9.558988245,0.173493206501007,0.0146990800276399
9.568973168,0.172496125102043,0.0171489305794239
9.578990103,0.175487384200096,0.0195987615734339
9.588991864,0.17648446559906,0.0171489119529724
9.598988337,0.177481561899185,0.0195987615734339
9.608989972,0.177481561899185,0.0195987615734339
9.619000292,0.179475724697113,0.0195987801998854
9.628986388,0.182466998696327,0.0171489305794239
9.638989828,0.183464080095291,0.0146990800276399
9.648963563,0.184461176395416,0.0171489119529724
9.658991111,0.184461176395416,0.0171489119529724
9.668989737,0.187452435493469,0.0146990800276399
9.678985003,0.187452435493469,0.0146990800276399
9.688985759,0.189446598291397,0.0146990800276399
9.698999929,0.191440790891647,0.00979938078671694
9.709008193,0.192437872290611,0.0122492304071784
9.718982878,0.193434953689575,0.00979938078671694
9.72897028,0.193434953689575,0.00979938078671694
9.738953291,0.1944320499897,0.0122492304071784
9.748985617,0.1944320499897,0.00734954932704568
9.758951614,0.195429131388664,0.00489969924092293
9.769021366,0.195429131388664,0.00489969924092293
9.779011356,0.195429131388664,0
9.789005461,0.195429131388664,0
9.798948599,0.195429131388664,0
9.808957335,0.196426212787628,-0.00244984962046146
9.819005307,0.1944320499897,-0.00244984962046146
9.828994577,0.193434953689575,-0.00489969924092293
9.838992212,0.193434953689575,-0.00489969924092293
9.848982862,0.1944320499897,-0.00734954932704568
9.858993167,0.1944320499897,-0.00734954932704568
9.868967377,0.192437872290611,-0.00734953070059419
9.878969526,0.1944320499897,-0.00734954932704568
9.888921121,0.193434953689575,-0.00979938078671694
9.898967578,0.191440790891647,-0.00979938078671694
9.908966998,0.190443694591522,-0.00734953070059419
9.918968717,0.191440790891647,-0.00979938078671694
9.928967384,0.190443694591522,-0.00734953070059419
9.938973303,0.192437872290611,-0.0122492304071784
9.948967643,0.190443694591522,-0.00734953070059419
9.958993047,0.188449516892433,-0.00734953070059419
9.968893212,0.189446598291397,-0.00979938078671694
9.978966683,0.186455339193344,-0.00734954932704568
9.988966504,0.186455339193344,-0.00244984962046146
9.998966083,0.187452435493469,-0.00489969924092293
10.008990296,0.186455339193344,-0.00734954932704568
10.018968869,0.18545825779438,-0.00489969924092293
10.028954021,0.186455339193344,-0.00734954932704568
10.038972569,0.183464080095291,-0.00489969924092293
10.048896871,0.18545825779438,-0.00489969924092293
10.058982672,0.18545825779438,-0.00489969924092293
10.068988738,0.186455339193344,-0.00734954932704568
10.078953364,0.187452435493469,-0.00489969924092293
10.088985147,0.187452435493469,-0.00979938078671694
10.098986582,0.186455339193344,-0.00734954932704568
10.108984374,0.188449516892433,-0.0122492304071784
10.118983743,0.188449516892433,-0.0122492304071784
10.128890779,0.188449516892433,-0.0122492304071784
10.138983165,0.190443694591522,-0.0122492304071784
10.148957099,0.188449516892433,-0.0122492304071784
10.158984417,0.189446598291397,-0.0146990800276399
10.16897983,0.187452435493469,-0.00979938078671694
10.178988382,0.188449516892433,-0.0122492304071784
10.18898272,0.188449516892433,-0.0122492304071784
10.198959936,0.188449516892433,-0.0122492304071784
10.20889171,0.188449516892433,-0.00734953070059419
10.21898274,0.188449516892433,-0.00734953070059419
10.228957277,0.188449531793594,-0.00244984962046146
10.23898443,0.186455339193344,-0.00244984962046146
10.248990135,0.187452435493469,-0.00489969924092293
10.258737794,0.187452435493469,0
10.268768894,0.187452435493469,0
10.278989747,0.18545825779438,0
10.28886096,0.184461176395416,0.00244984962046146
10.298984065,0.184461176395416,0.00244984962046146
10.308982468,0.182466983795166,0.00244984962046146
10.318981946,0.183464080095291,0.00489969924092293
10.328990151,0.181469902396202,0
10.338955908,0.180472820997238,0.00244983145967126
10.348988957,0.17847865819931,0.00244984962046146
10.358823162,0.177481561899185,0
10.368846241,0.175487384200096,0
10.378966773,0.173493206501007,0
10.388967583,0.172496110200882,-0.00244984962046146
10.398977013,0.170501947402954,-0.00244983145967126
10.408970212,0.16950486600399,0
10.418975484,0.167510688304901,-0.00489969924092293
10.428967186,0.165516510605812,0
10.438966603,0.163522332906723,-0.00489969924092293
10.448849445,0.162525236606598,-0.00244984962046146
10.458987097,0.16053107380867,-0.00244983145967126
10.46895708,0.16053107380867,-0.00244983145967126
10.478980833,0.159533992409706,0
10.488955699,0.158536911010742,0.00244984962046146
10.498990819,0.157539814710617,0.00489969924092293
10.508976964,0.155545637011528,0.00489969924092293
10.518980197,0.154548555612564,0.00734954932704568
10.528828992,0.155545637011528,0.00489969924092293
10.538985831,0.156542718410492,0.00734954932704568
10.548982529,0.154548555612564,0.00734954932704568
10.55897761,0.154548555612564,0.00734954932704568
10.568992124,0.153551459312439,0.00979939848184586
10.578955537,0.153551459312439,0.00489969924092293
10.589009995,0.152554363012314,0.00734954932704568
10.598986383,0.151557296514511,0.00979938078671694
10.608825368,0.151557296514511,0.00979938078671694
10.618954788,0.150560200214386,0.00734953070059419
10.628980518,0.149563103914261,0.00979938078671694
10.638991723,0.148566022515297,0.00734953070059419
10.648988895,0.149563103914261,0.00979938078671694
10.658986572,0.147568941116333,0.00979938078671694
10.668987595,0.147568941116333,0.00489968108013272
10.678992995,0.148566022515297,0.00734953070059419
10.688829954,0.147568941116333,0.00489968108013272
10.698988509,0.147568941116333,0
10.708989533,0.147568941116333,0
10.718986992,0.147568941116333,0
10.728955263,0.146571844816208,-0.00244984962046146
10.738957678,0.147568941116333,0
10.749008303,0.146571844816208,-0.00244984962046146
10.758963118,0.147568941116333,-0.00489968108013272
10.768817818,0.146571844816208,-0.00244984962046146
10.778982848,0.146571844816208,-0.00244984962046146
10.788992982,0.146571844816208,-0.00244984962046146
10.798958906,0.148566022515297,-0.00244983145967126
10.808987689,0.148566022515297,-0.00734953070059419
10.818956045,0.148566022515297,-0.00244983145967126
10.828993208,0.149563103914261,-0.00489968108013272
10.838955765,0.149563103914261,-0.00489968108013272
10.848820118,0.149563103914261,-0.00489968108013272
10.858983726,0.150560200214386,-0.00244984962046146
10.868957129,0.15155728161335,-0.00489969924092293
10.878984669,0.150560200214386,-0.00244984962046146
10.888982293,0.152554363012314,-0.00244984962046146
10.898961622,0.150560200214386,-0.00244984962046146
10.90895832,0.152554363012314,-0.00244984962046146
10.918957367,0.152554363012314,-0.00244984962046146
10.928791781,0.152554363012314,-0.00244984962046146
10.938984227,0.152554363012314,-0.00244984962046146
10.948980623,0.152554363012314,-0.00244984962046146
10.958958514,0.152554363012314,-0.00244984962046146
10.968984987,0.152554363012314,-0.00244984962046146
10.978991135,0.152554363012314,-0.00244984962046146
10.98895812,0.15155728161335,-0.00489969924092293
10.998959125,0.153551459312439,-0.00489969924092293
11.008775076,0.15155728161335,-0.00489969924092293
11.01898976,0.15155728161335,-0.00489969924092293
11.02896469,0.152554363012314,-0.00734954932704568
11.03895712,0.15155728161335,-0.00489969924092293
11.048955838,0.152554363012314,-0.00734954932704568
11.058980594,0.152554363012314,-0.00734954932704568
11.068986353,0.15155728161335,-0.00489969924092293
11.078979309,0.152554363012314,-0.00734954932704568
11.088785034,0.152554363012314,-0.00734954932704568
11.098988088,0.152554363012314,-0.00734954932704568
11.108988534,0.152554363012314,-0.00244984962046146
11.118955687,0.153551459312439,-0.00979939848184586
11.128991537,0.153551459312439,-0.00489969924092293
11.138986735,0.152554363012314,-0.00734954932704568
11.14895737,0.153551459312439,-0.00489969924092293
11.158986291,0.153551459312439,-0.00489969924092293
11.168774354,0.155545637011528,-0.00489969924092293
11.178950983,0.155545637011528,-0.00489969924092293
11.189002541,0.156542718410492,-0.00244984962046146
11.198986681,0.155545637011528,-0.00489969924092293
11.208981409,0.156542718410492,-0.00734954932704568
11.218995385,0.156542718410492,-0.00244984962046146
11.228954388,0.156542718410492,-0.00244984962046146
11.238966378,0.158536911010742,-0.00244984962046146
11.248740592,0.158536911010742,-0.00244984962046146
11.25896118,0.159533992409706,0
11.268949844,0.159533992409706,0
11.27902035,0.159533992409706,0
11.288991628,0.16053107380867,0.00244983145967126
11.298961179,0.161528170108795,0.00489968108013272
11.308986683,0.162525236606598,0.00244984962046146
11.318994628,0.163522332906723,0.00489969924092293
11.328740154,0.163522332906723,0.00489969924092293
11.338993948,0.165516510605812,0.00489969924092293
11.348987145,0.166513592004776,0.00734954932704568
11.358988662,0.166513592004776,0.00244984962046146
11.368959397,0.167510688304901,0.00489969924092293
11.379005409,0.169504851102829,0.00489968108013272
11.388990551,0.168507784605026,0.00244984962046146
11.398985214,0.170501947402954,0.00244983145967126
11.408734635,0.169504851102829,0.00489968108013272
11.418988404,0.170501947402954,0.00244983145967126
11.428965053,0.171499043703079,0.00489968108013272
11.438956549,0.171499043703079,0.00489968108013272
11.448984029,0.170501947402954,0.00244983145967126
11.458955883,0.172496110200882,0.00244984962046146
11.468983578,0.172496110200882,-0.00244984962046146
11.478998628,0.171499028801918,0
11.488734821,0.173493206501007,0
11.49899114,0.173493206501007,0
11.508992343,0.174490302801132,-0.00244984962046146
11.518993612,0.174490302801132,-0.00244984962046146
11.528986977,0.173493206501007,-0.00489969924092293
11.538997616,0.174490302801132,-0.00734954932704568
11.548986183,0.17648446559906,-0.00734954932704568
11.558982524,0.174490302801132,-0.00734954932704568
11.568730211,0.174490302801132,-0.00244984962046146
11.578993169,0.174490302801132,-0.00734954932704568
11.588983587,0.174490302801132,-0.00734954932704568
11.598981715,0.172496125102043,-0.00734953070059419
11.608956781,0.172496125102043,-0.00734953070059419
11.61895915,0.171499043703079,-0.00489968108013272
11.628962379,0.172496125102043,-0.00734953070059419
11.638959317,0.169504851102829,-0.00489968108013272
11.648705893,0.168507769703865,-0.00734953070059419
11.658997292,0.168507784605026,-0.00244984962046146
11.668956513,0.168507769703865,-0.00734953070059419
11.678993101,0.167510688304901,-0.00489969924092293
11.688992213,0.166513592004776,-0.00734954932704568
11.698964702,0.166513592004776,-0.00734954932704568
11.708985201,0.167510688304901,-0.00489969924092293
11.718986788,0.165516510605812,-0.00489969924092293
11.728699548,0.165516510605812,-0.00489969924092293
11.73899022,0.165516510605812,-0.00489969924092293
11.748983778,0.164519429206848,-0.00244984962046146
11.758989489,0.164519429206848,-0.00734954932704568
11.768955082,0.164519429206848,-0.00244984962046146
11.778990733,0.163522332906723,-0.00489969924092293
11.788989799,0.163522332906723,0
11.798994468,0.163522332906723,0
11.808695616,0.161528155207634,0
11.818986506,0.162525236606598,-0.00244984962046146
11.828954563,0.163522332906723,0
11.838960579,0.163522332906723,0
11.848956385,0.163522332906723,0
11.858996075,0.163522332906723,0
11.868988373,0.163522332906723,0
11.878984352,0.165516510605812,0
11.888669256,0.165516510605812,0
11.898987774,0.166513592004776,0.00244984962046146
11.908958873,0.167510688304901,0
11.918985882,0.16950486600399,0
11.928991004,0.16950486600399,0
11.938954097,0.171499028801918,0
11.948992069,0.173493206501007,0
11.958995844,0.174490302801132,0.00244984962046146
11.968640579,0.174490302801132,-0.00244984962046146
11.978986908,0.175487384200096,0.00489969924092293
11.988983252,0.17648446559906,0.00244984962046146
11.998962152,0.17847865819931,-0.00244984962046146
12.008966268,0.17847865819931,0.00244984962046146
12.018963997,0.179475724697113,0.00489968108013272
12.029009557,0.179475724697113,0.00489968108013272
12.03901193,0.179475724697113,0.00489968108013272
12.048662501,0.179475724697113,0.00489968108013272
12.058988685,0.180472820997238,0.00734953070059419
12.068953774,0.181469917297363,0.00979938078671694
12.078995535,0.182466998696327,0.00734953070059419
12.088957486,0.182466998696327,0.00734953070059419
12.098960931,0.182466998696327,0.0122492304071784
12.108986748,0.183464080095291,0.00979938078671694
12.118966159,0.182466998696327,0.00734953070059419
12.128638567,0.183464080095291,0.00979938078671694
12.138959582,0.183464080095291,0.00979938078671694
12.148988629,0.183464080095291,0.00979938078671694
12.158990902,0.182466998696327,0.00734953070059419
12.1689939,0.183464080095291,0.00489969924092293
12.17895678,0.183464080095291,0.00489969924092293
12.188993747,0.181469917297363,0.00489968108013272
12.198985426,0.180472820997238,0.00244983145967126
12.208600904,0.180472820997238,0.00244983145967126
12.218957077,0.180472820997238,0.00244983145967126
12.228961534,0.180472820997238,-0.00244983145967126
12.2389585,0.180472820997238,-0.00244983145967126
12.248957333,0.181469902396202,0
12.258959203,0.182466983795166,-0.00244984962046146
12.268988928,0.181469902396202,0
12.278961652,0.180472820997238,-0.00244983145967126
12.2885923,0.182466983795166,-0.00244984962046146
12.298991511,0.183464080095291,-0.00489969924092293
12.308976182,0.183464080095291,-0.00489969924092293
12.318989651,0.184461176395416,-0.00244984962046146
12.328980521,0.184461176395416,-0.00244984962046146
12.338990175,0.18545825779438,-0.00489969924092293
12.348984002,0.18545825779438,-0.00489969924092293
12.358974417,0.184461176395416,-0.00244984962046146
12.368589364,0.18545825779438,0
12.378996401,0.18545825779438,0
12.388988,0.18545825779438,0
12.39897881,0.18545825779438,0.00489969924092293
12.408987157,0.186455339193344,0.00244984962046146
12.418978531,0.18545825779438,0
12.428973174,0.18545825779438,0.00489969924092293
12.438977731,0.184461176395416,0.00734954932704568
12.448581163,0.182466998696327,0.00734953070059419
12.458968326,0.182466998696327,0.00734953070059419
12.468981674,0.181469917297363,0.00489968108013272
12.47896855,0.181469917297363,0.00489968108013272
12.488971943,0.181469917297363,0.00489968108013272
12.498979526,0.181469917297363,0.00489968108013272
12.508989538,0.178478643298149,0.00734953070059419
12.518976927,0.178478643298149,0.0122492304071784
12.528579498,0.177481561899185,0.00979938078671694
12.538991858,0.178478643298149,0.00734953070059419
12.548958927,0.178478643298149,0.00734953070059419
12.558978059,0.177481561899185,0.00979938078671694
12.568978493,0.177481561899185,0.00979938078671694
12.578988515,0.177481561899185,0.00979938078671694
12.58897034,0.17648446559906,0.0122492304071784
12.598984096,0.174490302801132,0.0122492304071784
12.60857756,0.17648446559906,0.0122492304071784
12.618999754,0.175487384200096,0.00979939848184586
12.628965816,0.174490302801132,0.0122492304071784
12.638981005,0.173493206501007,0.0146990800276399
12.648979668,0.172496125102043,0.0171489305794239
12.658980494,0.172496125102043,0.0122492304071784
12.668972948,0.171499043703079,0.0146990800276399
12.678983174,0.170501947402954,0.0171489305794239
12.68857275,0.169504851102829,0.0146990800276399
12.698976529,0.168507769703865,0.0122492304071784
12.708972914,0.166513592004776,0.0171489119529724
12.718977998,0.165516510605812,0.0146990614011884
12.728984761,0.164519429206848,0.0122492304071784
12.738977545,0.162525251507759,0.0122492304071784
12.748982245,0.161528170108795,0.00979938078671694
12.758986699,0.16053107380867,0.0122492304071784
12.7685871,0.158536896109581,0.0122492304071784
12.778988887,0.157539814710617,0.00979938078671694
12.788978814,0.157539814710617,0.00979938078671694
12.798991211,0.156542718410492,0.0122492304071784
12.808989822,0.155545637011528,0.00489969924092293
12.818988121,0.154548555612564,0.00734954932704568
12.828983745,0.154548555612564,0.00734954932704568
12.838984512,0.153551459312439,0.00979939848184586
12.848568101,0.154548555612564,0.00734954932704568
12.85898665,0.153551459312439,0.00489969924092293
12.869014625,0.154548555612564,0.00244984962046146
12.879010302,0.153551459312439,0.00489969924092293
12.888982256,0.152554363012314,0.00244984962046146
12.898992908,0.153551459312439,0
12.908987295,0.153551459312439,0.00489969924092293
12.91898484,0.153551459312439,0
12.928567442,0.153551459312439,0
12.93898981,0.152554363012314,-0.00244984962046146
12.948976833,0.152554363012314,-0.00244984962046146
12.958988364,0.152554363012314,-0.00244984962046146
12.968993035,0.15155728161335,0
12.97898218,0.152554363012314,-0.00734954932704568
12.988984504,0.15155728161335,-0.00489969924092293
12.998989548,0.15155728161335,-0.00489969924092293
13.00856408,0.150560200214386,-0.00734953070059419
13.018979752,0.150560200214386,-0.00734953070059419
13.028976371,0.149563103914261,-0.00489968108013272
13.038987221,0.150560200214386,-0.00734953070059419
13.048985596,0.149563103914261,-0.00979938078671694
13.058981468,0.148566022515297,-0.00734953070059419
13.068992414,0.148566022515297,-0.0122492304071784
13.078982458,0.147568941116333,-0.00489968108013272
13.088564289,0.147568941116333,-0.00489968108013272
13.098988123,0.146571844816208,-0.00734953070059419
13.108986849,0.146571844816208,-0.00734953070059419
13.118988252,0.145574763417244,-0.00489969924092293
13.128981922,0.145574763417244,-0.00489969924092293
13.138989829,0.145574763417244,-0.00489969924092293
13.148984509,0.14457768201828,-0.00244984962046146
13.158968424,0.14457768201828,-0.00244984962046146
13.168559328,0.14457768201828,-0.00244984962046146
13.178986104,0.14258348941803,-0.00244984962046146
13.188961873,0.14457768201828,-0.00244984962046146
13.198987079,0.143580585718155,0
13.208983694,0.143580585718155,0
13.218985745,0.14258348941803,0.00244984962046146
13.228990332,0.141586408019066,0
13.238983184,0.140589326620102,0.00734953070059419
13.24856497,0.140589326620102,0.00734953070059419
13.258969722,0.140589326620102,0.00734953070059419
13.268991852,0.139592230319977,0.00979938078671694
13.278975905,0.140589326620102,0.00734953070059419
13.289001097,0.137598067522049,0.00979938078671694
13.298997952,0.136600971221924,0.00734953070059419
13.308986656,0.135603874921799,0.00979938078671694
13.318978305,0.137598067522049,0.00979938078671694
13.328551991,0.136600971221924,0.00734953070059419
13.338983933,0.13560388982296,0.00489969924092293
13.348993245,0.13560388982296,0.00489969924092293
13.358988638,0.134606808423996,0.00734954932704568
13.368985113,0.133609712123871,0.00489969924092293
13.378985389,0.133609712123871,0.00489969924092293
13.388989739,0.134606808423996,0.00244984962046146
13.398983279,0.133609712123871,0.00489969924092293
13.408549582,0.134606808423996,0.00244984962046146
13.418999942,0.133609712123871,0
13.428987934,0.133609712123871,0.00489969924092293
13.438988384,0.13560388982296,0.00489969924092293
13.448332122,0.134606808423996,0.00244984962046146
13.458976861,0.136600971221924,0.00244984962046146
13.468974469,0.137598067522049,0.00489968108013272
13.478980645,0.137598067522049,0.00489968108013272
13.488546883,0.137598067522049,0.00489968108013272
13.498940246,0.139592230319977,0.00489968108013272
13.508967324,0.139592230319977,0.00489968108013272
13.518985437,0.140589326620102,0.00244984962046146
13.528982856,0.140589326620102,0.00244984962046146
13.538986156,0.141586408019066,0
13.548949582,0.14258348941803,0.00244984962046146
13.558983954,0.141586408019066,0
13.568541401,0.141586408019066,0
13.578980593,0.143580585718155,0
13.588982292,0.143580585718155,0
13.598982041,0.143580585718155,0
13.608985418,0.14457768201828,0.00244984962046146
13.618984375,0.14457768201828,0.00244984962046146
13.628981389,0.146571844816208,0.00244984962046146
13.638979318,0.145574763417244,0
13.648544086,0.147568941116333,0
13.658990535,0.148566022515297,0.00244983145967126
13.668977605,0.148566022515297,0.00244983145967126
13.678986082,0.149563103914261,0
13.688987236,0.15155728161335,0
13.698978729,0.152554363012314,0.00244984962046146
13.708981772,0.153551459312439,0
13.718982346,0.154548555612564,0.00244984962046146
13.728538169,0.155545637011528,0
13.738985051,0.156542718410492,0.00244984962046146
13.748977616,0.156542718410492,0.00244984962046146
13.758980999,0.158536911010742,0.00244984962046146
13.76898217,0.161528155207634,0
13.778982958,0.16053107380867,0.00244983145967126
13.788990784,0.162525236606598,0.00244984962046146
13.798979672,0.164519429206848,0.00244984962046146
13.808534994,0.164519429206848,0.00244984962046146
13.818977516,0.166513592004776,0.00244984962046146
13.82894449,0.167510688304901,0.00489969924092293
13.838978024,0.168507784605026,0.00244984962046146
13.848982033,0.169504851102829,0.00489968108013272
13.85898946,0.170501947402954,0.00244983145967126
13.868986904,0.170501947402954,0.00244983145967126
13.878981736,0.172496110200882,0.00244984962046146
13.888528921,0.172496110200882,0.00244984962046146
13.898979799,0.172496110200882,0.00244984962046146
13.908989995,0.173493206501007,0
13.918987844,0.173493206501007,0
13.9289804,0.172496110200882,-0.00244984962046146
13.938980495,0.173493206501007,0
13.948982813,0.173493206501007,-0.00489969924092293
13.958971174,0.172496110200882,-0.00244984962046146
13.968525313,0.172496110200882,-0.00244984962046146
13.978977623,0.172496110200882,-0.00244984962046146
13.9889539,0.170501947402954,-0.00244983145967126
13.998241027,0.171499043703079,-0.00489968108013272
14.008214187,0.172496110200882,-0.00244984962046146
14.01823796,0.170501947402954,-0.00244983145967126
14.028957363,0.171499043703079,-0.00489968108013272
14.03899228,0.171499043703079,-0.00489968108013272
14.048517321,0.171499043703079,-0.00489968108013272
14.058990431,0.171499043703079,-0.00979938078671694
14.068301527,0.171499043703079,-0.00489968108013272
14.0789716,0.169504851102829,-0.00489968108013272
14.088958353,0.172496125102043,-0.00734953070059419
14.098945187,0.170501947402954,-0.00734953070059419
14.108988768,0.168507769703865,-0.00734953070059419
14.118949433,0.169504851102829,-0.00979938078671694
14.128511667,0.168507769703865,-0.00734953070059419
14.138948656,0.168507769703865,-0.00734953070059419
14.148999015,0.168507769703865,-0.00734953070059419
14.159002205,0.168507769703865,-0.00734953070059419
14.168512868,0.167510688304901,-0.00979938078671694
14.179013139,0.168507769703865,-0.00734953070059419
14.189017962,0.166513592004776,-0.00734954932704568
14.199010429,0.167510688304901,-0.00979938078671694
14.208544239,0.167510688304901,-0.00979938078671694
14.219011867,0.168507769703865,-0.00734953070059419
14.229035255,0.169504851102829,-0.00979938078671694
14.238990841,0.167510688304901,-0.00979938078671694
14.24899691,0.168507769703865,-0.00734953070059419
14.259022046,0.168507769703865,-0.00734953070059419
14.268687949,0.168507769703865,-0.00734953070059419
14.279042879,0.167510688304901,-0.00979938078671694
14.288538652,0.168507769703865,-0.00734953070059419
14.299017791,0.168507769703865,-0.00734953070059419
14.308991917,0.169504851102829,-0.00979938078671694
14.319013772,0.169504851102829,-0.00979938078671694
14.328992195,0.168507769703865,-0.00734953070059419
14.339012808,0.170501947402954,-0.00734953070059419
14.349009668,0.169504851102829,-0.00979938078671694
14.359007905,0.168507769703865,-0.00734953070059419
14.368536689,0.170501947402954,-0.00734953070059419
14.378966839,0.172496125102043,-0.00734953070059419
14.38900771,0.170501947402954,-0.00734953070059419
14.398999097,0.172496125102043,-0.00734953070059419
14.409003388,0.172496110200882,-0.00244984962046146
14.419017974,0.170501947402954,-0.00244983145967126
14.429004923,0.173493206501007,-0.00489969924092293
14.439020488,0.172496110200882,-0.00244984962046146
14.448540607,0.172496110200882,-0.00244984962046146
14.459010346,0.173493206501007,0
14.468964993,0.173493206501007,0
14.479055223,0.173493206501007,0
14.489000296,0.175487384200096,-0.00489969924092293
14.499022066,0.173493206501007,0
14.508429238,0.173493206501007,0
14.51899238,0.175487384200096,0
14.528526336,0.174490302801132,0.00244984962046146
14.538995485,0.175487384200096,0
14.549032977,0.17648446559906,0.00244984962046146
14.558983355,0.177481561899185,0
14.568361736,0.177481561899185,0
14.578998883,0.17648446559906,0.00244984962046146
14.58904964,0.17648446559906,0.00734954932704568
14.599025044,0.177481561899185,0.00489969924092293
14.608523745,0.177481561899185,0.00489969924092293
14.619018022,0.177481561899185,0.00489969924092293
14.629010987,0.177481561899185,0.00489969924092293
14.63900852,0.177481561899185,0.00489969924092293
14.648979352,0.177481561899185,0.00489969924092293
14.65901607,0.17648446559906,0.00244984962046146
14.668212903,0.17648446559906,0.00244984962046146
14.678998444,0.177481561899185,0
14.688508204,0.17648446559906,0.00244984962046146
14.698980408,0.17648446559906,0.00244984962046146
14.708986107,0.177481561899185,0
14.718971142,0.17648446559906,-0.00244984962046146
14.729018816,0.17648446559906,-0.00244984962046146
14.739006011,0.175487384200096,-0.00489969924092293
14.749036997,0.173493206501007,-0.00489969924092293
14.759003989,0.174490302801132,-0.00244984962046146
14.768234319,0.173493206501007,-0.00489969924092293
14.779033393,0.172496125102043,-0.00734953070059419
14.78901341,0.172496125102043,-0.00734953070059419
14.799001308,0.172496125102043,-0.0122492304071784
14.808997413,0.170501947402954,-0.0122492304071784
14.819002587,0.170501947402954,-0.0122492304071784
14.829019929,0.170501947402954,-0.0122492304071784
14.839031358,0.169504851102829,-0.00979938078671694
14.848516618,0.171499043703079,-0.0146990800276399
14.858978072,0.170501947402954,-0.0122492304071784
14.868232613,0.169504851102829,-0.00979938078671694
14.87900006,0.170501947402954,-0.00734953070059419
14.888993267,0.171499043703079,-0.0146990800276399
14.899021716,0.169504851102829,-0.00979938078671694
14.909014364,0.169504851102829,-0.00979938078671694
14.918997516,0.168507769703865,-0.00734953070059419
14.928516259,0.168507769703865,-0.00734953070059419
14.939002699,0.168507769703865,-0.00734953070059419
14.948993302,0.167510688304901,-0.00489969924092293
14.959034152,0.167510688304901,-0.00979938078671694
14.9681984,0.167510688304901,-0.00979938078671694
14.978994534,0.165516510605812,-0.00979939848184586
14.98902964,0.164519429206848,-0.00734954932704568
14.999018295,0.164519429206848,-0.00734954932704568
15.008513048,0.164519429206848,-0.00734954932704568
15.018995744,0.162525251507759,-0.00734953070059419
15.029016136,0.16053107380867,-0.00734953070059419
15.039031668,0.159533977508545,-0.00979938078671694
15.049005032,0.158536896109581,-0.00734953070059419
15.059001725,0.158536896109581,-0.00734953070059419
15.068199513,0.156542718410492,-0.00734954932704568
15.079002545,0.155545637011528,-0.00979939848184586
15.088504742,0.154548555612564,-0.00734954932704568
15.098999309,0.153551459312439,-0.00979939848184586
15.10901669,0.152554377913475,-0.0122492304071784
15.119015037,0.153551459312439,-0.0146990800276399
15.129011125,0.153551459312439,-0.0146990800276399
15.138996444,0.153551459312439,-0.0146990800276399
15.149005625,0.151557296514511,-0.0146990800276399
15.159019875,0.150560200214386,-0.0122492304071784
15.168194396,0.151557296514511,-0.0146990800276399
15.179034924,0.152554377913475,-0.0122492304071784
15.189002241,0.150560200214386,-0.0122492304071784
15.199018468,0.150560200214386,-0.0122492304071784
15.20900426,0.151557296514511,-0.00979938078671694
15.218992376,0.150560200214386,-0.00734953070059419
15.229017259,0.149563103914261,-0.00489968108013272
15.238264572,0.149563103914261,0
15.24850372,0.150560200214386,-0.00244984962046146
15.2589658,0.150560200214386,-0.00244984962046146
15.268156698,0.150560200214386,0.00244984962046146
15.278998684,0.149563103914261,0
15.288996114,0.150560200214386,0.00244984962046146
15.299013118,0.150560200214386,0.00734953070059419
15.308994494,0.149563103914261,0.00489968108013272
15.318259969,0.15155728161335,0.00489969924092293
15.328496615,0.15155728161335,0.00489969924092293
15.339001075,0.150560200214386,0.00244984962046146
15.349037425,0.15155728161335,0.00489969924092293
15.359009577,0.150560200214386,0.00734953070059419
15.368804562,0.149563103914261,0.00489968108013272
15.379020856,0.149563103914261,0.00489968108013272
15.389016371,0.149563103914261,0.00489968108013272
15.398262669,0.149563103914261,0
15.408258731,0.148566022515297,0.00244983145967126
15.418985334,0.146571844816208,0.00244984962046146
15.429017622,0.146571844816208,-0.00244984962046146
15.438252684,0.147568941116333,-0.00489968108013272
15.449002562,0.145574763417244,-0.00489969924092293
15.458259297,0.145574748516083,-0.00979938078671694
15.468996921,0.145574748516083,-0.00979938078671694
15.479023889,0.145574748516083,-0.00979938078671694
15.488494549,0.144577667117119,-0.0122492304071784
15.498085827,0.144577667117119,-0.0122492304071784
15.508069568,0.144577667117119,-0.0122492304071784
15.518177138,0.145574748516083,-0.0146990800276399
15.528237129,0.145574748516083,-0.0146990800276399
15.538196584,0.145574748516083,-0.00979938078671694
15.54823704,0.145574748516083,-0.00979938078671694
15.55819613,0.145574748516083,-0.00979938078671694
15.568451364,0.146571844816208,-0.00734953070059419
15.578191706,0.146571844816208,-0.00734953070059419
15.588165005,0.148566022515297,-0.00734953070059419
15.598194058,0.149563103914261,-0.00489968108013272
15.608192958,0.149563103914261,-0.00489968108013272
15.618189312,0.149563103914261,0
15.628173723,0.149563103914261,0
15.638192422,0.150560200214386,-0.00244984962046146
15.648164636,0.15155728161335,0
15.658190531,0.153551459312439,0
15.668982803,0.152554363012314,-0.00244984962046146
15.678187026,0.154548555612564,-0.00244984962046146
15.688189246,0.156542718410492,-0.00244984962046146
15.698190658,0.155545637011528,0
15.708218553,0.158536911010742,-0.00244984962046146
15.718214586,0.16053107380867,-0.00244983145967126
15.728127,0.161528155207634,0
15.73818673,0.164519429206848,-0.00244984962046146
15.74819646,0.165516510605812,-0.00489969924092293
15.758160057,0.166513592004776,-0.00244984962046146
15.768991154,0.171499043703079,-0.00489968108013272
15.778133131,0.171499028801918,0
15.788191429,0.170501947402954,-0.00244983145967126
15.798157703,0.172496110200882,-0.00244984962046146
15.80816276,0.173493206501007,0
15.818189527,0.174490302801132,-0.00244984962046146
15.82812641,0.17648446559906,-0.00244984962046146
15.838186213,0.175487384200096,0
15.848184462,0.177481561899185,0
15.858161858,0.177481561899185,0
15.868074708,0.177481561899185,0
15.878100972,0.17847865819931,0.00244984962046146
15.888131808,0.179475724697113,0.00489968108013272
15.898192962,0.179475724697113,0.00489968108013272
15.908099017,0.181469917297363,0.00489968108013272
15.918128221,0.181469917297363,0.00489968108013272
15.928082415,0.180472820997238,0.00734953070059419
15.938112957,0.180472820997238,0.00734953070059419
15.948121441,0.179475724697113,0.00979938078671694
15.958124628,0.179475724697113,0.00979938078671694
15.968050386,0.178478643298149,0.0122492304071784
15.978107529,0.178478643298149,0.00734953070059419
15.98810535,0.177481561899185,0.00979938078671694
15.998125098,0.178478643298149,0.00734953070059419
16.008045778,0.17648446559906,0.00734954932704568
16.018078711,0.17648446559906,0.00734954932704568
16.028058624,0.17648446559906,0.00734954932704568
16.038052252,0.17648446559906,0.00734954932704568
16.048090026,0.17648446559906,0.00734954932704568
16.058099388,0.17648446559906,0.00734954932704568
16.068073835,0.17648446559906,0.00734954932704568
16.078098403,0.17648446559906,0.00734954932704568
16.088081687,0.17648446559906,0.00734954932704568
16.098105759,0.175487384200096,0.00489969924092293
16.108092127,0.175487384200096,0.00489969924092293
16.118053618,0.175487384200096,0.00489969924092293
16.128099023,0.175487384200096,0.00489969924092293
16.138074168,0.174490302801132,0.00734954932704568
16.148069469,0.175487384200096,0.00489969924092293
16.158086236,0.175487384200096,0.00489969924092293
16.168051915,0.175487384200096,0.00489969924092293
16.178091174,0.175487384200096,0.00489969924092293
16.188052059,0.175487384200096,0.00489969924092293
16.198029066,0.17648446559906,0.00734954932704568
16.208024214,0.175487384200096,0.00979939848184586
16.218052748,0.175487384200096,0.00979939848184586
16.228067775,0.175487384200096,0.00979939848184586
16.238026213,0.17648446559906,0.00734954932704568
16.24801176,0.174490302801132,0.00734954932704568
16.258017322,0.174490302801132,0.00734954932704568
16.268000891,0.174490302801132,0.00734954932704568
16.278019217,0.174490302801132,0.00734954932704568
16.288008633,0.173493206501007,0.00489969924092293
16.297995642,0.173493206501007,0.00489969924092293
16.308008436,0.173493206501007,0.00489969924092293
16.318008745,0.173493206501007,0.00489969924092293
16.328008853,0.173493206501007,0.00489969924092293
16.338048069,0.172496110200882,0.00244984962046146
16.348008873,0.174490302801132,0.00244984962046146
16.358013203,0.173493206501007,0.00489969924092293
16.368004587,0.172496110200882,0.00244984962046146
16.3780142,0.171499043703079,0.00489968108013272
16.388005515,0.171499043703079,0.00489968108013272
16.398010045,0.171499043703079,0.00489968108013272
16.407993648,0.171499043703079,0.00489968108013272
16.417992428,0.169504851102829,0.00489968108013272
16.428003345,0.169504851102829,0.00489968108013272
16.437996624,0.168507769703865,0.00734953070059419
16.447995438,0.167510688304901,0.00979938078671694
16.458011859,0.167510688304901,0.00489969924092293
16.46796137,0.167510688304901,0.00979938078671694
16.477996647,0.166513592004776,0.00734954932704568
16.487980106,0.166513592004776,0.00734954932704568
16.497994902,0.165516510605812,0.00979939848184586
16.507989794,0.164519429206848,0.00734954932704568
16.517990228,0.164519429206848,0.00734954932704568
16.528004496,0.163522332906723,0.00489969924092293
16.537977551,0.164519429206848,0.00734954932704568
16.547954022,0.163522332906723,0.00489969924092293
16.557979592,0.161528170108795,0.00979938078671694
16.567990134,0.161528170108795,0.00489968108013272
16.577947154,0.161528170108795,0.00489968108013272
16.587962358,0.161528170108795,0.00489968108013272
16.597978574,0.16053107380867,0.00734953070059419
16.607973537,0.16053107380867,0.00734953070059419
16.617976265,0.16053107380867,0.00734953070059419
16.628022848,0.16053107380867,0.00734953070059419
16.638025838,0.16053107380867,0.00734953070059419
16.647997452,0.161528170108795,0.00489968108013272
16.658000256,0.161528170108795,0.00489968108013272
16.667997758,0.161528170108795,0.00979938078671694
16.677992947,0.161528170108795,0.00979938078671694
16.68799767,0.162525251507759,0.00734953070059419
16.698014231,0.163522332906723,0.00489969924092293
16.70801977,0.162525251507759,0.00734953070059419
16.717987719,0.162525251507759,0.00734953070059419
16.728035435,0.163522332906723,0.00979938078671694
16.737985697,0.162525251507759,0.00734953070059419
16.748021362,0.162525251507759,0.0122492304071784
16.757979302,0.163522332906723,0.00979938078671694
16.768019424,0.162525251507759,0.00734953070059419
16.777997887,0.162525251507759,0.0122492304071784
16.787999938,0.161528170108795,0.0146990800276399
16.798029059,0.16053107380867,0.0171489305794239
16.808012828,0.161528170108795,0.0146990800276399
16.817983378,0.161528170108795,0.0146990800276399
16.828012081,0.16053107380867,0.0122492304071784
16.837989213,0.16053107380867,0.0122492304071784
16.848012386,0.158536896109581,0.0122492304071784
16.858001883,0.159533977508545,0.0146990800276399
16.868005306,0.158536896109581,0.0171489305794239
16.878011153,0.158536896109581,0.0122492304071784
16.888007327,0.157539814710617,0.0146990800276399
16.898019171,0.157539814710617,0.00979938078671694
16.907993524,0.157539814710617,0.00979938078671694
16.918004037,0.157539814710617,0.00979938078671694
16.927986704,0.157539814710617,0.0146990800276399
16.938009955,0.157539814710617,0.0146990800276399
16.947992931,0.158536896109581,0.0122492304071784
16.958020866,0.156542718410492,0.0122492304071784
16.967981445,0.158536896109581,0.0122492304071784
16.97801158,0.158536896109581,0.0122492304071784
16.988001022,0.158536896109581,0.0122492304071784
16.997988042,0.158536896109581,0.0122492304071784
17.008011148,0.158536896109581,0.0122492304071784
17.017976403,0.159533977508545,0.0146990800276399
17.028008735,0.159533977508545,0.00979938078671694
17.037995329,0.16053107380867,0.0122492304071784
17.048014417,0.16053107380867,0.0122492304071784
17.058027401,0.16053107380867,0.0122492304071784
17.067989016,0.16053107380867,0.0122492304071784
17.078032258,0.16053107380867,0.0122492304071784
17.088001246,0.162525251507759,0.0122492304071784
17.098027659,0.162525251507759,0.0122492304071784
17.108013686,0.163522332906723,0.0146990800276399
17.11797747,0.162525251507759,0.0122492304071784
17.128024216,0.163522332906723,0.0146990800276399
17.137978029,0.162525251507759,0.0122492304071784
17.148010597,0.164519429206848,0.0122492304071784
17.157991544,0.165516510605812,0.00979939848184586
17.168030786,0.164519429206848,0.00734954932704568
17.177992829,0.165516510605812,0.00979939848184586
17.188026757,0.165516510605812,0.00979939848184586
17.198001727,0.167510688304901,0.00979938078671694
17.207983001,0.166513592004776,0.00734954932704568
17.218020201,0.168507769703865,0.00734953070059419
17.22799302,0.167510688304901,0.00489969924092293
17.237979801,0.168507769703865,0.00734953070059419
17.247967911,0.167510688304901,0.00979938078671694
17.257987583,0.167510688304901,0.00979938078671694
17.268024861,0.168507769703865,0.0122492304071784
17.277987858,0.169504851102829,0.00979938078671694
17.28798268,0.169504851102829,0.00979938078671694
17.297972165,0.167510688304901,0.00979938078671694
17.307968533,0.168507769703865,0.0122492304071784
17.317985822,0.167510688304901,0.0146990800276399
17.327968855,0.168507769703865,0.0171489305794239
17.337958323,0.168507769703865,0.0171489305794239
17.347972403,0.167510688304901,0.0146990800276399
17.357968576,0.168507769703865,0.0171489305794239
17.36799206,0.169504851102829,0.0146990800276399
17.377970664,0.168507769703865,0.0171489305794239
17.388001522,0.168507769703865,0.0171489305794239
17.398008575,0.168507769703865,0.0171489305794239
17.407967755,0.167510688304901,0.0195987615734339
17.41796091,0.168507769703865,0.0171489305794239
17.42797911,0.166513592004776,0.0171489119529724
17.437971333,0.166513592004776,0.0171489119529724
17.448001703,0.168507769703865,0.0171489305794239
17.457970858,0.167510688304901,0.0146990800276399
17.468023999,0.166513592004776,0.0171489119529724
17.478006539,0.166513592004776,0.0171489119529724
17.48797884,0.165516510605812,0.0146990614011884
17.497988154,0.166513592004776,0.0171489119529724
17.5080196,0.167510688304901,0.0146990800276399
17.517979262,0.165516510605812,0.0146990614011884
17.528003374,0.167510688304901,0.0146990800276399
17.538005623,0.166513592004776,0.0122492304071784
17.548024633,0.165516510605812,0.0146990614011884
17.558031795,0.165516510605812,0.0146990614011884
17.567976218,0.165516510605812,0.0146990614011884
17.578019169,0.164519429206848,0.0122492304071784
17.588001907,0.163522332906723,0.0146990800276399
17.597995806,0.162525251507759,0.0122492304071784
17.607993426,0.16053107380867,0.0122492304071784
17.617974448,0.161528170108795,0.0146990800276399
17.627993508,0.159533977508545,0.0146990800276399
17.637988449,0.159533977508545,0.0146990800276399
17.647994057,0.156542718410492,0.0122492304071784
17.658003884,0.155545622110367,0.0146990800276399
17.667986975,0.152554377913475,0.0122492304071784
17.677994088,0.152554377913475,0.0122492304071784
17.68797907,0.151557296514511,0.00979938078671694
17.697999312,0.150560200214386,0.0122492304071784
17.70798571,0.149563103914261,0.00979938078671694
17.717996756,0.147568941116333,0.00979938078671694
17.727998402,0.146571844816208,0.00734953070059419
17.737986128,0.145574748516083,0.00979938078671694
17.747995688,0.145574748516083,0.00979938078671694
17.757990934,0.14457768201828,0.00734954932704568
17.768000179,0.145574748516083,0.00979938078671694
17.777994035,0.143580585718155,0.00979939848184586
17.787987491,0.145574748516083,0.00979938078671694
17.797985988,0.14457768201828,0.00734954932704568
17.807985443,0.145574748516083,0.00979938078671694
17.817988031,0.14457768201828,0.00734954932704568
17.827985717,0.145574748516083,0.00979938078671694
17.837988139,0.14457768201828,0.00734954932704568
17.847984308,0.146571844816208,0.00734953070059419
17.857988818,0.147568941116333,0.00979938078671694
17.867987717,0.147568941116333,0.00489968108013272
17.877988154,0.148566022515297,0.00734953070059419
17.887991741,0.146571844816208,0.00734953070059419
17.897991005,0.148566022515297,0.00734953070059419
17.907987955,0.148566022515297,0.00734953070059419
17.917986979,0.149563103914261,0.00489968108013272
17.927988557,0.149563103914261,0.00489968108013272
17.937996219,0.15155728161335,0.00489969924092293
17.947986274,0.149563103914261,0.00489968108013272
17.957990512,0.150560200214386,0.00244984962046146
17.967833208,0.15155728161335,0.00489969924092293
17.977989471,0.150560200214386,0.00244984962046146
17.988000694,0.152554363012314,0.00244984962046146
17.997986001,0.152554363012314,0.00244984962046146
18.00799023,0.15155728161335,0
18.017992733,0.152554363012314,0.00244984962046146
18.027994856,0.15155728161335,0
18.037987388,0.15155728161335,0
18.047986085,0.152554363012314,0.00244984962046146
18.057987878,0.152554363012314,0.00244984962046146
18.067833018,0.15155728161335,0
18.077826306,0.153551459312439,0
18.088001161,0.153551459312439,0
18.097981695,0.152554363012314,0.00244984962046146
18.107989557,0.153551459312439,0
18.117980584,0.153551459312439,0
18.127991058,0.155545637011528,0
18.137986939,0.155545637011528,0
18.147976392,0.156542718410492,-0.00244984962046146
18.157985563,0.156542718410492,-0.00244984962046146
18.167874142,0.157539814710617,0
18.177992771,0.158536911010742,0.00244984962046146
18.187993441,0.158536911010742,0.00244984962046146
18.197990288,0.157539814710617,0
18.207984706,0.158536911010742,0.00244984962046146
18.217982584,0.159533977508545,0.00489968108013272
18.227986548,0.158536896109581,0.00734953070059419
18.237975393,0.158536896109581,0.00734953070059419
18.247992768,0.158536896109581,0.00734953070059419
18.257987399,0.158536896109581,0.00734953070059419
18.267991795,0.158536896109581,0.00734953070059419
18.27799111,0.157539814710617,0.00489969924092293
18.287977606,0.157539814710617,0.00489969924092293
18.297985457,0.158536896109581,0.00734953070059419
18.307985567,0.159533977508545,0.00979938078671694
18.31799395,0.158536896109581,0.00734953070059419
18.327984499,0.159533977508545,0.00489968108013272
18.338003653,0.158536896109581,0.00734953070059419
18.347986173,0.158536896109581,0.00734953070059419
18.357983748,0.158536896109581,0.00734953070059419
18.36798839,0.158536896109581,0.00734953070059419
18.377993479,0.157539814710617,0.00979938078671694
18.387991783,0.157539814710617,0.00979938078671694
18.397986208,0.158536896109581,0.0122492304071784
18.407987895,0.157539814710617,0.00979938078671694
18.417983318,0.157539814710617,0.00979938078671694
18.427987485,0.157539814710617,0.00979938078671694
18.437986956,0.157539814710617,0.00979938078671694
18.447982077,0.157539814710617,0.00979938078671694
18.45799079,0.158536896109581,0.0122492304071784
18.46799388,0.158536896109581,0.0122492304071784
18.477990341,0.159533977508545,0.00979938078671694
18.487984463,0.16053107380867,0.0122492304071784
18.497991023,0.16053107380867,0.00734953070059419
18.50799359,0.16053107380867,0.00734953070059419
18.517986588,0.16053107380867,0.00734953070059419
18.52798233,0.161528170108795,0.00979938078671694
18.537980899,0.162525251507759,0.00734953070059419
18.547995595,0.163522332906723,0.00489969924092293
18.557981624,0.162525236606598,0.00244984962046146
18.56798644,0.163522332906723,0.00489969924092293
18.578002779,0.163522332906723,0.00489969924092293
18.588000387,0.162525236606598,0.00244984962046146
18.597985508,0.162525236606598,0.00244984962046146
18.607986563,0.163522332906723,0
18.617991515,0.163522332906723,0
18.627982985,0.163522332906723,-0.00489969924092293
18.637981289,0.163522332906723,-0.00489969924092293
18.647992762,0.162525236606598,-0.00244984962046146
18.657983146,0.163522332906723,0
18.667995359,0.163522332906723,-0.00489969924092293
18.677980437,0.163522332906723,-0.00489969924092293
18.68799314,0.163522332906723,-0.00489969924092293
18.697987007,0.163522332906723,-0.00489969924092293
18.70798553,0.163522332906723,-0.00489969924092293
18.7179826,0.163522332906723,-0.00489969924092293
18.727993014,0.163522332906723,-0.00489969924092293
18.737994057,0.163522332906723,-0.00489969924092293
18.748000224,0.164519429206848,-0.00734954932704568
18.757989867,0.164519429206848,-0.00734954932704568
18.767986523,0.163522332906723,-0.00489969924092293
18.777990001,0.164519429206848,-0.00734954932704568
18.787990223,0.164519429206848,-0.00734954932704568
18.798004561,0.165516510605812,-0.00979939848184586
18.807984675,0.164519429206848,-0.00734954932704568
18.817982603,0.165516510605812,-0.00979939848184586
18.827988765,0.164519429206848,-0.0122492304071784
18.837994785,0.164519429206848,-0.0122492304071784
18.847981856,0.163522332906723,-0.00979938078671694
18.857985528,0.163522332906723,-0.0146990800276399
18.86799403,0.163522332906723,-0.0146990800276399
18.877986235,0.163522332906723,-0.0146990800276399
18.887990275,0.163522332906723,-0.0146990800276399
18.897994713,0.162525251507759,-0.0171489305794239
18.907989621,0.163522332906723,-0.0195987615734339
18.917974089,0.163522332906723,-0.0195987615734339
18.927997403,0.162525251507759,-0.0171489305794239
18.937980684,0.162525251507759,-0.0171489305794239
18.947978781,0.163522332906723,-0.0195987615734339
18.957993579,0.162525251507759,-0.0171489305794239
18.967993387,0.162525236606598,-0.0220486111938953
18.977984412,0.161528170108795,-0.0195987801998854
18.987997383,0.162525236606598,-0.0220486111938953
18.997983936,0.162525251507759,-0.0171489305794239
19.007980875,0.161528170108795,-0.0146990800276399
19.017995476,0.159533977508545,-0.0146990800276399
19.027992943,0.161528170108795,-0.0146990800276399
19.037992702,0.162525251507759,-0.0171489305794239
19.047987524,0.161528170108795,-0.0146990800276399
19.05799126,0.161528170108795,-0.0146990800276399
19.067985263,0.162525251507759,-0.0122492304071784
19.077993937,0.163522332906723,-0.0146990800276399
19.087976075,0.163522332906723,-0.0146990800276399
19.097994445,0.163522332906723,-0.0146990800276399
19.107989596,0.164519429206848,-0.0171489119529724
19.117985023,0.166513592004776,-0.0171489119529724
19.12799332,0.165516510605812,-0.0146990614011884
19.137982311,0.165516510605812,-0.0146990614011884
19.147978289,0.166513592004776,-0.0171489119529724
19.157988007,0.167510688304901,-0.0195987615734339
19.167984251,0.166513592004776,-0.0171489119529724
19.177974251,0.166513592004776,-0.0171489119529724
19.187990629,0.166513592004776,-0.0171489119529724
19.197979977,0.166513592004776,-0.0171489119529724
19.207988861,0.166513592004776,-0.0171489119529724
19.217998176,0.165516510605812,-0.0146990614011884
19.227993238,0.166513592004776,-0.0171489119529724
19.237987067,0.166513592004776,-0.0171489119529724
19.247979764,0.165516510605812,-0.0195987615734339
19.257988443,0.164519429206848,-0.0171489119529724
19.267981888,0.164519429206848,-0.0171489119529724
19.278013621,0.163522332906723,-0.0146990800276399
19.287991242,0.162525251507759,-0.0171489305794239
19.297974774,0.162525251507759,-0.0171489305794239
19.307976575,0.161528170108795,-0.0146990800276399
19.31798531,0.16053107380867,-0.0171489305794239
19.32798306,0.159533977508545,-0.0146990800276399
19.337980872,0.158536896109581,-0.0122492304071784
19.347982632,0.158536896109581,-0.00734953070059419
19.357991968,0.157539814710617,-0.00979938078671694
19.367999093,0.157539814710617,-0.00979938078671694
19.377984818,0.157539814710617,-0.00979938078671694
19.387992575,0.157539814710617,-0.00489969924092293
19.397986458,0.156542718410492,-0.00734954932704568
19.407979633,0.156542718410492,-0.00734954932704568
19.417988695,0.157539814710617,-0.00489969924092293
19.427977864,0.157539814710617,-0.00489969924092293
19.437990208,0.157539814710617,-0.00489969924092293
19.447981406,0.156542718410492,-0.00734954932704568
19.457994149,0.157539814710617,-0.00489969924092293
19.467986842,0.157539814710617,-0.00489969924092293
19.477994845,0.156542718410492,-0.00244984962046146
19.487991452,0.157539814710617,-0.00489969924092293
19.497988772,0.156542718410492,-0.00244984962046146
19.507988212,0.157539814710617,-0.00489969924092293
19.517990645,0.157539814710617,-0.00489969924092293
19.527996428,0.157539814710617,-0.00489969924092293
19.537986684,0.157539814710617,-0.00489969924092293
19.547985096,0.158536911010742,-0.00244984962046146
19.557987111,0.158536911010742,-0.00244984962046146
19.567742155,0.158536911010742,-0.00244984962046146
19.577979019,0.159533977508545,-0.00489968108013272
19.587990802,0.158536911010742,-0.00244984962046146
19.597990467,0.161528155207634,0
19.607984099,0.161528155207634,0
19.617977753,0.161528155207634,0
19.627982987,0.162525236606598,0.00244984962046146
19.637994054,0.162525236606598,0.00244984962046146
19.647729576,0.162525236606598,0.00244984962046146
19.657995866,0.163522332906723,0.00489969924092293
19.66798227,0.163522332906723,0.00489969924092293
19.677715267,0.163522332906723,0.00489969924092293
19.687988759,0.164519429206848,0.00734954932704568
19.698008848,0.163522332906723,0.00489969924092293
19.708013603,0.163522332906723,0.00489969924092293
19.717997721,0.164519429206848,0.00734954932704568
19.727754951,0.163522332906723,0.00489969924092293
19.737994564,0.163522332906723,0.00489969924092293
19.748003206,0.164519429206848,0.00244984962046146
19.75799054,0.163522332906723,0
19.7679882,0.163522332906723,0
19.777723169,0.163522332906723,0
19.787999634,0.163522332906723,-0.00489969924092293
19.79800321,0.162525251507759,-0.00734953070059419
19.807745853,0.161528170108795,-0.00489968108013272
19.817978531,0.161528170108795,-0.00979938078671694
19.828017852,0.161528170108795,-0.00979938078671694
19.837994548,0.161528170108795,-0.00979938078671694
19.847997447,0.16053107380867,-0.0122492304071784
19.857993529,0.16053107380867,-0.0122492304071784
19.868004097,0.161528170108795,-0.0146990800276399
19.877910052,0.162525251507759,-0.0171489305794239
19.887739965,0.161528170108795,-0.0146990800276399
19.898007764,0.163522332906723,-0.0146990800276399
19.90801245,0.164519429206848,-0.0171489119529724
19.91801248,0.163522332906723,-0.0146990800276399
19.928022765,0.164519429206848,-0.0171489119529724
19.937976676,0.165516510605812,-0.0195987615734339
19.948013361,0.166513592004776,-0.0171489119529724
19.957995168,0.166513592004776,-0.0171489119529724
19.967730413,0.165516510605812,-0.0146990614011884
19.978009238,0.165516510605812,-0.0146990614011884
19.987993464,0.166513592004776,-0.0171489119529724
19.998021867,0.165516510605812,-0.0146990614011884
20.008005428,0.163522332906723,-0.0146990800276399
20.018005863,0.163522332906723,-0.0195987615734339
20.027552219,0.163522332906723,-0.0195987615734339
20.038057208,0.162525251507759,-0.0171489305794239
20.047726841,0.162525251507759,-0.0171489305794239
20.058014546,0.161528170108795,-0.0146990800276399
20.067980752,0.161528170108795,-0.0195987801998854
20.07802704,0.16053107380867,-0.0171489305794239
20.088014524,0.159533977508545,-0.0195987801998854
20.098022949,0.158536896109581,-0.0220486298203468
20.107986485,0.159533977508545,-0.0195987801998854
20.117995215,0.16053107380867,-0.0171489305794239
20.127525421,0.158536896109581,-0.0171489305794239
20.137995685,0.158536896109581,-0.0171489305794239
20.147982415,0.156542718410492,-0.0171489305794239
20.157994247,0.156542718410492,-0.0220486111938953
20.167995688,0.155545637011528,-0.0195987615734339
20.178007659,0.154548555612564,-0.0220486111938953
20.187995946,0.153551459312439,-0.0146990800276399
20.197995255,0.153551459312439,-0.0146990800276399
20.207719324,0.152554377913475,-0.0171489305794239
20.217984591,0.150560200214386,-0.0171489305794239
20.228020103,0.149563103914261,-0.0146990800276399
20.238023609,0.148566022515297,-0.0122492304071784
20.248013026,0.148566022515297,-0.0122492304071784
20.258006043,0.147568941116333,-0.00979938078671694
20.268014231,0.146571844816208,-0.00734953070059419
20.278007982,0.146571844816208,-0.00244984962046146
20.287718943,0.145574763417244,-0.00489969924092293
20.298025571,0.14457768201828,-0.00244984962046146
20.307998816,0.143580585718155,0
20.317982028,0.141586408019066,0.00489969924092293
20.327984368,0.14258348941803,0.00734954932704568
20.338010645,0.141586408019066,0.00489969924092293
20.348000277,0.140589326620102,0.00734953070059419
20.358001462,0.139592230319977,0.00979938078671694
20.367717064,0.139592230319977,0.00979938078671694
20.378018393,0.138595148921013,0.00734953070059419
20.388003656,0.137598067522049,0.00979938078671694
20.398003689,0.138595148921013,0.0122492304071784
20.408019949,0.138595148921013,0.0122492304071784
20.41800522,0.138595148921013,0.0122492304071784
20.427998262,0.137598067522049,0.00979938078671694
20.438001039,0.137598067522049,0.00979938078671694
20.447716535,0.137598067522049,0.00979938078671694
20.458001931,0.138595148921013,0.00734953070059419
20.468014135,0.138595148921013,0.00734953070059419
20.477996883,0.138595148921013,0.00734953070059419
20.488003918,0.140589326620102,0.00244984962046146
20.498016127,0.138595148921013,0.00244983145967126
20.508003441,0.139592230319977,0
20.518001365,0.140589326620102,-0.00244984962046146
20.527712784,0.140589326620102,-0.00244984962046146
20.538009014,0.141586408019066,-0.00489969924092293
20.548015321,0.141586408019066,-0.00489969924092293
20.558001524,0.14258348941803,-0.00734954932704568
20.568016769,0.14457768201828,-0.00734954932704568
20.578010199,0.145574748516083,-0.00979938078671694
20.588002091,0.14457768201828,-0.00734954932704568
20.598005208,0.147568941116333,-0.00979938078671694
20.607710328,0.147568941116333,-0.00979938078671694
20.617549786,0.148566022515297,-0.0122492304071784
20.62802037,0.150560200214386,-0.0122492304071784
20.638013911,0.151557296514511,-0.00979938078671694
20.64800861,0.152554377913475,-0.0122492304071784
20.658004502,0.153551459312439,-0.00979939848184586
20.668005172,0.152554377913475,-0.0122492304071784
20.678002623,0.153551459312439,-0.00979939848184586
20.687707526,0.156542718410492,-0.0122492304071784
20.69800802,0.155545622110367,-0.0146990800276399
20.708013747,0.156542718410492,-0.0122492304071784
20.718004455,0.157539814710617,-0.00979938078671694
20.728016012,0.157539814710617,-0.00979938078671694
20.738003584,0.158536896109581,-0.0122492304071784
20.748013289,0.16053107380867,-0.0122492304071784
20.758020934,0.16053107380867,-0.0122492304071784
20.767705633,0.162525251507759,-0.0122492304071784
20.77801484,0.163522332906723,-0.00979938078671694
20.788002127,0.163522332906723,-0.00979938078671694
20.798005997,0.166513592004776,-0.00734954932704568
20.808003288,0.166513592004776,-0.00734954932704568
20.818006467,0.168507769703865,-0.00734953070059419
20.828013299,0.169504851102829,-0.00979938078671694
20.838007542,0.169504851102829,-0.00979938078671694
20.847703974,0.170501947402954,-0.00734953070059419
20.858018989,0.170501947402954,-0.00734953070059419
20.868005461,0.171499043703079,-0.00489968108013272
20.878002144,0.173493206501007,-0.00979938078671694
20.888007368,0.172496125102043,-0.00734953070059419
20.898000153,0.172496125102043,-0.00734953070059419
20.908007635,0.175487384200096,-0.00979939848184586
20.918001911,0.174490302801132,-0.0122492304071784
20.927702352,0.17648446559906,-0.0122492304071784
20.937997944,0.177481561899185,-0.00979938078671694
20.948008032,0.17648446559906,-0.00734954932704568
20.958008752,0.179475724697113,-0.00979938078671694
20.967999405,0.180472820997238,-0.0122492304071784
20.97799642,0.180472820997238,-0.00734953070059419
20.988022854,0.182466998696327,-0.00734953070059419
20.998014819,0.183464080095291,-0.00979938078671694
21.007701561,0.183464080095291,-0.00979938078671694
21.018016064,0.184461176395416,-0.00734954932704568
21.028017651,0.184461176395416,-0.00244984962046146
21.038001026,0.184461176395416,-0.00244984962046146
21.048002398,0.187452435493469,-0.00489969924092293
21.058006742,0.186455339193344,-0.00244984962046146
21.068022004,0.187452435493469,0
21.078013293,0.187452435493469,-0.00489969924092293
21.087692844,0.188449531793594,-0.00244984962046146
21.098005958,0.189446613192558,0
21.107994052,0.188449531793594,0.00244984962046146
21.118020719,0.189446598291397,0.00489968108013272
21.128020846,0.190443694591522,0.00244983145967126
21.138007223,0.191440790891647,0.00489968108013272
21.148006338,0.191440790891647,0.00489968108013272
21.157995386,0.192437872290611,0.00734953070059419
21.167693152,0.191440790891647,0.00489968108013272
21.178013236,0.191440790891647,0.00979938078671694
21.188011827,0.191440790891647,0.00979938078671694
21.198006463,0.191440790891647,0.00979938078671694
21.208020934,0.192437872290611,0.0122492304071784
21.218017432,0.193434953689575,0.00979938078671694
21.228018529,0.192437872290611,0.0122492304071784
21.238010689,0.193434953689575,0.0146990800276399
21.247690608,0.193434953689575,0.0146990800276399
21.25799757,0.192437872290611,0.0171489305794239
21.268006225,0.193434953689575,0.0195987615734339
21.277992375,0.193434953689575,0.0195987615734339
21.288007694,0.193434953689575,0.0195987615734339
21.298009807,0.19243785738945,0.0220486111938953
21.308011229,0.193434953689575,0.0244984608143568
21.317990576,0.193434953689575,0.0244984608143568
21.327687021,0.193434953689575,0.0244984608143568
21.338018274,0.19243785738945,0.0220486111938953
21.348003194,0.191440775990486,0.0244984608143568
21.358015363,0.19243785738945,0.0220486111938953
21.368007773,0.191440775990486,0.0244984608143568
21.378006589,0.191440775990486,0.0244984608143568
21.38801361,0.19243785738945,0.0220486111938953
21.398006763,0.19243785738945,0.0220486111938953
21.407685379,0.191440790891647,0.0195987801998854
21.417996274,0.190443694591522,0.0220486298203468
21.428002584,0.191440790891647,0.0195987801998854
21.438014135,0.191440790891647,0.0195987801998854
21.448014732,0.191440790891647,0.0195987801998854
21.457992217,0.191440790891647,0.0195987801998854
21.468010309,0.192437872290611,0.0171489305794239
21.477998638,0.192437872290611,0.0171489305794239
21.487680289,0.19243785738945,0.0220486111938953
21.498003969,0.193434953689575,0.0195987615734339
21.508014118,0.193434953689575,0.0195987615734339
21.517998562,0.1944320499897,0.0171489119529724
21.528001863,0.193434953689575,0.0195987615734339
21.538008647,0.193434953689575,0.0195987615734339
21.547997361,0.1944320499897,0.0171489119529724
21.558009909,0.195429131388664,0.0195987615734339
21.567678375,0.1944320499897,0.0220486111938953
21.578013236,0.195429131388664,0.0195987615734339
21.588026086,0.195429131388664,0.0146990614011884
21.597994917,0.195429131388664,0.0195987615734339
21.608007198,0.195429131388664,0.0195987615734339
21.618000927,0.195429131388664,0.0195987615734339
21.628000248,0.197423309087753,0.0195987615734339
21.638011205,0.198420390486717,0.0171489305794239
21.647675495,0.200414568185806,0.0171489305794239
21.658010152,0.199417471885681,0.0146990800276399
21.668012801,0.201411664485931,0.0146990800276399
21.678018699,0.201411664485931,0.0146990800276399
21.688006047,0.201411664485931,0.0195987801998854
21.698012468,0.203405827283859,0.0146990800276399
21.708013152,0.205400004982948,0.00979939848184586
21.718014457,0.206397086381912,0.0122492490336299
21.727674021,0.205400019884109,0.0146990800276399
21.738010888,0.207394182682037,0.0146990800276399
21.748022177,0.205400004982948,0.0195987615734339
21.758009411,0.207394182682037,0.0195987615734339
21.768020876,0.207394182682037,0.0195987615734339
21.778008638,0.208391278982162,0.0220486111938953
21.787999683,0.209388345479965,0.0146990800276399
21.798007165,0.208391264081001,0.0171489305794239
21.807671878,0.208391278982162,0.0220486111938953
21.818002065,0.208391278982162,0.0220486111938953
21.828005182,0.209388345479965,0.0195987801998854
21.838006505,0.208391278982162,0.0220486111938953
21.847996037,0.209388345479965,0.0195987801998854
21.858016646,0.209388345479965,0.0195987801998854
21.868015325,0.21038544178009,0.0171489305794239
21.878013087,0.21038544178009,0.0171489305794239
21.887666221,0.21038544178009,0.0220486298203468
21.898013264,0.21038544178009,0.0220486298203468
21.90801569,0.21038544178009,0.0220486298203468
21.918011127,0.211382538080215,0.0195987801998854
21.928005176,0.212379619479179,0.0220486298203468
21.938012286,0.212379619479179,0.0220486298203468
21.948006354,0.212379619479179,0.0220486298203468
21.957993438,0.213376700878143,0.0195987801998854
21.967661825,0.212379619479179,0.0220486298203468
21.978002623,0.212379619479179,0.0220486298203468
21.988004801,0.213376700878143,0.0195987801998854
21.99800748,0.213376700878143,0.0195987801998854
22.007996322,0.213376700878143,0.0195987801998854
22.018008799,0.212379619479179,0.0220486298203468
22.027458969,0.21038544178009,0.0171489305794239
22.038011,0.21038544178009,0.0171489305794239
22.047662847,0.21038544178009,0.0171489305794239
22.058006205,0.21038544178009,0.0171489305794239
22.068004153,0.21038544178009,0.0171489305794239
22.077996382,0.209388345479965,0.0146990800276399
22.087998117,0.209388345479965,0.0146990800276399
22.098012529,0.209388345479965,0.0146990800276399
22.108012391,0.208391264081001,0.0122492304071784
22.118001264,0.209388345479965,0.00979938078671694
22.127621053,0.21038544178009,0.0122492304071784
22.138014501,0.211382538080215,0.00979938078671694
22.148004282,0.212379619479179,0.00734953070059419
22.158003203,0.211382538080215,0.00979938078671694
22.16800044,0.211382538080215,0.00489968108013272
22.178005987,0.212379619479179,0.00734953070059419
22.188015801,0.212379619479179,0.00734953070059419
22.19799994,0.213376700878143,0.00489968108013272
22.207654158,0.214373797178268,0.00734953070059419
22.218005686,0.214373797178268,0.00734953070059419
22.228004784,0.214373797178268,0.00734953070059419
22.238008743,0.213376700878143,0.00489968108013272
22.248005032,0.212379619479179,0.00734953070059419
22.258023494,0.212379619479179,0.00244983145967126
22.268025877,0.212379619479179,0.00734953070059419
22.278017925,0.211382538080215,0.00489968108013272
22.287652755,0.211382538080215,0.00489968108013272
22.298003015,0.209388360381126,0.00489969924092293
22.308006348,0.209388360381126,0
22.318016607,0.207394182682037,0
22.32800924,0.207394182682037,-0.00489969924092293
22.337999525,0.206397086381912,-0.00244984962046146
22.348006184,0.205400004982948,-0.00489969924092293
22.35801654,0.204402923583984,-0.00244984962046146
22.367659773,0.202408745884895,-0.00734953070059419
22.377994047,0.203405827283859,-0.00979938078671694
22.388003521,0.200414568185806,-0.00734953070059419
22.398017623,0.199417471885681,-0.00979938078671694
22.408000594,0.198420390486717,-0.00734953070059419
22.418001425,0.197423309087753,-0.00979938078671694
22.428001438,0.195429131388664,-0.00979939848184586
22.438000907,0.1944320499897,-0.0122492304071784
22.447648991,0.193434953689575,-0.0146990800276399
22.458022157,0.192437872290611,-0.0171489305794239
22.467992577,0.191440790891647,-0.0146990800276399
22.47801202,0.189446598291397,-0.0146990800276399
22.488005379,0.188449516892433,-0.0171489305794239
22.498001977,0.187452435493469,-0.0146990800276399
22.508000836,0.186455339193344,-0.0171489119529724
22.518010918,0.18545825779438,-0.0195987615734339
22.527647784,0.18545825779438,-0.0195987615734339
22.538020487,0.183464080095291,-0.0195987615734339
22.547998614,0.182466998696327,-0.0171489305794239
22.558030844,0.180472820997238,-0.0171489305794239
22.568012547,0.181469917297363,-0.0195987801998854
22.577997108,0.180472820997238,-0.0220486298203468
22.588018086,0.180472820997238,-0.0220486298203468
22.598000496,0.180472820997238,-0.0269482918083668
22.607642674,0.179475739598274,-0.0244984608143568
22.61801891,0.179475739598274,-0.0244984608143568
22.628026394,0.177481561899185,-0.0244984608143568
22.638017789,0.179475739598274,-0.0244984608143568
22.647997601,0.179475724697113,-0.0293981414288282
22.658006442,0.180472820997238,-0.0269482918083668
22.668001356,0.179475724697113,-0.0293981414288282
22.677988336,0.180472820997238,-0.0269482918083668
22.687616409,0.180472820997238,-0.0269482918083668
22.698013113,0.180472820997238,-0.0269482918083668
22.707990049,0.180472820997238,-0.0269482918083668
22.717992217,0.180472820997238,-0.0269482918083668
22.727981768,0.179475739598274,-0.0244984608143568
22.737980876,0.179475739598274,-0.0244984608143568
22.747987281,0.179475739598274,-0.0244984608143568
22.75798529,0.179475739598274,-0.0244984608143568
22.767612999,0.179475724697113,-0.0195987801998854
22.777994155,0.17847865819931,-0.0220486111938953
22.787979959,0.17847865819931,-0.0220486111938953
22.797369898,0.177481561899185,-0.0195987615734339
22.807980253,0.17648446559906,-0.0220486111938953
22.817985633,0.177481561899185,-0.0195987615734339
22.82798662,0.179475724697113,-0.0195987801998854
22.837990055,0.17847865819931,-0.0220486111938953
22.847608301,0.178478643298149,-0.0171489305794239
22.858017936,0.179475724697113,-0.0195987801998854
22.868003774,0.179475724697113,-0.0195987801998854
22.877983468,0.178478643298149,-0.0171489305794239
22.88798561,0.179475724697113,-0.0195987801998854
22.897989165,0.181469917297363,-0.0195987801998854
22.907271754,0.184461176395416,-0.0171489119529724
22.91797968,0.183464080095291,-0.0146990800276399
22.927608216,0.184461176395416,-0.0171489119529724
22.937987908,0.186455339193344,-0.0122492304071784
22.947981845,0.186455339193344,-0.0122492304071784
22.957992063,0.186455339193344,-0.0122492304071784
22.967990143,0.188449516892433,-0.0122492304071784
22.977982682,0.191440790891647,-0.00979938078671694
22.987989653,0.191440790891647,-0.00979938078671694
22.997979156,0.192437872290611,-0.00734953070059419
23.007605167,0.192437872290611,-0.00734953070059419
23.018013023,0.1944320499897,-0.00734954932704568
23.027989721,0.195429131388664,-0.00489969924092293
23.037976327,0.196426212787628,-0.00734954932704568
23.047988941,0.198420390486717,-0.00734953070059419
23.05799057,0.201411664485931,-0.00489968108013272
23.067977606,0.201411664485931,-0.00489968108013272
23.07797918,0.20141164958477,0
23.087600861,0.203405827283859,0
23.097986978,0.204402923583984,0.00244984962046146
23.107984555,0.206397086381912,0.00244984962046146
23.117974556,0.207394182682037,0.00489969924092293
23.12797635,0.209388360381126,0.00489969924092293
23.138020837,0.21038544178009,0.00734953070059419
23.147989763,0.211382538080215,0.00979938078671694
23.157997298,0.211382538080215,0.00979938078671694
23.16759903,0.212379619479179,0.0122492304071784
23.177987246,0.214373797178268,0.00734953070059419
23.187978975,0.216367974877357,0.0122492304071784
23.197992328,0.216367974877357,0.0122492304071784
23.207991268,0.216367974877357,0.0122492304071784
23.217974694,0.218362137675285,0.0122492304071784
23.228016368,0.217365056276321,0.0146990614011884
23.23797923,0.217365056276321,0.0146990614011884
23.247595669,0.219359219074249,0.0146990800276399
23.25798272,0.220356315374374,0.0171489305794239
23.267980188,0.2213534116745,0.0146990800276399
23.277992836,0.2213534116745,0.0195987801998854
23.287988556,0.2213534116745,0.0195987801998854
23.297977941,0.223347574472427,0.0195987801998854
23.307989905,0.224344670772552,0.0220486111938953
23.31801305,0.224344670772552,0.0220486111938953
23.32759282,0.227335929870605,0.0195987615734339
23.33798322,0.228333026170731,0.0220486111938953
23.347976521,0.228333026170731,0.0220486111938953
23.357992761,0.229330107569695,0.0244984608143568
23.367984573,0.231324285268784,0.0244984608143568
23.37730752,0.232321366667747,0.0220486298203468
23.387981916,0.234315544366837,0.0220486111938953
23.397971965,0.234315544366837,0.0220486111938953
23.407594203,0.234315544366837,0.0220486111938953
23.41799051,0.2353126257658,0.0195987615734339
23.427984267,0.234315544366837,0.0220486111938953
23.438010392,0.2353126257658,0.0195987615734339
23.447983258,0.2353126257658,0.0195987615734339
23.457978961,0.234315544366837,0.0171489305794239
23.46798183,0.233318448066711,0.0195987801998854
23.477197222,0.234315544366837,0.0171489305794239
23.487583525,0.233318448066711,0.0146990800276399
23.497988056,0.233318448066711,0.0146990800276399
23.507971201,0.233318448066711,0.0146990800276399
23.517983973,0.233318448066711,0.0146990800276399
23.527986347,0.233318448066711,0.0146990800276399
23.537790891,0.232321366667747,0.0122492304071784
23.54799665,0.232321366667747,0.0122492304071784
23.557977302,0.233318448066711,0.00979938078671694
23.56758455,0.233318448066711,0.00979938078671694
23.57720045,0.231324285268784,0.00979938078671694
23.587980723,0.231324285268784,0.00979938078671694
23.597284404,0.231324285268784,0.00979938078671694
23.60799204,0.231324285268784,0.00489968108013272
23.617975492,0.231324285268784,0.00489968108013272
23.627267878,0.231324285268784,0.00489968108013272
23.637971173,0.230327188968658,0.00734953070059419
23.647580842,0.230327188968658,0.00734953070059419
23.658013581,0.229330107569695,0.00489969924092293
23.667987144,0.230327188968658,0.00244984962046146
23.677163342,0.229330107569695,0.00489969924092293
23.687991856,0.229330107569695,0.00489969924092293
23.697986246,0.227335929870605,0.00489969924092293
23.707977044,0.22633883357048,0.00734954932704568
23.717977525,0.225341767072678,0.00979938078671694
23.727200527,0.225341752171516,0.00489969924092293
23.737980291,0.224344670772552,0.00734953070059419
23.747258,0.223347574472427,0.00489968108013272
23.757980744,0.222350493073463,0.00734953070059419
23.767981763,0.219359219074249,0.00979938078671694
23.777169639,0.220356315374374,0.00734953070059419
23.78798331,0.218362152576447,0.00734954932704568
23.798016741,0.21935923397541,0.00489969924092293
23.807574781,0.218362152576447,0.00734954932704568
23.817987825,0.217365056276321,0.00489969924092293
23.827985246,0.214373797178268,0.00734953070059419
23.837259163,0.215370878577232,0.00489969924092293
23.847979981,0.214373797178268,0.00734953070059419
23.85797902,0.214373797178268,0.00734953070059419
23.86798536,0.213376700878143,0.00489968108013272
23.877158165,0.212379619479179,0.00734953070059419
23.887572656,0.21038544178009,0.00734953070059419
23.897982208,0.21038544178009,0.00734953070059419
23.907254723,0.208391278982162,0.00734954932704568
23.917240619,0.207394182682037,0.00489969924092293
23.927251237,0.207394182682037,0.00489969924092293
23.937988756,0.206397086381912,0.00734954932704568
23.947240381,0.204402923583984,0.00734954932704568
23.957243694,0.203405827283859,0.00489969924092293
23.967570104,0.202408745884895,0.00734953070059419
23.977138227,0.200414568185806,0.00734953070059419
23.987974659,0.199417471885681,0.00489968108013272
23.997979138,0.197423309087753,0.00489969924092293
24.007225143,0.198420405387878,0.00244984962046146
24.017982688,0.197423309087753,0.00489969924092293
24.027980762,0.196426212787628,0.00734954932704568
24.037985029,0.195429131388664,0.00489969924092293
24.04724226,0.195429131388664,0.00489969924092293
24.057225206,0.1944320499897,0.00734954932704568
24.067984418,0.1944320499897,0.00734954932704568
24.077413106,0.195429131388664,0.00489969924092293
24.087980754,0.1944320499897,0.00734954932704568
24.097224422,0.1944320499897,0.00734954932704568
24.107984844,0.193434953689575,0.00979938078671694
24.117971433,0.193434953689575,0.00979938078671694
24.127226459,0.1944320499897,0.00734954932704568
24.137231877,0.193434953689575,0.00979938078671694
24.147963079,0.1944320499897,0.00734954932704568
24.157189194,0.193434953689575,0.00489969924092293
24.167220372,0.1944320499897,0.00244984962046146
24.177200877,0.1944320499897,0.00244984962046146
24.187235094,0.197423309087753,0.00489969924092293
24.197238535,0.197423309087753,0.00489969924092293
24.207227008,0.198420405387878,0.00244984962046146
24.217234332,0.198420405387878,0.00244984962046146
24.228015966,0.198420405387878,0.00244984962046146
24.23723879,0.199417486786842,0
24.248015846,0.20141164958477,0
24.257226976,0.202408730983734,0.00244984962046146
24.26721843,0.202408730983734,0.00244984962046146
24.277250534,0.204402923583984,0.00244984962046146
24.287191551,0.203405827283859,0
24.297212887,0.205400004982948,0
24.307174693,0.205400004982948,0
24.317204166,0.207394182682037,0
24.327234685,0.207394182682037,0
24.33722063,0.209388360381126,0
24.34720762,0.209388360381126,0
24.357217917,0.209388360381126,0
24.367208016,0.211382538080215,0
24.377181003,0.209388360381126,0
24.387212431,0.211382538080215,0
24.397181865,0.211382538080215,0
24.407209867,0.213376700878143,0
24.417212214,0.213376700878143,0
24.427190461,0.214373797178268,-0.00244984962046146
24.43721591,0.214373797178268,-0.00244984962046146
24.447214776,0.213376700878143,0
24.457212385,0.215370878577232,0
24.467184077,0.216367959976196,0.00244984962046146
24.477209328,0.218362152576447,0.00244984962046146
24.487205305,0.217365056276321,0
24.497217514,0.217365056276321,0.00489969924092293
24.507205077,0.217365056276321,0.00489969924092293
24.51718935,0.217365056276321,0.00489969924092293
24.527209378,0.218362152576447,0.00734954932704568
24.537172635,0.218362152576447,0.00734954932704568
24.547149136,0.21935923397541,0.00489969924092293
24.55720704,0.218362152576447,0.00734954932704568
24.567153752,0.217365056276321,0.00489969924092293
24.577133852,0.218362152576447,0.00734954932704568
24.587201158,0.220356315374374,0.00734953070059419
24.597121159,0.220356315374374,0.00244984962046146
24.607194721,0.220356315374374,0.00244984962046146
24.61713442,0.2213534116745,0.00489968108013272
24.627103015,0.223347574472427,0
24.637125211,0.224344670772552,0.00244984962046146
24.647113273,0.224344670772552,0.00244984962046146
24.65712436,0.228333026170731,-0.00244984962046146
24.667150197,0.229330107569695,-0.00489969924092293
24.677109068,0.229330107569695,-0.00489969924092293
24.687126762,0.230327188968658,-0.00244984962046146
24.697123803,0.231324285268784,-0.00489968108013272
24.707127831,0.233318448066711,-0.00489968108013272
24.717112668,0.234315544366837,-0.00734953070059419
24.72712458,0.233318448066711,-0.00489968108013272
24.737147042,0.233318448066711,-0.00489968108013272
24.747049072,0.2353126257658,-0.00489969924092293
24.757110227,0.232321366667747,-0.00244983145967126
24.76710396,0.233318448066711,0
24.777122161,0.234315544366837,-0.00244984962046146
24.787104338,0.233318448066711,-0.00489968108013272
24.797116371,0.233318448066711,-0.00489968108013272
24.807093551,0.232321366667747,-0.00244983145967126
24.817106091,0.230327188968658,-0.00244984962046146
24.827112738,0.231324285268784,0
24.837109044,0.231324285268784,-0.00489968108013272
24.847112261,0.231324285268784,-0.00489968108013272
24.857109509,0.231324285268784,-0.00489968108013272
24.867110394,0.230327188968658,-0.00734953070059419
24.877049348,0.228333026170731,-0.00734954932704568
24.887082881,0.228333026170731,-0.00734954932704568
24.897069736,0.228333026170731,-0.00244984962046146
24.907108449,0.228333026170731,-0.00734954932704568
24.917091524,0.229330107569695,-0.00489969924092293
24.927054773,0.228333026170731,-0.00734954932704568
24.937095385,0.227335929870605,-0.00489969924092293
24.947031434,0.225341752171516,-0.00489969924092293
24.957091034,0.225341752171516,-0.00489969924092293
24.96704518,0.225341752171516,0
24.977088831,0.225341752171516,0
24.987020805,0.224344670772552,0.00244984962046146
24.997040245,0.222350493073463,0.00244983145967126
25.007044688,0.2213534116745,0.00489968108013272
25.017037383,0.220356315374374,0.00244984962046146
25.027036043,0.21935923397541,0.00489969924092293
25.037019701,0.220356315374374,0.00244984962046146
25.047045872,0.220356315374374,0.00244984962046146
25.057026405,0.218362152576447,0.00244984962046146
25.067035522,0.216367959976196,-0.00244984962046146
25.077040127,0.216367959976196,-0.00244984962046146
25.087021396,0.217365056276321,0
25.097031147,0.217365056276321,-0.00489969924092293
25.107037983,0.217365056276321,-0.00489969924092293
25.117039556,0.216367959976196,-0.00734954932704568
25.12703075,0.215370878577232,-0.00489969924092293
25.137020044,0.214373797178268,-0.00244984962046146
25.14703643,0.214373797178268,-0.00244984962046146
25.157041084,0.214373797178268,-0.00244984962046146
25.16700358,0.214373797178268,0.00244984962046146
25.177040115,0.214373797178268,0.00244984962046146
25.187036426,0.212379619479179,-0.00244983145967126
25.197009832,0.213376700878143,0
25.207021523,0.212379619479179,-0.00244983145967126
25.217018982,0.212379619479179,0.00244983145967126
25.227001482,0.213376700878143,0
25.237038814,0.212379619479179,-0.00244983145967126
25.247027713,0.212379619479179,-0.00244983145967126
25.257017278,0.214373797178268,-0.00244984962046146
25.267024305,0.214373797178268,-0.00734953070059419
25.27702224,0.214373797178268,-0.00734953070059419
25.287019506,0.215370878577232,-0.00489969924092293
25.297017975,0.214373797178268,-0.00244984962046146
25.307023201,0.215370878577232,0
25.317018959,0.216367959976196,-0.00244984962046146
25.327027712,0.215370878577232,-0.00489969924092293
25.337005024,0.215370878577232,0
25.347019996,0.215370878577232,0
25.357002439,0.214373797178268,0.00244984962046146
25.367021217,0.214373797178268,0.00734953070059419
25.377018615,0.214373797178268,0.00734953070059419
25.387024991,0.214373797178268,0.00734953070059419
25.397014215,0.214373797178268,0.00734953070059419
25.407002538,0.214373797178268,0.00734953070059419
25.417014732,0.213376700878143,0.00979938078671694
25.427020916,0.212379619479179,0.0122492304071784
25.437019943,0.213376700878143,0.00979938078671694
25.447012734,0.212379619479179,0.0122492304071784
25.457020761,0.213376700878143,0.00979938078671694
25.467027042,0.213376700878143,0.00979938078671694
25.477033272,0.212379619479179,0.00734953070059419
25.487021769,0.211382538080215,0.00979938078671694
25.497015988,0.211382538080215,0.00979938078671694
25.507009966,0.21038544178009,0.00734953070059419
25.517018681,0.21038544178009,0.00734953070059419
25.527017959,0.211382538080215,0.00979938078671694
25.53701736,0.21038544178009,0.00734953070059419
25.547012779,0.211382538080215,0.00489968108013272
25.557018028,0.21038544178009,0.00734953070059419
25.56700978,0.21038544178009,0.00734953070059419
25.577019787,0.21038544178009,0.00734953070059419
25.587021265,0.21038544178009,0.00734953070059419
25.597003543,0.209388360381126,0.00489969924092293
25.606990041,0.21038544178009,0.00734953070059419
25.61701449,0.209388360381126,0.00489969924092293
25.627012138,0.209388360381126,0.00489969924092293
25.63700126,0.207394182682037,0.00979939848184586
25.647021449,0.205400004982948,0.00979939848184586
25.657011816,0.204402923583984,0.00734954932704568
25.667011111,0.204402923583984,0.00734954932704568
25.677035758,0.203405827283859,0.00979938078671694
25.687023322,0.202408745884895,0.00734953070059419
25.697019185,0.203405827283859,0.00489969924092293
25.707012485,0.202408745884895,0.00734953070059419
25.717013419,0.201411664485931,0.00979938078671694
25.727010588,0.201411664485931,0.00979938078671694
25.73704669,0.202408745884895,0.00734953070059419
25.747048922,0.202408745884895,0.00734953070059419
25.756947727,0.203405827283859,0.00979938078671694
25.767013638,0.202408745884895,0.00734953070059419
25.77702808,0.203405827283859,0.00979938078671694
25.787014184,0.205400004982948,0.00979939848184586
25.797018615,0.203405827283859,0.0146990800276399
25.807020328,0.203405827283859,0.0146990800276399
25.817019073,0.205400019884109,0.0146990800276399
25.827009193,0.204402923583984,0.0122492304071784
25.837017869,0.205400019884109,0.0146990800276399
25.847025677,0.206397086381912,0.0171489119529724
25.85698494,0.207394182682037,0.0146990800276399
25.867014627,0.208391264081001,0.0171489305794239
25.877058166,0.208391264081001,0.0171489305794239
25.887009071,0.206397086381912,0.0171489119529724
25.897004311,0.208391264081001,0.0171489305794239
25.906969689,0.209388345479965,0.0146990800276399
25.916983098,0.21038544178009,0.0122492304071784
25.927016075,0.21038544178009,0.0171489305794239
25.937010262,0.211382538080215,0.0146990800276399
25.946972951,0.212379619479179,0.0122492304071784
25.957010222,0.211382538080215,0.0146990800276399
25.966973453,0.212379619479179,0.0122492304071784
25.977041927,0.214373797178268,0.0122492304071784
25.986968357,0.216367974877357,0.0122492304071784
25.997005293,0.217365056276321,0.0146990614011884
26.00696255,0.217365056276321,0.0146990614011884
26.016953993,0.217365056276321,0.0195987615734339
26.026980528,0.220356315374374,0.0171489305794239
26.036981805,0.2213534116745,0.0195987801998854
26.046977367,0.222350493073463,0.0171489305794239
26.057026092,0.224344670772552,0.0220486111938953
26.066982025,0.225341752171516,0.0244984608143568
26.077052542,0.225341752171516,0.0244984608143568
26.086961471,0.22633883357048,0.0269483104348183
26.097017115,0.227335929870605,0.0244984608143568
26.107022004,0.229330107569695,0.0244984608143568
26.116982565,0.228333026170731,0.0220486111938953
26.127008828,0.229330107569695,0.0195987615734339
26.137017924,0.230327188968658,0.0220486111938953
26.147021422,0.229330107569695,0.0244984608143568
26.157022579,0.230327188968658,0.0171489305794239
26.166991498,0.230327188968658,0.0171489305794239
26.177033378,0.231324285268784,0.0146990800276399
26.187013926,0.232321366667747,0.0171489305794239
26.197000447,0.233318448066711,0.0146990800276399
26.207010539,0.233318448066711,0.0146990800276399
26.216983926,0.235312640666962,0.0146990800276399
26.227003503,0.236309707164764,0.0171489119529724
26.237024562,0.236309722065926,0.0122492304071784
26.247013722,0.238303884863853,0.0122492304071784
26.257010603,0.238303899765015,0.0171489119529724
26.267009554,0.239300966262817,0.0146990800276399
26.276914774,0.238303899765015,0.0171489119529724
26.287013192,0.239300966262817,0.0146990800276399
26.297012407,0.238303899765015,0.0171489119529724
26.307015901,0.238303899765015,0.0171489119529724
26.316976678,0.240298062562943,0.0171489305794239
26.327017997,0.239300966262817,0.0146990800276399
26.336988967,0.239300966262817,0.0146990800276399
26.347013141,0.239300966262817,0.0146990800276399
26.357030938,0.238303884863853,0.0122492304071784
26.36700882,0.238303884863853,0.0122492304071784
26.376902994,0.240298062562943,0.0122492304071784
26.386997729,0.239300966262817,0.00979938078671694
26.397016364,0.240298062562943,0.00734953070059419
26.407011363,0.239300966262817,0.00979938078671694
26.417025273,0.239300981163979,0.00489969924092293
26.427017812,0.238303899765015,0.00734954932704568
26.437018413,0.238303899765015,0.00734954932704568
26.447023471,0.239300966262817,0.00979938078671694
26.457008805,0.240298062562943,0.00734953070059419
26.467013912,0.240298062562943,0.00734953070059419
26.476950019,0.239300981163979,0.00489969924092293
26.486974796,0.239300981163979,0.00489969924092293
26.497008984,0.239300981163979,0.00489969924092293
26.507021997,0.239300981163979,0.00489969924092293
26.517023333,0.238303899765015,0.00734954932704568
26.527003637,0.239300981163979,0.00489969924092293
26.537005781,0.238303899765015,0.00734954932704568
26.54701918,0.238303899765015,0.00244984962046146
26.556977163,0.238303899765015,0.00244984962046146
26.566980202,0.238303899765015,0.00244984962046146
26.57704949,0.23730680346489,0.00489969924092293
26.587009579,0.23730680346489,0.00489969924092293
26.597008697,0.2353126257658,0.00489969924092293
26.606980169,0.2353126257658,0.00489969924092293
26.617002114,0.2353126257658,0.00489969924092293
26.626981225,0.2353126257658,0.00489969924092293
26.637020581,0.2353126257658,0.00489969924092293
26.64700585,0.233318448066711,0.00489968108013272
26.657006411,0.232321366667747,0.00734953070059419
26.667016697,0.232321366667747,0.00734953070059419
26.677022902,0.232321366667747,0.00734953070059419
26.687034107,0.232321366667747,0.00734953070059419
26.69699756,0.234315544366837,0.00734953070059419
26.707024746,0.2353126257658,0.00489969924092293
26.717005848,0.2353126257658,0.00489969924092293
26.727019092,0.2353126257658,0.00489969924092293
26.737008316,0.2353126257658,0.00489969924092293
26.747022131,0.23730680346489,0.00979939848184586
26.757008597,0.238303899765015,0.00734954932704568
26.767018053,0.238303899765015,0.00734954932704568
26.776968676,0.239300981163979,0.00489969924092293
26.787032167,0.240298062562943,0.00244984962046146
26.79696965,0.240298062562943,0.00244984962046146
26.807015418,0.240298062562943,0.00244984962046146
26.816961939,0.241295158863068,0.00489968108013272
26.827018359,0.241295158863068,0.00489968108013272
26.836964168,0.240298062562943,0.00244984962046146
26.847020808,0.241295158863068,0
26.856969786,0.240298062562943,0.00244984962046146
26.867017379,0.240298062562943,0.00244984962046146
26.876968108,0.240298062562943,0.00244984962046146
26.887019492,0.238303899765015,0.00244984962046146
26.896975158,0.23730680346489,0.00489969924092293
26.907016818,0.23730680346489,0.00489969924092293
26.916974248,0.236309707164764,0.00244984962046146
26.927016595,0.236309707164764,0.00244984962046146
26.936963637,0.238303899765015,0.00244984962046146
26.947014092,0.2353126257658,0.00489969924092293
26.956982369,0.2353126257658,0
26.967021225,0.234315544366837,0.00244984962046146
26.976972861,0.234315544366837,0.00244984962046146
26.987019295,0.234315544366837,0.00734953070059419
26.996987646,0.2353126257658,0.00489969924092293
27.007015151,0.234315544366837,0.00244984962046146
27.016970957,0.234315544366837,0.00244984962046146
27.027009276,0.233318448066711,0.00489968108013272
27.036980684,0.232321366667747,0.00244983145967126
27.047026046,0.232321366667747,0.00244983145967126
27.057025295,0.232321366667747,0.00244983145967126
27.066984382,0.233318448066711,0
27.076982629,0.232321366667747,-0.00244983145967126
27.086995918,0.233318448066711,-0.00489968108013272
27.096978313,0.232321366667747,-0.00734953070059419
27.106990164,0.233318448066711,-0.00489968108013272
27.116982862,0.231324285268784,-0.00489968108013272
27.126990972,0.232321366667747,-0.00734953070059419
27.136985124,0.232321366667747,-0.00734953070059419
27.146989833,0.232321366667747,-0.0122492304071784
27.156975599,0.231324285268784,-0.00979938078671694
27.166985424,0.231324285268784,-0.00979938078671694
27.176989385,0.230327188968658,-0.00734953070059419
27.186987142,0.229330092668533,-0.00979938078671694
27.196978768,0.228333026170731,-0.00734954932704568
27.206994293,0.226338848471642,-0.0122492304071784
27.216986867,0.226338848471642,-0.0122492304071784
27.226979022,0.224344670772552,-0.0122492304071784
27.236972161,0.224344670772552,-0.0122492304071784
27.246985565,0.222350493073463,-0.0122492304071784
27.256985661,0.222350493073463,-0.0122492304071784
27.26699084,0.220356315374374,-0.0122492304071784
27.277015884,0.2213534116745,-0.0146990800276399
27.287004649,0.220356315374374,-0.0122492304071784
27.296981252,0.219359219074249,-0.0146990800276399
27.306982431,0.219359219074249,-0.00979938078671694
27.316985397,0.220356315374374,-0.0122492304071784
27.326982317,0.220356315374374,-0.0122492304071784
27.336982879,0.219359219074249,-0.00979938078671694
27.346980729,0.220356315374374,-0.00734953070059419
27.356980504,0.2213534116745,-0.00979938078671694
27.366989863,0.2213534116745,-0.00979938078671694
27.377035912,0.2213534116745,-0.00979938078671694
27.387027948,0.222350493073463,-0.0122492304071784
27.397023785,0.223347574472427,-0.00979938078671694
27.406943366,0.223347574472427,-0.00979938078671694
27.417017263,0.223347574472427,-0.00979938078671694
27.427018314,0.223347574472427,-0.00979938078671694
27.437003921,0.223347574472427,-0.00979938078671694
27.447016749,0.223347574472427,-0.0146990800276399
27.457002159,0.222350493073463,-0.0122492304071784
27.467013694,0.223347574472427,-0.00979938078671694
27.476801439,0.223347574472427,-0.00979938078671694
27.486998931,0.222350493073463,-0.00734953070059419
27.497017341,0.222350493073463,-0.00734953070059419
27.506973851,0.222350493073463,-0.00734953070059419
27.517008009,0.222350493073463,-0.00734953070059419
27.526981834,0.223347574472427,-0.00979938078671694
27.537012491,0.223347574472427,-0.00979938078671694
27.546980383,0.223347574472427,-0.00489968108013272
27.556977153,0.224344670772552,-0.00244984962046146
27.567003977,0.224344670772552,-0.00734953070059419
27.576786178,0.224344670772552,-0.00734953070059419
27.587016222,0.225341752171516,-0.00489969924092293
27.596996174,0.22633883357048,-0.00734954932704568
27.607022915,0.22633883357048,-0.00734954932704568
27.617013688,0.22633883357048,-0.00734954932704568
27.626972827,0.225341752171516,-0.00489969924092293
27.637013283,0.227335929870605,-0.00489969924092293
27.646976019,0.227335929870605,-0.00489969924092293
27.656975132,0.227335929870605,-0.00979939848184586
27.666989733,0.227335929870605,-0.00489969924092293
27.676748918,0.227335929870605,-0.00489969924092293
27.687017407,0.22633883357048,-0.00734954932704568
27.697004317,0.22633883357048,-0.00244984962046146
27.707017864,0.227335929870605,-0.00489969924092293
27.717016387,0.228333026170731,-0.00244984962046146
27.727040794,0.228333026170731,-0.00244984962046146
27.737025938,0.228333026170731,-0.00244984962046146
27.747030192,0.229330107569695,-0.00489969924092293
27.757033393,0.229330107569695,0
27.767013873,0.229330107569695,-0.00489969924092293
27.776708496,0.230327188968658,-0.00244984962046146
27.787015986,0.231324285268784,0
27.796727863,0.231324285268784,-0.00489968108013272
27.807020858,0.231324285268784,0
27.816979606,0.230327188968658,-0.00244984962046146
27.827010856,0.231324285268784,0
27.836978966,0.231324285268784,-0.00489968108013272
27.846966464,0.231324285268784,0
27.856981503,0.231324285268784,-0.00489968108013272
27.867025683,0.231324285268784,0
27.876674413,0.230327188968658,-0.00244984962046146
27.887012971,0.231324285268784,-0.00489968108013272
27.896975893,0.230327188968658,-0.00244984962046146
27.907005901,0.231324285268784,-0.00489968108013272
27.916972817,0.230327188968658,-0.00244984962046146
27.926947545,0.231324285268784,-0.00489968108013272
27.936980563,0.230327188968658,0.00244984962046146
27.947006,0.229330107569695,0
27.956972731,0.229330107569695,0
27.966979683,0.229330107569695,0
27.976667364,0.228333026170731,0.00244984962046146
27.986978567,0.228333026170731,0.00244984962046146
27.996987091,0.228333026170731,0.00244984962046146
28.006971342,0.227335929870605,0.00489969924092293
28.016965863,0.228333026170731,0.00244984962046146
28.026984409,0.227335929870605,0
28.036984271,0.227335929870605,0
28.046976346,0.228333026170731,-0.00244984962046146
28.05698659,0.227335929870605,0
28.06698434,0.22633883357048,-0.00244984962046146
28.076837031,0.227335929870605,0
28.087004642,0.22633883357048,-0.00244984962046146
28.097018575,0.22633883357048,-0.00244984962046146
28.10698303,0.225341752171516,-0.00489969924092293
28.117006303,0.225341752171516,0
28.126972985,0.224344670772552,0.00244984962046146
28.137011271,0.223347574472427,0
28.146988188,0.2213534116745,0.00489968108013272
28.15701428,0.222350493073463,0.00734953070059419
28.166983597,0.222350493073463,0.00734953070059419
28.177049215,0.2213534116745,0.00489968108013272
28.186984465,0.2213534116745,0.00979938078671694
28.196979122,0.220356315374374,0.00734953070059419
28.207019001,0.220356315374374,0.00734953070059419
28.216982836,0.218362152576447,0.00734954932704568
28.227022037,0.219359219074249,0.00979938078671694
28.236981565,0.219359219074249,0.00979938078671694
28.247000546,0.21935923397541,0.00489969924092293
28.256983196,0.218362152576447,0.00244984962046146
28.26700341,0.218362152576447,0.00244984962046146
28.277015703,0.218362152576447,0.00244984962046146
28.287020628,0.216367959976196,0.00244984962046146
28.296979924,0.217365056276321,0.00489969924092293
28.307013227,0.217365056276321,0.00489969924092293
28.316983243,0.218362152576447,0.00244984962046146
28.327011239,0.217365056276321,0
28.336980829,0.217365056276321,0
28.347009584,0.217365056276321,0.00489969924092293
28.357019886,0.217365056276321,0.00489969924092293
28.367005132,0.217365056276321,0.00489969924092293
28.376974875,0.217365056276321,0.00489969924092293
28.387027807,0.218362152576447,0.00244984962046146
28.396973038,0.218362152576447,0.00244984962046146
28.407027775,0.218362152576447,0.00244984962046146
28.416979879,0.218362152576447,0.00244984962046146
28.427014306,0.218362152576447,0.00244984962046146
28.436991528,0.218362152576447,0.00244984962046146
28.447018496,0.21935923397541,0
28.456983901,0.220356315374374,-0.00244984962046146
28.467011004,0.21935923397541,0
28.476985194,0.220356315374374,-0.00244984962046146
28.486992393,0.220356315374374,-0.00244984962046146
28.4969869,0.220356315374374,-0.00244984962046146
28.507020854,0.220356315374374,-0.00244984962046146
28.516977182,0.220356315374374,-0.00244984962046146
28.527023822,0.220356315374374,-0.00244984962046146
28.53702716,0.220356315374374,-0.00244984962046146
28.546986047,0.220356315374374,-0.00244984962046146
28.556990417,0.21935923397541,0
28.566978458,0.21935923397541,0
28.576993677,0.21935923397541,0
28.586984731,0.218362152576447,-0.00244984962046146
28.596984679,0.218362152576447,-0.00244984962046146
28.606980951,0.217365056276321,0
28.616984064,0.218362152576447,-0.00244984962046146
28.626977577,0.218362152576447,-0.00244984962046146
28.636994026,0.218362152576447,-0.00244984962046146
28.646991984,0.21935923397541,-0.00489969924092293
28.656989419,0.21935923397541,-0.00489969924092293
28.666990561,0.218362152576447,-0.00734954932704568
28.676980051,0.217365056276321,-0.00489969924092293
28.686982639,0.21935923397541,-0.00489969924092293
28.696990341,0.217365056276321,-0.00489969924092293
28.706987047,0.218362152576447,-0.00734954932704568
28.716988199,0.216367959976196,-0.00734954932704568
28.726982922,0.216367959976196,-0.00734954932704568
28.736982182,0.215370893478394,-0.00979938078671694
28.747001778,0.213376700878143,-0.00979938078671694
28.757010521,0.213376700878143,-0.00979938078671694
28.766976515,0.214373797178268,-0.0122492304071784
28.776989726,0.214373797178268,-0.0122492304071784
28.78698457,0.211382538080215,-0.00979938078671694
28.796999124,0.213376700878143,-0.00979938078671694
28.807018313,0.211382538080215,-0.00979938078671694
28.816980573,0.212379619479179,-0.00734953070059419
28.826738988,0.21038544178009,-0.00734953070059419
28.836978985,0.21038544178009,-0.00734953070059419
28.846979101,0.211382538080215,-0.00489968108013272
28.8569462,0.21038544178009,-0.00734953070059419
28.866991086,0.209388360381126,-0.00489969924092293
28.876988919,0.209388360381126,-0.00489969924092293
28.886979106,0.209388360381126,-0.00489969924092293
28.896984776,0.207394182682037,-0.00489969924092293
28.906977604,0.208391278982162,-0.00734954932704568
28.916988154,0.206397086381912,-0.00734954932704568
28.926951722,0.207394182682037,-0.00979939848184586
28.936983853,0.206397086381912,-0.00734954932704568
28.946984676,0.204402923583984,-0.00734954932704568
28.956979583,0.204402923583984,-0.00734954932704568
28.966983849,0.204402923583984,-0.00734954932704568
28.976987451,0.202408745884895,-0.00734953070059419
28.98698686,0.203405827283859,-0.00979938078671694
28.996980088,0.203405827283859,-0.00979938078671694
29.006984227,0.203405827283859,-0.00979938078671694
29.016980971,0.204402923583984,-0.00734954932704568
29.026982657,0.203405827283859,-0.00489969924092293
29.036975081,0.204402923583984,-0.00734954932704568
29.046970571,0.204402923583984,-0.00734954932704568
29.056949905,0.203405827283859,-0.00489969924092293
29.066949933,0.204402923583984,-0.00734954932704568
29.076943539,0.204402923583984,-0.00734954932704568
29.086980457,0.203405827283859,-0.00489969924092293
29.096979972,0.203405827283859,-0.00489969924092293
29.10694646,0.202408730983734,-0.00244984962046146
29.11698621,0.201411664485931,-0.00489968108013272
29.126946647,0.203405827283859,-0.00489969924092293
29.1369838,0.202408730983734,-0.00244984962046146
29.146943538,0.202408730983734,-0.00244984962046146
29.156993999,0.202408730983734,-0.00244984962046146
29.166945739,0.202408730983734,-0.00244984962046146
29.176988546,0.203405827283859,0
29.186945504,0.203405827283859,0
29.196984299,0.204402923583984,-0.00244984962046146
29.206994612,0.205400004982948,0
29.217018479,0.206397086381912,-0.00244984962046146
29.227000165,0.204402923583984,-0.00244984962046146
29.236994188,0.206397086381912,-0.00244984962046146
29.247000825,0.208391278982162,-0.00244984962046146
29.256994512,0.208391278982162,-0.00244984962046146
29.266997947,0.209388360381126,0
29.27699914,0.21038544178009,-0.00244984962046146
29.286994738,0.212379619479179,-0.00244983145967126
29.297005395,0.212379619479179,0.00244983145967126
29.306997848,0.213376700878143,-0.00489968108013272
29.316994796,0.214373797178268,-0.00244984962046146
29.326999468,0.216367959976196,-0.00244984962046146
29.336993982,0.216367959976196,-0.00244984962046146
29.346996983,0.216367959976196,-0.00244984962046146
29.356995744,0.218362152576447,-0.00244984962046146
29.366999551,0.217365056276321,0
29.376992808,0.217365056276321,0
29.386993983,0.216367959976196,-0.00244984962046146
29.397019355,0.217365056276321,-0.00489969924092293
29.406997551,0.216367959976196,0.00244984962046146
29.417014482,0.217365056276321,0
29.426991626,0.216367959976196,-0.00244984962046146
29.437018861,0.215370878577232,0
29.446992239,0.215370878577232,0
29.457001453,0.215370878577232,0
29.466970079,0.215370878577232,-0.00489969924092293
29.476983428,0.215370878577232,-0.00489969924092293
29.486996353,0.216367959976196,-0.00244984962046146
29.497004353,0.216367959976196,-0.00244984962046146
29.507019259,0.217365056276321,-0.00489969924092293
29.517021966,0.216367959976196,-0.00244984962046146
29.527013996,0.217365056276321,0
29.536976727,0.217365056276321,-0.00489969924092293
29.547011973,0.217365056276321,-0.00489969924092293
29.557011987,0.217365056276321,-0.00489969924092293
29.567010852,0.218362152576447,-0.00244984962046146
29.576982498,0.217365056276321,-0.00489969924092293
29.586990185,0.217365056276321,-0.00489969924092293
29.596982157,0.216367959976196,-0.00734954932704568
29.606989861,0.215370893478394,-0.00979938078671694
29.616981989,0.215370893478394,-0.00979938078671694
29.626985192,0.214373797178268,-0.0122492304071784
29.636995396,0.214373797178268,-0.0122492304071784
29.646990973,0.214373797178268,-0.0122492304071784
29.656991798,0.213376700878143,-0.0146990800276399
29.666984878,0.212379619479179,-0.0171489305794239
29.676989055,0.213376700878143,-0.0146990800276399
29.686982679,0.212379619479179,-0.0171489305794239
29.696991005,0.213376700878143,-0.0146990800276399
29.706997182,0.212379619479179,-0.0122492304071784
29.716985296,0.212379619479179,-0.0122492304071784
29.72698644,0.213376700878143,-0.00979938078671694
29.73698327,0.212379619479179,-0.00734953070059419
29.746981896,0.211382538080215,-0.00979938078671694
29.756985604,0.212379619479179,-0.00734953070059419
29.766990508,0.213376700878143,-0.00489968108013272
29.776991021,0.211382538080215,-0.00489968108013272
29.786980042,0.211382538080215,-0.00489968108013272
29.796995033,0.209388360381126,-0.00489969924092293
29.806989714,0.21038544178009,-0.00244984962046146
29.816997174,0.209388360381126,-0.00489969924092293
29.826979192,0.207394182682037,-0.00489969924092293
29.837027172,0.207394182682037,-0.00489969924092293
29.846988386,0.206397086381912,-0.00734954932704568
29.85702443,0.204402923583984,-0.00734954932704568
29.866993942,0.202408745884895,-0.00734953070059419
29.877024914,0.202408745884895,-0.00734953070059419
29.88699119,0.202408745884895,-0.00734953070059419
29.89701922,0.201411664485931,-0.00489968108013272
29.907018022,0.199417471885681,-0.00979938078671694
29.917000852,0.199417471885681,-0.00979938078671694
29.927030172,0.199417471885681,-0.00979938078671694
29.937005951,0.198420390486717,-0.00734953070059419
29.94701643,0.199417471885681,-0.00489968108013272
29.957001092,0.199417471885681,-0.00489968108013272
29.967021222,0.199417471885681,-0.00489968108013272
29.976991195,0.199417471885681,-0.00489968108013272
29.987013025,0.199417471885681,-0.00489968108013272
29.996990974,0.200414568185806,-0.00734953070059419
30.007007615,0.201411664485931,-0.00489968108013272
30.016995476,0.200414568185806,-0.00244983145967126
30.027021304,0.200414568185806,-0.00244983145967126
30.03701735,0.203405827283859,-0.00489969924092293
30.046998577,0.202408730983734,-0.00244984962046146
30.057015633,0.202408730983734,-0.00244984962046146
30.066998771,0.203405827283859,-0.00489969924092293
30.077011166,0.203405827283859,-0.00489969924092293
30.087028325,0.203405827283859,-0.00489969924092293
30.097024033,0.203405827283859,-0.00489969924092293
30.106976155,0.203405827283859,-0.00489969924092293
30.11699134,0.204402923583984,-0.00734954932704568
30.126989476,0.204402923583984,-0.00734954932704568
30.136987369,0.202408745884895,-0.00734953070059419
30.146995385,0.203405827283859,-0.00979938078671694
30.156990033,0.204402923583984,-0.0122492304071784
30.166992603,0.202408745884895,-0.00734953070059419
30.176994057,0.202408745884895,-0.0122492304071784
30.186987577,0.201411664485931,-0.00979938078671694
30.196989589,0.201411664485931,-0.00979938078671694
30.206990882,0.201411664485931,-0.00979938078671694
30.21699053,0.201411664485931,-0.00979938078671694
30.226978476,0.201411664485931,-0.00979938078671694
30.236985423,0.201411664485931,-0.00979938078671694
30.24699461,0.200414568185806,-0.00734953070059419
30.256994661,0.198420390486717,-0.00734953070059419
30.26698375,0.199417471885681,-0.00979938078671694
30.276993331,0.199417471885681,-0.00489968108013272
30.286987916,0.200414568185806,-0.00734953070059419
30.296982436,0.198420390486717,-0.00734953070059419
30.306987742,0.198420390486717,-0.00734953070059419
30.316978855,0.197423309087753,-0.00489969924092293
30.326990535,0.197423309087753,-0.00489969924092293
30.336984837,0.196426212787628,-0.00734954932704568
30.346983355,0.196426212787628,-0.00734954932704568
30.356972398,0.196426212787628,-0.00734954932704568
30.366980263,0.196426212787628,-0.00734954932704568
30.376998193,0.195429131388664,-0.00489969924092293
30.386994754,0.193434953689575,-0.00489969924092293
30.396987264,0.195429131388664,-0.00489969924092293
30.40698778,0.1944320499897,-0.00244984962046146
30.416992665,0.193434953689575,-0.00489969924092293
30.426997001,0.193434953689575,-0.00489969924092293
30.436982143,0.193434953689575,0
30.447002466,0.19243785738945,-0.00244984962046146
30.456977825,0.193434953689575,0
30.466991532,0.193434953689575,0
30.476986417,0.193434953689575,0
30.486991257,0.1944320499897,0.00244984962046146
30.496985445,0.193434953689575,0
30.506984697,0.193434953689575,0
30.516995562,0.195429131388664,0
30.526946235,0.1944320499897,0.00244984962046146
30.536993567,0.195429131388664,0
30.546995576,0.196426212787628,0.00244984962046146
30.557002488,0.196426212787628,0.00244984962046146
30.567008623,0.197423309087753,0
30.576988936,0.198420405387878,-0.00244984962046146
30.587017202,0.198420405387878,-0.00244984962046146
30.596966931,0.199417486786842,0
30.607019646,0.200414568185806,-0.00244983145967126
30.617027652,0.199417486786842,0
30.62697914,0.200414568185806,-0.00244983145967126
30.637006714,0.200414568185806,-0.00244983145967126
30.646992386,0.201411664485931,-0.00489968108013272
30.657028788,0.201411664485931,-0.00489968108013272
30.666992166,0.200414568185806,-0.00244983145967126
30.677032051,0.200414568185806,-0.00244983145967126
30.686992223,0.200414568185806,-0.00244983145967126
30.69702596,0.200414568185806,-0.00244983145967126
30.706984903,0.200414568185806,-0.00244983145967126
30.717018501,0.201411664485931,-0.00489968108013272
30.726993214,0.201411664485931,-0.00489968108013272
30.73701588,0.202408730983734,-0.00244984962046146
30.746983493,0.20141164958477,0
30.757028137,0.202408730983734,-0.00244984962046146
30.766994641,0.203405827283859,0
30.777009295,0.203405827283859,0
30.786985377,0.204402923583984,0.00244984962046146
30.797017744,0.205400004982948,0
30.807011236,0.206397086381912,0.00244984962046146
30.816976706,0.207394182682037,0.00489969924092293
30.827001714,0.207394182682037,0.00489969924092293
30.837006422,0.208391278982162,0.00244984962046146
30.847007756,0.21038544178009,0.00244984962046146
30.857029851,0.211382538080215,0.00489968108013272
30.866992435,0.212379619479179,0.00244983145967126
30.876972463,0.213376700878143,0.00489968108013272
30.887010724,0.214373797178268,0.00244984962046146
30.897001102,0.215370878577232,0.00489969924092293
30.906977811,0.215370878577232,0.00489969924092293
30.917030272,0.216367959976196,0.00734954932704568
30.926986251,0.218362152576447,0.00244984962046146
30.937021819,0.218362152576447,0.00244984962046146
30.946983779,0.217365056276321,0.00489969924092293
30.957029765,0.217365056276321,0.00489969924092293
30.966977344,0.217365056276321,0.00489969924092293
30.977021857,0.217365056276321,0.00489969924092293
30.986979052,0.217365056276321,0.00489969924092293
30.997010729,0.218362152576447,0.00244984962046146
31.006984728,0.21935923397541,0
31.017029523,0.217365056276321,0
31.02698134,0.217365056276321,0.00489969924092293
31.03700779,0.217365056276321,0.00489969924092293
31.04695219,0.217365056276321,0.00489969924092293
31.057036475,0.217365056276321,0.00489969924092293
31.066997473,0.215370878577232,0.00489969924092293
31.077022694,0.216367959976196,0.00244984962046146
31.087029449,0.215370878577232,0.00489969924092293
31.096976447,0.213376700878143,0.00489968108013272
31.107022472,0.212379619479179,0.00734953070059419
31.117025135,0.211382538080215,0.00489968108013272
31.12702393,0.211382538080215,0.00489968108013272
31.136989798,0.209388360381126,0.00489969924092293
31.147026399,0.209388360381126,0.00489969924092293
31.156993994,0.209388360381126,0.00489969924092293
31.16701773,0.209388360381126,0.00489969924092293
31.177009296,0.208391278982162,0.00734954932704568
31.18701739,0.209388360381126,0.00489969924092293
31.196991105,0.208391278982162,0.00734954932704568
31.207029968,0.207394182682037,0.00489969924092293
31.216993539,0.209388360381126,0.00489969924092293
31.227011116,0.207394182682037,0.00489969924092293
31.23699399,0.208391278982162,0.00244984962046146
31.247017408,0.208391278982162,0.00244984962046146
31.256991447,0.206397086381912,0.00244984962046146
31.267006387,0.207394182682037,0
31.276997897,0.207394182682037,0
31.287027483,0.205400004982948,0
31.296994024,0.205400004982948,0
31.307013991,0.206397086381912,-0.00244984962046146
31.31699878,0.204402923583984,-0.00244984962046146
31.327022817,0.205400004982948,0
31.33700006,0.204402923583984,0.00244984962046146
31.347011509,0.203405827283859,0
31.356980526,0.202408730983734,0.00244984962046146
31.367023217,0.200414568185806,0.00244983145967126
31.376977757,0.199417486786842,0
31.387016019,0.198420405387878,0.00244984962046146
31.396997256,0.198420405387878,0.00244984962046146
31.407034351,0.196426212787628,0.00734954932704568
31.417003592,0.197423309087753,0.00489969924092293
31.427025959,0.1944320499897,0.00244984962046146
31.436982277,0.1944320499897,0.00244984962046146
31.447029404,0.1944320499897,0.00244984962046146
31.45701019,0.1944320499897,0.00244984962046146
31.466986873,0.195429131388664,0.00489969924092293
31.477010941,0.1944320499897,0.00244984962046146
31.487000673,0.1944320499897,0.00244984962046146
31.497021137,0.193434953689575,0
31.507008395,0.1944320499897,-0.00244984962046146
31.516967644,0.19243785738945,-0.00244984962046146
31.527022107,0.193434953689575,0
31.536295252,0.193434953689575,0
31.546981929,0.193434953689575,0
31.557016158,0.19243785738945,-0.00244984962046146
31.566954146,0.191440775990486,0
31.577022387,0.19243785738945,0.00244984962046146
31.58702435,0.19243785738945,-0.00244984962046146
31.597008194,0.193434953689575,0
31.607026527,0.19243785738945,0.00244984962046146
31.616984942,0.193434953689575,0.00489969924092293
31.627025617,0.1944320499897,0.00244984962046146
31.636993149,0.19243785738945,0.00244984962046146
31.647008483,0.19243785738945,0.00244984962046146
31.656996193,0.193434953689575,0.00489969924092293
31.667009868,0.193434953689575,0
31.676998497,0.193434953689575,0
31.687013295,0.193434953689575,0.00489969924092293
31.697001331,0.19243785738945,0.00244984962046146
31.707014211,0.19243785738945,0.00244984962046146
31.717013062,0.190443694591522,0.00244983145967126
31.726987351,0.190443694591522,0.00244983145967126
31.737019122,0.190443694591522,0.00244983145967126
31.746977087,0.189446613192558,0
31.756981808,0.189446613192558,0
31.76699529,0.188449531793594,0.00244984962046146
31.776992465,0.187452435493469,0
31.786997987,0.187452435493469,0
31.796993382,0.186455339193344,0.00244984962046146
31.806993272,0.187452435493469,0
31.816972241,0.187452435493469,0
31.826994717,0.187452435493469,0
31.836982827,0.187452435493469,0
31.846984089,0.187452435493469,0.00489969924092293
31.856989672,0.187452435493469,0
31.866988929,0.187452435493469,0
31.876992122,0.188449531793594,0.00244984962046146
31.886997254,0.187452435493469,0
31.896994142,0.189446613192558,0
31.906982179,0.188449531793594,-0.00244984962046146
31.916412998,0.189446613192558,0
31.926990684,0.188449531793594,-0.00244984962046146
31.936977832,0.188449531793594,-0.00244984962046146
31.946995187,0.188449531793594,-0.00244984962046146
31.95697734,0.188449531793594,-0.00244984962046146
31.966993351,0.188449531793594,-0.00244984962046146
31.976945618,0.187452435493469,-0.00489969924092293
31.986997584,0.189446598291397,-0.00489968108013272
31.996993003,0.187452435493469,-0.00489969924092293
32.006984877,0.186455339193344,-0.00244984962046146
32.016978744,0.186455339193344,-0.00734954932704568
32.026978933,0.18545825779438,-0.00489969924092293
32.036974041,0.18545825779438,-0.00489969924092293
32.046998531,0.184461176395416,-0.00734954932704568
32.056985191,0.183464080095291,-0.00489969924092293
32.066993203,0.183464080095291,-0.00489969924092293
32.076949886,0.182466983795166,-0.00244984962046146
32.086963737,0.180472820997238,0.00244983145967126
32.096982698,0.179475739598274,0
32.10698696,0.17847865819931,0.00244984962046146
32.116992409,0.177481561899185,0.00489969924092293
32.126982328,0.177481561899185,0.00489969924092293
32.136992102,0.17648446559906,0.00734954932704568
32.146948217,0.17648446559906,0.00734954932704568
32.156995692,0.17648446559906,0.00734954932704568
32.1669923,0.175487384200096,0.00979939848184586
32.176994105,0.174490302801132,0.00734954932704568
32.186981348,0.173493206501007,0.00489969924092293
32.196989867,0.172496125102043,0.00734953070059419
32.206979943,0.173493206501007,0.00489969924092293
32.216993952,0.172496110200882,0.00244984962046146
32.226985692,0.171499043703079,0.00489968108013272
32.236986618,0.171499028801918,0
32.246975376,0.170501947402954,0.00244983145967126
32.256985486,0.16950486600399,0
32.266988675,0.170501947402954,-0.00244983145967126
32.276972037,0.171499028801918,0
32.286987411,0.171499043703079,-0.00489968108013272
32.296995371,0.173493206501007,-0.00489969924092293
32.306974168,0.173493206501007,-0.00489969924092293
32.316968612,0.174490302801132,-0.00244984962046146
32.326966175,0.17648446559906,-0.00244984962046146
32.336987154,0.17847865819931,-0.00244984962046146
32.346967191,0.179475724697113,-0.00489968108013272
32.356993516,0.180472820997238,-0.00244983145967126
32.366987806,0.181469902396202,0
32.376963484,0.183464080095291,0
32.386977582,0.186455339193344,0.00244984962046146
32.396991358,0.188449531793594,0.00244984962046146
32.406974328,0.190443694591522,0.00244983145967126
32.416971294,0.191440790891647,0.00489968108013272
32.426983931,0.1944320499897,0.00244984962046146
32.436997048,0.195429131388664,0.00489969924092293
32.446983439,0.198420390486717,0.00734953070059419
32.456949874,0.200414568185806,0.00734953070059419
32.466989733,0.202408745884895,0.00734953070059419
32.476948396,0.204402923583984,0.00734954932704568
32.486994732,0.204402923583984,0.00734954932704568
32.496955869,0.205400004982948,0.00979939848184586
32.506967118,0.206397086381912,0.0122492490336299
32.51625541,0.208391264081001,0.0122492304071784
32.526968832,0.208391264081001,0.0122492304071784
32.53697544,0.208391264081001,0.0122492304071784
32.546243364,0.209388345479965,0.00979938078671694
32.556973643,0.21038544178009,0.0122492304071784
32.566949651,0.211382538080215,0.00979938078671694
32.576964333,0.21038544178009,0.0122492304071784
32.586760893,0.211382538080215,0.0146990800276399
32.596246198,0.211382538080215,0.00979938078671694
32.606994385,0.211382538080215,0.00979938078671694
32.616948703,0.212379619479179,0.00734953070059419
32.626248096,0.212379619479179,0.00734953070059419
32.636979047,0.213376700878143,0.00979938078671694
32.646982251,0.212379619479179,0.0122492304071784
32.656985866,0.213376700878143,0.00979938078671694
32.666248908,0.212379619479179,0.0122492304071784
32.676984555,0.213376700878143,0.00979938078671694
32.686981978,0.214373797178268,0.00734953070059419
32.696989303,0.215370893478394,0.00979938078671694
32.706961075,0.216367959976196,0.00734954932704568
32.716246292,0.215370893478394,0.00979938078671694
32.72698979,0.215370893478394,0.00979938078671694
32.736966981,0.216367959976196,0.00734954932704568
32.746246058,0.217365056276321,0.00489969924092293
32.756258347,0.217365056276321,0.00489969924092293
32.766981721,0.218362152576447,0.00244984962046146
32.776983329,0.218362152576447,0.00244984962046146
32.786261583,0.217365056276321,0.00489969924092293
32.796265615,0.217365056276321,0.00489969924092293
32.806992252,0.216367959976196,0.00734954932704568
32.816237744,0.217365056276321,0.00489969924092293
32.826255558,0.217365056276321,0.00489969924092293
32.83698784,0.217365056276321,0.00489969924092293
32.846216263,0.216367959976196,0.00734954932704568
32.856982791,0.216367959976196,0.00734954932704568
32.866217679,0.215370878577232,0.00489969924092293
32.87621617,0.214373797178268,0.00734953070059419
32.886218641,0.214373797178268,0.00734953070059419
32.896226548,0.214373797178268,0.00734953070059419
32.906214957,0.215370878577232,0.00489969924092293
32.916228223,0.213376700878143,0.00489968108013272
32.926213456,0.213376700878143,0.00489968108013272
32.936209793,0.212379619479179,0.00734953070059419
32.946162067,0.213376700878143,0.00489968108013272
32.956218139,0.212379619479179,0.00244983145967126
32.966231238,0.212379619479179,0.00734953070059419
32.97672105,0.213376700878143,0.00489968108013272
32.986987964,0.212379619479179,0.00244983145967126
32.996211294,0.212379619479179,0.00244983145967126
33.006209867,0.211382538080215,0.00489968108013272
33.016225601,0.212379619479179,0.00244983145967126
33.026226131,0.211382538080215,0.00489968108013272
33.036216348,0.211382538080215,0
33.046207322,0.21038544178009,0.00244984962046146
33.056213995,0.21038544178009,0.00244984962046146
33.066224301,0.211382538080215,0
33.076207128,0.209388360381126,0
33.086205299,0.209388360381126,0
33.096184511,0.209388360381126,0
33.106181266,0.209388360381126,0
33.116207454,0.209388360381126,0
33.126179634,0.209388360381126,0
33.136196621,0.208391278982162,0.00244984962046146
33.146211396,0.207394182682037,0
33.156184446,0.207394182682037,0.00489969924092293
33.166132369,0.206397086381912,0.00244984962046146
33.176117076,0.207394182682037,0.00489969924092293
33.186986325,0.207394182682037,0.00489969924092293
33.19617993,0.207394182682037,0.00489969924092293
33.206128151,0.206397086381912,0.00244984962046146
33.216154482,0.206397086381912,0.00734954932704568
33.226125368,0.206397086381912,0.00244984962046146
33.236179449,0.207394182682037,0.00489969924092293
33.246095141,0.209388360381126,0.00489969924092293
33.256113176,0.21038544178009,0.00244984962046146
33.266173702,0.209388360381126,0.00489969924092293
33.276122729,0.21038544178009,0.00244984962046146
33.286990412,0.212379619479179,0.00244983145967126
33.296186498,0.212379619479179,0.00244983145967126
33.306099758,0.213376700878143,0.00489968108013272
33.316093516,0.214373797178268,0.00244984962046146
33.326176011,0.215370878577232,0.00489969924092293
33.336101833,0.216367959976196,0.00244984962046146
33.34612353,0.216367959976196,0.00734954932704568
33.356143938,0.215370878577232,0.00489969924092293
33.366095131,0.217365056276321,0.00489969924092293
33.376184051,0.217365056276321,0.00489969924092293
33.38696428,0.216367959976196,0.00734954932704568
33.396098364,0.216367959976196,0.00734954932704568
33.406173136,0.218362152576447,0.00244984962046146
33.416097046,0.217365056276321,0.00489969924092293
33.426116828,0.217365056276321,0.00489969924092293
33.436151806,0.217365056276321,0.00489969924092293
33.446090934,0.215370878577232,0
33.45609427,0.216367959976196,0.00244984962046146
33.466166085,0.215370878577232,0.00489969924092293
33.476149804,0.215370878577232,0.00489969924092293
33.486985398,0.214373797178268,0.00244984962046146
33.496051802,0.214373797178268,0.00244984962046146
33.50608268,0.211382538080215,0.00489968108013272
33.516044678,0.212379619479179,0.00244983145967126
33.526050064,0.212379619479179,0.00244983145967126
33.536064117,0.21038544178009,0.00244984962046146
33.546046177,0.212379619479179,0.00244983145967126
33.556068751,0.21038544178009,0.00244984962046146
33.566087354,0.211382538080215,0
33.57607731,0.209388360381126,0
33.58605632,0.209388360381126,0
33.596061758,0.208391278982162,-0.00244984962046146
33.606046892,0.208391278982162,-0.00244984962046146
33.61610662,0.207394182682037,-0.00489969924092293
33.626089249,0.206397086381912,-0.00244984962046146
33.636043271,0.205400004982948,-0.00489969924092293
33.646041337,0.203405827283859,-0.00489969924092293
33.656045272,0.203405827283859,-0.00489969924092293
33.666040456,0.201411664485931,-0.00489968108013272
33.676050122,0.202408745884895,-0.00734953070059419
33.686007394,0.201411664485931,-0.00489968108013272
33.69604796,0.201411664485931,-0.00489968108013272
33.706044443,0.200414568185806,-0.00244983145967126
33.716057928,0.199417486786842,0
33.726041531,0.198420405387878,-0.00244984962046146
33.736042064,0.197423309087753,0
33.7460653,0.196426212787628,0.00244984962046146
33.756042467,0.197423309087753,0
33.76604157,0.195429131388664,0
33.775977435,0.1944320499897,0.00244984962046146
33.786057296,0.193434953689575,0
33.796053841,0.191440790891647,0.00489968108013272
33.806036189,0.191440775990486,0
33.816057408,0.190443694591522,0.00244983145967126
33.825970681,0.189446613192558,0
33.835973864,0.191440775990486,0
33.845982035,0.190443694591522,-0.00244983145967126
33.856000866,0.189446613192558,0
33.865969094,0.189446613192558,0
33.875993162,0.188449531793594,0.00244984962046146
33.885987898,0.189446613192558,0
33.89598113,0.190443694591522,-0.00244983145967126
33.905991642,0.190443694591522,-0.00244983145967126
33.915989148,0.190443694591522,-0.00244983145967126
33.925957205,0.190443694591522,-0.00244983145967126
33.935994254,0.190443694591522,-0.00244983145967126
33.94598028,0.191440775990486,0
33.955987775,0.190443694591522,-0.00244983145967126
33.965956229,0.191440775990486,0
33.975977877,0.193434953689575,-0.00489969924092293
33.985986884,0.193434953689575,0
33.99597807,0.193434953689575,0
34.005973955,0.1944320499897,0.00244984962046146
34.015998135,0.1944320499897,0.00244984962046146
34.025997376,0.195429131388664,0
34.035980239,0.1944320499897,0.00244984962046146
34.045976478,0.195429131388664,0
34.055969308,0.197423309087753,0
34.065980813,0.197423309087753,0
34.075970535,0.196426212787628,0.00244984962046146
34.086008818,0.197423309087753,0
34.09599454,0.198420405387878,-0.00244984962046146
34.105979684,0.198420405387878,-0.00244984962046146
34.11597584,0.198420405387878,-0.00244984962046146
34.125991128,0.199417486786842,0
34.135974113,0.199417486786842,0
34.146012476,0.199417486786842,0
34.155985839,0.198420405387878,0.00244984962046146
34.165979892,0.200414568185806,0.00244983145967126
34.176040525,0.200414568185806,0.00244983145967126
34.186001505,0.200414568185806,0.00244983145967126
34.195967971,0.199417471885681,0.00489968108013272
34.205986266,0.200414568185806,0.00244983145967126
34.215989068,0.202408730983734,0.00244984962046146
34.225994324,0.201411664485931,0.00489968108013272
34.235990657,0.203405827283859,0.00489969924092293
34.245997469,0.203405827283859,0.00489969924092293
34.255990589,0.205400004982948,0.00489969924092293
34.265968513,0.205400004982948,0.00489969924092293
34.275995296,0.206397086381912,0.00244984962046146
34.285976756,0.208391278982162,0.00244984962046146
34.295984993,0.21038544178009,0.00244984962046146
34.305998744,0.21038544178009,0.00734953070059419
34.315958488,0.211382538080215,0.00489968108013272
34.325975003,0.213376700878143,0.00489968108013272
34.335977056,0.215370878577232,0.00489969924092293
34.345997671,0.217365056276321,0.00489969924092293
34.355977475,0.216367959976196,0.00734954932704568
34.365981496,0.217365056276321,0.00489969924092293
34.375989241,0.218362152576447,0.00734954932704568
34.38600155,0.219359219074249,0.00979938078671694
34.395980685,0.218362137675285,0.0122492304071784
34.405992762,0.220356315374374,0.00734953070059419
34.415996612,0.2213534116745,0.00979938078671694
34.425972317,0.220356315374374,0.0122492304071784
34.435984432,0.219359219074249,0.00979938078671694
34.445994764,0.219359219074249,0.00979938078671694
34.455976213,0.219359219074249,0.00979938078671694
34.465975749,0.220356315374374,0.0122492304071784
34.475974724,0.220356315374374,0.0122492304071784
34.485984109,0.218362137675285,0.0122492304071784
34.495996314,0.219359219074249,0.00979938078671694
34.50599312,0.218362152576447,0.0171489119529724
34.515982833,0.216367974877357,0.0122492304071784
34.525988943,0.217365056276321,0.0146990614011884
34.535981771,0.216367974877357,0.0122492304071784
34.545981868,0.215370893478394,0.0146990800276399
34.555981217,0.216367974877357,0.0122492304071784
34.56597558,0.214373797178268,0.0122492304071784
34.575984029,0.213376700878143,0.0146990800276399
34.586002568,0.214373797178268,0.0122492304071784
34.595990702,0.212379619479179,0.0122492304071784
34.605976023,0.211382538080215,0.00979938078671694
34.61597766,0.211382538080215,0.0146990800276399
34.625971488,0.209388345479965,0.00979938078671694
34.635988558,0.208391264081001,0.0122492304071784
34.645981813,0.208391264081001,0.0122492304071784
34.655984664,0.206397086381912,0.0122492490336299
34.665975006,0.205400004982948,0.00979939848184586
34.676001905,0.204402923583984,0.00734954932704568
34.686006245,0.203405827283859,0.00979938078671694
34.695986854,0.203405827283859,0.00979938078671694
34.70597522,0.202408745884895,0.00734953070059419
34.715972862,0.202408730983734,0.00244984962046146
34.725987749,0.201411664485931,0.00489968108013272
34.735974341,0.201411664485931,0.00489968108013272
34.745979527,0.200414568185806,0.00244983145967126
34.755990029,0.200414568185806,0.00244983145967126
34.765972615,0.200414568185806,0.00244983145967126
34.775999059,0.200414568185806,0.00244983145967126
34.786012457,0.199417486786842,0
34.795999574,0.199417486786842,0
34.80599245,0.198420405387878,0.00244984962046146
34.815971159,0.197423309087753,0.00979938078671694
34.825993941,0.198420390486717,0.00734953070059419
34.835977098,0.198420390486717,0.00734953070059419
34.845992183,0.198420390486717,0.00734953070059419
34.855977937,0.198420390486717,0.0122492304071784
34.865998228,0.198420390486717,0.0122492304071784
34.875975152,0.198420390486717,0.0122492304071784
34.885989101,0.198420390486717,0.0122492304071784
34.89599345,0.198420390486717,0.0122492304071784
34.905995757,0.200414568185806,0.0122492304071784
34.915972351,0.199417471885681,0.00979938078671694
34.925977835,0.200414568185806,0.00734953070059419
34.935961312,0.199417471885681,0.00979938078671694
34.945994874,0.200414568185806,0.00734953070059419
34.955976936,0.200414568185806,0.00734953070059419
34.965978776,0.200414568185806,0.00734953070059419
34.975978909,0.201411664485931,0.00489968108013272
34.986037633,0.200414568185806,0.00734953070059419
34.995971813,0.201411664485931,0.00489968108013272
35.005981257,0.201411664485931,0.00489968108013272
35.015986261,0.202408730983734,0.00244984962046146
35.025991538,0.201411664485931,0.00489968108013272
35.03597631,0.203405827283859,0.00489969924092293
35.045996257,0.201411664485931,0.00979938078671694
35.05598878,0.201411664485931,0.00489968108013272
35.065985775,0.201411664485931,0.00489968108013272
35.075989044,0.201411664485931,0.00979938078671694
35.086041683,0.202408745884895,0.00734953070059419
35.095952351,0.201411664485931,0.00979938078671694
35.106003681,0.199417471885681,0.00979938078671694
35.115991546,0.199417471885681,0.00979938078671694
35.125986767,0.198420390486717,0.0122492304071784
35.13597535,0.198420390486717,0.0122492304071784
35.14597681,0.199417471885681,0.00979938078671694
35.155980145,0.199417471885681,0.00979938078671694
35.165994683,0.199417471885681,0.00979938078671694
35.175988135,0.198420390486717,0.00734953070059419
35.186014803,0.198420390486717,0.0122492304071784
35.195918643,0.198420390486717,0.0122492304071784
35.205983195,0.199417471885681,0.00979938078671694
35.215994908,0.199417471885681,0.00979938078671694
35.22598862,0.200414568185806,0.00734953070059419
35.235987171,0.199417471885681,0.00489968108013272
35.246000359,0.198420390486717,0.00734953070059419
35.255991288,0.198420390486717,0.00734953070059419
35.266028576,0.198420390486717,0.00734953070059419
35.275978071,0.198420390486717,0.00734953070059419
35.285986195,0.197423309087753,0.00489969924092293
35.295934644,0.198420405387878,0.00244984962046146
35.305995444,0.198420405387878,0.00244984962046146
35.315980751,0.196426212787628,0.00244984962046146
35.325983764,0.196426212787628,0.00244984962046146
35.335983122,0.195429131388664,0.00489969924092293
35.345973787,0.196426212787628,0.00244984962046146
35.355971805,0.196426212787628,0.00244984962046146
35.365990241,0.195429131388664,0.00489969924092293
35.375983361,0.1944320499897,0.00244984962046146
35.385878986,0.1944320499897,0.00244984962046146
35.395998734,0.193434953689575,0.00489969924092293
35.405982107,0.193434953689575,0.00489969924092293
35.415995284,0.1944320499897,0.00244984962046146
35.425991347,0.193434953689575,0.00489969924092293
35.435993862,0.193434953689575,0.00489969924092293
35.445986602,0.192437872290611,0.00734953070059419
35.455989751,0.191440790891647,0.00489968108013272
35.465991103,0.19243785738945,0.00244984962046146
35.475978595,0.191440790891647,0.00489968108013272
35.485891877,0.190443694591522,0.00244983145967126
35.495995871,0.190443694591522,0.00244983145967126
35.505993791,0.188449531793594,0.00244984962046146
35.51599345,0.187452435493469,0.00489969924092293
35.525996883,0.186455339193344,0.00244984962046146
35.535984289,0.18545825779438,0
35.545995914,0.184461176395416,-0.00244984962046146
35.555991307,0.184461176395416,-0.00244984962046146
35.565993056,0.181469902396202,0
35.575992545,0.181469902396202,0
35.585993222,0.182466983795166,-0.00244984962046146
35.595983045,0.179475739598274,0
35.605994903,0.180472820997238,-0.00244983145967126
35.615967565,0.180472820997238,-0.00244983145967126
35.625986567,0.179475739598274,0
35.635990993,0.179475739598274,0
35.645992631,0.17847865819931,-0.00244984962046146
35.655982131,0.177481561899185,0
35.665995715,0.17648446559906,-0.00244984962046146
35.675992368,0.17648446559906,-0.00244984962046146
35.685854009,0.174490302801132,-0.00244984962046146
35.695919828,0.175487384200096,-0.00489969924092293
35.705993098,0.172496110200882,-0.00244984962046146
35.715994093,0.171499043703079,-0.00489968108013272
35.7259795,0.172496125102043,-0.00734953070059419
35.735972067,0.171499043703079,-0.00979938078671694
35.745989931,0.171499043703079,-0.00489968108013272
35.755984008,0.170501947402954,-0.00734953070059419
35.765985564,0.172496125102043,-0.00734953070059419
35.775965238,0.170501947402954,-0.00734953070059419
35.785872563,0.172496125102043,-0.00734953070059419
35.795982149,0.171499043703079,-0.00489968108013272
35.805980526,0.173493206501007,-0.00979938078671694
35.815983493,0.173493206501007,-0.00489969924092293
35.825987862,0.173493206501007,-0.00489969924092293
35.835982007,0.174490302801132,-0.00734954932704568
35.845987057,0.174490302801132,-0.00734954932704568
35.855939448,0.17648446559906,-0.00244984962046146
35.865988586,0.177481561899185,-0.00489969924092293
35.875979241,0.179475724697113,-0.00489968108013272
35.885980054,0.17847865819931,-0.00244984962046146
35.895984318,0.180472820997238,-0.00734953070059419
35.905986708,0.181469902396202,0
35.915979649,0.182466983795166,-0.00244984962046146
35.925983684,0.181469902396202,0
35.935939757,0.181469917297363,0.00489968108013272
35.945988288,0.182466983795166,0.00244984962046146
35.955982495,0.181469902396202,0
35.965986661,0.180472820997238,0.00244983145967126
35.97598362,0.179475724697113,0.00489968108013272
35.985982419,0.17847865819931,0.00244984962046146
35.995987513,0.17648446559906,0.00734954932704568
36.005986831,0.174490302801132,0.00244984962046146
36.015917509,0.174490302801132,0.00244984962046146
36.025982545,0.174490302801132,-0.00244984962046146
36.03602948,0.174490302801132,-0.00244984962046146
36.045985337,0.172496110200882,-0.00244984962046146
36.055981947,0.172496110200882,-0.00244984962046146
36.065981941,0.173493206501007,-0.00489969924092293
36.075986485,0.173493206501007,-0.00489969924092293
36.085978935,0.175487384200096,-0.00489969924092293
36.095893802,0.17648446559906,-0.00734954932704568
36.10599105,0.178478643298149,-0.00734953070059419
36.115981946,0.178478643298149,-0.00734953070059419
36.125988402,0.179475724697113,-0.00489968108013272
36.135988045,0.181469917297363,-0.00489968108013272
36.145982324,0.183464080095291,-0.00489969924092293
36.155984707,0.18545825779438,-0.00489969924092293
36.165982926,0.186455339193344,-0.00244984962046146
36.175923359,0.187452435493469,-0.00489969924092293
36.185990801,0.189446598291397,-0.00489968108013272
36.195988332,0.190443694591522,-0.00244983145967126
36.205987845,0.190443694591522,0.00244983145967126
36.215982297,0.19243785738945,0.00244984962046146
36.225983187,0.1944320499897,0.00244984962046146
36.235982634,0.1944320499897,0.00244984962046146
36.245977168,0.195429131388664,0.00489969924092293
36.255904056,0.196426212787628,0.00244984962046146
36.265984962,0.195429131388664,0.00489969924092293
36.275981919,0.198420390486717,0.00734953070059419
36.285995562,0.197423309087753,0.00979938078671694
36.295989351,0.198420390486717,0.00734953070059419
36.305995302,0.199417471885681,0.00489968108013272
36.315987287,0.199417471885681,0.00489968108013272
36.325984655,0.200414568185806,0.00734953070059419
36.335848183,0.200414568185806,0.00734953070059419
36.345987377,0.201411664485931,0.00489968108013272
36.355986702,0.202408745884895,0.00734953070059419
36.365984352,0.204402923583984,0.00244984962046146
36.375983675,0.204402923583984,0.00244984962046146
36.385979397,0.205400004982948,0.00489969924092293
36.395995621,0.207394182682037,0.00489969924092293
36.405982892,0.207394182682037,0.00489969924092293
36.415846291,0.208391278982162,0.00734954932704568
36.425986544,0.209388360381126,0.00489969924092293
36.435985349,0.211382538080215,0.00489968108013272
36.445984783,0.212379619479179,0.00734953070059419
36.455982209,0.211382538080215,0.00489968108013272
36.465986797,0.211382538080215,0.00979938078671694
36.475986859,0.212379619479179,0.00734953070059419
36.485986856,0.213376700878143,0.00489968108013272
36.495846387,0.212379619479179,0.00734953070059419
36.505989297,0.214373797178268,0.00734953070059419
36.515950638,0.214373797178268,0.00244984962046146
36.525982541,0.213376700878143,0.00489968108013272
36.535986088,0.213376700878143,0.00489968108013272
36.545953144,0.213376700878143,0.00489968108013272
36.555980549,0.213376700878143,0.00489968108013272
36.565982323,0.214373797178268,0.00244984962046146
36.575843171,0.212379619479179,0.00244983145967126
36.585992545,0.211382538080215,0.00489968108013272
36.59599144,0.212379619479179,0.00244983145967126
36.605984077,0.21038544178009,0.00244984962046146
36.615980701,0.21038544178009,0.00734953070059419
36.625984344,0.21038544178009,0.00244984962046146
36.635981932,0.208391278982162,0.00244984962046146
36.64598386,0.208391278982162,0.00244984962046146
36.655836764,0.207394182682037,0.00489969924092293
36.665991866,0.207394182682037,0.00489969924092293
36.675990816,0.207394182682037,0.00489969924092293
36.685986985,0.207394182682037,0.00489969924092293
36.695984423,0.205400004982948,0.00489969924092293
36.705982344,0.205400004982948,0.00489969924092293
36.71598248,0.205400004982948,0
36.725984149,0.204402923583984,0.00244984962046146
36.735836342,0.204402923583984,0.00244984962046146
36.746014496,0.203405827283859,0
36.755987505,0.203405827283859,0
36.765981316,0.20141164958477,0
36.775982624,0.20141164958477,0
36.785988506,0.201411664485931,-0.00489968108013272
36.795982882,0.20141164958477,0
36.806003565,0.20141164958477,0
36.815828662,0.200414568185806,0.00244983145967126
36.825987552,0.200414568185806,0.00244983145967126
36.835989977,0.200414568185806,0.00244983145967126
36.845985291,0.201411664485931,0.00489968108013272
36.855984847,0.201411664485931,0.00489968108013272
36.865982056,0.202408730983734,0.00244984962046146
36.875984554,0.201411664485931,0.00489968108013272
36.885731055,0.199417471885681,0.00979938078671694
36.895831941,0.199417471885681,0.00489968108013272
36.905994689,0.200414568185806,0.00734953070059419
36.915982061,0.200414568185806,0.00734953070059419
36.925981055,0.200414568185806,0.00734953070059419
36.935988333,0.199417471885681,0.00489968108013272
36.945982287,0.198420405387878,0.00244984962046146
36.955982998,0.197423309087753,0.00489969924092293
36.965982486,0.196426212787628,0.00734954932704568
36.975806293,0.195429131388664,0.00489969924092293
36.985769746,0.196426212787628,0.00244984962046146
36.995985399,0.196426212787628,0.00244984962046146
37.005982321,0.1944320499897,0.00244984962046146
37.015989854,0.195429131388664,0
37.025984597,0.195429131388664,0
37.03601157,0.196426212787628,0.00244984962046146
37.045980355,0.195429131388664,0
37.055801385,0.196426212787628,0.00244984962046146
37.065979644,0.196426212787628,0.00244984962046146
37.075984414,0.199417486786842,0
37.085965491,0.199417486786842,0
37.09598725,0.199417486786842,0
37.105977707,0.20141164958477,0
37.115995138,0.202408730983734,-0.00244984962046146
37.125980361,0.20141164958477,0
37.135806001,0.202408730983734,-0.00244984962046146
37.145981955,0.204402923583984,0.00244984962046146
37.155982108,0.205400004982948,-0.00489969924092293
37.165984531,0.206397086381912,-0.00244984962046146
37.175986326,0.205400004982948,0
37.185985439,0.205400004982948,0
37.195981991,0.207394182682037,0
37.205980335,0.206397086381912,-0.00244984962046146
37.215799463,0.204402923583984,0.00244984962046146
37.225986367,0.205400004982948,0
37.235983094,0.205400004982948,0
37.245973165,0.205400004982948,0
37.255984369,0.204402923583984,0.00244984962046146
37.265982599,0.203405827283859,0
37.275991313,0.203405827283859,0
37.285984194,0.204402923583984,-0.00244984962046146
37.295733359,0.203405827283859,0
37.305990048,0.203405827283859,0
37.315993743,0.203405827283859,0
37.325994025,0.203405827283859,0
37.335981349,0.202408730983734,0.00244984962046146
37.34598209,0.202408730983734,0.00244984962046146
37.355990593,0.202408730983734,0.00244984962046146
37.365980279,0.202408730983734,0.00244984962046146
37.375737001,0.202408730983734,0.00244984962046146
37.38598069,0.201411664485931,0.00489968108013272
37.395984675,0.200414568185806,0.00244983145967126
37.405996407,0.20141164958477,0
37.415982694,0.200414568185806,0.00244983145967126
37.425982536,0.200414568185806,0.00244983145967126
37.43598455,0.200414568185806,0.00244983145967126
37.445992207,0.199417486786842,0
37.455731931,0.199417486786842,0
37.465985083,0.199417486786842,0
37.475979339,0.199417486786842,0
37.485991167,0.199417486786842,0
37.495987403,0.198420405387878,0.00244984962046146
37.505982979,0.197423309087753,0.00489969924092293
37.515998209,0.197423309087753,0.00489969924092293
37.525989971,0.196426212787628,0.00244984962046146
37.535759133,0.196426212787628,0.00244984962046146
37.545977727,0.195429131388664,0.00489969924092293
37.555981549,0.1944320499897,0.00244984962046146
37.565989238,0.193434953689575,0.00489969924092293
37.575989875,0.191440790891647,0.00489968108013272
37.58598379,0.190443694591522,0.00734953070059419
37.595981976,0.191440790891647,0.00489968108013272
37.605990717,0.189446598291397,0.00489968108013272
37.615721359,0.189446613192558,0
37.62599144,0.189446598291397,0.00489968108013272
37.635987884,0.188449531793594,0.00244984962046146
37.645987679,0.187452435493469,0
37.655982436,0.186455339193344,0.00244984962046146
37.665987096,0.186455339193344,0.00244984962046146
37.675992786,0.186455339193344,0.00244984962046146
37.68598652,0.186455339193344,-0.00244984962046146
37.695690155,0.184461176395416,-0.00244984962046146
37.705991192,0.18545825779438,-0.00489969924092293
37.715984038,0.18545825779438,0
37.725984408,0.18545825779438,-0.00489969924092293
37.735982655,0.186455339193344,-0.00244984962046146
37.745988844,0.186455339193344,-0.00244984962046146
37.755982919,0.188449531793594,-0.00244984962046146
37.765982757,0.189446598291397,-0.00489968108013272
37.775693722,0.191440790891647,-0.00489968108013272
37.785984115,0.191440790891647,-0.00489968108013272
37.795984202,0.193434953689575,-0.00489969924092293
37.805981617,0.193434953689575,0
37.815976611,0.195429131388664,-0.00489969924092293
37.8259852,0.197423309087753,0
37.835981399,0.197423309087753,0
37.845985033,0.200414568185806,-0.00244983145967126
37.855696763,0.200414568185806,-0.00244983145967126
37.865984794,0.20141164958477,0
37.875994534,0.20141164958477,0
37.885982095,0.202408730983734,0.00244984962046146
37.895983291,0.202408730983734,0.00244984962046146
37.905970852,0.203405827283859,0
37.915984198,0.203405827283859,0
37.925986491,0.202408730983734,-0.00244984962046146
37.93567537,0.202408730983734,-0.00244984962046146
37.945984056,0.202408730983734,-0.00244984962046146
37.95600158,0.202408730983734,-0.00244984962046146
37.965984374,0.201411664485931,-0.00489968108013272
37.975975387,0.201411664485931,-0.00489968108013272
37.985990713,0.202408745884895,-0.00734953070059419
37.995978387,0.203405827283859,-0.00979938078671694
38.005977561,0.203405827283859,-0.00979938078671694
38.015676664,0.202408745884895,-0.00734953070059419
38.025966758,0.204402923583984,-0.00734954932704568
38.035981104,0.204402923583984,-0.00734954932704568
38.045996478,0.203405827283859,-0.00489969924092293
38.055987869,0.204402923583984,-0.00244984962046146
38.065985497,0.205400004982948,-0.00489969924092293
38.075990491,0.205400004982948,-0.00489969924092293
38.085984243,0.204402923583984,-0.00244984962046146
38.095674244,0.204402923583984,0.00244984962046146
38.105981921,0.204402923583984,0.00244984962046146
38.115974359,0.205400004982948,0
38.125990249,0.203405827283859,0
38.135980122,0.203405827283859,0
38.145986907,0.203405827283859,0
38.155974496,0.204402923583984,-0.00244984962046146
38.165985797,0.203405827283859,0
38.175668203,0.204402923583984,-0.00244984962046146
38.185975814,0.204402923583984,-0.00244984962046146
38.196000266,0.203405827283859,-0.00489969924092293
38.205982586,0.204402923583984,-0.00734954932704568
38.2159837,0.204402923583984,-0.00244984962046146
38.225983121,0.204402923583984,-0.00244984962046146
38.235985677,0.205400004982948,-0.00489969924092293
38.245986176,0.205400004982948,-0.00489969924092293
38.255667761,0.203405827283859,-0.00489969924092293
38.265969356,0.202408730983734,-0.00244984962046146
38.275979038,0.20141164958477,0
38.285981425,0.201411664485931,-0.00489968108013272
38.29598356,0.201411664485931,-0.00489968108013272
38.305984786,0.200414568185806,-0.00244983145967126
38.3159873,0.197423309087753,-0.00489969924092293
38.325983213,0.197423309087753,-0.00489969924092293
38.335667652,0.195429131388664,-0.00489969924092293
38.345966735,0.1944320499897,-0.00244984962046146
38.355988799,0.19243785738945,-0.00244984962046146
38.365982435,0.192437872290611,-0.00734953070059419
38.375984162,0.191440790891647,-0.00979938078671694
38.385977886,0.190443694591522,-0.00244983145967126
38.39599617,0.189446598291397,-0.00489968108013272
38.405996414,0.189446598291397,-0.00979938078671694
38.415663702,0.190443694591522,-0.0122492304071784
38.425974356,0.190443694591522,-0.0122492304071784
38.435985218,0.190443694591522,-0.0122492304071784
38.44597497,0.190443694591522,-0.0171489305794239
38.455981786,0.192437872290611,-0.0171489305794239
38.465982428,0.192437872290611,-0.0171489305794239
38.475965333,0.192437872290611,-0.0171489305794239
38.485984959,0.193434953689575,-0.0195987615734339
38.495660518,0.1944320499897,-0.0220486111938953
38.505983941,0.1944320499897,-0.0171489119529724
38.515995627,0.1944320499897,-0.0171489119529724
38.525972201,0.195429131388664,-0.0195987615734339
38.535980932,0.1944320499897,-0.0171489119529724
38.545982235,0.195429131388664,-0.0146990614011884
38.555994873,0.1944320499897,-0.0171489119529724
38.565988129,0.1944320499897,-0.0171489119529724
38.575654531,0.195429131388664,-0.0146990614011884
38.585971898,0.195429131388664,-0.0146990614011884
38.59599077,0.1944320499897,-0.0122492304071784
38.605973288,0.193434953689575,-0.0146990800276399
38.615987717,0.193434953689575,-0.00979938078671694
38.625979248,0.191440790891647,-0.00979938078671694
38.635988681,0.193434953689575,-0.00979938078671694
38.645984486,0.191440790891647,-0.00979938078671694
38.655655292,0.192437872290611,-0.00734953070059419
38.665987456,0.192437872290611,-0.00734953070059419
38.675992988,0.191440790891647,-0.00979938078671694
38.68597985,0.191440790891647,-0.00979938078671694
38.695990137,0.190443694591522,-0.00734953070059419
38.705976736,0.191440790891647,-0.00489968108013272
38.715999766,0.191440790891647,-0.00979938078671694
38.725986425,0.191440790891647,-0.00489968108013272
38.735652892,0.190443694591522,-0.00734953070059419
38.745434838,0.192437872290611,-0.00734953070059419
38.755996769,0.191440790891647,-0.00979938078671694
38.765982155,0.192437872290611,-0.00734953070059419
38.775986192,0.191440790891647,-0.00489968108013272
38.785992335,0.191440790891647,-0.00489968108013272
38.795973955,0.193434953689575,-0.00489969924092293
38.805995295,0.192437872290611,-0.00734953070059419
38.815651009,0.191440790891647,-0.00489968108013272
38.825993756,0.191440790891647,-0.00979938078671694
38.835993974,0.191440790891647,-0.00489968108013272
38.845977338,0.189446598291397,-0.00489968108013272
38.855973106,0.188449516892433,-0.00734953070059419
38.865983393,0.186455339193344,-0.00734954932704568
38.875994031,0.187452435493469,-0.00979938078671694
38.885993218,0.18545825779438,-0.00979939848184586
38.895645839,0.183464080095291,-0.00979938078671694
38.905992386,0.181469917297363,-0.00979938078671694
38.915993495,0.182466998696327,-0.0122492304071784
38.92594889,0.181469917297363,-0.00979938078671694
38.935989928,0.179475724697113,-0.0146990800276399
38.945981928,0.179475724697113,-0.0146990800276399
38.95597753,0.179475724697113,-0.0146990800276399
38.965969822,0.179475724697113,-0.0146990800276399
38.975646669,0.178478643298149,-0.0122492304071784
38.985975596,0.178478643298149,-0.0122492304071784
38.996002368,0.178478643298149,-0.0122492304071784
39.005970821,0.178478643298149,-0.0122492304071784
39.01598658,0.177481561899185,-0.00979938078671694
39.025975724,0.178478643298149,-0.0122492304071784
39.035995978,0.179475724697113,-0.00979938078671694
39.045985753,0.179475724697113,-0.00979938078671694
39.055646864,0.180472820997238,-0.00734953070059419
39.065984153,0.179475724697113,-0.00979938078671694
39.075994584,0.178478643298149,-0.00734953070059419
39.085995457,0.179475724697113,-0.00979938078671694
39.095988739,0.178478643298149,-0.0122492304071784
39.105998208,0.179475724697113,-0.00979938078671694
39.115981251,0.179475724697113,-0.0146990800276399
39.125985665,0.178478643298149,-0.0122492304071784
39.135648024,0.178478643298149,-0.0171489305794239
39.14598242,0.178478643298149,-0.0171489305794239
39.155975577,0.17648446559906,-0.0171489119529724
39.165993021,0.177481561899185,-0.0146990800276399
39.17598595,0.177481561899185,-0.0195987615734339
39.185992655,0.17648446559906,-0.0220486111938953
39.195985833,0.177481561899185,-0.0195987615734339
39.205986539,0.177481561899185,-0.0244984608143568
39.21563802,0.177481561899185,-0.0195987615734339
39.225990401,0.177481561899185,-0.0244984608143568
39.235981921,0.177481561899185,-0.0195987615734339
39.245986979,0.177481561899185,-0.0195987615734339
39.255983726,0.177481561899185,-0.0195987615734339
39.265986508,0.17847865819931,-0.0220486111938953
39.275982967,0.179475724697113,-0.0195987801998854
39.285995649,0.179475724697113,-0.0195987801998854
39.295643484,0.179475724697113,-0.0195987801998854
39.305973089,0.179475724697113,-0.0146990800276399
39.315985575,0.180472820997238,-0.0122492304071784
39.325979602,0.180472820997238,-0.00734953070059419
39.335981993,0.180472820997238,-0.0122492304071784
39.345986233,0.181469917297363,-0.00979938078671694
39.355989932,0.183464080095291,-0.00979938078671694
39.365981836,0.183464080095291,-0.00979938078671694
39.375636088,0.183464080095291,-0.00979938078671694
39.385982123,0.184461176395416,-0.00734954932704568
39.395985529,0.184461176395416,-0.00734954932704568
39.405981236,0.18545825779438,-0.00979939848184586
39.415982387,0.184461176395416,-0.0122492304071784
39.425992479,0.18545825779438,-0.0146990614011884
39.436005871,0.186455339193344,-0.0122492304071784
39.446012969,0.187452435493469,-0.0146990800276399
39.4556371,0.186455339193344,-0.0122492304071784
39.465982289,0.18545825779438,-0.00979939848184586
39.475993398,0.187452435493469,-0.00979938078671694
39.485980424,0.188449516892433,-0.00734953070059419
39.49598317,0.188449516892433,-0.00734953070059419
39.505983664,0.188449516892433,-0.00734953070059419
39.515983945,0.190443694591522,-0.00734953070059419
39.525982252,0.191440790891647,-0.00489968108013272
39.535539167,0.190443694591522,-0.00244983145967126
39.545987934,0.190443694591522,-0.00244983145967126
39.555984615,0.190443694591522,-0.00244983145967126
39.565990408,0.19243785738945,-0.00244984962046146
39.57535518,0.19243785738945,-0.00244984962046146
39.585369725,0.191440790891647,-0.00489968108013272
39.595372897,0.192437872290611,-0.00734953070059419
39.605389661,0.193434953689575,-0.00489969924092293
39.615344113,0.192437872290611,-0.00734953070059419
39.625424639,0.191440790891647,-0.00489968108013272
39.635454358,0.193434953689575,-0.00489969924092293
39.645341259,0.191440790891647,-0.00489968108013272
39.655387631,0.193434953689575,-0.00489969924092293
39.665999342,0.192437872290611,-0.00734953070059419
39.675990004,0.192437872290611,-0.00734953070059419
39.68599055,0.192437872290611,-0.00734953070059419
39.69562567,0.19243785738945,-0.00244984962046146
39.705994642,0.19243785738945,-0.00244984962046146
39.715976582,0.19243785738945,-0.00244984962046146
39.725993589,0.193434953689575,-0.00489969924092293
39.735985198,0.1944320499897,-0.00734954932704568
39.745994828,0.196426212787628,-0.00734954932704568
39.755985639,0.196426212787628,-0.00734954932704568
39.76599488,0.198420390486717,-0.00734953070059419
39.7756244,0.198420390486717,-0.00734953070059419
39.785995129,0.199417471885681,-0.00489968108013272
39.795976765,0.200414568185806,-0.00734953070059419
39.80599691,0.201411664485931,-0.00979938078671694
39.815975491,0.203405827283859,-0.00489969924092293
39.825992861,0.204402923583984,-0.00734954932704568
39.835973996,0.204402923583984,-0.00244984962046146
39.845995056,0.205400004982948,-0.00489969924092293
39.855621963,0.206397086381912,-0.00244984962046146
39.866006171,0.206397086381912,-0.00244984962046146
39.875982445,0.208391278982162,-0.00244984962046146
39.88599665,0.21038544178009,-0.00244984962046146
39.895982773,0.21038544178009,-0.00244984962046146
39.905990348,0.211382538080215,0
39.915980125,0.212379619479179,-0.00244983145967126
39.925990355,0.212379619479179,-0.00244983145967126
39.935628538,0.213376700878143,-0.00489968108013272
39.945989738,0.214373797178268,-0.00244984962046146
39.955976848,0.214373797178268,-0.00734953070059419
39.965985646,0.215370878577232,-0.00489969924092293
39.975982221,0.215370878577232,-0.00489969924092293
39.985992781,0.215370878577232,-0.00489969924092293
39.995988023,0.217365056276321,-0.00489969924092293
40.005994584,0.217365056276321,-0.00489969924092293
40.015614867,0.21935923397541,-0.00489969924092293
40.025991041,0.220356315374374,-0.00244984962046146
40.035982231,0.2213534116745,-0.00489968108013272
40.045996359,0.2213534116745,-0.00489968108013272
40.055994141,0.222350493073463,-0.00244983145967126
40.065988272,0.224344670772552,-0.00244984962046146
40.075987953,0.224344670772552,-0.00244984962046146
40.085986772,0.225341752171516,-0.00489969924092293
40.095612009,0.227335929870605,-0.00489969924092293
40.105988626,0.227335929870605,-0.00489969924092293
40.115982547,0.22633883357048,-0.00734954932704568
40.125983528,0.22633883357048,-0.00734954932704568
40.13599562,0.22633883357048,-0.00734954932704568
40.1459924,0.228333026170731,-0.00734954932704568
40.155982098,0.229330092668533,-0.00979938078671694
40.165988123,0.229330092668533,-0.00979938078671694
40.175612101,0.229330092668533,-0.00979938078671694
40.186001649,0.230327188968658,-0.00734953070059419
40.196001504,0.229330092668533,-0.00979938078671694
40.205999586,0.231324285268784,-0.00979938078671694
40.215987964,0.231324285268784,-0.00979938078671694
40.226004534,0.233318448066711,-0.00979938078671694
40.235986902,0.233318448066711,-0.00979938078671694
40.245998947,0.232321366667747,-0.0122492304071784
40.25560711,0.232321366667747,-0.00734953070059419
40.266000996,0.230327188968658,-0.00734953070059419
40.275980181,0.231324285268784,-0.00979938078671694
40.285990538,0.229330092668533,-0.00979938078671694
40.295980162,0.229330092668533,-0.00979938078671694
40.305991309,0.227335929870605,-0.00979939848184586
40.31598243,0.225341767072678,-0.00979938078671694
40.325989904,0.223347574472427,-0.00979938078671694
40.335603671,0.2213534116745,-0.00979938078671694
40.345995681,0.220356315374374,-0.00734953070059419
40.355985135,0.218362137675285,-0.0122492304071784
40.3660008,0.218362137675285,-0.0122492304071784
40.375976536,0.216367974877357,-0.0122492304071784
40.385990655,0.216367974877357,-0.0122492304071784
40.395998544,0.213376700878143,-0.00979938078671694
40.405988485,0.214373797178268,-0.0122492304071784
40.415604193,0.213376700878143,-0.00979938078671694
40.42599587,0.212379619479179,-0.0122492304071784
40.435982162,0.212379619479179,-0.0122492304071784
40.445995209,0.212379619479179,-0.0122492304071784
40.455986104,0.212379619479179,-0.0122492304071784
40.465994669,0.211382538080215,-0.0146990800276399
40.475962204,0.212379619479179,-0.0122492304071784
40.48599854,0.211382538080215,-0.0146990800276399
40.495602114,0.213376700878143,-0.0146990800276399
40.505987059,0.211382538080215,-0.0146990800276399
40.515947511,0.213376700878143,-0.0146990800276399
40.525947809,0.213376700878143,-0.0146990800276399
40.536001242,0.213376700878143,-0.0146990800276399
40.545993467,0.213376700878143,-0.0146990800276399
40.555963384,0.214373797178268,-0.0171489305794239
40.565994742,0.214373797178268,-0.0171489305794239
40.575598439,0.214373797178268,-0.0171489305794239
40.585222723,0.214373797178268,-0.0171489305794239
40.595889148,0.213376700878143,-0.0195987801998854
40.605851635,0.214373797178268,-0.0171489305794239
40.61588973,0.214373797178268,-0.0220486111938953
40.625857716,0.215370878577232,-0.0195987615734339
40.635852964,0.216367959976196,-0.0171489119529724
40.645953763,0.216367959976196,-0.0220486111938953
40.655591379,0.217365056276321,-0.0195987615734339
40.665953516,0.218362152576447,-0.0171489119529724
40.675990801,0.218362152576447,-0.0171489119529724
40.685975578,0.220356315374374,-0.0171489305794239
40.695976049,0.222350493073463,-0.0171489305794239
40.705957708,0.222350493073463,-0.0171489305794239
40.715946396,0.223347574472427,-0.0146990800276399
40.725960771,0.223347574472427,-0.0146990800276399
40.735587766,0.224344670772552,-0.0171489305794239
40.745977146,0.225341767072678,-0.0146990800276399
40.755946877,0.225341767072678,-0.00979938078671694
40.76595868,0.226338848471642,-0.0122492304071784
40.775949018,0.225341767072678,-0.0146990800276399
40.786001965,0.223347574472427,-0.0146990800276399
40.795953426,0.223347574472427,-0.0146990800276399
40.806033962,0.224344670772552,-0.0171489305794239
40.815583687,0.223347574472427,-0.0146990800276399
40.825954485,0.223347574472427,-0.0146990800276399
40.835972219,0.222350493073463,-0.0122492304071784
40.845954843,0.2213534116745,-0.0146990800276399
40.855970103,0.220356315374374,-0.0171489305794239
40.865955309,0.220356315374374,-0.0171489305794239
40.875979216,0.2213534116745,-0.0146990800276399
40.885991307,0.222350493073463,-0.0171489305794239
40.895584103,0.2213534116745,-0.0146990800276399
40.905986925,0.220356315374374,-0.0122492304071784
40.915977602,0.220356315374374,-0.0122492304071784
40.925958312,0.220356315374374,-0.0171489305794239
40.935974275,0.220356315374374,-0.0171489305794239
40.945164204,0.219359219074249,-0.0146990800276399
40.955980874,0.219359219074249,-0.0146990800276399
40.965964677,0.217365056276321,-0.0146990614011884
40.975600075,0.217365056276321,-0.0146990614011884
40.985971633,0.216367974877357,-0.0122492304071784
40.996040627,0.216367974877357,-0.0122492304071784
41.00601482,0.215370893478394,-0.0146990800276399
41.016021189,0.213376700878143,-0.0146990800276399
41.025979335,0.213376700878143,-0.00979938078671694
41.036020884,0.211382538080215,-0.00979938078671694
41.046004371,0.211382538080215,-0.00979938078671694
41.055594399,0.209388345479965,-0.00979938078671694
41.066025745,0.209388345479965,-0.00979938078671694
41.075980516,0.207394182682037,-0.00979939848184586
41.086015779,0.207394182682037,-0.00979939848184586
41.095985137,0.205400004982948,-0.00979939848184586
41.106008843,0.204402923583984,-0.00734954932704568
41.115975634,0.204402923583984,-0.00734954932704568
41.125978629,0.202408745884895,-0.00734953070059419
41.13558913,0.202408745884895,-0.00734953070059419
41.145986936,0.199417471885681,-0.00489968108013272
41.156012386,0.199417471885681,-0.00489968108013272
41.165970017,0.199417471885681,-0.00489968108013272
41.176024279,0.197423309087753,-0.00489969924092293
41.186003407,0.195429131388664,-0.00489969924092293
41.196006224,0.1944320499897,-0.00244984962046146
41.206020043,0.193434953689575,-0.00489969924092293
41.215588683,0.191440790891647,-0.00489968108013272
41.226015141,0.190443694591522,-0.00734953070059419
41.236011106,0.188449516892433,-0.00734953070059419
41.246017831,0.188449516892433,-0.00734953070059419
41.255979923,0.186455339193344,-0.00734954932704568
41.266003326,0.184461176395416,-0.00734954932704568
41.276018509,0.183464080095291,-0.00979938078671694
41.286013741,0.181469917297363,-0.00489968108013272
41.295580245,0.181469917297363,-0.00979938078671694
41.305982324,0.180472820997238,-0.00734953070059419
41.316003727,0.180472820997238,-0.00734953070059419
41.326015936,0.179475724697113,-0.00489968108013272
41.336029391,0.179475724697113,-0.00489968108013272
41.346022929,0.180472820997238,-0.00734953070059419
41.35601571,0.180472820997238,-0.00734953070059419
41.366005204,0.179475724697113,-0.00489968108013272
41.375556347,0.180472820997238,-0.00244983145967126
41.385997619,0.182466998696327,-0.00734953070059419
41.395210489,0.181469917297363,-0.00489968108013272
41.406023573,0.181469917297363,-0.00489968108013272
41.415977867,0.182466983795166,-0.00244984962046146
41.425989042,0.183464080095291,-0.00489969924092293
41.43600609,0.183464080095291,-0.00489969924092293
41.446008653,0.183464080095291,-0.00489969924092293
41.455549092,0.184461176395416,-0.00244984962046146
41.46600803,0.18545825779438,-0.00489969924092293
41.475984534,0.18545825779438,-0.00489969924092293
41.486015533,0.184461176395416,-0.00244984962046146
41.49532509,0.186455339193344,-0.00244984962046146
41.506010131,0.186455339193344,-0.00244984962046146
41.516009305,0.18545825779438,-0.00489969924092293
41.526021495,0.184461176395416,-0.00244984962046146
41.535558,0.18545825779438,-0.00489969924092293
41.546019305,0.18545825779438,0
41.556008843,0.18545825779438,-0.00489969924092293
41.566021319,0.18545825779438,-0.00489969924092293
41.576011561,0.184461176395416,-0.00244984962046146
41.586013835,0.186455339193344,-0.00244984962046146
41.595507734,0.184461176395416,-0.00244984962046146
41.606023895,0.184461176395416,-0.00244984962046146
41.615523104,0.186455339193344,-0.00244984962046146
41.625977529,0.186455339193344,-0.00244984962046146
41.636021589,0.187452435493469,0
41.645775144,0.186455339193344,-0.00244984962046146
41.655992793,0.186455339193344,0.00244984962046146
41.665971687,0.187452435493469,0.00489969924092293
41.675954535,0.189446598291397,0.00489968108013272
41.685990174,0.188449531793594,0.00244984962046146
41.695514054,0.189446598291397,0.00489968108013272
41.705983564,0.191440790891647,0.00489968108013272
41.715999417,0.191440790891647,0.00489968108013272
41.725982271,0.193434953689575,0.00489969924092293
41.735978722,0.193434953689575,0.00489969924092293
41.745991397,0.195429131388664,0.00979939848184586
41.755990827,0.196426212787628,0.00734954932704568
41.76598171,0.196426212787628,0.00734954932704568
41.775497805,0.197423309087753,0.00489969924092293
41.786007284,0.199417471885681,0.00979938078671694
41.795242871,0.201411664485931,0.00489968108013272
41.806009604,0.200414568185806,0.00734953070059419
41.815975441,0.202408745884895,0.00734953070059419
41.825250636,0.203405827283859,0.00979938078671694
41.83524626,0.203405827283859,0.00979938078671694
41.845987378,0.204402923583984,0.00734954932704568
41.855493046,0.205400004982948,0.00489969924092293
41.866007495,0.206397086381912,0.00734954932704568
41.875990674,0.206397086381912,0.00734954932704568
41.885994495,0.206397086381912,0.00734954932704568
41.895213189,0.206397086381912,0.0122492490336299
41.905235815,0.208391278982162,0.00734954932704568
41.91520761,0.207394182682037,0.00979939848184586
41.925982128,0.207394182682037,0.00489969924092293
41.935213341,0.208391278982162,0.00734954932704568
41.945206771,0.207394182682037,0.00489969924092293
41.955174613,0.208391278982162,0.00734954932704568
41.965178877,0.208391278982162,0.00734954932704568
41.975219735,0.209388345479965,0.00979938078671694
41.985209967,0.21038544178009,0.00734953070059419
41.995199214,0.21038544178009,0.00734953070059419
42.005203178,0.21038544178009,0.0122492304071784
42.015466771,0.211382538080215,0.00979938078671694
42.025204564,0.212379619479179,0.0122492304071784
42.03520303,0.212379619479179,0.0122492304071784
42.045196389,0.213376700878143,0.0146990800276399
42.055203072,0.212379619479179,0.0171489305794239
42.06520072,0.212379619479179,0.0122492304071784
42.075208224,0.212379619479179,0.0122492304071784
42.085204382,0.211382538080215,0.0146990800276399
42.095197304,0.211382538080215,0.0146990800276399
42.105206527,0.21038544178009,0.0122492304071784
42.115194374,0.208391264081001,0.0171489305794239
42.125204919,0.206397086381912,0.0171489119529724
42.135204581,0.205400019884109,0.0146990800276399
42.145198455,0.204402923583984,0.0122492304071784
42.155200451,0.202408745884895,0.0122492304071784
42.16519876,0.201411664485931,0.0146990800276399
42.175268355,0.199417471885681,0.0146990800276399
42.185194273,0.198420390486717,0.0122492304071784
42.195195507,0.197423309087753,0.00979938078671694
42.205198097,0.197423309087753,0.00979938078671694
42.215198894,0.195429131388664,0.00489969924092293
42.225140821,0.195429131388664,0.00489969924092293
42.235170724,0.195429131388664,0.00489969924092293
42.245123115,0.1944320499897,0.00734954932704568
42.255188053,0.195429131388664,0.00489969924092293
42.265142906,0.1944320499897,0.00244984962046146
42.275139144,0.1944320499897,0.00244984962046146
42.285131567,0.193434953689575,0.00489969924092293
42.295138798,0.193434953689575,0.00489969924092293
42.305121947,0.19243785738945,0.00244984962046146
42.31514596,0.1944320499897,0.00244984962046146
42.325135289,0.193434953689575,0.00489969924092293
42.335172312,0.193434953689575,0
42.345144067,0.193434953689575,0
42.355142373,0.193434953689575,0
42.365073883,0.19243785738945,0.00244984962046146
42.375100297,0.193434953689575,0
42.385119623,0.193434953689575,-0.00489969924092293
42.395119226,0.19243785738945,-0.00244984962046146
42.405139588,0.193434953689575,0
42.415144115,0.19243785738945,-0.00244984962046146
42.425132673,0.191440790891647,-0.00489968108013272
42.435140629,0.190443694591522,0.00244983145967126
42.4451098,0.190443694591522,-0.00244983145967126
42.455143196,0.189446613192558,0
42.465125143,0.190443694591522,-0.00244983145967126
42.475110007,0.188449531793594,-0.00244984962046146
42.485125227,0.189446613192558,0
42.495163455,0.188449531793594,-0.00244984962046146
42.505137119,0.186455339193344,-0.00244984962046146
42.515060569,0.187452435493469,0
42.525128956,0.187452435493469,0
42.535123687,0.186455339193344,-0.00244984962046146
42.545119125,0.187452435493469,0
42.555064479,0.186455339193344,-0.00244984962046146
42.565103066,0.18545825779438,0
42.575063227,0.18545825779438,0
42.585100015,0.184461176395416,0.00244984962046146
42.595040385,0.18545825779438,0
42.605056862,0.18545825779438,0
42.615046215,0.184461176395416,-0.00244984962046146
42.625067309,0.184461176395416,-0.00244984962046146
42.635035617,0.184461176395416,-0.00244984962046146
42.645066059,0.183464080095291,0
42.655033297,0.183464080095291,0
42.665034675,0.184461176395416,-0.00244984962046146
42.675039949,0.184461176395416,-0.00244984962046146
42.68506498,0.183464080095291,-0.00489969924092293
42.695035902,0.182466983795166,-0.00244984962046146
42.705057015,0.182466983795166,-0.00244984962046146
42.715075813,0.181469902396202,0
42.725065179,0.182466983795166,0.00244984962046146
42.735057573,0.182466983795166,0.00244984962046146
42.745033116,0.182466983795166,-0.00244984962046146
42.755036092,0.182466983795166,-0.00244984962046146
42.765029116,0.181469902396202,0
42.775033437,0.181469902396202,0
42.78503515,0.181469902396202,0
42.79503175,0.181469902396202,0
42.805060145,0.181469902396202,0
42.815074747,0.182466983795166,0.00244984962046146
42.825031917,0.181469902396202,0
42.835056803,0.181469902396202,0
42.845013703,0.180472820997238,0.00244983145967126
42.855049605,0.180472820997238,0.00244983145967126
42.865051726,0.180472820997238,0.00244983145967126
42.87500699,0.180472820997238,0.00244983145967126
42.884986095,0.182466983795166,0.00244984962046146
42.895124792,0.181469917297363,0.00489968108013272
42.905011116,0.181469917297363,0.00489968108013272
42.915012782,0.180472820997238,0.00244983145967126
42.925006728,0.180472820997238,0.00244983145967126
42.935008103,0.180472820997238,0.00244983145967126
42.944994199,0.17847865819931,0.00244984962046146
42.954986027,0.17847865819931,0.00244984962046146
42.964986161,0.177481561899185,0.00489969924092293
42.975009585,0.17648446559906,0.00244984962046146
42.98500303,0.173493206501007,0.00489969924092293
42.995054135,0.173493206501007,0
43.005002598,0.172496110200882,0.00244984962046146
43.014990163,0.171499028801918,0
43.025007982,0.170501947402954,0.00244983145967126
43.034981794,0.168507784605026,0.00244984962046146
43.044981693,0.169504851102829,0.00489968108013272
43.055001255,0.168507784605026,0.00244984962046146
43.064988561,0.168507784605026,0.00244984962046146
43.074957866,0.169504851102829,0.00489968108013272
43.084989098,0.168507784605026,0.00244984962046146
43.095019396,0.169504851102829,0.00489968108013272
43.105009886,0.170501947402954,0.00244983145967126
43.115029793,0.171499043703079,0.00489968108013272
43.125008814,0.171499043703079,0.00489968108013272
43.13503168,0.174490302801132,0.00734954932704568
43.145016778,0.17648446559906,0.00244984962046146
43.154998841,0.177481561899185,0.00489969924092293
43.165015711,0.17847865819931,0.00244984962046146
43.175004945,0.179475724697113,0.00489968108013272
43.185005329,0.181469917297363,0.00489968108013272
43.195009738,0.181469917297363,0.00489968108013272
43.205023652,0.182466998696327,0.00734953070059419
43.215016323,0.183464080095291,0.00489969924092293
43.225004852,0.183464080095291,0.00489969924092293
43.235008578,0.184461176395416,0.00244984962046146
43.245008273,0.183464080095291,0.00489969924092293
43.255009845,0.183464080095291,0.00489969924092293
43.265008494,0.184461176395416,0.00244984962046146
43.275039487,0.184461176395416,0.00244984962046146
43.285022865,0.18545825779438,0
43.295035065,0.18545825779438,0
43.305002418,0.184461176395416,-0.00244984962046146
43.314962819,0.184461176395416,0.00244984962046146
43.324986286,0.186455339193344,-0.00244984962046146
43.334992843,0.184461176395416,-0.00244984962046146
43.344960386,0.184461176395416,-0.00244984962046146
43.354990081,0.184461176395416,-0.00244984962046146
43.364993719,0.18545825779438,0
43.3750036,0.184461176395416,-0.00244984962046146
43.38496625,0.183464080095291,0
43.394987905,0.184461176395416,-0.00244984962046146
43.404990015,0.184461176395416,-0.00244984962046146
43.414977531,0.184461176395416,-0.00244984962046146
43.424987861,0.183464080095291,0
43.434985477,0.18545825779438,0
43.444957114,0.18545825779438,0
43.454991159,0.186455339193344,0.00244984962046146
43.464990252,0.18545825779438,0
43.474987864,0.186455339193344,0.00244984962046146
43.484990095,0.186455339193344,0.00244984962046146
43.494985667,0.186455339193344,0.00244984962046146
43.505005533,0.187452435493469,0.00489969924092293
43.514999401,0.187452435493469,0
43.524987712,0.188449531793594,0.00244984962046146
43.534985807,0.187452435493469,0
43.544988406,0.187452435493469,0
43.554963242,0.188449531793594,-0.00244984962046146
43.56499064,0.187452435493469,0
43.574987772,0.187452435493469,0
43.584948648,0.188449531793594,-0.00244984962046146
43.594995726,0.188449531793594,0.00244984962046146
43.604988642,0.187452435493469,0
43.614987279,0.188449531793594,0.00244984962046146
43.624956095,0.187452435493469,0
43.634990072,0.187452435493469,0.00489969924092293
43.644956763,0.188449531793594,0.00244984962046146
43.65501227,0.186455339193344,0.00244984962046146
43.665010304,0.186455339193344,0.00244984962046146
43.675047291,0.187452435493469,0
43.685002103,0.187452435493469,0
43.694988132,0.186455339193344,-0.00244984962046146
43.705014055,0.188449531793594,-0.00244984962046146
43.715023187,0.186455339193344,-0.00244984962046146
43.724993256,0.187452435493469,-0.00489969924092293
43.734955382,0.186455339193344,-0.00734954932704568
43.744988816,0.186455339193344,-0.00734954932704568
43.754980375,0.188449516892433,-0.00734953070059419
43.764959409,0.188449516892433,-0.00734953070059419
43.774989364,0.187452435493469,-0.00979938078671694
43.78498549,0.187452435493469,-0.00489969924092293
43.794956233,0.188449516892433,-0.00734953070059419
43.804991531,0.186455339193344,-0.00734954932704568
43.814989433,0.187452435493469,-0.00979938078671694
43.824983748,0.188449516892433,-0.00734953070059419
43.834990764,0.189446598291397,-0.00979938078671694
43.844989101,0.190443694591522,-0.00734953070059419
43.854982572,0.190443694591522,-0.00734953070059419
43.86498554,0.190443694591522,-0.00734953070059419
43.874991196,0.191440790891647,-0.00489968108013272
43.88499196,0.191440790891647,-0.00979938078671694
43.894992558,0.192437872290611,-0.00734953070059419
43.905015724,0.193434953689575,-0.00979938078671694
43.914990668,0.1944320499897,-0.00734954932704568
43.924982268,0.193434953689575,-0.00979938078671694
43.934992638,0.1944320499897,-0.00734954932704568
43.944985409,0.192437872290611,-0.00734953070059419
43.954989297,0.190443694591522,-0.00734953070059419
43.964986645,0.192437872290611,-0.0122492304071784
43.974982617,0.190443694591522,-0.0122492304071784
43.984985651,0.191440790891647,-0.00979938078671694
43.994995758,0.190443694591522,-0.0122492304071784
44.005011889,0.190443694591522,-0.0122492304071784
44.014994175,0.189446598291397,-0.0146990800276399
44.024987506,0.188449516892433,-0.0122492304071784
44.034983136,0.187452435493469,-0.0146990800276399
44.044985387,0.187452435493469,-0.0146990800276399
44.054988078,0.188449516892433,-0.0171489305794239
44.064983268,0.186455339193344,-0.0122492304071784
44.07498985,0.187452435493469,-0.0146990800276399
44.084990428,0.184461176395416,-0.0171489119529724
44.094992207,0.184461176395416,-0.0171489119529724
44.105007406,0.183464080095291,-0.0146990800276399
44.114954211,0.183464080095291,-0.0146990800276399
44.124986682,0.183464080095291,-0.0146990800276399
44.134958874,0.181469917297363,-0.0146990800276399
44.144993085,0.181469917297363,-0.0146990800276399
44.154985328,0.180472820997238,-0.0122492304071784
44.164989222,0.180472820997238,-0.0122492304071784
44.175000814,0.180472820997238,-0.0122492304071784
44.185009136,0.181469917297363,-0.00979938078671694
44.194947262,0.180472820997238,-0.00734953070059419
44.205037042,0.180472820997238,-0.00734953070059419
44.215012236,0.179475724697113,-0.00489968108013272
44.224955129,0.179475724697113,-0.00489968108013272
44.235010959,0.180472820997238,-0.00244983145967126
44.245005695,0.180472820997238,-0.00734953070059419
44.255011963,0.180472820997238,-0.00734953070059419
44.26501522,0.180472820997238,-0.00734953070059419
44.275021299,0.179475724697113,-0.00489968108013272
44.285037485,0.180472820997238,-0.00734953070059419
44.29486387,0.179475724697113,-0.00979938078671694
44.305030042,0.179475724697113,-0.00979938078671694
44.315018004,0.180472820997238,-0.0122492304071784
44.324956627,0.179475724697113,-0.0146990800276399
44.335016078,0.178478643298149,-0.0122492304071784
44.345012969,0.178478643298149,-0.00734953070059419
44.355009338,0.177481561899185,-0.00979938078671694
44.365014961,0.177481561899185,-0.00979938078671694
44.375019653,0.17648446559906,-0.0122492304071784
44.384949834,0.174490302801132,-0.0122492304071784
44.394832697,0.175487384200096,-0.00979939848184586
44.404973164,0.174490302801132,-0.0122492304071784
44.415017568,0.171499043703079,-0.00979938078671694
44.424989822,0.171499043703079,-0.00979938078671694
44.435016276,0.172496125102043,-0.0122492304071784
44.445024934,0.171499043703079,-0.0146990800276399
44.455019253,0.170501947402954,-0.0122492304071784
44.465020866,0.170501947402954,-0.0122492304071784
44.475014876,0.170501947402954,-0.0122492304071784
44.485017977,0.169504851102829,-0.00979938078671694
44.494839587,0.169504851102829,-0.00979938078671694
44.505027012,0.169504851102829,-0.00489968108013272
44.515012143,0.169504851102829,-0.00489968108013272
44.524952336,0.169504851102829,-0.00489968108013272
44.535002378,0.169504851102829,-0.00489968108013272
44.544982677,0.168507784605026,-0.00244984962046146
44.555020665,0.169504851102829,-0.00489968108013272
44.56501766,0.169504851102829,-0.00489968108013272
44.575010143,0.169504851102829,-0.00489968108013272
44.585013651,0.171499043703079,-0.00489968108013272
44.595014662,0.170501947402954,-0.00734953070059419
44.605034523,0.170501947402954,-0.00734953070059419
44.615012997,0.172496125102043,-0.00734953070059419
44.624988414,0.172496125102043,-0.00734953070059419
44.635016891,0.172496125102043,-0.00734953070059419
44.645011896,0.173493206501007,-0.00979938078671694
44.655020632,0.173493206501007,-0.00489969924092293
44.6649927,0.172496125102043,-0.00734953070059419
44.675005152,0.173493206501007,-0.00489969924092293
44.684992345,0.171499043703079,-0.00489968108013272
44.694995169,0.172496110200882,-0.00244984962046146
44.704982865,0.172496125102043,-0.00734953070059419
44.714984582,0.171499043703079,-0.00489968108013272
44.724986175,0.172496110200882,-0.00244984962046146
44.734994584,0.172496110200882,-0.00244984962046146
44.745011069,0.172496110200882,-0.00244984962046146
44.754984917,0.173493206501007,-0.00489969924092293
44.764989463,0.174490302801132,-0.00244984962046146
44.774948048,0.175487384200096,0
44.784996029,0.17847865819931,-0.00244984962046146
44.794987494,0.17847865819931,-0.00244984962046146
44.805001953,0.180472820997238,0.00244983145967126
44.815004298,0.181469902396202,0
44.824990389,0.181469902396202,0
44.834994422,0.183464080095291,0
44.844987246,0.18545825779438,0.00489969924092293
44.854985577,0.18545825779438,0.00489969924092293
44.86499706,0.187452435493469,0.00489969924092293
44.874986944,0.187452435493469,0.00489969924092293
44.88499328,0.188449516892433,0.00734953070059419
44.894903384,0.190443694591522,0.00734953070059419
44.904992195,0.191440790891647,0.00489968108013272
44.91498696,0.192437872290611,0.00734953070059419
44.924985433,0.1944320499897,0.00734954932704568
44.934984893,0.1944320499897,0.00734954932704568
44.944992834,0.195429131388664,0.00979939848184586
44.954984373,0.197423309087753,0.00979938078671694
44.964988124,0.198420390486717,0.0122492304071784
44.974853237,0.199417471885681,0.00979938078671694
44.984982357,0.200414568185806,0.0122492304071784
44.994997943,0.200414568185806,0.0122492304071784
45.004982994,0.201411664485931,0.0146990800276399
45.0149905,0.203405827283859,0.0146990800276399
45.024990916,0.203405827283859,0.0146990800276399
45.034992557,0.204402923583984,0.0171489305794239
45.044989172,0.205400019884109,0.0146990800276399
45.054890203,0.205400019884109,0.0146990800276399
45.064987878,0.205400019884109,0.0146990800276399
45.074989164,0.205400019884109,0.0146990800276399
45.084988555,0.205400019884109,0.0146990800276399
45.094987863,0.205400019884109,0.0146990800276399
45.104989951,0.205400019884109,0.0146990800276399
45.114989132,0.204402923583984,0.0122492304071784
45.124995584,0.204402923583984,0.0122492304071784
45.134853435,0.202408745884895,0.0122492304071784
45.144992352,0.202408745884895,0.0122492304071784
45.154985043,0.202408745884895,0.0122492304071784
45.164989655,0.200414568185806,0.0122492304071784
45.174990296,0.200414568185806,0.0122492304071784
45.184988844,0.199417471885681,0.00979938078671694
45.194989657,0.199417471885681,0.00979938078671694
45.20498825,0.198420390486717,0.00734953070059419
45.21487455,0.198420390486717,0.00734953070059419
45.224989542,0.196426212787628,0.00734954932704568
45.234992851,0.197423309087753,0.00489969924092293
45.244987732,0.196426212787628,0.00244984962046146
45.254992246,0.196426212787628,0.00244984962046146
45.265001482,0.195429131388664,0
45.274990289,0.195429131388664,0
45.284992621,0.195429131388664,0
45.294890806,0.195429131388664,0
45.305002043,0.193434953689575,0
45.314988457,0.193434953689575,0
45.324985549,0.1944320499897,-0.00244984962046146
45.334992811,0.193434953689575,0
45.344985819,0.193434953689575,0
45.354990273,0.19243785738945,-0.00244984962046146
45.364995173,0.193434953689575,0
45.374844838,0.191440775990486,0
45.384980729,0.189446613192558,0
45.394989544,0.189446613192558,0
45.404992764,0.189446613192558,0
45.414993594,0.187452435493469,0
45.424983657,0.187452435493469,0.00489969924092293
45.434991794,0.186455339193344,0.00244984962046146
45.444978629,0.18545825779438,0
45.454842405,0.18545825779438,0.00489969924092293
45.464979048,0.183464080095291,0.00489969924092293
45.474986402,0.184461176395416,0.00244984962046146
45.484984168,0.184461176395416,0.00244984962046146
45.494990023,0.182466983795166,0.00244984962046146
45.504987811,0.182466983795166,0.00244984962046146
45.514993181,0.182466983795166,0.00244984962046146
45.524987801,0.180472820997238,0.00244983145967126
45.534841643,0.179475739598274,0
45.544980203,0.17847865819931,0.00244984962046146
45.554980669,0.17648446559906,0.00244984962046146
45.564984607,0.17648446559906,-0.00244984962046146
45.574979146,0.174490302801132,-0.00244984962046146
45.584980645,0.173493206501007,0
45.59498308,0.172496110200882,-0.00244984962046146
45.604978557,0.171499043703079,-0.00489968108013272
45.614838808,0.171499043703079,-0.00489968108013272
45.624980151,0.170501947402954,-0.00734953070059419
45.634982009,0.170501947402954,-0.00734953070059419
45.64498237,0.169504851102829,-0.00489968108013272
45.654987398,0.169504851102829,-0.00979938078671694
45.664982858,0.168507769703865,-0.00734953070059419
45.674986434,0.169504851102829,-0.00489968108013272
45.684982568,0.169504851102829,-0.00979938078671694
45.694838815,0.169504851102829,-0.00489968108013272
45.704982121,0.169504851102829,-0.00489968108013272
45.714985623,0.168507769703865,-0.00734953070059419
45.724982174,0.170501947402954,-0.00734953070059419
45.734987788,0.170501947402954,-0.00734953070059419
45.744984751,0.171499043703079,-0.00979938078671694
45.754998058,0.172496125102043,-0.00734953070059419
45.764980759,0.173493206501007,-0.00979938078671694
45.774840596,0.173493206501007,-0.00979938078671694
45.784983352,0.173493206501007,-0.00979938078671694
45.79498435,0.174490302801132,-0.0122492304071784
45.804984585,0.175487384200096,-0.00979939848184586
45.814982141,0.177481561899185,-0.00979938078671694
45.824979363,0.17648446559906,-0.0122492304071784
45.834982731,0.177481561899185,-0.00979938078671694
45.844984442,0.177481561899185,-0.00979938078671694
45.854841487,0.17648446559906,-0.0122492304071784
45.864982495,0.177481561899185,-0.00979938078671694
45.874980006,0.177481561899185,-0.00979938078671694
45.884989687,0.178478643298149,-0.00734953070059419
45.894702841,0.178478643298149,-0.0122492304071784
45.904990028,0.178478643298149,-0.0122492304071784
45.914984159,0.17648446559906,-0.00734954932704568
45.924987995,0.178478643298149,-0.00734953070059419
45.934842183,0.178478643298149,-0.00734953070059419
45.944985114,0.178478643298149,-0.00734953070059419
45.954982153,0.179475724697113,-0.00489968108013272
45.964986772,0.179475724697113,-0.00489968108013272
45.974980052,0.179475724697113,-0.00489968108013272
45.984987024,0.17847865819931,-0.00244984962046146
45.994880403,0.179475739598274,0
46.004985867,0.180472820997238,0.00244983145967126
46.014840847,0.182466983795166,-0.00244984962046146
46.024983428,0.181469902396202,0
46.034992303,0.182466983795166,0.00244984962046146
46.044979346,0.182466983795166,0.00244984962046146
46.054984248,0.183464080095291,0.00489969924092293
46.064979919,0.184461176395416,0.00244984962046146
46.074986579,0.184461176395416,0.00244984962046146
46.084986457,0.187452435493469,0
46.094842893,0.188449531793594,0.00244984962046146
46.104982265,0.188449531793594,-0.00244984962046146
46.114984575,0.188449531793594,0.00244984962046146
46.124991093,0.190443694591522,0.00244983145967126
46.134984637,0.191440775990486,0
46.144987071,0.19243785738945,0.00244984962046146
46.154982013,0.193434953689575,0
46.164986866,0.1944320499897,0.00244984962046146
46.174846654,0.196426212787628,0.00244984962046146
46.184989947,0.196426212787628,0.00244984962046146
46.194982741,0.195429131388664,0.00489969924092293
46.20498833,0.196426212787628,0.00734954932704568
46.214984762,0.198420390486717,0.00734953070059419
46.224989395,0.197423309087753,0.00979938078671694
46.234984511,0.197423309087753,0.00979938078671694
46.244982594,0.198420390486717,0.00734953070059419
46.254838795,0.198420390486717,0.00734953070059419
46.264979805,0.198420390486717,0.00734953070059419
46.274986348,0.196426212787628,0.00734954932704568
46.284985229,0.196426212787628,0.00734954932704568
46.294984681,0.196426212787628,0.00734954932704568
46.304985349,0.196426212787628,0.00734954932704568
46.314980311,0.1944320499897,0.00734954932704568
46.324983188,0.1944320499897,0.00244984962046146
46.334833876,0.1944320499897,0.00244984962046146
46.344974632,0.193434953689575,0.00489969924092293
46.354984379,0.191440790891647,0.00489968108013272
46.364982361,0.191440790891647,0.00489968108013272
46.374984704,0.192437872290611,0.00734953070059419
46.384980727,0.191440790891647,0.00489968108013272
46.394984417,0.191440790891647,0.00489968108013272
46.404982203,0.189446598291397,0.00489968108013272
46.414836189,0.190443694591522,0.00244983145967126
46.424982403,0.189446598291397,0.00979938078671694
46.434986476,0.188449516892433,0.00734953070059419
46.444985619,0.188449516892433,0.00734953070059419
46.454987516,0.188449516892433,0.00734953070059419
46.464999409,0.186455339193344,0.0122492304071784
46.474987157,0.186455339193344,0.00734954932704568
46.484984566,0.186455339193344,0.0122492304071784
46.494838033,0.18545825779438,0.0146990614011884
46.504988233,0.18545825779438,0.0146990614011884
46.514979357,0.183464080095291,0.0146990800276399
46.524989207,0.183464080095291,0.00979938078671694
46.534991599,0.182466998696327,0.0122492304071784
46.544989934,0.182466998696327,0.0122492304071784
46.55498435,0.182466998696327,0.0122492304071784
46.564980636,0.182466998696327,0.00734953070059419
46.574830042,0.181469917297363,0.00979938078671694
46.584980238,0.179475724697113,0.00979938078671694
46.594989681,0.179475724697113,0.00489968108013272
46.604980507,0.179475724697113,0.00489968108013272
46.614978514,0.178478643298149,0.00734953070059419
46.624987822,0.177481561899185,0.00489969924092293
46.634984521,0.177481561899185,0.00489969924092293
46.644995198,0.175487384200096,0.00489969924092293
46.654828934,0.174490302801132,0.00244984962046146
46.66498077,0.173493206501007,0.00489969924092293
46.674984852,0.173493206501007,0.00489969924092293
46.684978054,0.172496110200882,0.00244984962046146
46.694986983,0.171499043703079,0.00489968108013272
46.704982195,0.170501947402954,0.00244983145967126
46.714987536,0.16950486600399,0
46.724978613,0.169504851102829,0.00489968108013272
46.734827534,0.167510688304901,0.00489969924092293
46.744979858,0.167510688304901,0
46.754984888,0.166513592004776,0.00244984962046146
46.764979416,0.166513592004776,-0.00244984962046146
46.774982472,0.165516510605812,0
46.784979357,0.164519429206848,0.00244984962046146
46.79465119,0.163522332906723,0
46.804978636,0.162525236606598,0.00244984962046146
46.814825097,0.162525236606598,0.00244984962046146
46.824989985,0.162525236606598,-0.00244984962046146
46.834984524,0.161528170108795,-0.00489968108013272
46.844978747,0.16053107380867,-0.00244983145967126
46.854953108,0.161528170108795,-0.00489968108013272
46.864978714,0.159533992409706,0
46.874992358,0.158536911010742,-0.00244984962046146
46.884981172,0.158536896109581,-0.00734953070059419
46.894653296,0.158536896109581,-0.00734953070059419
46.904982208,0.159533977508545,-0.00979938078671694
46.914982354,0.158536896109581,-0.0122492304071784
46.924990584,0.157539814710617,-0.00979938078671694
46.93499131,0.158536896109581,-0.00734953070059419
46.944987733,0.157539814710617,-0.00979938078671694
46.954982462,0.156542718410492,-0.00734954932704568
46.964987879,0.157539814710617,-0.00979938078671694
46.974818576,0.156542718410492,-0.0122492304071784
46.984981978,0.156542718410492,-0.00734954932704568
46.994840149,0.156542718410492,-0.00734954932704568
47.004980553,0.154548555612564,-0.00734954932704568
47.014982812,0.155545637011528,-0.00489969924092293
47.024983091,0.155545637011528,-0.00489969924092293
47.034985513,0.154548555612564,-0.00734954932704568
47.044980213,0.154548555612564,-0.00244984962046146
47.054817504,0.153551459312439,-0.00489969924092293
47.064979259,0.153551459312439,-0.00489969924092293
47.074986864,0.152554363012314,-0.00244984962046146
47.084956148,0.153551459312439,-0.00489969924092293
47.09498625,0.152554363012314,-0.00734954932704568
47.104985329,0.152554363012314,-0.00244984962046146
47.114991691,0.15155728161335,-0.00489969924092293
47.124980727,0.149563103914261,-0.00489968108013272
47.134814238,0.150560200214386,-0.00244984962046146
47.144977439,0.149563103914261,-0.00489968108013272
47.154980688,0.148566022515297,-0.00244983145967126
47.164962929,0.148566022515297,-0.00244983145967126
47.174984765,0.148566022515297,-0.00244983145967126
47.184948998,0.147568941116333,-0.00489968108013272
47.195006386,0.146571844816208,-0.00244984962046146
47.20494923,0.147568941116333,-0.00489968108013272
47.214810021,0.146571844816208,-0.00244984962046146
47.22498649,0.147568941116333,-0.00489968108013272
47.234980625,0.145574763417244,-0.00489969924092293
47.244953805,0.145574763417244,-0.00489969924092293
47.254985649,0.147568941116333,-0.00489968108013272
47.264984088,0.145574763417244,-0.00489969924092293
47.274981732,0.145574763417244,-0.00489969924092293
47.28498132,0.145574763417244,-0.00489969924092293
47.294807034,0.146571844816208,-0.00244984962046146
47.304988147,0.145574763417244,-0.00489969924092293
47.314980283,0.145574763417244,-0.00489969924092293
47.324983201,0.145574763417244,0
47.334979125,0.145574763417244,0
47.344992415,0.146571844816208,-0.00244984962046146
47.354993708,0.145574763417244,0
47.364987254,0.145574763417244,0
47.374804765,0.146571844816208,0.00244984962046146
47.384994563,0.146571844816208,0.00244984962046146
47.39499715,0.146571844816208,0.00244984962046146
47.404979184,0.147568941116333,0.00489968108013272
47.414984754,0.147568941116333,0.00489968108013272
47.424983519,0.148566022515297,0.00244983145967126
47.435009243,0.148566022515297,0.00244983145967126
47.444987106,0.148566022515297,0.00734953070059419
47.454805189,0.149563103914261,0.00489968108013272
47.464983399,0.149563103914261,0.00489968108013272
47.474981812,0.149563103914261,0.00489968108013272
47.484982389,0.150560200214386,0.00734953070059419
47.494955214,0.150560200214386,0.00734953070059419
47.504980501,0.150560200214386,0.00734953070059419
47.514983795,0.151557296514511,0.00979938078671694
47.524980733,0.151557296514511,0.00979938078671694
47.534802127,0.152554363012314,0.00734954932704568
47.544987648,0.152554363012314,0.00734954932704568
47.554981769,0.151557296514511,0.00979938078671694
47.564987359,0.153551459312439,0.00979939848184586
47.574980566,0.153551459312439,0.00979939848184586
47.584986306,0.153551459312439,0.00979939848184586
47.59498275,0.153551459312439,0.00979939848184586
47.604982418,0.153551459312439,0.00979939848184586
47.614800185,0.153551459312439,0.00979939848184586
47.624983204,0.153551459312439,0.00979939848184586
47.634982169,0.153551459312439,0.0146990800276399
47.644984985,0.153551459312439,0.0146990800276399
47.654983681,0.154548555612564,0.0122492490336299
47.664984171,0.154548555612564,0.0122492490336299
47.674988991,0.154548555612564,0.0122492490336299
47.684982273,0.153551459312439,0.0146990800276399
47.694797373,0.155545622110367,0.0146990800276399
47.704981075,0.155545622110367,0.0146990800276399
47.7149822,0.155545622110367,0.0146990800276399
47.724986245,0.156542718410492,0.0171489305794239
47.734983379,0.157539814710617,0.0146990800276399
47.744984438,0.158536896109581,0.0171489305794239
47.754996033,0.158536896109581,0.0171489305794239
47.764985481,0.159533977508545,0.0195987801998854
47.774797041,0.161528170108795,0.0195987801998854
47.784984438,0.162525251507759,0.0171489305794239
47.794990676,0.162525251507759,0.0171489305794239
47.804984564,0.163522332906723,0.0195987615734339
47.814975581,0.165516510605812,0.0195987615734339
47.82497867,0.165516510605812,0.0195987615734339
47.834983071,0.165516510605812,0.0195987615734339
47.844988846,0.166513592004776,0.0171489119529724
47.854794827,0.167510688304901,0.0195987615734339
47.864989289,0.167510688304901,0.0195987615734339
47.874994787,0.167510688304901,0.0195987615734339
47.884978445,0.168507784605026,0.0220486111938953
47.894977699,0.168507784605026,0.0220486111938953
47.904982596,0.169504851102829,0.0195987801998854
47.914982596,0.169504851102829,0.0195987801998854
47.924987139,0.16950486600399,0.0244984608143568
47.934788033,0.170501947402954,0.0269482918083668
47.944992446,0.170501947402954,0.0269482918083668
47.954981649,0.170501947402954,0.0269482918083668
47.964982527,0.171499028801918,0.0244984608143568
47.974991001,0.171499028801918,0.0244984608143568
47.984987336,0.171499028801918,0.0244984608143568
47.994979468,0.171499028801918,0.0244984608143568
48.004984156,0.172496110200882,0.0269483104348183
48.014788438,0.172496110200882,0.0269483104348183
48.024983512,0.173493206501007,0.0244984608143568
48.034979727,0.174490302801132,0.0220486111938953
48.044980418,0.175487384200096,0.0244984608143568
48.054982952,0.175487384200096,0.0244984608143568
48.064985005,0.17648446559906,0.0269483104348183
48.074984881,0.17847865819931,0.0269483104348183
48.084980365,0.180472820997238,0.0269482918083668
48.09478761,0.183464080095291,0.0244984608143568
48.104989722,0.182466983795166,0.0269483104348183
48.114984722,0.184461176395416,0.0269483104348183
48.124989405,0.186455339193344,0.0269483104348183
48.134987119,0.188449531793594,0.0269483104348183
48.14498034,0.190443694591522,0.0269482918083668
48.154993862,0.193434953689575,0.0244984608143568
48.164979715,0.1944320499897,0.0269483104348183
48.174775671,0.196426212787628,0.0269483104348183
48.184985345,0.196426212787628,0.0269483104348183
48.195015221,0.197423309087753,0.0293981600552797
48.204984371,0.200414568185806,0.0269483104348183
48.214984473,0.201411664485931,0.0293981414288282
48.224979262,0.203405827283859,0.0244984608143568
48.234980889,0.203405827283859,0.0244984608143568
48.244982812,0.204402923583984,0.0220486111938953
48.254770343,0.204402923583984,0.0269483104348183
48.264987725,0.205400004982948,0.0244984608143568
48.27498547,0.206397086381912,0.0220486111938953
48.28498441,0.208391278982162,0.0220486111938953
48.294981038,0.207394182682037,0.0244984608143568
48.304985624,0.207394182682037,0.0195987615734339
48.314987695,0.208391264081001,0.0171489305794239
48.324990372,0.207394182682037,0.0195987615734339
48.33476963,0.208391278982162,0.0220486111938953
48.34498308,0.208391278982162,0.0220486111938953
48.354976758,0.209388345479965,0.0195987801998854
48.364984585,0.209388345479965,0.0195987801998854
48.374980538,0.209388345479965,0.0195987801998854
48.384991631,0.209388345479965,0.0195987801998854
48.394982473,0.211382538080215,0.0195987801998854
48.404433726,0.212379619479179,0.0220486298203468
48.414768226,0.213376700878143,0.0244984608143568
48.424981114,0.214373797178268,0.0220486111938953
48.434982308,0.214373797178268,0.0220486111938953
48.444986852,0.217365056276321,0.0195987615734339
48.45498,0.217365056276321,0.0195987615734339
48.46498539,0.21935923397541,0.0195987615734339
48.474984307,0.218362152576447,0.0220486111938953
48.484979957,0.220356315374374,0.0220486111938953
48.494765919,0.220356315374374,0.0171489305794239
48.504521912,0.220356315374374,0.0171489305794239
48.514997235,0.222350493073463,0.0122492304071784
48.5249922,0.2213534116745,0.0146990800276399
48.53498098,0.222350493073463,0.0122492304071784
48.544984788,0.2213534116745,0.0146990800276399
48.554985678,0.222350493073463,0.0122492304071784
48.564978642,0.222350493073463,0.0122492304071784
48.57476327,0.224344670772552,0.00734953070059419
48.58464454,0.224344670772552,0.00734953070059419
48.594978805,0.224344670772552,0.00734953070059419
48.604699626,0.225341767072678,0.00979938078671694
48.61498673,0.223347574472427,0.00979938078671694
48.624986538,0.225341767072678,0.00979938078671694
48.634982033,0.225341767072678,0.00979938078671694
48.644979225,0.22633883357048,0.00734954932704568
48.6547615,0.227335929870605,0.00489969924092293
48.664986427,0.22633883357048,0.00244984962046146
48.674982226,0.22633883357048,0.00734954932704568
48.684985638,0.22633883357048,0.00734954932704568
48.69498262,0.22633883357048,0.00734954932704568
48.704885174,0.227335929870605,0.00489969924092293
48.714982383,0.22633883357048,0.00734954932704568
48.724979719,0.227335929870605,0.00489969924092293
48.734759202,0.228333026170731,0.00244984962046146
48.744988089,0.227335929870605,0.00489969924092293
48.754983022,0.22633883357048,0.00734954932704568
48.764984492,0.227335929870605,0.00979939848184586
48.774990008,0.22633883357048,0.00734954932704568
48.784972104,0.22633883357048,0.00244984962046146
48.794516618,0.227335929870605,0.00489969924092293
48.804998042,0.225341752171516,0.00489969924092293
48.814756198,0.227335929870605,0.00489969924092293
48.824991961,0.225341752171516,0.00489969924092293
48.834967274,0.225341767072678,0.00979938078671694
48.844945632,0.224344670772552,0.00734953070059419
48.854975716,0.224344670772552,0.00734953070059419
48.864976287,0.223347574472427,0.00489968108013272
48.874981981,0.223347574472427,0.00489968108013272
48.884984647,0.222350493073463,0.00734953070059419
48.894758614,0.220356315374374,0.00734953070059419
48.904987199,0.220356315374374,0.00734953070059419
48.914974695,0.21935923397541,0.00489969924092293
48.924986005,0.218362152576447,0.00244984962046146
48.934994253,0.217365056276321,0
48.944441057,0.216367959976196,0.00244984962046146
48.95498335,0.215370878577232,0
48.964976672,0.214373797178268,0.00244984962046146
48.974742342,0.212379619479179,0.00244983145967126
48.984976548,0.211382538080215,0.00489968108013272
48.99497971,0.21038544178009,0.00244984962046146
49.004984957,0.209388360381126,0.00489969924092293
49.01497951,0.207394182682037,0.00489969924092293
49.024986679,0.206397086381912,0.00734954932704568
49.034985445,0.205400004982948,0.00979939848184586
49.044990095,0.204402923583984,0.00734954932704568
49.054748808,0.203405827283859,0.0146990800276399
49.064990126,0.201411664485931,0.00979938078671694
49.074991644,0.201411664485931,0.00979938078671694
49.084988015,0.201411664485931,0.00979938078671694
49.094980265,0.201411664485931,0.00979938078671694
49.104981163,0.199417471885681,0.00979938078671694
49.114986324,0.199417471885681,0.00979938078671694
49.124988344,0.198420390486717,0.00734953070059419
49.134746284,0.197423309087753,0.00979938078671694
49.14498004,0.196426212787628,0.00734954932704568
49.154985359,0.196426212787628,0.00244984962046146
49.164986359,0.197423309087753,0.00489969924092293
49.174980083,0.195429131388664,0.00489969924092293
49.184981622,0.193434953689575,0.00489969924092293
49.194992278,0.19243785738945,0.00244984962046146
49.204984248,0.19243785738945,0.00244984962046146
49.21474455,0.191440775990486,0
49.22498918,0.191440790891647,0.00489968108013272
49.234977561,0.190443694591522,-0.00244983145967126
49.244982026,0.188449531793594,0.00244984962046146
49.254982582,0.188449531793594,0.00244984962046146
49.264976817,0.18545825779438,0.00489969924092293
49.27498487,0.18545825779438,0.00489969924092293
49.284980168,0.184461176395416,0.00244984962046146
49.294733471,0.184461176395416,0.00734954932704568
49.30498202,0.182466998696327,0.00734953070059419
49.31498384,0.181469917297363,0.00979938078671694
49.324985659,0.180472820997238,0.00734953070059419
49.334996808,0.178478643298149,0.0122492304071784
49.344991747,0.179475724697113,0.00979938078671694
49.35498754,0.17648446559906,0.0122492304071784
49.364971088,0.177481561899185,0.00979938078671694
49.374731432,0.17648446559906,0.0122492304071784
49.3849787,0.17648446559906,0.0122492304071784
49.394979174,0.173493206501007,0.00979938078671694
49.404988371,0.174490302801132,0.00734954932704568
49.414981131,0.174490302801132,0.00734954932704568
49.4249765,0.173493206501007,0.00489969924092293
49.434968568,0.174490302801132,0.00244984962046146
49.444980057,0.173493206501007,0.00489969924092293
49.454728797,0.173493206501007,0
49.464978488,0.174490302801132,-0.00244984962046146
49.474979033,0.174490302801132,-0.00244984962046146
49.484990601,0.175487384200096,-0.00489969924092293
49.494991117,0.177481561899185,-0.00489969924092293
49.504996449,0.177481561899185,-0.00489969924092293
49.514985553,0.17847865819931,-0.00244984962046146
49.524972012,0.179475739598274,0
49.534728183,0.180472820997238,0.00244983145967126
49.54499287,0.181469902396202,0
49.55499626,0.184461176395416,0.00244984962046146
49.564986,0.184461176395416,0.00734954932704568
49.574982028,0.186455339193344,0.00734954932704568
49.584982649,0.186455339193344,0.00734954932704568
49.59496615,0.187452435493469,0.00979938078671694
49.60498976,0.188449516892433,0.0122492304071784
49.614723854,0.187452435493469,0.00979938078671694
49.624994078,0.188449516892433,0.0122492304071784
49.634998497,0.188449516892433,0.0122492304071784
49.644971483,0.190443694591522,0.0122492304071784
49.654986691,0.188449516892433,0.0122492304071784
49.664979575,0.188449516892433,0.0122492304071784
49.67500255,0.188449516892433,0.0122492304071784
49.685000814,0.187452435493469,0.0146990800276399
49.694723334,0.186455339193344,0.0122492304071784
49.704986729,0.186455339193344,0.0122492304071784
49.714976298,0.186455339193344,0.0122492304071784
49.724983247,0.187452435493469,0.00979938078671694
49.734953984,0.186455339193344,0.00734954932704568
49.744986181,0.18545825779438,0.00979939848184586
49.754950076,0.184461176395416,0.0122492304071784
49.76498714,0.184461176395416,0.0122492304071784
49.774719234,0.183464080095291,0.00979938078671694
49.784988402,0.184461176395416,0.0122492304071784
49.794994558,0.18545825779438,0.00979939848184586
49.804983028,0.18545825779438,0.00979939848184586
49.814993029,0.186455339193344,0.0122492304071784
49.824981834,0.186455339193344,0.0122492304071784
49.834982197,0.186455339193344,0.0122492304071784
49.844988935,0.186455339193344,0.0122492304071784
49.854722176,0.189446598291397,0.00979938078671694
49.864980505,0.189446598291397,0.00979938078671694
49.874979781,0.190443694591522,0.0122492304071784
49.884986094,0.192437872290611,0.0122492304071784
49.894986307,0.193434953689575,0.0146990800276399
49.904245578,0.1944320499897,0.0122492304071784
49.914989215,0.195429131388664,0.00979939848184586
49.924981718,0.196426212787628,0.0122492304071784
49.934722708,0.198420390486717,0.0122492304071784
49.94497955,0.198420390486717,0.0122492304071784
49.954985473,0.200414568185806,0.0122492304071784
49.964982768,0.201411664485931,0.00979938078671694
49.974981687,0.202408745884895,0.00734953070059419
49.984979334,0.202408745884895,0.00734953070059419
49.994988464,0.202408745884895,0.00734953070059419
50.004978773,0.203405827283859,0.00979938078671694
50.014719895,0.203405827283859,0.00979938078671694
50.024985139,0.203405827283859,0.00979938078671694
50.034992857,0.203405827283859,0.00979938078671694
50.044985527,0.203405827283859,0.00979938078671694
50.054985756,0.202408745884895,0.0122492304071784
50.064984213,0.202408745884895,0.0122492304071784
50.074979358,0.203405827283859,0.0146990800276399
50.08498855,0.202408745884895,0.0122492304071784
50.094717408,0.203405827283859,0.0146990800276399
50.104987961,0.202408745884895,0.0122492304071784
50.114983828,0.202408745884895,0.0122492304071784
50.124990696,0.202408745884895,0.0122492304071784
50.134985184,0.202408745884895,0.0122492304071784
50.144982516,0.202408745884895,0.0122492304071784
50.154976559,0.202408745884895,0.0122492304071784
50.164985077,0.203405827283859,0.00979938078671694
50.174712296,0.202408745884895,0.00734953070059419
50.18498665,0.202408745884895,0.0122492304071784
50.194986932,0.202408745884895,0.00734953070059419
50.204982906,0.201411664485931,0.00979938078671694
50.214979675,0.202408745884895,0.00734953070059419
50.224982325,0.202408745884895,0.00734953070059419
50.234976437,0.202408745884895,0.00734953070059419
50.24498014,0.203405827283859,0.00489969924092293
50.25471304,0.203405827283859,0.00489969924092293
50.264984132,0.202408745884895,0.00734953070059419
50.274982283,0.202408745884895,0.00734953070059419
50.284977936,0.203405827283859,0.00489969924092293
50.294981891,0.202408745884895,0.00734953070059419
50.304984628,0.203405827283859,0.00489969924092293
50.314985518,0.202408745884895,0.00734953070059419
50.324983164,0.201411664485931,0.00489968108013272
50.334710387,0.200414568185806,0.00734953070059419
50.344979531,0.200414568185806,0.00734953070059419
50.354983259,0.199417471885681,0.00489968108013272
50.364977292,0.198420405387878,0.00244984962046146
50.374974754,0.198420405387878,0.00244984962046146
50.384985939,0.196426212787628,0.00244984962046146
50.394987122,0.196426212787628,0.00244984962046146
50.404982256,0.1944320499897,0.00244984962046146
50.414708936,0.1944320499897,0.00244984962046146
50.424984239,0.193434953689575,0
50.434982451,0.1944320499897,-0.00244984962046146
50.44498806,0.1944320499897,-0.00244984962046146
50.454985086,0.193434953689575,0
50.464984402,0.193434953689575,0
50.474985973,0.193434953689575,0
50.484986293,0.1944320499897,-0.00244984962046146
50.494702943,0.1944320499897,-0.00244984962046146
50.504980607,0.196426212787628,-0.00244984962046146
50.514983113,0.195429131388664,0
50.524988027,0.197423309087753,0
50.534982041,0.196426212787628,0.00244984962046146
50.544987072,0.196426212787628,0.00244984962046146
50.554987995,0.197423309087753,0
50.564990224,0.197423309087753,0
50.57470281,0.196426212787628,0.00244984962046146
50.585025947,0.195429131388664,0
50.594993033,0.195429131388664,0
50.604983999,0.193434953689575,0
50.614980942,0.1944320499897,-0.00244984962046146
50.624976295,0.19243785738945,-0.00244984962046146
50.634993628,0.191440790891647,-0.00489968108013272
50.644981515,0.190443694591522,-0.00734953070059419
50.654701869,0.189446598291397,-0.00979938078671694
50.664269701,0.190443694591522,-0.00734953070059419
50.674990029,0.189446598291397,-0.00979938078671694
50.684797985,0.189446598291397,-0.00979938078671694
50.694989472,0.187452435493469,-0.00979938078671694
50.704981022,0.188449516892433,-0.0122492304071784
50.7149836,0.188449516892433,-0.0122492304071784
50.724983644,0.188449516892433,-0.0122492304071784
50.73469852,0.190443694591522,-0.0122492304071784
50.744122631,0.191440790891647,-0.00979938078671694
50.75500306,0.191440790891647,-0.00979938078671694
50.764989796,0.191440790891647,-0.00979938078671694
50.77495682,0.193434953689575,-0.00979938078671694
50.784984125,0.193434953689575,-0.00979938078671694
50.794992543,0.195429131388664,-0.00979939848184586
50.804990622,0.196426212787628,-0.00734954932704568
50.814693314,0.196426212787628,-0.00734954932704568
50.82499809,0.196426212787628,-0.00734954932704568
50.834983064,0.196426212787628,-0.00734954932704568
50.845013316,0.196426212787628,-0.00734954932704568
50.854982722,0.196426212787628,-0.00734954932704568
50.864241659,0.196426212787628,-0.00734954932704568
50.874988968,0.196426212787628,-0.00734954932704568
50.884985369,0.196426212787628,-0.00734954932704568
50.894688881,0.197423309087753,-0.00979938078671694
50.90499125,0.195429131388664,-0.00979939848184586
50.914990764,0.1944320499897,-0.0122492304071784
50.924986694,0.195429131388664,-0.00979939848184586
50.93498979,0.195429131388664,-0.00979939848184586
50.944219126,0.1944320499897,-0.0122492304071784
50.954232178,0.195429131388664,-0.00979939848184586
50.964978327,0.1944320499897,-0.0122492304071784
50.974216833,0.1944320499897,-0.0122492304071784
50.984231496,0.195429131388664,-0.00979939848184586
50.99499588,0.195429131388664,-0.00979939848184586
51.004989405,0.197423309087753,-0.00979938078671694
51.014988804,0.198420390486717,-0.00734953070059419
51.024237347,0.198420390486717,-0.0122492304071784
51.034209478,0.198420390486717,-0.0122492304071784
51.044992,0.199417471885681,-0.00979938078671694
51.054208034,0.199417471885681,-0.00979938078671694
51.064215283,0.201411664485931,-0.00979938078671694
51.074230483,0.200414568185806,-0.0122492304071784
51.084214063,0.200414568185806,-0.0122492304071784
51.094230485,0.199417471885681,-0.00979938078671694
51.104234388,0.199417471885681,-0.00979938078671694
51.114990133,0.198420390486717,-0.0122492304071784
51.124217166,0.198420390486717,-0.00734953070059419
51.134206304,0.197423309087753,-0.00979938078671694
51.144214867,0.197423309087753,-0.00979938078671694
51.154201559,0.196426212787628,-0.0122492304071784
51.164991495,0.195429131388664,-0.00979939848184586
51.174986943,0.195429131388664,-0.00979939848184586
51.184221262,0.1944320499897,-0.0122492304071784
51.194212972,0.1944320499897,-0.0122492304071784
51.204215127,0.193434953689575,-0.0146990800276399
51.214683928,0.193434953689575,-0.0146990800276399
51.224203244,0.192437872290611,-0.0171489305794239
51.234220768,0.192437872290611,-0.0171489305794239
51.244220204,0.192437872290611,-0.0171489305794239
51.254204643,0.191440790891647,-0.0146990800276399
51.264189019,0.190443694591522,-0.0171489305794239
51.274177031,0.190443694591522,-0.0171489305794239
51.284156539,0.190443694591522,-0.0171489305794239
51.294199721,0.189446598291397,-0.0195987801998854
51.304158674,0.190443694591522,-0.0171489305794239
51.314159906,0.190443694591522,-0.0171489305794239
51.324177172,0.190443694591522,-0.0171489305794239
51.3341286,0.191440790891647,-0.0146990800276399
51.344190579,0.190443694591522,-0.0171489305794239
51.354190882,0.193434953689575,-0.0195987615734339
51.364145328,0.192437872290611,-0.0171489305794239
51.374177956,0.1944320499897,-0.0171489119529724
51.384182876,0.196426212787628,-0.0171489119529724
51.394165974,0.197423309087753,-0.0146990800276399
51.404180826,0.198420390486717,-0.0171489305794239
51.414146661,0.199417471885681,-0.0146990800276399
51.424162576,0.200414568185806,-0.0122492304071784
51.434145251,0.201411664485931,-0.0146990800276399
51.444125811,0.202408745884895,-0.0122492304071784
51.454176032,0.202408745884895,-0.0122492304071784
51.464134546,0.206397086381912,-0.0122492490336299
51.474144065,0.206397086381912,-0.0122492490336299
51.484146626,0.207394182682037,-0.00979939848184586
51.494175716,0.207394182682037,-0.00979939848184586
51.504144453,0.208391278982162,-0.00734954932704568
51.514148499,0.209388345479965,-0.00979938078671694
51.524149257,0.211382538080215,-0.00979938078671694
51.534157624,0.21038544178009,-0.00734953070059419
51.544179961,0.212379619479179,-0.00734953070059419
51.554138933,0.211382538080215,-0.00489968108013272
51.564152174,0.211382538080215,-0.00489968108013272
51.574136648,0.211382538080215,-0.00489968108013272
51.584086979,0.21038544178009,-0.00244984962046146
51.594139529,0.21038544178009,-0.00244984962046146
51.604140583,0.209388360381126,-0.00489969924092293
51.61407264,0.209388360381126,0
51.624139615,0.208391278982162,-0.00244984962046146
51.634077037,0.208391278982162,-0.00244984962046146
51.644082952,0.208391278982162,-0.00244984962046146
51.654096473,0.208391278982162,-0.00244984962046146
51.664072627,0.208391278982162,-0.00244984962046146
51.674092657,0.208391278982162,-0.00244984962046146
51.684038851,0.209388360381126,-0.00489969924092293
51.694082722,0.21038544178009,-0.00734953070059419
51.704071114,0.21038544178009,-0.00244984962046146
51.714082169,0.21038544178009,-0.00734953070059419
51.724085906,0.211382538080215,-0.00489968108013272
51.734085631,0.214373797178268,-0.00734953070059419
51.74407014,0.214373797178268,-0.00734953070059419
51.75406462,0.215370878577232,-0.00489969924092293
51.764067791,0.214373797178268,-0.00734953070059419
51.774066853,0.215370878577232,-0.00489969924092293
51.784060468,0.215370878577232,-0.00489969924092293
51.794040182,0.216367959976196,-0.00244984962046146
51.804057125,0.217365056276321,-0.00489969924092293
51.814095022,0.218362152576447,-0.00244984962046146
51.824080426,0.217365056276321,0
51.834057972,0.216367959976196,0.00244984962046146
51.844071839,0.215370878577232,0
51.854065958,0.216367959976196,-0.00244984962046146
51.864063972,0.217365056276321,0
51.874059139,0.217365056276321,0
51.884073132,0.217365056276321,0
51.894049037,0.217365056276321,0
51.904021346,0.217365056276321,0
51.914014844,0.216367959976196,-0.00244984962046146
51.924068056,0.217365056276321,-0.00489969924092293
51.934021515,0.217365056276321,-0.00489969924092293
51.94405554,0.21935923397541,-0.00489969924092293
51.954055817,0.21935923397541,-0.00489969924092293
51.964021504,0.21935923397541,-0.00489969924092293
51.974054251,0.218362152576447,-0.00734954932704568
51.984025606,0.218362152576447,-0.00734954932704568
51.99405526,0.217365056276321,-0.00979939848184586
52.004045286,0.216367974877357,-0.0122492304071784
52.014100643,0.216367959976196,-0.00734954932704568
52.0240476,0.215370893478394,-0.00979938078671694
52.034031066,0.214373797178268,-0.0122492304071784
52.044036859,0.212379619479179,-0.00734953070059419
52.054012335,0.21038544178009,-0.00734953070059419
52.064006098,0.209388345479965,-0.00979938078671694
52.074027403,0.208391278982162,-0.00734954932704568
52.084003958,0.206397086381912,-0.00734954932704568
52.09400184,0.206397086381912,-0.00734954932704568
52.104041918,0.205400004982948,-0.00489969924092293
52.114098084,0.205400004982948,-0.00979939848184586
52.124018744,0.204402923583984,-0.00734954932704568
52.133985548,0.204402923583984,-0.00734954932704568
52.144026731,0.203405827283859,-0.00979938078671694
52.154007361,0.205400004982948,-0.00979939848184586
52.1640131,0.204402923583984,-0.00734954932704568
52.174036641,0.204402923583984,-0.00734954932704568
52.183996754,0.205400004982948,-0.00979939848184586
52.19401159,0.205400004982948,-0.00979939848184586
52.204011627,0.205400004982948,-0.00979939848184586
52.214014772,0.206397086381912,-0.00734954932704568
52.223994981,0.206397086381912,-0.00734954932704568
52.234002294,0.205400004982948,-0.00489969924092293
52.244025483,0.206397086381912,-0.00734954932704568
52.254003609,0.204402923583984,-0.00734954932704568
52.264004763,0.204402923583984,-0.00734954932704568
52.274005853,0.204402923583984,-0.00734954932704568
52.284005905,0.203405827283859,-0.00489969924092293
52.293984425,0.202408730983734,-0.00244984962046146
52.304045998,0.202408730983734,-0.00244984962046146
52.314015928,0.200414568185806,-0.00244983145967126
52.32398246,0.200414568185806,-0.00244983145967126
52.333995858,0.199417471885681,-0.00489968108013272
52.34398807,0.198420405387878,-0.00244984962046146
52.353992499,0.198420405387878,-0.00244984962046146
52.363984468,0.199417471885681,-0.00489968108013272
52.373989366,0.197423309087753,-0.00489969924092293
52.384005592,0.198420390486717,-0.00734953070059419
52.393986755,0.198420390486717,-0.00734953070059419
52.403972385,0.198420390486717,-0.00734953070059419
52.414031682,0.198420390486717,-0.00734953070059419
52.424014169,0.198420390486717,-0.00734953070059419
52.434047482,0.199417471885681,-0.00489968108013272
52.444017863,0.199417471885681,-0.00489968108013272
52.454015709,0.198420405387878,-0.00244984962046146
52.464030152,0.196426212787628,-0.00244984962046146
52.47401495,0.198420405387878,-0.00244984962046146
52.484039969,0.197423309087753,0
52.494039145,0.196426212787628,0.00244984962046146
52.504031948,0.195429131388664,0
52.514029418,0.195429131388664,0
52.524051496,0.1944320499897,0.00244984962046146
52.534015789,0.193434953689575,0
52.543996966,0.191440775990486,0
52.554015161,0.19243785738945,-0.00244984962046146
52.564040077,0.191440775990486,0
52.574013334,0.189446613192558,0
52.58401553,0.189446613192558,0
52.594032405,0.188449531793594,-0.00244984962046146
52.604020785,0.187452435493469,0
52.614036081,0.186455339193344,0.00244984962046146
52.624015593,0.18545825779438,0
52.634038928,0.186455339193344,0.00244984962046146
52.644008632,0.186455339193344,0.00244984962046146
52.654008341,0.184461176395416,0.00244984962046146
52.664037071,0.184461176395416,0.00244984962046146
52.674013889,0.184461176395416,0.00244984962046146
52.68405037,0.183464080095291,0.00489969924092293
52.694041601,0.183464080095291,0.00489969924092293
52.704001207,0.183464080095291,0.00489969924092293
52.714001666,0.181469902396202,0
52.724039209,0.181469902396202,0
52.73405169,0.17847865819931,0.00244984962046146
52.744012492,0.17847865819931,0.00244984962046146
52.754041907,0.177481561899185,0.00489969924092293
52.764022382,0.17648446559906,0.00244984962046146
52.77400716,0.175487384200096,0.00489969924092293
52.784035815,0.174490302801132,0.00244984962046146
52.794032905,0.172496110200882,0.00244984962046146
52.804011879,0.171499043703079,0.00489968108013272
52.814027418,0.171499043703079,0.00489968108013272
52.824027534,0.170501947402954,0.00734953070059419
52.834046685,0.169504851102829,0.00489968108013272
52.844037146,0.168507784605026,0.00244984962046146
52.854040246,0.168507784605026,0.00244984962046146
52.864033719,0.167510688304901,0.00489969924092293
52.87403779,0.167510688304901,0.00489969924092293
52.884038766,0.165516510605812,0.00489969924092293
52.894021816,0.167510688304901,0.00489969924092293
52.903993532,0.167510688304901,0.00489969924092293
52.914021173,0.166513592004776,0.00734954932704568
52.924007855,0.167510688304901,0.00489969924092293
52.934004046,0.168507769703865,0.00734953070059419
52.944011583,0.169504851102829,0.00979938078671694
52.95404139,0.170501947402954,0.00734953070059419
52.964037273,0.172496125102043,0.00734953070059419
52.974006002,0.172496125102043,0.00734953070059419
52.984020626,0.173493206501007,0.00979938078671694
52.994011808,0.174490302801132,0.0122492304071784
53.003960445,0.175487384200096,0.00979939848184586
53.014013769,0.177481561899185,0.00979938078671694
53.024026177,0.177481561899185,0.00979938078671694
53.034032969,0.179475724697113,0.00979938078671694
53.043998188,0.178478643298149,0.0122492304071784
53.054005145,0.178478643298149,0.0122492304071784
53.063997876,0.178478643298149,0.0122492304071784
53.074023468,0.179475724697113,0.0146990800276399
53.084001529,0.180472820997238,0.0122492304071784
53.094021966,0.179475724697113,0.00979938078671694
53.103921775,0.179475724697113,0.00979938078671694
53.114036664,0.180472820997238,0.00734953070059419
53.124025934,0.180472820997238,0.0122492304071784
53.134011296,0.179475724697113,0.00979938078671694
53.14402461,0.180472820997238,0.00734953070059419
53.154003081,0.181469917297363,0.00979938078671694
53.164032889,0.182466998696327,0.00734953070059419
53.174007798,0.181469917297363,0.00489968108013272
53.184011497,0.182466998696327,0.00734953070059419
53.194007306,0.182466998696327,0.00734953070059419
53.203938803,0.182466998696327,0.00734953070059419
53.214001715,0.182466998696327,0.0122492304071784
53.224024328,0.182466998696327,0.00734953070059419
53.234025336,0.183464080095291,0.00979938078671694
53.244006535,0.183464080095291,0.00979938078671694
53.253995443,0.183464080095291,0.00979938078671694
53.263994516,0.183464080095291,0.0146990800276399
53.273998689,0.184461176395416,0.0122492304071784
53.284014128,0.18545825779438,0.00979939848184586
53.294016828,0.18545825779438,0.00979939848184586
53.304029213,0.187452435493469,0.00979938078671694
53.314009653,0.187452435493469,0.00979938078671694
53.324021361,0.187452435493469,0.00979938078671694
53.334001305,0.188449516892433,0.00734953070059419
53.343998577,0.190443694591522,0.00734953070059419
53.354018774,0.191440790891647,0.00489968108013272
53.364019206,0.19243785738945,0.00244984962046146
53.374012592,0.193434953689575,0.00489969924092293
53.384033746,0.193434953689575,0.00489969924092293
53.39401561,0.196426212787628,0.00244984962046146
53.404042904,0.197423309087753,0.00489969924092293
53.413985935,0.198420405387878,0.00244984962046146
53.424003445,0.20141164958477,0
53.434010628,0.20141164958477,0
53.44401847,0.202408730983734,0.00244984962046146
53.454009808,0.203405827283859,0
53.464001401,0.204402923583984,0.00244984962046146
53.473996841,0.205400004982948,0
53.484018072,0.206397086381912,-0.00244984962046146
53.494025693,0.206397086381912,0.00244984962046146
53.504015156,0.205400004982948,0
53.514036586,0.206397086381912,0.00244984962046146
53.524031647,0.205400004982948,0.00489969924092293
53.534001886,0.205400004982948,0.00489969924092293
53.54400733,0.205400004982948,0.00489969924092293
53.553997564,0.204402923583984,0.00734954932704568
53.564016428,0.203405827283859,0.00489969924092293
53.573998709,0.204402923583984,0.00734954932704568
53.584000524,0.204402923583984,0.00734954932704568
53.594003671,0.202408745884895,0.00734953070059419
53.604020777,0.203405827283859,0.00489969924092293
53.614003322,0.202408745884895,0.00734953070059419
53.624005924,0.202408745884895,0.00734953070059419
53.634036469,0.202408745884895,0.00734953070059419
53.644025164,0.201411664485931,0.00489968108013272
53.65400106,0.201411664485931,0.00489968108013272
53.66400556,0.201411664485931,0.00489968108013272
53.674018384,0.200414568185806,0.00244983145967126
53.684017077,0.199417471885681,0.00489968108013272
53.693998307,0.199417471885681,0.00489968108013272
53.704005056,0.197423309087753,0.00979938078671694
53.714051077,0.196426212787628,0.00244984962046146
53.724009681,0.196426212787628,0.00244984962046146
53.734000649,0.195429131388664,0.00489969924092293
53.744009554,0.1944320499897,0.00734954932704568
53.754005895,0.192437872290611,0.00734953070059419
53.764005649,0.191440790891647,0.00979938078671694
53.774017574,0.189446598291397,0.00979938078671694
53.784012093,0.187452435493469,0.00979938078671694
53.7940018,0.187452435493469,0.00979938078671694
53.804024484,0.187452435493469,0.00489969924092293
53.814041289,0.187452435493469,0.00979938078671694
53.824005095,0.184461176395416,0.0122492304071784
53.83402484,0.183464080095291,0.00979938078671694
53.844021136,0.182466998696327,0.00734953070059419
53.854022076,0.182466998696327,0.00734953070059419
53.864024853,0.180472820997238,0.00244983145967126
53.873998965,0.180472820997238,0.00244983145967126
53.884003022,0.179475724697113,0.00489968108013272
53.894018235,0.17847865819931,0.00244984962046146
53.903845038,0.177481561899185,0.00489969924092293
53.914019091,0.175487384200096,0
53.924002869,0.175487384200096,0
53.934013003,0.174490302801132,-0.00244984962046146
53.943998872,0.174490302801132,-0.00244984962046146
53.953998213,0.173493206501007,0
53.964017202,0.174490302801132,0.00244984962046146
53.97400299,0.174490302801132,0.00244984962046146
53.984020971,0.17648446559906,0.00244984962046146
53.994009726,0.17648446559906,0.00244984962046146
54.003892173,0.17648446559906,0.00244984962046146
54.014019865,0.178478643298149,0.00734953070059419
54.024005805,0.179475724697113,0.00489968108013272
54.034002351,0.181469917297363,0.00979938078671694
54.044001126,0.182466998696327,0.0122492304071784
54.054010301,0.184461176395416,0.0122492304071784
54.064001955,0.184461176395416,0.0122492304071784
54.074023774,0.18545825779438,0.0146990614011884
54.084015093,0.186455339193344,0.0122492304071784
54.094006877,0.186455339193344,0.0122492304071784
54.103996325,0.187452435493469,0.0146990800276399
54.114029315,0.186455339193344,0.0122492304071784
54.124020181,0.187452435493469,0.0146990800276399
54.134003339,0.188449516892433,0.0122492304071784
54.144003502,0.187452435493469,0.00979938078671694
54.154020876,0.188449516892433,0.00734953070059419
54.164001367,0.189446598291397,0.00489968108013272
54.174006765,0.189446598291397,0.00489968108013272
54.184014793,0.187452435493469,0.00489969924092293
54.194019122,0.189446598291397,0.00489968108013272
54.204006202,0.190443694591522,0.00244983145967126
54.214040402,0.190443694591522,0.00244983145967126
54.224016819,0.191440775990486,0
54.234019593,0.190443694591522,0.00244983145967126
54.244004763,0.190443694591522,0.00244983145967126
54.254014912,0.189446598291397,0.00489968108013272
54.264009806,0.188449516892433,0.00734953070059419
54.274010158,0.187452435493469,0.00489969924092293
54.284015404,0.188449516892433,0.00734953070059419
54.294008748,0.187452435493469,0.00979938078671694
54.304010885,0.18545825779438,0.00979939848184586
54.314031415,0.18545825779438,0.00979939848184586
54.32400668,0.183464080095291,0.00979938078671694
54.334024685,0.182466998696327,0.00734953070059419
54.344008136,0.182466998696327,0.00734953070059419
54.353997613,0.181469917297363,0.00489968108013272
54.364006981,0.180472820997238,0.00734953070059419
54.374003055,0.180472820997238,0.00734953070059419
54.384005229,0.179475724697113,0.00489968108013272
54.394017466,0.17847865819931,0.00244984962046146
54.404005981,0.177481561899185,0.00489969924092293
54.413995484,0.177481561899185,0.00489969924092293
54.423974076,0.177481561899185,0.00489969924092293
54.433989443,0.177481561899185,0.00489969924092293
54.443983988,0.177481561899185,0.00489969924092293
54.45399177,0.177481561899185,0.00489969924092293
54.463974717,0.179475739598274,0
54.473987447,0.180472820997238,0.00244983145967126
54.483984927,0.180472820997238,0.00244983145967126
54.493990168,0.180472820997238,0.00244983145967126
54.50400496,0.182466983795166,0.00244984962046146
54.513996573,0.183464080095291,0.00489969924092293
54.523982337,0.183464080095291,0.00489969924092293
54.533722524,0.184461176395416,0.00734954932704568
54.543721395,0.186455339193344,0.00734954932704568
54.554010559,0.187452435493469,0.00979938078671694
54.564020476,0.186455339193344,0.0122492304071784
54.574001417,0.186455339193344,0.0122492304071784
54.583978329,0.187452435493469,0.0146990800276399
54.593990608,0.187452435493469,0.0146990800276399
54.604013677,0.187452435493469,0.0146990800276399
54.613996156,0.186455339193344,0.0122492304071784
54.62400784,0.187452435493469,0.0146990800276399
54.633990682,0.187452435493469,0.00979938078671694
54.643971719,0.18545825779438,0.0146990614011884
54.653990396,0.184461176395416,0.0122492304071784
54.664010381,0.184461176395416,0.0122492304071784
54.673996836,0.183464080095291,0.00979938078671694
54.683996698,0.181469917297363,0.00979938078671694
54.693976193,0.181469917297363,0.00979938078671694
54.704000349,0.181469917297363,0.00979938078671694
54.713979267,0.181469917297363,0.00979938078671694
54.723965783,0.180472820997238,0.00734953070059419
54.733982479,0.180472820997238,0.0122492304071784
54.743983128,0.180472820997238,0.00734953070059419
54.753983145,0.180472820997238,0.00734953070059419
54.763993939,0.179475724697113,0.00979938078671694
54.773974957,0.180472820997238,0.0122492304071784
54.783987165,0.180472820997238,0.0122492304071784
54.793976953,0.180472820997238,0.0122492304071784
54.804000582,0.180472820997238,0.0122492304071784
54.813984774,0.180472820997238,0.0122492304071784
54.823984343,0.180472820997238,0.0122492304071784
54.833980193,0.179475724697113,0.00979938078671694
54.843981048,0.179475724697113,0.00979938078671694
54.853979584,0.180472820997238,0.0122492304071784
54.863958737,0.181469917297363,0.00979938078671694
54.873990223,0.179475724697113,0.00979938078671694
54.883957017,0.180472820997238,0.00734953070059419
54.893979671,0.181469917297363,0.00979938078671694
54.903993342,0.180472820997238,0.00734953070059419
54.914000793,0.181469917297363,0.00979938078671694
54.924021158,0.181469917297363,0.00979938078671694
54.934009943,0.183464080095291,0.00979938078671694
54.94400748,0.183464080095291,0.00979938078671694
54.954008023,0.183464080095291,0.00979938078671694
54.96400761,0.184461176395416,0.0122492304071784
54.974010414,0.187452435493469,0.00489969924092293
54.984012858,0.188449516892433,0.00734953070059419
54.993734327,0.188449516892433,0.00734953070059419
55.004021087,0.190443694591522,0.00734953070059419
55.014012015,0.191440790891647,0.00979938078671694
55.024005896,0.193434953689575,0.00979938078671694
55.034016343,0.192437872290611,0.0122492304071784
55.044005428,0.1944320499897,0.0122492304071784
55.054020849,0.195429131388664,0.00979939848184586
55.064008727,0.195429131388664,0.00979939848184586
55.074015784,0.196426212787628,0.0171489119529724
55.084006115,0.197423309087753,0.0146990800276399
55.094010406,0.198420390486717,0.0122492304071784
55.104006912,0.197423309087753,0.0146990800276399
55.114012928,0.196426212787628,0.00734954932704568
55.12400569,0.196426212787628,0.00734954932704568
55.134005956,0.197423309087753,0.00489969924092293
55.144012307,0.196426212787628,0.00734954932704568
55.154005441,0.196426212787628,0.00734954932704568
55.16400648,0.196426212787628,0.00734954932704568
55.174014906,0.195429131388664,0.00489969924092293
55.184025852,0.195429131388664,0.00489969924092293
55.194015449,0.193434953689575,0.00489969924092293
55.204018075,0.1944320499897,0.00244984962046146
55.213989925,0.195429131388664,0.00489969924092293
55.224006067,0.195429131388664,0.00489969924092293
55.23402688,0.1944320499897,0.00734954932704568
55.243980247,0.195429131388664,0.00489969924092293
55.254020817,0.1944320499897,0.00734954932704568
55.264021413,0.1944320499897,0.00244984962046146
55.2740157,0.193434953689575,0.00489969924092293
55.284014445,0.193434953689575,0.00489969924092293
55.293989905,0.1944320499897,0.00734954932704568
55.304024645,0.192437872290611,0.00734953070059419
55.313990553,0.192437872290611,0.00734953070059419
55.324006907,0.191440790891647,0.00979938078671694
55.334012763,0.190443694591522,0.00734953070059419
55.343979142,0.188449516892433,0.00734953070059419
55.354027803,0.188449531793594,0.00244984962046146
55.363990624,0.188449516892433,0.00734953070059419
55.373985035,0.189446598291397,0.00489968108013272
55.384014667,0.187452435493469,0.00489969924092293
55.39399029,0.186455339193344,0.00244984962046146
55.404001733,0.188449531793594,0.00244984962046146
55.413989937,0.186455339193344,0.00244984962046146
55.424017482,0.18545825779438,0
55.433623202,0.186455339193344,-0.00244984962046146
55.444023655,0.187452435493469,0
55.453985142,0.186455339193344,0.00244984962046146
55.464004253,0.187452435493469,0
55.473985316,0.186455339193344,0.00244984962046146
55.484017711,0.187452435493469,0
55.49398197,0.187452435493469,0
55.504025007,0.187452435493469,0
55.514022928,0.189446613192558,0
55.5240165,0.190443694591522,-0.00244983145967126
55.533645772,0.191440775990486,0
55.544018006,0.190443694591522,-0.00244983145967126
55.554005893,0.19243785738945,-0.00244984962046146
55.564026453,0.19243785738945,-0.00244984962046146
55.574014452,0.191440790891647,-0.00489968108013272
55.584011917,0.191440790891647,-0.00489968108013272
55.59402121,0.193434953689575,-0.00489969924092293
55.604009389,0.192437872290611,-0.00734953070059419
55.61402138,0.191440790891647,-0.00489968108013272
55.62398754,0.191440790891647,-0.00489968108013272
55.634008548,0.191440790891647,-0.00489968108013272
55.643987889,0.191440790891647,-0.00489968108013272
55.653984091,0.191440790891647,-0.00979938078671694
55.664004141,0.190443694591522,-0.0122492304071784
55.673987301,0.191440790891647,-0.00979938078671694
55.68401959,0.191440790891647,-0.00979938078671694
55.693987854,0.190443694591522,-0.0122492304071784
55.704002948,0.190443694591522,-0.00734953070059419
55.71371223,0.190443694591522,-0.0122492304071784
55.724004417,0.190443694591522,-0.0122492304071784
55.733986912,0.188449516892433,-0.0122492304071784
55.743982297,0.190443694591522,-0.0122492304071784
55.754017221,0.189446598291397,-0.00979938078671694
55.764021917,0.189446598291397,-0.00489968108013272
55.773986584,0.189446598291397,-0.00979938078671694
55.784032453,0.188449516892433,-0.00734953070059419
55.793981306,0.189446598291397,-0.00489968108013272
55.804005294,0.189446598291397,-0.00489968108013272
55.813699232,0.189446598291397,-0.00489968108013272
55.824006258,0.189446598291397,-0.00489968108013272
55.833984555,0.189446598291397,-0.00489968108013272
55.844000357,0.188449516892433,-0.00734953070059419
55.853984715,0.188449531793594,-0.00244984962046146
55.864008125,0.187452435493469,-0.00489969924092293
55.873982396,0.187452435493469,-0.00489969924092293
55.884015708,0.187452435493469,-0.00489969924092293
55.893980041,0.186455339193344,-0.00734954932704568
55.904019444,0.18545825779438,-0.00979939848184586
55.913876616,0.18545825779438,-0.00979939848184586
55.924010682,0.184461176395416,-0.00734954932704568
55.934022208,0.18545825779438,-0.00979939848184586
55.943985499,0.184461176395416,-0.00734954932704568
55.95401777,0.183464080095291,-0.00979938078671694
55.963985204,0.184461176395416,-0.0122492304071784
55.974018625,0.183464080095291,-0.00979938078671694
55.983983983,0.184461176395416,-0.0122492304071784
55.994002617,0.183464080095291,-0.00979938078671694
56.00401183,0.182466998696327,-0.0122492304071784
56.014018072,0.181469917297363,-0.00979938078671694
56.024000421,0.180472820997238,-0.0122492304071784
56.033987487,0.179475724697113,-0.00979938078671694
56.044007595,0.178478643298149,-0.0122492304071784
56.054025049,0.179475724697113,-0.0146990800276399
56.063986203,0.177481561899185,-0.00979938078671694
56.074006857,0.177481561899185,-0.0146990800276399
56.083981876,0.17648446559906,-0.0122492304071784
56.094005323,0.175487384200096,-0.0146990614011884
56.104029889,0.17648446559906,-0.0122492304071784
56.11401383,0.174490302801132,-0.0122492304071784
56.124011926,0.174490302801132,-0.0122492304071784
56.133981767,0.174490302801132,-0.0122492304071784
56.144005923,0.174490302801132,-0.0122492304071784
56.154021462,0.173493206501007,-0.00979938078671694
56.164001185,0.172496125102043,-0.0122492304071784
56.17401382,0.172496125102043,-0.00734953070059419
56.184004497,0.170501947402954,-0.00734953070059419
56.194007495,0.170501947402954,-0.00734953070059419
56.203604939,0.169504851102829,-0.00489968108013272
56.21399348,0.169504851102829,-0.00489968108013272
56.223988899,0.170501947402954,-0.00244983145967126
56.234011397,0.168507784605026,-0.00244984962046146
56.244008259,0.168507784605026,-0.00244984962046146
56.25400774,0.167510688304901,0
56.264018159,0.168507784605026,-0.00244984962046146
56.273979261,0.166513592004776,-0.00244984962046146
56.284004012,0.168507784605026,-0.00244984962046146
56.294019078,0.167510688304901,0
56.303729078,0.168507784605026,-0.00244984962046146
56.314006125,0.169504851102829,-0.00489968108013272
56.323989246,0.169504851102829,-0.00489968108013272
56.333976836,0.169504851102829,-0.00489968108013272
56.343987031,0.170501947402954,-0.00244983145967126
56.353989063,0.169504851102829,-0.00489968108013272
56.363975231,0.170501947402954,-0.00244983145967126
56.373981702,0.171499043703079,-0.00489968108013272
56.383980622,0.170501947402954,-0.00244983145967126
56.393989547,0.172496110200882,-0.00244984962046146
56.40391134,0.171499043703079,-0.00489968108013272
56.413974674,0.173493206501007,-0.00489969924092293
56.423969528,0.173493206501007,-0.00489969924092293
56.433988266,0.174490302801132,-0.00734954932704568
56.44397722,0.173493206501007,-0.00489969924092293
56.45398315,0.175487384200096,-0.00489969924092293
56.463974147,0.175487384200096,-0.00489969924092293
56.473976652,0.17648446559906,-0.00244984962046146
56.483992954,0.178478643298149,-0.00734953070059419
56.493977442,0.179475724697113,-0.00979938078671694
56.503983683,0.181469917297363,-0.00489968108013272
56.513976028,0.180472820997238,-0.00244983145967126
56.52397306,0.180472820997238,-0.00244983145967126
56.533982312,0.183464080095291,0
56.543985546,0.184461176395416,-0.00244984962046146
56.553976672,0.186455339193344,-0.00244984962046146
56.56398993,0.188449531793594,-0.00244984962046146
56.573981556,0.189446598291397,-0.00489968108013272
56.583991789,0.190443694591522,-0.00244983145967126
56.593975508,0.191440775990486,0
56.60398999,0.19243785738945,-0.00244984962046146
56.613975603,0.195429131388664,0
56.623982457,0.197423309087753,0
56.633970652,0.198420405387878,-0.00244984962046146
56.643984985,0.200414568185806,-0.00244983145967126
56.653980427,0.201411664485931,-0.00489968108013272
56.663991332,0.201411664485931,-0.00489968108013272
56.673979157,0.203405827283859,-0.00489969924092293
56.68398193,0.203405827283859,-0.00489969924092293
56.693976963,0.204402923583984,-0.00734954932704568
56.704006429,0.204402923583984,-0.00734954932704568
56.713987412,0.204402923583984,-0.0122492304071784
56.723989299,0.204402923583984,-0.0122492304071784
56.733977871,0.205400004982948,-0.00979939848184586
56.743983652,0.205400004982948,-0.00979939848184586
56.753984513,0.204402923583984,-0.00734954932704568
56.763972173,0.205400004982948,-0.00979939848184586
56.773990006,0.205400004982948,-0.00489969924092293
56.783982506,0.206397086381912,-0.00734954932704568
56.793984213,0.205400004982948,-0.00489969924092293
56.804012007,0.206397086381912,-0.00734954932704568
56.813987089,0.207394182682037,-0.00489969924092293
56.823979631,0.207394182682037,-0.00489969924092293
56.833976433,0.206397086381912,-0.00734954932704568
56.843973088,0.206397086381912,-0.00734954932704568
56.853989634,0.207394182682037,-0.00979939848184586
56.863978294,0.207394182682037,-0.00979939848184586
56.873980017,0.206397086381912,-0.0122492490336299
56.883978695,0.205400004982948,-0.00979939848184586
56.89397702,0.207394182682037,-0.00979939848184586
56.903979168,0.206397086381912,-0.0122492490336299
56.913982088,0.204402923583984,-0.0122492304071784
56.923985291,0.205400019884109,-0.0146990800276399
56.933980833,0.204402923583984,-0.0122492304071784
56.943984265,0.204402923583984,-0.0122492304071784
56.953974519,0.202408745884895,-0.0122492304071784
56.963988246,0.201411664485931,-0.00979938078671694
56.973988141,0.201411664485931,-0.0146990800276399
56.983992051,0.201411664485931,-0.0146990800276399
56.993970843,0.199417471885681,-0.0146990800276399
57.003978944,0.198420390486717,-0.0122492304071784
57.013979947,0.198420390486717,-0.0122492304071784
57.023984413,0.197423309087753,-0.00979938078671694
57.033979353,0.196426212787628,-0.0122492304071784
57.0439765,0.196426212787628,-0.0122492304071784
57.053979285,0.196426212787628,-0.0122492304071784
57.063974913,0.196426212787628,-0.0122492304071784
57.073982632,0.196426212787628,-0.0122492304071784
57.083980826,0.196426212787628,-0.0122492304071784
57.093983678,0.196426212787628,-0.0122492304071784
57.103977335,0.197423309087753,-0.0146990800276399
57.113980355,0.197423309087753,-0.0146990800276399
57.123987625,0.197423309087753,-0.0146990800276399
57.133984755,0.198420390486717,-0.0171489305794239
57.143983129,0.198420390486717,-0.0171489305794239
57.153981709,0.198420390486717,-0.0171489305794239
57.163978884,0.199417471885681,-0.0195987801998854
57.173977118,0.198420390486717,-0.0122492304071784
57.183977194,0.198420390486717,-0.0171489305794239
57.193982597,0.197423309087753,-0.0146990800276399
57.203980224,0.197423309087753,-0.0146990800276399
57.213979375,0.198420390486717,-0.0122492304071784
57.223987354,0.199417471885681,-0.0146990800276399
57.233986928,0.199417471885681,-0.00979938078671694
57.243986252,0.200414568185806,-0.0122492304071784
57.253981974,0.201411664485931,-0.00979938078671694
57.264002364,0.201411664485931,-0.00979938078671694
57.274000526,0.202408745884895,-0.0122492304071784
57.283992726,0.204402923583984,-0.00734954932704568
57.293970548,0.205400004982948,-0.00979939848184586
57.303980044,0.207394182682037,-0.00489969924092293
57.313995589,0.206397086381912,-0.00734954932704568
57.323998132,0.207394182682037,-0.00489969924092293
57.333972027,0.207394182682037,-0.00489969924092293
57.343997801,0.208391278982162,-0.00244984962046146
57.35399647,0.209388360381126,-0.00489969924092293
57.363981591,0.21038544178009,-0.00244984962046146
57.373994436,0.212379619479179,-0.00244983145967126
57.383999853,0.212379619479179,-0.00244983145967126
57.393988196,0.213376700878143,-0.00489968108013272
57.403997071,0.212379619479179,-0.00244983145967126
57.413978361,0.214373797178268,-0.00244984962046146
57.423978594,0.213376700878143,-0.00489968108013272
57.434000295,0.215370878577232,-0.00489969924092293
57.443995045,0.215370878577232,-0.00489969924092293
57.453992214,0.216367959976196,-0.00244984962046146
57.463988483,0.215370878577232,0
57.473985406,0.215370878577232,0
57.483988703,0.216367959976196,-0.00244984962046146
57.493978021,0.217365056276321,0
57.503995343,0.217365056276321,0
57.513994485,0.217365056276321,0
57.523989793,0.218362152576447,0.00244984962046146
57.533640364,0.218362152576447,0.00244984962046146
57.544007597,0.218362152576447,0.00244984962046146
57.553997349,0.218362152576447,0.00244984962046146
57.563984321,0.21935923397541,0
57.573999376,0.21935923397541,0
57.583987342,0.218362152576447,0.00244984962046146
57.593990677,0.218362152576447,0.00244984962046146
57.603977123,0.21935923397541,0
57.613987001,0.21935923397541,0
57.624000305,0.21935923397541,0
57.633986658,0.220356315374374,0.00244984962046146
57.643994444,0.220356315374374,0.00244984962046146
57.65397915,0.220356315374374,0.00244984962046146
57.663990212,0.21935923397541,0
57.673994157,0.218362152576447,0.00244984962046146
57.683981575,0.218362152576447,0.00244984962046146
57.69397568,0.218362152576447,0.00244984962046146
57.703999732,0.218362152576447,0.00244984962046146
57.713984898,0.217365056276321,0
57.724013294,0.217365056276321,0
57.734000749,0.216367959976196,-0.00244984962046146
57.744001034,0.215370878577232,-0.00489969924092293
57.753977644,0.215370878577232,-0.00489969924092293
57.763986461,0.216367959976196,-0.00244984962046146
57.773979177,0.215370878577232,-0.00489969924092293
57.783988097,0.215370878577232,-0.00489969924092293
57.793998488,0.214373797178268,-0.00734953070059419
57.803983643,0.213376700878143,-0.00979938078671694
57.814001795,0.212379619479179,-0.00734953070059419
57.823986324,0.21038544178009,-0.00734953070059419
57.833998451,0.21038544178009,-0.00734953070059419
57.843995677,0.209388360381126,-0.00489969924092293
57.853985519,0.207394182682037,-0.00489969924092293
57.863985796,0.204402923583984,-0.00734954932704568
57.873996646,0.204402923583984,-0.00734954932704568
57.883977948,0.203405827283859,-0.00979938078671694
57.893992329,0.202408745884895,-0.00734953070059419
57.903981293,0.202408745884895,-0.00734953070059419
57.91400175,0.202408745884895,-0.00734953070059419
57.923997821,0.202408745884895,-0.00734953070059419
57.933993068,0.200414568185806,-0.00734953070059419
57.94400261,0.200414568185806,-0.00734953070059419
57.953991784,0.200414568185806,-0.00734953070059419
57.963992432,0.202408745884895,-0.00734953070059419
57.973987736,0.203405827283859,-0.00489969924092293
57.983995793,0.203405827283859,-0.00489969924092293
57.994006494,0.203405827283859,-0.00489969924092293
58.003986892,0.203405827283859,-0.00489969924092293
58.013977201,0.203405827283859,-0.00489969924092293
58.023999466,0.203405827283859,-0.00489969924092293
58.033982646,0.203405827283859,-0.00489969924092293
58.043999558,0.203405827283859,-0.00489969924092293
58.053993451,0.204402923583984,-0.00734954932704568
58.063992997,0.203405827283859,-0.00489969924092293
58.07398497,0.202408745884895,-0.00734953070059419
58.083992111,0.201411664485931,-0.00489968108013272
58.093994186,0.201411664485931,-0.00489968108013272
58.103996624,0.200414568185806,-0.00244983145967126
58.113997133,0.200414568185806,-0.00244983145967126
58.1239942,0.199417471885681,-0.00489968108013272
58.133991219,0.199417471885681,-0.00489968108013272
58.143994065,0.199417471885681,-0.00489968108013272
58.153996098,0.198420405387878,-0.00244984962046146
58.163987701,0.198420405387878,-0.00244984962046146
58.173976371,0.198420405387878,-0.00244984962046146
58.183994742,0.198420405387878,-0.00244984962046146
58.19399433,0.197423309087753,-0.00489969924092293
58.20399638,0.197423309087753,-0.00489969924092293
58.213997626,0.197423309087753,-0.00489969924092293
58.22399585,0.199417471885681,-0.00489968108013272
58.233996614,0.198420405387878,-0.00244984962046146
58.243994065,0.198420405387878,-0.00244984962046146
58.253988368,0.198420405387878,-0.00244984962046146
58.263987336,0.198420405387878,-0.00244984962046146
58.273985066,0.197423309087753,-0.00489969924092293
58.284012805,0.196426212787628,-0.00244984962046146
58.293979269,0.197423309087753,0
58.303998686,0.196426212787628,-0.00244984962046146
58.313991239,0.195429131388664,0
58.323989578,0.193434953689575,0
58.333999816,0.193434953689575,-0.00489969924092293
58.34399397,0.193434953689575,-0.00489969924092293
58.353983328,0.191440790891647,-0.00489968108013272
58.363994909,0.190443694591522,-0.00734953070059419
58.373987068,0.189446598291397,-0.00489968108013272
58.383987245,0.190443694591522,-0.00734953070059419
58.393989222,0.188449516892433,-0.00734953070059419
58.403995672,0.187452435493469,-0.00489969924092293
58.413989026,0.187452435493469,-0.00979938078671694
58.423998782,0.186455339193344,-0.00734954932704568
58.433996894,0.186455339193344,-0.00734954932704568
58.443990686,0.184461176395416,-0.00734954932704568
58.453993177,0.184461176395416,-0.00734954932704568
58.463985571,0.183464080095291,-0.00489969924092293
58.473991047,0.183464080095291,-0.00489969924092293
58.483977024,0.179475724697113,-0.00489968108013272
58.49397295,0.179475724697113,-0.00489968108013272
58.503987504,0.180472820997238,-0.00734953070059419
58.513976693,0.177481561899185,-0.00489969924092293
58.524000604,0.177481561899185,-0.00489969924092293
58.533988562,0.175487384200096,-0.00489969924092293
58.543995171,0.174490302801132,-0.00244984962046146
58.553999839,0.174490302801132,-0.00244984962046146
58.563992181,0.174490302801132,-0.00244984962046146
58.573992377,0.174490302801132,-0.00244984962046146
58.583386719,0.174490302801132,-0.00244984962046146
58.594010073,0.174490302801132,-0.00244984962046146
58.60399501,0.174490302801132,-0.00244984962046146
58.613992167,0.17648446559906,-0.00244984962046146
58.623997816,0.177481561899185,0
58.634001838,0.17847865819931,0.00244984962046146
58.643995753,0.17847865819931,0.00244984962046146
58.654003415,0.180472820997238,0.00244983145967126
58.663976689,0.180472820997238,0.00244983145967126
58.673977313,0.180472820997238,0.00244983145967126
58.68333441,0.183464080095291,0.00489969924092293
58.694014652,0.183464080095291,0.00489969924092293
58.703995506,0.183464080095291,0.00979938078671694
58.713992553,0.184461176395416,0.0122492304071784
58.723998665,0.184461176395416,0.00734954932704568
58.733993253,0.18545825779438,0.00979939848184586
58.74399159,0.187452435493469,0.00979938078671694
58.754008317,0.186455339193344,0.00734954932704568
58.763990047,0.187452435493469,0.00979938078671694
58.773970722,0.189446598291397,0.00979938078671694
58.783992664,0.189446598291397,0.00979938078671694
58.793981235,0.191440790891647,0.0146990800276399
58.803986974,0.191440790891647,0.00979938078671694
58.813990975,0.192437872290611,0.0122492304071784
58.824002507,0.193434953689575,0.0146990800276399
58.833985391,0.1944320499897,0.0122492304071784
58.84399113,0.1944320499897,0.0122492304071784
58.854000522,0.196426212787628,0.0171489119529724
58.863362487,0.197423309087753,0.0146990800276399
58.873986621,0.198420390486717,0.0171489305794239
58.883993807,0.199417471885681,0.0195987801998854
58.893993084,0.199417471885681,0.0146990800276399
58.903998428,0.201411664485931,0.0195987801998854
58.913974649,0.202408745884895,0.0171489305794239
58.923984732,0.203405827283859,0.0195987801998854
58.933996522,0.204402923583984,0.0220486111938953
58.943977189,0.206397086381912,0.0220486111938953
58.954004453,0.205400004982948,0.0244984608143568
58.964010503,0.207394182682037,0.0244984608143568
58.973990101,0.206397086381912,0.0269483104348183
58.983991095,0.209388360381126,0.0244984608143568
58.993985871,0.209388360381126,0.0293981600552797
59.003976518,0.21038544178009,0.0269483104348183
59.013982661,0.209388360381126,0.0293981600552797
59.023972725,0.209388360381126,0.0293981600552797
59.033984445,0.209388360381126,0.0293981600552797
59.043986511,0.21038544178009,0.0318479910492897
59.053989225,0.211382538080215,0.0293981414288282
59.063983216,0.21038544178009,0.0318479910492897
59.073989311,0.212379604578018,0.0269483104348183
59.08398567,0.21038544178009,0.0269483104348183
59.093984368,0.211382538080215,0.0244984794408083
59.103987897,0.21038544178009,0.0269483104348183
59.113995864,0.21038544178009,0.0269483104348183
59.123983957,0.21038544178009,0.0269483104348183
59.133989424,0.212379604578018,0.0269483104348183
59.143984874,0.211382538080215,0.0244984794408083
59.153986763,0.211382538080215,0.0244984794408083
59.163991345,0.212379619479179,0.0220486298203468
59.173985221,0.212379604578018,0.0269483104348183
59.183984429,0.212379604578018,0.0269483104348183
59.193982808,0.213376700878143,0.0244984608143568
59.203989007,0.214373797178268,0.0269483104348183
59.213979704,0.216367959976196,0.0220486111938953
59.223988506,0.217365056276321,0.0195987615734339
59.233980156,0.215370878577232,0.0195987615734339
59.243995043,0.215370878577232,0.0195987615734339
59.253984613,0.216367959976196,0.0220486111938953
59.26398238,0.216367959976196,0.0220486111938953
59.274008335,0.215370878577232,0.0195987615734339
59.283984786,0.215370893478394,0.0146990800276399
59.293985939,0.214373797178268,0.0171489305794239
59.303987392,0.213376700878143,0.0146990800276399
59.313995545,0.212379619479179,0.0171489305794239
59.323991419,0.212379619479179,0.0171489305794239
59.333991542,0.211382538080215,0.0146990800276399
59.343990544,0.211382538080215,0.0146990800276399
59.35399311,0.211382538080215,0.00979938078671694
59.363986348,0.21038544178009,0.0122492304071784
59.374005394,0.209388345479965,0.00979938078671694
59.384003067,0.21038544178009,0.0122492304071784
59.393986953,0.21038544178009,0.0122492304071784
59.403985572,0.21038544178009,0.0122492304071784
59.413979461,0.211382538080215,0.00979938078671694
59.423987096,0.209388345479965,0.00979938078671694
59.433988654,0.21038544178009,0.0122492304071784
59.443986686,0.211382538080215,0.00979938078671694
59.453985076,0.21038544178009,0.0122492304071784
59.46398742,0.209388345479965,0.00979938078671694
59.473992611,0.21038544178009,0.0122492304071784
59.48398262,0.21038544178009,0.0122492304071784
59.493988977,0.209388345479965,0.00979938078671694
59.503299727,0.209388345479965,0.00979938078671694
59.513977454,0.209388345479965,0.00979938078671694
59.523995795,0.209388345479965,0.00979938078671694
59.533245691,0.209388345479965,0.00979938078671694
59.543291263,0.208391264081001,0.0122492304071784
59.553987957,0.207394182682037,0.00979939848184586
59.563951348,0.208391264081001,0.0122492304071784
59.573988287,0.208391278982162,0.00734954932704568
59.583290717,0.208391278982162,0.00734954932704568
59.593980453,0.209388345479965,0.00979938078671694
59.603952505,0.21038544178009,0.00734953070059419
59.613992982,0.209388345479965,0.00979938078671694
59.623954486,0.21038544178009,0.0122492304071784
59.633994732,0.211382538080215,0.00979938078671694
59.643953681,0.211382538080215,0.00979938078671694
59.653973921,0.213376700878143,0.00979938078671694
59.663288352,0.213376700878143,0.00979938078671694
59.673281755,0.214373797178268,0.0122492304071784
59.683290354,0.213376700878143,0.0146990800276399
59.693987962,0.214373797178268,0.0122492304071784
59.703952159,0.213376700878143,0.00979938078671694
59.713969626,0.213376700878143,0.00979938078671694
59.723807319,0.214373797178268,0.00734953070059419
59.733985296,0.212379619479179,0.00734953070059419
59.743290087,0.213376700878143,0.00489968108013272
59.753987374,0.212379619479179,0.00734953070059419
59.763979373,0.211382538080215,0.00489968108013272
59.773992349,0.211382538080215,0.00489968108013272
59.783974231,0.21038544178009,0.00244984962046146
59.793986582,0.209388360381126,0
59.803971762,0.209388360381126,0.00489969924092293
59.813988322,0.208391278982162,0.00244984962046146
59.82328264,0.208391278982162,0.00244984962046146
59.833989816,0.208391278982162,0.00244984962046146
59.843978469,0.207394182682037,0
59.853987121,0.206397086381912,-0.00244984962046146
59.863977097,0.208391278982162,-0.00244984962046146
59.873279851,0.206397086381912,-0.00244984962046146
59.883993155,0.206397086381912,-0.00244984962046146
59.893989858,0.206397086381912,0.00244984962046146
59.903286329,0.205400004982948,0
59.913991709,0.205400004982948,0
59.923987099,0.203405827283859,0
59.934013464,0.203405827283859,0
59.944001718,0.202408730983734,0.00244984962046146
59.953947476,0.201411664485931,0.00489968108013272
59.963991808,0.199417471885681,0.00489968108013272
59.973952825,0.198420390486717,0.00734953070059419
59.983281696,0.198420390486717,0.00734953070059419
59.993989193,0.197423309087753,0.00489969924092293
60.003977138,0.195429131388664,0.00489969924092293
60.013948647,0.195429131388664,0.00489969924092293
60.023993005,0.1944320499897,0.00734954932704568
60.034027529,0.1944320499897,0.00734954932704568
60.044013185,0.192437872290611,0.00734953070059419
60.054004202,0.192437872290611,0.00734953070059419
60.063287693,0.191440790891647,0.00489968108013272
60.073280276,0.191440790891647,0.00489968108013272
60.083277529,0.190443694591522,0.00244983145967126
60.093792029,0.190443694591522,0.00244983145967126
60.103786542,0.190443694591522,0.00244983145967126
60.113791917,0.189446598291397,0.00489968108013272
60.123277649,0.190443694591522,0.00244983145967126
60.133984271,0.188449531793594,0.00244984962046146
60.143273863,0.189446598291397,0.00489968108013272
60.153274592,0.189446598291397,0.00489968108013272
60.163982854,0.189446598291397,0.00489968108013272
60.173980343,0.189446598291397,0.00489968108013272
60.18326861,0.188449516892433,0.00734953070059419
60.193994705,0.188449516892433,0.00734953070059419
60.203978848,0.189446598291397,0.00979938078671694
60.213984549,0.188449516892433,0.00734953070059419
60.223271819,0.186455339193344,0.00734954932704568
60.233980278,0.187452435493469,0.00979938078671694
60.243951354,0.187452435493469,0.00489969924092293
60.253976761,0.187452435493469,0.00489969924092293
60.263966919,0.186455339193344,0.00734954932704568
60.273989564,0.186455339193344,0.00734954932704568
60.283275801,0.186455339193344,0.00734954932704568
60.293981328,0.18545825779438,0.00979939848184586
60.30327042,0.184461176395416,0.00734954932704568
60.313987044,0.18545825779438,0.00979939848184586
60.323977215,0.186455339193344,0.00734954932704568
60.333273162,0.186455339193344,0.00734954932704568
60.343268222,0.18545825779438,0.00979939848184586
60.35398642,0.18545825779438,0.00979939848184586
60.363948162,0.18545825779438,0.00979939848184586
60.373981977,0.186455339193344,0.00734954932704568
60.383266925,0.186455339193344,0.00734954932704568
60.39398369,0.187452435493469,0.00489969924092293
60.403989255,0.188449516892433,0.00734953070059419
60.413986075,0.188449531793594,0.00244984962046146
60.423981773,0.189446598291397,0.00489968108013272
60.433972135,0.189446598291397,0.00489968108013272
60.443988405,0.191440790891647,0.00489968108013272
60.453987063,0.19243785738945,0.00244984962046146
60.463264898,0.193434953689575,0.00489969924092293
60.473985575,0.193434953689575,0.00489969924092293
60.483957577,0.195429131388664,0.00489969924092293
60.493980052,0.195429131388664,0.00489969924092293
60.50397322,0.196426212787628,0.00244984962046146
60.51398013,0.197423309087753,0.00489969924092293
60.523983422,0.197423309087753,0.00489969924092293
60.533991323,0.199417471885681,0.00489968108013272
60.543263785,0.199417471885681,0.00489968108013272
60.55398444,0.199417471885681,0.00489968108013272
60.563986358,0.202408730983734,0.00244984962046146
60.573259121,0.202408730983734,0.00244984962046146
60.583976659,0.203405827283859,0.00489969924092293
60.593991215,0.205400004982948,0.00489969924092293
60.603985578,0.206397086381912,0.00734954932704568
60.613270161,0.208391278982162,0.00734954932704568
60.623261082,0.21038544178009,0.00734953070059419
60.633261174,0.21038544178009,0.00734953070059419
60.643989213,0.212379619479179,0.00734953070059419
60.653987147,0.213376700878143,0.00979938078671694
60.663974207,0.212379619479179,0.00734953070059419
60.673114523,0.214373797178268,0.00734953070059419
60.683258641,0.214373797178268,0.00734953070059419
60.693107385,0.214373797178268,0.00734953070059419
60.703112844,0.215370878577232,0.00489969924092293
60.713131204,0.214373797178268,0.00734953070059419
60.72305602,0.213376700878143,0.00489968108013272
60.733256328,0.214373797178268,0.00244984962046146
60.743089023,0.213376700878143,0.00489968108013272
60.753171256,0.213376700878143,0
60.763090652,0.213376700878143,0
60.773111597,0.212379619479179,0.00244983145967126
60.783076488,0.212379619479179,-0.00244983145967126
60.793092686,0.211382538080215,0
60.803134954,0.21038544178009,-0.00244984962046146
60.813087762,0.209388360381126,-0.00489969924092293
60.8231321,0.209388360381126,0
60.833105667,0.207394182682037,0
60.843098841,0.207394182682037,-0.00489969924092293
60.853102892,0.207394182682037,0
60.863107169,0.206397086381912,0.00244984962046146
60.873088278,0.206397086381912,0.00244984962046146
60.883085546,0.205400004982948,0.00489969924092293
60.893092926,0.204402923583984,0.00244984962046146
60.903041513,0.204402923583984,0.00244984962046146
60.913134188,0.205400004982948,0.00489969924092293
60.923086461,0.204402923583984,0.00244984962046146
60.933086177,0.205400004982948,0
60.943109025,0.204402923583984,0.00244984962046146
60.953080933,0.203405827283859,0
60.963077745,0.203405827283859,0
60.973102097,0.202408730983734,-0.00244984962046146
60.983082332,0.203405827283859,0
60.993079896,0.204402923583984,-0.00244984962046146
61.0030835,0.203405827283859,0
61.013132963,0.202408730983734,-0.00244984962046146
61.02305648,0.202408730983734,-0.00244984962046146
61.033089543,0.200414568185806,-0.00244983145967126
61.043050458,0.200414568185806,-0.00244983145967126
61.053058848,0.201411664485931,-0.00489968108013272
61.063051814,0.201411664485931,-0.00489968108013272
61.073059823,0.201411664485931,-0.00489968108013272
61.083066831,0.200414568185806,-0.00734953070059419
61.093057169,0.199417471885681,-0.00489968108013272
61.103030464,0.199417471885681,-0.00489968108013272
61.11305787,0.198420390486717,-0.00734953070059419
61.123051095,0.199417471885681,-0.00979938078671694
61.133046614,0.200414568185806,-0.00734953070059419
61.143051895,0.200414568185806,-0.00734953070059419
61.153059373,0.199417471885681,-0.00489968108013272
61.163051719,0.200414568185806,-0.00734953070059419
61.173055168,0.198420390486717,-0.00734953070059419
61.18305195,0.198420390486717,-0.00734953070059419
61.193053968,0.199417471885681,-0.00979938078671694
61.203049583,0.198420390486717,-0.0122492304071784
61.213061363,0.199417471885681,-0.00979938078671694
61.223058122,0.198420390486717,-0.00734953070059419
61.233055447,0.198420390486717,-0.00734953070059419
61.243049773,0.198420390486717,-0.00734953070059419
61.253051219,0.198420390486717,-0.00734953070059419
61.263051165,0.195429131388664,-0.00489969924092293
61.273055952,0.197423309087753,-0.00489969924092293
61.283051173,0.198420390486717,-0.00734953070059419
61.292988868,0.196426212787628,-0.00244984962046146
61.303051791,0.197423309087753,0
61.31306826,0.195429131388664,0
61.323050754,0.195429131388664,0
61.332991268,0.1944320499897,0.00244984962046146
61.343059633,0.195429131388664,0.00489969924092293
61.352990092,0.1944320499897,0.00244984962046146
61.362987224,0.195429131388664,0.00489969924092293
61.372987669,0.195429131388664,0.00489969924092293
61.382983203,0.193434953689575,0.00979938078671694
61.393040987,0.1944320499897,0.00734954932704568
61.402999252,0.193434953689575,0.00979938078671694
61.412992117,0.195429131388664,0.00979939848184586
61.423010481,0.1944320499897,0.00734954932704568
61.432989546,0.1944320499897,0.00734954932704568
61.442992869,0.193434953689575,0.00489969924092293
61.45298503,0.195429131388664,0.00979939848184586
61.462999791,0.196426212787628,0.00734954932704568
61.472994904,0.195429131388664,0.00489969924092293
61.482984097,0.197423309087753,0.00489969924092293
61.492988446,0.196426212787628,0.00734954932704568
61.502984749,0.198420405387878,0.00244984962046146
61.512992814,0.198420405387878,0.00244984962046146
61.522994742,0.198420390486717,0.00734953070059419
61.532992185,0.199417471885681,0.00489968108013272
61.543012476,0.199417471885681,0.00489968108013272
61.552993927,0.197423309087753,0.00489969924092293
61.562989477,0.197423309087753,0.00489969924092293
61.572991297,0.197423309087753,0.00979938078671694
61.58299339,0.196426212787628,0.00734954932704568
61.59299036,0.195429131388664,0.00489969924092293
61.602994659,0.1944320499897,0.00734954932704568
61.613011982,0.192437872290611,0.00734953070059419
61.623011898,0.191440790891647,0.00489968108013272
61.632991834,0.190443694591522,0.00734953070059419
61.642986293,0.189446598291397,0.00489968108013272
61.652998764,0.188449531793594,0.00244984962046146
61.662987226,0.186455339193344,0.00244984962046146
61.672993416,0.18545825779438,0
61.682994529,0.183464080095291,0
61.692991743,0.183464080095291,0
61.702992061,0.182466983795166,-0.00244984962046146
61.712974636,0.182466983795166,-0.00244984962046146
61.722986609,0.183464080095291,0
61.733001845,0.182466983795166,-0.00244984962046146
61.742981003,0.181469902396202,0
61.753007075,0.182466983795166,-0.00244984962046146
61.762996332,0.182466983795166,-0.00244984962046146
61.772980381,0.184461176395416,-0.00244984962046146
61.782979736,0.184461176395416,-0.00244984962046146
61.792997476,0.184461176395416,-0.00244984962046146
61.80298425,0.184461176395416,-0.00244984962046146
61.8129927,0.18545825779438,0
61.823003792,0.18545825779438,-0.00489969924092293
61.833009751,0.18545825779438,-0.00489969924092293
61.842988876,0.187452435493469,-0.00489969924092293
61.853000584,0.186455339193344,-0.00244984962046146
61.862993099,0.188449531793594,-0.00244984962046146
61.872982907,0.187452435493469,-0.00489969924092293
61.882980878,0.188449531793594,-0.00244984962046146
61.892973821,0.190443694591522,-0.00244983145967126
61.90296623,0.191440775990486,0
61.912969965,0.19243785738945,-0.00244984962046146
61.922981836,0.19243785738945,-0.00244984962046146
61.932972409,0.1944320499897,-0.00244984962046146
61.942980768,0.1944320499897,-0.00244984962046146
61.952982398,0.196426212787628,-0.00244984962046146
61.96298721,0.197423309087753,0
61.972974263,0.199417486786842,0
61.982976628,0.201411664485931,-0.00489968108013272
61.992992431,0.202408730983734,-0.00244984962046146
62.00298454,0.204402923583984,-0.00244984962046146
62.012994076,0.205400004982948,0
62.022989317,0.207394182682037,0
62.03300397,0.209388360381126,0
62.042993242,0.211382538080215,0
62.052986662,0.213376700878143,0
62.062973368,0.216367959976196,-0.00244984962046146
62.07296691,0.218362152576447,0.00244984962046146
62.082988147,0.21935923397541,0.00489969924092293
62.092991304,0.2213534116745,0.00489968108013272
62.102894587,0.222350493073463,0.00244983145967126
62.11292068,0.224344670772552,0.00244984962046146
62.122942736,0.227335929870605,0.00489969924092293
62.132954523,0.228333026170731,0.00734954932704568
62.143007919,0.230327188968658,0.00734953070059419
62.152942858,0.231324285268784,0.00979938078671694
62.16298257,0.231324285268784,0.00979938078671694
62.17290009,0.232321366667747,0.00734953070059419
62.182947769,0.233318448066711,0.00979938078671694
62.192997072,0.234315544366837,0.00734953070059419
62.202988058,0.235312640666962,0.00979938078671694
62.212958818,0.236309722065926,0.0122492304071784
62.222974285,0.236309722065926,0.0122492304071784
62.23299055,0.23730680346489,0.00979939848184586
62.24297471,0.238303884863853,0.0122492304071784
62.252982224,0.240298062562943,0.0122492304071784
62.262972103,0.240298062562943,0.0122492304071784
62.272992512,0.242292240262032,0.0122492304071784
62.282980091,0.242292240262032,0.0122492304071784
62.292984651,0.244286417961121,0.0122492304071784
62.302982565,0.245283514261246,0.0146990800276399
62.312969204,0.24628059566021,0.0122492304071784
62.322947688,0.24628059566021,0.0122492304071784
62.332982738,0.247277677059174,0.0146990614011884
62.342950645,0.24628059566021,0.0122492304071784
62.35294856,0.24628059566021,0.0122492304071784
62.3629487,0.247277677059174,0.0146990614011884
62.372951422,0.245283514261246,0.0146990800276399
62.382990416,0.24628059566021,0.0122492304071784
62.392946454,0.243289321660995,0.0146990800276399
62.402991219,0.243289321660995,0.0146990800276399
62.41292814,0.242292240262032,0.0122492304071784
62.4229877,0.242292240262032,0.0122492304071784
62.432947443,0.241295158863068,0.00979938078671694
62.44299659,0.240298062562943,0.0122492304071784
62.452958471,0.239300966262817,0.00979938078671694
62.462945576,0.23730680346489,0.00979939848184586
62.472978327,0.23730680346489,0.00979939848184586
62.482946162,0.23730680346489,0.00979939848184586
62.492996697,0.236309707164764,0.00734954932704568
62.502994245,0.2353126257658,0.00489969924092293
62.512907023,0.234315544366837,0.00734953070059419
62.522995314,0.233318448066711,0.00489968108013272
62.532947918,0.232321366667747,0.00734953070059419
62.542988362,0.231324285268784,0.00489968108013272
62.552992069,0.231324285268784,0.00489968108013272
62.562991284,0.230327188968658,0.00244984962046146
62.573003153,0.228333026170731,0.00244984962046146
62.582979704,0.227335929870605,0.00489969924092293
62.5929549,0.227335929870605,0.00489969924092293
62.602981199,0.225341752171516,0.00489969924092293
62.612896989,0.225341752171516,0.00489969924092293
62.622947132,0.224344670772552,0.00734953070059419
62.632984886,0.223347574472427,0.00489968108013272
62.642997977,0.223347574472427,0.00489968108013272
62.652988668,0.222350493073463,0.00734953070059419
62.663000989,0.222350493073463,0.00734953070059419
62.672960796,0.222350493073463,0.00734953070059419
62.682971275,0.2213534116745,0.00489968108013272
62.692962366,0.2213534116745,0.00489968108013272
62.702971013,0.2213534116745,0.00489968108013272
62.712838457,0.220356315374374,0.00244984962046146
62.722980504,0.220356315374374,0.00244984962046146
62.732984856,0.220356315374374,0.00244984962046146
62.742974677,0.21935923397541,0.00489969924092293
62.752956825,0.218362152576447,0.00244984962046146
62.762976909,0.218362152576447,0.00244984962046146
62.772997989,0.217365056276321,0
62.782952049,0.217365056276321,0
62.792989071,0.216367959976196,0.00244984962046146
62.802987452,0.216367959976196,0.00244984962046146
62.812881769,0.215370878577232,0.00489969924092293
62.82299447,0.215370878577232,0.00489969924092293
62.832984218,0.213376700878143,0.00489968108013272
62.842996326,0.214373797178268,0.00244984962046146
62.852986447,0.213376700878143,0.00489968108013272
62.862965591,0.212379619479179,0.00734953070059419
62.872982853,0.212379619479179,0.00734953070059419
62.882992944,0.211382538080215,0.00979938078671694
62.892993187,0.21038544178009,0.00734953070059419
62.902986035,0.209388345479965,0.00979938078671694
62.912950105,0.209388360381126,0.00489969924092293
62.922995041,0.208391278982162,0.00734954932704568
62.932994762,0.208391278982162,0.00734954932704568
62.942965963,0.206397086381912,0.00734954932704568
62.952982675,0.205400004982948,0.00489969924092293
62.962989608,0.205400004982948,0.00489969924092293
62.972984523,0.204402923583984,0.00734954932704568
62.982988002,0.203405827283859,0.00489969924092293
62.992985451,0.203405827283859,0.00489969924092293
63.002985956,0.202408730983734,0.00244984962046146
63.012953319,0.200414568185806,0.00734953070059419
63.022951294,0.198420405387878,0.00244984962046146
63.032984443,0.198420405387878,0.00244984962046146
63.042999829,0.197423309087753,0.00489969924092293
63.052993935,0.197423309087753,0.00489969924092293
63.062997634,0.195429131388664,0.00489969924092293
63.072989843,0.195429131388664,0.00489969924092293
63.082993805,0.1944320499897,0.00734954932704568
63.092989319,0.193434953689575,0.00489969924092293
63.102941398,0.192437872290611,0.00734953070059419
63.11296116,0.192437872290611,0.00734953070059419
63.122984813,0.192437872290611,0.0122492304071784
63.132986926,0.191440790891647,0.00979938078671694
63.142985759,0.191440790891647,0.00979938078671694
63.152985432,0.191440790891647,0.00979938078671694
63.162997246,0.190443694591522,0.00734953070059419
63.1729921,0.190443694591522,0.00734953070059419
63.182940221,0.189446598291397,0.00489968108013272
63.192986636,0.189446598291397,0.00979938078671694
63.202986499,0.189446598291397,0.00489968108013272
63.212977528,0.190443694591522,0.00244983145967126
63.222990376,0.190443694591522,-0.00244983145967126
63.232989377,0.189446613192558,0
63.24299265,0.188449531793594,-0.00244984962046146
63.252985512,0.188449531793594,-0.00244984962046146
63.26293804,0.188449531793594,-0.00244984962046146
63.272988708,0.186455339193344,-0.00244984962046146
63.283006738,0.189446598291397,-0.00489968108013272
63.292995946,0.188449516892433,-0.00734953070059419
63.302982623,0.188449516892433,-0.00734953070059419
63.31298657,0.187452435493469,-0.00489969924092293
63.322984941,0.186455339193344,-0.00244984962046146
63.332990083,0.187452435493469,-0.00489969924092293
63.342934466,0.188449531793594,-0.00244984962046146
63.352982281,0.186455339193344,-0.00244984962046146
63.362987332,0.188449531793594,-0.00244984962046146
63.372990891,0.188449531793594,-0.00244984962046146
63.383000081,0.18545825779438,0
63.392986751,0.186455339193344,-0.00244984962046146
63.402999171,0.18545825779438,0
63.412982081,0.184461176395416,-0.00244984962046146
63.422938714,0.184461176395416,-0.00244984962046146
63.432989882,0.183464080095291,0
63.442992433,0.182466983795166,-0.00244984962046146
63.452986528,0.181469902396202,0
63.462987928,0.179475739598274,0
63.472982982,0.179475739598274,0
63.482995625,0.17847865819931,-0.00244984962046146
63.49298029,0.177481561899185,0
63.502961809,0.175487384200096,0
63.513007873,0.175487384200096,0
63.522760238,0.175487384200096,0
63.533002221,0.173493206501007,0
63.542997248,0.173493206501007,0
63.552990888,0.173493206501007,-0.00489969924092293
63.562977126,0.171499043703079,-0.00489968108013272
63.5729816,0.171499043703079,-0.00489968108013272
63.582894211,0.170501947402954,-0.00244983145967126
63.593011678,0.168507784605026,-0.00244984962046146
63.602980679,0.169504851102829,-0.00489968108013272
63.612951742,0.167510688304901,-0.00489969924092293
63.622954905,0.167510688304901,-0.00489969924092293
63.63300612,0.166513592004776,-0.00734954932704568
63.643006242,0.164519429206848,-0.00734954932704568
63.653002634,0.163522332906723,-0.00489969924092293
63.662935578,0.164519429206848,-0.00734954932704568
63.673011549,0.161528170108795,-0.00979938078671694
63.683015257,0.162525251507759,-0.0122492304071784
63.693037933,0.162525251507759,-0.0122492304071784
63.702999702,0.16053107380867,-0.0122492304071784
63.71303424,0.161528170108795,-0.0146990800276399
63.722969461,0.158536896109581,-0.0171489305794239
63.733000072,0.158536896109581,-0.0171489305794239
63.742938783,0.158536896109581,-0.0171489305794239
63.753037166,0.158536896109581,-0.0220486298203468
63.7629997,0.157539814710617,-0.0195987801998854
63.772995466,0.157539814710617,-0.0195987801998854
63.783021022,0.155545637011528,-0.0195987615734339
63.793005534,0.155545637011528,-0.0195987615734339
63.802987939,0.157539814710617,-0.0195987801998854
63.813005374,0.155545637011528,-0.0195987615734339
63.822920993,0.156542718410492,-0.0171489305794239
63.833021143,0.156542718410492,-0.0171489305794239
63.843007944,0.157539814710617,-0.0195987801998854
63.852997877,0.157539814710617,-0.0146990800276399
63.863008051,0.157539814710617,-0.0146990800276399
63.873001851,0.159533977508545,-0.0146990800276399
63.882998247,0.161528170108795,-0.0146990800276399
63.892992185,0.161528170108795,-0.0146990800276399
63.90297081,0.162525251507759,-0.0122492304071784
63.912985324,0.164519429206848,-0.0122492304071784
63.922956997,0.165516510605812,-0.00979939848184586
63.933002317,0.167510688304901,-0.00979938078671694
63.943001591,0.168507769703865,-0.00734953070059419
63.953006738,0.168507769703865,-0.00734953070059419
63.963018807,0.170501947402954,-0.00734953070059419
63.973006283,0.171499043703079,-0.00489968108013272
63.982934322,0.172496110200882,-0.00244984962046146
63.993003452,0.174490302801132,-0.00244984962046146
64.003002321,0.173493206501007,0
64.012985502,0.17648446559906,0.00244984962046146
64.023012886,0.177481561899185,0
64.033005746,0.177481561899185,0.00489969924092293
64.04301138,0.177481561899185,0.00489969924092293
64.052994944,0.180472820997238,0.00734953070059419
64.062929655,0.180472820997238,0.00734953070059419
64.073002711,0.180472820997238,0.00734953070059419
64.082985816,0.181469917297363,0.00979938078671694
64.093037087,0.182466998696327,0.0122492304071784
64.103024724,0.183464080095291,0.00979938078671694
64.113017808,0.182466998696327,0.0122492304071784
64.12300108,0.182466998696327,0.0122492304071784
64.133005798,0.184461176395416,0.0122492304071784
64.142966517,0.18545825779438,0.0146990614011884
64.153041629,0.186455339193344,0.0122492304071784
64.162997419,0.187452435493469,0.0146990800276399
64.17300362,0.189446598291397,0.0146990800276399
64.183002882,0.189446598291397,0.0146990800276399
64.193004175,0.189446598291397,0.0146990800276399
64.203008075,0.191440790891647,0.0146990800276399
64.212988734,0.192437872290611,0.0171489305794239
64.22290559,0.1944320499897,0.0171489119529724
64.232992471,0.195429131388664,0.0146990614011884
64.243008924,0.197423309087753,0.0146990800276399
64.253000867,0.196426212787628,0.0171489119529724
64.262998838,0.197423309087753,0.0146990800276399
64.273001963,0.198420390486717,0.0171489305794239
64.2830027,0.200414568185806,0.0171489305794239
64.293001906,0.202408745884895,0.0171489305794239
64.302923673,0.203405827283859,0.0195987801998854
64.313004364,0.203405827283859,0.0146990800276399
64.322962184,0.204402923583984,0.0171489305794239
64.333036931,0.205400004982948,0.0195987615734339
64.342988319,0.206397086381912,0.0220486111938953
64.352999842,0.208391278982162,0.0220486111938953
64.363002186,0.209388360381126,0.0244984608143568
64.372998145,0.21038544178009,0.0220486298203468
64.382921852,0.211382538080215,0.0244984794408083
64.393010291,0.211382538080215,0.0244984794408083
64.402993653,0.212379619479179,0.0220486298203468
64.413015709,0.214373797178268,0.0269483104348183
64.423002205,0.214373797178268,0.0269483104348183
64.433015826,0.215370878577232,0.0244984608143568
64.44304116,0.216367959976196,0.0220486111938953
64.453011617,0.217365056276321,0.0195987615734339
64.462934863,0.217365056276321,0.0195987615734339
64.473005994,0.217365056276321,0.0195987615734339
64.483032304,0.218362152576447,0.0171489119529724
64.492990418,0.219359219074249,0.0146990800276399
64.503004628,0.219359219074249,0.0146990800276399
64.512992763,0.218362137675285,0.0122492304071784
64.522997776,0.220356315374374,0.00734953070059419
64.532985374,0.219359219074249,0.00979938078671694
64.542897042,0.218362152576447,0.00734954932704568
64.552982215,0.219359219074249,0.00979938078671694
64.563008866,0.220356315374374,0.00734953070059419
64.5729848,0.220356315374374,0.00734953070059419
64.582986539,0.21935923397541,0.00489969924092293
64.592986493,0.21935923397541,0.00489969924092293
64.603006446,0.21935923397541,0.00489969924092293
64.613026134,0.2213534116745,0.00489968108013272
64.622914001,0.220356315374374,0.00734953070059419
64.632992668,0.2213534116745,0.00489968108013272
64.643006475,0.2213534116745,0.00489968108013272
64.653013786,0.220356315374374,0.00244984962046146
64.662994906,0.220356315374374,0.00244984962046146
64.672958264,0.220356315374374,0.00244984962046146
64.682968985,0.2213534116745,0.00489968108013272
64.692990509,0.222350493073463,0.00244983145967126
64.702863104,0.222350493073463,0.00244983145967126
64.712958004,0.2213534116745,0
64.722969323,0.222350493073463,-0.00244983145967126
64.732980243,0.222350493073463,-0.00244983145967126
64.742988524,0.222350493073463,-0.00244983145967126
64.752988307,0.222350493073463,-0.00244983145967126
64.762970052,0.223347574472427,0
64.772958527,0.223347574472427,0
64.782917004,0.223347574472427,-0.00489968108013272
64.792978823,0.222350493073463,-0.00244983145967126
64.803005957,0.222350493073463,-0.00244983145967126
64.812989699,0.223347574472427,0
64.822999717,0.222350493073463,0.00244983145967126
64.832989686,0.224344670772552,0.00244984962046146
64.842982447,0.224344670772552,0.00244984962046146
64.852956157,0.224344670772552,0.00244984962046146
64.862858869,0.224344670772552,-0.00244984962046146
64.872958853,0.225341752171516,0
64.882980796,0.225341752171516,0.00489969924092293
64.892977631,0.225341752171516,0.00489969924092293
64.902971567,0.227335929870605,0.00489969924092293
64.912979311,0.227335929870605,0
64.922970313,0.228333026170731,0.00244984962046146
64.932949023,0.228333026170731,0.00244984962046146
64.942854945,0.229330107569695,0.00489969924092293
64.952954846,0.230327188968658,0.00244984962046146
64.962983348,0.230327188968658,0.00734953070059419
64.972965542,0.231324285268784,0.00489968108013272
64.982994091,0.231324285268784,0.00489968108013272
64.993000161,0.233318448066711,0.00489968108013272
65.00299144,0.231324285268784,0.00489968108013272
65.012956346,0.232321366667747,0.00734953070059419
65.02285957,0.233318448066711,0.00489968108013272
65.03294893,0.233318448066711,0.00489968108013272
65.042971971,0.234315544366837,0.00244984962046146
65.052956879,0.2353126257658,0.00489969924092293
65.06297612,0.236309707164764,0.00244984962046146
65.072998006,0.2353126257658,0.00489969924092293
65.082992394,0.236309707164764,0.00244984962046146
65.092997899,0.236309707164764,0.00244984962046146
65.102858932,0.239300981163979,0
65.112960256,0.238303899765015,0.00244984962046146
65.122948421,0.239300981163979,0.00489969924092293
65.132951794,0.239300981163979,0.00489969924092293
65.142978059,0.239300981163979,0.00489969924092293
65.152954606,0.239300981163979,0.00489969924092293
65.16302094,0.240298062562943,0.00734953070059419
65.17302157,0.241295158863068,0.00489968108013272
65.182898842,0.241295158863068,0.00489968108013272
65.19302358,0.241295158863068,0.00489968108013272
65.202998247,0.239300966262817,0.00979938078671694
65.213004169,0.240298062562943,0.00734953070059419
65.222984758,0.240298062562943,0.00244984962046146
65.233005659,0.240298062562943,0.00244984962046146
65.24299177,0.241295158863068,0.00489968108013272
65.253003237,0.239300981163979,0.00489969924092293
65.262904458,0.238303899765015,0.00244984962046146
65.272991051,0.238303899765015,0.00244984962046146
65.282970567,0.238303899765015,0.00244984962046146
65.292983298,0.238303899765015,0.00244984962046146
65.302982044,0.238303899765015,-0.00244984962046146
65.313006034,0.238303899765015,-0.00244984962046146
65.323003482,0.236309707164764,0.00244984962046146
65.333001315,0.2353126257658,0
65.342900352,0.234315544366837,-0.00244984962046146
65.35302417,0.234315544366837,-0.00244984962046146
65.363002546,0.233318448066711,-0.00489968108013272
65.373005539,0.232321366667747,-0.00244983145967126
65.382986423,0.231324285268784,-0.00489968108013272
65.393026181,0.230327188968658,-0.00244984962046146
65.403020073,0.228333026170731,-0.00244984962046146
65.413010512,0.227335929870605,-0.00489969924092293
65.422893368,0.227335929870605,-0.00979939848184586
65.432980694,0.22633883357048,-0.00734954932704568
65.442976023,0.22633883357048,-0.00734954932704568
65.453023032,0.22633883357048,-0.00734954932704568
65.462983995,0.22633883357048,-0.00734954932704568
65.472992782,0.224344670772552,-0.0122492304071784
65.483027484,0.224344670772552,-0.0122492304071784
65.493016837,0.224344670772552,-0.0171489305794239
65.502879903,0.225341767072678,-0.0146990800276399
65.512612065,0.224344670772552,-0.0122492304071784
65.52301889,0.222350493073463,-0.0122492304071784
65.533030368,0.222350493073463,-0.0122492304071784
65.542986378,0.220356315374374,-0.0122492304071784
65.553047589,0.219359219074249,-0.0146990800276399
65.563023907,0.218362137675285,-0.0122492304071784
65.573013976,0.218362152576447,-0.00734954932704568
65.582892401,0.217365056276321,-0.00489969924092293
65.593045313,0.216367959976196,-0.00244984962046146
65.603024416,0.215370878577232,-0.00489969924092293
65.612736408,0.216367959976196,-0.00734954932704568
65.623014385,0.218362152576447,-0.00244984962046146
65.63300784,0.218362152576447,-0.00244984962046146
65.64302492,0.21935923397541,-0.00489969924092293
65.653018314,0.2213534116745,0
65.662889853,0.222350493073463,-0.00244983145967126
65.673047468,0.225341752171516,-0.00489969924092293
65.683044821,0.225341752171516,-0.00489969924092293
65.693013335,0.22633883357048,-0.00734954932704568
65.703050642,0.229330107569695,-0.00489969924092293
65.712943364,0.230327188968658,-0.00244984962046146
65.723021046,0.230327188968658,-0.00734953070059419
65.733017367,0.232321366667747,-0.00734953070059419
65.742915543,0.233318448066711,-0.00489968108013272
65.753013282,0.234315544366837,-0.00734953070059419
65.763025399,0.2353126257658,-0.00489969924092293
65.773015339,0.236309707164764,-0.00734954932704568
65.782998132,0.238303899765015,-0.00734954932704568
65.793012372,0.239300981163979,-0.00489969924092293
65.802996202,0.240298062562943,-0.00734953070059419
65.813043619,0.240298062562943,-0.00734953070059419
65.822887016,0.243289321660995,-0.00489968108013272
65.833018207,0.243289321660995,-0.00489968108013272
65.842987123,0.244286417961121,-0.00734953070059419
65.853012308,0.244286417961121,-0.00734953070059419
65.862984293,0.246280580759048,-0.00734954932704568
65.873021903,0.245283499360085,-0.00489969924092293
65.882995197,0.246280580759048,-0.00734954932704568
65.893005598,0.248274758458138,-0.0122492304071784
65.902877481,0.247277677059174,-0.00979939848184586
65.913012332,0.247277677059174,-0.00979939848184586
65.923006307,0.24628059566021,-0.0122492304071784
65.933018541,0.24628059566021,-0.0122492304071784
65.943009785,0.24628059566021,-0.0122492304071784
65.953030794,0.24628059566021,-0.0122492304071784
65.963018078,0.244286417961121,-0.0122492304071784
65.972986554,0.244286417961121,-0.0122492304071784
65.982892299,0.243289321660995,-0.00979938078671694
65.992982525,0.241295158863068,-0.00489968108013272
66.003013188,0.241295158863068,-0.00489968108013272
66.01299841,0.241295158863068,-0.00489968108013272
66.022992402,0.239300981163979,-0.00489969924092293
66.032983259,0.239300981163979,-0.00489969924092293
66.043009187,0.238303899765015,-0.00244984962046146
66.052994402,0.238303899765015,-0.00244984962046146
66.062888671,0.236309707164764,-0.00244984962046146
66.072985759,0.236309707164764,-0.00244984962046146
66.083005802,0.236309707164764,-0.00244984962046146
66.093030265,0.2353126257658,-0.00489969924092293
66.103020189,0.2353126257658,-0.00489969924092293
66.112984678,0.234315544366837,-0.00734953070059419
66.123026431,0.2353126257658,-0.00489969924092293
66.132999745,0.233318448066711,-0.00489968108013272
66.142893985,0.233318448066711,-0.00489968108013272
66.153002987,0.231324285268784,-0.00489968108013272
66.162984844,0.232321366667747,-0.00244983145967126
66.173029723,0.232321366667747,-0.00244983145967126
66.182987157,0.230327188968658,-0.00244984962046146
66.193003831,0.230327188968658,0.00244984962046146
66.202984948,0.228333026170731,0.00244984962046146
66.213006249,0.228333026170731,0.00734954932704568
66.222854677,0.227335929870605,0.00489969924092293
66.233011981,0.228333026170731,0.00734954932704568
66.242985412,0.227335929870605,0.00489969924092293
66.253013343,0.228333026170731,0.00734954932704568
66.262997854,0.227335929870605,0.00489969924092293
66.273012133,0.22633883357048,0.00734954932704568
66.283023077,0.227335929870605,0.00489969924092293
66.293016799,0.227335929870605,0.00489969924092293
66.302840412,0.227335929870605,0.00489969924092293
66.313008261,0.228333026170731,0.00244984962046146
66.323004716,0.227335929870605,0.00489969924092293
66.333009058,0.228333026170731,0.00244984962046146
66.342981648,0.228333026170731,0.00734954932704568
66.353021004,0.227335929870605,0.00489969924092293
66.362988466,0.228333026170731,0.00734954932704568
66.373028319,0.228333026170731,0.00244984962046146
66.382846948,0.228333026170731,0.00734954932704568
66.393017574,0.228333026170731,0.00734954932704568
66.403008673,0.229330107569695,0.00489969924092293
66.413009006,0.228333026170731,0.00734954932704568
66.423018619,0.229330092668533,0.00979938078671694
66.433010383,0.228333011269569,0.0122492304071784
66.442994951,0.228333011269569,0.0122492304071784
66.453013784,0.230327188968658,0.0122492304071784
66.462841852,0.230327188968658,0.0122492304071784
66.473016182,0.230327188968658,0.0171489305794239
66.483012352,0.231324285268784,0.0146990800276399
66.493006177,0.231324285268784,0.0146990800276399
66.502997681,0.232321366667747,0.0171489305794239
66.51300163,0.232321366667747,0.0171489305794239
66.523014381,0.232321366667747,0.0122492304071784
66.533020589,0.233318448066711,0.0146990800276399
66.542839399,0.234315544366837,0.0122492304071784
66.552992762,0.233318448066711,0.0146990800276399
66.562996097,0.232321366667747,0.0122492304071784
66.573016944,0.233318448066711,0.00979938078671694
66.583044914,0.233318448066711,0.00979938078671694
66.593011274,0.233318448066711,0.00979938078671694
66.603012935,0.232321366667747,0.0122492304071784
66.612994802,0.233318448066711,0.00979938078671694
66.622838597,0.233318448066711,0.0146990800276399
66.632986589,0.232321366667747,0.00734953070059419
66.643020148,0.231324285268784,0.00979938078671694
66.653005853,0.231324285268784,0.00979938078671694
66.663025909,0.233318448066711,0.00979938078671694
66.672983627,0.231324285268784,0.00979938078671694
66.682977958,0.231324285268784,0.00979938078671694
66.693023657,0.231324285268784,0.00979938078671694
66.702823848,0.231324285268784,0.00489968108013272
66.712986426,0.231324285268784,0.00489968108013272
66.723003526,0.231324285268784,0.00489968108013272
66.733011531,0.231324285268784,0.00979938078671694
66.743016427,0.231324285268784,0.00489968108013272
66.753010132,0.231324285268784,0.00489968108013272
66.762991782,0.229330107569695,0.00489969924092293
66.773020221,0.231324285268784,0.00489968108013272
66.782827883,0.230327188968658,0.00734953070059419
66.793009014,0.229330107569695,0.00489969924092293
66.803004888,0.229330092668533,0.00979938078671694
66.812996588,0.227335929870605,0.00979939848184586
66.823008768,0.227335929870605,0.00489969924092293
66.833006059,0.227335929870605,0.00489969924092293
66.843016586,0.22633883357048,0.00734954932704568
66.8530066,0.22633883357048,0.00734954932704568
66.862823148,0.227335929870605,0.00489969924092293
66.873012449,0.225341767072678,0.00979938078671694
66.883000373,0.22633883357048,0.00734954932704568
66.893008784,0.227335929870605,0.00979939848184586
66.903006233,0.22633883357048,0.00734954932704568
66.913002785,0.228333026170731,0.00734954932704568
66.923032536,0.228333011269569,0.0122492304071784
66.933012087,0.228333011269569,0.0122492304071784
66.942817922,0.228333011269569,0.0122492304071784
66.952983616,0.228333011269569,0.0122492304071784
66.963007716,0.228333026170731,0.0171489119529724
66.973001892,0.228333011269569,0.0122492304071784
66.983016495,0.227335929870605,0.0146990614011884
66.993005518,0.226338848471642,0.0122492304071784
67.002982635,0.227335929870605,0.0146990614011884
67.013004629,0.225341767072678,0.0146990800276399
67.022791263,0.225341767072678,0.0146990800276399
67.033028599,0.224344670772552,0.0122492304071784
67.043018303,0.224344670772552,0.0122492304071784
67.052992125,0.224344670772552,0.0122492304071784
67.063003649,0.223347574472427,0.00979938078671694
67.072976766,0.223347574472427,0.00979938078671694
67.08301966,0.223347574472427,0.00979938078671694
67.093011348,0.223347574472427,0.00979938078671694
67.102801299,0.223347574472427,0.00489968108013272
67.113006136,0.223347574472427,0.00489968108013272
67.123013289,0.222350493073463,0.00244983145967126
67.133017069,0.223347574472427,0.00489968108013272
67.143028056,0.223347574472427,0.00489968108013272
67.152980581,0.222350493073463,0.00244983145967126
67.163013399,0.222350493073463,0.00244983145967126
67.172981164,0.222350493073463,0.00244983145967126
67.18279113,0.220356315374374,-0.00244984962046146
67.193018169,0.21935923397541,0
67.202977663,0.218362152576447,0.00244984962046146
67.213012031,0.217365056276321,0.00489969924092293
67.223005416,0.217365056276321,0.00489969924092293
67.232994195,0.215370878577232,0
67.243002857,0.214373797178268,0.00244984962046146
67.253016095,0.214373797178268,0.00244984962046146
67.26278878,0.213376700878143,0.00489968108013272
67.273039969,0.213376700878143,0.00489968108013272
67.283023258,0.213376700878143,0.00979938078671694
67.293018476,0.213376700878143,0.00489968108013272
67.303011418,0.213376700878143,0.00489968108013272
67.31298399,0.214373797178268,0.00244984962046146
67.32302189,0.214373797178268,0.00244984962046146
67.332981161,0.216367959976196,0.00244984962046146
67.342755142,0.217365056276321,0
67.352983698,0.217365056276321,0
67.363016049,0.21935923397541,-0.00489969924092293
67.372404238,0.2213534116745,-0.00489968108013272
67.383000154,0.223347574472427,-0.00979938078671694
67.39301765,0.224344670772552,-0.00734953070059419
67.403024254,0.22633883357048,-0.00734954932704568
67.413018227,0.227335929870605,-0.00979939848184586
67.422753705,0.227335929870605,-0.00979939848184586
67.43301186,0.228333026170731,-0.00734954932704568
67.443018255,0.229330092668533,-0.00979938078671694
67.453007909,0.231324285268784,-0.00979938078671694
67.462974674,0.231324285268784,-0.00979938078671694
67.473025712,0.230327188968658,-0.0122492304071784
67.482983869,0.230327188968658,-0.0122492304071784
67.493000023,0.232321366667747,-0.0122492304071784
67.502751486,0.232321366667747,-0.0171489305794239
67.513007845,0.233318448066711,-0.0146990800276399
67.522993461,0.235312640666962,-0.0146990800276399
67.533006512,0.234315544366837,-0.0171489305794239
67.542987321,0.235312640666962,-0.0146990800276399
67.553020364,0.235312640666962,-0.0146990800276399
67.563011732,0.235312640666962,-0.0146990800276399
67.57300832,0.236309722065926,-0.0122492304071784
67.582743086,0.23730680346489,-0.00979939848184586
67.593011605,0.236309722065926,-0.0122492304071784
67.603010032,0.236309707164764,-0.00734954932704568
67.612999123,0.2353126257658,-0.00489969924092293
67.623017376,0.234315544366837,-0.00734953070059419
67.63297983,0.2353126257658,-0.00489969924092293
67.643002167,0.234315544366837,-0.00244984962046146
67.653016429,0.232321366667747,-0.00244983145967126
67.662719898,0.232321366667747,0.00244983145967126
67.67301592,0.231324285268784,0
67.68297649,0.230327188968658,0.00244984962046146
67.693013964,0.230327188968658,0.00244984962046146
67.702992716,0.229330107569695,0.00489969924092293
67.713010687,0.228333026170731,0.00244984962046146
67.722938899,0.229330107569695,0.00489969924092293
67.73302892,0.227335929870605,0.00489969924092293
67.742723617,0.228333026170731,0.00244984962046146
67.752997178,0.228333026170731,0.00244984962046146
67.763010321,0.228333026170731,0.00244984962046146
67.772937071,0.227335929870605,0.00489969924092293
67.782944789,0.227335929870605,0.00489969924092293
67.792953867,0.22633883357048,0.00734954932704568
67.802983564,0.225341752171516,0.00489969924092293
67.812984297,0.22633883357048,0.00734954932704568
67.822716413,0.224344670772552,0.00734953070059419
67.833017558,0.225341767072678,0.00979938078671694
67.843007868,0.224344670772552,0.0122492304071784
67.853007302,0.224344670772552,0.0122492304071784
67.863033651,0.223347574472427,0.0146990800276399
67.873021795,0.223347574472427,0.0146990800276399
67.88302239,0.223347574472427,0.0146990800276399
67.893016596,0.223347574472427,0.0146990800276399
67.902715211,0.224344670772552,0.0171489305794239
67.913020713,0.223347574472427,0.0146990800276399
67.923019077,0.223347574472427,0.0195987801998854
67.933014024,0.222350493073463,0.0171489305794239
67.943027769,0.222350493073463,0.0171489305794239
67.953032102,0.222350493073463,0.0171489305794239
67.963003398,0.222350493073463,0.0122492304071784
67.973006509,0.223347574472427,0.0146990800276399
67.982687264,0.222350493073463,0.0122492304071784
67.993005696,0.222350493073463,0.0171489305794239
68.003015807,0.2213534116745,0.0146990800276399
68.012997326,0.2213534116745,0.0146990800276399
68.023019909,0.223347574472427,0.00979938078671694
68.032400263,0.223347574472427,0.00979938078671694
68.043055961,0.223347574472427,0.00979938078671694
68.053012214,0.223347574472427,0.00979938078671694
68.062688111,0.224344670772552,0.0122492304071784
68.073023385,0.223347574472427,0.00979938078671694
68.083011991,0.224344670772552,0.0122492304071784
68.092998695,0.22633883357048,0.00734954932704568
68.103014059,0.227335929870605,0.00979939848184586
68.11302042,0.228333011269569,0.0122492304071784
68.123011448,0.226338848471642,0.0122492304071784
68.132371188,0.228333011269569,0.0122492304071784
68.142674405,0.228333011269569,0.0122492304071784
68.153001436,0.231324285268784,0.0146990800276399
68.163019233,0.231324285268784,0.0146990800276399
68.17298671,0.233318448066711,0.0146990800276399
68.183028097,0.233318448066711,0.0146990800276399
68.193014537,0.234315544366837,0.0171489305794239
68.203016817,0.234315544366837,0.0171489305794239
68.212987102,0.235312640666962,0.0146990800276399
68.22268281,0.236309707164764,0.0171489119529724
68.232339244,0.23730680346489,0.0195987615734339
68.242998559,0.238303899765015,0.0171489119529724
68.253015721,0.23730680346489,0.0146990614011884
68.263002399,0.238303899765015,0.0171489119529724
68.273014301,0.238303899765015,0.0171489119529724
68.283008828,0.240298062562943,0.0171489305794239
68.293015339,0.239300966262817,0.0146990800276399
68.302676735,0.241295158863068,0.0146990800276399
68.313016318,0.242292240262032,0.0171489305794239
68.322987818,0.244286417961121,0.0171489305794239
68.332303709,0.245283514261246,0.0146990800276399
68.34298373,0.245283514261246,0.0146990800276399
68.353013739,0.246280580759048,0.0171489119529724
68.363014704,0.247277677059174,0.0146990614011884
68.373011122,0.248274773359299,0.0171489305794239
68.382647381,0.248274773359299,0.0171489305794239
68.393020334,0.249271854758263,0.0195987615734339
68.403015593,0.250268936157227,0.0171489305794239
68.413030134,0.250268936157227,0.0171489305794239
68.422969776,0.250268936157227,0.0171489305794239
68.432263502,0.249271854758263,0.0195987615734339
68.44299431,0.252263128757477,0.0220486298203468
68.453024666,0.252263128757477,0.0220486298203468
68.46264589,0.25326019525528,0.0195987801998854
68.473018008,0.25326019525528,0.0195987801998854
68.483016607,0.254257291555405,0.0171489305794239
68.493018903,0.254257291555405,0.0171489305794239
68.5030232,0.254257291555405,0.0171489305794239
68.513002526,0.25525438785553,0.0195987615734339
68.52300304,0.256251454353333,0.0171489119529724
68.532301184,0.257248550653458,0.0146990614011884
68.542644154,0.257248550653458,0.0146990614011884
68.552989998,0.257248550653458,0.0146990614011884
68.563023276,0.257248550653458,0.0146990614011884
68.573015828,0.258245646953583,0.0122492304071784
68.583010351,0.257248550653458,0.0146990614011884
68.593004493,0.258245646953583,0.0122492304071784
68.60302112,0.257248550653458,0.0146990614011884
68.61303573,0.257248550653458,0.00979939848184586
68.622625311,0.256251454353333,0.0122492304071784
68.632774306,0.256251454353333,0.0122492304071784
68.643020526,0.254257291555405,0.00734953070059419
68.652981804,0.254257291555405,0.00734953070059419
68.663020341,0.254257291555405,0.00734953070059419
68.673002655,0.252263128757477,0.00734954932704568
68.683026093,0.252263128757477,0.00734954932704568
68.693014248,0.252263128757477,0.00734954932704568
68.702609196,0.251266032457352,0.00489968108013272
68.713008664,0.251266032457352,0.00489968108013272
68.72300803,0.250268936157227,0.00244984962046146
68.732980252,0.249271854758263,0.00489969924092293
68.742232326,0.248274773359299,0.00734954932704568
68.752846011,0.248274773359299,0.00734954932704568
68.763022602,0.247277677059174,0.00489969924092293
68.772974999,0.247277677059174,0.00489969924092293
68.782609336,0.246280580759048,0.00244984962046146
68.792984812,0.244286417961121,0.00244984962046146
68.803018539,0.245283499360085,0.00489969924092293
68.813025962,0.243289321660995,0.00489968108013272
68.82297893,0.243289321660995,0.00489968108013272
68.83298179,0.242292240262032,0.00244983145967126
68.84302205,0.242292240262032,0.00244983145967126
68.853017916,0.241295158863068,0
68.862607844,0.241295158863068,0.00489968108013272
68.873019457,0.241295158863068,0.00489968108013272
68.883043072,0.242292240262032,0.00244983145967126
68.893011999,0.244286417961121,0.00244984962046146
68.903044191,0.243289321660995,0
68.913022372,0.244286417961121,0.00244984962046146
68.923021395,0.245283499360085,0
68.933025602,0.245283499360085,0
68.942221189,0.246280580759048,0.00244984962046146
68.953018081,0.247277677059174,0
68.963011087,0.247277677059174,0
68.973024881,0.248274773359299,-0.00244984962046146
68.983028033,0.247277677059174,0
68.993027629,0.245283499360085,0
69.002986092,0.247277677059174,0
69.013025307,0.246280580759048,-0.00244984962046146
69.022577691,0.247277677059174,0
69.032983426,0.248274773359299,-0.00244984962046146
69.042979771,0.248274773359299,-0.00244984962046146
69.053013196,0.247277677059174,0
69.06294544,0.248274773359299,-0.00244984962046146
69.073013409,0.248274773359299,-0.00244984962046146
69.083013556,0.249271854758263,0
69.092980468,0.250268936157227,0.00244984962046146
69.102577725,0.250268936157227,0.00244984962046146
69.11302408,0.250268936157227,0.00244984962046146
69.122965735,0.249271854758263,0.00489969924092293
69.13301656,0.248274773359299,0.00734954932704568
69.142981814,0.248274773359299,0.00734954932704568
69.152986,0.249271854758263,0.00489969924092293
69.163017142,0.248274773359299,0.00734954932704568
69.173013158,0.247277677059174,0.00979939848184586
69.182578915,0.247277677059174,0.00979939848184586
69.193014396,0.247277677059174,0.00489969924092293
69.202970932,0.246280580759048,0.00734954932704568
69.213022201,0.246280580759048,0.00734954932704568
69.223015371,0.246280580759048,0.00734954932704568
69.233018996,0.246280580759048,0.00734954932704568
69.242972778,0.247277677059174,0.00489969924092293
69.253019416,0.246280580759048,0.00734954932704568
69.262574916,0.246280580759048,0.00244984962046146
69.273007959,0.247277677059174,0.00489969924092293
69.282975623,0.246280580759048,0.00244984962046146
69.292984759,0.246280580759048,0.00734954932704568
69.303016524,0.246280580759048,0.00734954932704568
69.31297414,0.246280580759048,0.00734954932704568
69.322988175,0.246280580759048,0.00244984962046146
69.333013076,0.247277677059174,0.00489969924092293
69.342544769,0.245283499360085,0.00489969924092293
69.353009776,0.245283499360085,0.00489969924092293
69.362977855,0.246280580759048,0.00734954932704568
69.373016681,0.245283499360085,0.00489969924092293
69.38297599,0.245283499360085,0.00489969924092293
69.393025195,0.245283499360085,0.00489969924092293
69.403004743,0.244286417961121,0.00244984962046146
69.412970728,0.245283499360085,0.00489969924092293
69.42254334,0.245283499360085,0.00489969924092293
69.433022898,0.245283499360085,0.00489969924092293
69.443004282,0.246280580759048,0.00244984962046146
69.452972094,0.247277677059174,0.00489969924092293
69.463023625,0.246280580759048,0.00244984962046146
69.472974523,0.247277677059174,0.00489969924092293
69.483006768,0.249271854758263,0.00489969924092293
69.493017657,0.249271854758263,0.00489969924092293
69.502542109,0.249271854758263,0.00489969924092293
69.513020421,0.250268936157227,0.00244984962046146
69.522281003,0.250268936157227,0.00734953070059419
69.533038988,0.250268936157227,0.00734953070059419
69.543056674,0.250268936157227,0.0122492490336299
69.552982668,0.249271839857101,0.00979938078671694
69.563012306,0.249271854758263,0.0146990986540914
69.572984251,0.249271854758263,0.0146990986540914
69.582518917,0.248274773359299,0.0171489305794239
69.593063304,0.247277677059174,0.0146990614011884
69.603006949,0.248274773359299,0.0171489305794239
69.613036176,0.248274773359299,0.0171489305794239
69.62225276,0.247277677059174,0.0146990614011884
69.633020147,0.247277677059174,0.0146990614011884
69.643000376,0.248274758458138,0.0122492304071784
69.653046421,0.249271854758263,0.0146990986540914
69.662230603,0.248274758458138,0.0122492304071784
69.673001965,0.249271839857101,0.00979938078671694
69.682982027,0.249271839857101,0.00979938078671694
69.693005899,0.250268936157227,0.0122492490336299
69.702996384,0.250268936157227,0.00734953070059419
69.712982336,0.249271839857101,0.00979938078671694
69.72298235,0.250268936157227,0.0122492490336299
69.732248082,0.250268936157227,0.00734953070059419
69.74251755,0.249271839857101,0.00979938078671694
69.752973971,0.249271839857101,0.00979938078671694
69.763028377,0.249271839857101,0.00979938078671694
69.772996331,0.249271839857101,0.00979938078671694
69.782984557,0.248274773359299,0.00734954932704568
69.792996597,0.248274773359299,0.00734954932704568
69.80298284,0.247277677059174,0.00979939848184586
69.812982323,0.248274773359299,0.00734954932704568
69.822485485,0.248274773359299,0.00734954932704568
69.83219334,0.24628059566021,0.0122492304071784
69.842970455,0.247277677059174,0.00979939848184586
69.852993798,0.246280580759048,0.00734954932704568
69.862993934,0.246280580759048,0.00734954932704568
69.872983669,0.245283514261246,0.00979938078671694
69.883004956,0.244286417961121,0.0122492304071784
69.892982355,0.243289321660995,0.00979938078671694
69.902479774,0.244286417961121,0.0122492304071784
69.912217678,0.242292240262032,0.0122492304071784
69.922187056,0.240298062562943,0.0122492304071784
69.932193712,0.241295158863068,0.00979938078671694
69.942981374,0.239300966262817,0.00979938078671694
69.952113541,0.238303884863853,0.0122492304071784
69.962169134,0.23730680346489,0.0146990614011884
69.972186889,0.236309722065926,0.0122492304071784
69.982197836,0.236309722065926,0.0122492304071784
69.992189692,0.236309722065926,0.0122492304071784
70.002191313,0.235312640666962,0.00979938078671694
70.012189611,0.235312640666962,0.0146990800276399
70.022192882,0.236309722065926,0.0122492304071784
70.03220135,0.235312640666962,0.00979938078671694
70.042193563,0.236309722065926,0.0122492304071784
70.052208737,0.23730680346489,0.00979939848184586
70.062191564,0.238303899765015,0.00734954932704568
70.072206377,0.23730680346489,0.00979939848184586
70.08218811,0.23730680346489,0.00979939848184586
70.092205275,0.236309707164764,0.00734954932704568
70.102188556,0.235312640666962,0.00979938078671694
70.112187464,0.2353126257658,0.00489969924092293
70.122191393,0.233318448066711,0.00489968108013272
70.132158065,0.233318448066711,0.00979938078671694
70.142135769,0.231324285268784,0.00979938078671694
70.152187051,0.229330092668533,0.00979938078671694
70.162188358,0.227335929870605,0.00979939848184586
70.172198307,0.22633883357048,0.00734954932704568
70.18218753,0.225341752171516,0.00489969924092293
70.192187226,0.223347574472427,0.00979938078671694
70.202189711,0.222350493073463,0.00734953070059419
70.21216165,0.219359219074249,0.00979938078671694
70.222186366,0.219359219074249,0.00979938078671694
70.232185355,0.217365056276321,0.00489969924092293
70.242184681,0.215370878577232,0.00489969924092293
70.25213782,0.215370878577232,0.00489969924092293
70.262130171,0.214373797178268,0.00734953070059419
70.272181004,0.213376700878143,0.00489968108013272
70.282148767,0.212379619479179,0.00734953070059419
70.292128665,0.212379619479179,0.00734953070059419
70.302159373,0.21038544178009,0.00734953070059419
70.312160569,0.21038544178009,0.00734953070059419
70.322159332,0.209388360381126,0.00489969924092293
70.332158129,0.209388345479965,0.00979938078671694
70.342149365,0.208391278982162,0.00734954932704568
70.352158279,0.206397086381912,0.00734954932704568
70.362153203,0.206397086381912,0.00734954932704568
70.372151809,0.205400004982948,0.00979939848184586
70.382124367,0.204402923583984,0.00734954932704568
70.392147188,0.203405827283859,0.00489969924092293
70.402151357,0.204402923583984,0.00244984962046146
70.412155482,0.203405827283859,0
70.422184539,0.202408730983734,0.00244984962046146
70.432160555,0.200414568185806,0.00244983145967126
70.442150492,0.20141164958477,0
70.452148153,0.20141164958477,0
70.462147378,0.199417486786842,0
70.472142198,0.199417486786842,0
70.482135392,0.199417486786842,0
70.492133719,0.199417486786842,0
70.502118583,0.198420405387878,0.00244984962046146
70.512057263,0.198420405387878,0.00244984962046146
70.522150943,0.198420405387878,0.00244984962046146
70.532111853,0.198420405387878,-0.00244984962046146
70.542129589,0.197423309087753,0
70.55210156,0.197423309087753,0
70.56210218,0.197423309087753,0
70.572123663,0.197423309087753,0
70.582044789,0.197423309087753,0
70.592053748,0.196426212787628,-0.00244984962046146
70.602060209,0.196426212787628,-0.00244984962046146
70.61205503,0.195429131388664,0
70.622030546,0.195429131388664,0
70.632070276,0.196426212787628,0.00244984962046146
70.642058436,0.196426212787628,0.00244984962046146
70.652052951,0.196426212787628,0.00244984962046146
70.662069669,0.196426212787628,-0.00244984962046146
70.672025986,0.195429131388664,0
70.682049756,0.195429131388664,0
70.692051245,0.196426212787628,0.00244984962046146
70.702063307,0.196426212787628,0.00244984962046146
70.712050163,0.197423309087753,0
70.722052578,0.197423309087753,0
70.732051771,0.196426212787628,0.00244984962046146
70.742043666,0.195429131388664,0
70.752051087,0.1944320499897,0.00244984962046146
70.76204438,0.195429131388664,0.00489969924092293
70.772053576,0.196426212787628,0.00244984962046146
70.782011552,0.195429131388664,0.00489969924092293
70.792005016,0.195429131388664,0.00489969924092293
70.802040212,0.195429131388664,0.00489969924092293
70.812025936,0.1944320499897,0.00734954932704568
70.822054358,0.193434953689575,0.00489969924092293
70.832115407,0.193434953689575,0.00489969924092293
70.842024386,0.1944320499897,0.00734954932704568
70.852026794,0.195429131388664,0.00489969924092293
70.862024174,0.195429131388664,0.00489969924092293
70.871998999,0.1944320499897,0.00734954932704568
70.882057663,0.1944320499897,0.00244984962046146
70.892049076,0.1944320499897,0.00244984962046146
70.902034541,0.1944320499897,0.00244984962046146
70.911988069,0.195429131388664,0
70.922003377,0.196426212787628,0.00244984962046146
70.932055749,0.198420405387878,-0.00244984962046146
70.942007834,0.198420405387878,-0.00244984962046146
70.952001811,0.198420405387878,-0.00244984962046146
70.9620028,0.198420405387878,-0.00244984962046146
70.972002552,0.199417471885681,-0.00489968108013272
70.982006785,0.201411664485931,-0.00489968108013272
70.991989373,0.202408745884895,-0.00734953070059419
71.001982414,0.202408745884895,-0.00734953070059419
71.011986885,0.203405827283859,-0.00979938078671694
71.022006065,0.203405827283859,-0.00979938078671694
71.031998537,0.203405827283859,-0.00979938078671694
71.041997281,0.204402923583984,-0.0122492304071784
71.052001773,0.204402923583984,-0.0122492304071784
71.062001089,0.206397086381912,-0.0122492490336299
71.071997784,0.207394182682037,-0.0146990800276399
71.08199685,0.206397086381912,-0.0122492490336299
71.09200084,0.207394182682037,-0.00979939848184586
71.102002951,0.208391264081001,-0.0122492304071784
71.111980617,0.208391264081001,-0.0122492304071784
71.121996394,0.208391264081001,-0.0122492304071784
71.131972942,0.209388345479965,-0.00979938078671694
71.141983505,0.21038544178009,-0.0122492304071784
71.152,0.21038544178009,-0.0122492304071784
71.161988687,0.21038544178009,-0.0122492304071784
71.172000492,0.21038544178009,-0.0122492304071784
71.18199719,0.211382538080215,-0.0146990800276399
71.191995246,0.211382538080215,-0.0146990800276399
71.201984979,0.211382538080215,-0.0146990800276399
71.211986238,0.212379619479179,-0.0122492304071784
71.222003122,0.213376700878143,-0.0146990800276399
71.231968373,0.212379619479179,-0.0171489305794239
71.241982177,0.212379619479179,-0.0122492304071784
71.251987296,0.213376700878143,-0.0146990800276399
71.261987097,0.213376700878143,-0.0146990800276399
71.271979515,0.213376700878143,-0.0146990800276399
71.281980033,0.214373797178268,-0.0122492304071784
71.291976477,0.212379619479179,-0.0122492304071784
71.301987778,0.212379619479179,-0.00734953070059419
71.311980578,0.211382538080215,-0.00979938078671694
71.32197874,0.21038544178009,-0.00734953070059419
71.331986095,0.211382538080215,-0.00489968108013272
71.341988673,0.21038544178009,-0.00734953070059419
71.35198928,0.21038544178009,-0.00244984962046146
71.361986208,0.209388360381126,-0.00489969924092293
71.371990481,0.209388360381126,-0.00489969924092293
71.381989221,0.208391278982162,-0.00244984962046146
71.39198226,0.209388360381126,-0.00489969924092293
71.401980798,0.21038544178009,-0.00734953070059419
71.411981533,0.209388360381126,-0.00489969924092293
71.421985044,0.211382538080215,-0.00489968108013272
71.431986984,0.209388360381126,-0.00489969924092293
71.442008656,0.208391278982162,-0.00244984962046146
71.451993519,0.207394182682037,-0.00489969924092293
71.461980005,0.207394182682037,-0.00489969924092293
71.471988947,0.206397086381912,-0.00244984962046146
71.481983523,0.206397086381912,-0.00244984962046146
71.491986911,0.204402923583984,-0.00244984962046146
71.501994788,0.202408730983734,-0.00244984962046146
71.511992941,0.202408730983734,-0.00244984962046146
71.521967133,0.200414568185806,-0.00244983145967126
71.53199064,0.200414568185806,-0.00244983145967126
71.541981761,0.200414568185806,-0.00244983145967126
71.551986454,0.198420405387878,-0.00244984962046146
71.561984292,0.197423309087753,0
71.571983452,0.196426212787628,-0.00244984962046146
71.581984388,0.195429131388664,-0.00489969924092293
71.591978644,0.196426212787628,-0.00244984962046146
71.601984814,0.195429131388664,-0.00489969924092293
71.611988559,0.1944320499897,-0.00244984962046146
71.62195497,0.193434953689575,-0.00489969924092293
71.631985012,0.193434953689575,-0.00489969924092293
71.641991179,0.193434953689575,-0.00489969924092293
71.651990565,0.1944320499897,-0.00734954932704568
71.661978667,0.193434953689575,-0.00489969924092293
71.671982872,0.1944320499897,-0.00244984962046146
71.681990988,0.193434953689575,-0.00489969924092293
71.691984744,0.191440790891647,-0.00489968108013272
71.701971079,0.19243785738945,-0.00244984962046146
71.711977651,0.192437872290611,-0.00734953070059419
71.721925021,0.19243785738945,-0.00244984962046146
71.73200697,0.191440790891647,-0.00489968108013272
71.741972936,0.190443694591522,-0.00734953070059419
71.751976921,0.190443694591522,-0.00244983145967126
71.761987955,0.189446598291397,-0.00489968108013272
71.771977555,0.189446598291397,-0.00489968108013272
71.782000483,0.188449531793594,-0.00244984962046146
71.791991476,0.188449531793594,-0.00244984962046146
71.801978619,0.188449531793594,-0.00244984962046146
71.811991698,0.187452435493469,0
71.821894653,0.186455339193344,-0.00244984962046146
71.831976437,0.18545825779438,0
71.84196211,0.184461176395416,0.00244984962046146
71.851976858,0.183464080095291,0
71.86199488,0.184461176395416,0.00244984962046146
71.871988898,0.183464080095291,0
71.88195269,0.183464080095291,0
71.891984008,0.183464080095291,0
71.90195439,0.181469902396202,0
71.911977296,0.182466983795166,-0.00244984962046146
71.921905544,0.182466983795166,-0.00244984962046146
71.931971484,0.182466983795166,-0.00244984962046146
71.941953361,0.182466983795166,-0.00244984962046146
71.951990652,0.183464080095291,-0.00489969924092293
71.961958467,0.183464080095291,-0.00979938078671694
71.97201331,0.182466998696327,-0.00734953070059419
71.981994868,0.183464080095291,-0.00979938078671694
71.991983182,0.183464080095291,-0.00979938078671694
72.00195802,0.183464080095291,-0.00979938078671694
72.011982395,0.182466998696327,-0.00734953070059419
72.021953763,0.183464080095291,-0.00979938078671694
72.03198847,0.184461176395416,-0.00734954932704568
72.041955331,0.18545825779438,-0.00979939848184586
72.051985139,0.184461176395416,-0.00734954932704568
72.06199395,0.184461176395416,-0.00734954932704568
72.071985274,0.186455339193344,-0.00734954932704568
72.081991476,0.18545825779438,-0.00489969924092293
72.091988703,0.186455339193344,-0.00734954932704568
72.101977657,0.188449516892433,-0.00734953070059419
72.111984511,0.188449516892433,-0.00734953070059419
72.121971647,0.188449516892433,-0.00734953070059419
72.131994929,0.189446598291397,-0.00979938078671694
72.141995418,0.188449516892433,-0.00734953070059419
72.151990872,0.189446598291397,-0.00979938078671694
72.161956271,0.190443694591522,-0.00734953070059419
72.171974919,0.188449516892433,-0.00734953070059419
72.181958281,0.189446598291397,-0.00979938078671694
72.191987147,0.189446598291397,-0.00979938078671694
72.201956411,0.188449516892433,-0.0122492304071784
72.211989961,0.189446598291397,-0.0146990800276399
72.221953505,0.188449516892433,-0.0122492304071784
72.231947227,0.187452435493469,-0.0146990800276399
72.241985443,0.187452435493469,-0.0146990800276399
72.251976727,0.187452435493469,-0.0146990800276399
72.261987946,0.186455339193344,-0.0171489119529724
72.271955492,0.186455339193344,-0.0171489119529724
72.281986423,0.186455339193344,-0.0171489119529724
72.291999091,0.186455339193344,-0.0171489119529724
72.301955627,0.186455339193344,-0.0171489119529724
72.311988516,0.18545825779438,-0.0146990614011884
72.321961677,0.186455339193344,-0.0171489119529724
72.331889189,0.18545825779438,-0.0146990614011884
72.341992014,0.186455339193344,-0.0171489119529724
72.351984803,0.186455339193344,-0.0171489119529724
72.361950921,0.187452435493469,-0.0146990800276399
72.371975151,0.188449516892433,-0.0171489305794239
72.381985042,0.189446598291397,-0.0146990800276399
72.391968952,0.189446598291397,-0.0146990800276399
72.401945482,0.191440790891647,-0.0146990800276399
72.411991999,0.193434953689575,-0.0146990800276399
72.42195578,0.193434953689575,-0.0146990800276399
72.431985667,0.195429131388664,-0.0146990614011884
72.441992321,0.197423309087753,-0.0146990800276399
72.451982288,0.197423309087753,-0.0146990800276399
72.461978839,0.198420390486717,-0.0171489305794239
72.471992467,0.199417471885681,-0.0146990800276399
72.481959464,0.199417471885681,-0.0195987801998854
72.491987177,0.200414568185806,-0.0171489305794239
72.501992362,0.200414568185806,-0.0171489305794239
72.51199344,0.200414568185806,-0.0220486298203468
72.52195551,0.202408745884895,-0.0171489305794239
72.531994136,0.203405827283859,-0.0195987801998854
72.541993092,0.201411664485931,-0.0195987801998854
72.551985463,0.204402923583984,-0.0171489305794239
72.561953337,0.203405827283859,-0.0146990800276399
72.571978362,0.204402923583984,-0.0171489305794239
72.58195658,0.205400019884109,-0.0146990800276399
72.591985573,0.205400019884109,-0.0146990800276399
72.601996967,0.205400019884109,-0.0146990800276399
72.611981773,0.206397086381912,-0.0122492490336299
72.621958173,0.207394182682037,-0.0146990800276399
72.631947345,0.207394182682037,-0.0146990800276399
72.641954371,0.209388345479965,-0.0146990800276399
72.651990318,0.209388345479965,-0.0146990800276399
72.661955848,0.21038544178009,-0.0171489305794239
72.671984335,0.21038544178009,-0.0171489305794239
72.681955505,0.211382538080215,-0.0146990800276399
72.691981756,0.212379619479179,-0.0171489305794239
72.701999979,0.212379619479179,-0.0171489305794239
72.711990339,0.212379619479179,-0.0171489305794239
72.721949903,0.212379619479179,-0.0171489305794239
72.731986853,0.213376700878143,-0.0195987801998854
72.741972338,0.213376700878143,-0.0195987801998854
72.751960836,0.212379619479179,-0.0220486298203468
72.761962899,0.211382538080215,-0.0244984794408083
72.772005269,0.212379604578018,-0.0269483104348183
72.781987397,0.211382538080215,-0.0293981414288282
72.79199,0.211382538080215,-0.0293981414288282
72.801971596,0.21038544178009,-0.0318479910492897
72.811994333,0.21038544178009,-0.0318479910492897
72.821995868,0.209388345479965,-0.0342978425323963
72.831989277,0.209388345479965,-0.0342978425323963
72.841992399,0.207394182682037,-0.0342978611588478
72.851981999,0.208391264081001,-0.0367476902902126
72.861951727,0.208391278982162,-0.0318480096757412
72.871988695,0.206397086381912,-0.0318480096757412
72.881961138,0.206397086381912,-0.0318480096757412
72.891979011,0.205400004982948,-0.0342978611588478
72.901977098,0.206397086381912,-0.0318480096757412
72.911971422,0.205400004982948,-0.0293981600552797
72.921953188,0.204402923583984,-0.0318480096757412
72.931984663,0.202408730983734,-0.0269483104348183
72.941961165,0.203405827283859,-0.0293981600552797
72.951970082,0.202408730983734,-0.0269483104348183
72.961996145,0.202408730983734,-0.0269483104348183
72.971975072,0.202408730983734,-0.0269483104348183
72.981953162,0.200414568185806,-0.0269483104348183
72.991945022,0.201411664485931,-0.0244984794408083
73.001951243,0.200414568185806,-0.0269483104348183
73.011973562,0.199417486786842,-0.0293981600552797
73.021952272,0.200414568185806,-0.0269483104348183
73.031979567,0.200414568185806,-0.0269483104348183
73.041985068,0.200414568185806,-0.0269483104348183
73.051992369,0.198420405387878,-0.0269483104348183
73.061957618,0.199417486786842,-0.0293981600552797
73.071995026,0.200414568185806,-0.0269483104348183
73.081955882,0.200414568185806,-0.0269483104348183
73.091974491,0.200414568185806,-0.0269483104348183
73.101995618,0.200414568185806,-0.0269483104348183
73.111994904,0.202408730983734,-0.0269483104348183
73.1219511,0.202408730983734,-0.0269483104348183
73.13199039,0.202408745884895,-0.0318479910492897
73.141995564,0.203405827283859,-0.0293981600552797
73.151991543,0.204402923583984,-0.0269483104348183
73.161954004,0.205400004982948,-0.0293981600552797
73.171987155,0.204402923583984,-0.0318480096757412
73.181990732,0.206397086381912,-0.0318480096757412
73.191982036,0.205400004982948,-0.0293981600552797
73.201952892,0.206397086381912,-0.0269483104348183
73.211989831,0.206397086381912,-0.0269483104348183
73.221956135,0.206397086381912,-0.0269483104348183
73.231991982,0.208391278982162,-0.0269483104348183
73.241947703,0.207394182682037,-0.0293981600552797
73.251980871,0.209388360381126,-0.0293981600552797
73.261974739,0.207394182682037,-0.0293981600552797
73.271977196,0.21038544178009,-0.0269483104348183
73.281993738,0.21038544178009,-0.0269483104348183
73.291974034,0.212379619479179,-0.0318479910492897
73.301951112,0.212379619479179,-0.0318479910492897
73.311978101,0.214373797178268,-0.0318480096757412
73.321987461,0.215370878577232,-0.0342978611588478
73.331971648,0.215370878577232,-0.0293981600552797
73.341998741,0.217365056276321,-0.0293981600552797
73.351990557,0.217365056276321,-0.0293981600552797
73.361948975,0.21935923397541,-0.0293981600552797
73.371977551,0.220356315374374,-0.0318479910492897
73.381962397,0.222350493073463,-0.0318479910492897
73.391983378,0.2213534116745,-0.0293981414288282
73.401947296,0.223347574472427,-0.0293981414288282
73.41197229,0.223347574472427,-0.0293981414288282
73.421951928,0.223347574472427,-0.0293981414288282
73.431976553,0.224344670772552,-0.0318479910492897
73.441955481,0.225341752171516,-0.0293981600552797
73.451988367,0.225341752171516,-0.0293981600552797
73.461959544,0.22633883357048,-0.0269483104348183
73.471992726,0.225341752171516,-0.0244984608143568
73.48199052,0.225341752171516,-0.0244984608143568
73.491986523,0.227335929870605,-0.0244984608143568
73.502000306,0.227335929870605,-0.0244984608143568
73.511987797,0.227335929870605,-0.0244984608143568
73.521954488,0.229330107569695,-0.0195987615734339
73.531984172,0.229330107569695,-0.0195987615734339
73.541992812,0.229330107569695,-0.0195987615734339
73.551985386,0.230327188968658,-0.0220486111938953
73.561955849,0.231324285268784,-0.0195987801998854
73.57198038,0.231324285268784,-0.0195987801998854
73.581986274,0.232321366667747,-0.0220486298203468
73.591951197,0.231324285268784,-0.0195987801998854
73.601962437,0.232321366667747,-0.0220486298203468
73.611978541,0.231324285268784,-0.0195987801998854
73.621951102,0.232321366667747,-0.0220486298203468
73.631967333,0.231324285268784,-0.0244984608143568
73.642008921,0.232321366667747,-0.0220486298203468
73.651973375,0.232321366667747,-0.0220486298203468
73.661980875,0.230327188968658,-0.0220486111938953
73.671988137,0.230327188968658,-0.0220486111938953
73.681987014,0.228333026170731,-0.0220486111938953
73.691977402,0.229330107569695,-0.0244984608143568
73.701954883,0.227335929870605,-0.0195987615734339
73.711984277,0.228333026170731,-0.0220486111938953
73.721990145,0.22633883357048,-0.0220486111938953
73.731973151,0.22633883357048,-0.0171489119529724
73.741982052,0.225341752171516,-0.0195987615734339
73.751974764,0.225341752171516,-0.0195987615734339
73.761986367,0.225341752171516,-0.0195987615734339
73.771978935,0.225341752171516,-0.0195987615734339
73.781989961,0.225341767072678,-0.0146990800276399
73.791969466,0.224344670772552,-0.0122492304071784
73.801976736,0.224344670772552,-0.0171489305794239
73.811974268,0.223347574472427,-0.0146990800276399
73.822002908,0.223347574472427,-0.0146990800276399
73.83199096,0.223347574472427,-0.0146990800276399
73.841991597,0.222350493073463,-0.0122492304071784
73.851976671,0.222350493073463,-0.0122492304071784
73.86195776,0.222350493073463,-0.0122492304071784
73.87199657,0.220356315374374,-0.0122492304071784
73.881966581,0.2213534116745,-0.0146990800276399
73.891977254,0.2213534116745,-0.0146990800276399
73.901995811,0.2213534116745,-0.00979938078671694
73.911995672,0.2213534116745,-0.00979938078671694
73.921956053,0.219359219074249,-0.00979938078671694
73.931981556,0.219359219074249,-0.00979938078671694
73.941948004,0.218362137675285,-0.0122492304071784
73.951981615,0.217365056276321,-0.00979939848184586
73.961988007,0.217365056276321,-0.0146990614011884
73.9719841,0.218362137675285,-0.0122492304071784
73.981956647,0.216367974877357,-0.0122492304071784
73.991990016,0.216367974877357,-0.0122492304071784
74.001987765,0.215370893478394,-0.0146990800276399
74.011987734,0.215370893478394,-0.0146990800276399
74.021691369,0.215370893478394,-0.0146990800276399
74.031999863,0.213376700878143,-0.0146990800276399
74.041989653,0.214373797178268,-0.0122492304071784
74.051986811,0.213376700878143,-0.0146990800276399
74.061998474,0.212379619479179,-0.0122492304071784
74.071993102,0.21038544178009,-0.0122492304071784
74.081982802,0.21038544178009,-0.0122492304071784
74.091995616,0.209388345479965,-0.0146990800276399
74.101977121,0.208391264081001,-0.0122492304071784
74.111998298,0.207394182682037,-0.0146990800276399
74.121690481,0.206397086381912,-0.0122492490336299
74.131986062,0.206397086381912,-0.0122492490336299
74.141979092,0.204402923583984,-0.0122492304071784
74.151983748,0.204402923583984,-0.0122492304071784
74.161977646,0.203405827283859,-0.00979938078671694
74.1719853,0.204402923583984,-0.0122492304071784
74.181979964,0.202408745884895,-0.0122492304071784
74.191984746,0.201411664485931,-0.00979938078671694
74.201982926,0.201411664485931,-0.00979938078671694
74.21195696,0.200414568185806,-0.00734953070059419
74.221766203,0.200414568185806,-0.00734953070059419
74.231981813,0.200414568185806,-0.0122492304071784
74.241975369,0.200414568185806,-0.0122492304071784
74.25198196,0.199417471885681,-0.00979938078671694
74.261978285,0.198420390486717,-0.0122492304071784
74.271989435,0.197423309087753,-0.00979938078671694
74.281978256,0.198420390486717,-0.00734953070059419
74.291955711,0.197423309087753,-0.00979938078671694
74.30197484,0.198420390486717,-0.0122492304071784
74.311987912,0.198420390486717,-0.0122492304071784
74.32197512,0.197423309087753,-0.0146990800276399
74.331957714,0.197423309087753,-0.00979938078671694
74.341972294,0.197423309087753,-0.00979938078671694
74.35197783,0.195429131388664,-0.00979939848184586
74.361975712,0.197423309087753,-0.00979938078671694
74.371956249,0.197423309087753,-0.00979938078671694
74.381994968,0.196426212787628,-0.00734954932704568
74.391994245,0.197423309087753,-0.00489969924092293
74.401979355,0.195429131388664,-0.00489969924092293
74.412017591,0.195429131388664,-0.00489969924092293
74.421984095,0.196426212787628,-0.00244984962046146
74.431714002,0.196426212787628,-0.00244984962046146
74.442018106,0.196426212787628,-0.00244984962046146
74.452020789,0.198420405387878,-0.00244984962046146
74.462010978,0.197423309087753,0
74.472018033,0.197423309087753,0
74.481980658,0.198420405387878,-0.00244984962046146
74.4920058,0.198420405387878,-0.00244984962046146
74.501978387,0.199417486786842,0
74.51200992,0.199417486786842,0
74.522013548,0.200414568185806,-0.00244983145967126
74.531987091,0.200414568185806,-0.00244983145967126
74.542002163,0.199417471885681,-0.00489968108013272
74.551979895,0.199417471885681,-0.00489968108013272
74.562003496,0.199417471885681,-0.00489968108013272
74.571984729,0.198420390486717,-0.00734953070059419
74.582055131,0.198420390486717,-0.00734953070059419
74.59199999,0.198420390486717,-0.00734953070059419
74.602008913,0.198420390486717,-0.00734953070059419
74.611987576,0.197423309087753,-0.00979938078671694
74.62198938,0.196426212787628,-0.00734954932704568
74.631986908,0.196426212787628,-0.00734954932704568
74.642004188,0.197423309087753,-0.00489969924092293
74.652023606,0.197423309087753,-0.00489969924092293
74.661979395,0.197423309087753,-0.00489969924092293
74.671998587,0.199417471885681,-0.00489968108013272
74.682049907,0.198420405387878,-0.00244984962046146
74.691994564,0.198420405387878,-0.00244984962046146
74.702015733,0.198420405387878,-0.00244984962046146
74.712019173,0.199417486786842,0
74.72199042,0.199417486786842,0
74.732023045,0.199417486786842,0
74.74200802,0.200414568185806,-0.00244983145967126
74.751980175,0.200414568185806,-0.00244983145967126
74.762019939,0.200414568185806,-0.00244983145967126
74.772018146,0.199417486786842,0
74.781982956,0.201411664485931,-0.00489968108013272
74.792012883,0.201411664485931,-0.00489968108013272
74.801978622,0.201411664485931,-0.00489968108013272
74.812021005,0.201411664485931,-0.00489968108013272
74.822005998,0.202408745884895,-0.00734953070059419
74.832007048,0.202408745884895,-0.00734953070059419
74.841986957,0.201411664485931,-0.00489968108013272
74.852019193,0.202408745884895,-0.00734953070059419
74.861980361,0.202408745884895,-0.00734953070059419
74.872016825,0.202408745884895,-0.00734953070059419
74.881984748,0.201411664485931,-0.00489968108013272
74.891978375,0.202408745884895,-0.00734953070059419
74.901975364,0.202408745884895,-0.00734953070059419
74.911990656,0.203405827283859,-0.00979938078671694
74.921982424,0.202408745884895,-0.00734953070059419
74.931981578,0.202408745884895,-0.00734953070059419
74.941979108,0.202408745884895,-0.00734953070059419
74.951981917,0.202408745884895,-0.00734953070059419
74.96197681,0.202408745884895,-0.0122492304071784
74.971990249,0.202408745884895,-0.0122492304071784
74.981976532,0.204402923583984,-0.0122492304071784
74.991983632,0.203405827283859,-0.00979938078671694
75.001978124,0.204402923583984,-0.0122492304071784
75.011982739,0.203405827283859,-0.00979938078671694
75.021995584,0.204402923583984,-0.0122492304071784
75.031973222,0.205400019884109,-0.0146990800276399
75.04198161,0.206397086381912,-0.0171489119529724
75.051982113,0.205400019884109,-0.0146990800276399
75.061974134,0.206397086381912,-0.0122492490336299
75.071974655,0.206397086381912,-0.0122492490336299
75.08197975,0.206397086381912,-0.0122492490336299
75.091973581,0.206397086381912,-0.0122492490336299
75.101974863,0.206397086381912,-0.0122492490336299
75.111989984,0.206397086381912,-0.0122492490336299
75.121995088,0.206397086381912,-0.0122492490336299
75.131979599,0.206397086381912,-0.00734954932704568
75.141989228,0.205400004982948,-0.00489969924092293
75.151964955,0.206397086381912,-0.00734954932704568
75.161990334,0.205400004982948,-0.00489969924092293
75.171977055,0.206397086381912,-0.00734954932704568
75.181967057,0.204402923583984,-0.00734954932704568
75.191965158,0.204402923583984,-0.00734954932704568
75.201988759,0.204402923583984,-0.00244984962046146
75.211978239,0.205400004982948,-0.00489969924092293
75.22197358,0.204402923583984,-0.00244984962046146
75.231969746,0.204402923583984,-0.00734954932704568
75.241974615,0.204402923583984,-0.00734954932704568
75.251997576,0.203405827283859,-0.00489969924092293
75.261985681,0.204402923583984,-0.00734954932704568
75.271543965,0.203405827283859,-0.00489969924092293
75.28200252,0.203405827283859,-0.00489969924092293
75.29201179,0.204402923583984,-0.00734954932704568
75.302007507,0.204402923583984,-0.00734954932704568
75.312008305,0.204402923583984,-0.00734954932704568
75.322018702,0.205400004982948,-0.00979939848184586
75.332018748,0.206397086381912,-0.00734954932704568
75.341996536,0.206397086381912,-0.00734954932704568
75.352001448,0.206397086381912,-0.00734954932704568
75.361994655,0.206397086381912,-0.00244984962046146
75.371555179,0.207394182682037,-0.00489969924092293
75.38204103,0.207394182682037,-0.00489969924092293
75.392018184,0.207394182682037,0
75.401998908,0.207394182682037,-0.00489969924092293
75.412028489,0.207394182682037,0
75.422017004,0.206397086381912,0.00244984962046146
75.432005773,0.204402923583984,0.00244984962046146
75.442020929,0.206397086381912,0.00244984962046146
75.452013567,0.206397086381912,0.00244984962046146
75.46201774,0.206397086381912,0.00244984962046146
75.47200376,0.206397086381912,0.00244984962046146
75.48201748,0.206397086381912,0.00734954932704568
75.492007427,0.206397086381912,0.00244984962046146
75.501969533,0.205400004982948,0.00489969924092293
75.512015719,0.205400004982948,0.00489969924092293
75.521986595,0.206397086381912,0.00244984962046146
75.532017966,0.207394182682037,0.00489969924092293
75.542016362,0.205400004982948,0.00489969924092293
75.552013577,0.207394182682037,0.00489969924092293
75.562015526,0.206397086381912,0.00244984962046146
75.571981664,0.206397086381912,0.00734954932704568
75.581977952,0.207394182682037,0
75.59204366,0.207394182682037,0.00489969924092293
75.602002839,0.208391278982162,0.00244984962046146
75.61198722,0.208391278982162,0.00244984962046146
75.622019986,0.208391278982162,0.00244984962046146
75.631978627,0.208391278982162,0.00244984962046146
75.642024375,0.209388360381126,0
75.652005245,0.208391278982162,0.00244984962046146
75.661995767,0.208391278982162,0.00244984962046146
75.672021156,0.209388360381126,0
75.681995387,0.208391278982162,0.00244984962046146
75.692012646,0.208391278982162,-0.00244984962046146
75.701993035,0.208391278982162,0.00244984962046146
75.712002974,0.208391278982162,-0.00244984962046146
75.721770376,0.208391278982162,0.00244984962046146
75.732011034,0.208391278982162,-0.00244984962046146
75.741998264,0.207394182682037,0
75.752005638,0.208391278982162,-0.00244984962046146
75.762002665,0.208391278982162,-0.00244984962046146
75.772000993,0.208391278982162,-0.00244984962046146
75.782023014,0.209388360381126,0
75.791997595,0.209388360381126,0
75.801994649,0.209388360381126,0
75.812011096,0.209388360381126,0
75.821994804,0.209388360381126,0
75.832006771,0.209388360381126,0
75.842007151,0.21038544178009,0.00244984962046146
75.852017475,0.21038544178009,0.00244984962046146
75.862020908,0.21038544178009,0.00244984962046146
75.872002087,0.21038544178009,0.00244984962046146
75.882029713,0.21038544178009,0.00244984962046146
75.892016531,0.21038544178009,0.00244984962046146
75.902002242,0.211382538080215,0
75.912004537,0.21038544178009,0.00244984962046146
75.92200126,0.211382538080215,0
75.932022961,0.21038544178009,0.00244984962046146
75.942022959,0.21038544178009,0.00244984962046146
75.952004849,0.209388360381126,0
75.962011552,0.211382538080215,0
75.971998584,0.209388360381126,0
75.982012695,0.21038544178009,-0.00244984962046146
75.992015881,0.21038544178009,-0.00244984962046146
76.001997455,0.208391278982162,-0.00244984962046146
76.011996719,0.21038544178009,-0.00244984962046146
76.022000543,0.208391278982162,-0.00244984962046146
76.032029263,0.209388360381126,-0.00489969924092293
76.042043075,0.209388360381126,-0.00489969924092293
76.052022601,0.209388360381126,-0.00489969924092293
76.061998994,0.207394182682037,-0.00489969924092293
76.072023489,0.207394182682037,-0.00489969924092293
76.082017354,0.205400004982948,-0.00489969924092293
76.092002459,0.205400004982948,0
76.102004825,0.206397086381912,-0.00244984962046146
76.112017949,0.203405827283859,-0.00489969924092293
76.121998143,0.203405827283859,-0.00489969924092293
76.132016506,0.202408730983734,-0.00244984962046146
76.141995026,0.201411664485931,-0.00489968108013272
76.152018035,0.200414568185806,-0.00244983145967126
76.162020124,0.199417471885681,-0.00489968108013272
76.172029419,0.198420405387878,-0.00244984962046146
76.181998078,0.198420390486717,-0.00734953070059419
76.19201208,0.197423309087753,-0.00979938078671694
76.202001269,0.1944320499897,-0.00734954932704568
76.212005711,0.195429131388664,-0.00489969924092293
76.22201283,0.1944320499897,-0.00734954932704568
76.232005122,0.193434953689575,-0.00489969924092293
76.242016062,0.192437872290611,-0.00734953070059419
76.25201755,0.191440790891647,-0.00489968108013272
76.26200476,0.191440790891647,-0.00489968108013272
76.272017812,0.192437872290611,-0.00734953070059419
76.282003151,0.190443694591522,-0.00244983145967126
76.29200244,0.190443694591522,-0.00244983145967126
76.302016477,0.190443694591522,-0.00244983145967126
76.312015068,0.190443694591522,-0.00244983145967126
76.321997494,0.191440775990486,0
76.331997418,0.191440790891647,-0.00489968108013272
76.342013719,0.191440775990486,0
76.352003315,0.19243785738945,-0.00244984962046146
76.362020456,0.19243785738945,-0.00244984962046146
76.372028716,0.19243785738945,-0.00244984962046146
76.382029968,0.193434953689575,0
76.392019345,0.193434953689575,0
76.402002246,0.195429131388664,0
76.412020795,0.195429131388664,0
76.422004042,0.1944320499897,-0.00244984962046146
76.432010184,0.195429131388664,0
76.442006801,0.196426212787628,-0.00244984962046146
76.45200439,0.196426212787628,-0.00244984962046146
76.462004202,0.196426212787628,0.00244984962046146
76.472021476,0.196426212787628,0.00244984962046146
76.482011298,0.197423309087753,0
76.492005917,0.197423309087753,0
76.501998077,0.197423309087753,0
76.512002917,0.198420405387878,0.00244984962046146
76.522004016,0.199417471885681,0.00489968108013272
76.532009388,0.199417471885681,0.00489968108013272
76.541525146,0.199417471885681,0.00489968108013272
76.552007425,0.199417471885681,0.00489968108013272
76.56201289,0.200414568185806,0.00244983145967126
76.572042376,0.200414568185806,0.00244983145967126
76.582002277,0.200414568185806,0.00244983145967126
76.592029328,0.200414568185806,0.00244983145967126
76.602002874,0.200414568185806,0.00244983145967126
76.612027903,0.20141164958477,0
76.622007724,0.20141164958477,0
76.632032021,0.202408730983734,-0.00244984962046146
76.64150525,0.202408730983734,-0.00244984962046146
76.651999027,0.202408730983734,-0.00244984962046146
76.662044512,0.202408730983734,-0.00244984962046146
76.672049972,0.203405827283859,-0.00489969924092293
76.682005275,0.203405827283859,-0.00489969924092293
76.692021529,0.204402923583984,-0.00734954932704568
76.702001074,0.204402923583984,-0.00734954932704568
76.712015746,0.202408745884895,-0.00734953070059419
76.722006998,0.202408745884895,-0.00734953070059419
76.732009854,0.201411664485931,-0.00489968108013272
76.741459455,0.201411664485931,-0.00489968108013272
76.752029156,0.201411664485931,-0.00489968108013272
76.762021547,0.200414568185806,-0.00244983145967126
76.772026836,0.199417486786842,0
76.78200617,0.199417486786842,0
76.79200265,0.197423309087753,0
76.802014129,0.197423309087753,0
76.811992632,0.196426212787628,0.00244984962046146
76.82200948,0.195429131388664,0
76.832009407,0.195429131388664,0
76.841673226,0.1944320499897,-0.00244984962046146
76.851995051,0.1944320499897,-0.00244984962046146
76.861999116,0.193434953689575,-0.00489969924092293
76.87200317,0.193434953689575,-0.00489969924092293
76.882020193,0.193434953689575,-0.00979938078671694
76.892014086,0.193434953689575,-0.00489969924092293
76.901997249,0.193434953689575,-0.00979938078671694
76.911996025,0.193434953689575,-0.0146990800276399
76.921993226,0.195429131388664,-0.0146990614011884
76.931997721,0.195429131388664,-0.0146990614011884
76.941870237,0.195429131388664,-0.0146990614011884
76.952001455,0.196426212787628,-0.0171489119529724
76.96200405,0.198420390486717,-0.0171489305794239
76.972002106,0.199417471885681,-0.0195987801998854
76.981989726,0.199417471885681,-0.0146990800276399
76.991994313,0.201411664485931,-0.0195987801998854
77.002008351,0.203405827283859,-0.0146990800276399
77.012006872,0.204402923583984,-0.0122492304071784
77.022005191,0.204402923583984,-0.0122492304071784
77.032004312,0.206397086381912,-0.0122492490336299
77.041996052,0.207394182682037,-0.00979939848184586
77.052009181,0.208391278982162,-0.00734954932704568
77.06199217,0.209388345479965,-0.00979938078671694
77.07199642,0.21038544178009,-0.00734953070059419
77.082001497,0.212379619479179,-0.00734953070059419
77.092002935,0.212379619479179,-0.00244983145967126
77.101996546,0.211382538080215,-0.00489968108013272
77.112004307,0.213376700878143,-0.00489968108013272
77.122000321,0.214373797178268,-0.00244984962046146
77.131996113,0.214373797178268,-0.00244984962046146
77.142015683,0.216367959976196,-0.00244984962046146
77.151996688,0.217365056276321,0
77.162004096,0.218362152576447,0.00244984962046146
77.17200599,0.21935923397541,0
77.182001261,0.21935923397541,0
77.191992272,0.220356315374374,-0.00244984962046146
77.202003317,0.222350493073463,0.00244983145967126
77.21200029,0.222350493073463,0.00244983145967126
77.222007114,0.222350493073463,0.00734953070059419
77.232000326,0.222350493073463,0.00734953070059419
77.242013681,0.223347574472427,0.00979938078671694
77.251998373,0.222350493073463,0.00734953070059419
77.262003771,0.223347574472427,0.00979938078671694
77.271668919,0.222350493073463,0.0122492304071784
77.281995285,0.224344670772552,0.0122492304071784
77.292002697,0.225341767072678,0.0146990800276399
77.302001977,0.224344670772552,0.0171489305794239
77.31199744,0.225341752171516,0.0195987615734339
77.321999728,0.225341767072678,0.0146990800276399
77.332006163,0.22633883357048,0.0171489119529724
77.342007772,0.227335929870605,0.0146990614011884
77.352013613,0.228333026170731,0.0171489119529724
77.361996086,0.228333026170731,0.0171489119529724
77.371901125,0.229330107569695,0.0195987615734339
77.38202551,0.228333026170731,0.0220486111938953
77.392006074,0.228333026170731,0.0220486111938953
77.40199463,0.229330107569695,0.0195987615734339
77.412005091,0.229330107569695,0.0195987615734339
77.421990061,0.231324285268784,0.0244984608143568
77.431998247,0.231324285268784,0.0244984608143568
77.442018179,0.230327188968658,0.0269483104348183
77.451996884,0.229330107569695,0.0293981600552797
77.462029562,0.229330107569695,0.0293981600552797
77.472001764,0.229330107569695,0.0293981600552797
77.482021591,0.229330107569695,0.0293981600552797
77.492017389,0.229330107569695,0.0293981600552797
77.502014167,0.228333026170731,0.0269483104348183
77.512003005,0.227335929870605,0.0293981600552797
77.521992273,0.227335929870605,0.0244984608143568
77.532014457,0.227335929870605,0.0244984608143568
77.542007725,0.227335929870605,0.0244984608143568
77.552022488,0.228333026170731,0.0220486111938953
77.561992811,0.228333026170731,0.0220486111938953
77.572001212,0.228333026170731,0.0220486111938953
77.582000707,0.228333026170731,0.0220486111938953
77.592014809,0.227335929870605,0.0195987615734339
77.602004286,0.228333026170731,0.0220486111938953
77.611993028,0.229330107569695,0.0195987615734339
77.622005211,0.228333026170731,0.0171489119529724
77.632004232,0.227335929870605,0.0195987615734339
77.642005384,0.227335929870605,0.0195987615734339
77.651994293,0.22633883357048,0.0171489119529724
77.66199923,0.22633883357048,0.0171489119529724
77.67200769,0.22633883357048,0.0171489119529724
77.681995349,0.225341767072678,0.0146990800276399
77.692003951,0.22633883357048,0.0171489119529724
77.702020022,0.225341767072678,0.0146990800276399
77.712028749,0.225341767072678,0.0146990800276399
77.722022388,0.225341752171516,0.0195987615734339
77.732010874,0.225341767072678,0.0146990800276399
77.741996531,0.225341767072678,0.0146990800276399
77.752007785,0.225341767072678,0.0146990800276399
77.762007005,0.225341767072678,0.0146990800276399
77.772009778,0.225341767072678,0.0146990800276399
77.781998171,0.225341767072678,0.0146990800276399
77.791995796,0.225341767072678,0.0146990800276399
77.802003198,0.22633883357048,0.0171489119529724
77.811997708,0.225341767072678,0.0146990800276399
77.821966674,0.225341767072678,0.0146990800276399
77.832000622,0.22633883357048,0.0171489119529724
77.842000162,0.22633883357048,0.0171489119529724
77.851996178,0.227335929870605,0.0195987615734339
77.861997558,0.227335929870605,0.0195987615734339
77.872008448,0.227335929870605,0.0195987615734339
77.882001547,0.229330107569695,0.0195987615734339
77.892006421,0.228333026170731,0.0171489119529724
77.901983579,0.228333026170731,0.0171489119529724
77.912002417,0.229330107569695,0.0195987615734339
77.922006632,0.230327188968658,0.0220486111938953
77.931380387,0.231324285268784,0.0195987801998854
77.941995835,0.231324285268784,0.0195987801998854
77.951992123,0.232321366667747,0.0171489305794239
77.962003153,0.233318448066711,0.0146990800276399
77.972006349,0.233318448066711,0.0146990800276399
77.981990634,0.234315544366837,0.0171489305794239
77.991996163,0.2353126257658,0.0195987615734339
78.001993092,0.2353126257658,0.0195987615734339
78.011992504,0.23730680346489,0.0195987615734339
78.02199444,0.236309707164764,0.0171489119529724
78.031300166,0.2353126257658,0.0195987615734339
78.041997228,0.236309707164764,0.0171489119529724
78.051994826,0.236309707164764,0.0220486111938953
78.061976195,0.2353126257658,0.0244984608143568
78.071994406,0.2353126257658,0.0244984608143568
78.082000274,0.233318448066711,0.0244984608143568
78.092003789,0.234315544366837,0.0220486111938953
78.102003177,0.234315544366837,0.0220486111938953
78.112000602,0.232321366667747,0.0220486298203468
78.122009958,0.232321366667747,0.0220486298203468
78.131291764,0.232321366667747,0.0220486298203468
78.141979387,0.230327188968658,0.0220486111938953
78.15199471,0.229330107569695,0.0195987615734339
78.161998563,0.229330107569695,0.0195987615734339
78.172006652,0.229330107569695,0.0195987615734339
78.182010681,0.229330107569695,0.0195987615734339
78.192008916,0.227335929870605,0.0195987615734339
78.202007065,0.227335929870605,0.0195987615734339
78.212003304,0.228333026170731,0.0171489119529724
78.221977247,0.228333026170731,0.0171489119529724
78.231288842,0.227335929870605,0.0195987615734339
78.242011012,0.228333026170731,0.0220486111938953
78.251996999,0.228333026170731,0.0220486111938953
78.261994385,0.228333026170731,0.0220486111938953
78.271994638,0.228333026170731,0.0220486111938953
78.282013734,0.228333026170731,0.0220486111938953
78.292000057,0.229330107569695,0.0244984608143568
78.301988498,0.228333026170731,0.0269483104348183
78.312005223,0.227335929870605,0.0293981600552797
78.322005216,0.227335929870605,0.0293981600552797
78.331276454,0.227335929870605,0.0293981600552797
78.341999699,0.22633883357048,0.0269483104348183
78.352003055,0.22633883357048,0.0269483104348183
78.36200397,0.224344670772552,0.0269483104348183
78.371996149,0.224344670772552,0.0269483104348183
78.38197155,0.222350493073463,0.0269482918083668
78.392008665,0.2213534116745,0.0244984608143568
78.402000508,0.220356315374374,0.0220486111938953
78.412015491,0.218362152576447,0.0220486111938953
78.422000619,0.217365056276321,0.0195987615734339
78.431256637,0.216367959976196,0.0171489119529724
78.441995691,0.215370878577232,0.0195987615734339
78.451996208,0.213376700878143,0.0195987801998854
78.461971503,0.213376700878143,0.0195987801998854
78.472002287,0.21038544178009,0.0171489305794239
78.482006117,0.21038544178009,0.0171489305794239
78.492009675,0.208391264081001,0.0171489305794239
78.501999939,0.208391264081001,0.0171489305794239
78.512002667,0.208391264081001,0.0171489305794239
78.522000068,0.206397086381912,0.0171489119529724
78.531216389,0.206397086381912,0.0171489119529724
78.541974684,0.204402923583984,0.0171489305794239
78.552005016,0.203405827283859,0.0195987801998854
78.562007868,0.202408745884895,0.0171489305794239
78.572004452,0.202408745884895,0.0171489305794239
78.581995614,0.202408745884895,0.0171489305794239
78.591996277,0.201411664485931,0.0195987801998854
78.602008748,0.201411664485931,0.0195987801998854
78.612010103,0.200414568185806,0.0171489305794239
78.621976866,0.200414568185806,0.0171489305794239
78.631751165,0.199417471885681,0.0146990800276399
78.641995646,0.199417471885681,0.0146990800276399
78.652012913,0.200414568185806,0.0122492304071784
78.662011374,0.200414568185806,0.0122492304071784
78.671985952,0.199417471885681,0.0146990800276399
78.681990261,0.198420390486717,0.0122492304071784
78.691988887,0.199417471885681,0.0146990800276399
78.701937761,0.198420390486717,0.0122492304071784
78.711992587,0.198420390486717,0.0122492304071784
78.721981931,0.198420390486717,0.0171489305794239
78.731978389,0.198420390486717,0.0171489305794239
78.741984951,0.200414568185806,0.0171489305794239
78.751984366,0.199417471885681,0.0146990800276399
78.761989906,0.200414568185806,0.0171489305794239
78.771991967,0.201411664485931,0.0195987801998854
78.781950989,0.201411664485931,0.0195987801998854
78.791990518,0.203405827283859,0.0146990800276399
78.801988752,0.204402923583984,0.0171489305794239
78.811982394,0.204402923583984,0.0171489305794239
78.821991882,0.205400019884109,0.0146990800276399
78.831989686,0.205400019884109,0.0146990800276399
78.841987167,0.205400019884109,0.0146990800276399
78.851985765,0.207394182682037,0.0146990800276399
78.861945747,0.207394182682037,0.0146990800276399
78.871993278,0.209388345479965,0.00979938078671694
78.881981427,0.209388345479965,0.00979938078671694
78.891980408,0.208391264081001,0.0122492304071784
78.90199262,0.209388345479965,0.00979938078671694
78.911987558,0.21038544178009,0.0122492304071784
78.92199029,0.21038544178009,0.0122492304071784
78.93198495,0.212379619479179,0.0122492304071784
78.941946525,0.213376700878143,0.00979938078671694
78.951986637,0.212379619479179,0.0122492304071784
78.961987499,0.213376700878143,0.00979938078671694
78.971988313,0.213376700878143,0.0146990800276399
78.981989316,0.215370893478394,0.0146990800276399
78.991995603,0.215370893478394,0.0146990800276399
79.001989564,0.216367959976196,0.0171489119529724
79.011990623,0.216367959976196,0.0171489119529724
79.021941562,0.217365056276321,0.0146990614011884
79.031989898,0.216367959976196,0.0171489119529724
79.041990441,0.216367959976196,0.0171489119529724
79.051986599,0.218362152576447,0.0171489119529724
79.061984497,0.216367959976196,0.0171489119529724
79.071988012,0.216367959976196,0.0171489119529724
79.081992998,0.216367959976196,0.0171489119529724
79.091987925,0.217365056276321,0.0146990614011884
79.101941895,0.215370893478394,0.0146990800276399
79.111995531,0.215370893478394,0.0146990800276399
79.121988643,0.216367959976196,0.0171489119529724
79.132007066,0.216367959976196,0.0171489119529724
79.141995709,0.216367959976196,0.0171489119529724
79.151984448,0.214373797178268,0.0171489305794239
79.161994958,0.216367959976196,0.0171489119529724
79.171988003,0.216367974877357,0.0122492304071784
79.181939126,0.215370893478394,0.0146990800276399
79.191987092,0.214373797178268,0.0171489305794239
79.201993805,0.215370893478394,0.0146990800276399
79.211987617,0.216367974877357,0.0122492304071784
79.221986373,0.214373797178268,0.0122492304071784
79.231228719,0.215370893478394,0.00979938078671694
79.241986873,0.214373797178268,0.0122492304071784
79.251982872,0.215370893478394,0.0146990800276399
79.261933078,0.215370893478394,0.0146990800276399
79.271248071,0.214373797178268,0.0171489305794239
79.281983386,0.214373797178268,0.0122492304071784
79.291982408,0.215370893478394,0.0146990800276399
79.301993683,0.214373797178268,0.0122492304071784
79.312020949,0.213376700878143,0.0146990800276399
79.322004542,0.213376700878143,0.0146990800276399
79.33199433,0.213376700878143,0.0146990800276399
79.341275733,0.213376700878143,0.0146990800276399
79.352019914,0.212379619479179,0.0122492304071784
79.361264397,0.211382538080215,0.0146990800276399
79.371248913,0.212379619479179,0.0122492304071784
79.381248259,0.211382538080215,0.0146990800276399
79.391246978,0.211382538080215,0.00979938078671694
79.401220649,0.211382538080215,0.0146990800276399
79.411242075,0.211382538080215,0.0146990800276399
79.421244289,0.21038544178009,0.0122492304071784
79.431206827,0.21038544178009,0.0122492304071784
79.44198971,0.21038544178009,0.0122492304071784
79.45124033,0.21038544178009,0.00734953070059419
79.461242002,0.21038544178009,0.00734953070059419
79.471248887,0.208391278982162,0.00734954932704568
79.481231473,0.21038544178009,0.00734953070059419
79.491245087,0.208391278982162,0.00734954932704568
79.501198127,0.208391278982162,0.00734954932704568
79.511212692,0.208391278982162,0.00244984962046146
79.522004635,0.209388360381126,0.00489969924092293
79.53124629,0.208391278982162,0.00244984962046146
79.541750727,0.208391278982162,0.00244984962046146
79.552011523,0.208391278982162,0.00734954932704568
79.561998263,0.208391278982162,0.00244984962046146
79.571243885,0.209388360381126,0.00489969924092293
79.581254109,0.208391278982162,0.00244984962046146
79.591225061,0.21038544178009,0.00244984962046146
79.601247918,0.21038544178009,0.00244984962046146
79.61199763,0.211382538080215,0.00489968108013272
79.621243368,0.211382538080215,0.00489968108013272
79.631222273,0.211382538080215,0.00489968108013272
79.642007937,0.211382538080215,0.00489968108013272
79.651198247,0.212379619479179,0.00244983145967126
79.661207374,0.213376700878143,0.00489968108013272
79.671248789,0.212379619479179,0.00244983145967126
79.681210594,0.213376700878143,0.00489968108013272
79.691232988,0.212379619479179,0.00734953070059419
79.701214604,0.212379619479179,0.00244983145967126
79.711217012,0.212379619479179,0.00244983145967126
79.72120782,0.212379619479179,0.00244983145967126
79.731203784,0.212379619479179,0.00244983145967126
79.741960167,0.212379619479179,0.00244983145967126
79.751209148,0.211382538080215,0.00489968108013272
79.761204298,0.21038544178009,0.00244984962046146
79.771210472,0.211382538080215,0.00489968108013272
79.781175187,0.209388360381126,0.00489969924092293
79.791219209,0.21038544178009,0.00244984962046146
79.801209793,0.209388360381126,0.00489969924092293
79.811208329,0.208391278982162,0.00244984962046146
79.821206431,0.208391278982162,0.00244984962046146
79.831180623,0.207394182682037,0.00489969924092293
79.841209454,0.208391278982162,0.00244984962046146
79.85120835,0.207394182682037,0
79.861211675,0.206397086381912,0.00244984962046146
79.871161709,0.206397086381912,-0.00244984962046146
79.88120956,0.207394182682037,0
79.891204619,0.205400004982948,0
79.901204903,0.205400004982948,0
79.911207134,0.204402923583984,0.00244984962046146
79.921198099,0.203405827283859,0
79.931173978,0.203405827283859,0
79.941152348,0.202408730983734,-0.00244984962046146
79.951111171,0.203405827283859,0
79.961187479,0.203405827283859,0
79.971144811,0.202408730983734,0.00244984962046146
79.981129042,0.20141164958477,0
79.991131515,0.20141164958477,0
80.001105072,0.20141164958477,0
80.011053351,0.202408730983734,0.00244984962046146
80.021052908,0.203405827283859,0
80.031087976,0.203405827283859,0
80.041085543,0.202408730983734,0.00244984962046146
80.051058134,0.202408730983734,0.00244984962046146
80.061047824,0.202408730983734,0.00244984962046146
80.071122031,0.203405827283859,0.00489969924092293
80.081124408,0.204402923583984,0.00244984962046146
80.091120763,0.205400004982948,0.00489969924092293
80.101154341,0.207394182682037,0.00489969924092293
80.111061201,0.206397086381912,0.00244984962046146
80.121050081,0.207394182682037,0.00489969924092293
80.131105673,0.207394182682037,0.00489969924092293
80.141054132,0.209388360381126,0.00489969924092293
80.151053078,0.21038544178009,0.00244984962046146
80.161122065,0.211382538080215,0.00489968108013272
80.17112956,0.212379619479179,0.00244983145967126
80.18109829,0.212379619479179,0.00734953070059419
80.191155258,0.213376700878143,0.00489968108013272
80.201102498,0.212379619479179,0.00734953070059419
80.211126084,0.213376700878143,0.00489968108013272
80.221109742,0.212379619479179,0.00734953070059419
80.231108737,0.214373797178268,0.00734953070059419
80.241054057,0.213376700878143,0.00979938078671694
80.251036705,0.213376700878143,0.00979938078671694
80.26110911,0.213376700878143,0.00979938078671694
80.271044112,0.211382538080215,0.00979938078671694
80.281049998,0.212379619479179,0.00734953070059419
80.291054887,0.212379619479179,0.0122492304071784
80.301115508,0.212379619479179,0.00734953070059419
80.311041971,0.212379619479179,0.0122492304071784
80.32110755,0.213376700878143,0.00979938078671694
80.331059148,0.212379619479179,0.00734953070059419
80.341042421,0.212379619479179,0.00734953070059419
80.351082276,0.211382538080215,0.00979938078671694
80.361042403,0.212379619479179,0.00734953070059419
80.37103702,0.213376700878143,0.00979938078671694
80.381060233,0.212379619479179,0.00734953070059419
80.391045285,0.211382538080215,0.00489968108013272
80.401047408,0.211382538080215,0.00979938078671694
80.411050828,0.212379619479179,0.00734953070059419
80.421035132,0.21038544178009,0.00734953070059419
80.43105644,0.21038544178009,0.0122492304071784
80.441038471,0.21038544178009,0.0122492304071784
80.451018598,0.209388345479965,0.00979938078671694
80.461019114,0.208391264081001,0.0122492304071784
80.471028259,0.207394182682037,0.00979939848184586
80.481022987,0.207394182682037,0.0146990800276399
80.491049618,0.207394182682037,0.0146990800276399
80.501015799,0.206397086381912,0.0122492490336299
80.511038213,0.205400019884109,0.0146990800276399
80.521044315,0.205400019884109,0.0146990800276399
80.531047885,0.205400019884109,0.0146990800276399
80.541038832,0.204402923583984,0.0122492304071784
80.551055007,0.203405827283859,0.0146990800276399
80.561044005,0.202408745884895,0.0122492304071784
80.571034885,0.202408745884895,0.0122492304071784
80.581046135,0.202408745884895,0.0122492304071784
80.591024483,0.201411664485931,0.00979938078671694
80.601026506,0.202408745884895,0.00734953070059419
80.611039859,0.200414568185806,0.00244983145967126
80.621048885,0.201411664485931,0.00489968108013272
80.631057317,0.200414568185806,0.00244983145967126
80.641030651,0.200414568185806,0.00244983145967126
80.651037349,0.201411664485931,0.00489968108013272
80.661015102,0.202408730983734,0.00244984962046146
80.671021733,0.202408745884895,0.00734953070059419
80.681016555,0.201411664485931,0.00489968108013272
80.691022208,0.202408745884895,0.00734953070059419
80.701029328,0.201411664485931,0.00979938078671694
80.711013034,0.203405827283859,0.0146990800276399
80.721018894,0.203405827283859,0.0146990800276399
80.731051867,0.202408745884895,0.0171489305794239
80.740978238,0.203405827283859,0.0195987801998854
80.751034811,0.204402923583984,0.0171489305794239
80.761019224,0.204402923583984,0.0220486111938953
80.7710172,0.205400004982948,0.0195987615734339
80.781022691,0.207394182682037,0.0195987615734339
80.791015253,0.206397086381912,0.0220486111938953
80.801054183,0.207394182682037,0.0244984608143568
80.811051589,0.208391278982162,0.0220486111938953
80.821023086,0.208391278982162,0.0220486111938953
80.830987697,0.211382538080215,0.0244984794408083
80.841014507,0.212379619479179,0.0220486298203468
80.85102116,0.212379619479179,0.0220486298203468
80.861025126,0.212379619479179,0.0220486298203468
80.871028044,0.212379619479179,0.0220486298203468
80.881021666,0.213376700878143,0.0244984608143568
80.891020031,0.215370878577232,0.0195987615734339
80.901011725,0.215370878577232,0.0195987615734339
80.911024775,0.214373797178268,0.0220486111938953
80.921017413,0.216367959976196,0.0220486111938953
80.930997556,0.215370878577232,0.0195987615734339
80.94100083,0.214373797178268,0.0220486111938953
80.951024894,0.215370878577232,0.0195987615734339
80.961016369,0.215370878577232,0.0195987615734339
80.971015603,0.216367959976196,0.0171489119529724
80.981016099,0.214373797178268,0.0171489305794239
80.991015893,0.213376700878143,0.0146990800276399
81.001010024,0.214373797178268,0.0171489305794239
81.011009398,0.214373797178268,0.0171489305794239
81.021016713,0.212379619479179,0.0122492304071784
81.030959589,0.212379619479179,0.00734953070059419
81.041021488,0.212379619479179,0.00734953070059419
81.051007864,0.211382538080215,0.00979938078671694
81.061010747,0.211382538080215,0.00489968108013272
81.071022184,0.21038544178009,0.00734953070059419
81.081009255,0.209388360381126,0.00489969924092293
81.091025695,0.208391278982162,0.00734954932704568
81.101009868,0.206397086381912,0.00244984962046146
81.111011468,0.206397086381912,0.00244984962046146
81.121014899,0.205400004982948,0.00489969924092293
81.131014919,0.204402923583984,0.00734954932704568
81.141020231,0.202408745884895,0.00734953070059419
81.151022796,0.201411664485931,0.00489968108013272
81.161006618,0.201411664485931,0.00979938078671694
81.171004267,0.200414568185806,0.00734953070059419
81.18101456,0.200414568185806,0.00734953070059419
81.190996191,0.200414568185806,0.00734953070059419
81.201010321,0.200414568185806,0.00734953070059419
81.211008825,0.199417471885681,0.00489968108013272
81.221010611,0.200414568185806,0.00734953070059419
81.231017806,0.200414568185806,0.00734953070059419
81.241005465,0.201411664485931,0.00489968108013272
81.251014824,0.201411664485931,0.00489968108013272
81.261013685,0.201411664485931,0.00489968108013272
81.271015208,0.201411664485931,0.00489968108013272
81.281014545,0.201411664485931,0.00489968108013272
81.291000224,0.202408745884895,0.00734953070059419
81.301013256,0.202408745884895,0.00734953070059419
81.31101284,0.202408745884895,0.00734953070059419
81.32100291,0.203405827283859,0.00489969924092293
81.330984272,0.203405827283859,0.00489969924092293
81.341013087,0.203405827283859,0.00489969924092293
81.350993347,0.204402923583984,0.00734954932704568
81.361023149,0.202408745884895,0.00734953070059419
81.371012208,0.202408745884895,0.00734953070059419
81.381018838,0.203405827283859,0.00979938078671694
81.391012633,0.202408745884895,0.00734953070059419
81.401000879,0.202408745884895,0.00734953070059419
81.411017488,0.203405827283859,0.00979938078671694
81.421015337,0.201411664485931,0.00979938078671694
81.431006615,0.201411664485931,0.00979938078671694
81.441016302,0.202408745884895,0.0122492304071784
81.451018741,0.201411664485931,0.00979938078671694
81.461022438,0.202408745884895,0.00734953070059419
81.471004411,0.204402923583984,0.00734954932704568
81.481028658,0.203405827283859,0.00489969924092293
81.491007563,0.203405827283859,0.00489969924092293
81.501016242,0.204402923583984,0.00734954932704568
81.511034945,0.204402923583984,0.00244984962046146
81.521019672,0.204402923583984,0.00244984962046146
81.531016682,0.205400004982948,0.00489969924092293
81.541017516,0.204402923583984,0.00244984962046146
81.551010066,0.206397086381912,0.00244984962046146
81.561015238,0.207394182682037,0.00489969924092293
81.571022418,0.205400004982948,0.00489969924092293
81.580989771,0.206397086381912,0.00734954932704568
81.591026454,0.207394182682037,0.00489969924092293
81.600986663,0.207394182682037,0.00489969924092293
81.611020291,0.207394182682037,0.00979939848184586
81.620998199,0.208391278982162,0.00734954932704568
81.631015241,0.209388360381126,0.00489969924092293
81.6410179,0.21038544178009,0.00734953070059419
81.651008112,0.209388345479965,0.00979938078671694
81.66101938,0.21038544178009,0.00734953070059419
81.671020102,0.21038544178009,0.00734953070059419
81.681016637,0.211382538080215,0.00489968108013272
81.691018424,0.211382538080215,0.00979938078671694
81.701011002,0.212379619479179,0.00734953070059419
81.711005878,0.212379619479179,0.00734953070059419
81.721019085,0.212379619479179,0.0122492304071784
81.730986089,0.212379619479179,0.0122492304071784
81.741002548,0.212379619479179,0.0122492304071784
81.751005395,0.213376700878143,0.00979938078671694
81.761011767,0.212379619479179,0.0122492304071784
81.771019463,0.213376700878143,0.0146990800276399
81.781013789,0.212379619479179,0.0171489305794239
81.791009247,0.213376700878143,0.0195987801998854
81.80101744,0.212379619479179,0.0171489305794239
81.811002862,0.212379619479179,0.0171489305794239
81.821000921,0.212379619479179,0.0171489305794239
81.831006547,0.212379619479179,0.0171489305794239
81.841013034,0.212379619479179,0.0171489305794239
81.851014545,0.212379619479179,0.0171489305794239
81.861006901,0.212379619479179,0.0171489305794239
81.871006665,0.212379619479179,0.0171489305794239
81.881015134,0.212379619479179,0.0171489305794239
81.891006891,0.212379619479179,0.0122492304071784
81.901023723,0.212379619479179,0.0171489305794239
81.911009154,0.212379619479179,0.0171489305794239
81.921010343,0.213376700878143,0.0146990800276399
81.931034711,0.212379619479179,0.0171489305794239
81.941021216,0.212379619479179,0.0171489305794239
81.951002175,0.211382538080215,0.0195987801998854
81.961004737,0.212379619479179,0.0171489305794239
81.971012417,0.213376700878143,0.0146990800276399
81.981006923,0.214373797178268,0.0122492304071784
81.991019873,0.213376700878143,0.0146990800276399
82.001013472,0.215370893478394,0.0146990800276399
82.011024304,0.214373797178268,0.0122492304071784
82.021017491,0.214373797178268,0.0171489305794239
82.03100958,0.215370893478394,0.0146990800276399
82.041014382,0.215370893478394,0.0146990800276399
82.051017764,0.216367974877357,0.0122492304071784
82.061015292,0.215370893478394,0.0146990800276399
82.071013633,0.216367959976196,0.0171489119529724
82.081011039,0.216367959976196,0.0171489119529724
82.091021877,0.216367959976196,0.0171489119529724
82.101005749,0.215370893478394,0.0146990800276399
82.111023101,0.217365056276321,0.0195987615734339
82.121013653,0.218362137675285,0.0122492304071784
82.131010836,0.219359219074249,0.0146990800276399
82.141009409,0.219359219074249,0.0146990800276399
82.151014113,0.220356315374374,0.0171489305794239
82.16100766,0.2213534116745,0.0146990800276399
82.171018744,0.2213534116745,0.0146990800276399
82.181015877,0.2213534116745,0.0146990800276399
82.191019074,0.223347574472427,0.0146990800276399
82.201018201,0.223347574472427,0.0146990800276399
82.211014143,0.223347574472427,0.00979938078671694
82.221014959,0.222350493073463,0.0122492304071784
82.23101599,0.222350493073463,0.0122492304071784
82.241022458,0.223347574472427,0.00979938078671694
82.251014924,0.2213534116745,0.00979938078671694
82.261015837,0.2213534116745,0.00979938078671694
82.271011257,0.220356315374374,0.00734953070059419
82.281019997,0.2213534116745,0.00979938078671694
82.291027168,0.220356315374374,0.00734953070059419
82.301026005,0.220356315374374,0.00734953070059419
82.310984617,0.218362152576447,0.00734954932704568
82.321008954,0.21935923397541,0.00489969924092293
82.331022505,0.218362152576447,0.00244984962046146
82.341007932,0.218362152576447,0.00244984962046146
82.351013547,0.21935923397541,0
82.361007976,0.21935923397541,0
82.371017208,0.218362152576447,0.00244984962046146
82.381017394,0.217365056276321,0
82.391013045,0.216367959976196,-0.00244984962046146
82.401015746,0.217365056276321,-0.00489969924092293
82.411013621,0.21935923397541,-0.00489969924092293
82.421010404,0.217365056276321,0
82.431009655,0.217365056276321,0
82.44101899,0.215370878577232,0
82.451015438,0.215370878577232,0
82.461022378,0.215370878577232,0
82.47100982,0.214373797178268,-0.00244984962046146
82.481018185,0.214373797178268,-0.00244984962046146
82.49101898,0.214373797178268,-0.00244984962046146
82.501017702,0.212379619479179,0.00244983145967126
82.511016332,0.211382538080215,0
82.521014204,0.211382538080215,0
82.530986852,0.21038544178009,-0.00244984962046146
82.541019783,0.212379619479179,-0.00244983145967126
82.551019689,0.21038544178009,-0.00244984962046146
82.561009045,0.21038544178009,-0.00244984962046146
82.571025299,0.21038544178009,-0.00244984962046146
82.580741951,0.21038544178009,-0.00244984962046146
82.591022901,0.209388360381126,0
82.601038653,0.21038544178009,-0.00244984962046146
82.611017409,0.21038544178009,-0.00244984962046146
82.621011507,0.211382538080215,-0.00489968108013272
82.631010845,0.21038544178009,-0.00244984962046146
82.641013551,0.21038544178009,-0.00244984962046146
82.651014741,0.21038544178009,-0.00244984962046146
82.661017879,0.21038544178009,-0.00244984962046146
82.671015261,0.212379619479179,-0.00244983145967126
82.680747143,0.21038544178009,-0.00244984962046146
82.691002633,0.211382538080215,0
82.701001682,0.209388360381126,0
82.711009332,0.21038544178009,0.00244984962046146
82.721017341,0.208391278982162,0.00244984962046146
82.731011291,0.209388360381126,0.00489969924092293
82.740999823,0.207394182682037,0.00489969924092293
82.75103614,0.209388360381126,0.00489969924092293
82.760988938,0.207394182682037,0.00489969924092293
82.771001826,0.205400004982948,0.00489969924092293
82.781021903,0.205400004982948,0.00489969924092293
82.791011271,0.205400004982948,0.00489969924092293
82.800768618,0.205400004982948,0.00489969924092293
82.811015417,0.203405827283859,0.00489969924092293
82.821014319,0.204402923583984,0.00734954932704568
82.831025376,0.203405827283859,0.00489969924092293
82.841030411,0.203405827283859,0.00489969924092293
82.851018018,0.201411664485931,0.00489968108013272
82.861033015,0.201411664485931,0.00489968108013272
82.87098351,0.201411664485931,0.00489968108013272
82.881011601,0.200414568185806,0.00734953070059419
82.891013185,0.198420405387878,0.00244984962046146
82.901002381,0.198420405387878,0.00244984962046146
82.911022006,0.198420405387878,0.00244984962046146
82.921038642,0.196426212787628,0.00244984962046146
82.931025936,0.195429131388664,0
82.940998555,0.1944320499897,0.00244984962046146
82.951015727,0.193434953689575,0.00489969924092293
82.961018114,0.19243785738945,0.00244984962046146
82.971012447,0.191440790891647,0.00489968108013272
82.981010496,0.190443694591522,0.00244983145967126
82.991020655,0.190443694591522,0.00244983145967126
83.001029312,0.189446598291397,0.00489968108013272
83.011018937,0.187452435493469,0.00489969924092293
83.021012976,0.188449531793594,0.00244984962046146
83.0309781,0.187452435493469,0.00489969924092293
83.040983225,0.188449531793594,0.00244984962046146
83.050966921,0.188449531793594,0.00244984962046146
83.060971973,0.188449531793594,0.00244984962046146
83.070973041,0.188449531793594,0.00244984962046146
83.080965462,0.190443694591522,0.00244983145967126
83.091003288,0.190443694591522,0.00734953070059419
83.100742737,0.191440790891647,0.00489968108013272
83.110959231,0.193434953689575,0.00979938078671694
83.120976481,0.193434953689575,0.00979938078671694
83.13096807,0.195429131388664,0.00979939848184586
83.140974515,0.195429131388664,0.00979939848184586
83.150983499,0.196426212787628,0.0122492304071784
83.160982346,0.197423309087753,0.0146990800276399
83.170988578,0.199417471885681,0.0146990800276399
83.180954175,0.198420390486717,0.0171489305794239
83.190989173,0.200414568185806,0.0171489305794239
83.200972126,0.200414568185806,0.0171489305794239
83.210967914,0.200414568185806,0.0171489305794239
83.220976041,0.200414568185806,0.0171489305794239
83.230974093,0.199417471885681,0.0195987801998854
83.240966706,0.199417486786842,0.0244984608143568
83.250997684,0.199417471885681,0.0195987801998854
83.260992507,0.198420405387878,0.0220486111938953
83.270992128,0.196426212787628,0.0220486111938953
83.280996683,0.197423309087753,0.0195987615734339
83.290977316,0.195429131388664,0.0195987615734339
83.300977037,0.195429131388664,0.0195987615734339
83.310980608,0.1944320499897,0.0171489119529724
83.32097362,0.1944320499897,0.0171489119529724
83.331011263,0.1944320499897,0.0122492304071784
83.340973289,0.193434953689575,0.00979938078671694
83.350988984,0.192437872290611,0.0122492304071784
83.360976789,0.193434953689575,0.00979938078671694
83.370975739,0.193434953689575,0.00979938078671694
83.380984299,0.192437872290611,0.0122492304071784
83.390971273,0.193434953689575,0.00979938078671694
83.400963851,0.192437872290611,0.0122492304071784
83.410987803,0.192437872290611,0.0122492304071784
83.420992095,0.191440790891647,0.0146990800276399
83.430973562,0.191440790891647,0.0195987801998854
83.440985415,0.192437872290611,0.0171489305794239
83.450986589,0.192437872290611,0.0171489305794239
83.460989089,0.192437872290611,0.0171489305794239
83.470998123,0.192437872290611,0.0171489305794239
83.480984654,0.192437872290611,0.0171489305794239
83.490990536,0.192437872290611,0.0171489305794239
83.500978432,0.192437872290611,0.0171489305794239
83.510972483,0.192437872290611,0.0171489305794239
83.520969141,0.193434953689575,0.0146990800276399
83.53083442,0.192437872290611,0.0122492304071784
83.540969214,0.191440790891647,0.0146990800276399
83.550966491,0.192437872290611,0.0122492304071784
83.560972445,0.191440790891647,0.0146990800276399
83.570991064,0.190443694591522,0.0122492304071784
83.5810086,0.190443694591522,0.0122492304071784
83.590985429,0.190443694591522,0.0122492304071784
83.600967834,0.189446598291397,0.00979938078671694
83.610967451,0.189446598291397,0.00979938078671694
83.620971285,0.188449516892433,0.0122492304071784
83.630721185,0.188449516892433,0.0122492304071784
83.640968381,0.188449516892433,0.0122492304071784
83.650989366,0.187452435493469,0.0146990800276399
83.660955571,0.186455339193344,0.0122492304071784
83.670975807,0.187452435493469,0.0146990800276399
83.680975857,0.187452435493469,0.0146990800276399
83.690964169,0.18545825779438,0.0146990614011884
83.701002937,0.186455339193344,0.0171489119529724
83.710997429,0.18545825779438,0.0146990614011884
83.720974531,0.18545825779438,0.0146990614011884
83.730953024,0.186455339193344,0.0171489119529724
83.74099866,0.18545825779438,0.0146990614011884
83.75097295,0.18545825779438,0.0146990614011884
83.760970138,0.18545825779438,0.0146990614011884
83.770966976,0.184461176395416,0.0122492304071784
83.780971874,0.183464080095291,0.00979938078671694
83.790996473,0.184461176395416,0.0122492304071784
83.800978094,0.183464080095291,0.00979938078671694
83.810995796,0.183464080095291,0.00979938078671694
83.82098953,0.182466998696327,0.00734953070059419
83.830954843,0.182466998696327,0.00734953070059419
83.840978566,0.182466998696327,0.00734953070059419
83.850981887,0.181469917297363,0.00489968108013272
83.860967389,0.182466998696327,0.00734953070059419
83.870974539,0.181469917297363,0.00979938078671694
83.880972014,0.182466998696327,0.0122492304071784
83.890984517,0.181469917297363,0.00979938078671694
83.900956354,0.182466998696327,0.0122492304071784
83.910972619,0.182466998696327,0.0122492304071784
83.920994757,0.183464080095291,0.0146990800276399
83.930969214,0.182466998696327,0.0122492304071784
83.94096521,0.183464080095291,0.0146990800276399
83.950975413,0.183464080095291,0.0146990800276399
83.960993715,0.183464080095291,0.0146990800276399
83.970982271,0.183464080095291,0.0146990800276399
83.981001447,0.184461176395416,0.0122492304071784
83.990987055,0.183464080095291,0.0146990800276399
84.000972774,0.183464080095291,0.0146990800276399
84.010993517,0.18545825779438,0.0146990614011884
84.020997511,0.184461176395416,0.0122492304071784
84.030985321,0.18545825779438,0.0146990614011884
84.040977178,0.184461176395416,0.0122492304071784
84.050976734,0.18545825779438,0.0146990614011884
84.060958972,0.184461176395416,0.0122492304071784
84.070970651,0.186455339193344,0.0122492304071784
84.080989598,0.18545825779438,0.00979939848184586
84.090959743,0.187452435493469,0.00979938078671694
84.100982542,0.186455339193344,0.00734954932704568
84.110952978,0.186455339193344,0.00734954932704568
84.120993503,0.187452435493469,0.00979938078671694
84.130992743,0.186455339193344,0.00734954932704568
84.140961524,0.187452435493469,0.00979938078671694
84.150974244,0.186455339193344,0.00734954932704568
84.160980018,0.186455339193344,0.00734954932704568
84.170987722,0.186455339193344,0.00734954932704568
84.180978453,0.18545825779438,0.00979939848184586
84.190971276,0.18545825779438,0.00979939848184586
84.200991985,0.186455339193344,0.00734954932704568
84.210981608,0.183464080095291,0.00979938078671694
84.220975227,0.184461176395416,0.00734954932704568
84.230971974,0.183464080095291,0.00979938078671694
84.241001756,0.183464080095291,0.00979938078671694
84.250958803,0.183464080095291,0.00979938078671694
84.260988403,0.184461176395416,0.0122492304071784
84.270989121,0.183464080095291,0.00979938078671694
84.280969478,0.184461176395416,0.00734954932704568
84.290974704,0.184461176395416,0.00734954932704568
84.300969725,0.183464080095291,0.00979938078671694
84.310972715,0.184461176395416,0.00734954932704568
84.320996405,0.184461176395416,0.00734954932704568
84.330973907,0.18545825779438,0.00489969924092293
84.340968404,0.18545825779438,0.00489969924092293
84.350984473,0.186455339193344,0.00244984962046146
84.360981984,0.187452435493469,0
84.37097929,0.187452435493469,0
84.380971022,0.188449531793594,0.00244984962046146
84.390991688,0.189446613192558,0
84.400992671,0.189446613192558,0
84.410992124,0.191440775990486,0
84.420973268,0.191440775990486,0
84.430702601,0.193434953689575,0
84.440972639,0.1944320499897,-0.00244984962046146
84.450636987,0.195429131388664,0
84.460959941,0.195429131388664,0
84.470984415,0.197423309087753,0
84.4809867,0.197423309087753,0
84.490972898,0.198420405387878,0.00244984962046146
84.500972404,0.20141164958477,0
84.510982849,0.20141164958477,0
84.520974604,0.20141164958477,0
84.530964111,0.202408730983734,-0.00244984962046146
84.540974783,0.202408730983734,-0.00244984962046146
84.55065425,0.202408730983734,-0.00244984962046146
84.56099023,0.201411664485931,-0.00489968108013272
84.570992933,0.201411664485931,-0.00489968108013272
84.580996868,0.201411664485931,-0.00489968108013272
84.590990767,0.200414568185806,-0.00734953070059419
84.600994051,0.198420390486717,-0.00734953070059419
84.610989811,0.198420390486717,-0.00734953070059419
84.620990297,0.199417471885681,-0.00979938078671694
84.631002485,0.198420390486717,-0.00734953070059419
84.641008633,0.199417471885681,-0.00979938078671694
84.650849411,0.198420390486717,-0.0122492304071784
84.661016145,0.199417471885681,-0.00979938078671694
84.671023374,0.200414568185806,-0.0122492304071784
84.681002073,0.200414568185806,-0.0122492304071784
84.691007132,0.200414568185806,-0.0171489305794239
84.701018271,0.201411664485931,-0.0146990800276399
84.711042639,0.202408745884895,-0.0171489305794239
84.721001529,0.202408745884895,-0.0171489305794239
84.731003486,0.202408745884895,-0.0171489305794239
84.741010035,0.201411664485931,-0.0195987801998854
84.750711841,0.202408745884895,-0.0171489305794239
84.761002136,0.202408745884895,-0.0171489305794239
84.771005048,0.201411664485931,-0.0195987801998854
84.781015465,0.201411664485931,-0.0195987801998854
84.791020562,0.201411664485931,-0.0195987801998854
84.801018045,0.202408745884895,-0.0220486298203468
84.811014405,0.200414568185806,-0.0220486298203468
84.82100634,0.199417471885681,-0.0195987801998854
84.830996464,0.198420405387878,-0.0220486111938953
84.840986016,0.199417471885681,-0.0195987801998854
84.850987907,0.198420405387878,-0.0220486111938953
84.860989569,0.198420405387878,-0.0220486111938953
84.870990102,0.198420405387878,-0.0220486111938953
84.880985904,0.197423309087753,-0.0244984608143568
84.890985578,0.197423309087753,-0.0195987615734339
84.900989286,0.196426212787628,-0.0220486111938953
84.910644319,0.197423309087753,-0.0195987615734339
84.920991052,0.197423309087753,-0.0244984608143568
84.930987354,0.198420405387878,-0.0220486111938953
84.940961421,0.197423309087753,-0.0244984608143568
84.950995284,0.199417486786842,-0.0244984608143568
84.960991707,0.198420405387878,-0.0269483104348183
84.970987894,0.199417486786842,-0.0244984608143568
84.980990994,0.199417486786842,-0.0244984608143568
84.990643911,0.200414568185806,-0.0269483104348183
85.000537226,0.201411664485931,-0.0293981414288282
85.010982633,0.201411664485931,-0.0293981414288282
85.02098599,0.201411664485931,-0.0293981414288282
85.03098442,0.201411664485931,-0.0342978425323963
85.040992108,0.201411664485931,-0.0293981414288282
85.050959029,0.200414568185806,-0.0318479910492897
85.060987176,0.201411664485931,-0.0342978425323963
85.070642053,0.200414568185806,-0.0367476902902126
85.080984861,0.201411664485931,-0.0391975417733192
85.090986669,0.201411664485931,-0.0391975417733192
85.10098638,0.199417471885681,-0.0342978425323963
85.110984902,0.199417471885681,-0.0391975417733192
85.120990036,0.199417471885681,-0.0391975417733192
85.130999709,0.199417471885681,-0.0391975417733192
85.140535312,0.199417471885681,-0.0440972410142422
85.150648458,0.200414568185806,-0.0416473895311356
85.160650694,0.200414568185806,-0.0416473895311356
85.170549964,0.200414568185806,-0.0416473895311356
85.180711026,0.201411664485931,-0.0391975417733192
85.190726515,0.200414568185806,-0.0416473895311356
85.200523235,0.201411664485931,-0.0440972410142422
85.210612108,0.202408745884895,-0.0416473895311356
85.220667759,0.202408745884895,-0.0416473895311356
85.230661533,0.202408745884895,-0.0367476902902126
85.24099258,0.202408745884895,-0.0367476902902126
85.251029982,0.202408745884895,-0.0367476902902126
85.261002696,0.201411664485931,-0.0342978425323963
85.27100161,0.201411664485931,-0.0342978425323963
85.2810039,0.201411664485931,-0.0342978425323963
85.291017472,0.201411664485931,-0.0342978425323963
85.301008598,0.202408745884895,-0.0318479910492897
85.310661129,0.201411664485931,-0.0293981414288282
85.32099832,0.201411664485931,-0.0293981414288282
85.331039113,0.200414568185806,-0.0318479910492897
85.341023421,0.201411664485931,-0.0293981414288282
85.351012794,0.201411664485931,-0.0293981414288282
85.361009554,0.201411664485931,-0.0293981414288282
85.371019963,0.202408730983734,-0.0269483104348183
85.380994539,0.201411664485931,-0.0244984794408083
85.390659363,0.201411664485931,-0.0244984794408083
85.40103072,0.200414568185806,-0.0220486298203468
85.411016628,0.200414568185806,-0.0269483104348183
85.421051882,0.201411664485931,-0.0244984794408083
85.431013714,0.201411664485931,-0.0244984794408083
85.440987568,0.201411664485931,-0.0244984794408083
85.45100802,0.199417486786842,-0.0244984608143568
85.460987267,0.200414568185806,-0.0269483104348183
85.470661244,0.200414568185806,-0.0269483104348183
85.481024341,0.199417486786842,-0.0293981600552797
85.491010295,0.200414568185806,-0.0269483104348183
85.50101652,0.199417486786842,-0.0293981600552797
85.511022512,0.198420405387878,-0.0269483104348183
85.521014364,0.198420405387878,-0.0269483104348183
85.531023919,0.199417486786842,-0.0293981600552797
85.541016462,0.197423309087753,-0.0293981600552797
85.550653158,0.198420405387878,-0.0318480096757412
85.561010703,0.198420405387878,-0.0318480096757412
85.571011719,0.198420405387878,-0.0318480096757412
85.581016537,0.198420405387878,-0.0318480096757412
85.591024717,0.198420405387878,-0.0318480096757412
85.601025431,0.199417471885681,-0.0342978425323963
85.611014466,0.199417471885681,-0.0342978425323963
85.621037781,0.199417471885681,-0.0342978425323963
85.630652212,0.199417471885681,-0.0342978425323963
85.64064203,0.200414568185806,-0.0367476902902126
85.651003638,0.200414568185806,-0.0318479910492897
85.66103748,0.200414568185806,-0.0318479910492897
85.671020497,0.198420405387878,-0.0318480096757412
85.681018712,0.200414568185806,-0.0318479910492897
85.69105265,0.199417471885681,-0.0342978425323963
85.701036861,0.199417471885681,-0.0342978425323963
85.710653232,0.200414568185806,-0.0318479910492897
85.721023616,0.199417471885681,-0.0342978425323963
85.731029635,0.198420405387878,-0.0318480096757412
85.74101954,0.199417486786842,-0.0293981600552797
85.751029946,0.198420405387878,-0.0318480096757412
85.761042161,0.199417486786842,-0.0293981600552797
85.771019338,0.200414568185806,-0.0318479910492897
85.781014437,0.199417486786842,-0.0293981600552797
85.790653434,0.199417486786842,-0.0293981600552797
85.801029791,0.199417486786842,-0.0244984608143568
85.811012216,0.200414568185806,-0.0269483104348183
85.821031321,0.199417486786842,-0.0244984608143568
85.831016566,0.201411664485931,-0.0244984794408083
85.841041516,0.200414568185806,-0.0220486298203468
85.85101327,0.201411664485931,-0.0244984794408083
85.861012358,0.200414568185806,-0.0220486298203468
85.870646828,0.201411664485931,-0.0195987801998854
85.881021431,0.201411664485931,-0.0195987801998854
85.891005137,0.202408745884895,-0.0171489305794239
85.901033805,0.202408745884895,-0.0171489305794239
85.911005468,0.202408745884895,-0.0171489305794239
85.92102093,0.204402923583984,-0.0171489305794239
85.931013846,0.204402923583984,-0.0171489305794239
85.941021967,0.205400004982948,-0.0195987615734339
85.950644975,0.204402923583984,-0.0171489305794239
85.961013795,0.206397086381912,-0.0171489119529724
85.97101054,0.206397086381912,-0.0171489119529724
85.981033589,0.207394182682037,-0.0195987615734339
85.991014242,0.207394182682037,-0.0195987615734339
86.00101724,0.207394182682037,-0.0195987615734339
86.011014477,0.207394182682037,-0.0195987615734339
86.021047913,0.207394182682037,-0.0195987615734339
86.030641972,0.207394182682037,-0.0146990800276399
86.041028923,0.207394182682037,-0.0146990800276399
86.051001044,0.208391264081001,-0.0122492304071784
86.061038437,0.207394182682037,-0.0146990800276399
86.071010769,0.206397086381912,-0.0122492490336299
86.081037621,0.206397086381912,-0.0122492490336299
86.09102093,0.205400004982948,-0.00979939848184586
86.1010108,0.205400004982948,-0.00979939848184586
86.110590171,0.205400004982948,-0.00979939848184586
86.121037879,0.206397086381912,-0.0122492490336299
86.131039753,0.205400019884109,-0.0146990800276399
86.140498712,0.205400004982948,-0.00979939848184586
86.150987413,0.206397086381912,-0.0122492490336299
86.161015545,0.205400004982948,-0.00979939848184586
86.170989604,0.207394182682037,-0.00979939848184586
86.181013163,0.207394182682037,-0.00979939848184586
86.190588855,0.209388345479965,-0.00979938078671694
86.201010614,0.212379619479179,-0.0122492304071784
86.211062453,0.213376700878143,-0.00979938078671694
86.221014451,0.214373797178268,-0.00244984962046146
86.23102673,0.216367959976196,-0.00244984962046146
86.240648493,0.218362152576447,-0.00244984962046146
86.251025202,0.220356315374374,-0.00244984962046146
86.261018836,0.223347574472427,0
86.270586491,0.225341752171516,0
86.281017464,0.227335929870605,0.00489969924092293
86.291002495,0.229330107569695,0.00489969924092293
86.301020666,0.229330092668533,0.00979938078671694
86.31101254,0.230327188968658,0.00734953070059419
86.321020226,0.231324285268784,0.00489968108013272
86.331005385,0.232321366667747,0.00734953070059419
86.340866361,0.233318448066711,0.00489968108013272
86.350585427,0.233318448066711,0.00979938078671694
86.361009766,0.234315544366837,0.00734953070059419
86.371015523,0.234315544366837,0.00734953070059419
86.381015434,0.2353126257658,0.00489969924092293
86.391018604,0.236309707164764,0.00734954932704568
86.401016983,0.23730680346489,0.00489969924092293
86.41101316,0.238303899765015,0.00734954932704568
86.421018034,0.238303899765015,0.00734954932704568
86.430556787,0.240298062562943,0.00244984962046146
86.440949301,0.240298062562943,0.00244984962046146
86.451013498,0.241295158863068,0
86.461005582,0.241295158863068,0
86.470980697,0.240298062562943,-0.00244984962046146
86.481006547,0.240298062562943,-0.00244984962046146
86.491016365,0.239300981163979,-0.00489969924092293
86.501005786,0.238303899765015,-0.00734954932704568
86.510556857,0.23730680346489,-0.00489969924092293
86.521004578,0.236309707164764,-0.00734954932704568
86.531018969,0.2353126257658,-0.00489969924092293
86.540992046,0.233318448066711,-0.00489968108013272
86.551020439,0.231324285268784,-0.00489968108013272
86.561017267,0.230327188968658,-0.00734953070059419
86.571009894,0.230327188968658,-0.00734953070059419
86.581005959,0.228333026170731,-0.00734954932704568
86.590550427,0.22633883357048,-0.00734954932704568
86.60100047,0.225341752171516,-0.00489969924092293
86.611019001,0.224344670772552,-0.00734953070059419
86.62100239,0.222350493073463,-0.00734953070059419
86.631018375,0.220356315374374,-0.00734953070059419
86.640981681,0.220356315374374,-0.00734953070059419
86.651024565,0.219359219074249,-0.00979938078671694
86.661004406,0.218362152576447,-0.00734954932704568
86.670550977,0.216367959976196,-0.00244984962046146
86.681001643,0.215370878577232,-0.00489969924092293
86.691020459,0.215370878577232,-0.00489969924092293
86.701005216,0.213376700878143,-0.00489968108013272
86.711012317,0.212379619479179,-0.00734953070059419
86.721021484,0.213376700878143,-0.00489968108013272
86.731010219,0.212379619479179,-0.00734953070059419
86.741002266,0.21038544178009,-0.00734953070059419
86.7505243,0.209388360381126,-0.00489969924092293
86.761012188,0.208391278982162,-0.00734954932704568
86.771025662,0.207394182682037,-0.00979939848184586
86.781002524,0.207394182682037,-0.00489969924092293
86.791032997,0.206397086381912,-0.00734954932704568
86.800487631,0.206397086381912,-0.00734954932704568
86.810984353,0.206397086381912,-0.00734954932704568
86.820989738,0.204402923583984,-0.00734954932704568
86.830503916,0.203405827283859,-0.00489969924092293
86.840986776,0.204402923583984,-0.00734954932704568
86.850987915,0.204402923583984,-0.00734954932704568
86.860988438,0.204402923583984,-0.00734954932704568
86.870992191,0.204402923583984,-0.00734954932704568
86.88099478,0.204402923583984,-0.0122492304071784
86.890984924,0.203405827283859,-0.00979938078671694
86.900983071,0.205400004982948,-0.00979939848184586
86.910501277,0.204402923583984,-0.00734954932704568
86.921006963,0.204402923583984,-0.00734954932704568
86.931003706,0.205400004982948,-0.00979939848184586
86.941005375,0.204402923583984,-0.00734954932704568
86.95099944,0.206397086381912,-0.00734954932704568
86.960997793,0.205400004982948,-0.00489969924092293
86.971004807,0.205400004982948,-0.00489969924092293
86.980998349,0.205400004982948,-0.00489969924092293
86.990498061,0.207394182682037,-0.00489969924092293
87.001008847,0.205400004982948,-0.00489969924092293
87.011000087,0.207394182682037,-0.00489969924092293
87.021017827,0.208391278982162,-0.00734954932704568
87.031008134,0.208391278982162,-0.00244984962046146
87.040991577,0.209388360381126,-0.00489969924092293
87.050988443,0.209388360381126,-0.00489969924092293
87.061014996,0.21038544178009,-0.00734953070059419
87.070467496,0.212379619479179,-0.00734953070059419
87.080982098,0.213376700878143,-0.00489968108013272
87.090994477,0.212379619479179,-0.00734953070059419
87.100985206,0.214373797178268,-0.00734953070059419
87.110992938,0.214373797178268,-0.00734953070059419
87.120974926,0.214373797178268,-0.00734953070059419
87.130997338,0.215370893478394,-0.00979938078671694
87.140996056,0.215370878577232,-0.00489969924092293
87.150452591,0.214373797178268,-0.00734953070059419
87.160987813,0.215370878577232,-0.00489969924092293
87.170997418,0.215370878577232,-0.00489969924092293
87.181005882,0.214373797178268,-0.00734953070059419
87.190994915,0.215370878577232,-0.00489969924092293
87.200991073,0.215370878577232,-0.00489969924092293
87.211003991,0.214373797178268,-0.00734953070059419
87.220989246,0.214373797178268,-0.00244984962046146
87.230468932,0.214373797178268,-0.00244984962046146
87.241009638,0.215370878577232,-0.00489969924092293
87.251000652,0.216367959976196,-0.00244984962046146
87.261000292,0.216367959976196,-0.00244984962046146
87.27098638,0.216367959976196,-0.00244984962046146
87.281002033,0.218362152576447,-0.00244984962046146
87.290999552,0.218362152576447,-0.00244984962046146
87.301005653,0.218362152576447,-0.00244984962046146
87.310456539,0.21935923397541,0
87.320989454,0.220356315374374,-0.00244984962046146
87.331010925,0.222350493073463,-0.00244983145967126
87.340991143,0.222350493073463,-0.00244983145967126
87.350986571,0.223347574472427,-0.00489968108013272
87.361008865,0.223347574472427,-0.00489968108013272
87.370978957,0.224344670772552,-0.00734953070059419
87.381003557,0.223347574472427,-0.00489968108013272
87.390429292,0.223347574472427,-0.00489968108013272
87.40098882,0.224344670772552,-0.00734953070059419
87.411002467,0.224344670772552,-0.00734953070059419
87.421010755,0.225341767072678,-0.00979938078671694
87.431009211,0.223347574472427,-0.00979938078671694
87.441006863,0.225341767072678,-0.00979938078671694
87.45031689,0.224344670772552,-0.00734953070059419
87.461020322,0.225341767072678,-0.00979938078671694
87.470426312,0.22633883357048,-0.00734954932704568
87.4809845,0.227335929870605,-0.00979939848184586
87.490982057,0.229330092668533,-0.00979938078671694
87.500987795,0.228333026170731,-0.00734954932704568
87.511005583,0.230327188968658,-0.00734953070059419
87.520983204,0.231324285268784,-0.00489968108013272
87.530991284,0.233318448066711,-0.00489968108013272
87.540903761,0.232321366667747,-0.00734953070059419
87.550422836,0.234315544366837,-0.00734953070059419
87.561001395,0.2353126257658,-0.00489969924092293
87.570984779,0.234315544366837,-0.00734953070059419
87.580988019,0.2353126257658,-0.00489969924092293
87.590988837,0.234315544366837,-0.00244984962046146
87.600985274,0.236309707164764,-0.00244984962046146
87.610987295,0.2353126257658,-0.00489969924092293
87.620580038,0.234315544366837,-0.00244984962046146
87.630424298,0.233318448066711,-0.00489968108013272
87.640992429,0.233318448066711,0
87.650621592,0.232321366667747,-0.00244983145967126
87.660986274,0.231324285268784,-0.00489968108013272
87.670975734,0.232321366667747,-0.00244983145967126
87.681013244,0.230327188968658,-0.00244984962046146
87.691002555,0.230327188968658,-0.00734953070059419
87.700989687,0.229330092668533,-0.00979938078671694
87.710403098,0.228333026170731,-0.00734954932704568
87.721007732,0.228333011269569,-0.0122492304071784
87.731012249,0.229330092668533,-0.00979938078671694
87.741007853,0.228333011269569,-0.0122492304071784
87.7508074,0.228333011269569,-0.0122492304071784
87.760991477,0.227335929870605,-0.00979939848184586
87.770992655,0.226338848471642,-0.0122492304071784
87.780985246,0.226338848471642,-0.0122492304071784
87.790394652,0.226338848471642,-0.0122492304071784
87.800981123,0.225341767072678,-0.00979938078671694
87.810987123,0.225341767072678,-0.00979938078671694
87.820985345,0.224344670772552,-0.00734953070059419
87.830978652,0.223347574472427,-0.00979938078671694
87.840994439,0.222350493073463,-0.0122492304071784
87.850988791,0.2213534116745,-0.00979938078671694
87.860993048,0.2213534116745,-0.00979938078671694
87.870395923,0.220356315374374,-0.00734953070059419
87.880991764,0.220356315374374,-0.00734953070059419
87.890989436,0.218362152576447,-0.00734954932704568
87.900989851,0.219359219074249,-0.00979938078671694
87.910987381,0.217365056276321,-0.00979939848184586
87.920988355,0.217365056276321,-0.00979939848184586
87.930991036,0.216367959976196,-0.00734954932704568
87.940987404,0.216367959976196,-0.00734954932704568
87.950393464,0.215370893478394,-0.00979938078671694
87.960989297,0.215370893478394,-0.00979938078671694
87.970994667,0.214373797178268,-0.0122492304071784
87.98098776,0.214373797178268,-0.0122492304071784
87.99098875,0.213376700878143,-0.00979938078671694
88.000981802,0.212379619479179,-0.00734953070059419
88.010999464,0.213376700878143,-0.00979938078671694
88.020977124,0.212379619479179,-0.00734953070059419
88.030389344,0.211382538080215,-0.00979938078671694
88.040981945,0.21038544178009,-0.00734953070059419
88.050985244,0.21038544178009,-0.00734953070059419
88.060984292,0.21038544178009,-0.00734953070059419
88.070994224,0.209388360381126,-0.00489969924092293
88.080983418,0.208391278982162,-0.00734954932704568
88.09099016,0.209388360381126,-0.00489969924092293
88.100981319,0.208391278982162,-0.00734954932704568
88.110333032,0.209388360381126,-0.00489969924092293
88.120978439,0.209388345479965,-0.00979938078671694
88.130986637,0.209388360381126,-0.00489969924092293
88.140998607,0.21038544178009,-0.00734953070059419
88.150989883,0.211382538080215,-0.00489968108013272
88.16098956,0.209388360381126,-0.00489969924092293
88.170989826,0.211382538080215,-0.00489968108013272
88.180989989,0.211382538080215,-0.00489968108013272
88.19033678,0.211382538080215,-0.00979938078671694
88.200977478,0.211382538080215,-0.00489968108013272
88.210990994,0.21038544178009,-0.00734953070059419
88.220984713,0.21038544178009,-0.00244984962046146
88.230979717,0.21038544178009,-0.00734953070059419
88.240996199,0.209388360381126,-0.00489969924092293
88.250987698,0.209388360381126,-0.00489969924092293
88.260984786,0.209388360381126,-0.00489969924092293
88.270313388,0.208391278982162,-0.00734954932704568
88.28098114,0.208391278982162,-0.00734954932704568
88.290993032,0.207394182682037,-0.00489969924092293
88.300981191,0.207394182682037,-0.00489969924092293
88.310994789,0.207394182682037,-0.00489969924092293
88.320987634,0.207394182682037,-0.00979939848184586
88.330996682,0.207394182682037,-0.00979939848184586
88.340994751,0.207394182682037,-0.00979939848184586
88.350297967,0.206397086381912,-0.00734954932704568
88.360991068,0.207394182682037,-0.00979939848184586
88.370990011,0.206397086381912,-0.00734954932704568
88.380982937,0.206397086381912,-0.00734954932704568
88.390998884,0.207394182682037,-0.00489969924092293
88.400990872,0.206397086381912,-0.00734954932704568
88.41097999,0.206397086381912,-0.00734954932704568
88.420995068,0.205400004982948,-0.00489969924092293
88.430297211,0.204402923583984,-0.00244984962046146
88.440982717,0.204402923583984,-0.00244984962046146
88.45099267,0.203405827283859,-0.00489969924092293
88.460994982,0.202408730983734,-0.00244984962046146
88.470981548,0.201411664485931,-0.00489968108013272
88.480985112,0.200414568185806,-0.00244983145967126
88.490990361,0.198420390486717,-0.00734953070059419
88.500979968,0.197423309087753,-0.00489969924092293
88.510291931,0.195429131388664,-0.00489969924092293
88.520995636,0.193434953689575,-0.00489969924092293
88.530998441,0.191440790891647,-0.00979938078671694
88.540994423,0.190443694591522,-0.0122492304071784
88.550994256,0.188449516892433,-0.0171489305794239
88.560986211,0.186455339193344,-0.0171489119529724
88.570985262,0.18545825779438,-0.0195987615734339
88.580989515,0.183464080095291,-0.0195987615734339
88.590290236,0.182466983795166,-0.0220486111938953
88.600985244,0.180472820997238,-0.0269482918083668
88.610982385,0.179475724697113,-0.0293981414288282
88.620991324,0.178478643298149,-0.0318479910492897
88.630988323,0.179475724697113,-0.0293981414288282
88.640998094,0.178478643298149,-0.0318479910492897
88.650997065,0.177481561899185,-0.0293981600552797
88.660994361,0.175487384200096,-0.0293981600552797
88.670291133,0.175487384200096,-0.0293981600552797
88.680987607,0.174490302801132,-0.0318480096757412
88.690990808,0.172496125102043,-0.0318479910492897
88.700996135,0.172496125102043,-0.0318479910492897
88.710986138,0.171499043703079,-0.0293981414288282
88.720991006,0.171499043703079,-0.0293981414288282
88.730986546,0.169504851102829,-0.0293981414288282
88.740987799,0.168507784605026,-0.0269483104348183
88.75028895,0.168507784605026,-0.0269483104348183
88.760990286,0.169504851102829,-0.0293981414288282
88.770982361,0.168507784605026,-0.0269483104348183
88.780986362,0.168507784605026,-0.0269483104348183
88.790982232,0.16950486600399,-0.0244984608143568
88.800170022,0.16950486600399,-0.0244984608143568
88.810993379,0.169504851102829,-0.0195987801998854
88.820990666,0.169504851102829,-0.0195987801998854
88.830289317,0.170501947402954,-0.0171489305794239
88.840992438,0.171499043703079,-0.0146990800276399
88.850993754,0.172496125102043,-0.0122492304071784
88.860991582,0.172496125102043,-0.0122492304071784
88.870986459,0.172496125102043,-0.00734953070059419
88.880980623,0.175487384200096,-0.00489969924092293
88.8909832,0.17648446559906,-0.00244984962046146
88.90099038,0.177481561899185,0
88.910282594,0.179475739598274,0
88.92099003,0.179475724697113,0.00489968108013272
88.930990884,0.181469917297363,0.00489968108013272
88.940969994,0.182466998696327,0.00734953070059419
88.950992382,0.183464080095291,0.00489969924092293
88.960997688,0.18545825779438,0.00979939848184586
88.97099031,0.187452435493469,0.00979938078671694
88.980985072,0.187452435493469,0.00979938078671694
88.990286831,0.189446598291397,0.00979938078671694
89.000991288,0.190443694591522,0.0171489305794239
89.010981205,0.192437872290611,0.0122492304071784
89.020990755,0.1944320499897,0.0122492304071784
89.030986116,0.1944320499897,0.0171489119529724
89.040259624,0.197423309087753,0.0146990800276399
89.050987695,0.197423309087753,0.0195987615734339
89.060223837,0.198420405387878,0.0220486111938953
89.070283988,0.201411664485931,0.0195987801998854
89.080225415,0.200414568185806,0.0269483104348183
89.090222321,0.201411664485931,0.0293981414288282
89.100983291,0.205400004982948,0.0244984608143568
89.110236613,0.203405827283859,0.0342978425323963
89.120217316,0.207394182682037,0.0342978611588478
89.13021437,0.208391264081001,0.0367476902902126
89.140211494,0.207394182682037,0.0440972223877907
89.150238517,0.209388345479965,0.0440972410142422
89.160221806,0.21038544178009,0.0465470887720585
89.170235841,0.21038544178009,0.0514467693865299
89.180990397,0.213376700878143,0.0489969216287136
89.190220934,0.214373797178268,0.0563464686274529
89.200227872,0.213376700878143,0.058796301484108
89.210225918,0.215370878577232,0.0587963201105595
89.220234657,0.213376700878143,0.0636960044503212
89.23021999,0.215370893478394,0.0636960044503212
89.240988057,0.216367959976196,0.0661458298563957
89.250214205,0.217365056276321,0.0685956850647926
89.260214956,0.218362152576447,0.0710455328226089
89.270234894,0.217365056276321,0.0734953805804253
89.280212748,0.218362152576447,0.0759452283382416
89.290233103,0.218362152576447,0.0759452283382416
89.300988848,0.218362152576447,0.0808449313044548
89.31021472,0.21935923397541,0.0783950835466385
89.320214762,0.220356315374374,0.080844908952713
89.330211215,0.218362152576447,0.0808449313044548
89.34022576,0.218362152576447,0.0808449313044548
89.350214387,0.218362152576447,0.0808449313044548
89.360166267,0.218362152576447,0.0808449313044548
89.370227448,0.219359219074249,0.0832947641611099
89.380185815,0.217365056276321,0.0832947790622711
89.390205657,0.217365056276321,0.0783950835466385
89.400195318,0.217365056276321,0.0783950835466385
89.410191973,0.215370878577232,0.0832947790622711
89.42018666,0.215370878577232,0.0783950835466385
89.430192323,0.215370878577232,0.0783950835466385
89.440162719,0.214373797178268,0.0759452283382416
89.45016016,0.213376700878143,0.0783950835466385
89.460162734,0.214373797178268,0.0759452283382416
89.470154785,0.214373797178268,0.0710455328226089
89.480160999,0.214373797178268,0.0710455328226089
89.49015779,0.215370878577232,0.0734953805804253
89.500166131,0.214373797178268,0.0710455328226089
89.510185514,0.216367959976196,0.0661458298563957
89.520192515,0.217365056276321,0.0685956850647926
89.530185105,0.218362137675285,0.0661458522081375
89.540155352,0.220356315374374,0.0661458522081375
89.550182811,0.2213534116745,0.0636960044503212
89.560135895,0.2213534116745,0.0636960044503212
89.570171202,0.2213534116745,0.0636960044503212
89.580155617,0.224344670772552,0.0612461529672146
89.59016242,0.223347574472427,0.058796301484108
89.600184055,0.225341752171516,0.0587963201105595
89.610201414,0.22633883357048,0.0563464686274529
89.62018584,0.225341752171516,0.0538966208696365
89.630152342,0.22633883357048,0.0563464686274529
89.640186199,0.22633883357048,0.0514467693865299
89.650105904,0.22633883357048,0.0514467693865299
89.660153631,0.225341752171516,0.0489969216287136
89.670152364,0.225341752171516,0.0489969216287136
89.680159216,0.223347574472427,0.0489969216287136
89.690094614,0.224344670772552,0.046547070145607
89.700177967,0.223347574472427,0.0440972410142422
89.710111222,0.222350493073463,0.0465470887720585
89.720080188,0.222350493073463,0.0465470887720585
89.73009608,0.2213534116745,0.0440972410142422
89.740089242,0.2213534116745,0.0440972410142422
89.750080498,0.2213534116745,0.0440972410142422
89.760108787,0.2213534116745,0.0440972410142422
89.770096737,0.2213534116745,0.0440972410142422
89.780104426,0.2213534116745,0.0440972410142422
89.790103123,0.219359219074249,0.0440972410142422
89.800122825,0.218362137675285,0.0416473895311356
89.810092232,0.218362137675285,0.0416473895311356
89.820091695,0.218362137675285,0.0367476902902126
89.83012924,0.217365056276321,0.0342978611588478
89.84009923,0.215370878577232,0.0342978611588478
89.850107609,0.214373797178268,0.0367476902902126
89.860089978,0.213376700878143,0.0342978425323963
89.870090121,0.212379619479179,0.0318479910492897
89.88010698,0.21038544178009,0.0318479910492897
89.890093414,0.209388360381126,0.0293981600552797
89.900130005,0.209388360381126,0.0293981600552797
89.910086881,0.207394182682037,0.0293981600552797
89.92009579,0.206397086381912,0.0318480096757412
89.930089394,0.204402923583984,0.0318480096757412
89.940151038,0.204402923583984,0.0318480096757412
89.950092768,0.203405827283859,0.0293981600552797
89.960102541,0.203405827283859,0.0293981600552797
89.970099216,0.202408745884895,0.0318479910492897
89.980102391,0.201411664485931,0.0293981414288282
89.990033352,0.201411664485931,0.0342978425323963
90.000087694,0.201411664485931,0.0342978425323963
90.010062572,0.200414568185806,0.0367476902902126
90.020103829,0.199417471885681,0.0342978425323963
90.030080763,0.200414568185806,0.0367476902902126
90.040070156,0.199417471885681,0.0391975417733192
90.050075041,0.199417471885681,0.0391975417733192
90.060047797,0.198420390486717,0.0367476902902126
90.070077217,0.198420390486717,0.0367476902902126
90.080084239,0.198420390486717,0.0367476902902126
90.090092279,0.198420390486717,0.0367476902902126
90.100058887,0.198420390486717,0.0367476902902126
90.110048178,0.197423309087753,0.0342978611588478
90.120017955,0.197423309087753,0.0391975417733192
90.130051673,0.197423309087753,0.0342978611588478
90.140139083,0.197423309087753,0.0342978611588478
90.150028354,0.196426212787628,0.0318480096757412
90.160053587,0.196426212787628,0.0367477089166641
90.17003231,0.195429131388664,0.0342978611588478
90.180071474,0.195429131388664,0.0342978611588478
90.190029236,0.1944320499897,0.0318480096757412
90.20002993,0.192437872290611,0.0318479910492897
90.210072947,0.1944320499897,0.0318480096757412
90.220075728,0.193434953689575,0.0293981600552797
90.230048767,0.192437872290611,0.0318479910492897
90.240132059,0.191440790891647,0.0293981414288282
90.25002912,0.191440790891647,0.0293981414288282
90.260000987,0.189446613192558,0.0244984608143568
90.270001004,0.190443694591522,0.0269482918083668
90.279992438,0.190443694591522,0.0269482918083668
90.290052152,0.190443694591522,0.0269482918083668
90.300022725,0.190443694591522,0.0269482918083668
90.309995898,0.189446613192558,0.0244984608143568
90.319992463,0.190443694591522,0.0220486298203468
90.329995472,0.190443694591522,0.0220486298203468
90.339971858,0.190443694591522,0.0220486298203468
90.350004609,0.190443694591522,0.0220486298203468
90.359995302,0.19243785738945,0.0269483104348183
90.370004795,0.19243785738945,0.0220486111938953
90.380017759,0.19243785738945,0.0220486111938953
90.390002604,0.193434953689575,0.0195987615734339
90.400021115,0.1944320499897,0.0220486111938953
90.409990537,0.1944320499897,0.0220486111938953
90.41999036,0.1944320499897,0.0220486111938953
90.429989221,0.1944320499897,0.0220486111938953
90.439962513,0.195429131388664,0.0244984608143568
90.449990676,0.196426212787628,0.0220486111938953
90.460002958,0.196426212787628,0.0171489119529724
90.469997206,0.195429131388664,0.0195987615734339
90.480001503,0.195429131388664,0.0195987615734339
90.490002884,0.1944320499897,0.0220486111938953
90.499961149,0.195429131388664,0.0195987615734339
90.509998721,0.195429131388664,0.0195987615734339
90.519989941,0.195429131388664,0.0195987615734339
90.530001195,0.195429131388664,0.0195987615734339
90.539964174,0.1944320499897,0.0171489119529724
90.550003929,0.193434953689575,0.0195987615734339
90.559986844,0.193434953689575,0.0244984608143568
90.569992459,0.193434953689575,0.0244984608143568
90.579967721,0.193434953689575,0.0244984608143568
90.590011794,0.193434953689575,0.0244984608143568
90.599986478,0.191440775990486,0.0244984608143568
90.609999895,0.191440775990486,0.0244984608143568
90.619998613,0.191440790891647,0.0293981414288282
90.629996284,0.191440790891647,0.0293981414288282
90.639963147,0.191440790891647,0.0293981414288282
90.649986108,0.192437872290611,0.0318479910492897
90.660000292,0.191440790891647,0.0293981414288282
90.669988593,0.191440790891647,0.0293981414288282
90.679969761,0.193434953689575,0.0293981600552797
90.689999887,0.193434953689575,0.0293981600552797
90.699990093,0.195429131388664,0.0293981600552797
90.710001959,0.196426212787628,0.0269483104348183
90.719983256,0.196426212787628,0.0269483104348183
90.729994236,0.198420405387878,0.0269483104348183
90.739996416,0.199417486786842,0.0244984608143568
90.749990706,0.200414568185806,0.0220486298203468
90.759993124,0.201411664485931,0.0244984794408083
90.769993272,0.204402923583984,0.0220486111938953
90.779989666,0.204402923583984,0.0220486111938953
90.789991068,0.206397086381912,0.0220486111938953
90.799973721,0.206397086381912,0.0220486111938953
90.809992964,0.208391278982162,0.0220486111938953
90.819986714,0.209388345479965,0.0195987801998854
90.829988359,0.211382538080215,0.0195987801998854
90.839990442,0.213376700878143,0.0195987801998854
90.849984063,0.213376700878143,0.0195987801998854
90.859992177,0.215370893478394,0.0146990800276399
90.870012452,0.215370893478394,0.0146990800276399
90.880023851,0.215370893478394,0.0146990800276399
90.890019912,0.217365056276321,0.0146990614011884
90.900020062,0.218362137675285,0.0122492304071784
90.910014431,0.219359219074249,0.00979938078671694
90.920021608,0.220356315374374,0.00734953070059419
90.930023845,0.21935923397541,0.00489969924092293
90.940007123,0.21935923397541,0.00489969924092293
90.950021547,0.220356315374374,0.00244984962046146
90.959986661,0.220356315374374,0.00244984962046146
90.969993296,0.2213534116745,0
90.979987628,0.223347574472427,0
90.989994036,0.222350493073463,-0.00244983145967126
90.999982998,0.222350493073463,-0.00244983145967126
91.009989974,0.220356315374374,-0.00244984962046146
91.019976651,0.220356315374374,-0.00244984962046146
91.029995175,0.2213534116745,0
91.039985066,0.2213534116745,0
91.049994123,0.220356315374374,0.00244984962046146
91.059979501,0.2213534116745,0
91.070022423,0.21935923397541,0.00489969924092293
91.080015852,0.218362152576447,0.00244984962046146
91.090020131,0.217365056276321,0.00489969924092293
91.100020187,0.218362152576447,0.00244984962046146
91.110020359,0.21935923397541,0.00489969924092293
91.120018971,0.218362152576447,0.00734954932704568
91.129999658,0.217365056276321,0.00489969924092293
91.13997599,0.217365056276321,0.00489969924092293
91.150017226,0.218362152576447,0.00244984962046146
91.159979501,0.218362152576447,0.00734954932704568
91.170019019,0.21935923397541,0.00489969924092293
91.180016564,0.21935923397541,0.00489969924092293
91.190018091,0.220356315374374,0.00244984962046146
91.200006748,0.218362152576447,0.00244984962046146
91.210019601,0.217365056276321,0.00489969924092293
91.220004711,0.218362152576447,0.00244984962046146
91.230018256,0.217365056276321,0.00489969924092293
91.240024413,0.217365056276321,0.00489969924092293
91.249986898,0.217365056276321,0.00489969924092293
91.260013185,0.216367959976196,0.00244984962046146
91.269992164,0.215370878577232,0.00489969924092293
91.280022091,0.214373797178268,0.00734953070059419
91.289992425,0.214373797178268,0.00734953070059419
91.30000401,0.214373797178268,0.00734953070059419
91.309996882,0.215370878577232,0.00489969924092293
91.319987505,0.214373797178268,0.00734953070059419
91.329979798,0.215370878577232,0.00489969924092293
91.340002889,0.214373797178268,0.00734953070059419
91.349990163,0.214373797178268,0.00734953070059419
91.359992905,0.213376700878143,0.00489968108013272
91.370000352,0.213376700878143,0.00489968108013272
91.37998961,0.214373797178268,0.00244984962046146
91.389965926,0.213376700878143,0.00489968108013272
91.400000158,0.214373797178268,0.00734953070059419
91.409989827,0.212379619479179,0.00734953070059419
91.419992386,0.213376700878143,0.00489968108013272
91.429994351,0.212379619479179,0.00734953070059419
91.439997928,0.212379619479179,0.00734953070059419
91.449986604,0.212379619479179,0.00734953070059419
91.459988846,0.213376700878143,0.00979938078671694
91.469989736,0.213376700878143,0.00489968108013272
91.479983452,0.213376700878143,0.00489968108013272
91.489991829,0.213376700878143,0.00489968108013272
91.499989675,0.213376700878143,0.00489968108013272
91.509988798,0.215370878577232,0.00489969924092293
91.519989435,0.215370878577232,0.00489969924092293
91.529974503,0.216367959976196,0.00244984962046146
91.539985576,0.217365056276321,0
91.549994944,0.216367959976196,-0.00244984962046146
91.559988576,0.216367959976196,-0.00244984962046146
91.569981934,0.217365056276321,0
91.580005674,0.217365056276321,0
91.589983402,0.21935923397541,-0.00489969924092293
91.600002817,0.21935923397541,-0.00489969924092293
91.610003139,0.21935923397541,-0.00489969924092293
91.620001864,0.21935923397541,-0.00489969924092293
91.6300102,0.21935923397541,-0.00489969924092293
91.640013498,0.218362152576447,-0.00244984962046146
91.649987798,0.21935923397541,0
91.659999921,0.220356315374374,-0.00244984962046146
91.669989689,0.220356315374374,-0.00244984962046146
91.679969893,0.21935923397541,0
91.68998463,0.218362152576447,0.00244984962046146
91.699992306,0.217365056276321,0
91.70999074,0.217365056276321,0
91.719989117,0.217365056276321,0
91.729979526,0.218362152576447,-0.00244984962046146
91.739999812,0.21935923397541,-0.00489969924092293
91.749986821,0.21935923397541,-0.00489969924092293
91.759995016,0.218362152576447,-0.00244984962046146
91.769995996,0.216367959976196,-0.00244984962046146
91.779988524,0.218362152576447,-0.00734954932704568
91.78999021,0.218362152576447,-0.00734954932704568
91.799990529,0.21935923397541,-0.00489969924092293
91.809980396,0.21935923397541,-0.00489969924092293
91.819992548,0.21935923397541,-0.00489969924092293
91.829984425,0.218362152576447,-0.00244984962046146
91.839988475,0.218362152576447,-0.00244984962046146
91.8499794,0.218362152576447,-0.00244984962046146
91.859993335,0.218362152576447,-0.00244984962046146
91.870001212,0.220356315374374,-0.00244984962046146
91.880008362,0.218362152576447,-0.00244984962046146
91.890001164,0.217365056276321,0
91.900000382,0.217365056276321,0
91.910002424,0.216367959976196,0.00244984962046146
91.920004266,0.215370878577232,0
91.929989275,0.214373797178268,0.00244984962046146
91.940003072,0.213376700878143,0.00489968108013272
91.950009415,0.212379619479179,0.00244983145967126
91.959989613,0.211382538080215,0.00489968108013272
91.969991959,0.209388360381126,0.00489969924092293
91.979966764,0.208391278982162,0.00734954932704568
91.989988974,0.208391278982162,0.00244984962046146
91.999982164,0.207394182682037,0.00489969924092293
92.009998134,0.206397086381912,0.00244984962046146
92.019989778,0.205400004982948,0.00489969924092293
92.029999647,0.204402923583984,0.00244984962046146
92.039860976,0.203405827283859,0
92.049994656,0.202408730983734,0.00244984962046146
92.059991403,0.200414568185806,0.00244983145967126
92.07000367,0.200414568185806,0.00244983145967126
92.080004087,0.200414568185806,0.00244983145967126
92.089986759,0.199417471885681,0.00489968108013272
92.100016406,0.197423309087753,0
92.109970381,0.196426212787628,0.00244984962046146
92.120005274,0.195429131388664,0
92.129991085,0.195429131388664,0
92.139819146,0.1944320499897,0.00244984962046146
92.150003254,0.19243785738945,0.00244984962046146
92.15998534,0.19243785738945,-0.00244984962046146
92.169989199,0.191440775990486,0
92.179984322,0.189446613192558,0
92.189997572,0.187452435493469,0
92.199985256,0.187452435493469,0.00489969924092293
92.209993474,0.186455339193344,0.00244984962046146
92.219991126,0.186455339193344,0.00734954932704568
92.229987625,0.18545825779438,0.00489969924092293
92.23983403,0.184461176395416,0.00244984962046146
92.24998864,0.184461176395416,0.00244984962046146
92.259995229,0.18545825779438,0.00489969924092293
92.269997742,0.184461176395416,0.00244984962046146
92.279984684,0.184461176395416,0.00244984962046146
92.290004434,0.184461176395416,0.00244984962046146
92.300009144,0.18545825779438,0
92.3100038,0.18545825779438,0
92.32000726,0.184461176395416,-0.00244984962046146
92.330005538,0.183464080095291,0
92.339933177,0.18545825779438,0
92.349996663,0.18545825779438,0
92.360013647,0.183464080095291,0
92.36999601,0.183464080095291,0
92.379986104,0.183464080095291,0
92.389995042,0.183464080095291,0
92.399988484,0.183464080095291,0
92.409990725,0.183464080095291,0
92.419993178,0.183464080095291,0
92.429984913,0.183464080095291,0
92.43999358,0.182466983795166,0.00244984962046146
92.449985896,0.182466983795166,0.00244984962046146
92.459990783,0.184461176395416,0.00244984962046146
92.469989022,0.184461176395416,0.00244984962046146
92.479989342,0.18545825779438,0.00489969924092293
92.489978827,0.186455339193344,0.00244984962046146
92.499991565,0.186455339193344,0.00244984962046146
92.509994085,0.187452435493469,0.00489969924092293
92.519989052,0.189446598291397,0.00489968108013272
92.529995756,0.189446598291397,0.00489968108013272
92.53998536,0.190443694591522,0.00244983145967126
92.549991819,0.19243785738945,0.00244984962046146
92.559986836,0.190443694591522,0.00244983145967126
92.569996806,0.19243785738945,0.00244984962046146
92.579989868,0.19243785738945,0.00244984962046146
92.589992813,0.193434953689575,0.00489969924092293
92.599989069,0.193434953689575,0.00489969924092293
92.609998723,0.19243785738945,0.00244984962046146
92.619990222,0.191440790891647,0.00489968108013272
92.629989748,0.193434953689575,0.00489969924092293
92.63998913,0.193434953689575,0.00489969924092293
92.649995621,0.193434953689575,0.00489969924092293
92.659990453,0.1944320499897,0.00734954932704568
92.670000462,0.1944320499897,0.00734954932704568
92.680005783,0.1944320499897,0.00734954932704568
92.690000933,0.1944320499897,0.00734954932704568
92.700005876,0.193434953689575,0.00979938078671694
92.710007726,0.196426212787628,0.0122492304071784
92.720002517,0.197423309087753,0.00979938078671694
92.73000178,0.195429131388664,0.00979939848184586
92.739996582,0.196426212787628,0.0122492304071784
92.750024121,0.195429131388664,0.0146990614011884
92.759770284,0.196426212787628,0.0122492304071784
92.769987354,0.196426212787628,0.0122492304071784
92.779995649,0.196426212787628,0.0122492304071784
92.789987353,0.196426212787628,0.0122492304071784
92.799990032,0.197423309087753,0.00979938078671694
92.810004985,0.195429131388664,0.00979939848184586
92.819987654,0.195429131388664,0.00979939848184586
92.829983166,0.196426212787628,0.0122492304071784
92.839956273,0.195429131388664,0.00979939848184586
92.849996809,0.196426212787628,0.00734954932704568
92.859991973,0.196426212787628,0.00734954932704568
92.870000626,0.196426212787628,0.00734954932704568
92.880003816,0.196426212787628,0.00734954932704568
92.889991002,0.197423309087753,0.00979938078671694
92.899986291,0.197423309087753,0.00979938078671694
92.909993503,0.197423309087753,0.00979938078671694
92.919989456,0.197423309087753,0.00979938078671694
92.930006799,0.199417471885681,0.00979938078671694
92.939980323,0.199417471885681,0.00979938078671694
92.95002453,0.199417471885681,0.00979938078671694
92.959748986,0.200414568185806,0.0122492304071784
92.9699779,0.200414568185806,0.0122492304071784
92.979966396,0.201411664485931,0.00979938078671694
92.989986638,0.201411664485931,0.00979938078671694
92.999992138,0.201411664485931,0.00979938078671694
93.00998812,0.203405827283859,0.00979938078671694
93.0199643,0.203405827283859,0.00979938078671694
93.029996407,0.203405827283859,0.00979938078671694
93.04000059,0.203405827283859,0.00979938078671694
93.049990767,0.204402923583984,0.0122492304071784
93.059723557,0.204402923583984,0.0122492304071784
93.070005587,0.203405827283859,0.0146990800276399
93.080013394,0.203405827283859,0.0146990800276399
93.090004763,0.203405827283859,0.0146990800276399
93.100002526,0.205400019884109,0.0146990800276399
93.110016898,0.203405827283859,0.0146990800276399
93.120002559,0.204402923583984,0.0171489305794239
93.129984209,0.204402923583984,0.0171489305794239
93.140010099,0.205400004982948,0.0195987615734339
93.150012741,0.205400019884109,0.0146990800276399
93.159925679,0.205400019884109,0.0146990800276399
93.169989943,0.207394182682037,0.0146990800276399
93.179987316,0.208391264081001,0.0171489305794239
93.189985354,0.208391264081001,0.0171489305794239
93.199993768,0.207394182682037,0.0195987615734339
93.210018834,0.209388345479965,0.0195987801998854
93.220016285,0.209388345479965,0.0195987801998854
93.229990174,0.21038544178009,0.0171489305794239
93.240017176,0.21038544178009,0.0171489305794239
93.249981822,0.21038544178009,0.0171489305794239
93.260012656,0.21038544178009,0.0171489305794239
93.269988438,0.209388345479965,0.0195987801998854
93.279986175,0.21038544178009,0.0171489305794239
93.290027723,0.209388345479965,0.0195987801998854
93.29998898,0.209388345479965,0.0146990800276399
93.310014523,0.209388345479965,0.0146990800276399
93.319991895,0.209388345479965,0.0146990800276399
93.329992732,0.208391264081001,0.0171489305794239
93.33998996,0.208391264081001,0.0171489305794239
93.349985186,0.208391278982162,0.0220486111938953
93.359990362,0.207394182682037,0.0244984608143568
93.370008649,0.207394182682037,0.0195987615734339
93.379990652,0.206397086381912,0.0220486111938953
93.389987018,0.207394182682037,0.0195987615734339
93.399997824,0.207394182682037,0.0244984608143568
93.409993509,0.207394182682037,0.0244984608143568
93.419986891,0.207394182682037,0.0244984608143568
93.42998903,0.207394182682037,0.0244984608143568
93.43999771,0.207394182682037,0.0244984608143568
93.449971528,0.207394182682037,0.0244984608143568
93.459991027,0.208391278982162,0.0220486111938953
93.470003477,0.209388360381126,0.0244984608143568
93.479995997,0.207394182682037,0.0244984608143568
93.490016298,0.207394182682037,0.0244984608143568
93.500005288,0.207394182682037,0.0244984608143568
93.510005767,0.206397086381912,0.0269483104348183
93.520001978,0.206397086381912,0.0269483104348183
93.52998942,0.206397086381912,0.0269483104348183
93.540016408,0.205400004982948,0.0244984608143568
93.549999877,0.205400004982948,0.0244984608143568
93.560002685,0.205400004982948,0.0244984608143568
93.569989695,0.204402923583984,0.0220486111938953
93.579980962,0.205400004982948,0.0244984608143568
93.589969712,0.204402923583984,0.0220486111938953
93.599991435,0.202408745884895,0.0220486298203468
93.609986364,0.202408745884895,0.0171489305794239
93.619997292,0.200414568185806,0.0171489305794239
93.629982149,0.199417471885681,0.0146990800276399
93.640060939,0.198420390486717,0.0171489305794239
93.649978563,0.195429131388664,0.0146990614011884
93.659994316,0.193434953689575,0.0146990800276399
93.670008058,0.191440790891647,0.0146990800276399
93.679986393,0.190443694591522,0.0122492304071784
93.690005527,0.188449516892433,0.0122492304071784
93.699970802,0.187452435493469,0.00979938078671694
93.709984702,0.18545825779438,0.0146990614011884
93.720028146,0.184461176395416,0.0122492304071784
93.729978657,0.182466998696327,0.0122492304071784
93.740021517,0.180472820997238,0.0122492304071784
93.749984736,0.179475724697113,0.0146990800276399
93.760002769,0.178478643298149,0.0122492304071784
93.770036694,0.177481561899185,0.0146990800276399
93.780007085,0.175487384200096,0.0146990614011884
93.790003379,0.175487384200096,0.0146990614011884
93.800046915,0.173493206501007,0.0146990800276399
93.810013794,0.173493206501007,0.00979938078671694
93.819996698,0.172496125102043,0.0122492304071784
93.830025228,0.172496125102043,0.0122492304071784
93.840045112,0.172496125102043,0.0122492304071784
93.849992742,0.172496125102043,0.0122492304071784
93.860018326,0.171499043703079,0.0146990800276399
93.870044565,0.172496125102043,0.0122492304071784
93.880029175,0.172496125102043,0.0122492304071784
93.889977658,0.172496125102043,0.0171489305794239
93.899969601,0.172496125102043,0.0171489305794239
93.910029662,0.172496125102043,0.0171489305794239
93.919990277,0.173493206501007,0.0195987615734339
93.929977011,0.173493206501007,0.0195987615734339
93.940009447,0.173493206501007,0.0195987615734339
93.949984023,0.174490302801132,0.0171489119529724
93.960005913,0.174490302801132,0.0171489119529724
93.969979258,0.175487384200096,0.0195987615734339
93.980016829,0.17648446559906,0.0171489119529724
93.990045072,0.17648446559906,0.0122492304071784
93.999970601,0.178478643298149,0.0171489305794239
94.009988499,0.178478643298149,0.0171489305794239
94.020013229,0.177481561899185,0.0146990800276399
94.029971639,0.177481561899185,0.0146990800276399
94.040034269,0.179475724697113,0.0146990800276399
94.049967055,0.178478643298149,0.0171489305794239
94.060010388,0.180472820997238,0.0171489305794239
94.070017078,0.179475724697113,0.0146990800276399
94.080013867,0.178478643298149,0.0171489305794239
94.09001064,0.178478643298149,0.0171489305794239
94.100036949,0.178478643298149,0.0171489305794239
94.11001197,0.178478643298149,0.0171489305794239
94.119979174,0.178478643298149,0.0171489305794239
94.130005861,0.178478643298149,0.0171489305794239
94.139986956,0.17648446559906,0.0171489119529724
94.150007074,0.17648446559906,0.0171489119529724
94.159989278,0.175487384200096,0.0146990614011884
94.170021134,0.174490302801132,0.0171489119529724
94.179967787,0.174490302801132,0.0171489119529724
94.190021318,0.172496125102043,0.0171489305794239
94.199970896,0.172496125102043,0.0122492304071784
94.209985459,0.171499043703079,0.0146990800276399
94.220015263,0.170501947402954,0.0122492304071784
94.230030143,0.169504851102829,0.0146990800276399
94.239969538,0.169504851102829,0.00979938078671694
94.25001123,0.169504851102829,0.00979938078671694
94.26003555,0.168507769703865,0.0122492304071784
94.270003432,0.167510688304901,0.00979938078671694
94.279970945,0.167510688304901,0.00979938078671694
94.289969919,0.167510688304901,0.0146990800276399
94.300027844,0.166513592004776,0.0122492304071784
94.309998637,0.165516510605812,0.0146990614011884
94.320018326,0.167510688304901,0.0146990800276399
94.330043816,0.166513592004776,0.0122492304071784
94.340033021,0.166513592004776,0.0171489119529724
94.349976339,0.167510688304901,0.0146990800276399
94.360019438,0.165516510605812,0.0146990614011884
94.370017556,0.167510688304901,0.0146990800276399
94.380024356,0.168507769703865,0.0122492304071784
94.390009693,0.167510688304901,0.00979938078671694
94.400002424,0.167510688304901,0.0146990800276399
94.410020126,0.168507769703865,0.00734953070059419
94.420016175,0.167510688304901,0.00979938078671694
94.429951285,0.168507769703865,0.00734953070059419
94.44003667,0.168507769703865,0.00734953070059419
94.449997019,0.166513592004776,0.00734954932704568
94.460016812,0.169504851102829,0.00489968108013272
94.470010473,0.167510688304901,0.00489969924092293
94.480014013,0.167510688304901,0.00489969924092293
94.49004662,0.16950486600399,0
94.500021648,0.16950486600399,0
94.509943601,0.170501947402954,0.00244983145967126
94.519995668,0.170501947402954,-0.00244983145967126
94.530001265,0.170501947402954,0.00244983145967126
94.540021789,0.171499028801918,0
94.550004477,0.173493206501007,0
94.56002748,0.173493206501007,0
94.569977644,0.174490302801132,0.00244984962046146
94.58001919,0.173493206501007,0
94.589946264,0.174490302801132,0.00244984962046146
94.600010498,0.175487384200096,0
94.610027954,0.174490302801132,0.00244984962046146
94.620019226,0.175487384200096,0.00489969924092293
94.629980163,0.17648446559906,0.00244984962046146
94.639980031,0.177481561899185,0.00489969924092293
94.650021044,0.177481561899185,0.00489969924092293
94.659990481,0.177481561899185,0.00489969924092293
94.669959069,0.17847865819931,0.00244984962046146
94.680000815,0.180472820997238,0.00244983145967126
94.690021969,0.180472820997238,0.00244983145967126
94.69997206,0.181469917297363,0.00489968108013272
94.710023969,0.182466983795166,0.00244984962046146
94.719981245,0.183464080095291,0.00489969924092293
94.72998467,0.183464080095291,0.00489969924092293
94.740024496,0.183464080095291,0.00489969924092293
94.749908507,0.183464080095291,0.00489969924092293
94.760026315,0.184461176395416,0.00734954932704568
94.76997724,0.18545825779438,0.00489969924092293
94.780017936,0.18545825779438,0.00979939848184586
94.789964962,0.186455339193344,0.0122492304071784
94.799547335,0.187452435493469,0.00979938078671694
94.810017453,0.188449516892433,0.0122492304071784
94.819994799,0.189446598291397,0.00979938078671694
94.829909189,0.190443694591522,0.0122492304071784
94.840048923,0.191440790891647,0.00979938078671694
94.850021781,0.1944320499897,0.0122492304071784
94.860007839,0.1944320499897,0.0122492304071784
94.869989843,0.195429131388664,0.0146990614011884
94.880016944,0.197423309087753,0.0146990800276399
94.889990418,0.198420390486717,0.0122492304071784
94.899997267,0.198420390486717,0.0122492304071784
94.909936791,0.200414568185806,0.0122492304071784
94.919986629,0.200414568185806,0.0122492304071784
94.929993668,0.202408745884895,0.0122492304071784
94.940014421,0.203405827283859,0.00979938078671694
94.949984446,0.202408745884895,0.0122492304071784
94.959989683,0.204402923583984,0.00734954932704568
94.970015691,0.203405827283859,0.00979938078671694
94.979991866,0.204402923583984,0.00734954932704568
94.989857605,0.204402923583984,0.00734954932704568
95.000029068,0.204402923583984,0.00734954932704568
95.010002208,0.204402923583984,0.00244984962046146
95.020017909,0.204402923583984,0.00244984962046146
95.029998027,0.204402923583984,0.00244984962046146
95.039990059,0.204402923583984,0.00244984962046146
95.050015835,0.204402923583984,-0.00244984962046146
95.05999578,0.205400004982948,0
95.069886344,0.206397086381912,-0.00244984962046146
95.079990824,0.205400004982948,-0.00489969924092293
95.089984566,0.207394182682037,-0.00489969924092293
95.099987774,0.207394182682037,-0.00489969924092293
95.10998765,0.207394182682037,-0.00489969924092293
95.11999567,0.21038544178009,-0.00734953070059419
95.12998508,0.209388345479965,-0.00979938078671694
95.13999399,0.21038544178009,-0.00734953070059419
95.14985148,0.212379619479179,-0.00734953070059419
95.159580558,0.211382538080215,-0.00979938078671694
95.169986547,0.212379619479179,-0.0122492304071784
95.180019709,0.213376700878143,-0.00979938078671694
95.189987368,0.213376700878143,-0.0146990800276399
95.199988474,0.215370893478394,-0.0146990800276399
95.210007448,0.215370893478394,-0.0146990800276399
95.219996039,0.214373797178268,-0.0122492304071784
95.229851182,0.216367959976196,-0.0171489119529724
95.240018555,0.216367959976196,-0.0171489119529724
95.249987256,0.215370878577232,-0.0195987615734339
95.259534961,0.217365056276321,-0.0195987615734339
95.269997084,0.217365056276321,-0.0195987615734339
95.279991265,0.216367959976196,-0.0220486111938953
95.290015275,0.216367959976196,-0.0171489119529724
95.299989014,0.216367959976196,-0.0220486111938953
95.309845575,0.216367959976196,-0.0220486111938953
95.319989706,0.215370878577232,-0.0244984608143568
95.329995589,0.216367959976196,-0.0220486111938953
95.33998613,0.215370878577232,-0.0244984608143568
95.349990394,0.215370878577232,-0.0244984608143568
95.359539415,0.214373797178268,-0.0220486111938953
95.370013452,0.214373797178268,-0.0220486111938953
95.379982326,0.215370878577232,-0.0244984608143568
95.389851575,0.215370878577232,-0.0293981600552797
95.400018301,0.214373797178268,-0.0269483104348183
95.410019107,0.215370878577232,-0.0293981600552797
95.420018455,0.216367959976196,-0.0269483104348183
95.430032368,0.215370878577232,-0.0293981600552797
95.439991723,0.216367959976196,-0.0318480096757412
95.450024782,0.216367959976196,-0.0318480096757412
95.459752814,0.216367959976196,-0.0367477089166641
95.469602209,0.217365056276321,-0.0391975417733192
95.480028979,0.216367959976196,-0.0367477089166641
95.490045612,0.216367959976196,-0.0318480096757412
95.499987349,0.217365056276321,-0.0342978611588478
95.510019896,0.216367959976196,-0.0318480096757412
95.520021179,0.216367959976196,-0.0367477089166641
95.530024579,0.216367959976196,-0.0318480096757412
95.540021254,0.215370878577232,-0.0293981600552797
95.549609122,0.216367959976196,-0.0318480096757412
95.559971301,0.216367959976196,-0.0269483104348183
95.570020409,0.216367959976196,-0.0269483104348183
95.58003631,0.216367959976196,-0.0269483104348183
95.590067963,0.216367959976196,-0.0269483104348183
95.600010656,0.216367959976196,-0.0269483104348183
95.610035182,0.216367959976196,-0.0269483104348183
95.620010162,0.216367959976196,-0.0220486111938953
95.629847506,0.215370878577232,-0.0244984608143568
95.640040095,0.216367959976196,-0.0269483104348183
95.649516064,0.217365056276321,-0.0244984608143568
95.660029546,0.216367959976196,-0.0269483104348183
95.67002857,0.216367959976196,-0.0220486111938953
95.680014341,0.217365056276321,-0.0244984608143568
95.68996744,0.217365056276321,-0.0244984608143568
95.700017783,0.217365056276321,-0.0244984608143568
95.709575042,0.218362152576447,-0.0269483104348183
95.720015101,0.21935923397541,-0.0293981600552797
95.729990526,0.2213534116745,-0.0293981414288282
95.740021741,0.220356315374374,-0.0269483104348183
95.749520422,0.220356315374374,-0.0269483104348183
95.75999966,0.220356315374374,-0.0269483104348183
95.769990239,0.220356315374374,-0.0318479910492897
95.780016109,0.220356315374374,-0.0269483104348183
95.789576261,0.220356315374374,-0.0318479910492897
95.800002646,0.21935923397541,-0.0293981600552797
95.810043313,0.218362152576447,-0.0269483104348183
95.820026593,0.217365056276321,-0.0293981600552797
95.830027024,0.215370878577232,-0.0293981600552797
95.83998469,0.216367959976196,-0.0318480096757412
95.849713957,0.214373797178268,-0.0318480096757412
95.859986923,0.214373797178268,-0.0318480096757412
95.869575482,0.213376700878143,-0.0293981600552797
95.879984734,0.213376700878143,-0.0342978425323963
95.890036977,0.212379619479179,-0.0318479910492897
95.90000967,0.212379619479179,-0.0367476902902126
95.910022258,0.212379619479179,-0.0367476902902126
95.920037193,0.21038544178009,-0.0367476902902126
95.930018787,0.21038544178009,-0.0367476902902126
95.940048856,0.209388345479965,-0.0342978425323963
95.949567867,0.208391264081001,-0.0367476902902126
95.960005657,0.209388345479965,-0.0391975417733192
95.970021029,0.208391264081001,-0.0416473895311356
95.980025361,0.207394182682037,-0.0391975417733192
95.99000945,0.206397086381912,-0.0416473709046841
96.000018866,0.206397086381912,-0.0367477089166641
96.010011227,0.205400019884109,-0.0391975417733192
96.020013845,0.206397086381912,-0.0416473709046841
96.029555924,0.206397086381912,-0.0416473709046841
96.040037336,0.205400004982948,-0.0440972223877907
96.049988259,0.206397086381912,-0.0416473709046841
96.060050572,0.204402923583984,-0.0416473895311356
96.069988802,0.204402923583984,-0.0416473895311356
96.080027422,0.203405827283859,-0.0391975417733192
96.089985549,0.203405827283859,-0.0391975417733192
96.100007871,0.202408745884895,-0.0416473895311356
96.109552917,0.201411664485931,-0.0391975417733192
96.120022336,0.200414568185806,-0.0367476902902126
96.129989814,0.198420390486717,-0.0367476902902126
96.140017011,0.198420405387878,-0.0318480096757412
96.150005879,0.197423309087753,-0.0342978611588478
96.160007992,0.196426212787628,-0.0318480096757412
96.169998327,0.195429131388664,-0.0293981600552797
96.179987817,0.195429131388664,-0.0342978611588478
96.18953107,0.1944320499897,-0.0318480096757412
96.199977855,0.195429131388664,-0.0293981600552797
96.209965054,0.195429131388664,-0.0293981600552797
96.219969725,0.1944320499897,-0.0269483104348183
96.229995387,0.195429131388664,-0.0293981600552797
96.239997092,0.195429131388664,-0.0293981600552797
96.249979109,0.195429131388664,-0.0293981600552797
96.259992845,0.196426212787628,-0.0269483104348183
96.269532632,0.197423309087753,-0.0293981600552797
96.279994187,0.196426212787628,-0.0269483104348183
96.289990278,0.198420405387878,-0.0269483104348183
96.300016052,0.196426212787628,-0.0269483104348183
96.309997617,0.196426212787628,-0.0269483104348183
96.320019947,0.197423309087753,-0.0244984608143568
96.329997373,0.196426212787628,-0.0220486111938953
96.340017726,0.195429131388664,-0.0244984608143568
96.349526354,0.1944320499897,-0.0220486111938953
96.360003796,0.1944320499897,-0.0269483104348183
96.369999093,0.191440775990486,-0.0244984608143568
96.379984753,0.191440775990486,-0.0244984608143568
96.389985472,0.189446613192558,-0.0244984608143568
96.399976903,0.189446613192558,-0.0244984608143568
96.409992256,0.188449531793594,-0.0269483104348183
96.41998694,0.187452435493469,-0.0293981600552797
96.429530064,0.187452435493469,-0.0293981600552797
96.439988572,0.187452435493469,-0.0293981600552797
96.449973257,0.18545825779438,-0.0293981600552797
96.459994359,0.184461176395416,-0.0269483104348183
96.470008939,0.186455339193344,-0.0269483104348183
96.480000514,0.186455339193344,-0.0269483104348183
96.489984428,0.186455339193344,-0.0269483104348183
96.50001473,0.186455339193344,-0.0269483104348183
96.509524975,0.187452435493469,-0.0244984608143568
96.520000178,0.187452435493469,-0.0244984608143568
96.530003996,0.187452435493469,-0.0244984608143568
96.540003505,0.186455339193344,-0.0269483104348183
96.549974522,0.188449531793594,-0.0269483104348183
96.559960496,0.188449531793594,-0.0269483104348183
96.569990533,0.188449531793594,-0.0269483104348183
96.579990237,0.188449531793594,-0.0269483104348183
96.589525859,0.187452435493469,-0.0244984608143568
96.599990828,0.187452435493469,-0.0244984608143568
96.609993724,0.186455339193344,-0.0269483104348183
96.619991596,0.186455339193344,-0.0269483104348183
96.629987112,0.186455339193344,-0.0269483104348183
96.639992139,0.186455339193344,-0.0269483104348183
96.649961178,0.18545825779438,-0.0244984608143568
96.659956303,0.18545825779438,-0.0244984608143568
96.669525816,0.184461176395416,-0.0269483104348183
96.679986785,0.183464080095291,-0.0244984608143568
96.690009083,0.184461176395416,-0.0269483104348183
96.700002457,0.184461176395416,-0.0269483104348183
96.710006384,0.184461176395416,-0.0269483104348183
96.720007431,0.184461176395416,-0.0269483104348183
96.730000275,0.184461176395416,-0.0269483104348183
96.740000272,0.18545825779438,-0.0244984608143568
96.749524815,0.18545825779438,-0.0244984608143568
96.760008251,0.18545825779438,-0.0244984608143568
96.769993625,0.186455339193344,-0.0220486111938953
96.780011461,0.187452435493469,-0.0244984608143568
96.790000317,0.188449531793594,-0.0220486111938953
96.800038368,0.188449531793594,-0.0220486111938953
96.810009743,0.188449516892433,-0.0171489305794239
96.819986385,0.188449516892433,-0.0171489305794239
96.829519453,0.188449516892433,-0.0122492304071784
96.840003893,0.188449516892433,-0.0122492304071784
96.850007275,0.188449516892433,-0.0122492304071784
96.860005647,0.189446598291397,-0.00979938078671694
96.870000864,0.189446598291397,-0.00979938078671694
96.879991128,0.190443694591522,-0.00734953070059419
96.890005315,0.188449516892433,-0.00734953070059419
96.90001348,0.189446598291397,-0.00489968108013272
96.909518392,0.190443694591522,-0.00734953070059419
96.920000079,0.190443694591522,-0.00734953070059419
96.929949508,0.191440790891647,-0.00979938078671694
96.939975735,0.192437872290611,-0.00734953070059419
96.94993447,0.193434953689575,-0.00489969924092293
96.959972607,0.192437872290611,-0.00734953070059419
96.96997049,0.193434953689575,-0.00489969924092293
96.979933981,0.193434953689575,-0.00489969924092293
96.989516035,0.195429131388664,-0.00489969924092293
97.000000178,0.1944320499897,-0.00734954932704568
97.009972151,0.197423309087753,-0.00489969924092293
97.020012665,0.197423309087753,-0.00489969924092293
97.029957002,0.197423309087753,-0.00489969924092293
97.040000011,0.197423309087753,-0.00489969924092293
97.050007449,0.198420390486717,-0.00734953070059419
97.060006982,0.199417471885681,-0.00979938078671694
97.069515506,0.199417471885681,-0.00979938078671694
97.080010845,0.197423309087753,-0.00979938078671694
97.090002211,0.197423309087753,-0.00979938078671694
97.099950835,0.197423309087753,-0.00979938078671694
97.10999554,0.1944320499897,-0.00734954932704568
97.119957285,0.195429131388664,-0.00489969924092293
97.130005418,0.1944320499897,-0.00734954932704568
97.139989222,0.193434953689575,-0.00979938078671694
97.149511665,0.193434953689575,-0.00979938078671694
97.160002696,0.191440790891647,-0.00489968108013272
97.170002502,0.191440790891647,-0.00979938078671694
97.17999033,0.192437872290611,-0.00734953070059419
97.189983736,0.191440790891647,-0.00979938078671694
97.200001995,0.192437872290611,-0.00734953070059419
97.209994148,0.191440790891647,-0.00979938078671694
97.219955187,0.191440790891647,-0.00979938078671694
97.229511961,0.191440790891647,-0.00979938078671694
97.239995697,0.191440790891647,-0.00979938078671694
97.249985072,0.191440790891647,-0.00979938078671694
97.260007839,0.191440790891647,-0.00979938078671694
97.270009128,0.191440790891647,-0.00489968108013272
97.280002667,0.190443694591522,-0.00734953070059419
97.290002152,0.190443694591522,-0.00734953070059419
97.299984253,0.188449516892433,-0.00734953070059419
97.309509659,0.190443694591522,-0.00734953070059419
97.320007258,0.188449516892433,-0.00734953070059419
97.330002803,0.188449516892433,-0.00734953070059419
97.339990201,0.187452435493469,-0.00489969924092293
97.34995784,0.186455339193344,-0.00734954932704568
97.360002712,0.186455339193344,-0.00734954932704568
97.370008279,0.186455339193344,-0.00734954932704568
97.380008885,0.187452435493469,-0.00979938078671694
97.389507755,0.187452435493469,-0.00489969924092293
97.400020953,0.188449516892433,-0.00734953070059419
97.410003259,0.187452435493469,-0.00979938078671694
97.420057181,0.188449516892433,-0.00734953070059419
97.429998178,0.188449516892433,-0.00734953070059419
97.440001297,0.190443694591522,-0.00734953070059419
97.449983841,0.190443694591522,-0.00734953070059419
97.460000849,0.191440790891647,-0.00489968108013272
97.469529381,0.190443694591522,-0.00734953070059419
97.479999469,0.191440790891647,-0.00489968108013272
97.489994416,0.191440790891647,-0.00489968108013272
97.500012658,0.191440790891647,-0.00489968108013272
97.510008542,0.19243785738945,-0.00244984962046146
97.52002138,0.191440790891647,-0.00489968108013272
97.529996159,0.191440775990486,0
97.540003382,0.190443694591522,-0.00244983145967126
97.549523931,0.189446613192558,0
97.560034516,0.189446598291397,-0.00489968108013272
97.570000926,0.188449531793594,0.00244984962046146
97.579995684,0.186455339193344,0.00244984962046146
97.590004913,0.186455339193344,-0.00244984962046146
97.600010547,0.18545825779438,0
97.609320764,0.183464080095291,0
97.619983396,0.183464080095291,0
97.629523881,0.181469917297363,-0.00489968108013272
97.640029541,0.180472820997238,-0.00244983145967126
97.649976466,0.179475739598274,0
97.660022611,0.17847865819931,0.00244984962046146
97.670014181,0.178478643298149,-0.00734953070059419
97.679992128,0.177481561899185,-0.00489969924092293
97.689998847,0.177481561899185,0
97.699998605,0.17847865819931,-0.00244984962046146
97.709522726,0.17847865819931,-0.00244984962046146
97.72001565,0.17847865819931,-0.00244984962046146
97.729982687,0.179475739598274,0
97.740040857,0.179475739598274,0
97.75001639,0.182466983795166,-0.00244984962046146
97.760006624,0.182466983795166,-0.00244984962046146
97.770018646,0.182466983795166,0.00244984962046146
97.780032762,0.184461176395416,-0.00244984962046146
97.789520054,0.184461176395416,-0.00734954932704568
97.800008086,0.184461176395416,-0.00244984962046146
97.809995497,0.184461176395416,-0.00244984962046146
97.820026372,0.184461176395416,-0.00244984962046146
97.830021576,0.184461176395416,-0.00244984962046146
97.840003946,0.184461176395416,-0.00244984962046146
97.849982929,0.182466983795166,-0.00244984962046146
97.860015505,0.182466983795166,-0.00244984962046146
97.869511861,0.183464080095291,-0.00489969924092293
97.88001182,0.182466983795166,-0.00244984962046146
97.889974911,0.180472820997238,-0.00244983145967126
97.899979829,0.17847865819931,-0.00244984962046146
97.909977849,0.178478643298149,-0.00734953070059419
97.919987195,0.178478643298149,-0.00734953070059419
97.93001956,0.178478643298149,-0.00734953070059419
97.939986014,0.177481561899185,-0.00979938078671694
97.949514404,0.177481561899185,-0.00979938078671694
97.960000883,0.177481561899185,-0.00979938078671694
97.970026265,0.175487384200096,-0.00979939848184586
97.979999035,0.175487384200096,-0.00979939848184586
97.990000468,0.17648446559906,-0.00734954932704568
98.000006913,0.177481561899185,-0.00979938078671694
98.010005042,0.17648446559906,-0.00734954932704568
98.019993057,0.17648446559906,-0.00734954932704568
98.02951152,0.175487384200096,-0.00979939848184586
98.040012354,0.17648446559906,-0.00734954932704568
98.049989776,0.175487384200096,-0.00979939848184586
98.059991998,0.175487384200096,-0.00979939848184586
98.070000027,0.175487384200096,-0.00979939848184586
98.080000856,0.174490302801132,-0.00734954932704568
98.089981798,0.173493206501007,-0.00979938078671694
98.099993205,0.172496125102043,-0.0122492304071784
98.10950817,0.171499043703079,-0.00979938078671694
98.120021619,0.170501947402954,-0.0122492304071784
98.130001437,0.169504851102829,-0.00979938078671694
98.140024533,0.166513592004776,-0.0122492304071784
98.149342803,0.166513592004776,-0.0122492304071784
98.160022152,0.164519429206848,-0.0122492304071784
98.170022416,0.162525251507759,-0.0122492304071784
98.179985372,0.161528170108795,-0.0146990800276399
98.18950803,0.16053107380867,-0.0171489305794239
98.200010504,0.158536896109581,-0.0171489305794239
98.209998657,0.159533977508545,-0.0195987801998854
98.219991329,0.157539814710617,-0.0195987801998854
98.230013645,0.158536896109581,-0.0220486298203468
98.240009056,0.158536896109581,-0.0220486298203468
98.24927442,0.157539814710617,-0.0195987801998854
98.260007334,0.157539814710617,-0.0195987801998854
98.269507289,0.158536896109581,-0.0171489305794239
98.28000866,0.159533977508545,-0.0195987801998854
98.290019253,0.16053107380867,-0.0171489305794239
98.299990606,0.162525251507759,-0.0171489305794239
98.309998344,0.161528170108795,-0.0146990800276399
98.319995852,0.163522332906723,-0.00979938078671694
98.330002138,0.163522332906723,-0.00979938078671694
98.340024511,0.166513592004776,-0.00734954932704568
98.349269119,0.166513592004776,-0.00734954932704568
98.360002226,0.166513592004776,-0.00734954932704568
98.370000071,0.168507769703865,-0.00734953070059419
98.380000197,0.167510688304901,-0.00489969924092293
98.389356716,0.166513592004776,-0.00244984962046146
98.399992401,0.167510688304901,0
98.410001057,0.167510688304901,0
98.419992036,0.167510688304901,0
98.429505366,0.166513592004776,0.00244984962046146
98.440013736,0.165516510605812,0.00489969924092293
98.449237633,0.166513592004776,0.00244984962046146
98.460031809,0.167510688304901,0.00489969924092293
98.470009918,0.165516510605812,0.00489969924092293
98.479988344,0.167510688304901,0.00489969924092293
98.48999685,0.167510688304901,0.00489969924092293
98.499990895,0.166513592004776,0.00734954932704568
98.50950287,0.167510688304901,0.00489969924092293
98.520004074,0.167510688304901,0.00489969924092293
98.530000097,0.167510688304901,0.00489969924092293
98.539991161,0.168507784605026,0.00244984962046146
98.549236102,0.167510688304901,0.00489969924092293
98.559980659,0.168507784605026,0.00244984962046146
98.570015923,0.16950486600399,0
98.580045,0.168507784605026,0.00244984962046146
98.589502837,0.170501947402954,0.00244983145967126
98.599968377,0.170501947402954,-0.00244983145967126
98.610027139,0.170501947402954,0.00244983145967126
98.620000972,0.171499028801918,0
98.629997453,0.171499028801918,0
98.640059261,0.171499028801918,0
98.649229108,0.172496110200882,0.00244984962046146
98.660015311,0.172496110200882,0.00244984962046146
98.669498436,0.172496110200882,0.00244984962046146
98.680002021,0.172496110200882,0.00244984962046146
98.689846889,0.171499028801918,0
98.700018745,0.171499043703079,0.00489968108013272
98.710001164,0.171499028801918,0
98.719279123,0.171499028801918,0
98.730009194,0.171499028801918,0
98.739987959,0.171499028801918,0
98.749228938,0.172496110200882,-0.00244984962046146
98.75997087,0.171499043703079,-0.00489968108013272
98.769990677,0.172496110200882,-0.00244984962046146
98.780021815,0.172496110200882,-0.00244984962046146
98.789263767,0.173493206501007,0
98.799268951,0.174490302801132,-0.00244984962046146
98.809259939,0.175487384200096,0
98.819260609,0.175487384200096,0
98.829258524,0.17648446559906,0.00244984962046146
98.839263101,0.175487384200096,0
98.849683294,0.175487384200096,0
98.859258335,0.175487384200096,0.00489969924092293
98.869256316,0.173493206501007,0.00489969924092293
98.879996507,0.174490302801132,0.00244984962046146
98.88926281,0.172496110200882,0.00244984962046146
98.899257887,0.172496110200882,0.00244984962046146
98.909249613,0.170501947402954,0.00244983145967126
98.919993346,0.168507784605026,0.00244984962046146
98.929260603,0.168507784605026,0.00244984962046146
98.939263745,0.167510688304901,0.00489969924092293
98.949262024,0.165516510605812,0.00489969924092293
98.959261473,0.164519429206848,0.00244984962046146
98.969255433,0.164519429206848,0.00244984962046146
98.979265545,0.162525236606598,0.00244984962046146
98.989162928,0.162525236606598,0.00244984962046146
98.999254483,0.159533992409706,0
99.010027703,0.159533992409706,0
99.019997256,0.159533992409706,0
99.029247685,0.158536911010742,-0.00244984962046146
99.03925683,0.158536911010742,-0.00244984962046146
99.049251232,0.158536911010742,-0.00244984962046146
99.059246763,0.158536911010742,-0.00244984962046146
99.06924553,0.158536911010742,-0.00244984962046146
99.079267137,0.158536911010742,-0.00244984962046146
99.08924943,0.159533977508545,-0.00489968108013272
99.099993247,0.16053107380867,-0.00244983145967126
99.109205244,0.16053107380867,-0.00244983145967126
99.119231831,0.161528155207634,0
99.129258455,0.161528155207634,0
99.139229909,0.161528155207634,0
99.149225232,0.161528155207634,0
99.159233746,0.162525236606598,0.00244984962046146
99.169228068,0.162525236606598,0.00244984962046146
99.179232855,0.162525236606598,0.00244984962046146
99.189225132,0.161528170108795,0.00489968108013272
99.199233868,0.163522332906723,0.00489969924092293
99.209234007,0.163522332906723,0.00489969924092293
99.219197664,0.161528170108795,0.00489968108013272
99.229225077,0.162525251507759,0.00734953070059419
99.23922544,0.162525251507759,0.00734953070059419
99.249228279,0.162525251507759,0.00734953070059419
99.259225618,0.161528170108795,0.00489968108013272
99.269227092,0.161528170108795,0.00489968108013272
99.279232122,0.162525251507759,0.00734953070059419
99.289222515,0.162525251507759,0.00734953070059419
99.299216879,0.16053107380867,0.00734953070059419
99.309222426,0.159533977508545,0.00979938078671694
99.319219194,0.161528170108795,0.00979938078671694
99.329233721,0.16053107380867,0.00734953070059419
99.339216819,0.16053107380867,0.00734953070059419
99.34922441,0.159533977508545,0.00979938078671694
99.359243308,0.159533977508545,0.00979938078671694
99.369220294,0.159533977508545,0.00979938078671694
99.379169837,0.158536896109581,0.0122492304071784
99.389218222,0.158536896109581,0.0122492304071784
99.399122539,0.158536896109581,0.0122492304071784
99.409213962,0.158536896109581,0.0122492304071784
99.419224133,0.157539814710617,0.00979938078671694
99.42922129,0.156542718410492,0.0122492304071784
99.439182156,0.157539814710617,0.00979938078671694
99.449166093,0.156542718410492,0.00734954932704568
99.45916856,0.155545637011528,0.00979939848184586
99.469195612,0.154548555612564,0.0122492490336299
99.479113547,0.153551459312439,0.00489969924092293
99.489162817,0.152554363012314,0.00734954932704568
99.499213898,0.151557296514511,0.00979938078671694
99.509158573,0.15155728161335,0.00489969924092293
99.519201551,0.149563103914261,0.00489968108013272
99.529163214,0.149563103914261,0.00489968108013272
99.539165895,0.146571844816208,0.00734953070059419
99.549167022,0.147568941116333,0.00979938078671694
99.559133649,0.147568941116333,0.00489968108013272
99.569158814,0.146571844816208,0.00244984962046146
99.579165222,0.147568941116333,0.00489968108013272
99.589162384,0.146571844816208,0.00244984962046146
99.599156339,0.146571844816208,0.00244984962046146
99.609162715,0.147568941116333,0.00489968108013272
99.6191652,0.147568941116333,0.00489968108013272
99.629157719,0.148566022515297,0.00244983145967126
99.639160065,0.150560200214386,0.00244984962046146
99.649131997,0.150560200214386,0.00244984962046146
99.659185845,0.15155728161335,0.00489969924092293
99.669159994,0.153551459312439,0.00489969924092293
99.679116517,0.153551459312439,0.00489969924092293
99.689163901,0.155545637011528,0.00489969924092293
99.69916221,0.155545637011528,0.00489969924092293
99.709146508,0.155545637011528,0.00489969924092293
99.719182932,0.157539814710617,0.00979938078671694
99.729159098,0.157539814710617,0.00979938078671694
99.739160317,0.157539814710617,0.00979938078671694
99.749125121,0.158536896109581,0.0122492304071784
99.759096889,0.158536896109581,0.0122492304071784
99.769152439,0.158536896109581,0.0122492304071784
99.779111023,0.159533977508545,0.0146990800276399
99.789113418,0.159533977508545,0.0146990800276399
99.799117665,0.161528170108795,0.0146990800276399
99.80910512,0.161528170108795,0.0146990800276399
99.819136476,0.161528170108795,0.0146990800276399
99.829150952,0.161528170108795,0.0146990800276399
99.839105243,0.162525251507759,0.0171489305794239
99.849091005,0.162525251507759,0.0122492304071784
99.85907399,0.163522332906723,0.0146990800276399
99.869117779,0.163522332906723,0.0146990800276399
99.879062025,0.163522332906723,0.0146990800276399
99.889083937,0.164519429206848,0.0171489119529724
99.899086839,0.163522332906723,0.0146990800276399
99.909083755,0.164519429206848,0.0171489119529724
99.919090318,0.165516510605812,0.0146990614011884
99.929087844,0.167510688304901,0.0146990800276399
99.939087578,0.167510688304901,0.0146990800276399
99.949093158,0.168507769703865,0.0171489305794239
99.959083083,0.170501947402954,0.0171489305794239
99.96908626,0.172496125102043,0.0171489305794239
99.979113349,0.172496110200882,0.0220486111938953
99.989104878,0.174490302801132,0.0220486111938953
99.999071189,0.17847865819931,0.0220486111938953
100.009107382,0.180472820997238,0.0220486298203468
100.019085233,0.181469902396202,0.0244984608143568
100.029157654,0.183464080095291,0.0244984608143568
100.039078603,0.186455339193344,0.0220486111938953
100.049130261,0.188449531793594,0.0220486111938953
100.059063958,0.189446613192558,0.0244984608143568
100.069069707,0.189446598291397,0.0293981414288282
100.07901481,0.191440775990486,0.0244984608143568
100.089070438,0.191440775990486,0.0244984608143568
100.09901849,0.190443694591522,0.0269482918083668
100.109080735,0.190443694591522,0.0269482918083668
100.119022019,0.19243785738945,0.0269483104348183
100.130024004,0.190443694591522,0.0318479910492897
100.139008559,0.189446598291397,0.0342978425323963
100.149034163,0.189446598291397,0.0342978425323963
100.159036748,0.188449516892433,0.0318479910492897
100.169053895,0.189446598291397,0.0293981414288282
100.179010044,0.189446598291397,0.0293981414288282
100.189012123,0.190443694591522,0.0269482918083668
100.199032717,0.191440775990486,0.0244984608143568
100.209032014,0.191440775990486,0.0244984608143568
100.21900437,0.19243785738945,0.0220486111938953
100.228985818,0.193434953689575,0.0195987615734339
100.238986247,0.193434953689575,0.0195987615734339
100.249126373,0.1944320499897,0.0171489119529724
100.259034239,0.195429131388664,0.0146990614011884
100.269031517,0.195429131388664,0.0146990614011884
100.27903021,0.196426212787628,0.0122492304071784
100.288993403,0.195429131388664,0.0146990614011884
100.298994639,0.1944320499897,0.0171489119529724
100.309002053,0.1944320499897,0.0171489119529724
100.318997032,0.192437872290611,0.0171489305794239
100.328993407,0.190443694591522,0.0171489305794239
100.338995941,0.190443694591522,0.0171489305794239
100.349054306,0.189446598291397,0.0195987801998854
100.359023354,0.187452435493469,0.0195987615734339
100.369014309,0.187452435493469,0.0195987615734339
100.378985404,0.184461176395416,0.0220486111938953
100.389030778,0.184461176395416,0.0220486111938953
100.39904049,0.183464080095291,0.0195987615734339
100.408999076,0.181469917297363,0.0195987801998854
100.41899856,0.181469917297363,0.0195987801998854
100.42898201,0.181469917297363,0.0195987801998854
100.438990801,0.180472820997238,0.0171489305794239
100.449027502,0.179475724697113,0.0146990800276399
100.458989416,0.179475724697113,0.0195987801998854
100.468984761,0.178478643298149,0.0171489305794239
100.478998018,0.178478643298149,0.0171489305794239
100.489022023,0.177481561899185,0.0146990800276399
100.499018324,0.17648446559906,0.0171489119529724
100.509010992,0.17648446559906,0.0171489119529724
100.519047654,0.175487384200096,0.0146990614011884
100.529024973,0.175487384200096,0.0146990614011884
100.539025652,0.175487384200096,0.0146990614011884
100.549021309,0.174490302801132,0.0171489119529724
100.559021141,0.175487384200096,0.0146990614011884
100.569018303,0.174490302801132,0.0171489119529724
100.579017619,0.175487384200096,0.0146990614011884
100.589017743,0.174490302801132,0.0171489119529724
100.599027,0.174490302801132,0.0171489119529724
100.609008124,0.173493206501007,0.0146990800276399
100.619022284,0.172496125102043,0.0171489305794239
100.629019004,0.172496125102043,0.0171489305794239
100.639026387,0.172496125102043,0.0171489305794239
100.648996297,0.172496125102043,0.0171489305794239
100.659027432,0.170501947402954,0.0171489305794239
100.668997859,0.170501947402954,0.0171489305794239
100.679012107,0.170501947402954,0.0171489305794239
100.689011998,0.170501947402954,0.0171489305794239
100.699026942,0.171499043703079,0.0146990800276399
100.709017757,0.172496125102043,0.0171489305794239
100.719024487,0.173493206501007,0.0146990800276399
100.729019219,0.173493206501007,0.0146990800276399
100.739015506,0.173493206501007,0.0146990800276399
100.749017724,0.173493206501007,0.0146990800276399
100.759007774,0.174490302801132,0.0122492304071784
100.769013589,0.174490302801132,0.0122492304071784
100.779015404,0.174490302801132,0.0122492304071784
100.789020191,0.175487384200096,0.00979939848184586
100.799021467,0.175487384200096,0.0146990614011884
100.809055578,0.17648446559906,0.0122492304071784
100.819023467,0.175487384200096,0.0146990614011884
100.829017997,0.175487384200096,0.0146990614011884
100.839018916,0.175487384200096,0.0146990614011884
100.848975812,0.175487384200096,0.0146990614011884
100.859020966,0.17648446559906,0.0171489119529724
100.869014536,0.17648446559906,0.0171489119529724
100.87901313,0.177481561899185,0.0195987615734339
100.889014558,0.177481561899185,0.0195987615734339
100.899011172,0.17648446559906,0.0171489119529724
100.909015937,0.17648446559906,0.0171489119529724
100.919021118,0.17648446559906,0.0171489119529724
100.929011856,0.177481561899185,0.0146990800276399
100.939019314,0.177481561899185,0.0195987615734339
100.94899518,0.178478643298149,0.0171489305794239
100.959025521,0.17648446559906,0.0171489119529724
100.969022466,0.177481561899185,0.0146990800276399
100.979005732,0.175487384200096,0.0146990614011884
100.989020412,0.175487384200096,0.0146990614011884
100.999016181,0.175487384200096,0.0146990614011884
101.009018066,0.175487384200096,0.0146990614011884
101.019026935,0.175487384200096,0.0146990614011884
101.029026824,0.174490302801132,0.0171489119529724
101.039037103,0.175487384200096,0.0146990614011884
101.048985245,0.175487384200096,0.0146990614011884
101.059020964,0.175487384200096,0.0146990614011884
101.069024324,0.175487384200096,0.0146990614011884
101.079018106,0.175487384200096,0.00979939848184586
101.08901573,0.174490302801132,0.0122492304071784
101.099028993,0.174490302801132,0.0122492304071784
101.109015794,0.174490302801132,0.0122492304071784
101.119021656,0.173493206501007,0.00979938078671694
101.12902293,0.173493206501007,0.00979938078671694
101.139011664,0.171499043703079,0.00979938078671694
101.148992352,0.169504851102829,0.00979938078671694
101.159015544,0.168507769703865,0.00734953070059419
101.16898962,0.168507769703865,0.00734953070059419
101.179020148,0.166513592004776,0.0122492304071784
101.189024462,0.165516510605812,0.00979939848184586
101.199035733,0.165516510605812,0.00489969924092293
101.208983415,0.162525251507759,0.00734953070059419
101.219017059,0.163522332906723,0.00489969924092293
101.229019262,0.162525236606598,0.00244984962046146
101.239014011,0.161528155207634,0
101.248960469,0.161528155207634,0
101.259013932,0.161528155207634,0
101.268968078,0.157539814710617,0
101.279015207,0.158536911010742,-0.00244984962046146
101.289015016,0.158536911010742,-0.00244984962046146
101.299018795,0.157539814710617,0
101.308970416,0.158536911010742,-0.00244984962046146
101.319014983,0.157539814710617,0
101.328995773,0.156542718410492,-0.00244984962046146
101.338967112,0.156542718410492,-0.00244984962046146
101.349002448,0.156542718410492,-0.00244984962046146
101.35901678,0.156542718410492,-0.00244984962046146
101.369000037,0.158536911010742,-0.00244984962046146
101.379022765,0.158536911010742,-0.00244984962046146
101.389011151,0.158536911010742,-0.00244984962046146
101.398969572,0.158536911010742,-0.00244984962046146
101.408968704,0.158536911010742,-0.00244984962046146
101.418977439,0.158536911010742,-0.00244984962046146
101.429010644,0.159533992409706,0
101.439011796,0.159533992409706,0
101.449013191,0.159533992409706,0
101.459018208,0.16053107380867,0.00244983145967126
101.469013759,0.16053107380867,0.00244983145967126
101.479013062,0.16053107380867,0.00244983145967126
101.489013287,0.16053107380867,0.00244983145967126
101.49901809,0.159533977508545,0.00489968108013272
101.5090066,0.159533977508545,0.00489968108013272
101.519027808,0.16053107380867,0.00244983145967126
101.52900115,0.16053107380867,0.00734953070059419
101.539013564,0.161528170108795,0.00489968108013272
101.549025675,0.16053107380867,0.00734953070059419
101.559048264,0.159533977508545,0.00489968108013272
101.569026192,0.159533977508545,0.00489968108013272
101.579014158,0.159533977508545,0.00489968108013272
101.589021892,0.159533977508545,0.00489968108013272
101.59902504,0.161528170108795,0.00489968108013272
101.609012402,0.16053107380867,0.00734953070059419
101.619011044,0.16053107380867,0.00734953070059419
101.629019543,0.16053107380867,0.00244983145967126
101.639031789,0.159533977508545,0.00489968108013272
101.649019349,0.161528170108795,0.00489968108013272
101.658982162,0.16053107380867,0.00734953070059419
101.669029476,0.16053107380867,0.00734953070059419
101.678986705,0.16053107380867,0.00734953070059419
101.688985414,0.16053107380867,0.00734953070059419
101.698987331,0.159533977508545,0.00979938078671694
101.70899876,0.161528170108795,0.00489968108013272
101.718985582,0.161528170108795,0.00979938078671694
101.728988265,0.161528170108795,0.00979938078671694
101.738989482,0.16053107380867,0.0122492304071784
101.748985623,0.16053107380867,0.0122492304071784
101.758987213,0.161528170108795,0.00979938078671694
101.76898548,0.161528170108795,0.00979938078671694
101.778991303,0.161528170108795,0.00979938078671694
101.788989731,0.161528170108795,0.0146990800276399
101.798999251,0.161528170108795,0.00979938078671694
101.808986747,0.161528170108795,0.0146990800276399
101.818984297,0.16053107380867,0.0122492304071784
101.828980732,0.16053107380867,0.0122492304071784
101.838984372,0.161528170108795,0.00979938078671694
101.848978884,0.16053107380867,0.00734953070059419
101.858975583,0.16053107380867,0.00734953070059419
101.868987023,0.16053107380867,0.00734953070059419
101.878986387,0.16053107380867,0.00734953070059419
101.888986304,0.16053107380867,0.00244983145967126
101.89898721,0.16053107380867,0.00244983145967126
101.908981839,0.159533992409706,0
101.918979872,0.159533992409706,0
101.928980858,0.159533992409706,0
101.938976627,0.158536911010742,0.00244984962046146
101.948987132,0.158536911010742,0.00244984962046146
101.958985543,0.159533992409706,0
101.968984556,0.158536911010742,0.00244984962046146
101.978989426,0.158536911010742,0.00244984962046146
101.988990609,0.157539814710617,0.00489969924092293
101.998984527,0.158536911010742,0.00244984962046146
102.008986595,0.157539814710617,0.00489969924092293
102.01898453,0.157539814710617,0.00489969924092293
102.028983912,0.156542718410492,0.00734954932704568
102.038987278,0.157539814710617,0.00489969924092293
102.048987046,0.157539814710617,0.00489969924092293
102.058982567,0.155545637011528,0.00979939848184586
102.068994158,0.156542718410492,0.00734954932704568
102.07900893,0.156542718410492,0.00734954932704568
102.088993468,0.156542718410492,0.00734954932704568
102.098985357,0.154548555612564,0.00734954932704568
102.1089847,0.155545637011528,0.00489969924092293
102.11898722,0.155545637011528,0.00489969924092293
102.128807607,0.155545637011528,0.00489969924092293
102.138980251,0.154548555612564,0.00734954932704568
102.148979709,0.154548555612564,0.00734954932704568
102.158972257,0.154548555612564,0.00734954932704568
102.168981959,0.153551459312439,0.00489969924092293
102.178982017,0.152554363012314,0.00734954932704568
102.188988789,0.153551459312439,0.00489969924092293
102.198984592,0.153551459312439,0.00489969924092293
102.208986584,0.152554363012314,0.00734954932704568
102.218984899,0.152554363012314,0.00734954932704568
102.228985596,0.15155728161335,0.00489969924092293
102.238993725,0.152554363012314,0.00244984962046146
102.248995222,0.152554363012314,0.00244984962046146
102.258986267,0.152554363012314,0.00244984962046146
102.268990479,0.153551459312439,0.00489969924092293
102.278989778,0.154548555612564,0.00244984962046146
102.28897984,0.154548555612564,0.00244984962046146
102.298985969,0.155545637011528,0.00489969924092293
102.308984422,0.156542718410492,0.00244984962046146
102.318972663,0.156542718410492,0.00244984962046146
102.32898502,0.158536911010742,0.00244984962046146
102.338981754,0.157539814710617,0.00489969924092293
102.348981086,0.157539814710617,0.00489969924092293
102.358970746,0.158536911010742,0.00244984962046146
102.368989753,0.158536911010742,0.00244984962046146
102.378989584,0.157539814710617,0.00489969924092293
102.38898708,0.158536896109581,0.00734953070059419
102.398972637,0.158536896109581,0.00734953070059419
102.408987595,0.158536896109581,0.00734953070059419
102.418995654,0.158536896109581,0.00734953070059419
102.42898328,0.158536896109581,0.00734953070059419
102.438985077,0.159533977508545,0.00489968108013272
102.448981802,0.16053107380867,0.00734953070059419
102.458990101,0.16053107380867,0.00734953070059419
102.468983027,0.161528170108795,0.00489968108013272
102.478978536,0.162525236606598,0.00244984962046146
102.488984334,0.162525236606598,0.00244984962046146
102.498993798,0.162525236606598,0.00244984962046146
102.508991082,0.162525236606598,0.00244984962046146
102.518987228,0.163522332906723,0.00489969924092293
102.528984349,0.163522332906723,0.00489969924092293
102.538993313,0.163522332906723,0.00489969924092293
102.548989737,0.164519429206848,0.00244984962046146
102.558986778,0.164519429206848,0.00244984962046146
102.568983864,0.165516510605812,0.00489969924092293
102.578983155,0.165516510605812,0.00489969924092293
102.588986494,0.164519429206848,0.00244984962046146
102.598951179,0.166513592004776,0.00244984962046146
102.608990278,0.167510688304901,0.00489969924092293
102.618980069,0.167510688304901,0
102.62899735,0.167510688304901,0
102.638981562,0.168507784605026,0.00244984962046146
102.648985651,0.167510688304901,0
102.658987158,0.16950486600399,0
102.668987114,0.168507784605026,-0.00244984962046146
102.678990691,0.16950486600399,0
102.688981646,0.170501947402954,-0.00244983145967126
102.698978731,0.168507784605026,-0.00244984962046146
102.708982999,0.169504851102829,-0.00489968108013272
102.718979096,0.168507784605026,-0.00244984962046146
102.728986947,0.170501947402954,-0.00244983145967126
102.738984835,0.170501947402954,-0.00734953070059419
102.748988504,0.171499043703079,-0.00489968108013272
102.758980037,0.169504851102829,-0.00489968108013272
102.768985241,0.169504851102829,-0.00489968108013272
102.779011324,0.170501947402954,-0.00734953070059419
102.788987146,0.169504851102829,-0.00489968108013272
102.798990488,0.170501947402954,-0.00734953070059419
102.808987621,0.170501947402954,-0.00734953070059419
102.818990794,0.171499043703079,-0.00979938078671694
102.828985928,0.170501947402954,-0.0122492304071784
102.838977147,0.170501947402954,-0.00734953070059419
102.848995573,0.169504851102829,-0.00979938078671694
102.858990721,0.169504851102829,-0.00979938078671694
102.868991741,0.169504851102829,-0.00979938078671694
102.87898647,0.168507769703865,-0.00734953070059419
102.888986343,0.168507769703865,-0.00734953070059419
102.898987064,0.168507769703865,-0.00734953070059419
102.90898631,0.167510688304901,-0.00489969924092293
102.918987048,0.166513592004776,-0.00244984962046146
102.928984448,0.165516510605812,0
102.938990087,0.165516510605812,-0.00489969924092293
102.948992219,0.164519429206848,-0.00244984962046146
102.958995419,0.164519429206848,-0.00244984962046146
102.968984859,0.163522332906723,0
102.978983068,0.163522332906723,0
102.988982868,0.161528155207634,0
102.998976162,0.161528155207634,0
103.008979866,0.159533992409706,0
103.018988996,0.159533992409706,0
103.02898247,0.159533992409706,0
103.038985473,0.159533992409706,0
103.048986873,0.158536911010742,-0.00244984962046146
103.05898411,0.157539814710617,0
103.068991394,0.157539814710617,0
103.078990413,0.156542718410492,-0.00244984962046146
103.08898987,0.158536911010742,-0.00244984962046146
103.098988016,0.157539814710617,0
103.108985318,0.158536911010742,-0.00244984962046146
103.119012887,0.158536911010742,-0.00244984962046146
103.128986893,0.158536911010742,-0.00244984962046146
103.138989417,0.159533992409706,0
103.148988709,0.16053107380867,0.00244983145967126
103.158991825,0.162525236606598,0.00244984962046146
103.168986834,0.163522332906723,0.00489969924092293
103.178985093,0.164519429206848,0.00244984962046146
103.18899013,0.166513592004776,0.00734954932704568
103.198986846,0.168507769703865,0.00734953070059419
103.208990659,0.169504851102829,0.00979938078671694
103.219012449,0.172496125102043,0.0122492304071784
103.228987419,0.173493206501007,0.0146990800276399
103.238989621,0.173493206501007,0.0146990800276399
103.248982416,0.175487384200096,0.0195987615734339
103.258985324,0.17648446559906,0.0171489119529724
103.269007651,0.178478643298149,0.0171489305794239
103.278991633,0.179475724697113,0.0195987801998854
103.288985646,0.179475724697113,0.0146990800276399
103.298987921,0.180472820997238,0.0171489305794239
103.308984947,0.182466998696327,0.0171489305794239
103.31901038,0.180472820997238,0.0171489305794239
103.328988237,0.182466998696327,0.0171489305794239
103.338989702,0.182466998696327,0.0171489305794239
103.348983047,0.182466998696327,0.0122492304071784
103.358991238,0.183464080095291,0.0146990800276399
103.368987094,0.182466998696327,0.0122492304071784
103.37898752,0.183464080095291,0.0146990800276399
103.389004841,0.184461176395416,0.0171489119529724
103.398985468,0.183464080095291,0.0146990800276399
103.408992025,0.184461176395416,0.0122492304071784
103.419011445,0.186455339193344,0.0122492304071784
103.429007189,0.18545825779438,0.00979939848184586
103.438995808,0.186455339193344,0.0122492304071784
103.448988503,0.188449516892433,0.0122492304071784
103.458991858,0.188449516892433,0.0122492304071784
103.468992727,0.189446598291397,0.0146990800276399
103.478996109,0.188449516892433,0.0122492304071784
103.488988915,0.189446598291397,0.00979938078671694
103.498989774,0.190443694591522,0.0122492304071784
103.508986064,0.188449516892433,0.0122492304071784
103.519012385,0.188449516892433,0.0122492304071784
103.528984472,0.190443694591522,0.0122492304071784
103.538845452,0.189446598291397,0.00979938078671694
103.549014727,0.189446598291397,0.00979938078671694
103.559020654,0.189446598291397,0.00979938078671694
103.569013769,0.188449516892433,0.00734953070059419
103.579024157,0.190443694591522,0.00734953070059419
103.589011888,0.188449516892433,0.00734953070059419
103.599021722,0.188449516892433,0.00734953070059419
103.608990429,0.190443694591522,0.00734953070059419
103.618987718,0.190443694591522,0.00734953070059419
103.629005112,0.190443694591522,0.00734953070059419
103.639002328,0.190443694591522,0.00734953070059419
103.649000752,0.189446598291397,0.00979938078671694
103.659015764,0.188449516892433,0.00734953070059419
103.668994882,0.189446598291397,0.00979938078671694
103.678990778,0.189446598291397,0.00979938078671694
103.688997476,0.190443694591522,0.0122492304071784
103.69899318,0.191440790891647,0.00979938078671694
103.708977395,0.190443694591522,0.0122492304071784
103.718990458,0.191440790891647,0.00979938078671694
103.728984388,0.190443694591522,0.0122492304071784
103.738981832,0.192437872290611,0.0122492304071784
103.748995753,0.192437872290611,0.0122492304071784
103.758993549,0.195429131388664,0.0146990614011884
103.768994386,0.195429131388664,0.0146990614011884
103.778990971,0.195429131388664,0.0146990614011884
103.788990595,0.195429131388664,0.0146990614011884
103.798995302,0.195429131388664,0.0146990614011884
103.808994054,0.197423309087753,0.0146990800276399
103.818992653,0.196426212787628,0.0171489119529724
103.82899481,0.197423309087753,0.0146990800276399
103.838988659,0.197423309087753,0.0195987615734339
103.848987078,0.198420390486717,0.0171489305794239
103.858983181,0.197423309087753,0.0146990800276399
103.86897532,0.197423309087753,0.0146990800276399
103.878999236,0.197423309087753,0.0146990800276399
103.888987937,0.198420390486717,0.0171489305794239
103.898985208,0.198420390486717,0.0171489305794239
103.908979661,0.198420390486717,0.0171489305794239
103.918979347,0.199417471885681,0.0146990800276399
103.928988177,0.200414568185806,0.0171489305794239
103.939000027,0.199417471885681,0.0146990800276399
103.948995269,0.200414568185806,0.0171489305794239
103.958992506,0.201411664485931,0.0195987801998854
103.968987554,0.203405827283859,0.0195987801998854
103.978992118,0.203405827283859,0.0195987801998854
103.988987432,0.204402923583984,0.0171489305794239
103.998995967,0.205400004982948,0.0195987615734339
104.008990578,0.205400004982948,0.0195987615734339
104.018990757,0.206397086381912,0.0220486111938953
104.028992429,0.205400004982948,0.0195987615734339
104.038995747,0.207394182682037,0.0195987615734339
104.04899647,0.207394182682037,0.0195987615734339
104.058982054,0.207394182682037,0.0195987615734339
104.068587996,0.208391264081001,0.0171489305794239
104.078990343,0.209388345479965,0.0195987801998854
104.088989698,0.208391264081001,0.0171489305794239
104.098980706,0.208391264081001,0.0171489305794239
104.108984767,0.208391264081001,0.0171489305794239
104.118993074,0.206397086381912,0.0171489119529724
104.128996532,0.207394182682037,0.0195987615734339
104.138995044,0.207394182682037,0.0146990800276399
104.148987987,0.207394182682037,0.0146990800276399
104.158986813,0.205400019884109,0.0146990800276399
104.168574856,0.203405827283859,0.0146990800276399
104.178995228,0.202408745884895,0.0122492304071784
104.188995067,0.201411664485931,0.0146990800276399
104.198976615,0.200414568185806,0.0122492304071784
104.20899292,0.198420390486717,0.0122492304071784
104.21900174,0.199417471885681,0.00979938078671694
104.228997676,0.197423309087753,0.00489969924092293
104.238999076,0.195429131388664,0.00979939848184586
104.248992124,0.1944320499897,0.00734954932704568
104.258657004,0.1944320499897,0.00734954932704568
104.268620391,0.193434953689575,0.00489969924092293
104.278989963,0.193434953689575,0.00489969924092293
104.28900045,0.193434953689575,0.00489969924092293
104.298994192,0.193434953689575,0.00489969924092293
104.308990642,0.1944320499897,0.00244984962046146
104.318995658,0.19243785738945,0.00244984962046146
104.328998864,0.193434953689575,0.00489969924092293
104.338999041,0.1944320499897,0.00244984962046146
104.34899791,0.19243785738945,0.00244984962046146
104.358689531,0.19243785738945,0.00244984962046146
104.368824885,0.19243785738945,0.00244984962046146
104.378987845,0.191440790891647,0.00489968108013272
104.388994357,0.190443694591522,0.00244983145967126
104.399000393,0.189446598291397,0.00489968108013272
104.408990043,0.187452435493469,0.00489969924092293
104.418984711,0.188449516892433,0.00734953070059419
104.428993096,0.186455339193344,0.00734954932704568
104.438991957,0.18545825779438,0.00979939848184586
104.448996868,0.18545825779438,0.00979939848184586
104.458890295,0.18545825779438,0.00979939848184586
104.469001834,0.184461176395416,0.0122492304071784
104.478990622,0.184461176395416,0.00734954932704568
104.488995026,0.184461176395416,0.0122492304071784
104.498994448,0.183464080095291,0.00979938078671694
104.508992072,0.184461176395416,0.0122492304071784
104.518988253,0.183464080095291,0.00979938078671694
104.528991291,0.184461176395416,0.0122492304071784
104.538993689,0.183464080095291,0.00979938078671694
104.548982554,0.184461176395416,0.0122492304071784
104.558985702,0.183464080095291,0.00979938078671694
104.568976008,0.184461176395416,0.0122492304071784
104.578990748,0.183464080095291,0.0146990800276399
104.588989603,0.184461176395416,0.0122492304071784
104.598986961,0.184461176395416,0.0122492304071784
104.608994107,0.184461176395416,0.0122492304071784
104.618790984,0.184461176395416,0.0122492304071784
104.628996878,0.183464080095291,0.0146990800276399
104.638990233,0.18545825779438,0.0146990614011884
104.64900298,0.183464080095291,0.0146990800276399
104.658989702,0.184461176395416,0.0171489119529724
104.668985405,0.184461176395416,0.0171489119529724
104.678957487,0.183464080095291,0.0195987615734339
104.688952974,0.184461176395416,0.0171489119529724
104.698991836,0.184461176395416,0.0171489119529724
104.708989792,0.183464080095291,0.0146990800276399
104.718989651,0.184461176395416,0.0171489119529724
104.728991658,0.184461176395416,0.0122492304071784
104.73898857,0.183464080095291,0.0146990800276399
104.748523815,0.184461176395416,0.0122492304071784
104.758996977,0.183464080095291,0.00979938078671694
104.768979874,0.182466998696327,0.00734953070059419
104.778989818,0.182466998696327,0.00734953070059419
104.788990423,0.180472820997238,0.00734953070059419
104.799004459,0.180472820997238,0.00734953070059419
104.808992526,0.180472820997238,0.00734953070059419
104.818990996,0.179475724697113,0.00489968108013272
104.829005485,0.178478643298149,0.00734953070059419
104.838997575,0.177481561899185,0.00489969924092293
104.848990466,0.177481561899185,0.00489969924092293
104.858971733,0.177481561899185,0.00489969924092293
104.868951928,0.17648446559906,0.00734954932704568
104.878984655,0.177481561899185,0.00489969924092293
104.888978315,0.17847865819931,0.00244984962046146
104.898975637,0.17847865819931,0.00244984962046146
104.908981601,0.17847865819931,0.00244984962046146
104.918980978,0.17847865819931,0.00244984962046146
104.928978432,0.180472820997238,0.00244983145967126
104.938975609,0.180472820997238,0.00244983145967126
104.948978711,0.181469902396202,0
104.958990774,0.181469902396202,0
104.968949194,0.184461176395416,-0.00244984962046146
104.978989718,0.184461176395416,-0.00244984962046146
104.988980721,0.183464080095291,0
104.998991348,0.184461176395416,-0.00244984962046146
105.008979257,0.18545825779438,0
105.01897466,0.186455339193344,-0.00244984962046146
105.02898642,0.186455339193344,-0.00734954932704568
105.038997127,0.188449516892433,-0.00734953070059419
105.048988248,0.188449516892433,-0.00734953070059419
105.05899019,0.190443694591522,-0.00734953070059419
105.06894726,0.189446598291397,-0.00489968108013272
105.078992503,0.190443694591522,-0.00734953070059419
105.088986357,0.192437872290611,-0.00734953070059419
105.09897433,0.1944320499897,-0.00734954932704568
105.109005129,0.1944320499897,-0.00734954932704568
105.119019921,0.196426212787628,-0.00734954932704568
105.12897917,0.196426212787628,-0.00244984962046146
105.139024118,0.196426212787628,-0.00244984962046146
105.148975531,0.197423309087753,0
105.159017157,0.197423309087753,0
105.169020307,0.199417486786842,0
105.17902591,0.200414568185806,0.00244983145967126
105.189010073,0.200414568185806,0.00244983145967126
105.199025028,0.200414568185806,0.00734953070059419
105.20897079,0.201411664485931,0.00489968108013272
105.219018858,0.202408745884895,0.00734953070059419
105.228983342,0.202408745884895,0.00734953070059419
105.239016263,0.202408745884895,0.00734953070059419
105.2490069,0.203405827283859,0.00489969924092293
105.259006794,0.204402923583984,0.00734954932704568
105.268990891,0.203405827283859,0.00489969924092293
105.27900796,0.204402923583984,0.00734954932704568
105.289019595,0.205400004982948,0.00979939848184586
105.299012811,0.205400004982948,0.00489969924092293
105.308975799,0.205400004982948,0.00489969924092293
105.31901969,0.204402923583984,0.00734954932704568
105.329016157,0.206397086381912,0.00244984962046146
105.339015972,0.207394182682037,0.00489969924092293
105.349012946,0.206397086381912,0.00734954932704568
105.359012819,0.206397086381912,0.00734954932704568
105.36900234,0.207394182682037,0.00979939848184586
105.379018293,0.206397086381912,0.00734954932704568
105.389017928,0.206397086381912,0.00244984962046146
105.399013447,0.206397086381912,0.00734954932704568
105.409017358,0.207394182682037,0.00979939848184586
105.419026131,0.206397086381912,0.00734954932704568
105.429017903,0.206397086381912,0.00734954932704568
105.439034174,0.205400004982948,0.00489969924092293
105.449016636,0.206397086381912,0.00734954932704568
105.459030999,0.205400004982948,0.00489969924092293
105.469015789,0.204402923583984,0.00244984962046146
105.478969569,0.205400004982948,0
105.48903564,0.204402923583984,0.00244984962046146
105.49900124,0.202408730983734,0.00244984962046146
105.509001734,0.20141164958477,0
105.519029698,0.20141164958477,0
105.529002751,0.199417486786842,0
105.539019695,0.199417486786842,0
105.548981404,0.198420405387878,-0.00244984962046146
105.558989633,0.198420405387878,-0.00244984962046146
105.568985924,0.198420405387878,-0.00244984962046146
105.578992373,0.197423309087753,0
105.588979934,0.197423309087753,0
105.598987681,0.198420405387878,-0.00244984962046146
105.608694949,0.198420405387878,-0.00244984962046146
105.619014362,0.199417471885681,-0.00489968108013272
105.6290142,0.199417471885681,-0.00489968108013272
105.639025158,0.199417471885681,-0.00489968108013272
105.649004076,0.199417471885681,-0.00489968108013272
105.658992445,0.199417471885681,-0.00489968108013272
105.668990353,0.198420390486717,-0.00734953070059419
105.678988488,0.198420390486717,-0.00734953070059419
105.688983171,0.198420390486717,-0.0122492304071784
105.698988737,0.197423309087753,-0.0146990800276399
105.708990809,0.198420390486717,-0.0171489305794239
105.71898446,0.196426212787628,-0.0171489119529724
105.728983772,0.196426212787628,-0.0171489119529724
105.738982366,0.196426212787628,-0.0171489119529724
105.748990582,0.195429131388664,-0.0195987615734339
105.75899608,0.1944320499897,-0.0220486111938953
105.768988004,0.195429131388664,-0.0244984608143568
105.77898382,0.195429131388664,-0.0293981600552797
105.788988886,0.195429131388664,-0.0244984608143568
105.798971536,0.195429131388664,-0.0244984608143568
105.80899041,0.193434953689575,-0.0244984608143568
105.818988258,0.193434953689575,-0.0244984608143568
105.828989693,0.1944320499897,-0.0220486111938953
105.838990597,0.1944320499897,-0.0269483104348183
105.848988114,0.1944320499897,-0.0269483104348183
105.85898195,0.195429131388664,-0.0244984608143568
105.869020735,0.1944320499897,-0.0220486111938953
105.878983693,0.193434953689575,-0.0195987615734339
105.888990516,0.193434953689575,-0.0195987615734339
105.899009576,0.193434953689575,-0.0195987615734339
105.909014387,0.193434953689575,-0.0195987615734339
105.919010445,0.193434953689575,-0.0195987615734339
105.9289842,0.193434953689575,-0.0195987615734339
105.9390026,0.192437872290611,-0.0171489305794239
105.948989846,0.192437872290611,-0.0171489305794239
105.959016148,0.191440790891647,-0.0195987801998854
105.968982592,0.191440790891647,-0.0195987801998854
105.97898341,0.191440790891647,-0.0195987801998854
105.98898703,0.191440775990486,-0.0244984608143568
105.998987302,0.19243785738945,-0.0220486111938953
106.008984274,0.19243785738945,-0.0220486111938953
106.018990088,0.191440790891647,-0.0195987801998854
106.0289862,0.191440775990486,-0.0244984608143568
106.038980553,0.190443694591522,-0.0220486298203468
106.048983995,0.19243785738945,-0.0220486111938953
106.058977821,0.19243785738945,-0.0220486111938953
106.068984334,0.19243785738945,-0.0220486111938953
106.078987032,0.193434953689575,-0.0195987615734339
106.088991102,0.192437872290611,-0.0171489305794239
106.098983848,0.191440790891647,-0.0195987801998854
106.108988267,0.191440790891647,-0.0195987801998854
106.118988301,0.19243785738945,-0.0220486111938953
106.128986348,0.192437872290611,-0.0171489305794239
106.13898494,0.193434953689575,-0.0195987615734339
106.14898292,0.193434953689575,-0.0195987615734339
106.158982658,0.192437872290611,-0.0171489305794239
106.168992813,0.192437872290611,-0.0171489305794239
106.178984717,0.191440790891647,-0.0195987801998854
106.18898016,0.192437872290611,-0.0171489305794239
106.198993828,0.192437872290611,-0.0171489305794239
106.208984067,0.193434953689575,-0.0146990800276399
106.218978293,0.1944320499897,-0.0171489119529724
106.228988251,0.1944320499897,-0.0171489119529724
106.238987749,0.196426212787628,-0.0171489119529724
106.24899055,0.1944320499897,-0.0171489119529724
106.25898401,0.196426212787628,-0.0171489119529724
106.268987646,0.198420390486717,-0.0171489305794239
106.278980263,0.200414568185806,-0.0171489305794239
106.288992169,0.199417471885681,-0.0195987801998854
106.298985258,0.201411664485931,-0.0195987801998854
106.308987707,0.203405827283859,-0.0195987801998854
106.318979508,0.203405827283859,-0.0195987801998854
106.328988391,0.203405827283859,-0.0195987801998854
106.338984823,0.203405827283859,-0.0195987801998854
106.348987702,0.206397086381912,-0.0171489119529724
106.358990468,0.208391278982162,-0.0220486111938953
106.368986204,0.207394182682037,-0.0195987615734339
106.378986852,0.207394182682037,-0.0195987615734339
106.388984083,0.209388345479965,-0.0195987801998854
106.398985394,0.21038544178009,-0.0220486298203468
106.408982632,0.21038544178009,-0.0220486298203468
106.418980056,0.211382538080215,-0.0195987801998854
106.428982098,0.212379619479179,-0.0220486298203468
106.43898732,0.213376700878143,-0.0195987801998854
106.448990035,0.213376700878143,-0.0244984608143568
106.458985923,0.213376700878143,-0.0195987801998854
106.469013144,0.215370878577232,-0.0244984608143568
106.479007925,0.215370878577232,-0.0244984608143568
106.488986443,0.217365056276321,-0.0244984608143568
106.498989937,0.216367959976196,-0.0220486111938953
106.508993703,0.216367959976196,-0.0220486111938953
106.518987077,0.216367959976196,-0.0220486111938953
106.528981317,0.218362152576447,-0.0220486111938953
106.53899738,0.217365056276321,-0.0244984608143568
106.548983925,0.218362152576447,-0.0220486111938953
106.558991997,0.217365056276321,-0.0244984608143568
106.568984278,0.217365056276321,-0.0195987615734339
106.57899314,0.21935923397541,-0.0195987615734339
106.588997611,0.217365056276321,-0.0195987615734339
106.598986531,0.218362152576447,-0.0220486111938953
106.608989487,0.218362152576447,-0.0220486111938953
106.61898282,0.218362152576447,-0.0220486111938953
106.628990955,0.218362152576447,-0.0220486111938953
106.63898595,0.218362152576447,-0.0220486111938953
106.648983686,0.217365056276321,-0.0195987615734339
106.65898763,0.218362152576447,-0.0220486111938953
106.668990728,0.218362152576447,-0.0220486111938953
106.678984363,0.216367959976196,-0.0220486111938953
106.688969911,0.216367959976196,-0.0220486111938953
106.698982536,0.216367959976196,-0.0171489119529724
106.708977546,0.215370878577232,-0.0195987615734339
106.718987392,0.215370878577232,-0.0195987615734339
106.728976258,0.214373797178268,-0.0171489305794239
106.738973067,0.214373797178268,-0.0171489305794239
106.748979625,0.213376700878143,-0.0195987801998854
106.758999236,0.213376700878143,-0.0195987801998854
106.768981861,0.212379619479179,-0.0171489305794239
106.778985553,0.213376700878143,-0.0195987801998854
106.78898535,0.212379619479179,-0.0171489305794239
106.79899152,0.212379619479179,-0.0171489305794239
106.808990621,0.212379619479179,-0.0171489305794239
106.818986633,0.212379619479179,-0.0171489305794239
106.828986716,0.211382538080215,-0.0195987801998854
106.839016029,0.212379619479179,-0.0171489305794239
106.849008747,0.212379619479179,-0.0171489305794239
106.859012311,0.211382538080215,-0.0146990800276399
106.868994558,0.212379619479179,-0.0171489305794239
106.879005984,0.212379619479179,-0.0122492304071784
106.888986492,0.215370893478394,-0.0146990800276399
106.89899255,0.215370878577232,-0.0195987615734339
106.908985989,0.217365056276321,-0.0195987615734339
106.918991777,0.218362152576447,-0.0171489119529724
106.928981604,0.220356315374374,-0.0171489305794239
106.938990094,0.222350493073463,-0.0171489305794239
106.94898326,0.225341752171516,-0.0195987615734339
106.958980039,0.227335929870605,-0.0195987615734339
106.968984923,0.228333026170731,-0.0171489119529724
106.978989959,0.229330107569695,-0.0195987615734339
106.988990219,0.230327188968658,-0.0171489305794239
106.998993591,0.232321366667747,-0.0122492304071784
107.008982864,0.232321366667747,-0.0122492304071784
107.018989451,0.234315544366837,-0.0122492304071784
107.028987164,0.234315544366837,-0.0122492304071784
107.038987762,0.234315544366837,-0.0122492304071784
107.048984612,0.233318448066711,-0.00979938078671694
107.058983315,0.235312640666962,-0.00979938078671694
107.068983665,0.236309722065926,-0.0122492304071784
107.078985421,0.236309722065926,-0.0122492304071784
107.088986093,0.236309722065926,-0.0122492304071784
107.098993051,0.234315544366837,-0.0122492304071784
107.108992639,0.235312640666962,-0.00979938078671694
107.118996996,0.235312640666962,-0.00979938078671694
107.128984781,0.234315544366837,-0.00734953070059419
107.138983021,0.233318448066711,-0.00979938078671694
107.148988688,0.232321366667747,-0.00734953070059419
107.15898896,0.231324285268784,-0.00489968108013272
107.168986238,0.229330107569695,-0.00489969924092293
107.178985271,0.229330107569695,-0.00489969924092293
107.188984557,0.227335929870605,-0.00489969924092293
107.198986834,0.227335929870605,-0.00489969924092293
107.208988262,0.227335929870605,-0.00489969924092293
107.218988948,0.225341752171516,-0.00489969924092293
107.228988858,0.22633883357048,-0.00734954932704568
107.238987161,0.225341752171516,-0.00489969924092293
107.248990446,0.22633883357048,-0.00734954932704568
107.258988325,0.224344670772552,-0.00734953070059419
107.268994339,0.22633883357048,-0.00734954932704568
107.279013613,0.225341752171516,-0.00489969924092293
107.288985612,0.22633883357048,-0.00734954932704568
107.298981419,0.22633883357048,-0.00734954932704568
107.308987403,0.225341752171516,-0.00489969924092293
107.318980914,0.225341752171516,-0.00489969924092293
107.328984574,0.225341752171516,-0.00489969924092293
107.338983268,0.225341752171516,-0.00489969924092293
107.348979652,0.224344670772552,-0.00244984962046146
107.358390538,0.223347574472427,-0.00489968108013272
107.368994794,0.2213534116745,-0.00489968108013272
107.379002141,0.2213534116745,-0.00489968108013272
107.389008718,0.220356315374374,-0.00244984962046146
107.398992818,0.218362152576447,-0.00244984962046146
107.40900603,0.216367959976196,-0.00244984962046146
107.418999892,0.215370878577232,-0.00489969924092293
107.428989411,0.213376700878143,-0.00489968108013272
107.439009441,0.211382538080215,-0.00489968108013272
107.449004761,0.209388360381126,-0.00489969924092293
107.458314374,0.208391278982162,-0.00244984962046146
107.468991011,0.207394182682037,-0.00489969924092293
107.478994752,0.205400004982948,-0.00489969924092293
107.488995032,0.203405827283859,-0.00489969924092293
107.498994868,0.203405827283859,-0.00489969924092293
107.508992436,0.203405827283859,-0.00979938078671694
107.518958422,0.202408745884895,-0.00734953070059419
107.528991117,0.201411664485931,-0.00489968108013272
107.538999023,0.201411664485931,-0.00489968108013272
107.548991441,0.201411664485931,-0.00489968108013272
107.55825241,0.202408745884895,-0.00734953070059419
107.568962028,0.201411664485931,-0.00489968108013272
107.578997692,0.201411664485931,-0.00489968108013272
107.588985856,0.201411664485931,-0.00489968108013272
107.598992081,0.202408745884895,-0.00734953070059419
107.608993389,0.201411664485931,-0.00489968108013272
107.618992589,0.202408745884895,-0.00734953070059419
107.628995495,0.202408745884895,-0.00734953070059419
107.638991182,0.203405827283859,-0.00489969924092293
107.648956476,0.203405827283859,-0.00489969924092293
107.658312593,0.203405827283859,-0.00489969924092293
107.668991164,0.203405827283859,-0.00489969924092293
107.678221434,0.204402923583984,-0.00734954932704568
107.688271523,0.206397086381912,-0.00734954932704568
107.698857944,0.206397086381912,-0.00734954932704568
107.708852904,0.206397086381912,-0.00734954932704568
107.718867338,0.206397086381912,-0.00734954932704568
107.728851048,0.207394182682037,-0.00979939848184586
107.738998492,0.207394182682037,-0.00979939848184586
107.748992637,0.208391264081001,-0.0122492304071784
107.758265595,0.209388345479965,-0.00979938078671694
107.76898663,0.209388345479965,-0.00979938078671694
107.778996915,0.209388345479965,-0.00979938078671694
107.788981243,0.209388345479965,-0.00979938078671694
107.79901537,0.209388360381126,-0.00489969924092293
107.808961585,0.209388360381126,-0.00489969924092293
107.818997623,0.21038544178009,-0.00244984962046146
107.828990241,0.209388360381126,0
107.839004338,0.208391278982162,-0.00244984962046146
107.848996815,0.209388360381126,0
107.858275252,0.207394182682037,0
107.868982671,0.208391278982162,0.00244984962046146
107.878994292,0.208391278982162,0.00244984962046146
107.888961594,0.206397086381912,0.00244984962046146
107.898361585,0.206397086381912,0.00244984962046146
107.909007795,0.207394182682037,0
107.918995579,0.206397086381912,0.00244984962046146
107.92898174,0.206397086381912,0.00244984962046146
107.938997714,0.207394182682037,0.00489969924092293
107.948989229,0.205400004982948,0.00489969924092293
107.958217301,0.206397086381912,0.00244984962046146
107.968991121,0.206397086381912,0.00244984962046146
107.978997696,0.205400004982948,0.00489969924092293
107.98899101,0.207394182682037,0.00489969924092293
107.99899373,0.206397086381912,0.00244984962046146
108.008961072,0.206397086381912,0.00734954932704568
108.018993949,0.206397086381912,0.00244984962046146
108.028504162,0.206397086381912,0.00244984962046146
108.038989534,0.206397086381912,0.00244984962046146
108.048983132,0.207394182682037,0
108.058696184,0.207394182682037,0.00489969924092293
108.068981922,0.208391278982162,0.00244984962046146
108.078990825,0.208391278982162,0.00244984962046146
108.088993215,0.207394182682037,0.00489969924092293
108.098985708,0.207394182682037,0.00489969924092293
108.10894414,0.206397086381912,0.00244984962046146
108.118948051,0.206397086381912,0.00734954932704568
108.128504626,0.206397086381912,0.00734954932704568
108.138989846,0.207394182682037,0.00489969924092293
108.148983988,0.206397086381912,0.00734954932704568
108.158918121,0.204402923583984,0.00734954932704568
108.168992371,0.204402923583984,0.00734954932704568
108.17898812,0.204402923583984,0.00734954932704568
108.188272869,0.203405827283859,0.00489969924092293
108.198215979,0.203405827283859,0.00489969924092293
108.208219034,0.204402923583984,0.00734954932704568
108.21826795,0.203405827283859,0.00489969924092293
108.228609211,0.203405827283859,0.00489969924092293
108.238204366,0.202408730983734,0.00244984962046146
108.24820637,0.202408730983734,0.00244984962046146
108.258251051,0.203405827283859,0
108.268195105,0.20141164958477,0
108.278994998,0.20141164958477,0
108.289003465,0.202408730983734,-0.00244984962046146
108.298989881,0.202408730983734,-0.00244984962046146
108.308989571,0.202408730983734,-0.00244984962046146
108.318984525,0.202408730983734,-0.00244984962046146
108.328993546,0.204402923583984,-0.00244984962046146
108.338995387,0.203405827283859,0
108.348990038,0.205400004982948,0
108.358958838,0.207394182682037,0
108.368993404,0.209388360381126,0
108.378990855,0.21038544178009,0.00244984962046146
108.38899039,0.21038544178009,0.00244984962046146
108.398992931,0.212379619479179,0.00244983145967126
108.408990587,0.213376700878143,0
108.418959112,0.215370878577232,0
108.428991394,0.214373797178268,0.00244984962046146
108.438993021,0.217365056276321,0
108.44899459,0.217365056276321,0
108.458961443,0.217365056276321,0
108.469011031,0.217365056276321,0
108.479002488,0.218362152576447,-0.00244984962046146
108.488998572,0.220356315374374,-0.00244984962046146
108.499021577,0.220356315374374,-0.00244984962046146
108.508999838,0.220356315374374,-0.00244984962046146
108.518988334,0.220356315374374,-0.00244984962046146
108.529006689,0.2213534116745,-0.00489968108013272
108.538983501,0.2213534116745,-0.00489968108013272
108.549017816,0.2213534116745,-0.00489968108013272
108.558983069,0.2213534116745,-0.00489968108013272
108.56899205,0.2213534116745,-0.00489968108013272
108.57901171,0.2213534116745,-0.00489968108013272
108.589009542,0.220356315374374,-0.00244984962046146
108.598989222,0.220356315374374,-0.00244984962046146
108.60901715,0.21935923397541,-0.00489969924092293
108.619001233,0.21935923397541,-0.00489969924092293
108.629009044,0.218362152576447,-0.00244984962046146
108.639009678,0.218362152576447,-0.00244984962046146
108.649004281,0.217365056276321,0
108.658987883,0.216367959976196,-0.00244984962046146
108.669003849,0.216367959976196,-0.00244984962046146
108.678978519,0.215370878577232,0
108.68826313,0.214373797178268,-0.00244984962046146
108.698983389,0.214373797178268,-0.00244984962046146
108.709008462,0.215370878577232,0
108.719007599,0.215370878577232,0
108.729006075,0.215370878577232,0
108.739003751,0.214373797178268,0.00244984962046146
108.748760599,0.214373797178268,-0.00244984962046146
108.75901034,0.215370878577232,0
108.768989012,0.214373797178268,0.00244984962046146
108.778989085,0.215370878577232,0
108.788992677,0.215370878577232,0
108.798994415,0.214373797178268,0.00244984962046146
108.809007366,0.214373797178268,0.00244984962046146
108.818760078,0.213376700878143,0
108.828985786,0.214373797178268,-0.00244984962046146
108.839004014,0.214373797178268,-0.00244984962046146
108.848241856,0.215370878577232,0
108.859006007,0.213376700878143,0
108.869000435,0.214373797178268,-0.00244984962046146
108.879008519,0.214373797178268,-0.00244984962046146
108.889000394,0.215370878577232,0
108.89901487,0.216367959976196,-0.00244984962046146
108.908960124,0.214373797178268,-0.00244984962046146
108.918256515,0.215370878577232,0
108.928988667,0.214373797178268,0.00244984962046146
108.938998437,0.213376700878143,0
108.949002318,0.212379619479179,0.00244983145967126
108.958236094,0.214373797178268,0.00244984962046146
108.968987325,0.212379619479179,0.00244983145967126
108.978996772,0.212379619479179,0.00244983145967126
108.98899069,0.21038544178009,0.00244984962046146
108.999012806,0.209388360381126,0
109.008228059,0.21038544178009,0.00244984962046146
109.01821877,0.208391278982162,0.00244984962046146
109.028219793,0.207394182682037,0
109.038222834,0.208391278982162,0.00244984962046146
109.048221801,0.206397086381912,-0.00244984962046146
109.058229648,0.203405827283859,0
109.06822775,0.203405827283859,0
109.078984585,0.202408730983734,-0.00244984962046146
109.08821391,0.20141164958477,0
109.098214607,0.20141164958477,0
109.108218879,0.199417486786842,0
109.11819667,0.199417486786842,0
109.128228542,0.199417486786842,0
109.138218055,0.196426212787628,-0.00244984962046146
109.148217678,0.197423309087753,0
109.158217629,0.198420405387878,-0.00244984962046146
109.168217999,0.197423309087753,-0.00489969924092293
109.178222296,0.195429131388664,0
109.188211665,0.195429131388664,-0.00489969924092293
109.198219454,0.193434953689575,0
109.208214728,0.1944320499897,-0.00244984962046146
109.218189929,0.19243785738945,-0.00244984962046146
109.228212903,0.19243785738945,-0.00244984962046146
109.238215614,0.191440775990486,0
109.248223608,0.191440775990486,0
109.258221656,0.190443694591522,0.00244983145967126
109.268214636,0.190443694591522,0.00244983145967126
109.278097501,0.190443694591522,0.00244983145967126
109.288211379,0.191440790891647,0.00489968108013272
109.298211142,0.191440790891647,0.00489968108013272
109.308208984,0.190443694591522,0.00244983145967126
109.318210057,0.191440790891647,0.00489968108013272
109.328212256,0.191440790891647,0.00489968108013272
109.338161433,0.193434953689575,0.00489969924092293
109.348161283,0.193434953689575,0.00489969924092293
109.358165828,0.193434953689575,0
109.368169067,0.1944320499897,0.00244984962046146
109.378096999,0.195429131388664,0
109.388132586,0.195429131388664,0
109.398157573,0.195429131388664,-0.00489969924092293
109.408158557,0.196426212787628,-0.00244984962046146
109.418156268,0.197423309087753,-0.00489969924092293
109.428172328,0.196426212787628,-0.00734954932704568
109.438163756,0.197423309087753,-0.00979938078671694
109.448153199,0.196426212787628,-0.00734954932704568
109.458149952,0.196426212787628,-0.00734954932704568
109.468115133,0.196426212787628,-0.00734954932704568
109.478162809,0.195429131388664,-0.00979939848184586
109.488156098,0.195429131388664,-0.00979939848184586
109.498155761,0.196426212787628,-0.00734954932704568
109.508186075,0.195429131388664,-0.00489969924092293
109.518159517,0.195429131388664,-0.00489969924092293
109.528182267,0.195429131388664,-0.00489969924092293
109.538155763,0.1944320499897,-0.00244984962046146
109.548158599,0.195429131388664,-0.00489969924092293
109.558109464,0.195429131388664,-0.00489969924092293
109.568188413,0.195429131388664,-0.00489969924092293
109.578171027,0.196426212787628,-0.00244984962046146
109.588169583,0.196426212787628,-0.00244984962046146
109.598082151,0.195429131388664,-0.00489969924092293
109.608177762,0.196426212787628,-0.00734954932704568
109.61815427,0.195429131388664,-0.00979939848184586
109.62818464,0.196426212787628,-0.00734954932704568
109.638181582,0.195429131388664,-0.00979939848184586
109.64818431,0.195429131388664,-0.00979939848184586
109.658151153,0.195429131388664,-0.00979939848184586
109.668076801,0.1944320499897,-0.00734954932704568
109.678121153,0.1944320499897,-0.00734954932704568
109.688090283,0.193434953689575,-0.00979938078671694
109.698060603,0.195429131388664,-0.00979939848184586
109.708069743,0.193434953689575,-0.00979938078671694
109.718104452,0.193434953689575,-0.00979938078671694
109.728093368,0.192437872290611,-0.0122492304071784
109.738049666,0.193434953689575,-0.00979938078671694
109.74805605,0.191440790891647,-0.00979938078671694
109.758124719,0.191440790891647,-0.00979938078671694
109.768104604,0.192437872290611,-0.0122492304071784
109.77808742,0.191440790891647,-0.0146990800276399
109.788042867,0.190443694591522,-0.0122492304071784
109.798055222,0.188449516892433,-0.0122492304071784
109.808045038,0.190443694591522,-0.0122492304071784
109.818106757,0.189446598291397,-0.00979938078671694
109.82810254,0.190443694591522,-0.0122492304071784
109.838088223,0.190443694591522,-0.0122492304071784
109.8480834,0.190443694591522,-0.0122492304071784
109.858148122,0.191440790891647,-0.0146990800276399
109.868081371,0.191440790891647,-0.0146990800276399
109.878090834,0.191440790891647,-0.0146990800276399
109.88804707,0.193434953689575,-0.0146990800276399
109.898050047,0.193434953689575,-0.0146990800276399
109.908102196,0.193434953689575,-0.0146990800276399
109.918102468,0.1944320499897,-0.0171489119529724
109.928097745,0.195429131388664,-0.0146990614011884
109.938096284,0.195429131388664,-0.0146990614011884
109.948086357,0.197423309087753,-0.0146990800276399
109.95805035,0.197423309087753,-0.00979938078671694
109.968091795,0.196426212787628,-0.0122492304071784
109.978069497,0.197423309087753,-0.00979938078671694
109.988103253,0.197423309087753,-0.00979938078671694
109.99804155,0.198420390486717,-0.00734953070059419
110.008047734,0.198420390486717,-0.00734953070059419
110.018024564,0.198420390486717,-0.00734953070059419
110.02800852,0.196426212787628,-0.00244984962046146
110.038030967,0.196426212787628,-0.00244984962046146
110.048024721,0.196426212787628,-0.00244984962046146
110.058016675,0.195429131388664,-0.00489969924092293
110.068033735,0.196426212787628,-0.00244984962046146
110.078032143,0.196426212787628,-0.00244984962046146
110.088050156,0.196426212787628,-0.00244984962046146
110.098007615,0.195429131388664,-0.00489969924092293
110.108016093,0.1944320499897,-0.00244984962046146
110.118022505,0.195429131388664,0
110.128012563,0.1944320499897,-0.00244984962046146
110.138014218,0.195429131388664,-0.00489969924092293
110.148024227,0.193434953689575,-0.00489969924092293
110.158127609,0.1944320499897,-0.00244984962046146
110.168016008,0.19243785738945,-0.00244984962046146
110.178021951,0.191440775990486,0
110.188018113,0.191440775990486,0
110.198018298,0.190443694591522,0.00244983145967126
110.208021116,0.191440775990486,0
110.218037993,0.190443694591522,0.00244983145967126
110.228053022,0.191440775990486,0
110.238043565,0.190443694591522,0.00244983145967126
110.248048677,0.191440790891647,0.00489968108013272
110.258034877,0.191440790891647,0.00489968108013272
110.268047634,0.191440790891647,0.00489968108013272
110.278048529,0.19243785738945,0.00244984962046146
110.288044396,0.191440790891647,0.00489968108013272
110.298042289,0.193434953689575,0.00489969924092293
110.308045194,0.191440790891647,0.00489968108013272
110.318032924,0.19243785738945,0.00244984962046146
110.328027708,0.193434953689575,0.00489969924092293
110.338031436,0.191440790891647,0.00489968108013272
110.348031305,0.19243785738945,0.00244984962046146
110.358028413,0.191440790891647,0.00489968108013272
110.36803076,0.19243785738945,0.00244984962046146
110.378021628,0.190443694591522,0.00244983145967126
110.388020979,0.191440775990486,0
110.398032409,0.190443694591522,-0.00244983145967126
110.408018545,0.19243785738945,-0.00244984962046146
110.418023557,0.190443694591522,-0.00244983145967126
110.428031933,0.188449531793594,-0.00244984962046146
110.438027318,0.190443694591522,-0.00244983145967126
110.448020055,0.188449531793594,-0.00244984962046146
110.458016606,0.186455339193344,-0.00734954932704568
110.46802707,0.18545825779438,-0.00489969924092293
110.478031315,0.18545825779438,-0.00489969924092293
110.488017998,0.183464080095291,-0.00489969924092293
110.498035062,0.182466983795166,-0.00244984962046146
110.508018559,0.180472820997238,-0.00244983145967126
110.518027529,0.180472820997238,-0.00244983145967126
110.528025695,0.180472820997238,-0.00244983145967126
110.538017983,0.179475724697113,-0.00489968108013272
110.548023724,0.179475724697113,-0.00489968108013272
110.558063599,0.181469902396202,0
110.568025911,0.182466983795166,-0.00244984962046146
110.578027749,0.182466983795166,-0.00244984962046146
110.588018939,0.183464080095291,0
110.598035986,0.184461176395416,-0.00244984962046146
110.608021718,0.18545825779438,0
110.618033208,0.186455339193344,-0.00244984962046146
110.628025532,0.188449531793594,-0.00244984962046146
110.638032046,0.188449531793594,-0.00244984962046146
110.648016236,0.190443694591522,-0.00244983145967126
110.658008289,0.190443694591522,-0.00734953070059419
110.668022899,0.190443694591522,-0.00244983145967126
110.67803235,0.19243785738945,-0.00244984962046146
110.6880146,0.193434953689575,-0.00489969924092293
110.698025467,0.193434953689575,0
110.70803497,0.193434953689575,-0.00489969924092293
110.718027945,0.1944320499897,-0.00244984962046146
110.728031756,0.1944320499897,-0.00244984962046146
110.738020526,0.1944320499897,0.00244984962046146
110.74797355,0.193434953689575,0
110.758031179,0.193434953689575,0.00489969924092293
110.768033711,0.1944320499897,0.00244984962046146
110.778029008,0.193434953689575,0
110.788028819,0.193434953689575,0
110.798024967,0.1944320499897,-0.00244984962046146
110.808023254,0.1944320499897,0.00244984962046146
110.818028357,0.1944320499897,-0.00244984962046146
110.828027334,0.193434953689575,0
110.838024947,0.1944320499897,-0.00244984962046146
110.848031513,0.195429131388664,0
110.858067471,0.196426212787628,-0.00244984962046146
110.868028877,0.196426212787628,-0.00244984962046146
110.878022371,0.196426212787628,-0.00244984962046146
110.888025981,0.196426212787628,-0.00244984962046146
110.898014703,0.196426212787628,-0.00244984962046146
110.908016491,0.197423309087753,-0.00489969924092293
110.918019027,0.196426212787628,-0.00244984962046146
110.9280319,0.197423309087753,-0.00489969924092293
110.938004995,0.197423309087753,-0.00489969924092293
110.948034914,0.197423309087753,-0.00489969924092293
110.958021644,0.197423309087753,-0.00489969924092293
110.9680348,0.197423309087753,-0.00489969924092293
110.97802904,0.199417471885681,-0.00489968108013272
110.988019375,0.198420405387878,-0.00244984962046146
110.998028986,0.198420405387878,-0.00244984962046146
111.008027773,0.199417471885681,-0.00489968108013272
111.018024616,0.200414568185806,-0.00244983145967126
111.028035835,0.200414568185806,-0.00244983145967126
111.038024777,0.200414568185806,-0.00244983145967126
111.048027229,0.200414568185806,-0.00244983145967126
111.058027483,0.200414568185806,-0.00244983145967126
111.068029115,0.201411664485931,-0.00489968108013272
111.078027372,0.199417486786842,0
111.08802651,0.201411664485931,-0.00489968108013272
111.098011114,0.202408745884895,-0.00734953070059419
111.108009034,0.201411664485931,-0.00489968108013272
111.118026751,0.202408745884895,-0.00734953070059419
111.128021578,0.201411664485931,-0.00489968108013272
111.138020944,0.202408745884895,-0.00734953070059419
111.148022448,0.202408745884895,-0.00734953070059419
111.158066203,0.202408745884895,-0.00734953070059419
111.168049349,0.201411664485931,-0.00489968108013272
111.17805239,0.202408745884895,-0.00734953070059419
111.188051875,0.202408745884895,-0.00734953070059419
111.198033907,0.201411664485931,-0.00489968108013272
111.208044804,0.201411664485931,-0.00489968108013272
111.218033126,0.200414568185806,-0.00244983145967126
111.228041702,0.202408745884895,-0.00734953070059419
111.23804041,0.201411664485931,-0.00489968108013272
111.248054923,0.202408745884895,-0.00734953070059419
111.258067689,0.202408745884895,-0.00734953070059419
111.268031159,0.202408745884895,-0.00734953070059419
111.278014061,0.203405827283859,-0.00979938078671694
111.288016445,0.204402923583984,-0.00734954932704568
111.298016366,0.205400004982948,-0.00979939848184586
111.308008485,0.206397086381912,-0.0122492490336299
111.318021746,0.207394182682037,-0.00979939848184586
111.328012305,0.208391278982162,-0.00734954932704568
111.338007894,0.21038544178009,-0.00734953070059419
111.348024144,0.211382538080215,-0.00489968108013272
111.358025104,0.213376700878143,-0.00489968108013272
111.368044795,0.216367959976196,-0.00734954932704568
111.378046931,0.218362152576447,-0.00244984962046146
111.388009182,0.21935923397541,-0.00489969924092293
111.398045369,0.2213534116745,0
111.408046895,0.224344670772552,0.00244984962046146
111.418011565,0.22633883357048,0.00244984962046146
111.428049525,0.227335929870605,0
111.438066484,0.229330107569695,0
111.448039738,0.231324285268784,0
111.458001152,0.232321366667747,-0.00244983145967126
111.468016163,0.233318448066711,0
111.478011198,0.2353126257658,-0.00489969924092293
111.488019461,0.236309707164764,-0.00244984962046146
111.49802527,0.23730680346489,-0.00489969924092293
111.508028898,0.23730680346489,-0.00489969924092293
111.518018416,0.238303899765015,-0.00734954932704568
111.528025786,0.238303899765015,-0.00734954932704568
111.537931046,0.238303899765015,-0.00734954932704568
111.548027996,0.238303884863853,-0.0122492304071784
111.558019205,0.239300966262817,-0.00979938078671694
111.568018544,0.238303884863853,-0.0122492304071784
111.577951797,0.23730680346489,-0.00979939848184586
111.588024984,0.236309722065926,-0.0122492304071784
111.597957731,0.235312640666962,-0.0146990800276399
111.608022438,0.235312640666962,-0.0146990800276399
111.618020823,0.234315544366837,-0.0171489305794239
111.628022584,0.233318448066711,-0.0146990800276399
111.637963641,0.232321366667747,-0.0171489305794239
111.648018993,0.231324285268784,-0.0146990800276399
111.657958248,0.229330092668533,-0.0146990800276399
111.668029356,0.229330092668533,-0.0146990800276399
111.677954666,0.228333026170731,-0.0171489119529724
111.688033242,0.228333026170731,-0.0171489119529724
111.698002386,0.227335929870605,-0.0146990614011884
111.708017927,0.22633883357048,-0.0171489119529724
111.718005269,0.225341767072678,-0.0146990800276399
111.728015584,0.22633883357048,-0.0220486111938953
111.738012274,0.225341752171516,-0.0195987615734339
111.748026332,0.225341752171516,-0.0195987615734339
111.757982594,0.224344670772552,-0.0220486111938953
111.768036421,0.224344670772552,-0.0220486111938953
111.777955674,0.222350493073463,-0.0220486298203468
111.788022487,0.2213534116745,-0.0195987801998854
111.797956371,0.2213534116745,-0.0244984608143568
111.808024917,0.220356315374374,-0.0220486111938953
111.817963973,0.220356315374374,-0.0220486111938953
111.82803068,0.218362152576447,-0.0171489119529724
111.837951486,0.217365056276321,-0.0195987615734339
111.848018861,0.216367959976196,-0.0171489119529724
111.857963074,0.216367959976196,-0.0171489119529724
111.868019901,0.213376700878143,-0.0146990800276399
111.877970469,0.214373797178268,-0.0122492304071784
111.888012621,0.213376700878143,-0.0146990800276399
111.897999552,0.211382538080215,-0.00979938078671694
111.90797579,0.21038544178009,-0.0122492304071784
111.918026089,0.209388345479965,-0.00979938078671694
111.927975106,0.209388345479965,-0.00979938078671694
111.938035996,0.209388345479965,-0.00979938078671694
111.947973174,0.207394182682037,-0.00979939848184586
111.958014418,0.207394182682037,-0.00979939848184586
111.967955548,0.208391278982162,-0.00734954932704568
111.978011461,0.207394182682037,-0.00979939848184586
111.98795538,0.207394182682037,-0.00979939848184586
111.998005711,0.207394182682037,-0.00979939848184586
112.00795229,0.207394182682037,-0.00979939848184586
112.018007981,0.206397086381912,-0.0122492490336299
112.027950077,0.205400004982948,-0.00979939848184586
112.038011582,0.205400004982948,-0.00979939848184586
112.047951491,0.206397086381912,-0.0122492490336299
112.058021279,0.206397086381912,-0.0122492490336299
112.068013752,0.205400019884109,-0.0146990800276399
112.078019188,0.205400019884109,-0.0146990800276399
112.088018015,0.205400019884109,-0.0146990800276399
112.097980568,0.207394182682037,-0.0146990800276399
112.108021185,0.207394182682037,-0.0146990800276399
112.117969121,0.209388345479965,-0.0146990800276399
112.128016117,0.21038544178009,-0.0171489305794239
112.137976852,0.209388345479965,-0.0146990800276399
112.14805364,0.21038544178009,-0.0122492304071784
112.157924007,0.21038544178009,-0.0122492304071784
112.168024341,0.212379619479179,-0.0122492304071784
112.178007745,0.212379619479179,-0.0122492304071784
112.187972885,0.213376700878143,-0.00979938078671694
112.198021319,0.212379619479179,-0.0122492304071784
112.207969393,0.213376700878143,-0.00979938078671694
112.218021389,0.213376700878143,-0.0146990800276399
112.22795201,0.214373797178268,-0.0122492304071784
112.237992393,0.215370893478394,-0.0146990800276399
112.248000233,0.215370893478394,-0.0146990800276399
112.258000262,0.215370893478394,-0.0146990800276399
112.267991191,0.214373797178268,-0.0171489305794239
112.277953859,0.216367959976196,-0.0171489119529724
112.287998257,0.215370878577232,-0.0195987615734339
112.297989202,0.216367959976196,-0.0171489119529724
112.307991224,0.215370878577232,-0.0195987615734339
112.317919141,0.215370893478394,-0.0146990800276399
112.327995722,0.214373797178268,-0.0171489305794239
112.337986707,0.214373797178268,-0.0171489305794239
112.34799162,0.214373797178268,-0.0171489305794239
112.357990449,0.215370878577232,-0.0195987615734339
112.368002561,0.216367959976196,-0.0171489119529724
112.377987424,0.214373797178268,-0.0171489305794239
112.388003979,0.215370893478394,-0.0146990800276399
112.397985323,0.214373797178268,-0.0171489305794239
112.4079689,0.215370893478394,-0.0146990800276399
112.418006908,0.214373797178268,-0.0171489305794239
112.42796685,0.216367959976196,-0.0171489119529724
112.438004166,0.216367959976196,-0.0171489119529724
112.447999696,0.216367959976196,-0.0171489119529724
112.45795315,0.215370893478394,-0.0146990800276399
112.46800266,0.215370893478394,-0.0146990800276399
112.477891244,0.215370893478394,-0.0146990800276399
112.488000509,0.214373797178268,-0.0171489305794239
112.498002289,0.214373797178268,-0.0171489305794239
112.507955893,0.214373797178268,-0.0171489305794239
112.518000206,0.213376700878143,-0.0146990800276399
112.528001298,0.211382538080215,-0.0146990800276399
112.537954299,0.211382538080215,-0.0146990800276399
112.548008909,0.209388345479965,-0.0146990800276399
112.557887562,0.209388345479965,-0.0146990800276399
112.568002058,0.207394182682037,-0.0195987615734339
112.577991019,0.206397086381912,-0.0171489119529724
112.588001222,0.205400019884109,-0.0146990800276399
112.598005208,0.205400019884109,-0.0146990800276399
112.607988438,0.202408745884895,-0.0171489305794239
112.618000984,0.202408745884895,-0.0171489305794239
112.627973265,0.200414568185806,-0.0171489305794239
112.637959916,0.199417471885681,-0.0146990800276399
112.647956597,0.199417471885681,-0.0195987801998854
112.658003461,0.196426212787628,-0.0171489119529724
112.667950117,0.197423309087753,-0.0146990800276399
112.677967482,0.195429131388664,-0.0146990614011884
112.688006652,0.195429131388664,-0.0195987615734339
112.697984504,0.192437872290611,-0.0171489305794239
112.708001957,0.192437872290611,-0.0171489305794239
112.717949751,0.191440790891647,-0.0195987801998854
112.727989263,0.191440790891647,-0.0195987801998854
112.738002049,0.190443694591522,-0.0220486298203468
112.748006085,0.189446598291397,-0.0195987801998854
112.758012828,0.189446598291397,-0.0195987801998854
112.767996891,0.187452435493469,-0.0195987615734339
112.778019308,0.188449531793594,-0.0220486111938953
112.788003283,0.18545825779438,-0.0195987615734339
112.797937074,0.186455339193344,-0.0220486111938953
112.808001286,0.186455339193344,-0.0220486111938953
112.817998935,0.186455339193344,-0.0220486111938953
112.828003587,0.18545825779438,-0.0195987615734339
112.837956346,0.18545825779438,-0.0195987615734339
112.847995785,0.18545825779438,-0.0195987615734339
112.857976435,0.186455339193344,-0.0220486111938953
112.867991605,0.18545825779438,-0.0195987615734339
112.877862774,0.184461176395416,-0.0220486111938953
112.887989462,0.186455339193344,-0.0220486111938953
112.897996812,0.18545825779438,-0.0195987615734339
112.907990189,0.18545825779438,-0.0195987615734339
112.917990446,0.184461176395416,-0.0171489119529724
112.927952474,0.18545825779438,-0.0195987615734339
112.937989748,0.18545825779438,-0.0195987615734339
112.947976755,0.183464080095291,-0.0195987615734339
112.957858865,0.183464080095291,-0.0195987615734339
112.968003712,0.183464080095291,-0.0195987615734339
112.977989524,0.184461176395416,-0.0171489119529724
112.988003728,0.183464080095291,-0.0146990800276399
112.997989734,0.184461176395416,-0.0171489119529724
113.008000085,0.184461176395416,-0.0171489119529724
113.018007586,0.184461176395416,-0.0171489119529724
113.028003849,0.184461176395416,-0.0171489119529724
113.037860088,0.183464080095291,-0.0146990800276399
113.048001175,0.18545825779438,-0.0146990614011884
113.057991237,0.184461176395416,-0.0122492304071784
113.068000166,0.18545825779438,-0.0146990614011884
113.077987058,0.184461176395416,-0.0122492304071784
113.088009039,0.18545825779438,-0.0146990614011884
113.098014606,0.18545825779438,-0.0146990614011884
113.107973042,0.18545825779438,-0.00979939848184586
113.117921272,0.186455339193344,-0.0122492304071784
113.127985432,0.186455339193344,-0.0122492304071784
113.137999969,0.186455339193344,-0.0122492304071784
113.147988936,0.187452435493469,-0.00979938078671694
113.157981851,0.188449516892433,-0.0122492304071784
113.167987763,0.188449516892433,-0.0122492304071784
113.177754664,0.190443694591522,-0.0122492304071784
113.187996065,0.190443694591522,-0.0122492304071784
113.197854965,0.189446598291397,-0.00979938078671694
113.207997668,0.189446598291397,-0.0146990800276399
113.217994006,0.190443694591522,-0.0122492304071784
113.227953762,0.190443694591522,-0.0122492304071784
113.237999064,0.191440790891647,-0.0146990800276399
113.247987092,0.189446598291397,-0.0146990800276399
113.257995522,0.191440790891647,-0.0146990800276399
113.267682748,0.191440790891647,-0.00979938078671694
113.277714443,0.190443694591522,-0.0122492304071784
113.287999499,0.191440790891647,-0.00979938078671694
113.298032233,0.192437872290611,-0.0122492304071784
113.308006572,0.193434953689575,-0.00979938078671694
113.318020074,0.192437872290611,-0.0122492304071784
113.327971724,0.193434953689575,-0.00979938078671694
113.338015613,0.1944320499897,-0.00734954932704568
113.347982375,0.196426212787628,-0.00734954932704568
113.357857016,0.1944320499897,-0.00734954932704568
113.367713897,0.195429131388664,-0.00979939848184586
113.377711744,0.196426212787628,-0.00734954932704568
113.388001167,0.196426212787628,-0.00734954932704568
113.397979369,0.198420390486717,-0.00734953070059419
113.408022315,0.198420390486717,-0.00734953070059419
113.418013571,0.199417471885681,-0.00489968108013272
113.428021628,0.199417471885681,-0.00489968108013272
113.437862664,0.199417471885681,-0.00489968108013272
113.448019973,0.199417471885681,-0.00979938078671694
113.458014094,0.200414568185806,-0.00734953070059419
113.467695967,0.200414568185806,-0.00734953070059419
113.477844746,0.201411664485931,-0.00979938078671694
113.488021001,0.202408745884895,-0.00734953070059419
113.498030135,0.201411664485931,-0.00489968108013272
113.508013426,0.202408745884895,-0.00734953070059419
113.517806708,0.203405827283859,-0.00489969924092293
113.528051639,0.205400004982948,-0.00489969924092293
113.538015963,0.206397086381912,-0.00734954932704568
113.548017453,0.208391278982162,-0.00244984962046146
113.557999386,0.21038544178009,-0.00244984962046146
113.567889216,0.212379619479179,-0.00244983145967126
113.577971928,0.212379619479179,0.00244983145967126
113.588023722,0.212379619479179,-0.00244983145967126
113.597853994,0.214373797178268,-0.00244984962046146
113.608017729,0.215370878577232,0
113.61800715,0.216367959976196,-0.00244984962046146
113.628013178,0.215370878577232,0
113.63801907,0.216367959976196,0.00244984962046146
113.648021082,0.216367959976196,0.00244984962046146
113.658005447,0.215370878577232,0
113.668012722,0.215370878577232,0
113.677815635,0.216367959976196,-0.00244984962046146
113.687976175,0.216367959976196,0.00244984962046146
113.698020819,0.216367959976196,0.00244984962046146
113.70801521,0.215370878577232,0.00489969924092293
113.71797068,0.215370878577232,0.00489969924092293
113.728019199,0.215370878577232,0
113.73798433,0.214373797178268,0.00244984962046146
113.748015587,0.214373797178268,0.00244984962046146
113.757822607,0.215370878577232,0.00489969924092293
113.768020009,0.214373797178268,0.00734953070059419
113.777982008,0.213376700878143,0.00979938078671694
113.788029998,0.213376700878143,0.00489968108013272
113.79801886,0.212379619479179,0.00734953070059419
113.80801802,0.213376700878143,0.00489968108013272
113.818010911,0.211382538080215,0.00489968108013272
113.828021243,0.212379619479179,0.00734953070059419
113.837784752,0.211382538080215,0.00489968108013272
113.848042544,0.21038544178009,0.00734953070059419
113.858022342,0.209388345479965,0.00979938078671694
113.868017025,0.208391278982162,0.00734954932704568
113.877989721,0.208391278982162,0.00734954932704568
113.888040652,0.208391278982162,0.00734954932704568
113.898001874,0.207394182682037,0.00489969924092293
113.908022237,0.206397086381912,0.00734954932704568
113.917791461,0.206397086381912,0.00734954932704568
113.928048055,0.203405827283859,0.00979938078671694
113.938017171,0.203405827283859,0.00979938078671694
113.948016727,0.202408745884895,0.00734953070059419
113.957971662,0.202408745884895,0.00734953070059419
113.968009145,0.201411664485931,0.00979938078671694
113.977988995,0.200414568185806,0.00734953070059419
113.988013532,0.198420390486717,0.0122492304071784
113.997775025,0.197423309087753,0.0146990800276399
114.008034326,0.196426212787628,0.0122492304071784
114.017977682,0.195429131388664,0.0146990614011884
114.028015107,0.196426212787628,0.0122492304071784
114.03795877,0.195429131388664,0.0146990614011884
114.048011862,0.1944320499897,0.0122492304071784
114.057995535,0.193434953689575,0.00979938078671694
114.068023145,0.1944320499897,0.00734954932704568
114.077787038,0.193434953689575,0.00979938078671694
114.088023493,0.193434953689575,0.00979938078671694
114.098031226,0.192437872290611,0.00734953070059419
114.107972574,0.193434953689575,0.00489969924092293
114.118018186,0.193434953689575,0.00489969924092293
114.127968907,0.19243785738945,0.00244984962046146
114.138018268,0.19243785738945,0.00244984962046146
114.147969594,0.193434953689575,0.00489969924092293
114.15777238,0.19243785738945,0.00244984962046146
114.167990618,0.191440790891647,0.00489968108013272
114.177955615,0.191440775990486,0
114.187991093,0.19243785738945,-0.00244984962046146
114.198023794,0.1944320499897,-0.00244984962046146
114.20798733,0.191440775990486,0
114.218013473,0.193434953689575,-0.00489969924092293
114.227991105,0.193434953689575,0
114.237770458,0.1944320499897,-0.00244984962046146
114.247963097,0.195429131388664,-0.00489969924092293
114.258028321,0.196426212787628,-0.00244984962046146
114.26802595,0.196426212787628,-0.00244984962046146
114.278000016,0.198420405387878,-0.00244984962046146
114.287991777,0.198420405387878,-0.00244984962046146
114.29797263,0.198420405387878,-0.00244984962046146
114.308003339,0.200414568185806,-0.00244983145967126
114.317745072,0.200414568185806,0.00244983145967126
114.327986414,0.202408730983734,-0.00244984962046146
114.338005509,0.202408730983734,-0.00244984962046146
114.347993499,0.203405827283859,0
114.358007628,0.203405827283859,0
114.368005468,0.205400004982948,-0.00489969924092293
114.377993557,0.204402923583984,-0.00244984962046146
114.387994329,0.204402923583984,-0.00244984962046146
114.397746744,0.205400004982948,-0.00489969924092293
114.407987324,0.207394182682037,-0.00489969924092293
114.417960815,0.207394182682037,-0.00979939848184586
114.427993464,0.207394182682037,-0.00489969924092293
114.43799038,0.208391278982162,-0.00734954932704568
114.447986679,0.206397086381912,-0.00734954932704568
114.457995718,0.207394182682037,-0.00979939848184586
114.46801063,0.207394182682037,-0.00489969924092293
114.477741314,0.209388345479965,-0.00979938078671694
114.487974851,0.209388345479965,-0.00979938078671694
114.498002104,0.21038544178009,-0.00734953070059419
114.507991199,0.209388345479965,-0.00979938078671694
114.518008842,0.209388345479965,-0.00979938078671694
114.528000431,0.21038544178009,-0.0122492304071784
114.538004332,0.21038544178009,-0.0122492304071784
114.547991559,0.21038544178009,-0.0122492304071784
114.557742215,0.211382538080215,-0.00979938078671694
114.568008225,0.211382538080215,-0.0146990800276399
114.577990247,0.211382538080215,-0.00979938078671694
114.588004174,0.212379619479179,-0.0122492304071784
114.597989891,0.21038544178009,-0.0122492304071784
114.607985369,0.211382538080215,-0.00979938078671694
114.617985396,0.211382538080215,-0.00979938078671694
114.627994742,0.209388345479965,-0.00979938078671694
114.637741492,0.209388345479965,-0.00979938078671694
114.647998516,0.209388345479965,-0.00979938078671694
114.657988534,0.208391264081001,-0.0122492304071784
114.667989048,0.207394182682037,-0.00979939848184586
114.677987694,0.206397086381912,-0.0122492490336299
114.688011466,0.206397086381912,-0.0122492490336299
114.697983401,0.206397086381912,-0.0122492490336299
114.707958515,0.204402923583984,-0.0122492304071784
114.717739034,0.204402923583984,-0.0122492304071784
114.72799478,0.204402923583984,-0.0122492304071784
114.737988778,0.204402923583984,-0.0122492304071784
114.747963283,0.204402923583984,-0.0122492304071784
114.757959305,0.204402923583984,-0.0122492304071784
114.76799979,0.205400004982948,-0.00979939848184586
114.777960878,0.205400004982948,-0.00979939848184586
114.787959162,0.204402923583984,-0.00734954932704568
114.797738552,0.206397086381912,-0.00734954932704568
114.807989529,0.206397086381912,-0.00734954932704568
114.817987056,0.206397086381912,-0.00734954932704568
114.827991177,0.207394182682037,-0.00489969924092293
114.83798158,0.206397086381912,-0.00244984962046146
114.847997123,0.207394182682037,-0.00489969924092293
114.857984712,0.208391278982162,-0.00244984962046146
114.867557408,0.207394182682037,-0.00489969924092293
114.877733727,0.207394182682037,0
114.887985484,0.208391278982162,-0.00244984962046146
114.898000567,0.207394182682037,0
114.908002241,0.208391278982162,-0.00244984962046146
114.917998249,0.208391278982162,0.00244984962046146
114.928002766,0.207394182682037,0
114.938007684,0.209388360381126,0
114.94800226,0.208391278982162,0.00244984962046146
114.957731702,0.207394182682037,0.00489969924092293
114.967691919,0.207394182682037,0.00489969924092293
114.977990528,0.207394182682037,0
114.987988336,0.206397086381912,0.00244984962046146
114.997992323,0.206397086381912,0.00244984962046146
115.007990505,0.206397086381912,0.00244984962046146
115.017992771,0.205400004982948,0
115.027989849,0.205400004982948,0
115.037732214,0.202408730983734,0.00244984962046146
115.047992251,0.203405827283859,0
115.057994398,0.200414568185806,-0.00244983145967126
115.067916274,0.200414568185806,-0.00244983145967126
115.0779952,0.199417486786842,0
115.087563176,0.198420405387878,-0.00244984962046146
115.097988934,0.196426212787628,-0.00244984962046146
115.107994079,0.1944320499897,-0.00244984962046146
115.117731359,0.19243785738945,-0.00244984962046146
115.127988956,0.19243785738945,-0.00244984962046146
115.137993483,0.191440790891647,-0.00489968108013272
115.147992616,0.190443694591522,-0.00244983145967126
115.157989656,0.190443694591522,-0.00244983145967126
115.167994584,0.190443694591522,-0.00244983145967126
115.177995051,0.188449531793594,-0.00244984962046146
115.187997086,0.187452435493469,0
115.197725946,0.188449531793594,-0.00244984962046146
115.207995775,0.187452435493469,0
115.217992231,0.188449531793594,0.00244984962046146
115.227993076,0.188449531793594,0.00244984962046146
115.237992338,0.188449531793594,0.00244984962046146
115.247995872,0.187452435493469,0.00489969924092293
115.257989583,0.189446598291397,0.00489968108013272
115.267996631,0.187452435493469,0.00489969924092293
115.277724492,0.188449516892433,0.00734953070059419
115.287989731,0.188449516892433,0.00734953070059419
115.297994083,0.188449516892433,0.00734953070059419
115.307971383,0.189446598291397,0.00979938078671694
115.317993376,0.188449516892433,0.00734953070059419
115.327991883,0.187452435493469,0.00979938078671694
115.338014218,0.187452435493469,0.00979938078671694
115.34801918,0.187452435493469,0.00979938078671694
115.35775128,0.186455339193344,0.00734954932704568
115.368006608,0.187452435493469,0.00979938078671694
115.3780208,0.187452435493469,0.00979938078671694
115.388022575,0.188449516892433,0.0122492304071784
115.398022067,0.187452435493469,0.0146990800276399
115.408027111,0.187452435493469,0.0146990800276399
115.418022275,0.188449516892433,0.0171489305794239
115.428009064,0.188449516892433,0.0171489305794239
115.437745308,0.190443694591522,0.0171489305794239
115.448009622,0.190443694591522,0.0171489305794239
115.458025335,0.190443694591522,0.0220486298203468
115.468018527,0.191440790891647,0.0195987801998854
115.478020912,0.19243785738945,0.0220486111938953
115.488012511,0.19243785738945,0.0220486111938953
115.498031581,0.19243785738945,0.0220486111938953
115.507962008,0.19243785738945,0.0220486111938953
115.517744627,0.19243785738945,0.0220486111938953
115.52800377,0.192437872290611,0.0171489305794239
115.5380282,0.191440790891647,0.0195987801998854
115.548009849,0.190443694591522,0.0171489305794239
115.557995736,0.190443694591522,0.0171489305794239
115.568017913,0.188449516892433,0.0171489305794239
115.577996189,0.187452435493469,0.0146990800276399
115.588018484,0.186455339193344,0.0122492304071784
115.597743597,0.18545825779438,0.00979939848184586
115.608022273,0.18545825779438,0.00979939848184586
115.618015798,0.184461176395416,0.00734954932704568
115.628010808,0.183464080095291,0.00979938078671694
115.638008647,0.182466998696327,0.00734953070059419
115.648024961,0.182466998696327,0.00734953070059419
115.658012456,0.181469917297363,0.00489968108013272
115.668007922,0.182466998696327,0.00734953070059419
115.677744643,0.180472820997238,0.00734953070059419
115.688011332,0.180472820997238,0.00734953070059419
115.698009915,0.180472820997238,0.00734953070059419
115.70802577,0.179475724697113,0.00489968108013272
115.718012071,0.179475724697113,0.00489968108013272
115.728021262,0.178478643298149,0.00734953070059419
115.73800809,0.178478643298149,0.00734953070059419
115.748023873,0.178478643298149,0.00734953070059419
115.757737496,0.178478643298149,0.00734953070059419
115.768021715,0.17648446559906,0.00734954932704568
115.778017847,0.177481561899185,0.00489969924092293
115.78801095,0.177481561899185,0.00489969924092293
115.79801564,0.177481561899185,0.00489969924092293
115.807955084,0.17648446559906,0.00734954932704568
115.81802121,0.17648446559906,0.00734954932704568
115.827955481,0.17648446559906,0.00734954932704568
115.837744238,0.175487384200096,0.00489969924092293
115.848012843,0.175487384200096,0.00489969924092293
115.85802456,0.174490302801132,0.00734954932704568
115.867999993,0.174490302801132,0.00244984962046146
115.878018304,0.174490302801132,0.00244984962046146
115.887947948,0.172496110200882,0.00244984962046146
115.898059115,0.172496110200882,0.00244984962046146
115.9080263,0.172496110200882,0.00244984962046146
115.917713827,0.171499028801918,0
115.927987471,0.171499028801918,0
115.938001793,0.171499028801918,0
115.947987287,0.170501947402954,0.00244983145967126
115.957989782,0.171499028801918,0
115.967991927,0.171499028801918,0
115.977987171,0.171499028801918,0
115.987991883,0.173493206501007,0
115.997716594,0.172496110200882,0.00244984962046146
116.007984543,0.173493206501007,0
116.018004193,0.172496110200882,0.00244984962046146
116.027985359,0.173493206501007,0
116.038008079,0.175487384200096,0.00489969924092293
116.04795078,0.177481561899185,0
116.057998222,0.17648446559906,0.00244984962046146
116.067952143,0.177481561899185,0.00489969924092293
116.077713402,0.177481561899185,0.00489969924092293
116.087992071,0.177481561899185,0.00489969924092293
116.097989803,0.179475724697113,0.00489968108013272
116.10798255,0.179475724697113,0.00489968108013272
116.117979555,0.182466998696327,0.00734953070059419
116.12799596,0.182466998696327,0.00734953070059419
116.137989984,0.182466998696327,0.00734953070059419
116.147989326,0.181469917297363,0.00979938078671694
116.157711342,0.182466998696327,0.00734953070059419
116.168003641,0.184461176395416,0.00734954932704568
116.177945332,0.184461176395416,0.00734954932704568
116.188001322,0.18545825779438,0.00979939848184586
116.197986992,0.186455339193344,0.00734954932704568
116.207984625,0.186455339193344,0.00734954932704568
116.218003161,0.187452435493469,0.00489969924092293
116.228005247,0.188449516892433,0.00734953070059419
116.237707787,0.188449516892433,0.00734953070059419
116.24801716,0.190443694591522,0.00734953070059419
116.257976026,0.192437872290611,0.00734953070059419
116.268003572,0.191440790891647,0.00979938078671694
116.277946349,0.193434953689575,0.00979938078671694
116.288003328,0.193434953689575,0.00979938078671694
116.298007036,0.193434953689575,0.00979938078671694
116.307947509,0.1944320499897,0.0122492304071784
116.317709259,0.193434953689575,0.0146990800276399
116.327949078,0.1944320499897,0.0122492304071784
116.338001208,0.1944320499897,0.0122492304071784
116.347984347,0.193434953689575,0.0146990800276399
116.357995233,0.192437872290611,0.0171489305794239
116.36800665,0.192437872290611,0.0122492304071784
116.377983631,0.191440790891647,0.0146990800276399
116.387971907,0.190443694591522,0.0122492304071784
116.397702519,0.189446598291397,0.0146990800276399
116.407983856,0.190443694591522,0.0122492304071784
116.417987822,0.188449516892433,0.0122492304071784
116.427953833,0.186455339193344,0.0122492304071784
116.438003563,0.186455339193344,0.00734954932704568
116.447953971,0.18545825779438,0.00979939848184586
116.458004051,0.18545825779438,0.00489969924092293
116.467984444,0.183464080095291,0.00979938078671694
116.477703396,0.182466998696327,0.00734953070059419
116.488011091,0.183464080095291,0.00979938078671694
116.497999745,0.182466998696327,0.00734953070059419
116.507986313,0.180472820997238,0.00734953070059419
116.518010864,0.181469917297363,0.00489968108013272
116.527988799,0.181469917297363,0.00489968108013272
116.53800843,0.181469917297363,0.00979938078671694
116.547951566,0.181469917297363,0.00489968108013272
116.557701166,0.180472820997238,0.00734953070059419
116.567982739,0.180472820997238,0.00734953070059419
116.578007954,0.180472820997238,0.00734953070059419
116.587997495,0.179475724697113,0.00489968108013272
116.598003778,0.179475724697113,0.00489968108013272
116.607943444,0.181469917297363,0.00489968108013272
116.618002417,0.181469917297363,0.00489968108013272
116.628003546,0.180472820997238,0.00734953070059419
116.637704772,0.179475724697113,0.00489968108013272
116.648001749,0.179475724697113,0.00489968108013272
116.658002707,0.178478643298149,0.00734953070059419
116.668003309,0.179475724697113,0.00489968108013272
116.678005514,0.179475724697113,0.00489968108013272
116.687984506,0.180472820997238,0.00734953070059419
116.697974097,0.180472820997238,0.00734953070059419
116.70800011,0.178478643298149,0.00734953070059419
116.717699583,0.178478643298149,0.00734953070059419
116.728002852,0.180472820997238,0.00734953070059419
116.738004262,0.180472820997238,0.00734953070059419
116.747950252,0.182466998696327,0.00734953070059419
116.758005679,0.182466998696327,0.00734953070059419
116.767945206,0.184461176395416,0.00734954932704568
116.778012196,0.186455339193344,0.00734954932704568
116.787945837,0.186455339193344,0.00734954932704568
116.797696284,0.187452435493469,0.00979938078671694
116.808003634,0.189446598291397,0.00979938078671694
116.818039218,0.190443694591522,0.0122492304071784
116.828016667,0.191440790891647,0.00979938078671694
116.838003282,0.193434953689575,0.0146990800276399
116.848039385,0.193434953689575,0.0146990800276399
116.857992553,0.196426212787628,0.0171489119529724
116.868009562,0.196426212787628,0.0171489119529724
116.877719056,0.195429131388664,0.0195987615734339
116.887391122,0.197423309087753,0.0195987615734339
116.898017254,0.197423309087753,0.0195987615734339
116.908008137,0.197423309087753,0.0244984608143568
116.918021227,0.198420405387878,0.0220486111938953
116.928020111,0.199417486786842,0.0244984608143568
116.93802153,0.198420405387878,0.0220486111938953
116.94800649,0.199417486786842,0.0244984608143568
116.957721898,0.199417471885681,0.0195987801998854
116.968009493,0.200414568185806,0.0220486298203468
116.978018092,0.200414568185806,0.0220486298203468
116.987541184,0.200414568185806,0.0220486298203468
116.998016007,0.201411664485931,0.0195987801998854
117.008027805,0.200414568185806,0.0171489305794239
117.018023559,0.201411664485931,0.0195987801998854
117.028007894,0.200414568185806,0.0171489305794239
117.037716391,0.202408745884895,0.0171489305794239
117.048014588,0.200414568185806,0.0171489305794239
117.058021046,0.200414568185806,0.0171489305794239
117.068025824,0.199417471885681,0.0146990800276399
117.078028638,0.199417471885681,0.0146990800276399
117.087724911,0.198420390486717,0.0122492304071784
117.098020121,0.197423309087753,0.0146990800276399
117.108011232,0.197423309087753,0.0146990800276399
117.11770221,0.196426212787628,0.0122492304071784
117.128006759,0.195429131388664,0.0146990614011884
117.13802715,0.193434953689575,0.0146990800276399
117.148015622,0.193434953689575,0.00979938078671694
117.158023573,0.192437872290611,0.0122492304071784
117.168034331,0.191440790891647,0.0146990800276399
117.178009286,0.191440790891647,0.00979938078671694
117.187888413,0.190443694591522,0.0122492304071784
117.197700224,0.190443694591522,0.0122492304071784
117.20800781,0.189446598291397,0.00979938078671694
117.218024543,0.189446598291397,0.00979938078671694
117.228007879,0.188449516892433,0.00734953070059419
117.238013243,0.188449516892433,0.00734953070059419
117.24801774,0.189446598291397,0.00979938078671694
117.258011345,0.189446598291397,0.00979938078671694
117.268060021,0.190443694591522,0.00734953070059419
117.277693523,0.189446598291397,0.00979938078671694
117.288008841,0.189446598291397,0.00979938078671694
117.298018862,0.190443694591522,0.00734953070059419
117.307988964,0.191440790891647,0.00979938078671694
117.317990597,0.191440790891647,0.00979938078671694
117.327995284,0.193434953689575,0.00979938078671694
117.337987193,0.193434953689575,0.00979938078671694
117.347995336,0.193434953689575,0.00979938078671694
117.35767519,0.193434953689575,0.00489969924092293
117.367990958,0.192437872290611,0.00734953070059419
117.377982083,0.192437872290611,0.00734953070059419
117.388020083,0.192437872290611,0.00734953070059419
117.398006199,0.192437872290611,0.00734953070059419
117.408009712,0.191440790891647,0.00489968108013272
117.418014361,0.191440790891647,0.00489968108013272
117.428015743,0.190443694591522,0.00734953070059419
117.437670565,0.189446598291397,0.00489968108013272
117.447987806,0.189446598291397,0.00489968108013272
117.458020606,0.189446598291397,0.00979938078671694
117.4680103,0.188449516892433,0.00734953070059419
117.478023489,0.190443694591522,0.00734953070059419
117.488026876,0.190443694591522,0.00244983145967126
117.498018655,0.189446598291397,0.00489968108013272
117.508021425,0.191440790891647,0.00489968108013272
117.517672778,0.190443694591522,0.00244983145967126
117.528017557,0.190443694591522,0.00244983145967126
117.538018543,0.19243785738945,0.00244984962046146
117.548006822,0.191440775990486,0
117.558015375,0.191440775990486,0
117.568005719,0.193434953689575,0
117.578008703,0.193434953689575,0
117.588016095,0.193434953689575,0.00489969924092293
117.597673467,0.193434953689575,0
117.60802353,0.19243785738945,0.00244984962046146
117.618010287,0.193434953689575,0.00489969924092293
117.62801836,0.1944320499897,0.00244984962046146
117.638000244,0.1944320499897,0.00244984962046146
117.648010873,0.1944320499897,0.00734954932704568
117.658011401,0.195429131388664,0.00489969924092293
117.668019779,0.195429131388664,0.00489969924092293
117.67765917,0.1944320499897,0.00734954932704568
117.688005704,0.197423309087753,0.00489969924092293
117.69802812,0.197423309087753,0.00979938078671694
117.708013317,0.198420390486717,0.00734953070059419
117.717990833,0.198420390486717,0.00734953070059419
117.728024061,0.199417471885681,0.00979938078671694
117.737989648,0.199417471885681,0.00979938078671694
117.748008105,0.200414568185806,0.00734953070059419
117.757634983,0.201411664485931,0.00979938078671694
117.7674036,0.201411664485931,0.00979938078671694
117.777976434,0.202408745884895,0.00734953070059419
117.788017926,0.202408745884895,0.00734953070059419
117.797993729,0.204402923583984,0.00734954932704568
117.808008408,0.204402923583984,0.00734954932704568
117.818019739,0.204402923583984,0.00734954932704568
117.828018269,0.204402923583984,0.00734954932704568
117.83763825,0.204402923583984,0.00734954932704568
117.848029186,0.205400004982948,0.00979939848184586
117.857984852,0.204402923583984,0.00734954932704568
117.868022802,0.205400004982948,0.00979939848184586
117.877989614,0.206397086381912,0.0122492490336299
117.888008694,0.204402923583984,0.0122492304071784
117.897980438,0.204402923583984,0.0122492304071784
117.908017691,0.204402923583984,0.0122492304071784
117.917341687,0.205400019884109,0.0146990800276399
117.927919797,0.204402923583984,0.0122492304071784
117.937887057,0.206397086381912,0.0122492490336299
117.947898133,0.205400019884109,0.0146990800276399
117.957914002,0.206397086381912,0.0171489119529724
117.967895686,0.205400019884109,0.0146990800276399
117.977990331,0.206397086381912,0.0122492490336299
117.988023425,0.207394182682037,0.0146990800276399
117.997630817,0.207394182682037,0.0146990800276399
118.008011255,0.209388345479965,0.0146990800276399
118.017981614,0.21038544178009,0.0122492304071784
118.028010742,0.211382538080215,0.0146990800276399
118.038011532,0.21038544178009,0.0122492304071784
118.0480211,0.213376700878143,0.00979938078671694
118.058018126,0.213376700878143,0.00979938078671694
118.068004441,0.214373797178268,0.00734953070059419
118.077629636,0.214373797178268,0.0122492304071784
118.087978186,0.215370893478394,0.00979938078671694
118.097981229,0.215370893478394,0.00979938078671694
118.108008288,0.215370893478394,0.00979938078671694
118.118028674,0.214373797178268,0.0122492304071784
118.12801602,0.215370893478394,0.00979938078671694
118.138010427,0.216367974877357,0.0122492304071784
118.148018115,0.214373797178268,0.0122492304071784
118.157606762,0.215370893478394,0.00979938078671694
118.168018295,0.215370893478394,0.0146990800276399
118.177986408,0.214373797178268,0.0122492304071784
118.188008215,0.215370893478394,0.0146990800276399
118.198008914,0.216367974877357,0.0122492304071784
118.208014595,0.215370893478394,0.0146990800276399
118.21801033,0.216367974877357,0.0122492304071784
118.228013214,0.215370893478394,0.0146990800276399
118.237604795,0.215370878577232,0.0195987615734339
118.2480081,0.216367959976196,0.0171489119529724
118.258018674,0.215370878577232,0.0195987615734339
118.26801368,0.216367959976196,0.0171489119529724
118.2780154,0.217365056276321,0.0195987615734339
118.287973006,0.216367959976196,0.0171489119529724
118.298018202,0.215370878577232,0.0195987615734339
118.30802559,0.216367959976196,0.0171489119529724
118.317608307,0.216367959976196,0.0220486111938953
118.328019268,0.217365056276321,0.0195987615734339
118.338018416,0.216367959976196,0.0171489119529724
118.348004187,0.217365056276321,0.0195987615734339
118.357987888,0.218362152576447,0.0171489119529724
118.368010585,0.218362152576447,0.0171489119529724
118.378019249,0.219359219074249,0.0146990800276399
118.388005945,0.219359219074249,0.0146990800276399
118.397604845,0.2213534116745,0.0146990800276399
118.407291128,0.2213534116745,0.0146990800276399
118.418016105,0.222350493073463,0.0122492304071784
118.428028057,0.223347574472427,0.0146990800276399
118.437987632,0.226338848471642,0.0122492304071784
118.448018876,0.22633883357048,0.00734954932704568
118.457990139,0.227335929870605,0.00979939848184586
118.468031315,0.228333011269569,0.0122492304071784
118.4775736,0.228333011269569,0.0122492304071784
118.488018889,0.230327188968658,0.0122492304071784
118.497988873,0.231324285268784,0.00979938078671694
118.508013606,0.232321366667747,0.0122492304071784
118.51802665,0.232321366667747,0.00734953070059419
118.52800338,0.232321366667747,0.00734953070059419
118.537993334,0.232321366667747,0.00734953070059419
118.548017437,0.232321366667747,0.0122492304071784
118.557578813,0.233318448066711,0.00979938078671694
118.568016041,0.233318448066711,0.00979938078671694
118.577987448,0.233318448066711,0.00489968108013272
118.587999586,0.232321366667747,0.00734953070059419
118.597984828,0.232321366667747,0.00734953070059419
118.608021468,0.232321366667747,0.00734953070059419
118.618015208,0.232321366667747,0.00734953070059419
118.62800787,0.232321366667747,0.00734953070059419
118.637566565,0.232321366667747,0.00734953070059419
118.648007372,0.232321366667747,0.00734953070059419
118.658024496,0.232321366667747,0.00734953070059419
118.668025817,0.231324285268784,0.00489968108013272
118.678021983,0.233318448066711,0.00489968108013272
118.688007897,0.233318448066711,0
118.698012885,0.232321366667747,0.00244983145967126
118.708012126,0.232321366667747,0.00244983145967126
118.71757024,0.233318448066711,0.00489968108013272
118.728025309,0.232321366667747,0.00244983145967126
118.738017289,0.232321366667747,0.00244983145967126
118.747168082,0.232321366667747,-0.00244983145967126
118.758025122,0.231324285268784,0
118.768019382,0.233318448066711,0
118.778008041,0.230327188968658,0.00244984962046146
118.788045403,0.231324285268784,0.00489968108013272
118.797536353,0.230327188968658,0.00244984962046146
118.808015747,0.231324285268784,0
118.818010779,0.231324285268784,0
118.82800874,0.232321366667747,-0.00244983145967126
118.838012333,0.231324285268784,0
118.848008801,0.232321366667747,0.00244983145967126
118.858013949,0.231324285268784,0
118.86801106,0.231324285268784,0
118.877539372,0.232321366667747,-0.00244983145967126
118.888005788,0.232321366667747,-0.00244983145967126
118.898008572,0.233318448066711,0
118.908005194,0.232321366667747,-0.00244983145967126
118.918019438,0.230327188968658,-0.00244984962046146
118.927280399,0.230327188968658,0.00244984962046146
118.938003524,0.230327188968658,-0.00244984962046146
118.948013805,0.229330107569695,0
118.957540833,0.229330107569695,0
118.967292275,0.229330107569695,0
118.978041402,0.228333026170731,0.00244984962046146
118.987993825,0.22633883357048,0.00244984962046146
118.998013571,0.225341752171516,0
119.007998088,0.225341752171516,0.00489969924092293
119.018027387,0.22633883357048,0.00244984962046146
119.027966862,0.225341752171516,0
119.037538501,0.225341752171516,0.00489969924092293
119.048009504,0.225341752171516,0
119.058031547,0.225341752171516,0
119.067162557,0.225341752171516,0
119.077973952,0.225341752171516,0
119.088013159,0.225341752171516,0
119.098000301,0.227335929870605,0
119.108009096,0.22633883357048,-0.00244984962046146
119.117509236,0.225341752171516,0
119.128014125,0.22633883357048,0.00244984962046146
119.137266562,0.225341752171516,0
119.148030114,0.224344670772552,0.00244984962046146
119.15802752,0.224344670772552,0.00244984962046146
119.167123517,0.222350493073463,0.00244983145967126
119.177945895,0.222350493073463,0.00244983145967126
119.188010116,0.223347574472427,0.00489968108013272
119.197508061,0.220356315374374,0.00734953070059419
119.208017055,0.220356315374374,0.00734953070059419
119.217990783,0.220356315374374,0.00734953070059419
119.228009817,0.21935923397541,0.00489969924092293
119.237269292,0.218362152576447,0.00734954932704568
119.247261434,0.217365056276321,0.00489969924092293
119.257983841,0.217365056276321,0.00489969924092293
119.267120696,0.217365056276321,0.00489969924092293
119.277260602,0.217365056276321,0.00489969924092293
119.288013441,0.215370878577232,0.00489969924092293
119.297986543,0.217365056276321,0
119.307247203,0.215370878577232,0
119.317259029,0.214373797178268,0.00244984962046146
119.327262606,0.214373797178268,0.00244984962046146
119.338013661,0.214373797178268,0.00244984962046146
119.347955109,0.214373797178268,0.00244984962046146
119.357505326,0.214373797178268,0.00244984962046146
119.367121691,0.213376700878143,0.00489968108013272
119.377266119,0.212379619479179,0.00734953070059419
119.3872431,0.212379619479179,0.00734953070059419
119.397222809,0.211382538080215,0.00979938078671694
119.408033744,0.211382538080215,0.00979938078671694
119.417220247,0.211382538080215,0.00979938078671694
119.42721885,0.211382538080215,0.00979938078671694
119.43720005,0.211382538080215,0.00979938078671694
119.447190089,0.211382538080215,0.0146990800276399
119.457215042,0.21038544178009,0.0122492304071784
119.467090694,0.21038544178009,0.0122492304071784
119.477217707,0.21038544178009,0.0122492304071784
119.487223067,0.209388345479965,0.00979938078671694
119.497212175,0.209388345479965,0.00979938078671694
119.507220512,0.21038544178009,0.0122492304071784
119.517220839,0.209388345479965,0.00979938078671694
119.527228566,0.209388345479965,0.00979938078671694
119.537190952,0.209388345479965,0.00979938078671694
119.547211961,0.208391278982162,0.00734954932704568
119.557215389,0.208391264081001,0.0122492304071784
119.567090872,0.208391278982162,0.00734954932704568
119.577210076,0.207394182682037,0.00489969924092293
119.587217393,0.208391278982162,0.00734954932704568
119.597219572,0.207394182682037,0.00979939848184586
119.60721097,0.206397086381912,0.00734954932704568
119.617217851,0.206397086381912,0.00734954932704568
119.627218576,0.205400004982948,0.00979939848184586
119.637193116,0.204402923583984,0.00734954932704568
119.647214091,0.204402923583984,0.00734954932704568
119.657218726,0.203405827283859,0.00489969924092293
119.667124931,0.202408745884895,0.00734953070059419
119.677190521,0.202408745884895,0.00734953070059419
119.687144454,0.201411664485931,0.00489968108013272
119.697218602,0.199417471885681,0.00489968108013272
119.707211698,0.199417471885681,0.00489968108013272
119.717192899,0.198420405387878,0.00244984962046146
119.727138548,0.197423309087753,0
119.73716182,0.197423309087753,0
119.747143344,0.195429131388664,0
119.757156437,0.195429131388664,0
119.767092734,0.193434953689575,0
119.777135978,0.19243785738945,-0.00244984962046146
119.787162556,0.19243785738945,-0.00244984962046146
119.797153637,0.191440790891647,-0.00489968108013272
119.807131444,0.190443694591522,-0.00734953070059419
119.817157715,0.190443694591522,-0.00244983145967126
119.82714133,0.189446598291397,-0.00489968108013272
119.837163768,0.188449531793594,-0.00244984962046146
119.847133071,0.188449531793594,-0.00244984962046146
119.857158403,0.188449531793594,-0.00244984962046146
119.867095357,0.189446598291397,-0.00489968108013272
119.87714351,0.189446613192558,0
119.887194299,0.189446613192558,0
119.897100035,0.190443694591522,0.00244983145967126
119.907120207,0.191440790891647,0.00489968108013272
119.917124652,0.19243785738945,0.00244984962046146
119.92708847,0.193434953689575,0.00489969924092293
119.937118069,0.1944320499897,0.00244984962046146
119.947121707,0.198420405387878,0.00244984962046146
119.957131353,0.198420405387878,0.00244984962046146
119.967087345,0.200414568185806,0.00734953070059419
119.977087546,0.202408730983734,0.00244984962046146
119.987133904,0.203405827283859,0.00489969924092293
119.997108728,0.204402923583984,0.00244984962046146
120.007106538,0.206397086381912,0.00244984962046146
120.017090759,0.208391278982162,0.00244984962046146
120.027083781,0.209388360381126,0.00489969924092293
120.037091102,0.21038544178009,0.00734953070059419
120.047067975,0.21038544178009,0.00734953070059419
120.057071125,0.211382538080215,0.00979938078671694
120.067087494,0.213376700878143,0.00979938078671694
120.077076763,0.213376700878143,0.0146990800276399
120.087080947,0.215370893478394,0.0146990800276399
120.09706935,0.217365056276321,0.0146990614011884
120.107057018,0.217365056276321,0.0195987615734339
120.117072225,0.217365056276321,0.0244984608143568
120.127059322,0.218362152576447,0.0220486111938953
120.137068817,0.220356315374374,0.0220486111938953
120.147072533,0.220356315374374,0.0269483104348183
120.157064659,0.222350493073463,0.0220486298203468
120.167061625,0.222350493073463,0.0220486298203468
120.177054155,0.223347574472427,0.0244984608143568
120.187069748,0.223347574472427,0.0244984608143568
120.197088628,0.224344670772552,0.0269483104348183
120.207064429,0.225341752171516,0.0244984608143568
120.217068048,0.22633883357048,0.0220486111938953
120.227051805,0.22633883357048,0.0220486111938953
120.237051624,0.22633883357048,0.0220486111938953
120.247059274,0.22633883357048,0.0220486111938953
120.257065755,0.22633883357048,0.0269483104348183
120.267053353,0.225341752171516,0.0244984608143568
120.277054234,0.22633883357048,0.0220486111938953
120.2871046,0.22633883357048,0.0220486111938953
120.29703825,0.225341752171516,0.0195987615734339
120.307062488,0.225341752171516,0.0195987615734339
120.317059203,0.224344670772552,0.0171489305794239
120.327055305,0.223347574472427,0.0195987801998854
120.337084584,0.222350493073463,0.0171489305794239
120.347051776,0.223347574472427,0.0146990800276399
120.357078981,0.222350493073463,0.0122492304071784
120.367079037,0.223347574472427,0.0146990800276399
120.37704723,0.222350493073463,0.0122492304071784
120.387036493,0.2213534116745,0.00979938078671694
120.397043642,0.220356315374374,0.0122492304071784
120.407035411,0.220356315374374,0.0122492304071784
120.417072272,0.219359219074249,0.0146990800276399
120.427040255,0.220356315374374,0.0122492304071784
120.43704139,0.220356315374374,0.0122492304071784
120.447038873,0.220356315374374,0.0122492304071784
120.457035759,0.219359219074249,0.0146990800276399
120.467032615,0.218362137675285,0.0122492304071784
120.477020196,0.217365056276321,0.0146990614011884
120.487002018,0.217365056276321,0.0146990614011884
120.497020939,0.217365056276321,0.0146990614011884
120.507020641,0.216367974877357,0.0122492304071784
120.517025618,0.216367974877357,0.0122492304071784
120.527026471,0.215370893478394,0.0146990800276399
120.537025905,0.214373797178268,0.0171489305794239
120.547025084,0.213376700878143,0.0146990800276399
120.557013591,0.213376700878143,0.0146990800276399
120.567019839,0.212379619479179,0.0122492304071784
120.57709995,0.212379619479179,0.0122492304071784
120.587042185,0.211382538080215,0.0146990800276399
120.597008955,0.212379619479179,0.0122492304071784
120.607014475,0.21038544178009,0.0122492304071784
120.617008495,0.21038544178009,0.0122492304071784
120.627011503,0.211382538080215,0.00979938078671694
120.637004713,0.212379619479179,0.00734953070059419
120.647000817,0.21038544178009,0.00734953070059419
120.657004165,0.21038544178009,0.00734953070059419
120.667011315,0.211382538080215,0.00979938078671694
120.67702411,0.21038544178009,0.00734953070059419
120.687019497,0.211382538080215,0.00489968108013272
120.697018288,0.21038544178009,0.00734953070059419
120.707022978,0.211382538080215,0.00979938078671694
120.717002517,0.211382538080215,0.00489968108013272
120.727021186,0.21038544178009,0.00734953070059419
120.736996907,0.21038544178009,0.00734953070059419
120.747020598,0.211382538080215,0.00979938078671694
120.757019005,0.211382538080215,0.00979938078671694
120.767026714,0.21038544178009,0.00734953070059419
120.776956227,0.211382538080215,0.00979938078671694
120.787026961,0.211382538080215,0.00979938078671694
120.797002276,0.212379619479179,0.00734953070059419
120.80699133,0.212379619479179,0.00734953070059419
120.81699111,0.212379619479179,0.0122492304071784
120.826990163,0.213376700878143,0.00979938078671694
120.836985427,0.213376700878143,0.00979938078671694
120.846995429,0.213376700878143,0.00979938078671694
120.856992405,0.214373797178268,0.00734953070059419
120.866988861,0.215370893478394,0.00979938078671694
120.877022561,0.216367959976196,0.00734954932704568
120.88698748,0.216367959976196,0.00734954932704568
120.896992271,0.215370893478394,0.00979938078671694
120.907015953,0.216367959976196,0.00734954932704568
120.916992534,0.216367959976196,0.00734954932704568
120.92702572,0.216367959976196,0.00734954932704568
120.937016745,0.216367959976196,0.00734954932704568
120.946988291,0.217365056276321,0.00489969924092293
120.957022157,0.216367959976196,0.00734954932704568
120.967018021,0.216367959976196,0.00734954932704568
120.976994498,0.217365056276321,0.00979939848184586
120.986987955,0.216367974877357,0.0122492304071784
120.996989727,0.217365056276321,0.00979939848184586
121.007017635,0.218362152576447,0.00734954932704568
121.017012758,0.219359219074249,0.00979938078671694
121.027025436,0.219359219074249,0.00979938078671694
121.037018829,0.219359219074249,0.00979938078671694
121.047017964,0.219359219074249,0.00979938078671694
121.056984289,0.2213534116745,0.00979938078671694
121.06702711,0.2213534116745,0.00979938078671694
121.077021623,0.220356315374374,0.00734953070059419
121.087021373,0.222350493073463,0.00734953070059419
121.096986827,0.223347574472427,0.00489968108013272
121.106985084,0.223347574472427,0.00979938078671694
121.11698887,0.223347574472427,0.00489968108013272
121.126991067,0.224344670772552,0.00734953070059419
121.137021093,0.225341752171516,0.00489969924092293
121.147016007,0.22633883357048,0.00734954932704568
121.157018244,0.227335929870605,0.00489969924092293
121.167022595,0.227335929870605,0.00489969924092293
121.176957449,0.228333026170731,0.00734954932704568
121.187023017,0.228333026170731,0.00734954932704568
121.196987205,0.228333026170731,0.00734954932704568
121.207022409,0.228333026170731,0.00734954932704568
121.216985783,0.230327188968658,0.00734953070059419
121.226959696,0.230327188968658,0.00734953070059419
121.237015987,0.229330092668533,0.00979938078671694
121.247023821,0.229330092668533,0.00979938078671694
121.257019872,0.228333026170731,0.00734954932704568
121.26702061,0.230327188968658,0.00734953070059419
121.277021075,0.229330107569695,0.00489969924092293
121.287024972,0.228333026170731,0.00244984962046146
121.296992558,0.229330107569695,0.00489969924092293
121.307013624,0.227335929870605,0.00489969924092293
121.317017739,0.22633883357048,0.00244984962046146
121.327018576,0.225341752171516,0
121.337016848,0.225341752171516,0
121.347024808,0.224344670772552,-0.00244984962046146
121.357014279,0.223347574472427,0
121.367013482,0.2213534116745,0
121.376954279,0.220356315374374,-0.00244984962046146
121.386982438,0.220356315374374,-0.00244984962046146
121.396965632,0.217365056276321,-0.00489969924092293
121.406958196,0.217365056276321,-0.00489969924092293
121.416995055,0.216367959976196,-0.00244984962046146
121.426946999,0.215370878577232,-0.00489969924092293
121.436995883,0.214373797178268,-0.00244984962046146
121.446947456,0.214373797178268,-0.00244984962046146
121.45696803,0.213376700878143,-0.00489968108013272
121.466975174,0.212379619479179,-0.00734953070059419
121.477017392,0.213376700878143,-0.00489968108013272
121.487004526,0.211382538080215,-0.00489968108013272
121.497015211,0.212379619479179,-0.00244983145967126
121.506970769,0.212379619479179,-0.00734953070059419
121.516982054,0.212379619479179,-0.00734953070059419
121.526996542,0.212379619479179,-0.00734953070059419
121.536984826,0.213376700878143,-0.00979938078671694
121.547015793,0.212379619479179,-0.00734953070059419
121.556984185,0.212379619479179,-0.00734953070059419
121.567013381,0.213376700878143,-0.00489968108013272
121.576990247,0.212379619479179,-0.00734953070059419
121.586945486,0.213376700878143,-0.00489968108013272
121.596967408,0.212379619479179,-0.00734953070059419
121.606946766,0.213376700878143,-0.00979938078671694
121.616972196,0.212379619479179,-0.00734953070059419
121.626980356,0.213376700878143,-0.00979938078671694
121.636979722,0.211382538080215,-0.00979938078671694
121.64698455,0.21038544178009,-0.0122492304071784
121.656998,0.21038544178009,-0.0122492304071784
121.666974755,0.209388345479965,-0.0146990800276399
121.676905717,0.209388345479965,-0.0146990800276399
121.687013848,0.209388345479965,-0.0195987801998854
121.696976964,0.208391264081001,-0.0171489305794239
121.707002432,0.206397086381912,-0.0171489119529724
121.716989221,0.205400004982948,-0.0195987615734339
121.726990436,0.204402923583984,-0.0171489305794239
121.736988824,0.205400004982948,-0.0195987615734339
121.747010865,0.205400004982948,-0.0244984608143568
121.757009253,0.204402923583984,-0.0220486111938953
121.767010457,0.202408745884895,-0.0220486298203468
121.776869936,0.202408745884895,-0.0220486298203468
121.787012944,0.201411664485931,-0.0195987801998854
121.796998979,0.202408745884895,-0.0220486298203468
121.806986941,0.202408745884895,-0.0171489305794239
121.816992083,0.201411664485931,-0.0195987801998854
121.827004248,0.201411664485931,-0.0195987801998854
121.836979299,0.200414568185806,-0.0171489305794239
121.847003408,0.201411664485931,-0.0146990800276399
121.857003524,0.200414568185806,-0.0171489305794239
121.867003212,0.202408745884895,-0.0171489305794239
121.876988198,0.202408745884895,-0.0171489305794239
121.886985478,0.202408745884895,-0.0171489305794239
121.896970464,0.201411664485931,-0.0146990800276399
121.90698711,0.203405827283859,-0.0195987801998854
121.916966881,0.205400004982948,-0.0195987615734339
121.926987675,0.204402923583984,-0.0171489305794239
121.937009556,0.203405827283859,-0.0195987801998854
121.946996823,0.203405827283859,-0.0195987801998854
121.95700104,0.204402923583984,-0.0171489305794239
121.96700222,0.204402923583984,-0.0171489305794239
121.976986901,0.204402923583984,-0.0171489305794239
121.986995684,0.204402923583984,-0.0171489305794239
121.996980931,0.203405827283859,-0.0195987801998854
122.007004061,0.201411664485931,-0.0146990800276399
122.016993433,0.200414568185806,-0.0122492304071784
122.026980035,0.200414568185806,-0.0122492304071784
122.036993912,0.200414568185806,-0.0122492304071784
122.046999542,0.199417471885681,-0.00979938078671694
122.057015308,0.199417471885681,-0.00979938078671694
122.067000304,0.197423309087753,-0.00979938078671694
122.076982812,0.195429131388664,-0.00489969924092293
122.086992462,0.1944320499897,-0.00734954932704568
122.09698935,0.1944320499897,-0.00244984962046146
122.106998329,0.1944320499897,-0.00734954932704568
122.116985275,0.193434953689575,-0.00489969924092293
122.127003694,0.192437872290611,-0.00734953070059419
122.137003572,0.19243785738945,-0.00244984962046146
122.146985006,0.19243785738945,-0.00244984962046146
122.157003497,0.191440790891647,-0.00489968108013272
122.167002298,0.190443694591522,-0.00244983145967126
122.177002787,0.191440790891647,-0.00979938078671694
122.186881633,0.192437872290611,-0.00734953070059419
122.196975581,0.192437872290611,-0.00734953070059419
122.207001129,0.191440790891647,-0.00489968108013272
122.216988625,0.192437872290611,-0.00734953070059419
122.227014152,0.192437872290611,-0.00734953070059419
122.236994293,0.193434953689575,-0.00979938078671694
122.24698122,0.192437872290611,-0.0122492304071784
122.257004445,0.192437872290611,-0.00734953070059419
122.266971687,0.193434953689575,-0.00979938078671694
122.276998611,0.193434953689575,-0.00489969924092293
122.286877407,0.192437872290611,-0.00734953070059419
122.296985316,0.192437872290611,-0.00734953070059419
122.307003474,0.193434953689575,-0.00979938078671694
122.316999625,0.192437872290611,-0.00734953070059419
122.327011756,0.193434953689575,-0.00489969924092293
122.337003586,0.193434953689575,-0.00489969924092293
122.346974289,0.193434953689575,-0.00489969924092293
122.357007004,0.1944320499897,-0.00734954932704568
122.36700801,0.195429131388664,-0.00489969924092293
122.376989053,0.1944320499897,-0.00244984962046146
122.386824014,0.195429131388664,0
122.396986344,0.195429131388664,-0.00489969924092293
122.406996707,0.195429131388664,0
122.416988907,0.196426212787628,-0.00244984962046146
122.426956539,0.196426212787628,-0.00244984962046146
122.4369952,0.195429131388664,-0.00489969924092293
122.446991139,0.195429131388664,0
122.456995296,0.195429131388664,0
122.46699019,0.195429131388664,0
122.476996218,0.195429131388664,0
122.486823855,0.195429131388664,-0.00489969924092293
122.496968106,0.196426212787628,-0.00244984962046146
122.507002706,0.195429131388664,0
122.516986746,0.195429131388664,0
122.527006173,0.1944320499897,-0.00244984962046146
122.537005676,0.1944320499897,0.00244984962046146
122.546986546,0.195429131388664,0
122.557006752,0.195429131388664,0
122.566988858,0.1944320499897,-0.00244984962046146
122.577000064,0.195429131388664,-0.00489969924092293
122.587005079,0.195429131388664,0
122.596991647,0.1944320499897,0.00244984962046146
122.607003136,0.196426212787628,-0.00244984962046146
122.616996786,0.196426212787628,-0.00244984962046146
122.626999313,0.196426212787628,0.00244984962046146
122.637003377,0.196426212787628,-0.00244984962046146
122.647000143,0.197423309087753,-0.00489969924092293
122.657003314,0.196426212787628,-0.00244984962046146
122.667000715,0.197423309087753,0
122.676996602,0.197423309087753,0
122.686998464,0.197423309087753,0
122.696992936,0.197423309087753,0
122.706993595,0.197423309087753,0
122.716998295,0.197423309087753,0
122.726991147,0.198420405387878,-0.00244984962046146
122.736996932,0.199417486786842,0
122.746993415,0.198420405387878,0.00244984962046146
122.75699669,0.198420405387878,0.00244984962046146
122.766995125,0.199417471885681,0.00489968108013272
122.776990654,0.199417471885681,0.00489968108013272
122.786991183,0.199417471885681,0.00489968108013272
122.796985267,0.200414568185806,0.00244983145967126
122.806994929,0.199417471885681,0.00489968108013272
122.816996871,0.200414568185806,0.00734953070059419
122.826993415,0.200414568185806,0.00734953070059419
122.83698931,0.199417471885681,0.00979938078671694
122.846976479,0.199417471885681,0.00979938078671694
122.85699031,0.200414568185806,0.00734953070059419
122.867000323,0.200414568185806,0.00734953070059419
122.876785561,0.199417471885681,0.00979938078671694
122.886984346,0.199417471885681,0.00979938078671694
122.897016222,0.199417471885681,0.00979938078671694
122.907019158,0.198420390486717,0.0122492304071784
122.91701847,0.197423309087753,0.00979938078671694
122.927025334,0.195429131388664,0.00979939848184586
122.937013627,0.196426212787628,0.00734954932704568
122.947026133,0.195429131388664,0.00979939848184586
122.957031623,0.195429131388664,0.00979939848184586
122.967029504,0.192437872290611,0.00734953070059419
122.976839859,0.192437872290611,0.00734953070059419
122.986990224,0.190443694591522,0.00734953070059419
122.99701958,0.189446598291397,0.00979938078671694
123.007008987,0.189446598291397,0.00489968108013272
123.016986715,0.188449516892433,0.00734953070059419
123.026985384,0.188449516892433,0.00734953070059419
123.036987367,0.187452435493469,0.00979938078671694
123.046992075,0.186455339193344,0.00734954932704568
123.056991733,0.18545825779438,0.00979939848184586
123.066993352,0.186455339193344,0.00734954932704568
123.07700389,0.18545825779438,0.00489969924092293
123.086991428,0.186455339193344,0.00734954932704568
123.096983612,0.18545825779438,0.00489969924092293
123.106984438,0.18545825779438,0.00979939848184586
123.116995459,0.184461176395416,0.00734954932704568
123.126994021,0.184461176395416,0.00734954932704568
123.136985475,0.182466998696327,0.00734953070059419
123.146993246,0.182466998696327,0.00734953070059419
123.15699835,0.181469917297363,0.00489968108013272
123.167001132,0.181469917297363,0.00979938078671694
123.176995986,0.180472820997238,0.0122492304071784
123.186986315,0.179475724697113,0.00979938078671694
123.197024588,0.179475724697113,0.00979938078671694
123.207021782,0.178478643298149,0.00734953070059419
123.217020999,0.177481561899185,0.00489969924092293
123.227019756,0.17648446559906,0.00734954932704568
123.237003305,0.178478643298149,0.00734953070059419
123.247015919,0.177481561899185,0.00979938078671694
123.25702297,0.177481561899185,0.00979938078671694
123.267015713,0.17648446559906,0.00734954932704568
123.277033656,0.177481561899185,0.00489969924092293
123.28698991,0.178478643298149,0.00734953070059419
123.297029335,0.178478643298149,0.00734953070059419
123.307010572,0.178478643298149,0.00734953070059419
123.317007901,0.179475724697113,0.0146990800276399
123.32698692,0.180472820997238,0.0122492304071784
123.33700367,0.180472820997238,0.0122492304071784
123.34699008,0.181469917297363,0.00979938078671694
123.35701813,0.182466998696327,0.00734953070059419
123.366993359,0.181469917297363,0.00979938078671694
123.37702109,0.181469917297363,0.0146990800276399
123.387011559,0.179475724697113,0.0146990800276399
123.397018102,0.178478643298149,0.0171489305794239
123.407003432,0.177481561899185,0.0195987615734339
123.417005827,0.17648446559906,0.0171489119529724
123.427006025,0.17648446559906,0.0171489119529724
123.437001596,0.173493206501007,0.0146990800276399
123.447017574,0.172496125102043,0.0171489305794239
123.457023383,0.170501947402954,0.0220486298203468
123.467021282,0.169504851102829,0.0195987801998854
123.47701516,0.167510688304901,0.0146990800276399
123.487005449,0.167510688304901,0.0146990800276399
123.497020245,0.165516510605812,0.0146990614011884
123.507028294,0.164519429206848,0.0122492304071784
123.517028461,0.163522332906723,0.0146990800276399
123.527015617,0.161528170108795,0.0146990800276399
123.537021553,0.161528170108795,0.0146990800276399
123.547021355,0.16053107380867,0.0122492304071784
123.556998676,0.159533977508545,0.00979938078671694
123.567020809,0.159533977508545,0.0146990800276399
123.577014123,0.159533977508545,0.0146990800276399
123.587012458,0.157539814710617,0.0146990800276399
123.597009044,0.158536896109581,0.0122492304071784
123.607020879,0.159533977508545,0.0146990800276399
123.617002135,0.159533977508545,0.00979938078671694
123.627024535,0.158536896109581,0.0122492304071784
123.637011809,0.159533977508545,0.0146990800276399
123.647017865,0.159533977508545,0.0146990800276399
123.65702209,0.16053107380867,0.0171489305794239
123.667010499,0.16053107380867,0.0122492304071784
123.677017711,0.16053107380867,0.0122492304071784
123.687021801,0.162525251507759,0.0122492304071784
123.697008973,0.162525251507759,0.0122492304071784
123.707013059,0.162525251507759,0.0122492304071784
123.717004254,0.162525251507759,0.0122492304071784
123.727005441,0.163522332906723,0.00979938078671694
123.736988528,0.164519429206848,0.00734954932704568
123.747004325,0.164519429206848,0.00734954932704568
123.757024763,0.164519429206848,0.00244984962046146
123.767004472,0.165516510605812,0.00489969924092293
123.777019057,0.166513592004776,0.00244984962046146
123.78700496,0.166513592004776,0.00244984962046146
123.796985926,0.167510688304901,0
123.807003781,0.168507784605026,-0.00244984962046146
123.81701972,0.170501947402954,-0.00244983145967126
123.827005365,0.171499043703079,-0.00489968108013272
123.837014379,0.171499043703079,-0.00489968108013272
123.847024348,0.173493206501007,-0.00489969924092293
123.857015752,0.174490302801132,-0.00244984962046146
123.86701984,0.175487384200096,-0.00489969924092293
123.87700693,0.17648446559906,-0.00244984962046146
123.886986824,0.178478643298149,-0.00734953070059419
123.897009761,0.179475724697113,-0.00489968108013272
123.907036658,0.180472820997238,-0.00734953070059419
123.917000073,0.181469917297363,-0.00489968108013272
123.926973652,0.182466983795166,-0.00244984962046146
123.93699783,0.183464080095291,-0.00489969924092293
123.947016607,0.184461176395416,-0.00244984962046146
123.957012245,0.18545825779438,-0.00489969924092293
123.96702333,0.186455339193344,-0.00244984962046146
123.97701587,0.187452435493469,-0.00489969924092293
123.986991237,0.187452435493469,0
123.997003773,0.188449531793594,-0.00244984962046146
124.007019089,0.189446613192558,0
124.01700985,0.188449531793594,-0.00244984962046146
124.027023953,0.190443694591522,-0.00244983145967126
124.037047853,0.190443694591522,0.00244983145967126
124.046986382,0.191440775990486,0
124.056997606,0.190443694591522,0.00244983145967126
124.066992575,0.191440775990486,0
124.077008724,0.19243785738945,0.00244984962046146
124.087022586,0.19243785738945,-0.00244984962046146
124.097026531,0.19243785738945,0.00244984962046146
124.107004419,0.19243785738945,0.00244984962046146
124.117024214,0.193434953689575,0.00489969924092293
124.127023018,0.19243785738945,0.00244984962046146
124.137008707,0.19243785738945,0.00244984962046146
124.146982242,0.19243785738945,0.00244984962046146
124.157007065,0.1944320499897,-0.00244984962046146
124.167005568,0.193434953689575,0
124.177013505,0.193434953689575,0
124.187019043,0.193434953689575,0.00489969924092293
124.196733558,0.1944320499897,0.00244984962046146
124.207012247,0.1944320499897,0.00244984962046146
124.217019603,0.195429131388664,0
124.226987116,0.1944320499897,0.00244984962046146
124.237023092,0.195429131388664,0
124.247026005,0.1944320499897,0.00244984962046146
124.257015997,0.1944320499897,0.00734954932704568
124.26700916,0.195429131388664,0.00489969924092293
124.277027824,0.1944320499897,0.00244984962046146
124.287004362,0.1944320499897,0.00244984962046146
124.296959588,0.1944320499897,0.00244984962046146
124.306667976,0.1944320499897,0.00244984962046146
124.317006127,0.1944320499897,0.00244984962046146
124.327013003,0.196426212787628,0.00244984962046146
124.337019189,0.196426212787628,0.00244984962046146
124.347020703,0.197423309087753,0
124.357021338,0.196426212787628,-0.00244984962046146
124.367018953,0.196426212787628,-0.00244984962046146
124.377022463,0.198420405387878,0.00244984962046146
124.38700766,0.199417486786842,0
124.396997401,0.199417486786842,0
124.407022921,0.199417486786842,0
124.417023705,0.199417486786842,0
124.427018853,0.200414568185806,-0.00244983145967126
124.436990301,0.200414568185806,-0.00244983145967126
124.447034511,0.202408730983734,-0.00244984962046146
124.456988542,0.202408730983734,0.00244984962046146
124.467010151,0.203405827283859,0
124.477020671,0.203405827283859,0
124.486953791,0.205400004982948,0
124.497005672,0.206397086381912,-0.00244984962046146
124.507005795,0.207394182682037,-0.00489969924092293
124.517019361,0.209388360381126,-0.00489969924092293
124.527013297,0.209388360381126,0
124.537024157,0.211382538080215,0
124.547016131,0.211382538080215,0
124.556988215,0.214373797178268,-0.00244984962046146
124.56700964,0.215370878577232,0
124.577017234,0.217365056276321,0
124.587023732,0.217365056276321,0
124.597008693,0.218362152576447,0.00244984962046146
124.607021603,0.21935923397541,0.00489969924092293
124.617019158,0.220356315374374,0.00734953070059419
124.627011544,0.2213534116745,0.00489968108013272
124.637008545,0.2213534116745,0.00489968108013272
124.6470245,0.2213534116745,0.00489968108013272
124.657021551,0.222350493073463,0.00244983145967126
124.667016803,0.2213534116745,0.00489968108013272
124.676998883,0.220356315374374,0.00244984962046146
124.687017959,0.220356315374374,0.00244984962046146
124.697002888,0.220356315374374,0.00244984962046146
124.707022831,0.220356315374374,0.00244984962046146
124.716999281,0.218362152576447,-0.00244984962046146
124.727019425,0.218362152576447,-0.00244984962046146
124.737017676,0.218362152576447,-0.00244984962046146
124.747020597,0.218362152576447,-0.00244984962046146
124.757007181,0.217365056276321,0
124.7670137,0.216367959976196,-0.00244984962046146
124.777022478,0.216367959976196,-0.00244984962046146
124.787021371,0.216367959976196,-0.00244984962046146
124.796752758,0.216367959976196,-0.00244984962046146
124.807016614,0.216367959976196,-0.00244984962046146
124.816989141,0.217365056276321,0
124.827015555,0.217365056276321,0
124.837020066,0.218362152576447,-0.00244984962046146
124.847009081,0.218362152576447,-0.00244984962046146
124.857005833,0.218362152576447,-0.00244984962046146
124.867004068,0.2213534116745,0
124.876982313,0.2213534116745,0
124.887017435,0.2213534116745,0
124.897004353,0.222350493073463,0.00244983145967126
124.907001849,0.223347574472427,0
124.917025185,0.223347574472427,0
124.927003575,0.223347574472427,0
124.93701764,0.224344670772552,0.00244984962046146
124.947002457,0.225341752171516,0.00489969924092293
124.956986368,0.225341752171516,0.00489969924092293
124.967007206,0.225341752171516,0
124.977020802,0.22633883357048,0.00244984962046146
124.987014158,0.227335929870605,0
124.997006747,0.22633883357048,-0.00244984962046146
125.006995763,0.227335929870605,0
125.017017944,0.229330107569695,0
125.027025319,0.229330107569695,0
125.036986577,0.228333026170731,-0.00244984962046146
125.047003331,0.228333026170731,-0.00244984962046146
125.057020824,0.229330107569695,-0.00489969924092293
125.067005075,0.229330107569695,0
125.077008671,0.230327188968658,-0.00244984962046146
125.086564282,0.229330107569695,0
125.096966049,0.230327188968658,-0.00244984962046146
125.106945227,0.230327188968658,-0.00244984962046146
125.116954084,0.228333026170731,-0.00244984962046146
125.126978145,0.229330107569695,-0.00489969924092293
125.136981097,0.228333026170731,-0.00244984962046146
125.146977701,0.228333026170731,-0.00244984962046146
125.156978683,0.228333026170731,-0.00244984962046146
125.166987164,0.227335929870605,-0.00489969924092293
125.176974448,0.225341752171516,-0.00489969924092293
125.186971145,0.225341752171516,-0.00489969924092293
125.196940955,0.224344670772552,-0.00734953070059419
125.2069766,0.222350493073463,-0.00734953070059419
125.216974977,0.222350493073463,-0.00734953070059419
125.226977618,0.220356315374374,-0.00734953070059419
125.236979628,0.220356315374374,-0.00734953070059419
125.246983132,0.219359219074249,-0.0146990800276399
125.257004028,0.218362137675285,-0.0122492304071784
125.266978934,0.217365056276321,-0.0146990614011884
125.276951521,0.217365056276321,-0.0146990614011884
125.286997737,0.216367959976196,-0.0171489119529724
125.296979323,0.216367974877357,-0.0122492304071784
125.30701904,0.215370893478394,-0.0146990800276399
125.316984839,0.216367959976196,-0.0171489119529724
125.326980178,0.215370893478394,-0.0146990800276399
125.33697529,0.214373797178268,-0.0171489305794239
125.346944545,0.213376700878143,-0.0146990800276399
125.356934587,0.213376700878143,-0.0146990800276399
125.366985769,0.213376700878143,-0.0146990800276399
125.37698347,0.211382538080215,-0.0146990800276399
125.386990291,0.211382538080215,-0.0146990800276399
125.396980317,0.209388345479965,-0.0146990800276399
125.406985521,0.21038544178009,-0.0122492304071784
125.416985386,0.207394182682037,-0.00979939848184586
125.426987108,0.208391264081001,-0.0122492304071784
125.436939741,0.208391264081001,-0.0122492304071784
125.446982033,0.208391264081001,-0.0122492304071784
125.45697975,0.206397086381912,-0.0122492490336299
125.466987873,0.205400004982948,-0.00979939848184586
125.476981623,0.206397086381912,-0.0122492490336299
125.486983346,0.205400004982948,-0.00979939848184586
125.496984349,0.205400004982948,-0.00979939848184586
125.506995952,0.203405827283859,-0.00979938078671694
125.516954687,0.203405827283859,-0.00979938078671694
125.526982621,0.202408745884895,-0.00734953070059419
125.53698893,0.201411664485931,-0.00489968108013272
125.546980767,0.200414568185806,-0.00244983145967126
125.556982651,0.199417486786842,0
125.566986699,0.198420405387878,-0.00244984962046146
125.576981743,0.197423309087753,0
125.586991081,0.197423309087753,0
125.596947699,0.196426212787628,-0.00244984962046146
125.606981394,0.195429131388664,0
125.616982752,0.193434953689575,0
125.62698682,0.19243785738945,-0.00244984962046146
125.636981847,0.191440775990486,0
125.646979181,0.190443694591522,-0.00244983145967126
125.656976953,0.190443694591522,-0.00244983145967126
125.666983742,0.189446613192558,0
125.676944362,0.189446613192558,0
125.686979502,0.187452435493469,0
125.696986011,0.187452435493469,0.00489969924092293
125.706979393,0.186455339193344,0.00244984962046146
125.716990379,0.187452435493469,0.00489969924092293
125.726982528,0.186455339193344,0.00734954932704568
125.7369915,0.18545825779438,0.00489969924092293
125.746986954,0.184461176395416,0.00734954932704568
125.756945483,0.184461176395416,0.00244984962046146
125.766953112,0.18545825779438,0.00489969924092293
125.776982762,0.183464080095291,0.00489969924092293
125.787008585,0.182466998696327,0.00734953070059419
125.797001737,0.181469917297363,0.00489968108013272
125.806977573,0.182466998696327,0.00734953070059419
125.816980634,0.182466983795166,0.00244984962046146
125.826979444,0.181469917297363,0.00489968108013272
125.836944099,0.182466983795166,0.00244984962046146
125.846990863,0.181469902396202,0
125.856980141,0.179475724697113,0.00489968108013272
125.866982101,0.179475739598274,0
125.876981574,0.17847865819931,0.00244984962046146
125.886980967,0.179475739598274,0
125.896989733,0.179475739598274,0
125.906983451,0.17847865819931,-0.00244984962046146
125.916942503,0.177481561899185,0
125.926982549,0.17847865819931,-0.00244984962046146
125.936981717,0.177481561899185,0
125.946982127,0.17847865819931,0.00244984962046146
125.956989421,0.180472820997238,0.00244983145967126
125.966980755,0.179475724697113,0.00489968108013272
125.976985411,0.180472820997238,0.00244983145967126
125.986986299,0.181469917297363,0.00489968108013272
125.996957277,0.181469917297363,0.00489968108013272
126.006985168,0.181469917297363,0.00489968108013272
126.016979883,0.182466998696327,0.00734953070059419
126.026985132,0.183464080095291,0.00979938078671694
126.036982336,0.183464080095291,0.00979938078671694
126.046983032,0.184461176395416,0.0122492304071784
126.056999338,0.184461176395416,0.0122492304071784
126.06698247,0.186455339193344,0.0122492304071784
126.076949657,0.187452435493469,0.0146990800276399
126.08698373,0.187452435493469,0.00979938078671694
126.096985942,0.189446598291397,0.00979938078671694
126.106987419,0.190443694591522,0.0122492304071784
126.116986523,0.192437872290611,0.0122492304071784
126.126986356,0.193434953689575,0.00979938078671694
126.136987301,0.195429131388664,0.00979939848184586
126.146979918,0.196426212787628,0.00734954932704568
126.156935084,0.198420390486717,0.00734953070059419
126.166976083,0.199417471885681,0.00489968108013272
126.176982099,0.202408730983734,0.00244984962046146
126.186981263,0.203405827283859,0.00979938078671694
126.196987859,0.203405827283859,0.00979938078671694
126.206981241,0.205400004982948,0.00979939848184586
126.216985005,0.206397086381912,0.00734954932704568
126.22698603,0.208391278982162,0.00734954932704568
126.236942153,0.209388345479965,0.00979938078671694
126.246986249,0.21038544178009,0.0122492304071784
126.256980337,0.21038544178009,0.0122492304071784
126.266984136,0.21038544178009,0.0171489305794239
126.276985391,0.211382538080215,0.0195987801998854
126.286979362,0.212379619479179,0.0171489305794239
126.296993325,0.214373797178268,0.0171489305794239
126.306979089,0.215370893478394,0.0146990800276399
126.316955394,0.215370878577232,0.0195987615734339
126.326989685,0.215370878577232,0.0195987615734339
126.336981449,0.217365056276321,0.0195987615734339
126.346987684,0.218362152576447,0.0171489119529724
126.35699011,0.220356315374374,0.0171489305794239
126.366979654,0.223347574472427,0.0146990800276399
126.376987049,0.222350493073463,0.0122492304071784
126.386977011,0.224344670772552,0.0122492304071784
126.396944709,0.225341767072678,0.0146990800276399
126.407022146,0.22633883357048,0.0171489119529724
126.416986769,0.227335929870605,0.00979939848184586
126.426968909,0.228333011269569,0.0122492304071784
126.436991542,0.229330092668533,0.00979938078671694
126.446987932,0.230327188968658,0.0122492304071784
126.457006169,0.231324285268784,0.00979938078671694
126.466993589,0.231324285268784,0.00979938078671694
126.476955875,0.232321366667747,0.0122492304071784
126.486989618,0.233318448066711,0.00979938078671694
126.497010342,0.234315544366837,0.00734953070059419
126.506989664,0.2353126257658,0.00489969924092293
126.516980184,0.236309707164764,0.00734954932704568
126.527005669,0.236309707164764,0.00734954932704568
126.537010639,0.23730680346489,0.00489969924092293
126.546985452,0.23730680346489,0
126.556936908,0.23730680346489,0
126.567013859,0.23730680346489,0
126.576984436,0.238303899765015,-0.00244984962046146
126.586984669,0.23730680346489,0
126.596990952,0.236309707164764,-0.00244984962046146
126.606979006,0.236309707164764,-0.00244984962046146
126.616987421,0.236309707164764,-0.00244984962046146
126.626990364,0.23730680346489,-0.00489969924092293
126.636919795,0.2353126257658,-0.00489969924092293
126.646971492,0.236309707164764,-0.00244984962046146
126.656972202,0.2353126257658,0
126.666983216,0.2353126257658,0
126.676983102,0.234315544366837,-0.00244984962046146
126.686985279,0.2353126257658,-0.00489969924092293
126.696986512,0.234315544366837,-0.00244984962046146
126.706994828,0.234315544366837,-0.00244984962046146
126.716924986,0.233318448066711,-0.00489968108013272
126.727010383,0.232321366667747,-0.00244983145967126
126.736987386,0.232321366667747,-0.00244983145967126
126.746962848,0.230327188968658,-0.00244984962046146
126.756982303,0.230327188968658,-0.00734953070059419
126.766985412,0.228333026170731,-0.00734954932704568
126.776990365,0.228333026170731,-0.00734954932704568
126.786979404,0.225341752171516,-0.00489969924092293
126.796935903,0.22633883357048,-0.00734954932704568
126.806985288,0.224344670772552,-0.00734953070059419
126.817016032,0.223347574472427,-0.00489968108013272
126.826990614,0.2213534116745,-0.00979938078671694
126.836993378,0.220356315374374,-0.00734953070059419
126.846992038,0.219359219074249,-0.00979938078671694
126.856993984,0.218362152576447,-0.00734954932704568
126.867012544,0.216367959976196,-0.00734954932704568
126.876932967,0.213376700878143,-0.00489968108013272
126.886986817,0.213376700878143,-0.00979938078671694
126.896966031,0.21038544178009,-0.00734953070059419
126.90698894,0.209388345479965,-0.00979938078671694
126.916986545,0.206397086381912,-0.0122492490336299
126.926974513,0.205400004982948,-0.00979939848184586
126.9370258,0.202408745884895,-0.0122492304071784
126.94698774,0.200414568185806,-0.0122492304071784
126.956945343,0.197423309087753,-0.0146990800276399
126.966990323,0.197423309087753,-0.0146990800276399
126.976984411,0.195429131388664,-0.0146990614011884
126.987017074,0.193434953689575,-0.0146990800276399
126.996998321,0.192437872290611,-0.0171489305794239
127.006972104,0.189446598291397,-0.0146990800276399
127.016985042,0.189446598291397,-0.0146990800276399
127.026987745,0.187452435493469,-0.0146990800276399
127.036946478,0.187452435493469,-0.0146990800276399
127.046988833,0.187452435493469,-0.0146990800276399
127.056985274,0.187452435493469,-0.0146990800276399
127.067015574,0.18545825779438,-0.0146990614011884
127.076987842,0.186455339193344,-0.0171489119529724
127.086954504,0.187452435493469,-0.0146990800276399
127.096985678,0.187452435493469,-0.0146990800276399
127.106983177,0.189446598291397,-0.0146990800276399
127.116911395,0.190443694591522,-0.0122492304071784
127.126957511,0.191440790891647,-0.0146990800276399
127.136988529,0.192437872290611,-0.0122492304071784
127.146996013,0.192437872290611,-0.00734953070059419
127.1569896,0.193434953689575,-0.00489969924092293
127.166988918,0.195429131388664,-0.00489969924092293
127.176957212,0.195429131388664,0
127.186997025,0.195429131388664,0
127.196924805,0.196426212787628,0.00244984962046146
127.20698855,0.1944320499897,0.00244984962046146
127.216986284,0.1944320499897,0.00244984962046146
127.226985091,0.1944320499897,0.00734954932704568
127.236990436,0.193434953689575,0.00979938078671694
127.246983848,0.193434953689575,0.00489969924092293
127.256995376,0.192437872290611,0.00734953070059419
127.266986704,0.192437872290611,0.00734953070059419
127.276923048,0.19243785738945,0.00244984962046146
127.28698827,0.191440790891647,0.00489968108013272
127.296957384,0.191440790891647,0.00489968108013272
127.306987128,0.19243785738945,0.00244984962046146
127.316986834,0.191440790891647,0.00489968108013272
127.326992768,0.19243785738945,0.00244984962046146
127.336961773,0.193434953689575,0
127.346985238,0.1944320499897,0.00244984962046146
127.356920101,0.1944320499897,-0.00244984962046146
127.366997722,0.193434953689575,0
127.376994587,0.1944320499897,0.00244984962046146
127.38641297,0.1944320499897,0.00244984962046146
127.396963566,0.1944320499897,0.00244984962046146
127.406991679,0.195429131388664,0.00489969924092293
127.416952218,0.1944320499897,0.00244984962046146
127.426988355,0.1944320499897,0.00244984962046146
127.436962727,0.1944320499897,0.00244984962046146
127.447002366,0.19243785738945,0.00244984962046146
127.456962946,0.193434953689575,0.00489969924092293
127.466990315,0.193434953689575,0.00489969924092293
127.47699218,0.19243785738945,0.00244984962046146
127.486377755,0.19243785738945,0.00244984962046146
127.496963075,0.19243785738945,-0.00244984962046146
127.506990724,0.190443694591522,-0.00244983145967126
127.516918427,0.190443694591522,0.00244983145967126
127.526952632,0.189446613192558,0
127.536968271,0.187452435493469,0
127.546987176,0.187452435493469,0
127.556933537,0.18545825779438,0
127.566992165,0.184461176395416,-0.00244984962046146
127.576989995,0.184461176395416,0.00244984962046146
127.586367561,0.184461176395416,-0.00244984962046146
127.596903923,0.182466983795166,0.00244984962046146
127.606989508,0.182466983795166,0.00244984962046146
127.616997639,0.182466983795166,-0.00244984962046146
127.626991071,0.183464080095291,0
127.636949789,0.183464080095291,0
127.647016348,0.183464080095291,0
127.657009684,0.184461176395416,-0.00244984962046146
127.666985129,0.18545825779438,0
127.676928239,0.18545825779438,-0.00489969924092293
127.686375648,0.18545825779438,0
127.69700777,0.186455339193344,-0.00244984962046146
127.707018871,0.187452435493469,0
127.717025767,0.188449531793594,-0.00244984962046146
127.72701936,0.187452435493469,0
127.737018409,0.189446613192558,0
127.746983381,0.190443694591522,-0.00244983145967126
127.756895744,0.191440775990486,0
127.767016802,0.19243785738945,-0.00244984962046146
127.777018895,0.193434953689575,0
127.786647468,0.1944320499897,-0.00244984962046146
127.79700926,0.196426212787628,0.00244984962046146
127.807013673,0.197423309087753,0
127.817005485,0.199417486786842,0
127.826955914,0.20141164958477,0
127.83692431,0.202408730983734,-0.00244984962046146
127.847002505,0.205400004982948,0
127.856972891,0.205400004982948,0
127.867016587,0.207394182682037,0
127.877005214,0.209388360381126,0
127.886831198,0.21038544178009,-0.00244984962046146
127.896954888,0.211382538080215,-0.00489968108013272
127.907010937,0.213376700878143,-0.00489968108013272
127.916875653,0.214373797178268,-0.00244984962046146
127.926982719,0.215370878577232,-0.00489969924092293
127.937000291,0.216367959976196,-0.00244984962046146
127.946955256,0.215370878577232,0
127.95697138,0.217365056276321,-0.00489969924092293
127.967023616,0.217365056276321,-0.00489969924092293
127.97695159,0.217365056276321,-0.00489969924092293
127.987033654,0.217365056276321,-0.00489969924092293
127.996886143,0.217365056276321,-0.00489969924092293
128.006982701,0.216367959976196,-0.00244984962046146
128.01698583,0.216367959976196,-0.00244984962046146
128.026966616,0.216367959976196,-0.00244984962046146
128.036987743,0.216367959976196,-0.00244984962046146
128.046958524,0.217365056276321,-0.00489969924092293
128.056986193,0.217365056276321,0
128.066993757,0.217365056276321,0
128.076345821,0.216367959976196,0.00244984962046146
128.087003689,0.217365056276321,0
128.096984316,0.217365056276321,0
128.106988061,0.218362152576447,-0.00244984962046146
128.116956965,0.218362152576447,-0.00244984962046146
128.126994268,0.218362152576447,-0.00244984962046146
128.136988054,0.218362152576447,-0.00244984962046146
128.146989061,0.21935923397541,0
128.156898547,0.220356315374374,-0.00244984962046146
128.166991971,0.2213534116745,-0.00489968108013272
128.176256701,0.222350493073463,-0.00734953070059419
128.187004199,0.223347574472427,0
128.196985284,0.224344670772552,-0.00244984962046146
128.206992249,0.22633883357048,-0.00244984962046146
128.216991831,0.22633883357048,-0.00244984962046146
128.226986931,0.228333026170731,-0.00244984962046146
128.236905655,0.229330107569695,-0.00489969924092293
128.246957398,0.229330107569695,-0.00489969924092293
128.256990269,0.230327188968658,-0.00244984962046146
128.266956361,0.230327188968658,-0.00244984962046146
128.276268553,0.233318448066711,-0.00489968108013272
128.286997548,0.233318448066711,-0.00489968108013272
128.296989702,0.233318448066711,-0.00489968108013272
128.306996009,0.233318448066711,-0.00489968108013272
128.316903727,0.234315544366837,-0.00734953070059419
128.326985083,0.234315544366837,-0.00734953070059419
128.336996333,0.234315544366837,-0.00734953070059419
128.346956917,0.235312640666962,-0.00979938078671694
128.35698582,0.234315544366837,-0.0122492304071784
128.36698809,0.234315544366837,-0.00734953070059419
128.376216245,0.232321366667747,-0.00734953070059419
128.38698649,0.232321366667747,-0.0122492304071784
128.39690228,0.232321366667747,-0.0122492304071784
128.406990193,0.230327188968658,-0.0122492304071784
128.416960622,0.230327188968658,-0.00734953070059419
128.426987669,0.229330092668533,-0.00979938078671694
128.436991195,0.229330092668533,-0.00979938078671694
128.446989892,0.228333026170731,-0.00734954932704568
128.456985357,0.227335929870605,-0.00489969924092293
128.467001157,0.22633883357048,-0.00734954932704568
128.476227059,0.225341752171516,-0.00489969924092293
128.48700646,0.224344670772552,-0.00244984962046146
128.496991159,0.224344670772552,-0.00244984962046146
128.507001247,0.223347574472427,0
128.517028912,0.222350493073463,-0.00244983145967126
128.52700357,0.2213534116745,0
128.537024228,0.2213534116745,0
128.547005756,0.220356315374374,-0.00244984962046146
128.556938942,0.21935923397541,0
128.566992143,0.21935923397541,0
128.576657666,0.218362152576447,0.00244984962046146
128.586845954,0.218362152576447,0.00244984962046146
128.597005986,0.216367959976196,0.00244984962046146
128.607000016,0.217365056276321,0
128.617000067,0.215370878577232,0
128.627014054,0.215370878577232,0
128.636933451,0.212379619479179,0.00244983145967126
128.647035778,0.211382538080215,0.00489968108013272
128.656987995,0.211382538080215,0
128.666984333,0.21038544178009,0.00244984962046146
128.67679622,0.21038544178009,-0.00244984962046146
128.68700187,0.208391278982162,0.00244984962046146
128.696993472,0.208391278982162,0.00244984962046146
128.706991139,0.207394182682037,0.00489969924092293
128.716863916,0.207394182682037,0.00489969924092293
128.726959881,0.205400004982948,0.00979939848184586
128.736985522,0.206397086381912,0.00734954932704568
128.746999617,0.204402923583984,0.00734954932704568
128.756986491,0.204402923583984,0.00734954932704568
128.766985581,0.204402923583984,0.00734954932704568
128.776322425,0.203405827283859,0.00979938078671694
128.787009912,0.202408745884895,0.00734953070059419
128.79686117,0.202408745884895,0.00734953070059419
128.806984278,0.200414568185806,0.00734953070059419
128.816955842,0.199417471885681,0.00979938078671694
128.826988582,0.199417471885681,0.00489968108013272
128.836984851,0.199417471885681,0.00489968108013272
128.846984153,0.199417471885681,0.00489968108013272
128.856991595,0.198420390486717,0.00734953070059419
128.866986915,0.198420390486717,0.00734953070059419
128.87620794,0.198420390486717,0.00734953070059419
128.887005005,0.198420390486717,0.00734953070059419
128.896986592,0.199417471885681,0.00979938078671694
128.906994646,0.199417471885681,0.00979938078671694
128.916956326,0.201411664485931,0.00489968108013272
128.926982877,0.202408745884895,0.00734953070059419
128.936957421,0.202408745884895,0.0122492304071784
128.946987986,0.203405827283859,0.00979938078671694
128.956894691,0.204402923583984,0.0122492304071784
128.966955748,0.203405827283859,0.00979938078671694
128.976156098,0.203405827283859,0.00979938078671694
128.987001433,0.205400004982948,0.00979939848184586
128.996989779,0.203405827283859,0.00979938078671694
129.006988252,0.205400004982948,0.00979939848184586
129.016994415,0.204402923583984,0.0122492304071784
129.026984779,0.204402923583984,0.0122492304071784
129.036855844,0.203405827283859,0.00979938078671694
129.046991822,0.203405827283859,0.00979938078671694
129.056991422,0.203405827283859,0.00979938078671694
129.066982527,0.203405827283859,0.00979938078671694
129.076148339,0.203405827283859,0.00979938078671694
129.08698441,0.202408745884895,0.0122492304071784
129.096984432,0.202408745884895,0.0122492304071784
129.106990065,0.202408745884895,0.0122492304071784
129.116893588,0.201411664485931,0.0146990800276399
129.126956485,0.200414568185806,0.0122492304071784
129.136988855,0.201411664485931,0.00979938078671694
129.146987853,0.201411664485931,0.0146990800276399
129.156992234,0.201411664485931,0.0146990800276399
129.166984972,0.200414568185806,0.0171489305794239
129.176135383,0.200414568185806,0.0171489305794239
129.187005777,0.201411664485931,0.00979938078671694
129.196854711,0.200414568185806,0.0122492304071784
129.206987193,0.200414568185806,0.0122492304071784
129.216956995,0.201411664485931,0.00979938078671694
129.226990222,0.202408745884895,0.00734953070059419
129.236991134,0.201411664485931,0.0146990800276399
129.246960764,0.201411664485931,0.00979938078671694
129.256987033,0.200414568185806,0.00734953070059419
129.266990099,0.201411664485931,0.00489968108013272
129.276127803,0.202408745884895,0.00734953070059419
129.286996993,0.201411664485931,0.00979938078671694
129.296989202,0.203405827283859,0.00979938078671694
129.306987586,0.202408745884895,0.00734953070059419
129.316995777,0.203405827283859,0.00979938078671694
129.326983901,0.202408745884895,0.0122492304071784
129.336988257,0.203405827283859,0.00979938078671694
129.346984364,0.204402923583984,0.0122492304071784
129.356879357,0.205400004982948,0.00979939848184586
129.366990729,0.205400019884109,0.0146990800276399
129.376134358,0.206397086381912,0.0122492490336299
129.386976524,0.207394182682037,0.0146990800276399
129.396987007,0.207394182682037,0.0146990800276399
129.406987039,0.208391264081001,0.0171489305794239
129.416991768,0.209388345479965,0.0146990800276399
129.426991985,0.211382538080215,0.0146990800276399
129.436878843,0.212379619479179,0.0122492304071784
129.446955262,0.214373797178268,0.0122492304071784
129.456963251,0.215370893478394,0.0146990800276399
129.466987568,0.216367974877357,0.0122492304071784
129.476125985,0.218362137675285,0.0122492304071784
129.48698853,0.219359219074249,0.00979938078671694
129.496230876,0.2213534116745,0.00979938078671694
129.506987175,0.222350493073463,0.00734953070059419
129.516236939,0.222350493073463,0.00734953070059419
129.526957163,0.223347574472427,0.00979938078671694
129.536234785,0.223347574472427,0.00979938078671694
129.546229032,0.2213534116745,0.00979938078671694
129.556986378,0.222350493073463,0.00734953070059419
129.566228392,0.223347574472427,0.00489968108013272
129.576227429,0.222350493073463,0.00734953070059419
129.587004267,0.222350493073463,0.00734953070059419
129.596227683,0.222350493073463,0.00734953070059419
129.606993141,0.222350493073463,0.00734953070059419
129.616228422,0.222350493073463,0.00734953070059419
129.626985932,0.222350493073463,0.00734953070059419
129.636987021,0.223347574472427,0.00489968108013272
129.646237652,0.225341752171516,0.00489969924092293
129.65699614,0.224344670772552,0.00734953070059419
129.666212568,0.225341767072678,0.00979938078671694
129.676773324,0.224344670772552,0.00734953070059419
129.687011391,0.225341752171516,0.00489969924092293
129.696212519,0.225341752171516,0.00489969924092293
129.70623438,0.22633883357048,0.00244984962046146
129.716214911,0.225341752171516,0.00489969924092293
129.726199752,0.225341752171516,0
129.736224,0.223347574472427,0.00489968108013272
129.746233732,0.222350493073463,0.00244983145967126
129.756230211,0.222350493073463,0.00244983145967126
129.766213869,0.220356315374374,-0.00244984962046146
129.776946795,0.220356315374374,-0.00244984962046146
129.787008781,0.218362152576447,-0.00244984962046146
129.796196753,0.215370878577232,-0.00489969924092293
129.806192363,0.214373797178268,-0.00244984962046146
129.816187506,0.214373797178268,-0.00244984962046146
129.826169172,0.212379619479179,-0.00244983145967126
129.836189931,0.213376700878143,-0.00489968108013272
129.846191356,0.211382538080215,-0.00489968108013272
129.856208979,0.211382538080215,-0.00489968108013272
129.866191222,0.21038544178009,-0.00244984962046146
129.876158915,0.21038544178009,-0.00244984962046146
129.886166776,0.209388360381126,0
129.896174157,0.211382538080215,0
129.906189525,0.21038544178009,0.00244984962046146
129.916189779,0.21038544178009,-0.00244984962046146
129.926182925,0.211382538080215,0
129.936190242,0.209388360381126,0
129.946181249,0.21038544178009,-0.00244984962046146
129.956186508,0.209388360381126,0
129.966198813,0.21038544178009,-0.00244984962046146
129.976186533,0.209388360381126,0
129.986094702,0.209388360381126,0
129.996875107,0.208391278982162,-0.00244984962046146
130.006183572,0.207394182682037,-0.00489969924092293
130.016129114,0.207394182682037,-0.00489969924092293
130.026182178,0.206397086381912,-0.00244984962046146
130.036193339,0.206397086381912,-0.00244984962046146
130.046134611,0.206397086381912,-0.00244984962046146
130.056185306,0.205400004982948,-0.00489969924092293
130.066179757,0.205400004982948,-0.00489969924092293
130.076158578,0.204402923583984,-0.00734954932704568
130.086088588,0.204402923583984,-0.00734954932704568
130.096198222,0.203405827283859,-0.00489969924092293
130.106186833,0.203405827283859,-0.00489969924092293
130.116177788,0.202408730983734,-0.00244984962046146
130.126132367,0.201411664485931,-0.00979938078671694
130.136112069,0.201411664485931,-0.00979938078671694
130.14608945,0.199417471885681,-0.00489968108013272
130.156102875,0.198420390486717,-0.00734953070059419
130.166095792,0.197423309087753,-0.00489969924092293
130.176099168,0.197423309087753,-0.00489969924092293
130.186060703,0.195429131388664,-0.00489969924092293
130.196291124,0.195429131388664,-0.00489969924092293
130.206091246,0.1944320499897,-0.00244984962046146
130.216124117,0.193434953689575,-0.00489969924092293
130.226042212,0.193434953689575,0
130.236141956,0.191440775990486,0
130.246080411,0.19243785738945,-0.00244984962046146
130.256048451,0.193434953689575,0
130.266078813,0.191440775990486,0
130.276082719,0.190443694591522,-0.00244983145967126
130.286072326,0.19243785738945,-0.00244984962046146
130.29697219,0.191440775990486,0
130.307005161,0.191440790891647,-0.00489968108013272
130.316123455,0.191440775990486,0
130.326069529,0.190443694591522,-0.00244983145967126
130.336101297,0.191440790891647,-0.00489968108013272
130.346100044,0.190443694591522,-0.00734953070059419
130.356100153,0.190443694591522,-0.00734953070059419
130.366073731,0.191440790891647,-0.00979938078671694
130.376052236,0.191440790891647,-0.00979938078671694
130.386063263,0.189446598291397,-0.00979938078671694
130.396149019,0.189446598291397,-0.0146990800276399
130.407010491,0.189446598291397,-0.0146990800276399
130.416100567,0.189446598291397,-0.0146990800276399
130.426104649,0.188449516892433,-0.0171489305794239
130.436119585,0.188449516892433,-0.0171489305794239
130.446059414,0.189446598291397,-0.0146990800276399
130.4560191,0.187452435493469,-0.0146990800276399
130.466067044,0.187452435493469,-0.0146990800276399
130.47606043,0.187452435493469,-0.0146990800276399
130.486032281,0.186455339193344,-0.0171489119529724
130.496029542,0.18545825779438,-0.0146990614011884
130.50603239,0.18545825779438,-0.0146990614011884
130.516053335,0.18545825779438,-0.0195987615734339
130.526058954,0.186455339193344,-0.0171489119529724
130.536044116,0.186455339193344,-0.0171489119529724
130.546017388,0.184461176395416,-0.0171489119529724
130.556048173,0.18545825779438,-0.0195987615734339
130.566028799,0.18545825779438,-0.0195987615734339
130.576076839,0.18545825779438,-0.0195987615734339
130.586009017,0.186455339193344,-0.0171489119529724
130.596020666,0.187452435493469,-0.0195987615734339
130.606054271,0.187452435493469,-0.0195987615734339
130.6160625,0.187452435493469,-0.0195987615734339
130.626048141,0.18545825779438,-0.0195987615734339
130.636076624,0.18545825779438,-0.0195987615734339
130.646059045,0.187452435493469,-0.0244984608143568
130.656063973,0.186455339193344,-0.0220486111938953
130.666042341,0.186455339193344,-0.0220486111938953
130.676026882,0.18545825779438,-0.0195987615734339
130.686020699,0.186455339193344,-0.0220486111938953
130.696026378,0.186455339193344,-0.0220486111938953
130.706048259,0.186455339193344,-0.0220486111938953
130.716071432,0.18545825779438,-0.0195987615734339
130.726049144,0.187452435493469,-0.0195987615734339
130.736063507,0.187452435493469,-0.0195987615734339
130.746042308,0.186455339193344,-0.0171489119529724
130.756068582,0.186455339193344,-0.0171489119529724
130.766036912,0.186455339193344,-0.0171489119529724
130.776017464,0.188449516892433,-0.0171489305794239
130.78602998,0.187452435493469,-0.0146990800276399
130.796012206,0.188449516892433,-0.0122492304071784
130.806025953,0.189446598291397,-0.0146990800276399
130.816018995,0.191440790891647,-0.0146990800276399
130.826021974,0.192437872290611,-0.0122492304071784
130.836034205,0.1944320499897,-0.0122492304071784
130.846032552,0.195429131388664,-0.00979939848184586
130.856023711,0.197423309087753,-0.00979938078671694
130.866022995,0.199417471885681,-0.00489968108013272
130.876021672,0.199417471885681,-0.00489968108013272
130.88602031,0.202408745884895,-0.00734953070059419
130.895988497,0.203405827283859,-0.00489969924092293
130.906021844,0.203405827283859,0
130.916023849,0.205400004982948,0
130.926033326,0.206397086381912,0.00244984962046146
130.936030246,0.206397086381912,0.00244984962046146
130.94602741,0.207394182682037,0.00489969924092293
130.956022785,0.21038544178009,0.00244984962046146
130.966026442,0.209388360381126,0
130.976013917,0.21038544178009,0.00244984962046146
130.986033792,0.211382538080215,0.00489968108013272
130.995997407,0.21038544178009,0.00244984962046146
131.006030473,0.212379619479179,0.00244983145967126
131.016021243,0.211382538080215,0.00489968108013272
131.026026098,0.212379619479179,-0.00244983145967126
131.036023143,0.212379619479179,0.00244983145967126
131.046026415,0.213376700878143,0
131.056021618,0.212379619479179,0.00244983145967126
131.066019841,0.213376700878143,0.00489968108013272
131.075984545,0.213376700878143,0
131.086014869,0.213376700878143,0
131.095982059,0.215370878577232,0
131.1060248,0.214373797178268,0.00244984962046146
131.116020008,0.214373797178268,-0.00244984962046146
131.126021174,0.213376700878143,0.00489968108013272
131.136018169,0.213376700878143,0
131.146011192,0.212379619479179,0.00244983145967126
131.156019998,0.211382538080215,0
131.166013836,0.211382538080215,-0.00489968108013272
131.176011905,0.21038544178009,-0.00244984962046146
131.186017163,0.209388360381126,0
131.195973948,0.208391278982162,-0.00244984962046146
131.206006738,0.208391278982162,-0.00244984962046146
131.215981261,0.208391278982162,-0.00244984962046146
131.226012921,0.207394182682037,-0.00489969924092293
131.236032051,0.208391278982162,-0.00244984962046146
131.246010594,0.208391278982162,-0.00734954932704568
131.256012536,0.207394182682037,-0.00489969924092293
131.266008653,0.208391278982162,-0.00244984962046146
131.276040418,0.208391278982162,-0.00244984962046146
131.286005257,0.209388360381126,-0.00489969924092293
131.296018282,0.208391278982162,-0.00244984962046146
131.306015321,0.209388360381126,-0.00489969924092293
131.316015149,0.209388360381126,-0.00489969924092293
131.32601574,0.211382538080215,-0.00489968108013272
131.336016202,0.209388360381126,-0.00489969924092293
131.346014238,0.21038544178009,-0.00244984962046146
131.356017677,0.21038544178009,-0.00244984962046146
131.366008182,0.21038544178009,-0.00244984962046146
131.375987675,0.211382538080215,-0.00489968108013272
131.386011437,0.211382538080215,-0.00489968108013272
131.396014272,0.211382538080215,-0.00489968108013272
131.406014185,0.21038544178009,-0.00244984962046146
131.416012514,0.21038544178009,-0.00244984962046146
131.426017838,0.208391278982162,-0.00244984962046146
131.436015908,0.209388360381126,0
131.446013191,0.207394182682037,0
131.456032961,0.207394182682037,0
131.466014726,0.205400004982948,0
131.476020685,0.204402923583984,0.00244984962046146
131.486020546,0.202408730983734,0.00244984962046146
131.496018214,0.202408730983734,-0.00244984962046146
131.506015163,0.200414568185806,-0.00244983145967126
131.516019115,0.199417486786842,0
131.52601642,0.197423309087753,0
131.536012589,0.195429131388664,-0.00489969924092293
131.546008483,0.1944320499897,-0.00244984962046146
131.556009689,0.193434953689575,-0.00489969924092293
131.566015656,0.191440790891647,-0.00489968108013272
131.576025062,0.191440790891647,-0.00489968108013272
131.586019237,0.189446598291397,-0.00489968108013272
131.596013655,0.188449531793594,-0.00244984962046146
131.606015879,0.188449516892433,-0.00734953070059419
131.616014433,0.187452435493469,-0.00489969924092293
131.626013126,0.188449516892433,-0.00734953070059419
131.636010873,0.187452435493469,-0.00489969924092293
131.646015297,0.187452435493469,-0.00489969924092293
131.656010399,0.187452435493469,-0.00489969924092293
131.66602031,0.187452435493469,-0.00489969924092293
131.676016194,0.187452435493469,-0.00489969924092293
131.686009731,0.187452435493469,-0.00489969924092293
131.696010519,0.188449531793594,-0.00244984962046146
131.706009699,0.187452435493469,0
131.716016469,0.188449531793594,-0.00244984962046146
131.725981241,0.187452435493469,0
131.736018538,0.189446613192558,0
131.746020887,0.190443694591522,-0.00244983145967126
131.756010269,0.190443694591522,-0.00244983145967126
131.76602071,0.19243785738945,-0.00244984962046146
131.775947505,0.190443694591522,-0.00244983145967126
131.786007834,0.19243785738945,-0.00244984962046146
131.795983049,0.191440775990486,0
131.805992945,0.19243785738945,-0.00244984962046146
131.81594727,0.191440775990486,0
131.825966907,0.19243785738945,-0.00244984962046146
131.835963018,0.191440775990486,0
131.845947931,0.190443694591522,-0.00244983145967126
131.856023262,0.191440775990486,0
131.865982065,0.189446613192558,0
131.876021163,0.190443694591522,-0.00244983145967126
131.885966362,0.189446613192558,0
131.895954121,0.189446598291397,-0.00489968108013272
131.905977739,0.190443694591522,-0.00244983145967126
131.915955888,0.190443694591522,-0.00734953070059419
131.925987429,0.190443694591522,-0.00244983145967126
131.935984286,0.190443694591522,-0.00734953070059419
131.945953384,0.190443694591522,-0.00244983145967126
131.955988654,0.189446598291397,-0.00489968108013272
131.965964514,0.190443694591522,-0.00244983145967126
131.976013888,0.189446613192558,0
131.985990964,0.190443694591522,-0.00244983145967126
131.995949248,0.190443694591522,-0.00244983145967126
132.005981326,0.189446613192558,0
132.015980069,0.189446598291397,0.00489968108013272
132.025954358,0.189446613192558,0
132.036047559,0.189446598291397,0.00489968108013272
132.04597642,0.188449531793594,0.00244984962046146
132.056012126,0.189446598291397,0.00489968108013272
132.065984486,0.190443694591522,0.00244983145967126
132.076020004,0.191440790891647,0.00489968108013272
132.085957522,0.191440790891647,0.00489968108013272
132.096018533,0.190443694591522,0.00734953070059419
132.105969199,0.191440790891647,0.00489968108013272
132.116016444,0.191440790891647,0.00489968108013272
132.125983066,0.192437872290611,0.00734953070059419
132.136030113,0.192437872290611,0.00734953070059419
132.145948754,0.1944320499897,0.00734954932704568
132.156011343,0.1944320499897,0.00734954932704568
132.16595375,0.193434953689575,0.00979938078671694
132.176020389,0.1944320499897,0.00734954932704568
132.185983848,0.195429131388664,0.00979939848184586
132.195948419,0.197423309087753,0.00979938078671694
132.205984906,0.198420390486717,0.0122492304071784
132.215980256,0.199417471885681,0.00979938078671694
132.225953287,0.200414568185806,0.0122492304071784
132.236017549,0.201411664485931,0.00979938078671694
132.245985725,0.202408745884895,0.0122492304071784
132.256013341,0.202408745884895,0.0171489305794239
132.265972207,0.205400019884109,0.0146990800276399
132.276037898,0.206397086381912,0.0171489119529724
132.285958008,0.205400019884109,0.0146990800276399
132.29601511,0.206397086381912,0.0171489119529724
132.305985358,0.206397086381912,0.0171489119529724
132.315949194,0.207394182682037,0.0195987615734339
132.326038907,0.206397086381912,0.0171489119529724
132.336021478,0.207394182682037,0.0195987615734339
132.345952333,0.207394182682037,0.0195987615734339
132.356016857,0.207394182682037,0.0146990800276399
132.365983967,0.206397086381912,0.0171489119529724
132.376017891,0.207394182682037,0.0146990800276399
132.385951422,0.206397086381912,0.0171489119529724
132.396018557,0.206397086381912,0.0171489119529724
132.405981771,0.205400019884109,0.0146990800276399
132.416009262,0.205400019884109,0.0146990800276399
132.425994846,0.205400019884109,0.0146990800276399
132.436017846,0.205400019884109,0.0146990800276399
132.445983162,0.205400019884109,0.0146990800276399
132.456019055,0.205400019884109,0.0146990800276399
132.465947539,0.205400019884109,0.0146990800276399
132.476042043,0.204402923583984,0.0171489305794239
132.485995129,0.205400019884109,0.0146990800276399
132.495949886,0.204402923583984,0.0171489305794239
132.505984805,0.204402923583984,0.0171489305794239
132.515953459,0.204402923583984,0.0171489305794239
132.525983402,0.204402923583984,0.0171489305794239
132.535977871,0.204402923583984,0.0171489305794239
132.545950701,0.202408745884895,0.0171489305794239
132.555990509,0.203405827283859,0.0195987801998854
132.565950591,0.202408745884895,0.0171489305794239
132.576021072,0.200414568185806,0.0171489305794239
132.585979408,0.200414568185806,0.0171489305794239
132.595952914,0.200414568185806,0.0171489305794239
132.605982307,0.200414568185806,0.0171489305794239
132.615988447,0.198420390486717,0.0171489305794239
132.625975284,0.198420390486717,0.0171489305794239
132.635950937,0.196426212787628,0.0171489119529724
132.646006085,0.197423309087753,0.0146990800276399
132.656011269,0.196426212787628,0.0122492304071784
132.665953253,0.195429131388664,0.0146990614011884
132.675983185,0.196426212787628,0.0122492304071784
132.686021185,0.195429131388664,0.0146990614011884
132.696017581,0.195429131388664,0.00979939848184586
132.705947935,0.1944320499897,0.0122492304071784
132.716017109,0.195429131388664,0.00979939848184586
132.725954528,0.195429131388664,0.0146990614011884
132.736007218,0.197423309087753,0.00979938078671694
132.745841681,0.196426212787628,0.0122492304071784
132.755952843,0.198420390486717,0.0122492304071784
132.766000929,0.198420390486717,0.0122492304071784
132.776020156,0.198420390486717,0.0122492304071784
132.786011419,0.200414568185806,0.0122492304071784
132.795985584,0.199417471885681,0.0146990800276399
132.806012193,0.200414568185806,0.0122492304071784
132.815972693,0.200414568185806,0.0122492304071784
132.826003735,0.201411664485931,0.00979938078671694
132.835956498,0.200414568185806,0.0122492304071784
132.846002159,0.202408745884895,0.0122492304071784
132.856009094,0.200414568185806,0.0122492304071784
132.865984613,0.202408745884895,0.0122492304071784
132.875954631,0.202408745884895,0.0171489305794239
132.88601893,0.201411664485931,0.0146990800276399
132.895983026,0.203405827283859,0.0146990800276399
132.906006078,0.203405827283859,0.0146990800276399
132.915976976,0.204402923583984,0.0171489305794239
132.925999885,0.205400019884109,0.0146990800276399
132.935954165,0.206397086381912,0.0171489119529724
132.946005276,0.204402923583984,0.0171489305794239
132.955979301,0.205400004982948,0.0195987615734339
132.966011535,0.204402923583984,0.0171489305794239
132.975985745,0.205400019884109,0.0146990800276399
132.985951415,0.205400019884109,0.0146990800276399
132.995979901,0.205400019884109,0.0146990800276399
133.006002437,0.205400019884109,0.0146990800276399
133.015981896,0.205400019884109,0.0146990800276399
133.025997915,0.203405827283859,0.0146990800276399
133.035987552,0.203405827283859,0.0146990800276399
133.046000391,0.204402923583984,0.0122492304071784
133.05601645,0.204402923583984,0.0122492304071784
133.066001838,0.204402923583984,0.0122492304071784
133.07602263,0.203405827283859,0.00979938078671694
133.086010602,0.203405827283859,0.0146990800276399
133.096002702,0.202408745884895,0.0122492304071784
133.106006115,0.202408745884895,0.0122492304071784
133.116002929,0.202408745884895,0.0122492304071784
133.126002251,0.202408745884895,0.0122492304071784
133.136019891,0.200414568185806,0.0122492304071784
133.146012293,0.201411664485931,0.0146990800276399
133.156012404,0.199417471885681,0.0146990800276399
133.165993488,0.199417471885681,0.0146990800276399
133.176019109,0.199417471885681,0.0195987801998854
133.18600379,0.198420390486717,0.0171489305794239
133.196007955,0.199417471885681,0.0195987801998854
133.206004472,0.199417471885681,0.0195987801998854
133.215998397,0.198420405387878,0.0220486111938953
133.226005849,0.198420405387878,0.0220486111938953
133.236014926,0.199417486786842,0.0244984608143568
133.246014001,0.198420405387878,0.0220486111938953
133.256019435,0.199417486786842,0.0244984608143568
133.266002643,0.199417486786842,0.0244984608143568
133.276004308,0.200414568185806,0.0220486298203468
133.286015766,0.201411664485931,0.0195987801998854
133.295998793,0.201411664485931,0.0195987801998854
133.306006621,0.201411664485931,0.0244984794408083
133.31599839,0.202408745884895,0.0220486298203468
133.326006329,0.203405827283859,0.0244984608143568
133.336003936,0.202408745884895,0.0220486298203468
133.346001671,0.203405827283859,0.0244984608143568
133.356000481,0.204402923583984,0.0220486111938953
133.366009831,0.207394182682037,0.0244984608143568
133.376016168,0.206397086381912,0.0269483104348183
133.386005486,0.207394182682037,0.0293981600552797
133.396013973,0.206397086381912,0.0318480096757412
133.406016518,0.208391278982162,0.0318480096757412
133.416009801,0.208391278982162,0.0318480096757412
133.426000603,0.208391278982162,0.0318480096757412
133.4360135,0.21038544178009,0.0318479910492897
133.44600366,0.212379619479179,0.0318479910492897
133.456003822,0.211382538080215,0.0342978425323963
133.466019428,0.209388345479965,0.0342978425323963
133.476001452,0.21038544178009,0.0318479910492897
133.486005096,0.21038544178009,0.0318479910492897
133.496002578,0.211382538080215,0.0293981414288282
133.506011313,0.209388360381126,0.0293981600552797
133.515998346,0.209388360381126,0.0293981600552797
133.52599828,0.209388360381126,0.0293981600552797
133.535995863,0.209388360381126,0.0293981600552797
133.54600698,0.207394182682037,0.0293981600552797
133.555995252,0.206397086381912,0.0269483104348183
133.566007039,0.206397086381912,0.0269483104348183
133.576000012,0.205400004982948,0.0293981600552797
133.58600337,0.204402923583984,0.0269483104348183
133.596013961,0.203405827283859,0.0293981600552797
133.606011115,0.203405827283859,0.0244984608143568
133.616008037,0.203405827283859,0.0244984608143568
133.625999002,0.202408730983734,0.0269483104348183
133.636001076,0.201411664485931,0.0244984794408083
133.646002848,0.200414568185806,0.0220486298203468
133.656000704,0.201411664485931,0.0244984794408083
133.666003732,0.200414568185806,0.0220486298203468
133.675970256,0.200414568185806,0.0171489305794239
133.686006547,0.200414568185806,0.0220486298203468
133.696008131,0.199417471885681,0.0195987801998854
133.706007826,0.199417471885681,0.0195987801998854
133.716006957,0.197423309087753,0.0195987615734339
133.7260106,0.197423309087753,0.0146990800276399
133.735999837,0.196426212787628,0.0171489119529724
133.746008011,0.1944320499897,0.0171489119529724
133.756001745,0.193434953689575,0.0146990800276399
133.765971387,0.192437872290611,0.0171489305794239
133.776022763,0.191440790891647,0.0146990800276399
133.785956654,0.190443694591522,0.0122492304071784
133.796019263,0.188449516892433,0.0122492304071784
133.805969021,0.188449516892433,0.0122492304071784
133.816019988,0.188449516892433,0.0122492304071784
133.825969705,0.186455339193344,0.0122492304071784
133.836023088,0.186455339193344,0.0122492304071784
133.845973948,0.187452435493469,0.00979938078671694
133.856021889,0.18545825779438,0.00979939848184586
133.865952792,0.18545825779438,0.00979939848184586
133.876019315,0.184461176395416,0.0122492304071784
133.885981882,0.184461176395416,0.0122492304071784
133.895947979,0.18545825779438,0.00979939848184586
133.90598099,0.183464080095291,0.00979938078671694
133.915955003,0.183464080095291,0.00489969924092293
133.925985579,0.183464080095291,0.00979938078671694
133.935989636,0.182466998696327,0.00734953070059419
133.945993286,0.181469917297363,0.00979938078671694
133.955988974,0.182466998696327,0.00734953070059419
133.96595428,0.181469917297363,0.00489968108013272
133.975985517,0.181469917297363,0.00489968108013272
133.985987145,0.180472820997238,0.00244983145967126
133.995994351,0.181469902396202,0
134.005989272,0.181469902396202,0
134.015964771,0.179475724697113,0.00489968108013272
134.025986099,0.17847865819931,-0.00244984962046146
134.03598869,0.17847865819931,-0.00244984962046146
134.045998117,0.17847865819931,-0.00244984962046146
134.0559896,0.17847865819931,-0.00244984962046146
134.065993488,0.17847865819931,-0.00244984962046146
134.075986984,0.179475739598274,0
134.085989987,0.179475739598274,0
134.095985383,0.17847865819931,0.00244984962046146
134.105990149,0.17847865819931,0.00244984962046146
134.115982296,0.179475739598274,0
134.125993983,0.181469917297363,0.00489968108013272
134.135987156,0.182466983795166,0.00244984962046146
134.14598487,0.183464080095291,0.00489969924092293
134.155955322,0.184461176395416,0.00244984962046146
134.165996892,0.186455339193344,0.00244984962046146
134.175987111,0.18545825779438,0
134.185993728,0.187452435493469,0
134.195988965,0.187452435493469,0
134.205993807,0.189446613192558,0
134.216013616,0.190443694591522,-0.00244983145967126
134.225991704,0.191440790891647,-0.00489968108013272
134.235990897,0.191440775990486,0
134.245994438,0.19243785738945,-0.00244984962046146
134.255952181,0.19243785738945,-0.00244984962046146
134.265995274,0.191440775990486,0
134.275992511,0.19243785738945,-0.00244984962046146
134.285984343,0.19243785738945,-0.00244984962046146
134.295986674,0.193434953689575,0
134.305990272,0.193434953689575,0
134.315986246,0.1944320499897,0.00244984962046146
134.32599223,0.193434953689575,0.00489969924092293
134.335984399,0.1944320499897,0.00244984962046146
134.345987874,0.193434953689575,0.00489969924092293
134.355996307,0.1944320499897,0.00734954932704568
134.365990389,0.195429131388664,0.00489969924092293
134.375998708,0.197423309087753,0.00489969924092293
134.385982026,0.196426212787628,0.00734954932704568
134.395987433,0.198420390486717,0.00734953070059419
134.405995137,0.198420390486717,0.00734953070059419
134.415989034,0.198420390486717,0.00734953070059419
134.425987304,0.199417471885681,0.00489968108013272
134.43598728,0.199417471885681,0.00489968108013272
134.445987416,0.200414568185806,0.00734953070059419
134.455990568,0.201411664485931,0.00489968108013272
134.465981612,0.201411664485931,0.00489968108013272
134.475990191,0.201411664485931,0.00979938078671694
134.485993313,0.202408745884895,0.00734953070059419
134.495986483,0.202408730983734,0.00244984962046146
134.505990521,0.202408730983734,0.00244984962046146
134.515996848,0.203405827283859,0.00489969924092293
134.525990464,0.203405827283859,0.00489969924092293
134.535998029,0.203405827283859,0.00489969924092293
134.545984266,0.204402923583984,-0.00244984962046146
134.555997614,0.203405827283859,0.00489969924092293
134.565987246,0.204402923583984,0.00244984962046146
134.575992193,0.203405827283859,0
134.585987139,0.203405827283859,0
134.595986166,0.203405827283859,0.00489969924092293
134.605991182,0.203405827283859,0.00489969924092293
134.615948046,0.202408730983734,0.00244984962046146
134.625998382,0.204402923583984,0.00244984962046146
134.635991758,0.204402923583984,0.00244984962046146
134.645986249,0.203405827283859,0.00489969924092293
134.655990015,0.203405827283859,0
134.665997044,0.202408730983734,0.00244984962046146
134.675990665,0.202408730983734,0.00244984962046146
134.685954504,0.204402923583984,-0.00244984962046146
134.695984947,0.202408730983734,-0.00244984962046146
134.705953164,0.202408730983734,-0.00244984962046146
134.71598775,0.202408730983734,-0.00244984962046146
134.725988303,0.200414568185806,-0.00244983145967126
134.735955974,0.200414568185806,-0.00244983145967126
134.745989369,0.200414568185806,-0.00244983145967126
134.755986213,0.200414568185806,-0.00734953070059419
134.765991269,0.199417471885681,-0.00489968108013272
134.775984032,0.199417471885681,-0.00489968108013272
134.785991471,0.197423309087753,0
134.796002239,0.198420405387878,-0.00244984962046146
134.80598693,0.198420405387878,-0.00244984962046146
134.815988212,0.198420405387878,-0.00244984962046146
134.825992992,0.197423309087753,-0.00489969924092293
134.835955423,0.197423309087753,-0.00489969924092293
134.845989893,0.197423309087753,-0.00489969924092293
134.855988077,0.197423309087753,0
134.865993445,0.198420405387878,-0.00244984962046146
134.875992246,0.198420405387878,-0.00244984962046146
134.885998026,0.198420405387878,-0.00244984962046146
134.895996337,0.198420405387878,-0.00244984962046146
134.905996352,0.198420405387878,-0.00244984962046146
134.915955699,0.198420405387878,-0.00244984962046146
134.925988125,0.199417486786842,0
134.935987857,0.198420405387878,0.00244984962046146
134.945991153,0.198420405387878,0.00244984962046146
134.955986003,0.198420405387878,0.00244984962046146
134.96598908,0.198420405387878,0.00244984962046146
134.975988981,0.198420405387878,0.00244984962046146
134.98599544,0.198420405387878,0.00244984962046146
134.995991213,0.198420405387878,0.00244984962046146
135.005690258,0.197423309087753,0.00489969924092293
135.015995206,0.197423309087753,0.00489969924092293
135.025988893,0.197423309087753,0.00489969924092293
135.035987709,0.197423309087753,0.00489969924092293
135.045990239,0.197423309087753,0.00489969924092293
135.055987474,0.197423309087753,0
135.06598415,0.196426212787628,0.00244984962046146
135.075990281,0.197423309087753,0
135.085686838,0.196426212787628,0.00244984962046146
135.095990823,0.195429131388664,0
135.105989809,0.196426212787628,-0.00244984962046146
135.115988976,0.196426212787628,-0.00244984962046146
135.125988119,0.195429131388664,0
135.135994057,0.196426212787628,-0.00244984962046146
135.14598972,0.195429131388664,-0.00489969924092293
135.155955072,0.1944320499897,0.00244984962046146
135.165994935,0.195429131388664,0
135.175985983,0.193434953689575,0
135.185985733,0.1944320499897,-0.00244984962046146
135.195992744,0.193434953689575,0
135.205993231,0.193434953689575,0
135.215953277,0.193434953689575,0
135.225990337,0.193434953689575,-0.00489969924092293
135.235957293,0.191440790891647,-0.00489968108013272
135.2456832,0.19243785738945,-0.00244984962046146
135.255987938,0.191440790891647,-0.00489968108013272
135.265988736,0.190443694591522,-0.00734953070059419
135.275983,0.190443694591522,-0.00734953070059419
135.285988,0.190443694591522,-0.00734953070059419
135.295990422,0.191440790891647,-0.00979938078671694
135.30602128,0.189446598291397,-0.00979938078671694
135.31601498,0.187452435493469,-0.00979938078671694
135.326019007,0.187452435493469,-0.00979938078671694
135.335980284,0.187452435493469,-0.00979938078671694
135.346013915,0.186455339193344,-0.0122492304071784
135.355953344,0.186455339193344,-0.0122492304071784
135.366020097,0.186455339193344,-0.0122492304071784
135.375954299,0.186455339193344,-0.0122492304071784
135.386016055,0.183464080095291,-0.0146990800276399
135.396006086,0.183464080095291,-0.0146990800276399
135.406016747,0.183464080095291,-0.0146990800276399
135.415986885,0.184461176395416,-0.0171489119529724
135.426022475,0.183464080095291,-0.0146990800276399
135.436002815,0.183464080095291,-0.0146990800276399
135.446019012,0.183464080095291,-0.0146990800276399
135.455956773,0.184461176395416,-0.0171489119529724
135.466019261,0.184461176395416,-0.0171489119529724
135.475954502,0.183464080095291,-0.0146990800276399
135.486018065,0.184461176395416,-0.0122492304071784
135.495984486,0.184461176395416,-0.0122492304071784
135.506018214,0.18545825779438,-0.0146990614011884
135.51598566,0.186455339193344,-0.0122492304071784
135.526016335,0.186455339193344,-0.0122492304071784
135.535953887,0.187452435493469,-0.0146990800276399
135.546018663,0.188449516892433,-0.0122492304071784
135.556019895,0.187452435493469,-0.00979938078671694
135.565677918,0.188449516892433,-0.0122492304071784
135.575959167,0.189446598291397,-0.00979938078671694
135.586003735,0.191440790891647,-0.00979938078671694
135.595986378,0.191440790891647,-0.00979938078671694
135.606013714,0.192437872290611,-0.00734953070059419
135.615985215,0.191440790891647,-0.00979938078671694
135.626016795,0.193434953689575,-0.00979938078671694
135.635989043,0.192437872290611,-0.00734953070059419
135.645651246,0.192437872290611,-0.00734953070059419
135.655957454,0.193434953689575,-0.00979938078671694
135.666024484,0.193434953689575,-0.00489969924092293
135.675976575,0.1944320499897,-0.00734954932704568
135.686013357,0.1944320499897,-0.00734954932704568
135.695975171,0.1944320499897,-0.00734954932704568
135.706024995,0.193434953689575,-0.00489969924092293
135.716018532,0.1944320499897,-0.00244984962046146
135.725643429,0.193434953689575,-0.00489969924092293
135.735987802,0.195429131388664,-0.00489969924092293
135.746009859,0.195429131388664,-0.00489969924092293
135.756002701,0.196426212787628,-0.00244984962046146
135.76601218,0.195429131388664,-0.00489969924092293
135.775998404,0.195429131388664,-0.00489969924092293
135.786006782,0.196426212787628,-0.00734954932704568
135.795998044,0.197423309087753,-0.00489969924092293
135.805641134,0.197423309087753,-0.00979938078671694
135.815974384,0.197423309087753,-0.00979938078671694
135.826017681,0.198420390486717,-0.00734953070059419
135.835968605,0.198420390486717,-0.00734953070059419
135.846015981,0.197423309087753,-0.00979938078671694
135.855967794,0.197423309087753,-0.00979938078671694
135.86602143,0.199417471885681,-0.00979938078671694
135.875966922,0.199417471885681,-0.00979938078671694
135.885639922,0.198420390486717,-0.00734953070059419
135.895999484,0.199417471885681,-0.00979938078671694
135.906019026,0.200414568185806,-0.00734953070059419
135.916002133,0.200414568185806,-0.00734953070059419
135.926008004,0.200414568185806,-0.00734953070059419
135.93599767,0.200414568185806,-0.00734953070059419
135.946020964,0.201411664485931,-0.00489968108013272
135.955968079,0.201411664485931,-0.00489968108013272
135.965645254,0.200414568185806,-0.00734953070059419
135.975966938,0.200414568185806,-0.00734953070059419
135.98602211,0.200414568185806,-0.00734953070059419
135.995972811,0.199417471885681,-0.00489968108013272
136.006024053,0.199417471885681,-0.00489968108013272
136.015967271,0.198420390486717,-0.00734953070059419
136.026018169,0.198420390486717,-0.00734953070059419
136.035975748,0.198420390486717,-0.00734953070059419
136.045637314,0.198420390486717,-0.00734953070059419
136.056000569,0.197423309087753,-0.00979938078671694
136.066028462,0.196426212787628,-0.00244984962046146
136.075990538,0.197423309087753,-0.00489969924092293
136.086007477,0.197423309087753,-0.00489969924092293
136.096018037,0.197423309087753,-0.00489969924092293
136.105972154,0.197423309087753,-0.00489969924092293
136.116015302,0.199417471885681,-0.00489968108013272
136.125635899,0.199417471885681,-0.00489968108013272
136.136002521,0.199417471885681,-0.00489968108013272
136.146014496,0.199417471885681,-0.00489968108013272
136.155997586,0.202408730983734,-0.00244984962046146
136.166007778,0.203405827283859,-0.00489969924092293
136.176000833,0.202408730983734,-0.00244984962046146
136.186019134,0.202408730983734,-0.00244984962046146
136.195973661,0.203405827283859,-0.00489969924092293
136.205635392,0.203405827283859,-0.00489969924092293
136.215973547,0.20141164958477,0
136.226014121,0.202408730983734,-0.00244984962046146
136.235968828,0.203405827283859,0
136.246018476,0.203405827283859,0
136.256002787,0.20141164958477,0
136.266008192,0.202408730983734,-0.00244984962046146
136.276019303,0.203405827283859,0
136.285633312,0.203405827283859,0
136.296014839,0.203405827283859,0.00489969924092293
136.30600971,0.204402923583984,0.00734954932704568
136.31600689,0.206397086381912,0.00244984962046146
136.326022653,0.207394182682037,0.00489969924092293
136.336002982,0.206397086381912,0.00244984962046146
136.346012828,0.208391278982162,0.00244984962046146
136.356017613,0.209388360381126,0.00489969924092293
136.365634041,0.21038544178009,0.00734953070059419
136.376003416,0.21038544178009,0.00734953070059419
136.386015692,0.211382538080215,0.00489968108013272
136.396015412,0.212379619479179,0.00244983145967126
136.40597503,0.213376700878143,0
136.416049362,0.212379619479179,0.00244983145967126
136.42596681,0.212379619479179,0.00244983145967126
136.436023195,0.214373797178268,0.00244984962046146
136.445639046,0.212379619479179,0.00244983145967126
136.456017334,0.214373797178268,-0.00244984962046146
136.466025742,0.213376700878143,-0.00489968108013272
136.476017864,0.213376700878143,-0.00489968108013272
136.486019235,0.213376700878143,-0.00489968108013272
136.496000382,0.212379619479179,-0.00244983145967126
136.506013181,0.211382538080215,-0.00489968108013272
136.515966807,0.211382538080215,-0.00489968108013272
136.525626639,0.211382538080215,-0.00489968108013272
136.535969164,0.21038544178009,-0.00734953070059419
136.546005687,0.212379619479179,-0.00734953070059419
136.556003529,0.209388360381126,-0.00489969924092293
136.566023361,0.21038544178009,-0.00244984962046146
136.575998588,0.209388360381126,-0.00489969924092293
136.585773772,0.21038544178009,-0.00244984962046146
136.596014962,0.21038544178009,-0.00734953070059419
136.605630373,0.209388360381126,-0.00489969924092293
136.616010985,0.21038544178009,-0.00734953070059419
136.626017003,0.208391278982162,-0.00734954932704568
136.635966868,0.207394182682037,-0.00489969924092293
136.646016698,0.207394182682037,-0.00489969924092293
136.656040402,0.206397086381912,-0.00734954932704568
136.666001124,0.204402923583984,-0.00734954932704568
136.676001656,0.204402923583984,-0.00734954932704568
136.685627796,0.202408745884895,-0.00734953070059419
136.695544293,0.200414568185806,-0.00734953070059419
136.706004462,0.200414568185806,-0.00734953070059419
136.716013107,0.199417471885681,-0.00489968108013272
136.725971041,0.197423309087753,-0.00489969924092293
136.736018985,0.197423309087753,-0.00489969924092293
136.7460029,0.1944320499897,-0.00734954932704568
136.756014302,0.195429131388664,-0.00489969924092293
136.76562636,0.193434953689575,-0.00489969924092293
136.776026417,0.192437872290611,-0.00734953070059419
136.785971104,0.190443694591522,-0.00734953070059419
136.795538836,0.190443694591522,-0.00244983145967126
136.805997601,0.189446598291397,-0.00489968108013272
136.816007144,0.187452435493469,-0.00489969924092293
136.826009702,0.187452435493469,-0.00489969924092293
136.836002296,0.18545825779438,-0.00489969924092293
136.845600076,0.18545825779438,-0.00489969924092293
136.856008391,0.183464080095291,-0.00489969924092293
136.865999911,0.181469917297363,-0.00489968108013272
136.876003491,0.181469917297363,-0.00489968108013272
136.885997397,0.180472820997238,-0.00244983145967126
136.895687003,0.179475724697113,-0.00489968108013272
136.906003766,0.17847865819931,-0.00244984962046146
136.915977375,0.17648446559906,-0.00244984962046146
136.92554494,0.17648446559906,-0.00244984962046146
136.936003276,0.175487384200096,-0.00489969924092293
136.946010368,0.173493206501007,0
136.956008808,0.173493206501007,0
136.966015071,0.173493206501007,0
136.975997315,0.172496110200882,0.00244984962046146
136.986010456,0.171499028801918,0
136.995910014,0.170501947402954,0.00244983145967126
137.00557175,0.16950486600399,0
137.016004366,0.170501947402954,0.00244983145967126
137.026013959,0.170501947402954,0.00244983145967126
137.036006626,0.170501947402954,0.00734953070059419
137.046015456,0.169504851102829,0.00489968108013272
137.056002901,0.169504851102829,0.00489968108013272
137.066021612,0.170501947402954,0.00734953070059419
137.075999471,0.169504851102829,0.00979938078671694
137.085563543,0.169504851102829,0.00979938078671694
137.095998849,0.170501947402954,0.00734953070059419
137.106006518,0.170501947402954,0.0122492304071784
137.115989596,0.171499043703079,0.00979938078671694
137.126016169,0.170501947402954,0.0122492304071784
137.136007863,0.170501947402954,0.00734953070059419
137.146013334,0.171499043703079,0.00979938078671694
137.155974826,0.170501947402954,0.0122492304071784
137.165568377,0.170501947402954,0.00734953070059419
137.175970299,0.171499043703079,0.00489968108013272
137.186019762,0.172496125102043,0.00734953070059419
137.195970202,0.172496125102043,0.00734953070059419
137.206032069,0.173493206501007,0.00489969924092293
137.216000334,0.172496125102043,0.00734953070059419
137.226020853,0.172496110200882,0.00244984962046146
137.235997648,0.173493206501007,0.00489969924092293
137.24554096,0.173493206501007,0.00489969924092293
137.256002464,0.174490302801132,0.00244984962046146
137.266017407,0.175487384200096,0.00489969924092293
137.276002662,0.17648446559906,0.00734954932704568
137.286009905,0.17648446559906,0.00734954932704568
137.296045131,0.177481561899185,0.00489969924092293
137.306030374,0.17648446559906,0.00734954932704568
137.316005492,0.178478643298149,0.00734953070059419
137.325538612,0.179475724697113,0.00979938078671694
137.336004423,0.179475724697113,0.00979938078671694
137.346007754,0.182466998696327,0.00734953070059419
137.35600084,0.182466998696327,0.00734953070059419
137.366004207,0.183464080095291,0.00979938078671694
137.376002245,0.182466998696327,0.00734953070059419
137.385977118,0.184461176395416,0.00734954932704568
137.396002006,0.183464080095291,0.00979938078671694
137.405521155,0.184461176395416,0.00734954932704568
137.416013965,0.184461176395416,0.00734954932704568
137.426006634,0.184461176395416,0.00734954932704568
137.436012748,0.18545825779438,0.00489969924092293
137.446003836,0.184461176395416,0.00734954932704568
137.455972142,0.184461176395416,0.00734954932704568
137.466003368,0.184461176395416,0.00734954932704568
137.476019362,0.184461176395416,0.00734954932704568
137.485505204,0.184461176395416,0.00734954932704568
137.496009048,0.184461176395416,0.00734954932704568
137.505999431,0.18545825779438,0.00979939848184586
137.515974366,0.184461176395416,0.00734954932704568
137.52601126,0.186455339193344,0.00734954932704568
137.536009852,0.186455339193344,0.0122492304071784
137.545974974,0.18545825779438,0.00979939848184586
137.556005356,0.187452435493469,0.00979938078671694
137.565494718,0.187452435493469,0.00979938078671694
137.57600452,0.189446598291397,0.00979938078671694
137.586014355,0.189446598291397,0.00979938078671694
137.596003948,0.191440790891647,0.00979938078671694
137.606002135,0.192437872290611,0.00734953070059419
137.615956771,0.1944320499897,0.00734954932704568
137.626007661,0.1944320499897,0.0122492304071784
137.636009223,0.1944320499897,0.00734954932704568
137.645484022,0.196426212787628,0.00734954932704568
137.655974029,0.196426212787628,0.00734954932704568
137.666006621,0.198420390486717,0.00734953070059419
137.675975974,0.198420390486717,0.00734953070059419
137.686004512,0.200414568185806,0.00734953070059419
137.695961904,0.199417471885681,0.00979938078671694
137.706014288,0.199417471885681,0.00979938078671694
137.716000653,0.200414568185806,0.0122492304071784
137.72547987,0.200414568185806,0.00734953070059419
137.736008408,0.202408745884895,0.0122492304071784
137.746004255,0.202408745884895,0.0122492304071784
137.755995387,0.203405827283859,0.0146990800276399
137.766009532,0.203405827283859,0.0146990800276399
137.77600403,0.205400019884109,0.0146990800276399
137.785976266,0.203405827283859,0.0146990800276399
137.79544112,0.206397086381912,0.0122492490336299
137.805481679,0.207394182682037,0.0146990800276399
137.815972942,0.207394182682037,0.0146990800276399
137.826003816,0.207394182682037,0.0146990800276399
137.835970981,0.208391264081001,0.0122492304071784
137.846003724,0.208391264081001,0.0171489305794239
137.855973249,0.209388345479965,0.0146990800276399
137.866002712,0.208391264081001,0.0122492304071784
137.875973291,0.208391264081001,0.0122492304071784
137.885470574,0.209388345479965,0.00979938078671694
137.895323852,0.208391264081001,0.0122492304071784
137.905970215,0.208391278982162,0.00734954932704568
137.915997286,0.209388360381126,0.00489969924092293
137.926003605,0.209388360381126,0.00489969924092293
137.936008606,0.207394182682037,0.00489969924092293
137.946000302,0.209388360381126,0
137.955974495,0.207394182682037,0
137.965453024,0.207394182682037,0
137.976013176,0.205400004982948,0
137.98540895,0.206397086381912,0.00244984962046146
137.995368007,0.205400004982948,0
138.005973787,0.204402923583984,0.00244984962046146
138.015347184,0.202408730983734,0.00244984962046146
138.025974294,0.203405827283859,0
138.036009702,0.203405827283859,0
138.045451407,0.20141164958477,0
138.055972169,0.202408730983734,-0.00244984962046146
138.066002829,0.203405827283859,0
138.076005392,0.203405827283859,0
138.08531996,0.202408730983734,-0.00244984962046146
138.095569277,0.202408730983734,-0.00244984962046146
138.106005425,0.203405827283859,-0.00489969924092293
138.115512618,0.203405827283859,-0.00489969924092293
138.12545108,0.202408730983734,-0.00244984962046146
138.135974693,0.202408730983734,-0.00244984962046146
138.146004206,0.202408730983734,-0.00244984962046146
138.156011066,0.200414568185806,0.00244983145967126
138.166008028,0.199417486786842,0
138.175976201,0.198420405387878,-0.00244984962046146
138.185361646,0.198420405387878,-0.00244984962046146
138.195755308,0.196426212787628,-0.00244984962046146
138.205424561,0.195429131388664,0
138.215697166,0.1944320499897,-0.00244984962046146
138.226002807,0.193434953689575,0
138.235980327,0.191440775990486,0
138.246003595,0.190443694591522,-0.00244983145967126
138.255974856,0.191440790891647,-0.00489968108013272
138.266000514,0.189446598291397,-0.00489968108013272
138.275973263,0.189446598291397,-0.00489968108013272
138.285334144,0.188449531793594,-0.00244984962046146
138.295980958,0.189446598291397,-0.00489968108013272
138.306000037,0.187452435493469,-0.00489969924092293
138.315938077,0.188449531793594,-0.00244984962046146
138.326002948,0.187452435493469,-0.00489969924092293
138.335962912,0.188449516892433,-0.00734953070059419
138.345991854,0.188449516892433,-0.00734953070059419
138.355986311,0.187452435493469,-0.00979938078671694
138.365418714,0.188449516892433,-0.00734953070059419
138.375993077,0.188449531793594,-0.00244984962046146
138.385334224,0.188449516892433,-0.00734953070059419
138.395958193,0.187452435493469,-0.00489969924092293
138.405988258,0.188449516892433,-0.00734953070059419
138.415981912,0.186455339193344,-0.00734954932704568
138.42599179,0.188449516892433,-0.00734953070059419
138.435995619,0.187452435493469,-0.00489969924092293
138.445414427,0.187452435493469,-0.00489969924092293
138.45599043,0.187452435493469,0
138.465990407,0.186455339193344,-0.00244984962046146
138.475992875,0.18545825779438,-0.00489969924092293
138.485292474,0.186455339193344,-0.00244984962046146
138.495985848,0.186455339193344,-0.00244984962046146
138.505990928,0.186455339193344,0.00244984962046146
138.51598723,0.187452435493469,0
138.525411425,0.186455339193344,0.00244984962046146
138.535954751,0.186455339193344,0.00244984962046146
138.545989007,0.186455339193344,0.00734954932704568
138.555991449,0.186455339193344,0.00734954932704568
138.565988695,0.187452435493469,0.00489969924092293
138.575996635,0.188449516892433,0.00734953070059419
138.585214622,0.186455339193344,0.00734954932704568
138.59598678,0.187452435493469,0.00979938078671694
138.605385413,0.187452435493469,0.00489969924092293
138.616009101,0.187452435493469,0.00979938078671694
138.626018197,0.186455339193344,0.00734954932704568
138.636001448,0.187452435493469,0.00489969924092293
138.646032231,0.187452435493469,0.00489969924092293
138.656010856,0.186455339193344,0.00244984962046146
138.66604236,0.18545825779438,0.00489969924092293
138.676006816,0.186455339193344,0.00244984962046146
138.685410848,0.186455339193344,0.00244984962046146
138.695982958,0.186455339193344,0.00244984962046146
138.705995384,0.186455339193344,0.00244984962046146
138.715955489,0.186455339193344,0.00244984962046146
138.726000695,0.186455339193344,0.00244984962046146
138.73598732,0.188449531793594,0.00244984962046146
138.746015681,0.188449531793594,0.00244984962046146
138.755984865,0.189446613192558,0
138.765413877,0.190443694591522,0.00244983145967126
138.77595417,0.190443694591522,0.00244983145967126
138.785865576,0.191440790891647,0.00489968108013272
138.7959531,0.19243785738945,0.00244984962046146
138.806000901,0.19243785738945,0.00244984962046146
138.815987629,0.193434953689575,0.00489969924092293
138.826010281,0.195429131388664,0.00489969924092293
138.835994248,0.1944320499897,0.00734954932704568
138.845404253,0.193434953689575,0.00489969924092293
138.855955368,0.1944320499897,0.00734954932704568
138.866010879,0.195429131388664,0.00489969924092293
138.875956456,0.195429131388664,0.00489969924092293
138.886026558,0.196426212787628,0.00244984962046146
138.895981933,0.196426212787628,0.00244984962046146
138.905473638,0.197423309087753,0.00489969924092293
138.915843284,0.196426212787628,0.00244984962046146
138.925353264,0.196426212787628,0.00244984962046146
138.93584427,0.196426212787628,0.00244984962046146
138.945841504,0.197423309087753,0.00489969924092293
138.955840673,0.198420405387878,0.00244984962046146
138.965844327,0.197423309087753,0.00489969924092293
138.975984697,0.197423309087753,0.00489969924092293
138.985955661,0.198420390486717,0.00734953070059419
138.996000868,0.198420390486717,0.00734953070059419
139.005384118,0.198420390486717,0.00734953070059419
139.01600317,0.199417471885681,0.00489968108013272
139.025986757,0.200414568185806,0.00734953070059419
139.036012674,0.200414568185806,0.00734953070059419
139.045985579,0.202408745884895,0.00734953070059419
139.056004378,0.201411664485931,0.00979938078671694
139.065962451,0.203405827283859,0.00979938078671694
139.076010554,0.203405827283859,0.00979938078671694
139.08533717,0.203405827283859,0.00979938078671694
139.096021787,0.203405827283859,0.00979938078671694
139.10598788,0.204402923583984,0.0122492304071784
139.115987741,0.204402923583984,0.0122492304071784
139.125989924,0.204402923583984,0.0122492304071784
139.135972514,0.205400019884109,0.0146990800276399
139.145987551,0.204402923583984,0.0122492304071784
139.155985305,0.205400019884109,0.0146990800276399
139.165298481,0.204402923583984,0.0122492304071784
139.175979099,0.205400019884109,0.0146990800276399
139.185985734,0.205400019884109,0.0146990800276399
139.195234037,0.206397086381912,0.0171489119529724
139.20524253,0.206397086381912,0.0171489119529724
139.215996266,0.206397086381912,0.0171489119529724
139.225987305,0.206397086381912,0.0171489119529724
139.235987827,0.206397086381912,0.0171489119529724
139.245294157,0.207394182682037,0.0195987615734339
139.255979181,0.208391264081001,0.0171489305794239
139.265984811,0.209388345479965,0.0195987801998854
139.276008615,0.211382538080215,0.0195987801998854
139.286011049,0.211382538080215,0.0195987801998854
139.295192116,0.212379619479179,0.0171489305794239
139.305190323,0.212379619479179,0.0171489305794239
139.315986733,0.215370878577232,0.0195987615734339
139.32529108,0.215370878577232,0.0195987615734339
139.335251072,0.218362152576447,0.0171489119529724
139.346005094,0.219359219074249,0.0146990800276399
139.35598666,0.218362152576447,0.0171489119529724
139.365987815,0.220356315374374,0.0171489305794239
139.376007957,0.219359219074249,0.0146990800276399
139.386005378,0.219359219074249,0.0146990800276399
139.395166294,0.220356315374374,0.0171489305794239
139.405165753,0.220356315374374,0.0171489305794239
139.415982143,0.219359219074249,0.0146990800276399
139.4259864,0.220356315374374,0.0122492304071784
139.435982661,0.218362137675285,0.0122492304071784
139.445986695,0.217365056276321,0.0146990614011884
139.455991993,0.219359219074249,0.0146990800276399
139.465989396,0.217365056276321,0.00979939848184586
139.475985356,0.216367974877357,0.0122492304071784
139.485292554,0.218362137675285,0.0122492304071784
139.495137633,0.217365056276321,0.00979939848184586
139.505155697,0.217365056276321,0.00979939848184586
139.515990541,0.216367959976196,0.00734954932704568
139.5259928,0.216367959976196,0.00734954932704568
139.535993694,0.215370893478394,0.00979938078671694
139.545992814,0.216367959976196,0.00734954932704568
139.55598371,0.214373797178268,0.00734953070059419
139.565288099,0.215370893478394,0.00979938078671694
139.575994455,0.215370893478394,0.00979938078671694
139.585979139,0.214373797178268,0.00734953070059419
139.595129582,0.213376700878143,0.0146990800276399
139.605131059,0.214373797178268,0.0122492304071784
139.61597767,0.215370893478394,0.0146990800276399
139.625986534,0.214373797178268,0.0171489305794239
139.635990044,0.214373797178268,0.0171489305794239
139.645286846,0.213376700878143,0.0195987801998854
139.655255545,0.214373797178268,0.0171489305794239
139.665985326,0.213376700878143,0.0195987801998854
139.675987514,0.213376700878143,0.0195987801998854
139.685991746,0.213376700878143,0.0195987801998854
139.695133805,0.214373797178268,0.0122492304071784
139.705140424,0.213376700878143,0.0146990800276399
139.715981937,0.213376700878143,0.0146990800276399
139.725285079,0.212379619479179,0.0122492304071784
139.735986967,0.214373797178268,0.0122492304071784
139.745990498,0.213376700878143,0.00979938078671694
139.75598724,0.213376700878143,0.00979938078671694
139.765988092,0.213376700878143,0.00489968108013272
139.775987211,0.213376700878143,0.00489968108013272
139.785988117,0.212379619479179,0.00734953070059419
139.795579305,0.21038544178009,0.00734953070059419
139.805288841,0.209388360381126,0.00489969924092293
139.815992455,0.209388360381126,0.00489969924092293
139.825982022,0.209388360381126,0.00489969924092293
139.835969597,0.206397086381912,0.00244984962046146
139.845987074,0.206397086381912,0.00734954932704568
139.855238536,0.204402923583984,0.00734954932704568
139.865993153,0.203405827283859,0.00979938078671694
139.875233639,0.202408745884895,0.00734953070059419
139.885282337,0.199417471885681,0.00489968108013272
139.895760337,0.199417471885681,0.00489968108013272
139.905234837,0.199417471885681,0.00489968108013272
139.915984657,0.197423309087753,0.00489969924092293
139.925978677,0.196426212787628,0.00244984962046146
139.935201242,0.196426212787628,0.00244984962046146
139.945982937,0.196426212787628,-0.00244984962046146
139.95521782,0.195429131388664,0
139.965285894,0.195429131388664,0
139.975988892,0.195429131388664,-0.00489969924092293
139.985238346,0.197423309087753,-0.00489969924092293
139.995231621,0.197423309087753,-0.00489969924092293
140.005214816,0.198420390486717,-0.00734953070059419
140.016021185,0.197423309087753,-0.00489969924092293
140.025228459,0.198420405387878,-0.00244984962046146
140.035222455,0.198420405387878,-0.00244984962046146
140.0452186,0.198420405387878,-0.00244984962046146
140.055236092,0.199417471885681,-0.00489968108013272
140.065214822,0.199417471885681,-0.00489968108013272
140.075223701,0.199417486786842,0
140.085995681,0.199417486786842,0
140.095970264,0.200414568185806,0.00244983145967126
140.105750914,0.199417471885681,0.00489968108013272
140.115245136,0.200414568185806,0.00244983145967126
140.125204036,0.20141164958477,0
140.135211725,0.20141164958477,0
140.145997709,0.20141164958477,0
140.156001127,0.20141164958477,0
140.165227646,0.202408730983734,0.00244984962046146
140.175170365,0.202408730983734,0.00244984962046146
140.18518858,0.201411664485931,0.00489968108013272
140.195188472,0.200414568185806,0.00244983145967126
140.205223228,0.199417486786842,0
140.215190264,0.199417486786842,0
140.225182716,0.198420405387878,0.00244984962046146
140.235189199,0.198420405387878,0.00244984962046146
140.245189435,0.197423309087753,0.00489969924092293
140.255124591,0.197423309087753,0.00489969924092293
140.265192087,0.1944320499897,0.00244984962046146
140.275185396,0.1944320499897,0.00244984962046146
140.285171247,0.1944320499897,-0.00244984962046146
140.295188959,0.193434953689575,0
140.305163168,0.19243785738945,0.00244984962046146
140.315195021,0.19243785738945,0.00244984962046146
140.325151918,0.190443694591522,0.00244983145967126
140.335193586,0.188449531793594,0.00244984962046146
140.345161913,0.189446613192558,0
140.355161264,0.187452435493469,0
140.365195467,0.188449531793594,-0.00244984962046146
140.375183466,0.186455339193344,-0.00244984962046146
140.385199866,0.187452435493469,0
140.39518417,0.186455339193344,-0.00244984962046146
140.40519161,0.186455339193344,-0.00244984962046146
140.415160677,0.186455339193344,-0.00244984962046146
140.425186286,0.186455339193344,-0.00244984962046146
140.435193811,0.186455339193344,-0.00244984962046146
140.445190085,0.18545825779438,-0.00489969924092293
140.455098129,0.186455339193344,-0.00244984962046146
140.465174553,0.186455339193344,-0.00244984962046146
140.475105313,0.187452435493469,0
140.485188084,0.186455339193344,-0.00244984962046146
140.495184279,0.187452435493469,0
140.505102094,0.188449531793594,0.00244984962046146
140.515149502,0.186455339193344,0.00244984962046146
140.525125648,0.188449531793594,0.00244984962046146
140.535093789,0.188449531793594,0.00244984962046146
140.545107313,0.188449516892433,0.00734953070059419
140.555135949,0.189446598291397,0.00489968108013272
140.565133607,0.188449516892433,0.00734953070059419
140.575136239,0.188449516892433,0.00734953070059419
140.585092512,0.188449516892433,0.00734953070059419
140.595121394,0.188449516892433,0.00734953070059419
140.60511568,0.189446598291397,0.00489968108013272
140.615077099,0.189446598291397,0.00489968108013272
140.625128426,0.188449516892433,0.00734953070059419
140.635102726,0.189446598291397,0.00489968108013272
140.645090322,0.190443694591522,0.00244983145967126
140.655099949,0.190443694591522,0.00244983145967126
140.665118124,0.190443694591522,0.00244983145967126
140.67509614,0.19243785738945,-0.00244984962046146
140.685097117,0.19243785738945,0.00244984962046146
140.695106494,0.1944320499897,-0.00244984962046146
140.705120162,0.193434953689575,0
140.7151125,0.195429131388664,0
140.725086463,0.197423309087753,-0.00489969924092293
140.735111144,0.197423309087753,0
140.74511488,0.197423309087753,0
140.755089474,0.197423309087753,0
140.765118695,0.199417486786842,0
140.775065092,0.198420405387878,0.00244984962046146
140.78505746,0.198420405387878,0.00244984962046146
140.795094906,0.196426212787628,0.00244984962046146
140.805045212,0.195429131388664,0
140.815102201,0.195429131388664,0
140.825127327,0.1944320499897,0.00244984962046146
140.83506405,0.195429131388664,0
140.845100794,0.193434953689575,0
140.855033105,0.193434953689575,0
140.86509729,0.19243785738945,0.00244984962046146
140.875034365,0.19243785738945,0.00244984962046146
140.885028606,0.19243785738945,-0.00244984962046146
140.895024975,0.19243785738945,0.00244984962046146
140.905037426,0.193434953689575,0
140.915024827,0.193434953689575,0
140.925059777,0.191440775990486,0
140.935032526,0.190443694591522,0.00244983145967126
140.944990248,0.19243785738945,0.00244984962046146
140.955055516,0.191440790891647,0.00489968108013272
140.965016043,0.191440775990486,0
140.975025184,0.190443694591522,0.00244983145967126
140.985029583,0.191440790891647,0.00489968108013272
140.99504936,0.191440790891647,0.00489968108013272
141.005020269,0.192437872290611,0.00734953070059419
141.015015792,0.191440790891647,0.00979938078671694
141.025056579,0.192437872290611,0.0122492304071784
141.035016017,0.192437872290611,0.0122492304071784
141.045036966,0.192437872290611,0.0122492304071784
141.055026199,0.192437872290611,0.0122492304071784
141.06505289,0.193434953689575,0.0146990800276399
141.075015505,0.193434953689575,0.0146990800276399
141.085034225,0.192437872290611,0.0171489305794239
141.095059049,0.192437872290611,0.0171489305794239
141.105024084,0.190443694591522,0.0171489305794239
141.115022539,0.190443694591522,0.0171489305794239
141.125022016,0.191440790891647,0.0146990800276399
141.135022632,0.191440790891647,0.0146990800276399
141.14502479,0.190443694591522,0.0171489305794239
141.155017431,0.189446598291397,0.0146990800276399
141.165028095,0.188449516892433,0.0171489305794239
141.175021068,0.188449516892433,0.0171489305794239
141.185017668,0.187452435493469,0.0146990800276399
141.195028837,0.187452435493469,0.0146990800276399
141.205008601,0.186455339193344,0.0171489119529724
141.21501427,0.18545825779438,0.0146990614011884
141.225017715,0.184461176395416,0.0171489119529724
141.235019269,0.183464080095291,0.0146990800276399
141.245020084,0.183464080095291,0.0146990800276399
141.255017598,0.183464080095291,0.0146990800276399
141.265014675,0.182466998696327,0.0122492304071784
141.27502483,0.181469917297363,0.0146990800276399
141.285020572,0.180472820997238,0.0171489305794239
141.295026911,0.179475724697113,0.0146990800276399
141.305014969,0.181469917297363,0.0146990800276399
141.315017994,0.181469917297363,0.0146990800276399
141.3250164,0.179475724697113,0.0146990800276399
141.335024698,0.180472820997238,0.0171489305794239
141.345018295,0.179475724697113,0.0146990800276399
141.355024591,0.178478643298149,0.0171489305794239
141.365021432,0.177481561899185,0.0195987615734339
141.375019745,0.177481561899185,0.0146990800276399
141.385022273,0.179475724697113,0.0146990800276399
141.395013912,0.179475724697113,0.0146990800276399
141.405015583,0.178478643298149,0.0122492304071784
141.415019263,0.177481561899185,0.0146990800276399
141.425014705,0.177481561899185,0.0146990800276399
141.435017577,0.17648446559906,0.0122492304071784
141.445015791,0.17648446559906,0.0122492304071784
141.455017496,0.17648446559906,0.0122492304071784
141.465017084,0.177481561899185,0.00979938078671694
141.475015335,0.177481561899185,0.00979938078671694
141.48502655,0.175487384200096,0.00979939848184586
141.495017494,0.174490302801132,0.0122492304071784
141.505019676,0.172496125102043,0.0122492304071784
141.51499032,0.173493206501007,0.00979938078671694
141.525020188,0.173493206501007,0.00979938078671694
141.535020038,0.172496125102043,0.0122492304071784
141.545020519,0.171499043703079,0.00979938078671694
141.555011576,0.171499043703079,0.00979938078671694
141.565017941,0.169504851102829,0.0146990800276399
141.575024974,0.168507769703865,0.0122492304071784
141.585018944,0.168507769703865,0.0122492304071784
141.595025039,0.168507769703865,0.0122492304071784
141.605024884,0.169504851102829,0.0146990800276399
141.615011124,0.167510688304901,0.0146990800276399
141.625021451,0.167510688304901,0.0146990800276399
141.63502542,0.166513592004776,0.0122492304071784
141.645020559,0.166513592004776,0.0171489119529724
141.655023167,0.165516510605812,0.0146990614011884
141.665022373,0.165516510605812,0.0146990614011884
141.67501475,0.165516510605812,0.0195987615734339
141.685016847,0.165516510605812,0.0146990614011884
141.69501659,0.164519429206848,0.0171489119529724
141.705017746,0.164519429206848,0.0171489119529724
141.71501862,0.164519429206848,0.0171489119529724
141.725023474,0.164519429206848,0.0171489119529724
141.735020826,0.165516510605812,0.0195987615734339
141.745013363,0.166513592004776,0.0171489119529724
141.75501938,0.166513592004776,0.0171489119529724
141.765015312,0.167510688304901,0.0146990800276399
141.775021659,0.168507769703865,0.0122492304071784
141.785017403,0.168507769703865,0.0171489305794239
141.795018571,0.168507769703865,0.0122492304071784
141.805011674,0.168507769703865,0.0122492304071784
141.815015495,0.169504851102829,0.0146990800276399
141.825017973,0.170501947402954,0.0122492304071784
141.835012633,0.171499043703079,0.00979938078671694
141.845013586,0.170501947402954,0.0122492304071784
141.855020667,0.172496125102043,0.0122492304071784
141.865017963,0.172496125102043,0.00734953070059419
141.874986834,0.171499043703079,0.00979938078671694
141.884983047,0.172496125102043,0.00734953070059419
141.894990063,0.173493206501007,0.00979938078671694
141.90499255,0.175487384200096,0.00979939848184586
141.914975599,0.17648446559906,0.00734954932704568
141.924987406,0.17648446559906,0.00734954932704568
141.934981671,0.177481561899185,0.00979938078671694
141.944979534,0.178478643298149,0.00734953070059419
141.95498387,0.178478643298149,0.00734953070059419
141.964991216,0.179475724697113,0.00979938078671694
141.974982122,0.180472820997238,0.00734953070059419
141.984995384,0.181469917297363,0.00979938078671694
141.994968749,0.183464080095291,0.00979938078671694
142.004986586,0.183464080095291,0.00489969924092293
142.014993552,0.184461176395416,0.00734954932704568
142.02498254,0.184461176395416,0.00734954932704568
142.034982934,0.183464080095291,0.00489969924092293
142.044981573,0.184461176395416,0.00734954932704568
142.05498348,0.18545825779438,0.00979939848184586
142.064984284,0.18545825779438,0.00979939848184586
142.074981155,0.186455339193344,0.0122492304071784
142.084982349,0.18545825779438,0.00979939848184586
142.094985663,0.18545825779438,0.00979939848184586
142.104986476,0.184461176395416,0.0122492304071784
142.114982253,0.183464080095291,0.0146990800276399
142.124989542,0.184461176395416,0.0122492304071784
142.134980036,0.184461176395416,0.0171489119529724
142.144990475,0.184461176395416,0.0122492304071784
142.154987888,0.183464080095291,0.0146990800276399
142.164986939,0.183464080095291,0.0146990800276399
142.174984965,0.183464080095291,0.00979938078671694
142.184983603,0.184461176395416,0.0122492304071784
142.194972819,0.183464080095291,0.00979938078671694
142.204977452,0.184461176395416,0.00734954932704568
142.214975363,0.183464080095291,0.00489969924092293
142.224975541,0.183464080095291,0.00979938078671694
142.234980178,0.183464080095291,0.00489969924092293
142.244990196,0.182466998696327,0.00734953070059419
142.254986537,0.183464080095291,0.00489969924092293
142.26498924,0.183464080095291,0.00489969924092293
142.27494826,0.183464080095291,0.00489969924092293
142.284975231,0.182466983795166,0.00244984962046146
142.294988849,0.183464080095291,0.00489969924092293
142.30498214,0.182466998696327,0.00734953070059419
142.314982025,0.183464080095291,0.00489969924092293
142.324974961,0.182466983795166,0.00244984962046146
142.334991033,0.182466998696327,0.00734953070059419
142.344976899,0.183464080095291,0.00489969924092293
142.354976155,0.181469917297363,0.00489968108013272
142.364988127,0.182466998696327,0.00734953070059419
142.37499384,0.181469917297363,0.00979938078671694
142.384993316,0.181469917297363,0.00979938078671694
142.39498144,0.181469917297363,0.00979938078671694
142.404946419,0.181469917297363,0.00979938078671694
142.414996567,0.180472820997238,0.0122492304071784
142.424983374,0.182466998696327,0.0122492304071784
142.434978442,0.182466998696327,0.00734953070059419
142.444980146,0.182466998696327,0.0122492304071784
142.454980897,0.184461176395416,0.0122492304071784
142.464996754,0.183464080095291,0.00979938078671694
142.474977195,0.183464080095291,0.0146990800276399
142.485021617,0.184461176395416,0.0122492304071784
142.494902278,0.182466998696327,0.0122492304071784
142.504993221,0.184461176395416,0.0122492304071784
142.51499022,0.186455339193344,0.0122492304071784
142.524993384,0.184461176395416,0.0122492304071784
142.534991068,0.18545825779438,0.0146990614011884
142.544977926,0.184461176395416,0.0122492304071784
142.554989446,0.184461176395416,0.0122492304071784
142.564991433,0.18545825779438,0.0146990614011884
142.574979394,0.18545825779438,0.00979939848184586
142.584987547,0.18545825779438,0.0146990614011884
142.594989196,0.187452435493469,0.0146990800276399
142.604986485,0.18545825779438,0.0146990614011884
142.615005638,0.18545825779438,0.0146990614011884
142.624988873,0.18545825779438,0.0146990614011884
142.634981943,0.18545825779438,0.0146990614011884
142.644991348,0.18545825779438,0.0146990614011884
142.654984402,0.186455339193344,0.0122492304071784
142.664998867,0.18545825779438,0.00979939848184586
142.674989651,0.186455339193344,0.0122492304071784
142.684995971,0.186455339193344,0.0122492304071784
142.695003034,0.186455339193344,0.00734954932704568
142.705017912,0.187452435493469,0.00979938078671694
142.715020986,0.186455339193344,0.00734954932704568
142.725013908,0.188449516892433,0.00734953070059419
142.735005376,0.188449516892433,0.00734953070059419
142.744988742,0.189446598291397,0.00489968108013272
142.755015809,0.189446598291397,0.00489968108013272
142.764972001,0.191440790891647,0.00489968108013272
142.774985327,0.191440790891647,0.00489968108013272
142.784987754,0.190443694591522,0.00244983145967126
142.795003955,0.191440790891647,0.00489968108013272
142.804990282,0.191440790891647,0.00489968108013272
142.815023368,0.191440790891647,0.00489968108013272
142.824993355,0.191440790891647,0.00489968108013272
142.835009189,0.191440790891647,0.00489968108013272
142.844994164,0.191440790891647,0.00489968108013272
142.85498947,0.189446598291397,0.00979938078671694
142.8650199,0.188449516892433,0.0122492304071784
142.875024335,0.188449516892433,0.00734953070059419
142.885007602,0.189446598291397,0.00979938078671694
142.895024484,0.188449516892433,0.0122492304071784
142.905004027,0.187452435493469,0.00979938078671694
142.915022276,0.188449516892433,0.0122492304071784
142.924997475,0.187452435493469,0.00979938078671694
142.935019874,0.187452435493469,0.00979938078671694
142.945041674,0.187452435493469,0.0146990800276399
142.955029077,0.187452435493469,0.00979938078671694
142.964987718,0.187452435493469,0.00489969924092293
142.975023634,0.187452435493469,0.00979938078671694
142.985003501,0.186455339193344,0.00734954932704568
142.995010076,0.186455339193344,0.00734954932704568
143.00500224,0.187452435493469,0.00489969924092293
143.014995738,0.187452435493469,0.00489969924092293
143.025003574,0.186455339193344,0.00734954932704568
143.034984163,0.187452435493469,0.00489969924092293
143.045017451,0.186455339193344,0.00244984962046146
143.055015349,0.186455339193344,0.00244984962046146
143.065004001,0.186455339193344,0.00734954932704568
143.075019515,0.18545825779438,0.00489969924092293
143.085003719,0.18545825779438,0.00489969924092293
143.095011705,0.186455339193344,0.00244984962046146
143.105007783,0.184461176395416,0.00734954932704568
143.115016699,0.183464080095291,0.00489969924092293
143.124998192,0.183464080095291,0.00489969924092293
143.135043783,0.181469917297363,0.00489968108013272
143.145009678,0.182466998696327,0.00734953070059419
143.155011771,0.182466998696327,0.00734953070059419
143.165003524,0.180472820997238,0.00734953070059419
143.175024399,0.180472820997238,0.00734953070059419
143.185024325,0.180472820997238,0.00734953070059419
143.195016031,0.179475724697113,0.00979938078671694
143.205002981,0.179475724697113,0.00979938078671694
143.215013881,0.179475724697113,0.00979938078671694
143.224993444,0.179475724697113,0.00979938078671694
143.235009344,0.178478643298149,0.0122492304071784
143.2450013,0.177481561899185,0.00979938078671694
143.254996975,0.177481561899185,0.00979938078671694
143.265000464,0.178478643298149,0.00734953070059419
143.275011369,0.177481561899185,0.00979938078671694
143.285003278,0.177481561899185,0.00979938078671694
143.295020122,0.175487384200096,0.00979939848184586
143.304988594,0.17648446559906,0.00734954932704568
143.315010233,0.175487384200096,0.00979939848184586
143.325002376,0.175487384200096,0.00979939848184586
143.335036535,0.175487384200096,0.00489969924092293
143.34500261,0.175487384200096,0.00489969924092293
143.355036127,0.174490302801132,0.00734954932704568
143.365041895,0.174490302801132,0.00734954932704568
143.375057954,0.174490302801132,0.00734954932704568
143.384995732,0.174490302801132,0.00734954932704568
143.395016678,0.174490302801132,0.00734954932704568
143.405026764,0.174490302801132,0.00734954932704568
143.415020239,0.175487384200096,0.00489969924092293
143.424994439,0.175487384200096,0.00489969924092293
143.434797891,0.175487384200096,0.00979939848184586
143.445050777,0.175487384200096,0.00979939848184586
143.455024607,0.175487384200096,0.00979939848184586
143.465038021,0.175487384200096,0.00979939848184586
143.475011647,0.17648446559906,0.0122492304071784
143.484990585,0.17648446559906,0.0122492304071784
143.495056023,0.17648446559906,0.0122492304071784
143.504988083,0.17648446559906,0.0122492304071784
143.515019543,0.177481561899185,0.0146990800276399
143.525002467,0.17648446559906,0.0171489119529724
143.534736339,0.177481561899185,0.0146990800276399
143.545049279,0.177481561899185,0.0146990800276399
143.555023648,0.178478643298149,0.0171489305794239
143.564988189,0.178478643298149,0.0171489305794239
143.575019265,0.177481561899185,0.0146990800276399
143.585022348,0.177481561899185,0.0146990800276399
143.59501983,0.178478643298149,0.0122492304071784
143.60498294,0.179475724697113,0.0146990800276399
143.615029399,0.177481561899185,0.0146990800276399
143.625018059,0.178478643298149,0.0122492304071784
143.634963675,0.178478643298149,0.0122492304071784
143.644986601,0.177481561899185,0.0146990800276399
143.655033666,0.177481561899185,0.0146990800276399
143.665047055,0.177481561899185,0.0146990800276399
143.675025812,0.178478643298149,0.0122492304071784
143.684989581,0.178478643298149,0.0171489305794239
143.695012694,0.178478643298149,0.0171489305794239
143.70497751,0.177481561899185,0.0146990800276399
143.71501095,0.178478643298149,0.0171489305794239
143.724989451,0.178478643298149,0.0171489305794239
143.735029155,0.177481561899185,0.0195987615734339
143.74499011,0.179475724697113,0.0195987801998854
143.755031709,0.179475724697113,0.0146990800276399
143.764982797,0.180472820997238,0.0171489305794239
143.775048981,0.179475724697113,0.0195987801998854
143.785000544,0.179475724697113,0.0146990800276399
143.795019567,0.179475724697113,0.0146990800276399
143.805054595,0.179475724697113,0.0195987801998854
143.814990336,0.179475724697113,0.0146990800276399
143.825038708,0.179475724697113,0.0146990800276399
143.835029074,0.181469917297363,0.00979938078671694
143.845006741,0.181469917297363,0.00979938078671694
143.85499908,0.181469917297363,0.00979938078671694
143.86500174,0.180472820997238,0.00734953070059419
143.875020613,0.181469917297363,0.00489968108013272
143.884997735,0.181469917297363,0.00979938078671694
143.895011121,0.181469917297363,0.00979938078671694
143.905015617,0.182466998696327,0.00734953070059419
143.915015364,0.182466998696327,0.00734953070059419
143.924995765,0.183464080095291,0.00979938078671694
143.935019334,0.182466998696327,0.0122492304071784
143.944990366,0.182466998696327,0.0122492304071784
143.955015678,0.182466998696327,0.0122492304071784
143.965017814,0.183464080095291,0.0146990800276399
143.975028911,0.18545825779438,0.0146990614011884
143.984998121,0.186455339193344,0.0122492304071784
143.995017389,0.186455339193344,0.0122492304071784
144.00500374,0.186455339193344,0.0122492304071784
144.015003475,0.187452435493469,0.0146990800276399
144.02500559,0.187452435493469,0.00979938078671694
144.035055073,0.188449516892433,0.0122492304071784
144.044998777,0.188449516892433,0.0122492304071784
144.055016661,0.190443694591522,0.0122492304071784
144.064998024,0.188449516892433,0.0122492304071784
144.075019932,0.188449516892433,0.0122492304071784
144.084985286,0.187452435493469,0.00979938078671694
144.094984527,0.188449516892433,0.0122492304071784
144.104999508,0.188449516892433,0.00734953070059419
144.115012457,0.189446598291397,0.00489968108013272
144.124994702,0.188449516892433,0.0122492304071784
144.135023913,0.188449516892433,0.00734953070059419
144.144986419,0.188449516892433,0.00734953070059419
144.155024438,0.187452435493469,0.00979938078671694
144.164998619,0.189446598291397,0.00489968108013272
144.175021022,0.188449516892433,0.00734953070059419
144.184988277,0.189446598291397,0.00489968108013272
144.195018283,0.189446598291397,0.00489968108013272
144.205021718,0.190443694591522,0.00734953070059419
144.214983045,0.188449516892433,0.00734953070059419
144.224991685,0.189446598291397,0.00489968108013272
144.235023746,0.189446598291397,0.00979938078671694
144.244987709,0.188449516892433,0.00734953070059419
144.255018206,0.189446598291397,0.00489968108013272
144.264986533,0.189446598291397,0.00979938078671694
144.275017719,0.188449516892433,0.00734953070059419
144.28499206,0.189446598291397,0.00979938078671694
144.295021808,0.189446598291397,0.00979938078671694
144.304992217,0.187452435493469,0.00979938078671694
144.315015479,0.189446598291397,0.00979938078671694
144.324990811,0.189446598291397,0.00979938078671694
144.335015488,0.189446598291397,0.00489968108013272
144.344997209,0.191440790891647,0.00489968108013272
144.35502259,0.190443694591522,0.00734953070059419
144.364984335,0.190443694591522,0.00734953070059419
144.375041723,0.191440790891647,0.00489968108013272
144.385001074,0.190443694591522,0.00734953070059419
144.395021851,0.190443694591522,0.00244983145967126
144.404985789,0.191440790891647,0.00489968108013272
144.415015147,0.191440790891647,0.00489968108013272
144.425001907,0.19243785738945,0.00244984962046146
144.435012391,0.191440790891647,0.00489968108013272
144.444997283,0.191440790891647,0.00489968108013272
144.455001522,0.19243785738945,0.00244984962046146
144.465001979,0.19243785738945,0.00244984962046146
144.475035173,0.193434953689575,0.00489969924092293
144.485002105,0.1944320499897,0.00244984962046146
144.495039582,0.195429131388664,0.00489969924092293
144.505000019,0.196426212787628,0.00244984962046146
144.515019556,0.196426212787628,0.00244984962046146
144.524999701,0.1944320499897,0.00244984962046146
144.535049718,0.196426212787628,0.00244984962046146
144.545029744,0.196426212787628,0.00244984962046146
144.555014408,0.195429131388664,0
144.56500417,0.196426212787628,-0.00244984962046146
144.574996588,0.195429131388664,-0.00489969924092293
144.585001998,0.196426212787628,-0.00734954932704568
144.595035888,0.1944320499897,-0.00734954932704568
144.605004778,0.1944320499897,-0.00734954932704568
144.615024442,0.192437872290611,-0.00734953070059419
144.625040443,0.1944320499897,-0.00734954932704568
144.635017511,0.193434953689575,-0.00979938078671694
144.645001368,0.192437872290611,-0.0122492304071784
144.655014313,0.192437872290611,-0.00734953070059419
144.665005279,0.191440790891647,-0.00979938078671694
144.675017345,0.190443694591522,-0.00734953070059419
144.685005832,0.188449516892433,-0.00734953070059419
144.694998267,0.189446598291397,-0.00489968108013272
144.705012736,0.188449516892433,-0.00734953070059419
144.715017598,0.189446598291397,-0.00979938078671694
144.725000269,0.188449516892433,-0.0122492304071784
144.735034251,0.187452435493469,-0.00979938078671694
144.745005774,0.188449516892433,-0.00734953070059419
144.755015396,0.187452435493469,-0.00979938078671694
144.76500373,0.186455339193344,-0.00734954932704568
144.775035656,0.187452435493469,-0.00979938078671694
144.784997956,0.186455339193344,-0.00734954932704568
144.795029241,0.18545825779438,-0.00979939848184586
144.804989678,0.183464080095291,-0.00979938078671694
144.814995771,0.182466998696327,-0.00734953070059419
144.824989663,0.181469917297363,-0.00489968108013272
144.835010762,0.180472820997238,-0.00734953070059419
144.84499284,0.178478643298149,-0.00734953070059419
144.855010856,0.17648446559906,-0.00734954932704568
144.864996403,0.17648446559906,-0.00734954932704568
144.875009003,0.174490302801132,-0.00734954932704568
144.884990489,0.172496125102043,-0.00734953070059419
144.895009867,0.172496125102043,-0.00734953070059419
144.904987036,0.172496125102043,-0.00734953070059419
144.915014491,0.171499043703079,-0.00979938078671694
144.924983505,0.170501947402954,-0.00734953070059419
144.934989978,0.170501947402954,-0.00734953070059419
144.944696344,0.168507769703865,-0.00734953070059419
144.955023598,0.170501947402954,-0.00734953070059419
144.964985788,0.168507769703865,-0.00734953070059419
144.975010255,0.168507769703865,-0.00734953070059419
144.984993336,0.169504851102829,-0.00979938078671694
144.995021265,0.168507769703865,-0.00734953070059419
145.004983908,0.168507769703865,-0.00734953070059419
145.015008355,0.168507784605026,-0.00244984962046146
145.024990704,0.168507769703865,-0.00734953070059419
145.035013565,0.168507769703865,-0.00734953070059419
145.044987465,0.169504851102829,-0.00489968108013272
145.054988734,0.168507769703865,-0.00734953070059419
145.064987606,0.169504851102829,-0.00489968108013272
145.075013849,0.169504851102829,-0.00489968108013272
145.084986925,0.16950486600399,0
145.095009451,0.169504851102829,-0.00489968108013272
145.104990228,0.168507784605026,-0.00244984962046146
145.115010798,0.168507784605026,-0.00244984962046146
145.124986484,0.168507784605026,-0.00244984962046146
145.135024632,0.16950486600399,0
145.144986893,0.168507784605026,-0.00244984962046146
145.15501921,0.16950486600399,0
145.164986844,0.16950486600399,0
145.175032933,0.16950486600399,0
145.185030544,0.16950486600399,0
145.195018294,0.16950486600399,0
145.205001888,0.170501947402954,0.00244983145967126
145.215012968,0.170501947402954,-0.00244983145967126
145.225008888,0.171499028801918,0
145.23501631,0.171499028801918,0
145.245001774,0.173493206501007,0
145.255045461,0.172496110200882,-0.00244984962046146
145.265008624,0.173493206501007,-0.00489969924092293
145.275018234,0.174490302801132,-0.00244984962046146
145.284996683,0.174490302801132,-0.00244984962046146
145.295015959,0.174490302801132,-0.00244984962046146
145.305036456,0.175487384200096,-0.00489969924092293
145.315021032,0.175487384200096,-0.00489969924092293
145.325033267,0.175487384200096,-0.00489969924092293
145.335019307,0.174490302801132,-0.00734954932704568
145.344999592,0.174490302801132,-0.00734954932704568
145.355014307,0.173493206501007,-0.00489969924092293
145.365002191,0.173493206501007,-0.00489969924092293
145.375031905,0.172496125102043,-0.00734953070059419
145.38500168,0.173493206501007,-0.00979938078671694
145.39503462,0.173493206501007,-0.00979938078671694
145.404635742,0.172496125102043,-0.0122492304071784
145.415055284,0.172496125102043,-0.0122492304071784
145.42499728,0.171499043703079,-0.00979938078671694
145.435039999,0.171499043703079,-0.00979938078671694
145.445002407,0.169504851102829,-0.00979938078671694
145.455021076,0.170501947402954,-0.0122492304071784
145.465001795,0.170501947402954,-0.0122492304071784
145.47501144,0.170501947402954,-0.0122492304071784
145.484987738,0.168507769703865,-0.0122492304071784
145.495016529,0.169504851102829,-0.0146990800276399
145.504614956,0.168507769703865,-0.0122492304071784
145.515042278,0.167510688304901,-0.00979938078671694
145.52500624,0.167510688304901,-0.0146990800276399
145.534641305,0.166513592004776,-0.0122492304071784
145.54500552,0.167510688304901,-0.0146990800276399
145.555031717,0.166513592004776,-0.0122492304071784
145.564984955,0.165516510605812,-0.0146990614011884
145.575013232,0.164519429206848,-0.0171489119529724
145.584985856,0.164519429206848,-0.0171489119529724
145.595010771,0.163522332906723,-0.0146990800276399
145.604708899,0.164519429206848,-0.0171489119529724
145.615014653,0.163522332906723,-0.0195987615734339
145.624986472,0.162525251507759,-0.0171489305794239
145.635012636,0.163522332906723,-0.0195987615734339
145.644936333,0.162525251507759,-0.0171489305794239
145.654985917,0.163522332906723,-0.0195987615734339
145.6649852,0.162525251507759,-0.0171489305794239
145.675012655,0.163522332906723,-0.0146990800276399
145.685002571,0.163522332906723,-0.0146990800276399
145.695020065,0.163522332906723,-0.0146990800276399
145.704897733,0.163522332906723,-0.0146990800276399
145.715033917,0.164519429206848,-0.0122492304071784
145.724610402,0.165516510605812,-0.0146990614011884
145.735052504,0.165516510605812,-0.0146990614011884
145.744997595,0.166513592004776,-0.0171489119529724
145.755016686,0.166513592004776,-0.0171489119529724
145.764995896,0.166513592004776,-0.0171489119529724
145.775000271,0.166513592004776,-0.0171489119529724
145.78500548,0.167510688304901,-0.0195987615734339
145.79502678,0.168507769703865,-0.0171489305794239
145.804936096,0.168507769703865,-0.0171489305794239
145.815035792,0.169504851102829,-0.0195987801998854
145.824602766,0.170501947402954,-0.0171489305794239
145.835037949,0.170501947402954,-0.0171489305794239
145.845003862,0.171499043703079,-0.0146990800276399
145.855038858,0.171499043703079,-0.0146990800276399
145.865002544,0.173493206501007,-0.0146990800276399
145.875009008,0.173493206501007,-0.0146990800276399
145.884927556,0.174490302801132,-0.0122492304071784
145.895014698,0.175487384200096,-0.0146990614011884
145.904986133,0.175487384200096,-0.0146990614011884
145.9150082,0.177481561899185,-0.0146990800276399
145.924732486,0.17648446559906,-0.0171489119529724
145.935008017,0.178478643298149,-0.0171489305794239
145.944978463,0.178478643298149,-0.0171489305794239
145.955010743,0.179475724697113,-0.0195987801998854
145.964922695,0.179475724697113,-0.0195987801998854
145.975008628,0.181469917297363,-0.0195987801998854
145.984987907,0.181469902396202,-0.0244984608143568
145.995005407,0.181469902396202,-0.0244984608143568
146.004989567,0.183464080095291,-0.0244984608143568
146.015013268,0.182466983795166,-0.0220486111938953
146.02488748,0.183464080095291,-0.0244984608143568
146.035007766,0.184461176395416,-0.0269483104348183
146.04492178,0.183464080095291,-0.0293981600552797
146.055032176,0.184461176395416,-0.0269483104348183
146.064996648,0.186455339193344,-0.0318480096757412
146.074728607,0.186455339193344,-0.0318480096757412
146.084989734,0.187452435493469,-0.0293981600552797
146.095014072,0.188449516892433,-0.0318479910492897
146.104997958,0.188449516892433,-0.0318479910492897
146.115013511,0.189446598291397,-0.0342978425323963
146.124899991,0.191440790891647,-0.0342978425323963
146.134984393,0.191440790891647,-0.0342978425323963
146.14499,0.193434953689575,-0.0342978425323963
146.155012466,0.193434953689575,-0.0342978425323963
146.164978891,0.192437872290611,-0.0318479910492897
146.175027579,0.1944320499897,-0.0318480096757412
146.185040235,0.1944320499897,-0.0318480096757412
146.195042536,0.1944320499897,-0.0318480096757412
146.204923462,0.1944320499897,-0.0318480096757412
146.21501693,0.1944320499897,-0.0318480096757412
146.225001095,0.195429131388664,-0.0293981600552797
146.235042112,0.195429131388664,-0.0293981600552797
146.245003272,0.195429131388664,-0.0293981600552797
146.254981678,0.196426212787628,-0.0269483104348183
146.265037489,0.197423309087753,-0.0293981600552797
146.275018257,0.197423309087753,-0.0293981600552797
146.284920259,0.197423309087753,-0.0293981600552797
146.295023512,0.199417486786842,-0.0293981600552797
146.304997455,0.200414568185806,-0.0269483104348183
146.315019962,0.201411664485931,-0.0244984794408083
146.324994909,0.201411664485931,-0.0244984794408083
146.335019157,0.201411664485931,-0.0244984794408083
146.344993523,0.203405827283859,-0.0244984608143568
146.35502004,0.204402923583984,-0.0269483104348183
146.364909094,0.204402923583984,-0.0220486111938953
146.375029042,0.204402923583984,-0.0220486111938953
146.385000629,0.206397086381912,-0.0220486111938953
146.395014521,0.205400004982948,-0.0195987615734339
146.40500216,0.206397086381912,-0.0220486111938953
146.415062851,0.207394182682037,-0.0244984608143568
146.425040536,0.205400004982948,-0.0244984608143568
146.435022897,0.206397086381912,-0.0220486111938953
146.44462212,0.205400004982948,-0.0195987615734339
146.455013521,0.203405827283859,-0.0195987801998854
146.464971404,0.204402923583984,-0.0220486111938953
146.475010033,0.202408745884895,-0.0220486298203468
146.484984487,0.202408745884895,-0.0220486298203468
146.494955003,0.201411664485931,-0.0244984794408083
146.504961615,0.199417486786842,-0.0244984608143568
146.515014816,0.197423309087753,-0.0195987615734339
146.524617501,0.198420405387878,-0.0220486111938953
146.534982455,0.197423309087753,-0.0195987615734339
146.544998362,0.195429131388664,-0.0195987615734339
146.554994352,0.196426212787628,-0.0220486111938953
146.56496216,0.1944320499897,-0.0220486111938953
146.575001758,0.1944320499897,-0.0220486111938953
146.585005754,0.19243785738945,-0.0220486111938953
146.594975372,0.191440790891647,-0.0195987801998854
146.604590162,0.192437872290611,-0.0171489305794239
146.615001096,0.19243785738945,-0.0220486111938953
146.624973373,0.19243785738945,-0.0220486111938953
146.63500235,0.193434953689575,-0.0244984608143568
146.644979744,0.1944320499897,-0.0269483104348183
146.655002574,0.193434953689575,-0.0244984608143568
146.665016993,0.195429131388664,-0.0244984608143568
146.674996622,0.195429131388664,-0.0244984608143568
146.684586643,0.196426212787628,-0.0269483104348183
146.69495744,0.197423309087753,-0.0293981600552797
146.704996034,0.197423309087753,-0.0293981600552797
146.714671169,0.197423309087753,-0.0293981600552797
146.724981558,0.197423309087753,-0.0293981600552797
146.734991343,0.196426212787628,-0.0269483104348183
146.744999691,0.197423309087753,-0.0293981600552797
146.754994273,0.198420405387878,-0.0318480096757412
146.764587088,0.196426212787628,-0.0318480096757412
146.775000502,0.198420405387878,-0.0318480096757412
146.784971238,0.198420405387878,-0.0318480096757412
146.795001314,0.197423309087753,-0.0293981600552797
146.804974286,0.196426212787628,-0.0318480096757412
146.815001245,0.198420405387878,-0.0318480096757412
146.825001829,0.196426212787628,-0.0318480096757412
146.835005253,0.195429131388664,-0.0342978611588478
146.844580187,0.1944320499897,-0.0318480096757412
146.854972179,0.1944320499897,-0.0318480096757412
146.865004064,0.1944320499897,-0.0318480096757412
146.875010563,0.191440790891647,-0.0342978425323963
146.884999993,0.190443694591522,-0.0318479910492897
146.895001343,0.189446598291397,-0.0342978425323963
146.905002344,0.189446598291397,-0.0342978425323963
146.915000109,0.18545825779438,-0.0342978611588478
146.924579516,0.18545825779438,-0.0342978611588478
146.935007221,0.184461176395416,-0.0367476902902126
146.944968509,0.183464080095291,-0.0391975417733192
146.955005625,0.180472820997238,-0.0367476902902126
146.965002875,0.179475724697113,-0.0391975417733192
146.974973877,0.177481561899185,-0.0391975417733192
146.98500467,0.17648446559906,-0.0416473709046841
146.995006205,0.175487384200096,-0.0391975231468678
147.004578479,0.173493206501007,-0.0391975417733192
147.014993719,0.173493206501007,-0.0440972223877907
147.024979939,0.172496125102043,-0.0416473895311356
147.035008589,0.170501947402954,-0.0416473895311356
147.044975508,0.169504851102829,-0.0391975417733192
147.055009163,0.168507769703865,-0.0416473895311356
147.065001885,0.168507769703865,-0.0416473895311356
147.075007269,0.168507769703865,-0.0416473895311356
147.084578752,0.167510688304901,-0.0440972410142422
147.095016982,0.167510688304901,-0.0440972410142422
147.10497656,0.166513592004776,-0.046547070145607
147.114616646,0.165516510605812,-0.0440972223877907
147.125003597,0.164519429206848,-0.046547070145607
147.134975061,0.164519429206848,-0.046547070145607
147.145004578,0.164519429206848,-0.046547070145607
147.155005667,0.165516510605812,-0.0489969216287136
147.16457615,0.163522332906723,-0.0489969216287136
147.174984887,0.164519429206848,-0.046547070145607
147.185000911,0.163522332906723,-0.0440972223877907
147.194972181,0.163522332906723,-0.0440972223877907
147.205000206,0.163522332906723,-0.0440972223877907
147.214986765,0.163522332906723,-0.0391975417733192
147.224974366,0.164519429206848,-0.0416473709046841
147.234997629,0.164519429206848,-0.0367477089166641
147.244576268,0.163522332906723,-0.0391975417733192
147.255002101,0.162525236606598,-0.0318480096757412
147.264974379,0.163522332906723,-0.0293981600552797
147.275010555,0.161528155207634,-0.0293981600552797
147.285002072,0.161528155207634,-0.0244984608143568
147.295004368,0.16053107380867,-0.0269483104348183
147.305010041,0.161528155207634,-0.0244984608143568
147.315002606,0.16053107380867,-0.0269483104348183
147.324570652,0.16053107380867,-0.0220486298203468
147.335004919,0.159533977508545,-0.0244984794408083
147.344976331,0.16053107380867,-0.0220486298203468
147.355003518,0.159533977508545,-0.0244984794408083
147.364973935,0.159533977508545,-0.0244984794408083
147.374990957,0.159533977508545,-0.0244984794408083
147.384994674,0.159533977508545,-0.0293981414288282
147.394993619,0.159533977508545,-0.0244984794408083
147.404572422,0.159533977508545,-0.0244984794408083
147.414997619,0.16053107380867,-0.0269483104348183
147.424997394,0.159533977508545,-0.0293981414288282
147.434995447,0.16053107380867,-0.0318479910492897
147.444994204,0.159533977508545,-0.0342978425323963
147.454957315,0.16053107380867,-0.0367476902902126
147.464999776,0.16053107380867,-0.0367476902902126
147.474988722,0.16053107380867,-0.0367476902902126
147.484565436,0.161528170108795,-0.0342978425323963
147.494996087,0.161528170108795,-0.0391975417733192
147.505001427,0.161528170108795,-0.0440972410142422
147.514960571,0.161528170108795,-0.0440972410142422
147.52499891,0.162525251507759,-0.0416473895311356
147.534992634,0.161528170108795,-0.0391975417733192
147.544955081,0.162525251507759,-0.0367476902902126
147.554990711,0.162525251507759,-0.0367476902902126
147.564565179,0.162525251507759,-0.0367476902902126
147.574988569,0.163522332906723,-0.0342978611588478
147.585001017,0.162525251507759,-0.0367476902902126
147.594978697,0.163522332906723,-0.0342978611588478
147.60500526,0.163522332906723,-0.0293981600552797
147.615000187,0.162525236606598,-0.0269483104348183
147.624973191,0.163522332906723,-0.0293981600552797
147.635002324,0.165516510605812,-0.0293981600552797
147.644565745,0.165516510605812,-0.0293981600552797
147.65502258,0.165516510605812,-0.0244984608143568
147.664998768,0.165516510605812,-0.0293981600552797
147.674990908,0.165516510605812,-0.0293981600552797
147.684993629,0.167510688304901,-0.0293981600552797
147.694956417,0.166513592004776,-0.0269483104348183
147.704990654,0.167510688304901,-0.0293981600552797
147.714957142,0.168507784605026,-0.0269483104348183
147.724566459,0.166513592004776,-0.0269483104348183
147.734979176,0.167510688304901,-0.0293981600552797
147.744982751,0.167510688304901,-0.0293981600552797
147.754997181,0.168507769703865,-0.0318479910492897
147.764992321,0.168507784605026,-0.0269483104348183
147.77497114,0.169504851102829,-0.0293981414288282
147.785009543,0.168507784605026,-0.0269483104348183
147.794975427,0.169504851102829,-0.0293981414288282
147.804565003,0.168507784605026,-0.0269483104348183
147.814968942,0.169504851102829,-0.0293981414288282
147.825010236,0.170501947402954,-0.0269482918083668
147.834970633,0.16950486600399,-0.0244984608143568
147.84500001,0.16950486600399,-0.0244984608143568
147.855006255,0.16950486600399,-0.0244984608143568
147.864998514,0.16950486600399,-0.0244984608143568
147.874971614,0.16950486600399,-0.0244984608143568
147.88456372,0.16950486600399,-0.0244984608143568
147.894339679,0.16950486600399,-0.0244984608143568
147.904989941,0.16950486600399,-0.0244984608143568
147.915002338,0.170501947402954,-0.0269482918083668
147.925015905,0.16950486600399,-0.0244984608143568
147.935012863,0.16950486600399,-0.0244984608143568
147.945020429,0.16950486600399,-0.0244984608143568
147.954998427,0.16950486600399,-0.0244984608143568
147.964561124,0.16950486600399,-0.0244984608143568
147.974970326,0.168507784605026,-0.0220486111938953
147.985011963,0.16950486600399,-0.0244984608143568
147.9943898,0.16950486600399,-0.0244984608143568
148.005017916,0.16950486600399,-0.0244984608143568
148.014988042,0.168507784605026,-0.0220486111938953
148.025018161,0.16950486600399,-0.0244984608143568
148.035022215,0.16950486600399,-0.0244984608143568
148.044556965,0.16950486600399,-0.0244984608143568
148.054981834,0.16950486600399,-0.0244984608143568
148.064992543,0.16950486600399,-0.0244984608143568
148.075013384,0.170501947402954,-0.0269482918083668
148.085012733,0.170501947402954,-0.0269482918083668
148.094398949,0.171499028801918,-0.0244984608143568
148.10500002,0.170501947402954,-0.0220486298203468
148.115014781,0.170501947402954,-0.0220486298203468
148.124559407,0.170501947402954,-0.0220486298203468
148.135002,0.170501947402954,-0.0220486298203468
148.145001965,0.171499043703079,-0.0195987801998854
148.155000307,0.171499043703079,-0.0195987801998854
148.165003154,0.171499043703079,-0.0195987801998854
148.175021788,0.171499043703079,-0.0195987801998854
148.1850058,0.171499043703079,-0.0195987801998854
148.194649122,0.169504851102829,-0.0195987801998854
148.204385538,0.171499028801918,-0.0244984608143568
148.21497693,0.172496110200882,-0.0220486111938953
148.225018282,0.172496110200882,-0.0220486111938953
148.234996222,0.172496110200882,-0.0220486111938953
148.244992452,0.171499028801918,-0.0244984608143568
148.255019953,0.171499028801918,-0.0244984608143568
148.26499259,0.172496110200882,-0.0220486111938953
148.274989488,0.173493206501007,-0.0244984608143568
148.284554214,0.172496110200882,-0.0220486111938953
148.294831925,0.173493206501007,-0.0244984608143568
148.304383137,0.174490302801132,-0.0220486111938953
148.314990067,0.173493206501007,-0.0244984608143568
148.32502182,0.173493206501007,-0.0244984608143568
148.334998908,0.174490302801132,-0.0220486111938953
148.345016124,0.173493206501007,-0.0195987615734339
148.354986582,0.174490302801132,-0.0220486111938953
148.364551669,0.173493206501007,-0.0195987615734339
148.375035686,0.172496125102043,-0.0171489305794239
148.385000917,0.172496125102043,-0.0171489305794239
148.395016015,0.173493206501007,-0.0146990800276399
148.404384274,0.171499043703079,-0.0146990800276399
148.414379938,0.171499043703079,-0.0146990800276399
148.425003451,0.172496125102043,-0.0122492304071784
148.435008771,0.171499043703079,-0.0146990800276399
148.444554777,0.173493206501007,-0.0146990800276399
148.455003627,0.171499043703079,-0.00979938078671694
148.464999176,0.170501947402954,-0.0122492304071784
148.474995737,0.171499043703079,-0.00979938078671694
148.484982346,0.172496125102043,-0.00734953070059419
148.494990744,0.171499043703079,-0.00979938078671694
148.50435948,0.172496125102043,-0.00734953070059419
148.514328272,0.171499043703079,-0.00489968108013272
148.524549479,0.170501947402954,-0.00734953070059419
148.534996527,0.170501947402954,-0.00734953070059419
148.544995924,0.169504851102829,-0.00489968108013272
148.555004279,0.170501947402954,-0.00734953070059419
148.565006774,0.170501947402954,-0.00734953070059419
148.575001054,0.169504851102829,-0.00979938078671694
148.585011507,0.168507769703865,-0.0122492304071784
148.595015513,0.167510688304901,-0.00979938078671694
148.604549649,0.165516510605812,-0.00979939848184586
148.614341682,0.166513592004776,-0.0122492304071784
148.625001612,0.165516510605812,-0.00979939848184586
148.635010582,0.165516510605812,-0.00979939848184586
148.645009962,0.164519429206848,-0.0122492304071784
148.655004447,0.163522332906723,-0.00979938078671694
148.665014986,0.164519429206848,-0.0122492304071784
148.675004623,0.163522332906723,-0.00979938078671694
148.684546047,0.162525251507759,-0.00734953070059419
148.695006111,0.163522332906723,-0.00979938078671694
148.704752083,0.163522332906723,-0.00979938078671694
148.714356604,0.162525251507759,-0.00734953070059419
148.724984876,0.163522332906723,-0.00979938078671694
148.734992042,0.162525251507759,-0.00734953070059419
148.74467082,0.162525251507759,-0.0122492304071784
148.754926147,0.162525251507759,-0.0122492304071784
148.764550097,0.162525251507759,-0.0122492304071784
148.774992508,0.164519429206848,-0.0122492304071784
148.78500142,0.164519429206848,-0.0122492304071784
148.795005144,0.164519429206848,-0.0122492304071784
148.804972254,0.164519429206848,-0.0171489119529724
148.814354921,0.164519429206848,-0.0171489119529724
148.825005015,0.164519429206848,-0.0171489119529724
148.835001728,0.165516510605812,-0.0195987615734339
148.844548176,0.167510688304901,-0.0146990800276399
148.854998082,0.166513592004776,-0.0171489119529724
148.865002755,0.166513592004776,-0.0171489119529724
148.874986781,0.166513592004776,-0.0171489119529724
148.885016207,0.167510688304901,-0.0195987615734339
148.895002063,0.166513592004776,-0.0171489119529724
148.904986789,0.167510688304901,-0.0146990800276399
148.914697433,0.169504851102829,-0.0146990800276399
148.924544514,0.169504851102829,-0.0146990800276399
148.934992413,0.169504851102829,-0.0146990800276399
148.944344753,0.168507769703865,-0.0171489305794239
148.954986216,0.169504851102829,-0.0146990800276399
148.964997454,0.169504851102829,-0.0146990800276399
148.974992063,0.169504851102829,-0.0195987801998854
148.984995835,0.168507769703865,-0.0171489305794239
148.995008409,0.169504851102829,-0.0195987801998854
149.004547025,0.169504851102829,-0.0195987801998854
149.014919886,0.16950486600399,-0.0244984608143568
149.025010503,0.168507784605026,-0.0220486111938953
149.035003376,0.168507784605026,-0.0220486111938953
149.044999498,0.168507784605026,-0.0220486111938953
149.054990406,0.170501947402954,-0.0269482918083668
149.064999654,0.170501947402954,-0.0269482918083668
149.075011115,0.16950486600399,-0.0244984608143568
149.084544786,0.170501947402954,-0.0269482918083668
149.095004118,0.171499043703079,-0.0293981414288282
149.105001078,0.172496125102043,-0.0318479910492897
149.115001719,0.170501947402954,-0.0269482918083668
149.125003464,0.171499043703079,-0.0293981414288282
149.135018645,0.172496125102043,-0.0318479910492897
149.145018938,0.172496125102043,-0.0318479910492897
149.155023199,0.172496110200882,-0.0269483104348183
149.164567021,0.172496110200882,-0.0269483104348183
149.175062651,0.173493206501007,-0.0293981600552797
149.185013132,0.173493206501007,-0.0293981600552797
149.195005464,0.174490302801132,-0.0269483104348183
149.205041023,0.173493206501007,-0.0244984608143568
149.215012813,0.174490302801132,-0.0269483104348183
149.225031114,0.175487384200096,-0.0244984608143568
149.235003622,0.175487384200096,-0.0244984608143568
149.244567301,0.17648446559906,-0.0220486111938953
149.255000684,0.17648446559906,-0.0269483104348183
149.26501455,0.177481561899185,-0.0244984608143568
149.274993939,0.17648446559906,-0.0220486111938953
149.285021439,0.17847865819931,-0.0220486111938953
149.29504637,0.17648446559906,-0.0220486111938953
149.305039033,0.177481561899185,-0.0195987615734339
149.315040725,0.177481561899185,-0.0195987615734339
149.32456293,0.17847865819931,-0.0220486111938953
149.335037028,0.178478643298149,-0.0171489305794239
149.345031596,0.17847865819931,-0.0220486111938953
149.35501823,0.178478643298149,-0.0171489305794239
149.365017558,0.178478643298149,-0.0171489305794239
149.374998843,0.178478643298149,-0.0171489305794239
149.385016099,0.177481561899185,-0.0146990800276399
149.395002842,0.177481561899185,-0.0146990800276399
149.404560706,0.177481561899185,-0.0146990800276399
149.415004929,0.178478643298149,-0.0122492304071784
149.425007693,0.177481561899185,-0.00979938078671694
149.435036139,0.177481561899185,-0.00979938078671694
149.445034355,0.17648446559906,-0.00734954932704568
149.455002798,0.17648446559906,-0.00734954932704568
149.465021323,0.17648446559906,-0.00734954932704568
149.475005597,0.17648446559906,-0.00244984962046146
149.484560382,0.175487384200096,-0.00489969924092293
149.495039358,0.17648446559906,-0.00244984962046146
149.505010289,0.17648446559906,-0.00244984962046146
149.515000227,0.17648446559906,-0.00244984962046146
149.525014837,0.175487384200096,0
149.535000594,0.174490302801132,-0.00244984962046146
149.545030282,0.175487384200096,0
149.554337677,0.175487384200096,0
149.56456035,0.174490302801132,0.00244984962046146
149.57498857,0.17648446559906,-0.00244984962046146
149.584317528,0.177481561899185,0
149.595002787,0.177481561899185,0
149.60501727,0.177481561899185,0
149.614998164,0.177481561899185,0
149.625028999,0.17847865819931,-0.00244984962046146
149.635014186,0.179475739598274,0
149.644558222,0.179475739598274,0
149.655063548,0.179475739598274,0
149.665016797,0.180472820997238,-0.00244983145967126
149.675004723,0.179475739598274,0
149.685017068,0.180472820997238,-0.00244983145967126
149.695040106,0.181469902396202,0
149.705018216,0.181469902396202,0
149.715052279,0.181469902396202,0
149.724556638,0.181469902396202,0
149.734333325,0.183464080095291,0
149.744337328,0.182466983795166,0.00244984962046146
149.75431934,0.18545825779438,0
149.764317114,0.184461176395416,0.00244984962046146
149.774327897,0.18545825779438,0
149.78502481,0.18545825779438,0.00489969924092293
149.795014457,0.184461176395416,0.00244984962046146
149.804559289,0.184461176395416,0.00244984962046146
149.815028074,0.18545825779438,0.00489969924092293
149.824333188,0.186455339193344,0.00244984962046146
149.835021218,0.184461176395416,0.00244984962046146
149.845013009,0.186455339193344,-0.00244984962046146
149.855022951,0.184461176395416,0.00244984962046146
149.865021852,0.18545825779438,0
149.87499527,0.184461176395416,0.00244984962046146
149.88455741,0.183464080095291,0
149.894323674,0.184461176395416,0.00244984962046146
149.904290613,0.184461176395416,0.00244984962046146
149.915017937,0.183464080095291,0
149.924290425,0.181469917297363,0.00489968108013272
149.934999524,0.182466998696327,0.00734953070059419
149.944285979,0.181469917297363,0.00979938078671694
149.954286361,0.180472820997238,0.00734953070059419
149.964323304,0.180472820997238,0.00734953070059419
149.97499254,0.180472820997238,0.0122492304071784
149.985016456,0.180472820997238,0.0122492304071784
149.994288016,0.179475724697113,0.00979938078671694
150.004213065,0.179475724697113,0.00979938078671694
150.015036957,0.178478643298149,0.0122492304071784
150.024284839,0.179475724697113,0.00979938078671694
150.034280836,0.178478643298149,0.0122492304071784
150.044554558,0.177481561899185,0.0146990800276399
150.054290154,0.17648446559906,0.0171489119529724
150.064283766,0.17648446559906,0.0171489119529724
150.074292272,0.17648446559906,0.0122492304071784
150.084286046,0.175487384200096,0.0146990614011884
150.094298589,0.175487384200096,0.0146990614011884
150.10428385,0.173493206501007,0.0146990800276399
150.115013932,0.173493206501007,0.0146990800276399
150.12428253,0.172496125102043,0.0171489305794239
150.134287389,0.172496125102043,0.0122492304071784
150.145055887,0.171499043703079,0.00979938078671694
150.155016991,0.171499043703079,0.00979938078671694
150.164280964,0.169504851102829,0.00979938078671694
150.174264669,0.169504851102829,0.00979938078671694
150.184293586,0.169504851102829,0.00489968108013272
150.195017186,0.167510688304901,0.00489969924092293
150.204289619,0.166513592004776,0.00734954932704568
150.214284813,0.167510688304901,0.00489969924092293
150.22501812,0.166513592004776,0.00244984962046146
150.234260004,0.164519429206848,0.00244984962046146
150.245014386,0.164519429206848,0.00244984962046146
150.255042099,0.163522332906723,0
150.264261462,0.163522332906723,0
150.275013607,0.162525236606598,0.00244984962046146
150.284260789,0.16053107380867,0.00244983145967126
150.295030104,0.16053107380867,0.00244983145967126
150.305002456,0.162525236606598,-0.00244984962046146
150.314256825,0.16053107380867,-0.00244983145967126
150.324253978,0.16053107380867,-0.00244983145967126
150.334998247,0.161528155207634,0
150.34424794,0.161528155207634,0
150.354982328,0.161528155207634,0
150.364547764,0.161528155207634,0
150.374251489,0.162525236606598,-0.00244984962046146
150.384268706,0.163522332906723,0
150.395042337,0.163522332906723,0
150.404179918,0.163522332906723,0.00489969924092293
150.415043591,0.162525251507759,0.00734953070059419
150.424249351,0.162525251507759,0.00734953070059419
150.435019246,0.163522332906723,0.00489969924092293
150.444545854,0.163522332906723,0.00489969924092293
150.454992671,0.163522332906723,0.00489969924092293
150.464251497,0.163522332906723,0.00979938078671694
150.4742561,0.162525251507759,0.00734953070059419
150.485054342,0.163522332906723,0.00979938078671694
150.494245561,0.162525251507759,0.0122492304071784
150.504247846,0.162525251507759,0.0122492304071784
150.514239434,0.163522332906723,0.00979938078671694
150.524239792,0.164519429206848,0.0122492304071784
150.535008199,0.162525251507759,0.0122492304071784
150.544255832,0.163522332906723,0.0146990800276399
150.555018579,0.163522332906723,0.0146990800276399
150.564231645,0.163522332906723,0.00979938078671694
150.574237882,0.164519429206848,0.0122492304071784
150.584199804,0.163522332906723,0.00979938078671694
150.594996666,0.163522332906723,0.00979938078671694
150.604235489,0.163522332906723,0.00979938078671694
150.614195209,0.163522332906723,0.00979938078671694
150.6242272,0.164519429206848,0.00734954932704568
150.634199315,0.164519429206848,0.00734954932704568
150.64423152,0.163522332906723,0.00489969924092293
150.654205727,0.165516510605812,0.00489969924092293
150.664233017,0.165516510605812,0.00489969924092293
150.674229196,0.164519429206848,0.00734954932704568
150.684220963,0.165516510605812,0.00489969924092293
150.694198081,0.166513592004776,0.00734954932704568
150.704226201,0.166513592004776,0.00244984962046146
150.714231557,0.168507784605026,0.00244984962046146
150.724232962,0.166513592004776,0.00244984962046146
150.734237503,0.167510688304901,0.00489969924092293
150.74422762,0.169504851102829,0.00489968108013272
150.754193102,0.167510688304901,0.00489969924092293
150.764230553,0.168507769703865,0.00734953070059419
150.774190024,0.167510688304901,0.00489969924092293
150.784231049,0.168507769703865,0.00734953070059419
150.794204033,0.169504851102829,0.00489968108013272
150.804232162,0.169504851102829,0.00489968108013272
150.814194052,0.168507769703865,0.00734953070059419
150.824230366,0.169504851102829,0.00489968108013272
150.834222993,0.170501947402954,0.00244983145967126
150.844207841,0.168507784605026,0.00244984962046146
150.854207183,0.170501947402954,0.00244983145967126
150.864194028,0.170501947402954,0.00244983145967126
150.874174902,0.171499028801918,0
150.884195001,0.170501947402954,0.00244983145967126
150.89420851,0.170501947402954,-0.00244983145967126
150.904164942,0.170501947402954,0.00244983145967126
150.914178906,0.170501947402954,-0.00244983145967126
150.924132709,0.170501947402954,0.00244983145967126
150.934148905,0.16950486600399,0
150.944180576,0.170501947402954,0.00244983145967126
150.954168501,0.170501947402954,0.00244983145967126
150.964168982,0.170501947402954,-0.00244983145967126
150.97414959,0.170501947402954,0.00244983145967126
150.984194173,0.170501947402954,-0.00244983145967126
150.994135746,0.16950486600399,0
151.004201072,0.170501947402954,-0.00244983145967126
151.014117588,0.170501947402954,0.00244983145967126
151.024174921,0.170501947402954,-0.00244983145967126
151.034121003,0.170501947402954,0.00244983145967126
151.04420264,0.170501947402954,-0.00244983145967126
151.054206017,0.170501947402954,-0.00244983145967126
151.064120103,0.16950486600399,0
151.074199444,0.169504851102829,-0.00489968108013272
151.084120451,0.170501947402954,-0.00244983145967126
151.094173317,0.171499028801918,0
151.104128872,0.16950486600399,0
151.114189083,0.170501947402954,-0.00244983145967126
151.124179526,0.170501947402954,0.00244983145967126
151.13417033,0.172496110200882,-0.00244984962046146
151.144169245,0.172496110200882,0.00244984962046146
151.154120252,0.172496110200882,0.00244984962046146
151.164160671,0.174490302801132,0.00244984962046146
151.174114788,0.175487384200096,0.00489969924092293
151.184124158,0.175487384200096,0.00489969924092293
151.194110023,0.17648446559906,0.00244984962046146
151.204115793,0.17847865819931,0.00244984962046146
151.214099094,0.177481561899185,0.00489969924092293
151.224126115,0.180472820997238,0.00244983145967126
151.234085496,0.179475724697113,0.00489968108013272
151.244115987,0.179475724697113,0.00489968108013272
151.254078126,0.180472820997238,0.00734953070059419
151.264154399,0.181469917297363,0.00489968108013272
151.274135881,0.180472820997238,0.00734953070059419
151.284110049,0.181469917297363,0.00979938078671694
151.294141104,0.181469917297363,0.00979938078671694
151.304075314,0.181469917297363,0.00979938078671694
151.314088305,0.184461176395416,0.00734954932704568
151.324072744,0.181469917297363,0.00979938078671694
151.334105464,0.181469917297363,0.00979938078671694
151.344102926,0.183464080095291,0.00979938078671694
151.354081564,0.182466998696327,0.00734953070059419
151.3641063,0.182466998696327,0.0122492304071784
151.374136061,0.183464080095291,0.00979938078671694
151.384081155,0.182466998696327,0.00734953070059419
151.394129884,0.184461176395416,0.00734954932704568
151.404068195,0.184461176395416,0.00734954932704568
151.414118776,0.182466998696327,0.00734953070059419
151.424069485,0.184461176395416,0.00734954932704568
151.434042976,0.18545825779438,0.00489969924092293
151.444105092,0.184461176395416,0.00244984962046146
151.454107334,0.184461176395416,0.00244984962046146
151.464106835,0.183464080095291,0
151.474108097,0.18545825779438,-0.00489969924092293
151.484068176,0.184461176395416,-0.00244984962046146
151.49404555,0.183464080095291,-0.00489969924092293
151.504076472,0.184461176395416,-0.00244984962046146
151.514038331,0.184461176395416,-0.00244984962046146
151.524062939,0.182466998696327,-0.00734953070059419
151.534013517,0.182466983795166,-0.00244984962046146
151.544115002,0.182466983795166,-0.00244984962046146
151.554107322,0.182466983795166,-0.00244984962046146
151.564048434,0.182466983795166,-0.00244984962046146
151.574049213,0.181469902396202,0
151.584035288,0.182466983795166,-0.00244984962046146
151.594053397,0.181469902396202,0
151.604008285,0.180472820997238,-0.00244983145967126
151.614042861,0.180472820997238,-0.00244983145967126
151.624053572,0.182466983795166,-0.00244984962046146
151.63404638,0.181469917297363,-0.00489968108013272
151.64404556,0.181469917297363,-0.00489968108013272
151.65406565,0.183464080095291,-0.00489969924092293
151.664004294,0.183464080095291,-0.00489969924092293
151.674039991,0.182466983795166,-0.00244984962046146
151.684048847,0.184461176395416,-0.00244984962046146
151.694048774,0.184461176395416,-0.00244984962046146
151.704052609,0.18545825779438,-0.00489969924092293
151.714035957,0.187452435493469,-0.00489969924092293
151.724049951,0.187452435493469,-0.00489969924092293
151.734047128,0.187452435493469,-0.00489969924092293
151.744026835,0.189446598291397,-0.00489968108013272
151.754037759,0.187452435493469,-0.00489969924092293
151.764047309,0.189446598291397,-0.00489968108013272
151.774028027,0.190443694591522,-0.00734953070059419
151.783999292,0.189446598291397,-0.00979938078671694
151.794046544,0.190443694591522,-0.0122492304071784
151.804042904,0.191440790891647,-0.00979938078671694
151.814047299,0.190443694591522,-0.0122492304071784
151.824023459,0.190443694591522,-0.00734953070059419
151.834007901,0.191440790891647,-0.00979938078671694
151.844021945,0.191440790891647,-0.00979938078671694
151.854029668,0.191440790891647,-0.00979938078671694
151.864022056,0.191440790891647,-0.00979938078671694
151.874051246,0.191440790891647,-0.00979938078671694
151.884042512,0.191440790891647,-0.00489968108013272
151.893991434,0.191440790891647,-0.00489968108013272
151.903997652,0.190443694591522,-0.00244983145967126
151.914015953,0.189446613192558,0
151.924025107,0.189446598291397,-0.00489968108013272
151.934028648,0.189446613192558,0
151.943994388,0.188449531793594,-0.00244984962046146
151.95401168,0.188449531793594,-0.00244984962046146
151.964016117,0.187452435493469,0
151.973998874,0.186455339193344,0.00244984962046146
151.984027683,0.18545825779438,0
151.994029459,0.18545825779438,0
152.00399295,0.184461176395416,-0.00244984962046146
152.014020056,0.184461176395416,-0.00244984962046146
152.024002442,0.183464080095291,0
152.034012477,0.182466998696327,-0.00734953070059419
152.044015513,0.181469917297363,-0.00489968108013272
152.054017381,0.181469917297363,-0.00489968108013272
152.064028398,0.180472820997238,-0.00734953070059419
152.074028712,0.180472820997238,-0.00734953070059419
152.083989331,0.179475724697113,-0.00979938078671694
152.094023338,0.178478643298149,-0.00734953070059419
152.10400022,0.178478643298149,-0.00734953070059419
152.114020773,0.178478643298149,-0.00734953070059419
152.12401661,0.178478643298149,-0.00734953070059419
152.134020602,0.17847865819931,-0.00244984962046146
152.144014569,0.17847865819931,-0.00244984962046146
152.153999754,0.17847865819931,-0.00244984962046146
152.164021986,0.17847865819931,-0.00244984962046146
152.174020853,0.17847865819931,-0.00244984962046146
152.184019909,0.179475739598274,0
152.193992101,0.179475739598274,0
152.204013263,0.180472820997238,-0.00244983145967126
152.213998775,0.180472820997238,-0.00244983145967126
152.223991135,0.180472820997238,-0.00244983145967126
152.233980288,0.180472820997238,-0.00244983145967126
152.243982759,0.180472820997238,-0.00244983145967126
152.253976582,0.180472820997238,-0.00244983145967126
152.2639836,0.180472820997238,-0.00244983145967126
152.274005237,0.180472820997238,-0.00244983145967126
152.283996381,0.179475724697113,-0.00489968108013272
152.294012325,0.179475724697113,-0.00489968108013272
152.303993919,0.179475724697113,-0.00489968108013272
152.313984432,0.17847865819931,-0.00244984962046146
152.323988809,0.179475724697113,-0.00489968108013272
152.333991165,0.179475724697113,-0.00489968108013272
152.343983939,0.179475724697113,-0.00489968108013272
152.354011989,0.179475724697113,-0.00489968108013272
152.363986704,0.180472820997238,-0.00734953070059419
152.373982901,0.180472820997238,-0.00734953070059419
152.383985277,0.181469917297363,-0.00489968108013272
152.39399016,0.181469917297363,-0.00489968108013272
152.403990703,0.180472820997238,-0.00244983145967126
152.414010629,0.182466983795166,-0.00244984962046146
152.423986847,0.182466983795166,-0.00244984962046146
152.434010285,0.182466983795166,-0.00244984962046146
152.443988287,0.182466983795166,-0.00244984962046146
152.453993703,0.183464080095291,0
152.463983932,0.182466983795166,0.00244984962046146
152.473980798,0.183464080095291,0
152.483990068,0.182466983795166,0.00244984962046146
152.493993756,0.182466983795166,0.00244984962046146
152.503986184,0.182466983795166,0.00244984962046146
152.51396674,0.181469902396202,0
152.523986401,0.180472820997238,0.00244983145967126
152.534013362,0.180472820997238,0.00244983145967126
152.543990641,0.180472820997238,0.00244983145967126
152.553986166,0.17847865819931,-0.00244984962046146
152.56398689,0.17847865819931,-0.00244984962046146
152.573990251,0.177481561899185,0
152.583990863,0.177481561899185,0
152.594023652,0.17648446559906,-0.00244984962046146
152.603986684,0.17648446559906,-0.00244984962046146
152.614018433,0.17648446559906,-0.00244984962046146
152.623989061,0.17648446559906,-0.00244984962046146
152.63398409,0.175487384200096,0
152.643986996,0.174490302801132,-0.00244984962046146
152.653984813,0.175487384200096,0
152.663990969,0.175487384200096,0
152.674011783,0.175487384200096,0
152.683984772,0.175487384200096,0
152.693984586,0.175487384200096,0
152.703990453,0.175487384200096,0
152.713989493,0.175487384200096,0
152.723988023,0.175487384200096,0
152.733982407,0.175487384200096,0
152.744013429,0.17648446559906,0.00244984962046146
152.754023571,0.177481561899185,0.00489969924092293
152.763987779,0.17648446559906,0.00734954932704568
152.773989522,0.177481561899185,0.00489969924092293
152.783989886,0.177481561899185,0.00489969924092293
152.79398402,0.178478643298149,0.00734953070059419
152.804016597,0.178478643298149,0.00734953070059419
152.813994379,0.178478643298149,0.00734953070059419
152.82398688,0.177481561899185,0.00979938078671694
152.834020988,0.179475724697113,0.00979938078671694
152.843992651,0.179475724697113,0.00979938078671694
152.853987315,0.178478643298149,0.00734953070059419
152.863991236,0.179475724697113,0.00489968108013272
152.873991541,0.178478643298149,0.00734953070059419
152.8839851,0.178478643298149,0.00734953070059419
152.893986918,0.178478643298149,0.00734953070059419
152.903990972,0.179475724697113,0.00979938078671694
152.914021798,0.179475724697113,0.00979938078671694
152.92398978,0.180472820997238,0.00734953070059419
152.934014986,0.180472820997238,0.00734953070059419
152.944012959,0.179475724697113,0.00979938078671694
152.953991039,0.180472820997238,0.00734953070059419
152.963986353,0.181469917297363,0.00979938078671694
152.973992469,0.181469917297363,0.00979938078671694
152.983986311,0.182466998696327,0.00734953070059419
152.994015832,0.183464080095291,0.00979938078671694
153.003999955,0.181469917297363,0.00979938078671694
153.01398543,0.182466998696327,0.0122492304071784
153.023994134,0.182466998696327,0.0122492304071784
153.034002298,0.181469917297363,0.00979938078671694
153.043982253,0.182466998696327,0.0122492304071784
153.053992458,0.181469917297363,0.0146990800276399
153.063988531,0.180472820997238,0.0171489305794239
153.074015243,0.179475724697113,0.0195987801998854
153.083990502,0.179475724697113,0.0195987801998854
153.093986369,0.179475724697113,0.0195987801998854
153.103985167,0.179475724697113,0.0195987801998854
153.113987663,0.178478643298149,0.0171489305794239
153.124013727,0.177481561899185,0.0195987615734339
153.133983279,0.17847865819931,0.0220486111938953
153.144023386,0.178478643298149,0.0171489305794239
153.154014875,0.17847865819931,0.0220486111938953
153.163986951,0.177481561899185,0.0195987615734339
153.173984365,0.178478643298149,0.0171489305794239
153.184021473,0.17847865819931,0.0220486111938953
153.19398441,0.177481561899185,0.0195987615734339
153.203995087,0.178478643298149,0.0171489305794239
153.213983109,0.179475724697113,0.0195987801998854
153.224010756,0.181469917297363,0.0195987801998854
153.233988778,0.179475724697113,0.0195987801998854
153.243932256,0.180472820997238,0.0220486298203468
153.253887973,0.181469917297363,0.0195987801998854
153.263912524,0.184461176395416,0.0171489119529724
153.273909136,0.184461176395416,0.0220486111938953
153.283919262,0.184461176395416,0.0171489119529724
153.293836048,0.18545825779438,0.0195987615734339
153.303889976,0.186455339193344,0.0220486111938953
153.313882306,0.187452435493469,0.0244984608143568
153.323883719,0.187452435493469,0.0244984608143568
153.333986711,0.190443694591522,0.0220486298203468
153.343985697,0.189446613192558,0.0244984608143568
153.353982405,0.190443694591522,0.0220486298203468
153.363966979,0.189446613192558,0.0244984608143568
153.373986442,0.190443694591522,0.0220486298203468
153.383987743,0.193434953689575,0.0244984608143568
153.393991913,0.193434953689575,0.0244984608143568
153.403990791,0.193434953689575,0.0244984608143568
153.413983764,0.19243785738945,0.0220486111938953
153.423981269,0.19243785738945,0.0269483104348183
153.433992299,0.19243785738945,0.0269483104348183
153.443981206,0.193434953689575,0.0244984608143568
153.453989359,0.19243785738945,0.0269483104348183
153.463985068,0.19243785738945,0.0269483104348183
153.473991058,0.19243785738945,0.0269483104348183
153.48397981,0.190443694591522,0.0269482918083668
153.493989757,0.190443694591522,0.0220486298203468
153.503980448,0.190443694591522,0.0220486298203468
153.513990583,0.189446613192558,0.0244984608143568
153.523990104,0.188449516892433,0.0171489305794239
153.533916456,0.187452435493469,0.0195987615734339
153.54398632,0.186455339193344,0.0171489119529724
153.553994708,0.187452435493469,0.0146990800276399
153.563994269,0.186455339193344,0.0122492304071784
153.573980835,0.184461176395416,0.0122492304071784
153.583986982,0.184461176395416,0.0122492304071784
153.59398685,0.183464080095291,0.0146990800276399
153.603979954,0.182466998696327,0.0122492304071784
153.613811459,0.182466998696327,0.00734953070059419
153.623982022,0.183464080095291,0.00979938078671694
153.633835514,0.182466998696327,0.00734953070059419
153.643979815,0.184461176395416,0.00734954932704568
153.653989927,0.182466998696327,0.00734953070059419
153.663985397,0.183464080095291,0.00979938078671694
153.673986461,0.186455339193344,0.00734954932704568
153.683989981,0.186455339193344,0.00244984962046146
153.693983413,0.187452435493469,0.00489969924092293
153.703988214,0.189446598291397,0.00489968108013272
153.713847298,0.191440790891647,0.00489968108013272
153.723985599,0.19243785738945,0.00244984962046146
153.733901058,0.1944320499897,0.00244984962046146
153.743986637,0.195429131388664,0.00489969924092293
153.753982017,0.197423309087753,0.00489969924092293
153.763990122,0.198420405387878,0.00244984962046146
153.773989265,0.198420405387878,0.00244984962046146
153.783981718,0.201411664485931,0.00489968108013272
153.793987027,0.202408730983734,0.00244984962046146
153.80398199,0.201411664485931,0.00489968108013272
153.813956265,0.202408745884895,0.00734953070059419
153.823989945,0.203405827283859,0.00979938078671694
153.833984865,0.203405827283859,0.00979938078671694
153.843984542,0.204402923583984,0.00734954932704568
153.853989887,0.204402923583984,0.00734954932704568
153.86398992,0.205400004982948,0.00979939848184586
153.873980625,0.205400004982948,0.00979939848184586
153.883996576,0.204402923583984,0.0122492304071784
153.893978503,0.204402923583984,0.0122492304071784
153.90398664,0.206397086381912,0.0122492490336299
153.913953683,0.205400004982948,0.00979939848184586
153.923987921,0.205400004982948,0.00979939848184586
153.933979613,0.204402923583984,0.0122492304071784
153.943987982,0.203405827283859,0.0146990800276399
153.953984879,0.203405827283859,0.0146990800276399
153.963987704,0.202408745884895,0.0122492304071784
153.973978893,0.202408745884895,0.0171489305794239
153.983991252,0.201411664485931,0.0146990800276399
153.993985885,0.201411664485931,0.0146990800276399
154.003986769,0.200414568185806,0.0122492304071784
154.013956178,0.199417471885681,0.0146990800276399
154.023991954,0.198420390486717,0.0171489305794239
154.033980115,0.199417471885681,0.0146990800276399
154.043988196,0.197423309087753,0.0146990800276399
154.053982299,0.195429131388664,0.0146990614011884
154.063989245,0.195429131388664,0.0146990614011884
154.073981093,0.195429131388664,0.00979939848184586
154.083986688,0.1944320499897,0.0122492304071784
154.093984631,0.192437872290611,0.0122492304071784
154.103980197,0.191440790891647,0.0146990800276399
154.113989063,0.192437872290611,0.0122492304071784
154.123987124,0.191440790891647,0.00979938078671694
154.133981088,0.189446598291397,0.00979938078671694
154.143996753,0.189446598291397,0.00979938078671694
154.153984453,0.191440790891647,0.00979938078671694
154.163982681,0.189446598291397,0.00979938078671694
154.173989904,0.188449516892433,0.0122492304071784
154.183986314,0.188449516892433,0.00734953070059419
154.193980526,0.189446598291397,0.00979938078671694
154.203982033,0.188449516892433,0.00734953070059419
154.213987247,0.187452435493469,0.00979938078671694
154.223984531,0.187452435493469,0.00489969924092293
154.233993587,0.188449516892433,0.00734953070059419
154.243984699,0.187452435493469,0.00489969924092293
154.253988029,0.186455339193344,0.00734954932704568
154.263982009,0.187452435493469,0.00489969924092293
154.274018201,0.186455339193344,0.00244984962046146
154.283987409,0.187452435493469,0.00489969924092293
154.293982129,0.18545825779438,0.00489969924092293
154.303985984,0.186455339193344,0.00244984962046146
154.314018755,0.18545825779438,0
154.323982666,0.18545825779438,0
154.33400646,0.184461176395416,-0.00244984962046146
154.343977876,0.18545825779438,0
154.354011411,0.184461176395416,-0.00244984962046146
154.364022981,0.184461176395416,-0.00244984962046146
154.374020197,0.184461176395416,-0.00244984962046146
154.383992288,0.182466983795166,-0.00244984962046146
154.394008138,0.184461176395416,-0.00244984962046146
154.403972386,0.184461176395416,-0.00244984962046146
154.41398745,0.18545825779438,-0.00489969924092293
154.424020876,0.18545825779438,0
154.433988347,0.18545825779438,0
154.443982664,0.18545825779438,0
154.454008212,0.18545825779438,0
154.464017769,0.186455339193344,0.00244984962046146
154.474013328,0.186455339193344,0.00244984962046146
154.483981818,0.187452435493469,0.00489969924092293
154.493982605,0.187452435493469,0
154.503980334,0.187452435493469,0.00489969924092293
154.51399601,0.186455339193344,0.00734954932704568
154.523978844,0.186455339193344,0.00734954932704568
154.533979388,0.186455339193344,0.00734954932704568
154.544019749,0.18545825779438,0.00489969924092293
154.553977515,0.186455339193344,0.00734954932704568
154.564018322,0.184461176395416,0.00734954932704568
154.574011232,0.184461176395416,0.00734954932704568
154.584037107,0.183464080095291,0.00489969924092293
154.594015092,0.182466998696327,0.00734953070059419
154.603979758,0.181469917297363,0.00489968108013272
154.614011387,0.181469917297363,0.00979938078671694
154.623980763,0.181469917297363,0.00489968108013272
154.634014807,0.181469917297363,0.00489968108013272
154.64398476,0.181469917297363,0.00489968108013272
154.653987246,0.181469917297363,0.00489968108013272
154.663979103,0.181469917297363,0.00489968108013272
154.674016909,0.181469917297363,0.00489968108013272
154.68398617,0.182466998696327,0.00734953070059419
154.694019051,0.182466998696327,0.00734953070059419
154.704020762,0.182466998696327,0.00734953070059419
154.714017561,0.183464080095291,0.00489969924092293
154.723990873,0.183464080095291,0.00979938078671694
154.734024778,0.184461176395416,0.00734954932704568
154.74398546,0.18545825779438,0.00979939848184586
154.754014256,0.184461176395416,0.00734954932704568
154.7639852,0.18545825779438,0.00979939848184586
154.774017949,0.186455339193344,0.0122492304071784
154.78398817,0.187452435493469,0.00979938078671694
154.794015679,0.187452435493469,0.00979938078671694
154.803968298,0.188449516892433,0.0122492304071784
154.814014443,0.189446598291397,0.00979938078671694
154.824004749,0.188449516892433,0.00734953070059419
154.833981501,0.188449516892433,0.0122492304071784
154.844013048,0.189446598291397,0.00979938078671694
154.853984887,0.190443694591522,0.0122492304071784
154.864019231,0.190443694591522,0.00734953070059419
154.874013427,0.190443694591522,0.00734953070059419
154.883996706,0.189446598291397,0.00979938078671694
154.893977307,0.191440790891647,0.00979938078671694
154.904023348,0.192437872290611,0.00734953070059419
154.913977522,0.191440790891647,0.00979938078671694
154.924005931,0.191440790891647,0.00979938078671694
154.933984053,0.192437872290611,0.00734953070059419
154.944013809,0.191440790891647,0.00979938078671694
154.95401819,0.191440790891647,0.00979938078671694
154.964015726,0.192437872290611,0.0122492304071784
154.974011155,0.193434953689575,0.00979938078671694
154.98402007,0.193434953689575,0.00979938078671694
154.994029497,0.192437872290611,0.0122492304071784
155.004032122,0.191440790891647,0.0146990800276399
155.013998337,0.192437872290611,0.0122492304071784
155.024012989,0.192437872290611,0.0122492304071784
155.033985031,0.192437872290611,0.0122492304071784
155.044008962,0.193434953689575,0.00979938078671694
155.053827504,0.193434953689575,0.00979938078671694
155.064015204,0.191440790891647,0.00979938078671694
155.074016012,0.191440790891647,0.00979938078671694
155.084014559,0.191440790891647,0.00979938078671694
155.094018569,0.191440790891647,0.00489968108013272
155.103972151,0.191440790891647,0.00489968108013272
155.114010756,0.190443694591522,0.00734953070059419
155.124011955,0.191440790891647,0.00489968108013272
155.133974933,0.190443694591522,0.00734953070059419
155.144011644,0.190443694591522,0.00734953070059419
155.15398444,0.189446598291397,0.00489968108013272
155.164012498,0.189446598291397,0.00489968108013272
155.173981788,0.189446598291397,0.00489968108013272
155.184016197,0.188449531793594,0.00244984962046146
155.193984081,0.188449516892433,0.00734953070059419
155.204031366,0.189446598291397,0.00489968108013272
155.21398255,0.189446613192558,0
155.224016015,0.187452435493469,0.00489969924092293
155.233981892,0.188449531793594,0.00244984962046146
155.24401171,0.187452435493469,0
155.253996352,0.187452435493469,0
155.264011958,0.189446613192558,0
155.274033934,0.186455339193344,0.00244984962046146
155.284003284,0.187452435493469,0
155.293983594,0.187452435493469,-0.00489969924092293
155.303984663,0.18545825779438,0
155.314000681,0.18545825779438,0
155.323982467,0.186455339193344,-0.00244984962046146
155.333978493,0.184461176395416,-0.00244984962046146
155.34398639,0.183464080095291,0
155.354011355,0.183464080095291,0
155.363988028,0.182466983795166,-0.00244984962046146
155.373986259,0.183464080095291,-0.00489969924092293
155.383986457,0.181469902396202,0
155.394000935,0.181469902396202,0
155.403979474,0.180472820997238,-0.00244983145967126
155.413997083,0.179475739598274,0
155.423976242,0.179475739598274,0
155.434017731,0.179475739598274,0
155.443984572,0.17847865819931,-0.00244984962046146
155.454014804,0.17847865819931,-0.00244984962046146
155.464022252,0.17648446559906,0.00244984962046146
155.474021257,0.17648446559906,0.00244984962046146
155.483986503,0.177481561899185,0
155.493978848,0.175487384200096,0.00489969924092293
155.503979376,0.17648446559906,0.00244984962046146
155.51398295,0.175487384200096,0.00489969924092293
155.523983392,0.175487384200096,0.00489969924092293
155.534007272,0.174490302801132,0.00734954932704568
155.543986217,0.175487384200096,0.00979939848184586
155.553984356,0.174490302801132,0.0122492304071784
155.563988207,0.174490302801132,0.00734954932704568
155.574022256,0.174490302801132,0.00734954932704568
155.583979869,0.173493206501007,0.00979938078671694
155.593984497,0.174490302801132,0.00734954932704568
155.604019091,0.174490302801132,0.00734954932704568
155.613985572,0.174490302801132,0.00734954932704568
155.62397958,0.174490302801132,0.00734954932704568
155.634017721,0.174490302801132,0.00734954932704568
155.644016964,0.174490302801132,0.00734954932704568
155.653982421,0.175487384200096,0.00489969924092293
155.663983119,0.17648446559906,0.00734954932704568
155.674023704,0.175487384200096,0.00979939848184586
155.684020644,0.17648446559906,0.00734954932704568
155.694009847,0.175487384200096,0.00979939848184586
155.703987949,0.175487384200096,0.00979939848184586
155.713986601,0.177481561899185,0.00979938078671694
155.724002742,0.177481561899185,0.00979938078671694
155.734037531,0.178478643298149,0.00734953070059419
155.743982086,0.177481561899185,0.00979938078671694
155.754016358,0.177481561899185,0.00979938078671694
155.763983136,0.177481561899185,0.0146990800276399
155.77400206,0.178478643298149,0.0122492304071784
155.783786,0.178478643298149,0.0122492304071784
155.793975758,0.179475724697113,0.00979938078671694
155.803986994,0.179475724697113,0.00979938078671694
155.814019841,0.178478643298149,0.00734953070059419
155.823978476,0.177481561899185,0.00979938078671694
155.834010005,0.177481561899185,0.00979938078671694
155.844024151,0.178478643298149,0.00734953070059419
155.85398364,0.17648446559906,0.00734954932704568
155.863992746,0.17648446559906,0.00244984962046146
155.874020251,0.17648446559906,0.00244984962046146
155.883982716,0.175487384200096,0
155.894014493,0.175487384200096,0
155.903987301,0.174490302801132,0.00244984962046146
155.914023301,0.172496110200882,0.00244984962046146
155.923978078,0.173493206501007,0
155.934021227,0.171499028801918,0
155.943978906,0.170501947402954,-0.00244983145967126
155.954014173,0.171499028801918,0
155.963983958,0.170501947402954,-0.00244983145967126
155.973979019,0.16950486600399,0
155.983988859,0.16950486600399,0
155.994014017,0.16950486600399,0
156.003597052,0.168507784605026,-0.00244984962046146
156.014015176,0.16950486600399,0
156.023986372,0.168507784605026,-0.00244984962046146
156.034001016,0.170501947402954,-0.00244983145967126
156.044004531,0.16950486600399,0
156.054022105,0.170501947402954,-0.00244983145967126
156.064017254,0.16950486600399,0
156.074015803,0.170501947402954,-0.00244983145967126
156.084017353,0.16950486600399,0
156.093982568,0.167510688304901,0
156.103591745,0.16950486600399,0
156.11398899,0.168507784605026,-0.00244984962046146
156.124006323,0.168507784605026,-0.00244984962046146
156.133981374,0.168507784605026,-0.00244984962046146
156.143981707,0.168507784605026,-0.00244984962046146
156.153981027,0.168507784605026,-0.00244984962046146
156.164005768,0.168507784605026,-0.00244984962046146
156.173986255,0.167510688304901,-0.00489969924092293
156.184025322,0.168507784605026,-0.00244984962046146
156.193984135,0.168507784605026,-0.00244984962046146
156.203597761,0.167510688304901,-0.00489969924092293
156.213978964,0.169504851102829,-0.00489968108013272
156.223993166,0.170501947402954,-0.00244983145967126
156.233988588,0.168507784605026,-0.00244984962046146
156.24398204,0.170501947402954,-0.00244983145967126
156.25398687,0.169504851102829,-0.00489968108013272
156.263983663,0.170501947402954,-0.00244983145967126
156.273993738,0.171499028801918,0
156.283992778,0.170501947402954,-0.00244983145967126
156.29397929,0.172496110200882,-0.00244984962046146
156.303735649,0.173493206501007,0
156.313989119,0.173493206501007,0
156.323540327,0.171499028801918,0
156.333984417,0.173493206501007,0
156.344004138,0.173493206501007,0
156.353987512,0.174490302801132,0.00244984962046146
156.363984958,0.174490302801132,0.00244984962046146
156.373985227,0.173493206501007,0
156.383985694,0.175487384200096,0
156.393993592,0.175487384200096,0
156.403922232,0.174490302801132,0.00244984962046146
156.413990174,0.175487384200096,0.00489969924092293
156.423543867,0.17648446559906,0.00244984962046146
156.433983507,0.175487384200096,0.00489969924092293
156.443989934,0.174490302801132,0.00734954932704568
156.453990756,0.174490302801132,0.00734954932704568
156.463991289,0.175487384200096,0.00489969924092293
156.473988829,0.17648446559906,0.00734954932704568
156.4839863,0.17648446559906,0.00734954932704568
156.493990782,0.175487384200096,0.00979939848184586
156.503957062,0.17648446559906,0.00734954932704568
156.513551257,0.175487384200096,0.00489969924092293
156.523705564,0.17648446559906,0.00734954932704568
156.533982693,0.177481561899185,0.00489969924092293
156.543987845,0.177481561899185,0.00489969924092293
156.553988172,0.177481561899185,0.00489969924092293
156.563992505,0.177481561899185,0.00489969924092293
156.573990156,0.177481561899185,0.00489969924092293
156.583986984,0.177481561899185,0.00489969924092293
156.593987892,0.17847865819931,0.00244984962046146
156.603993068,0.17847865819931,0.00244984962046146
156.613658925,0.17847865819931,0.00244984962046146
156.623925943,0.17847865819931,0.00244984962046146
156.633986467,0.17847865819931,0.00244984962046146
156.643983137,0.180472820997238,0.00244983145967126
156.653992371,0.180472820997238,0.00244983145967126
156.663989662,0.180472820997238,0.00244983145967126
156.673986796,0.180472820997238,0.00244983145967126
156.683990469,0.180472820997238,0.00244983145967126
156.693987913,0.181469902396202,0
156.70398891,0.181469902396202,0
156.713841228,0.181469902396202,0
156.724011551,0.181469902396202,0
156.733986873,0.182466983795166,0.00244984962046146
156.743982562,0.181469902396202,0
156.753989856,0.181469902396202,0
156.763990682,0.181469902396202,0
156.773988328,0.183464080095291,0
156.7839921,0.184461176395416,-0.00244984962046146
156.793990768,0.184461176395416,0.00244984962046146
156.804021284,0.18545825779438,0
156.813981076,0.187452435493469,0
156.823987088,0.187452435493469,0
156.833986819,0.188449531793594,-0.00244984962046146
156.843989144,0.189446613192558,0
156.853986241,0.190443694591522,-0.00244983145967126
156.863989635,0.191440775990486,0
156.873987209,0.190443694591522,0.00244983145967126
156.883994133,0.190443694591522,0.00244983145967126
156.893985869,0.191440775990486,0
156.903992304,0.191440790891647,0.00489968108013272
156.913963884,0.190443694591522,0.00734953070059419
156.923987893,0.191440790891647,0.00489968108013272
156.933989478,0.190443694591522,0.00734953070059419
156.94400481,0.191440790891647,0.00489968108013272
156.953980967,0.190443694591522,0.00734953070059419
156.963989952,0.190443694591522,0.00734953070059419
156.973988224,0.191440790891647,0.00489968108013272
156.983989626,0.190443694591522,0.00734953070059419
156.993990392,0.189446598291397,0.00979938078671694
157.003985434,0.190443694591522,0.00734953070059419
157.013957115,0.190443694591522,0.00734953070059419
157.023986315,0.190443694591522,0.00734953070059419
157.03399266,0.190443694591522,0.00734953070059419
157.043996802,0.189446598291397,0.00979938078671694
157.053985228,0.191440790891647,0.00979938078671694
157.063993132,0.191440790891647,0.00489968108013272
157.073988673,0.190443694591522,0.00734953070059419
157.083997411,0.191440790891647,0.00979938078671694
157.093990289,0.192437872290611,0.00734953070059419
157.103994841,0.190443694591522,0.00734953070059419
157.113986078,0.191440790891647,0.00489968108013272
157.123989782,0.191440790891647,0.00979938078671694
157.133992032,0.192437872290611,0.00734953070059419
157.143988056,0.193434953689575,0.00489969924092293
157.153989466,0.192437872290611,0.00734953070059419
157.163985329,0.193434953689575,0.00979938078671694
157.173983219,0.193434953689575,0.00979938078671694
157.183990229,0.1944320499897,0.00734954932704568
157.193991897,0.1944320499897,0.00734954932704568
157.203989877,0.195429131388664,0.00979939848184586
157.213989027,0.195429131388664,0.00979939848184586
157.22398573,0.196426212787628,0.00734954932704568
157.233985609,0.195429131388664,0.00979939848184586
157.24399497,0.195429131388664,0.00979939848184586
157.253987966,0.195429131388664,0.00979939848184586
157.263988282,0.195429131388664,0.00979939848184586
157.273984519,0.197423309087753,0.00489969924092293
157.283988167,0.198420390486717,0.00734953070059419
157.293986472,0.197423309087753,0.00979938078671694
157.30400012,0.198420390486717,0.00734953070059419
157.313992556,0.199417471885681,0.00979938078671694
157.323985441,0.199417471885681,0.00979938078671694
157.333986632,0.201411664485931,0.00979938078671694
157.343988386,0.200414568185806,0.0122492304071784
157.353992149,0.202408745884895,0.00734953070059419
157.36399045,0.203405827283859,0.00979938078671694
157.373987376,0.202408745884895,0.0122492304071784
157.383982676,0.201411664485931,0.0146990800276399
157.393980689,0.202408745884895,0.0122492304071784
157.403986348,0.203405827283859,0.0146990800276399
157.413989727,0.202408745884895,0.0122492304071784
157.423998482,0.203405827283859,0.0146990800276399
157.433988103,0.202408745884895,0.0122492304071784
157.443989224,0.203405827283859,0.00979938078671694
157.453992317,0.202408745884895,0.0122492304071784
157.463987057,0.201411664485931,0.00979938078671694
157.473984403,0.202408745884895,0.0122492304071784
157.483985574,0.202408745884895,0.00734953070059419
157.493989974,0.201411664485931,0.00979938078671694
157.50398818,0.200414568185806,0.00734953070059419
157.513988105,0.198420390486717,0.00734953070059419
157.523986905,0.198420405387878,0.00244984962046146
157.533987,0.198420405387878,0.00244984962046146
157.543988438,0.198420405387878,0.00244984962046146
157.553991164,0.197423309087753,0.00489969924092293
157.563985149,0.197423309087753,0.00489969924092293
157.573984108,0.195429131388664,0
157.583985055,0.195429131388664,0
157.593985429,0.195429131388664,0
157.603986395,0.195429131388664,0
157.613980284,0.197423309087753,0
157.623988774,0.196426212787628,0.00244984962046146
157.633991485,0.1944320499897,0.00244984962046146
157.643984557,0.1944320499897,0.00244984962046146
157.653994503,0.195429131388664,0
157.663985173,0.195429131388664,0
157.673988744,0.195429131388664,0
157.683988665,0.1944320499897,0.00244984962046146
157.693986357,0.195429131388664,0
157.703983464,0.193434953689575,0
157.713986095,0.193434953689575,0
157.723986574,0.191440775990486,0
157.733987327,0.193434953689575,0
157.743987113,0.19243785738945,-0.00244984962046146
157.753984021,0.191440775990486,0
157.763990589,0.189446613192558,0
157.773992802,0.189446613192558,0
157.783984927,0.189446613192558,0
157.793989986,0.187452435493469,0
157.803986312,0.187452435493469,0
157.813990983,0.186455339193344,-0.00244984962046146
157.823985816,0.186455339193344,-0.00244984962046146
157.833985328,0.18545825779438,0
157.84398579,0.18545825779438,0
157.853985903,0.184461176395416,-0.00244984962046146
157.863986002,0.184461176395416,-0.00244984962046146
157.8739898,0.184461176395416,0.00244984962046146
157.883982924,0.183464080095291,0
157.893995033,0.183464080095291,0
157.903982646,0.183464080095291,0
157.913979929,0.182466983795166,0.00244984962046146
157.92398779,0.183464080095291,0
157.933993507,0.182466983795166,-0.00244984962046146
157.943988562,0.180472820997238,0.00244983145967126
157.953984065,0.180472820997238,0.00244983145967126
157.963985254,0.180472820997238,0.00244983145967126
157.973987769,0.17847865819931,-0.00244984962046146
157.98398813,0.17847865819931,-0.00244984962046146
157.99398821,0.179475724697113,-0.00489968108013272
158.003989538,0.179475724697113,-0.00489968108013272
158.013988264,0.178478643298149,-0.00734953070059419
158.023983343,0.177481561899185,-0.00489969924092293
158.033991228,0.17648446559906,-0.00244984962046146
158.043982915,0.177481561899185,-0.00979938078671694
158.053982804,0.177481561899185,-0.00979938078671694
158.063983578,0.177481561899185,-0.00979938078671694
158.074001862,0.178478643298149,-0.0122492304071784
158.084001322,0.178478643298149,-0.0122492304071784
158.09398803,0.17648446559906,-0.0122492304071784
158.103984421,0.177481561899185,-0.0146990800276399
158.113985595,0.178478643298149,-0.0122492304071784
158.123986624,0.178478643298149,-0.0122492304071784
158.133986099,0.179475724697113,-0.0195987801998854
158.143992069,0.180472820997238,-0.0171489305794239
158.153987667,0.180472820997238,-0.0171489305794239
158.163990533,0.181469917297363,-0.0195987801998854
158.173988725,0.182466998696327,-0.0171489305794239
158.183994103,0.183464080095291,-0.0195987615734339
158.193992084,0.184461176395416,-0.0171489119529724
158.203983627,0.184461176395416,-0.0171489119529724
158.213985467,0.18545825779438,-0.0195987615734339
158.223985219,0.186455339193344,-0.0220486111938953
158.233989915,0.187452435493469,-0.0195987615734339
158.243987226,0.187452435493469,-0.0195987615734339
158.25398898,0.188449531793594,-0.0220486111938953
158.263992975,0.189446613192558,-0.0244984608143568
158.273986549,0.191440775990486,-0.0244984608143568
158.284006828,0.191440775990486,-0.0244984608143568
158.293991565,0.193434953689575,-0.0244984608143568
158.303987768,0.1944320499897,-0.0269483104348183
158.313988433,0.1944320499897,-0.0220486111938953
158.323985773,0.195429131388664,-0.0244984608143568
158.333990907,0.196426212787628,-0.0220486111938953
158.343984797,0.197423309087753,-0.0195987615734339
158.353996001,0.197423309087753,-0.0195987615734339
158.363992529,0.198420390486717,-0.0171489305794239
158.373990111,0.197423309087753,-0.0146990800276399
158.383984749,0.198420390486717,-0.0122492304071784
158.393987261,0.198420390486717,-0.0122492304071784
158.403982259,0.199417471885681,-0.00979938078671694
158.41399537,0.200414568185806,-0.0122492304071784
158.423992653,0.200414568185806,-0.00734953070059419
158.433983718,0.202408745884895,-0.00734953070059419
158.443984576,0.202408745884895,-0.00734953070059419
158.453991071,0.204402923583984,-0.00734954932704568
158.463988485,0.203405827283859,-0.00489969924092293
158.473991951,0.203405827283859,-0.00489969924092293
158.483984441,0.205400004982948,-0.00489969924092293
158.493987436,0.206397086381912,-0.00734954932704568
158.503981635,0.206397086381912,-0.00244984962046146
158.513991305,0.207394182682037,-0.00489969924092293
158.523984281,0.208391278982162,-0.00244984962046146
158.533987056,0.208391278982162,-0.00244984962046146
158.543988718,0.21038544178009,-0.00244984962046146
158.553983174,0.211382538080215,0
158.563991613,0.213376700878143,0
158.5739903,0.215370878577232,0
158.583981969,0.216367959976196,0.00244984962046146
158.593989108,0.217365056276321,0.00489969924092293
158.603988141,0.21935923397541,0.00489969924092293
158.613990685,0.220356315374374,0.00734953070059419
158.623986956,0.222350493073463,0.00734953070059419
158.633990426,0.223347574472427,0.00489968108013272
158.643982235,0.224344670772552,0.00734953070059419
158.653990181,0.225341767072678,0.00979938078671694
158.6639809,0.22633883357048,0.00734954932704568
158.673984375,0.227335929870605,0.00979939848184586
158.68397843,0.228333026170731,0.00734954932704568
158.693991882,0.229330092668533,0.00979938078671694
158.703990089,0.229330107569695,0.00489969924092293
158.713988485,0.231324285268784,0.00489968108013272
158.723985191,0.231324285268784,0.00489968108013272
158.733988085,0.231324285268784,0.00979938078671694
158.743990143,0.232321366667747,0.00734953070059419
158.753990302,0.233318448066711,0.00489968108013272
158.763982984,0.234315544366837,0.00734953070059419
158.773986076,0.2353126257658,0.00489969924092293
158.783991213,0.2353126257658,0.00489969924092293
158.793984847,0.236309707164764,0.00244984962046146
158.803989473,0.23730680346489,0.00489969924092293
158.81398448,0.236309707164764,0.00734954932704568
158.823986644,0.23730680346489,0.00489969924092293
158.833988911,0.238303899765015,0.00244984962046146
158.843989608,0.23730680346489,0.00489969924092293
158.853985103,0.23730680346489,0.00489969924092293
158.863983761,0.23730680346489,0.00489969924092293
158.873987399,0.2353126257658,0.00489969924092293
158.883988031,0.2353126257658,0.00489969924092293
158.893985688,0.234315544366837,0.00244984962046146
158.903985819,0.233318448066711,0.00489968108013272
158.913990136,0.232321366667747,0.00244983145967126
158.923987063,0.231324285268784,0
158.933985389,0.229330107569695,0
158.943986407,0.229330107569695,0
158.953985309,0.227335929870605,0
158.96398972,0.22633883357048,-0.00244984962046146
158.973986839,0.22633883357048,-0.00244984962046146
158.983989145,0.224344670772552,-0.00244984962046146
158.99398554,0.223347574472427,0
159.003987887,0.222350493073463,-0.00244983145967126
159.013986993,0.222350493073463,-0.00244983145967126
159.023988815,0.2213534116745,0
159.033988186,0.2213534116745,0
159.043985355,0.220356315374374,-0.00244984962046146
159.053988362,0.21935923397541,0
159.063984339,0.218362152576447,0.00244984962046146
159.073986576,0.216367959976196,0.00244984962046146
159.083988164,0.215370878577232,0
159.09398543,0.214373797178268,0.00244984962046146
159.104003672,0.214373797178268,0.00244984962046146
159.11399014,0.212379619479179,0.00244983145967126
159.12398224,0.211382538080215,0.00489968108013272
159.133991816,0.209388360381126,0.00489969924092293
159.143982672,0.207394182682037,0.00489969924092293
159.153985614,0.207394182682037,0.00489969924092293
159.163982519,0.205400004982948,0.00489969924092293
159.173984635,0.206397086381912,0.00734954932704568
159.183985359,0.206397086381912,0.00734954932704568
159.193987493,0.205400004982948,0.00489969924092293
159.203986862,0.202408745884895,0.00734953070059419
159.213990951,0.202408745884895,0.00734953070059419
159.223985516,0.202408745884895,0.00734953070059419
159.233988778,0.201411664485931,0.00979938078671694
159.24398528,0.202408745884895,0.00734953070059419
159.253992308,0.200414568185806,0.00734953070059419
159.263986487,0.200414568185806,0.00734953070059419
159.273986408,0.199417471885681,0.00489968108013272
159.283983217,0.197423309087753,0.00979938078671694
159.293989859,0.197423309087753,0.00979938078671694
159.304022165,0.198420390486717,0.00734953070059419
159.313989433,0.197423309087753,0.00979938078671694
159.323984512,0.196426212787628,0.00734954932704568
159.333990242,0.196426212787628,0.00734954932704568
159.343998707,0.1944320499897,0.0122492304071784
159.353989218,0.1944320499897,0.0122492304071784
159.363983048,0.1944320499897,0.0122492304071784
159.373990327,0.193434953689575,0.0146990800276399
159.384005376,0.192437872290611,0.0171489305794239
159.394012261,0.192437872290611,0.0171489305794239
159.404004586,0.191440790891647,0.0195987801998854
159.414015164,0.192437872290611,0.0171489305794239
159.424000283,0.191440790891647,0.0195987801998854
159.433390816,0.19243785738945,0.0220486111938953
159.444023439,0.19243785738945,0.0220486111938953
159.454018238,0.19243785738945,0.0220486111938953
159.464005617,0.191440775990486,0.0244984608143568
159.474010829,0.19243785738945,0.0220486111938953
159.484008676,0.193434953689575,0.0195987615734339
159.494017166,0.193434953689575,0.0195987615734339
159.504003089,0.193434953689575,0.0195987615734339
159.514004449,0.19243785738945,0.0220486111938953
159.524006552,0.19243785738945,0.0220486111938953
159.533396978,0.191440790891647,0.0195987801998854
159.543915454,0.192437872290611,0.0171489305794239
159.554013783,0.192437872290611,0.0171489305794239
159.564003794,0.193434953689575,0.0146990800276399
159.574015912,0.193434953689575,0.0146990800276399
159.584010313,0.1944320499897,0.0122492304071784
159.594022424,0.193434953689575,0.0146990800276399
159.60400544,0.1944320499897,0.0171489119529724
159.614013222,0.195429131388664,0.0146990614011884
159.624006124,0.196426212787628,0.0122492304071784
159.634021891,0.196426212787628,0.0122492304071784
159.64398813,0.197423309087753,0.0146990800276399
159.653987155,0.198420390486717,0.0122492304071784
159.663986928,0.199417471885681,0.0146990800276399
159.673990284,0.200414568185806,0.0171489305794239
159.683985631,0.201411664485931,0.0195987801998854
159.693986313,0.203405827283859,0.0195987801998854
159.703989646,0.204402923583984,0.0171489305794239
159.71398897,0.205400019884109,0.0146990800276399
159.723985378,0.206397086381912,0.0171489119529724
159.733985595,0.208391264081001,0.0171489305794239
159.743987856,0.209388345479965,0.0195987801998854
159.7539821,0.21038544178009,0.0220486298203468
159.763987272,0.209388345479965,0.0195987801998854
159.773994519,0.211382538080215,0.0195987801998854
159.78398702,0.211382538080215,0.0195987801998854
159.793987745,0.211382538080215,0.0195987801998854
159.803986083,0.211382538080215,0.0195987801998854
159.813988136,0.211382538080215,0.0244984794408083
159.823993841,0.211382538080215,0.0244984794408083
159.833989609,0.212379619479179,0.0220486298203468
159.843984452,0.211382538080215,0.0195987801998854
159.853989583,0.211382538080215,0.0195987801998854
159.863978747,0.212379619479179,0.0220486298203468
159.87398555,0.211382538080215,0.0195987801998854
159.88398299,0.211382538080215,0.0195987801998854
159.893987956,0.211382538080215,0.0195987801998854
159.903982954,0.212379619479179,0.0171489305794239
159.913985345,0.213376700878143,0.0195987801998854
159.923990266,0.213376700878143,0.0195987801998854
159.93398951,0.213376700878143,0.0195987801998854
159.943984742,0.213376700878143,0.0195987801998854
159.953990717,0.215370878577232,0.0195987615734339
159.963981843,0.215370878577232,0.0195987615734339
159.973986005,0.215370878577232,0.0195987615734339
159.98399011,0.215370878577232,0.0195987615734339
159.993996534,0.215370878577232,0.0195987615734339
160.0039815,0.215370878577232,0.0195987615734339
160.013987961,0.216367959976196,0.0171489119529724
160.023986121,0.216367959976196,0.0171489119529724
160.033982901,0.215370878577232,0.0195987615734339
160.043987795,0.214373797178268,0.0171489305794239
160.053988837,0.213376700878143,0.0146990800276399
160.063989324,0.213376700878143,0.0146990800276399
160.073990489,0.212379619479179,0.0171489305794239
160.083985435,0.213376700878143,0.0146990800276399
160.093988337,0.213376700878143,0.0146990800276399
160.103985508,0.213376700878143,0.0146990800276399
160.113992601,0.211382538080215,0.0146990800276399
160.124002572,0.211382538080215,0.0146990800276399
160.133998699,0.212379619479179,0.0122492304071784
160.14398658,0.213376700878143,0.0146990800276399
160.153993078,0.214373797178268,0.0171489305794239
160.163983382,0.215370893478394,0.0146990800276399
160.173985774,0.215370893478394,0.0146990800276399
160.183985348,0.215370893478394,0.0146990800276399
160.19399338,0.215370893478394,0.0146990800276399
160.203986705,0.215370893478394,0.0146990800276399
160.213986819,0.216367974877357,0.0122492304071784
160.223987012,0.216367974877357,0.0122492304071784
160.233985944,0.215370893478394,0.0146990800276399
160.243985498,0.216367974877357,0.0122492304071784
160.253985535,0.215370893478394,0.00979938078671694
160.263993583,0.214373797178268,0.0122492304071784
160.27398661,0.214373797178268,0.0122492304071784
160.283988074,0.213376700878143,0.0146990800276399
160.293985577,0.214373797178268,0.0122492304071784
160.303986668,0.212379619479179,0.0122492304071784
160.313986999,0.211382538080215,0.0146990800276399
160.323995738,0.212379619479179,0.0122492304071784
160.334004956,0.213376700878143,0.00979938078671694
160.343988081,0.212379619479179,0.0122492304071784
160.353984561,0.211382538080215,0.00979938078671694
160.363989741,0.21038544178009,0.00734953070059419
160.37398742,0.211382538080215,0.00489968108013272
160.38398591,0.212379619479179,0.00244983145967126
160.393987117,0.211382538080215,0.00489968108013272
160.403988883,0.212379619479179,0.00244983145967126
160.41398707,0.212379619479179,0.00244983145967126
160.423984683,0.211382538080215,0
160.433985262,0.21038544178009,0.00244984962046146
160.443985185,0.21038544178009,-0.00244984962046146
160.453989611,0.21038544178009,0.00244984962046146
160.463993474,0.21038544178009,0.00244984962046146
160.473987702,0.209388360381126,0
160.483988871,0.208391278982162,0.00244984962046146
160.493981981,0.207394182682037,0
160.503982415,0.206397086381912,0.00244984962046146
160.5139882,0.206397086381912,0.00244984962046146
160.523991494,0.205400004982948,0.00489969924092293
160.533992499,0.204402923583984,0.00244984962046146
160.543982032,0.204402923583984,0.00734954932704568
160.55398721,0.203405827283859,0.00489969924092293
160.563984605,0.204402923583984,0.00244984962046146
160.573985674,0.203405827283859,0.00489969924092293
160.583985312,0.203405827283859,0.00489969924092293
160.593801644,0.203405827283859,0.00489969924092293
160.603986447,0.203405827283859,0.00489969924092293
160.613995513,0.202408730983734,0.00244984962046146
160.623984374,0.202408730983734,0.00244984962046146
160.634000654,0.202408730983734,0.00244984962046146
160.643991138,0.200414568185806,-0.00244983145967126
160.653990794,0.200414568185806,-0.00244983145967126
160.663984837,0.198420405387878,0.00244984962046146
160.673986786,0.198420405387878,0.00244984962046146
160.683985254,0.196426212787628,-0.00244984962046146
160.693990176,0.196426212787628,-0.00244984962046146
160.703983312,0.1944320499897,-0.00244984962046146
160.713987954,0.1944320499897,-0.00244984962046146
160.723980884,0.193434953689575,-0.00489969924092293
160.733265388,0.193434953689575,-0.00489969924092293
160.743988684,0.193434953689575,-0.00489969924092293
160.753984352,0.19243785738945,-0.00244984962046146
160.763986941,0.192437872290611,-0.00734953070059419
160.773982614,0.192437872290611,-0.00734953070059419
160.783163463,0.193434953689575,-0.00489969924092293
160.793987724,0.192437872290611,-0.00734953070059419
160.803998325,0.1944320499897,-0.00734954932704568
160.813994166,0.1944320499897,-0.00734954932704568
160.823984652,0.1944320499897,-0.00244984962046146
160.83399397,0.195429131388664,-0.00489969924092293
160.843988775,0.1944320499897,-0.00244984962046146
160.853994887,0.196426212787628,-0.00734954932704568
160.863976688,0.197423309087753,-0.00489969924092293
160.873985342,0.197423309087753,-0.00489969924092293
160.883985686,0.196426212787628,-0.00734954932704568
160.89398903,0.198420390486717,-0.00734953070059419
160.903243554,0.199417471885681,-0.00979938078671694
160.913986156,0.197423309087753,-0.00979938078671694
160.923984471,0.199417471885681,-0.0146990800276399
160.933985545,0.199417471885681,-0.0146990800276399
160.943213161,0.201411664485931,-0.0195987801998854
160.953977165,0.200414568185806,-0.0171489305794239
160.963980779,0.200414568185806,-0.0171489305794239
160.973978013,0.201411664485931,-0.0195987801998854
160.983983034,0.203405827283859,-0.0195987801998854
160.993983122,0.202408745884895,-0.0171489305794239
161.003993175,0.202408745884895,-0.0171489305794239
161.01398296,0.205400004982948,-0.0195987615734339
161.023138149,0.207394182682037,-0.0195987615734339
161.033237483,0.207394182682037,-0.0195987615734339
161.043214096,0.208391264081001,-0.0171489305794239
161.053192801,0.21038544178009,-0.0171489305794239
161.063990123,0.211382538080215,-0.0195987801998854
161.073981105,0.212379619479179,-0.0171489305794239
161.083998086,0.212379619479179,-0.0171489305794239
161.093978938,0.215370878577232,-0.0195987615734339
161.103231831,0.216367959976196,-0.0171489119529724
161.113228358,0.218362152576447,-0.0171489119529724
161.123178397,0.217365056276321,-0.0146990614011884
161.133213938,0.219359219074249,-0.00979938078671694
161.143215705,0.2213534116745,-0.00979938078671694
161.153225156,0.222350493073463,-0.0122492304071784
161.163226531,0.223347574472427,-0.00979938078671694
161.17321142,0.225341767072678,-0.00979938078671694
161.183200076,0.22633883357048,-0.00734954932704568
161.193211111,0.227335929870605,-0.00489969924092293
161.203207666,0.228333026170731,-0.00734954932704568
161.213213656,0.228333026170731,-0.00734954932704568
161.223369944,0.230327188968658,-0.00734953070059419
161.233986045,0.231324285268784,-0.00979938078671694
161.243212782,0.230327188968658,-0.00734953070059419
161.25317769,0.231324285268784,-0.00489968108013272
161.263982508,0.233318448066711,-0.00489968108013272
161.273226232,0.234315544366837,-0.00734953070059419
161.283178215,0.236309707164764,-0.00734954932704568
161.293212992,0.236309707164764,-0.00734954932704568
161.303186265,0.23730680346489,-0.00489969924092293
161.313224408,0.238303899765015,-0.00244984962046146
161.323550727,0.238303899765015,-0.00244984962046146
161.333221097,0.238303899765015,-0.00244984962046146
161.343215689,0.240298062562943,-0.00244984962046146
161.35321063,0.240298062562943,-0.00244984962046146
161.36318904,0.240298062562943,-0.00244984962046146
161.373212155,0.238303899765015,0.00244984962046146
161.383184812,0.238303899765015,0.00244984962046146
161.393984606,0.238303899765015,0.00244984962046146
161.403181512,0.238303899765015,0.00244984962046146
161.413206749,0.238303899765015,0.00244984962046146
161.423202394,0.23730680346489,0.00489969924092293
161.433210355,0.23730680346489,0.00489969924092293
161.443177497,0.23730680346489,0.00489969924092293
161.453216386,0.23730680346489,0.00489969924092293
161.463145178,0.23730680346489,0.00489969924092293
161.473220253,0.238303899765015,0.00244984962046146
161.483177281,0.238303899765015,0.00244984962046146
161.493224705,0.238303899765015,0.00244984962046146
161.50318617,0.238303899765015,0.00244984962046146
161.513229577,0.23730680346489,0.00489969924092293
161.523121566,0.238303899765015,0.00244984962046146
161.533220955,0.239300981163979,0
161.543208913,0.238303899765015,0.00244984962046146
161.553208496,0.238303899765015,0.00244984962046146
161.563176804,0.23730680346489,0.00489969924092293
161.573219336,0.23730680346489,0.00489969924092293
161.58317913,0.2353126257658,0.00489969924092293
161.593206191,0.2353126257658,0.00489969924092293
161.603156325,0.2353126257658,0.00489969924092293
161.613207452,0.2353126257658,0.00489969924092293
161.623111231,0.234315544366837,0.00244984962046146
161.633210905,0.232321366667747,0.00734953070059419
161.643210663,0.232321366667747,0.00244983145967126
161.653203157,0.232321366667747,0.00244983145967126
161.663206087,0.233318448066711,0
161.67320712,0.231324285268784,0
161.683213093,0.233318448066711,0
161.693209258,0.231324285268784,0
161.70320311,0.231324285268784,0
161.71320565,0.230327188968658,-0.00244984962046146
161.723208565,0.230327188968658,-0.00244984962046146
161.733208413,0.230327188968658,-0.00244984962046146
161.743209918,0.229330107569695,0
161.753203751,0.228333026170731,0.00244984962046146
161.763208958,0.22633883357048,0.00244984962046146
161.773207115,0.22633883357048,0.00244984962046146
161.783207161,0.224344670772552,0.00244984962046146
161.793201297,0.225341752171516,0
161.803204969,0.223347574472427,0
161.813203076,0.223347574472427,0
161.823204322,0.222350493073463,0.00244983145967126
161.833206237,0.220356315374374,-0.00244984962046146
161.843204269,0.220356315374374,-0.00244984962046146
161.853203775,0.21935923397541,-0.00489969924092293
161.863201193,0.21935923397541,-0.00489969924092293
161.873204242,0.21935923397541,-0.00489969924092293
161.883203897,0.21935923397541,-0.00489969924092293
161.893182978,0.217365056276321,0
161.903203228,0.217365056276321,0
161.913200308,0.217365056276321,0
161.923206549,0.217365056276321,0
161.933202353,0.218362152576447,0.00244984962046146
161.943178353,0.217365056276321,0.00489969924092293
161.95320057,0.217365056276321,0.00489969924092293
161.963201441,0.216367959976196,0.00734954932704568
161.97319784,0.214373797178268,0.00734953070059419
161.983133591,0.213376700878143,0.00979938078671694
161.993206262,0.214373797178268,0.00734953070059419
162.003206855,0.213376700878143,0.00979938078671694
162.013208643,0.213376700878143,0.00979938078671694
162.023197538,0.212379619479179,0.0122492304071784
162.033099443,0.21038544178009,0.0122492304071784
162.043198295,0.21038544178009,0.0122492304071784
162.053196093,0.21038544178009,0.0122492304071784
162.063205188,0.209388345479965,0.00979938078671694
162.073139715,0.21038544178009,0.0122492304071784
162.083206881,0.211382538080215,0.00979938078671694
162.093212166,0.21038544178009,0.0122492304071784
162.103141778,0.21038544178009,0.0122492304071784
162.113201053,0.209388345479965,0.0146990800276399
162.123198104,0.208391264081001,0.0122492304071784
162.133139049,0.209388345479965,0.0146990800276399
162.143136024,0.21038544178009,0.0122492304071784
162.153199745,0.208391264081001,0.0171489305794239
162.163133837,0.21038544178009,0.0171489305794239
162.173199763,0.21038544178009,0.0122492304071784
162.183132942,0.208391264081001,0.0171489305794239
162.193199391,0.206397086381912,0.0171489119529724
162.203152878,0.206397086381912,0.0171489119529724
162.213194996,0.206397086381912,0.0171489119529724
162.223132493,0.206397086381912,0.0171489119529724
162.233203364,0.205400004982948,0.0195987615734339
162.243162041,0.203405827283859,0.0195987801998854
162.253025186,0.203405827283859,0.0146990800276399
162.263129128,0.201411664485931,0.0195987801998854
162.273209154,0.200414568185806,0.0220486298203468
162.283020392,0.201411664485931,0.0195987801998854
162.293201073,0.202408745884895,0.0171489305794239
162.303025984,0.201411664485931,0.0195987801998854
162.313024673,0.200414568185806,0.0171489305794239
162.32302646,0.200414568185806,0.0220486298203468
162.333013701,0.199417471885681,0.0195987801998854
162.34301346,0.200414568185806,0.0220486298203468
162.353023016,0.199417486786842,0.0244984608143568
162.363020809,0.200414568185806,0.0220486298203468
162.373028402,0.199417486786842,0.0244984608143568
162.383020402,0.199417486786842,0.0244984608143568
162.39301946,0.198420405387878,0.0269483104348183
162.403016543,0.197423309087753,0.0244984608143568
162.413012105,0.197423309087753,0.0293981600552797
162.423021387,0.196426212787628,0.0269483104348183
162.433023548,0.196426212787628,0.0269483104348183
162.443019894,0.195429131388664,0.0244984608143568
162.453018579,0.195429131388664,0.0244984608143568
162.463015985,0.193434953689575,0.0244984608143568
162.473012652,0.193434953689575,0.0244984608143568
162.48301016,0.191440775990486,0.0244984608143568
162.493020054,0.191440775990486,0.0244984608143568
162.503036904,0.191440775990486,0.0244984608143568
162.513013545,0.191440790891647,0.0195987801998854
162.523017958,0.191440790891647,0.0195987801998854
162.533022087,0.191440790891647,0.0195987801998854
162.543014989,0.19243785738945,0.0220486111938953
162.553016193,0.19243785738945,0.0220486111938953
162.563017829,0.193434953689575,0.0195987615734339
162.573021258,0.1944320499897,0.0220486111938953
162.58301432,0.195429131388664,0.0195987615734339
162.593030032,0.196426212787628,0.0220486111938953
162.603017984,0.197423309087753,0.0195987615734339
162.613020215,0.196426212787628,0.0220486111938953
162.623014611,0.199417471885681,0.0195987801998854
162.632999882,0.199417471885681,0.0195987801998854
162.64301788,0.198420390486717,0.0171489305794239
162.653009028,0.199417471885681,0.0195987801998854
162.663021177,0.199417471885681,0.0195987801998854
162.672983687,0.198420390486717,0.0171489305794239
162.683020913,0.199417471885681,0.0195987801998854
162.693021476,0.198420390486717,0.0171489305794239
162.703012505,0.197423309087753,0.0195987615734339
162.71301853,0.199417471885681,0.0195987801998854
162.723017404,0.196426212787628,0.0220486111938953
162.733015697,0.197423309087753,0.0195987615734339
162.743014382,0.196426212787628,0.0220486111938953
162.753019778,0.195429131388664,0.0195987615734339
162.763012472,0.195429131388664,0.0195987615734339
162.773015059,0.195429131388664,0.0195987615734339
162.783012353,0.1944320499897,0.0171489119529724
162.793019375,0.1944320499897,0.0171489119529724
162.803019421,0.1944320499897,0.0171489119529724
162.813015956,0.193434953689575,0.0146990800276399
162.823014598,0.193434953689575,0.0146990800276399
162.833017708,0.193434953689575,0.0146990800276399
162.843021891,0.195429131388664,0.0146990614011884
162.853019736,0.195429131388664,0.0146990614011884
162.863018802,0.195429131388664,0.0146990614011884
162.873020936,0.197423309087753,0.0146990800276399
162.883022439,0.197423309087753,0.0195987615734339
162.893012577,0.198420390486717,0.0171489305794239
162.90302456,0.201411664485931,0.0146990800276399
162.91301782,0.201411664485931,0.0195987801998854
162.92301942,0.204402923583984,0.0171489305794239
162.933019033,0.205400004982948,0.0195987615734339
162.943018947,0.205400004982948,0.0195987615734339
162.953017519,0.207394182682037,0.0195987615734339
162.96302083,0.207394182682037,0.0244984608143568
162.973018105,0.209388360381126,0.0244984608143568
162.983019871,0.21038544178009,0.0220486298203468
162.993016688,0.213376700878143,0.0244984608143568
163.003025716,0.213376700878143,0.0293981600552797
163.013021553,0.215370878577232,0.0244984608143568
163.023033831,0.216367959976196,0.0269483104348183
163.033017934,0.217365056276321,0.0293981600552797
163.043017605,0.21935923397541,0.0293981600552797
163.053021876,0.220356315374374,0.0318479910492897
163.063022892,0.222350493073463,0.0269482918083668
163.073012104,0.222350493073463,0.0269482918083668
163.083019857,0.224344670772552,0.0269483104348183
163.093025706,0.223347574472427,0.0244984608143568
163.103012738,0.223347574472427,0.0244984608143568
163.113013697,0.224344670772552,0.0269483104348183
163.123016641,0.224344670772552,0.0269483104348183
163.133015982,0.224344670772552,0.0220486111938953
163.143020895,0.224344670772552,0.0220486111938953
163.153016491,0.223347574472427,0.0195987801998854
163.163022399,0.224344670772552,0.0220486111938953
163.173014304,0.224344670772552,0.0220486111938953
163.183018287,0.223347574472427,0.0195987801998854
163.193019345,0.223347574472427,0.0244984608143568
163.203018813,0.223347574472427,0.0195987801998854
163.213020137,0.222350493073463,0.0171489305794239
163.223001992,0.222350493073463,0.0171489305794239
163.23296739,0.222350493073463,0.0171489305794239
163.243008648,0.220356315374374,0.0171489305794239
163.253021575,0.2213534116745,0.0146990800276399
163.26302011,0.220356315374374,0.0122492304071784
163.272933876,0.219359219074249,0.00979938078671694
163.283018117,0.218362137675285,0.0122492304071784
163.293002333,0.218362152576447,0.00734954932704568
163.303028251,0.218362152576447,0.00734954932704568
163.313004722,0.216367959976196,0.00734954932704568
163.323002525,0.215370878577232,0.00489969924092293
163.332967937,0.214373797178268,0.00734953070059419
163.343018048,0.214373797178268,0.00244984962046146
163.353006677,0.213376700878143,0.00489968108013272
163.363003785,0.212379619479179,0.00734953070059419
163.372939333,0.21038544178009,0.00734953070059419
163.383019974,0.21038544178009,0.00734953070059419
163.392983188,0.209388345479965,0.00979938078671694
163.402988332,0.208391278982162,0.00734954932704568
163.412991895,0.209388345479965,0.00979938078671694
163.422977597,0.207394182682037,0.00979939848184586
163.43296028,0.206397086381912,0.00734954932704568
163.442988794,0.206397086381912,0.0122492490336299
163.452983936,0.206397086381912,0.0122492490336299
163.462992908,0.205400004982948,0.00979939848184586
163.472990391,0.207394182682037,0.00979939848184586
163.483017548,0.207394182682037,0.00489969924092293
163.492997805,0.207394182682037,0.00489969924092293
163.503004873,0.206397086381912,0.00734954932704568
163.512998381,0.206397086381912,0.00734954932704568
163.523013977,0.206397086381912,0.00734954932704568
163.532906662,0.208391278982162,0.00734954932704568
163.543037742,0.207394182682037,0.00489969924092293
163.552990334,0.206397086381912,0.00244984962046146
163.563001944,0.208391278982162,0.00244984962046146
163.573000022,0.206397086381912,0.00244984962046146
163.583006576,0.207394182682037,0.00489969924092293
163.593014935,0.207394182682037,0.00489969924092293
163.603003937,0.207394182682037,0.00489969924092293
163.613001302,0.207394182682037,0.00489969924092293
163.62301076,0.208391278982162,0.00734954932704568
163.632935164,0.206397086381912,0.00734954932704568
163.64300387,0.207394182682037,0.00979939848184586
163.653001263,0.209388345479965,0.00979938078671694
163.663001061,0.207394182682037,0.00979939848184586
163.673002399,0.208391278982162,0.00734954932704568
163.68300677,0.207394182682037,0.00979939848184586
163.693000442,0.207394182682037,0.00979939848184586
163.703001983,0.207394182682037,0.00979939848184586
163.712992467,0.208391278982162,0.00734954932704568
163.723014287,0.207394182682037,0.00489969924092293
163.732999748,0.208391278982162,0.00734954932704568
163.743003419,0.208391278982162,0.00244984962046146
163.753002653,0.207394182682037,0.00489969924092293
163.763007233,0.207394182682037,0.00489969924092293
163.773004054,0.208391278982162,0.00734954932704568
163.782989834,0.207394182682037,0.00489969924092293
163.792991513,0.208391278982162,0.00244984962046146
163.803001447,0.208391278982162,0.00244984962046146
163.81300195,0.207394182682037,0.00489969924092293
163.823001946,0.208391278982162,0.00734954932704568
163.832999311,0.207394182682037,0.00489969924092293
163.842987904,0.208391278982162,0.00734954932704568
163.852989877,0.207394182682037,0.00489969924092293
163.862992352,0.209388360381126,0.00489969924092293
163.873003252,0.207394182682037,0.00489969924092293
163.883003778,0.209388360381126,0.00489969924092293
163.892995803,0.207394182682037,0.00489969924092293
163.902998962,0.208391278982162,0.00734954932704568
163.913005636,0.208391278982162,0.00244984962046146
163.923002689,0.209388360381126,0
163.93299946,0.209388360381126,0
163.942990855,0.209388360381126,0
163.953001573,0.211382538080215,0
163.963001805,0.209388360381126,0
163.972996245,0.211382538080215,0
163.982991615,0.21038544178009,-0.00244984962046146
163.992995806,0.212379619479179,-0.00244983145967126
164.002986887,0.211382538080215,-0.00489968108013272
164.012998295,0.212379619479179,-0.00244983145967126
164.023002648,0.211382538080215,0
164.03301655,0.213376700878143,0
164.042998623,0.213376700878143,0
164.053000348,0.212379619479179,-0.00244983145967126
164.063018823,0.214373797178268,-0.00244984962046146
164.072995583,0.214373797178268,-0.00244984962046146
164.083005789,0.214373797178268,0.00244984962046146
164.093011679,0.215370878577232,0
164.103000517,0.216367959976196,0.00244984962046146
164.113000271,0.217365056276321,0
164.122999271,0.218362152576447,-0.00244984962046146
164.132973079,0.218362152576447,-0.00244984962046146
164.143000807,0.218362152576447,-0.00244984962046146
164.152993864,0.21935923397541,0
164.162988933,0.21935923397541,0
164.172998932,0.21935923397541,0
164.182989844,0.2213534116745,-0.00489968108013272
164.193004744,0.2213534116745,0
164.202996177,0.222350493073463,-0.00244983145967126
164.212988732,0.2213534116745,0
164.222998484,0.222350493073463,-0.00244983145967126
164.232961291,0.223347574472427,0
164.242985082,0.224344670772552,-0.00244984962046146
164.252987788,0.224344670772552,-0.00244984962046146
164.262987853,0.225341752171516,0
164.272978102,0.22633883357048,0.00244984962046146
164.282988225,0.22633883357048,0.00244984962046146
164.292980858,0.22633883357048,0.00244984962046146
164.302988498,0.228333026170731,0.00244984962046146
164.312985023,0.230327188968658,0.00244984962046146
164.323001414,0.230327188968658,0.00244984962046146
164.332911034,0.231324285268784,0
164.34298226,0.231324285268784,0.00489968108013272
164.352973811,0.234315544366837,0.00734953070059419
164.362989036,0.2353126257658,0.00489969924092293
164.372984908,0.2353126257658,0.00489969924092293
164.382988383,0.236309707164764,0.00734954932704568
164.392985988,0.236309707164764,0.00244984962046146
164.402986862,0.236309707164764,0.00734954932704568
164.41297847,0.236309707164764,0.00734954932704568
164.422977518,0.236309722065926,0.0122492304071784
164.432973945,0.236309722065926,0.0122492304071784
164.442986635,0.236309722065926,0.0122492304071784
164.452980623,0.235312640666962,0.00979938078671694
164.462992535,0.234315544366837,0.0122492304071784
164.472985007,0.235312640666962,0.00979938078671694
164.482984996,0.234315544366837,0.0122492304071784
164.492968391,0.235312640666962,0.0146990800276399
164.503014811,0.234315544366837,0.0122492304071784
164.513020548,0.233318448066711,0.00979938078671694
164.523010328,0.233318448066711,0.00979938078671694
164.533006695,0.233318448066711,0.00979938078671694
164.543029795,0.234315544366837,0.00734953070059419
164.553014513,0.234315544366837,0.00734953070059419
164.563018312,0.2353126257658,0.00489969924092293
164.572905173,0.233318448066711,0.00489968108013272
164.582966458,0.234315544366837,0.00244984962046146
164.593001634,0.234315544366837,0.00244984962046146
164.602982079,0.233318448066711,0
164.613014408,0.234315544366837,0.00244984962046146
164.623025499,0.2353126257658,0
164.633017773,0.233318448066711,0
164.642978192,0.233318448066711,0
164.652891745,0.231324285268784,0
164.66298016,0.231324285268784,0
164.673011694,0.231324285268784,0
164.682992664,0.230327188968658,0.00244984962046146
164.692980755,0.229330107569695,0
164.702985105,0.230327188968658,-0.00244984962046146
164.712985405,0.229330107569695,0
164.722985116,0.228333026170731,-0.00244984962046146
164.732904826,0.228333026170731,-0.00244984962046146
164.742987557,0.227335929870605,-0.00489969924092293
164.752990798,0.228333026170731,-0.00244984962046146
164.762978231,0.22633883357048,-0.00244984962046146
164.772979198,0.22633883357048,-0.00244984962046146
164.78298989,0.227335929870605,-0.00489969924092293
164.792987028,0.22633883357048,-0.00244984962046146
164.802992951,0.22633883357048,-0.00244984962046146
164.812934773,0.225341752171516,-0.00489969924092293
164.822982136,0.22633883357048,-0.00244984962046146
164.832985758,0.22633883357048,-0.00244984962046146
164.842987389,0.225341752171516,0
164.852984439,0.224344670772552,-0.00244984962046146
164.862990298,0.225341752171516,0
164.872989965,0.224344670772552,0.00244984962046146
164.882982644,0.223347574472427,0
164.892891199,0.222350493073463,0.00244983145967126
164.902989089,0.2213534116745,0.00489968108013272
164.912806834,0.2213534116745,0.00489968108013272
164.922973128,0.21935923397541,0.00489969924092293
164.932989627,0.219359219074249,0.00979938078671694
164.943020428,0.218362152576447,0.00734954932704568
164.952981405,0.218362137675285,0.0122492304071784
164.962984343,0.217365056276321,0.00979939848184586
164.972892166,0.218362152576447,0.00734954932704568
164.982975706,0.216367959976196,0.00734954932704568
164.992985277,0.218362152576447,0.00734954932704568
165.002987044,0.216367959976196,0.00734954932704568
165.012799652,0.217365056276321,0.00979939848184586
165.022986927,0.216367974877357,0.0122492304071784
165.032983205,0.215370878577232,0.00489969924092293
165.042989604,0.215370893478394,0.00979938078671694
165.052903115,0.215370878577232,0.00489969924092293
165.062974876,0.213376700878143,0.00489968108013272
165.072987251,0.213376700878143,0.00489968108013272
165.082986754,0.213376700878143,0.00979938078671694
165.092978868,0.211382538080215,0.00979938078671694
165.103009254,0.212379619479179,0.0122492304071784
165.112766481,0.21038544178009,0.00734953070059419
165.122817583,0.211382538080215,0.00489968108013272
165.132903925,0.211382538080215,0.00979938078671694
165.142998093,0.211382538080215,0.00979938078671694
165.152978992,0.209388345479965,0.00979938078671694
165.162987662,0.21038544178009,0.0122492304071784
165.172985616,0.209388345479965,0.00979938078671694
165.182986735,0.209388345479965,0.00979938078671694
165.192985114,0.208391278982162,0.00734954932704568
165.202983863,0.209388360381126,0.00489969924092293
165.212735632,0.208391278982162,0.00734954932704568
165.222865422,0.207394182682037,0.00979939848184586
165.232985792,0.208391278982162,0.00734954932704568
165.243003051,0.207394182682037,0.00489969924092293
165.253002316,0.209388360381126,0.00489969924092293
165.262992531,0.209388360381126,0.00489969924092293
165.272862025,0.209388345479965,0.00979938078671694
165.282987599,0.21038544178009,0.00734953070059419
165.292889493,0.211382538080215,0.00979938078671694
165.302985327,0.21038544178009,0.0122492304071784
165.312872114,0.211382538080215,0.0146990800276399
165.322992072,0.212379619479179,0.0122492304071784
165.332985473,0.211382538080215,0.0146990800276399
165.34299085,0.214373797178268,0.0171489305794239
165.353000968,0.213376700878143,0.0195987801998854
165.36298523,0.213376700878143,0.0195987801998854
165.372861892,0.214373797178268,0.0220486111938953
165.382993637,0.214373797178268,0.0220486111938953
165.392986938,0.215370878577232,0.0195987615734339
165.402975116,0.217365056276321,0.0195987615734339
165.41298566,0.217365056276321,0.0195987615734339
165.42300611,0.218362152576447,0.0220486111938953
165.432981729,0.218362152576447,0.0220486111938953
165.442987851,0.21935923397541,0.0195987615734339
165.452858592,0.21935923397541,0.0195987615734339
165.462987535,0.220356315374374,0.0171489305794239
165.472985708,0.2213534116745,0.0146990800276399
165.482984811,0.222350493073463,0.0122492304071784
165.492983567,0.222350493073463,0.0171489305794239
165.502991696,0.222350493073463,0.0122492304071784
165.512989652,0.223347574472427,0.0146990800276399
165.522979388,0.222350493073463,0.0122492304071784
165.532895527,0.223347574472427,0.0146990800276399
165.542987548,0.222350493073463,0.0122492304071784
165.552978395,0.223347574472427,0.0146990800276399
165.562988282,0.223347574472427,0.0146990800276399
165.572989927,0.223347574472427,0.00979938078671694
165.582984819,0.222350493073463,0.0171489305794239
165.59298674,0.222350493073463,0.0122492304071784
165.602985634,0.2213534116745,0.0146990800276399
165.612895184,0.222350493073463,0.0122492304071784
165.622994557,0.222350493073463,0.0122492304071784
165.632986243,0.223347574472427,0.00979938078671694
165.643004886,0.222350493073463,0.0122492304071784
165.652991388,0.223347574472427,0.00979938078671694
165.662983051,0.223347574472427,0.00979938078671694
165.672989775,0.224344670772552,0.0122492304071784
165.682984241,0.224344670772552,0.00734953070059419
165.69286014,0.22633883357048,0.00734954932704568
165.702984548,0.22633883357048,0.00734954932704568
165.712992138,0.22633883357048,0.00734954932704568
165.723001688,0.227335929870605,0.00979939848184586
165.732986304,0.228333026170731,0.00734954932704568
165.742985915,0.230327188968658,0.00734953070059419
165.752989439,0.231324285268784,0.00489968108013272
165.762979949,0.232321366667747,0.00734953070059419
165.77287578,0.231324285268784,0.00489968108013272
165.783013702,0.233318448066711,0.00489968108013272
165.792987898,0.232321366667747,0.00734953070059419
165.80298469,0.234315544366837,0.00734953070059419
165.812994701,0.2353126257658,0.00489969924092293
165.822978992,0.23730680346489,0.00489969924092293
165.832993762,0.236309707164764,0.00244984962046146
165.842987214,0.23730680346489,0.00489969924092293
165.852859429,0.23730680346489,0.00489969924092293
165.862980997,0.239300981163979,0
165.872989099,0.240298062562943,0.00244984962046146
165.882993245,0.240298062562943,0.00244984962046146
165.892977756,0.241295158863068,0
165.90298964,0.243289321660995,0
165.912993003,0.243289321660995,0
165.922977607,0.242292240262032,-0.00244983145967126
165.93285424,0.245283499360085,0
165.942989987,0.245283499360085,0
165.952991883,0.246280580759048,-0.00244984962046146
165.962984292,0.246280580759048,0.00244984962046146
165.972985474,0.248274773359299,0.00244984962046146
165.982987957,0.249271854758263,0.00489969924092293
165.992990458,0.251266032457352,0.00489968108013272
166.002992405,0.250268936157227,0.00244984962046146
166.012894786,0.251266032457352,0.00489968108013272
166.022989842,0.252263128757477,0.00734954932704568
166.032989681,0.252263128757477,0.00734954932704568
166.042987527,0.25326019525528,0.00489969924092293
166.052979017,0.25326019525528,0.00489969924092293
166.062989976,0.25326019525528,0.00489969924092293
166.072988649,0.25326019525528,0.00489969924092293
166.082980153,0.252263128757477,0.00244983145967126
166.09285659,0.252263128757477,0.00244983145967126
166.102986274,0.252263128757477,0.00734954932704568
166.112992394,0.251266032457352,0.00489968108013272
166.122983804,0.252263128757477,0.00244983145967126
166.132988102,0.250268936157227,0.00244984962046146
166.143010265,0.248274773359299,0.00244984962046146
166.152991909,0.249271854758263,0.00489969924092293
166.162988976,0.247277677059174,0.00489969924092293
166.172853216,0.246280580759048,0.00244984962046146
166.182984228,0.246280580759048,0.00244984962046146
166.192988684,0.244286417961121,0.00244984962046146
166.202983904,0.243289321660995,0
166.212993307,0.243289321660995,0
166.222986049,0.241295158863068,0
166.232988596,0.241295158863068,0
166.242986256,0.240298062562943,0.00244984962046146
166.252847156,0.23730680346489,0
166.262984476,0.238303899765015,-0.00244984962046146
166.272999684,0.236309707164764,0.00244984962046146
166.282984039,0.234315544366837,0.00244984962046146
166.292982331,0.233318448066711,0
166.302987637,0.233318448066711,0
166.312994912,0.231324285268784,0
166.32298206,0.229330107569695,0
166.332851724,0.228333026170731,-0.00244984962046146
166.342980053,0.227335929870605,-0.00489969924092293
166.35298946,0.228333026170731,-0.00244984962046146
166.362989731,0.22633883357048,-0.00244984962046146
166.37298545,0.22633883357048,-0.00734954932704568
166.382980423,0.22633883357048,-0.00734954932704568
166.392990791,0.225341752171516,-0.00489969924092293
166.402984079,0.224344670772552,-0.00734953070059419
166.412852092,0.224344670772552,-0.00734953070059419
166.422977851,0.224344670772552,-0.00734953070059419
166.432996736,0.224344670772552,-0.00734953070059419
166.442983009,0.224344670772552,-0.00734953070059419
166.452991421,0.2213534116745,-0.00979938078671694
166.462987622,0.2213534116745,-0.00979938078671694
166.472987124,0.220356315374374,-0.00734953070059419
166.482984483,0.220356315374374,-0.00734953070059419
166.492851722,0.220356315374374,-0.00734953070059419
166.50298652,0.21935923397541,-0.00489969924092293
166.512993671,0.21935923397541,-0.00489969924092293
166.522986863,0.21935923397541,-0.00489969924092293
166.53298845,0.217365056276321,-0.00489969924092293
166.542987441,0.217365056276321,-0.00489969924092293
166.552983829,0.218362152576447,-0.00244984962046146
166.562991054,0.218362152576447,-0.00244984962046146
166.572848598,0.217365056276321,0
166.582989057,0.218362152576447,-0.00244984962046146
166.592985405,0.217365056276321,0
166.60298695,0.216367959976196,-0.00244984962046146
166.612981863,0.216367959976196,-0.00244984962046146
166.622990724,0.216367959976196,-0.00244984962046146
166.632988647,0.217365056276321,0
166.642987436,0.217365056276321,0
166.652874213,0.217365056276321,0
166.662996425,0.216367959976196,-0.00244984962046146
166.672988031,0.217365056276321,-0.00489969924092293
166.682984279,0.216367959976196,-0.00244984962046146
166.692989182,0.216367959976196,-0.00734954932704568
166.702991436,0.217365056276321,-0.00489969924092293
166.71298449,0.217365056276321,-0.00489969924092293
166.722988437,0.217365056276321,-0.00489969924092293
166.732849427,0.217365056276321,-0.00489969924092293
166.742987058,0.216367959976196,-0.00734954932704568
166.752988471,0.216367959976196,-0.00734954932704568
166.76298922,0.217365056276321,-0.00489969924092293
166.772987278,0.217365056276321,-0.00489969924092293
166.782987394,0.217365056276321,-0.00489969924092293
166.792985832,0.218362152576447,-0.00244984962046146
166.803011667,0.218362152576447,-0.00244984962046146
166.812889895,0.218362152576447,-0.00244984962046146
166.82301952,0.21935923397541,-0.00489969924092293
166.833020815,0.220356315374374,-0.00244984962046146
166.843021734,0.2213534116745,0
166.853011769,0.222350493073463,-0.00244983145967126
166.863008795,0.222350493073463,-0.00244983145967126
166.873024047,0.222350493073463,-0.00244983145967126
166.883016159,0.224344670772552,-0.00244984962046146
166.892878586,0.224344670772552,-0.00244984962046146
166.90301574,0.225341752171516,-0.00489969924092293
166.913020545,0.22633883357048,-0.00244984962046146
166.923018204,0.22633883357048,-0.00244984962046146
166.933011297,0.22633883357048,-0.00734954932704568
166.943018782,0.22633883357048,-0.00734954932704568
166.953015333,0.228333026170731,-0.00734954932704568
166.963019022,0.229330092668533,-0.00979938078671694
166.97289241,0.231324285268784,-0.00979938078671694
166.98302577,0.230327188968658,-0.0122492304071784
166.993020056,0.232321366667747,-0.0122492304071784
167.003012425,0.233318448066711,-0.00979938078671694
167.013008345,0.233318448066711,-0.0146990800276399
167.023014027,0.235312640666962,-0.0146990800276399
167.033029759,0.236309722065926,-0.0122492304071784
167.043020267,0.239300966262817,-0.0146990800276399
167.052891191,0.238303884863853,-0.0122492304071784
167.06301316,0.239300966262817,-0.00979938078671694
167.073019558,0.239300966262817,-0.00979938078671694
167.083012552,0.241295158863068,-0.00979938078671694
167.093007833,0.242292240262032,-0.00734953070059419
167.103017881,0.242292240262032,-0.00734953070059419
167.113019275,0.244286417961121,-0.00734953070059419
167.123017459,0.243289321660995,-0.00489968108013272
167.132889078,0.244286417961121,-0.00734953070059419
167.14301461,0.243289321660995,-0.00489968108013272
167.153014983,0.245283499360085,-0.00489969924092293
167.163023594,0.245283499360085,-0.00489969924092293
167.173022379,0.246280580759048,-0.00734954932704568
167.183025659,0.246280580759048,-0.00244984962046146
167.193020179,0.246280580759048,-0.00734954932704568
167.203014307,0.248274773359299,-0.00734954932704568
167.21288197,0.247277677059174,-0.00489969924092293
167.22302458,0.249271854758263,-0.00489969924092293
167.233019243,0.249271854758263,-0.00489969924092293
167.243015863,0.249271854758263,-0.00489969924092293
167.253016576,0.249271854758263,-0.00489969924092293
167.263014581,0.250268936157227,-0.00734953070059419
167.273016887,0.249271854758263,-0.00489969924092293
167.283021771,0.248274773359299,-0.00734954932704568
167.292912091,0.248274773359299,-0.00734954932704568
167.303011595,0.246280580759048,-0.00734954932704568
167.313022451,0.247277677059174,-0.00979939848184586
167.323014905,0.246280580759048,-0.00734954932704568
167.333012297,0.245283514261246,-0.00979938078671694
167.343019111,0.244286417961121,-0.00734953070059419
167.353011462,0.242292240262032,-0.0122492304071784
167.363019787,0.241295158863068,-0.00979938078671694
167.372897073,0.241295158863068,-0.00979938078671694
167.38300954,0.241295158863068,-0.00979938078671694
167.393013239,0.240298062562943,-0.00734953070059419
167.403012215,0.239300966262817,-0.00979938078671694
167.413018334,0.238303899765015,-0.00734954932704568
167.423016347,0.236309722065926,-0.0122492304071784
167.433014359,0.235312640666962,-0.00979938078671694
167.443043455,0.236309722065926,-0.0122492304071784
167.45289202,0.235312640666962,-0.00979938078671694
167.463007365,0.235312640666962,-0.00979938078671694
167.473015928,0.234315544366837,-0.0122492304071784
167.483016706,0.233318448066711,-0.0146990800276399
167.493018853,0.232321366667747,-0.0171489305794239
167.503016219,0.231324285268784,-0.0146990800276399
167.513015758,0.232321366667747,-0.0171489305794239
167.523015752,0.231324285268784,-0.0146990800276399
167.532890631,0.231324285268784,-0.0146990800276399
167.543011943,0.229330092668533,-0.0146990800276399
167.553019169,0.229330092668533,-0.0146990800276399
167.562990267,0.228333026170731,-0.0171489119529724
167.572984444,0.227335929870605,-0.0146990614011884
167.582986377,0.228333011269569,-0.0122492304071784
167.592987924,0.226338848471642,-0.0122492304071784
167.602989345,0.227335929870605,-0.0146990614011884
167.612842336,0.225341767072678,-0.0146990800276399
167.622979258,0.225341767072678,-0.0146990800276399
167.632993044,0.225341767072678,-0.0146990800276399
167.642993125,0.22633883357048,-0.0171489119529724
167.652987428,0.224344670772552,-0.0171489305794239
167.662992079,0.223347574472427,-0.0146990800276399
167.672982635,0.223347574472427,-0.0146990800276399
167.682992493,0.2213534116745,-0.0146990800276399
167.692845969,0.222350493073463,-0.0171489305794239
167.702981429,0.2213534116745,-0.0146990800276399
167.712989402,0.220356315374374,-0.0171489305794239
167.722988001,0.220356315374374,-0.0171489305794239
167.732991132,0.219359219074249,-0.0146990800276399
167.742990523,0.217365056276321,-0.0146990614011884
167.752988917,0.218362137675285,-0.0122492304071784
167.762986894,0.218362152576447,-0.0171489119529724
167.772845008,0.218362152576447,-0.0171489119529724
167.782990016,0.217365056276321,-0.0195987615734339
167.79299042,0.216367959976196,-0.0171489119529724
167.802990004,0.216367959976196,-0.0171489119529724
167.812990278,0.215370893478394,-0.0146990800276399
167.822985473,0.215370893478394,-0.0146990800276399
167.832988722,0.214373797178268,-0.0171489305794239
167.84298854,0.214373797178268,-0.0171489305794239
167.852847022,0.215370878577232,-0.0195987615734339
167.862989556,0.213376700878143,-0.0146990800276399
167.872988491,0.212379619479179,-0.0171489305794239
167.882991098,0.213376700878143,-0.0146990800276399
167.892989936,0.213376700878143,-0.0146990800276399
167.90298828,0.212379619479179,-0.0171489305794239
167.912986952,0.212379619479179,-0.0171489305794239
167.922985366,0.211382538080215,-0.0146990800276399
167.932844474,0.211382538080215,-0.0146990800276399
167.94299021,0.211382538080215,-0.0146990800276399
167.952985225,0.208391264081001,-0.0122492304071784
167.962989407,0.21038544178009,-0.0122492304071784
167.97298961,0.21038544178009,-0.0122492304071784
167.982984619,0.209388345479965,-0.00979938078671694
167.992985435,0.208391278982162,-0.00734954932704568
168.002990287,0.207394182682037,-0.00489969924092293
168.012847242,0.207394182682037,-0.00489969924092293
168.022978813,0.206397086381912,-0.00734954932704568
168.032986346,0.207394182682037,-0.00489969924092293
168.042980286,0.207394182682037,0
168.052993606,0.208391278982162,-0.00244984962046146
168.062989125,0.206397086381912,-0.00244984962046146
168.072990356,0.207394182682037,0
168.082990082,0.207394182682037,0
168.092844052,0.207394182682037,0
168.10298423,0.208391278982162,0.00244984962046146
168.112990925,0.209388360381126,0.00489969924092293
168.122990187,0.21038544178009,0.00244984962046146
168.132985008,0.209388360381126,0.00489969924092293
168.142987325,0.209388360381126,0
168.152985606,0.209388360381126,0.00489969924092293
168.162991982,0.209388360381126,0.00489969924092293
168.172843726,0.209388360381126,0.00489969924092293
168.182990726,0.208391278982162,0.00244984962046146
168.192983961,0.209388360381126,0
168.202980845,0.209388360381126,0
168.212989683,0.208391278982162,-0.00244984962046146
168.223016818,0.208391278982162,0.00244984962046146
168.232987822,0.207394182682037,0
168.242989887,0.207394182682037,0.00489969924092293
168.252543247,0.207394182682037,0
168.262980242,0.208391278982162,0.00244984962046146
168.272995395,0.207394182682037,0.00489969924092293
168.283023758,0.207394182682037,0.00489969924092293
168.292986352,0.207394182682037,0.00979939848184586
168.302992226,0.208391278982162,0.00734954932704568
168.312989876,0.207394182682037,0.00979939848184586
168.323003062,0.207394182682037,0.00979939848184586
168.332812779,0.209388345479965,0.00979938078671694
168.342983618,0.209388345479965,0.00979938078671694
168.352499443,0.209388345479965,0.0146990800276399
168.362985658,0.21038544178009,0.0122492304071784
168.372981411,0.21038544178009,0.0122492304071784
168.382986986,0.211382538080215,0.0146990800276399
168.392993212,0.212379619479179,0.0122492304071784
168.40298756,0.21038544178009,0.0122492304071784
168.412805773,0.212379619479179,0.0122492304071784
168.422981657,0.213376700878143,0.0146990800276399
168.432988761,0.212379619479179,0.0171489305794239
168.442988266,0.213376700878143,0.0146990800276399
168.452678801,0.213376700878143,0.0146990800276399
168.462981955,0.213376700878143,0.0146990800276399
168.472986872,0.213376700878143,0.0146990800276399
168.48299821,0.215370893478394,0.0146990800276399
168.492809837,0.214373797178268,0.0171489305794239
168.50297997,0.215370878577232,0.0195987615734339
168.512984505,0.216367959976196,0.0220486111938953
168.52298679,0.214373797178268,0.0220486111938953
168.532994071,0.215370878577232,0.0195987615734339
168.542992581,0.214373797178268,0.0220486111938953
168.552892309,0.214373797178268,0.0220486111938953
168.562982114,0.214373797178268,0.0269483104348183
168.572776708,0.214373797178268,0.0269483104348183
168.582959033,0.212379604578018,0.0269483104348183
168.592981923,0.212379604578018,0.0269483104348183
168.602991362,0.212379604578018,0.0269483104348183
168.612992909,0.211382538080215,0.0244984794408083
168.622987403,0.212379619479179,0.0220486298203468
168.632985451,0.212379619479179,0.0220486298203468
168.642986159,0.212379619479179,0.0220486298203468
168.652776191,0.212379619479179,0.0220486298203468
168.662994094,0.211382538080215,0.0195987801998854
168.672986945,0.211382538080215,0.0195987801998854
168.682988858,0.211382538080215,0.0195987801998854
168.692987458,0.212379619479179,0.0171489305794239
168.702988295,0.212379619479179,0.0171489305794239
168.712991299,0.211382538080215,0.0195987801998854
168.722986775,0.211382538080215,0.0195987801998854
168.732772323,0.21038544178009,0.0220486298203468
168.743009656,0.211382538080215,0.0195987801998854
168.752989595,0.211382538080215,0.0195987801998854
168.762988084,0.212379619479179,0.0171489305794239
168.772984313,0.212379619479179,0.0171489305794239
168.782989001,0.213376700878143,0.0146990800276399
168.79299326,0.212379619479179,0.0171489305794239
168.803006781,0.213376700878143,0.0146990800276399
168.81277247,0.215370893478394,0.0146990800276399
168.822991479,0.216367974877357,0.0122492304071784
168.832987756,0.216367974877357,0.0122492304071784
168.842992865,0.216367974877357,0.0122492304071784
168.852989758,0.218362137675285,0.0122492304071784
168.862976938,0.218362137675285,0.0122492304071784
168.872986068,0.219359219074249,0.0146990800276399
168.88298689,0.219359219074249,0.0146990800276399
168.892753433,0.222350493073463,0.0122492304071784
168.902982797,0.2213534116745,0.0146990800276399
168.912989439,0.2213534116745,0.0146990800276399
168.92299656,0.222350493073463,0.0171489305794239
168.932994234,0.224344670772552,0.0171489305794239
168.943001456,0.225341752171516,0.0195987615734339
168.952986921,0.224344670772552,0.0171489305794239
168.962987918,0.225341752171516,0.0195987615734339
168.972754109,0.22633883357048,0.0171489119529724
168.982988776,0.225341752171516,0.0195987615734339
168.992983273,0.224344670772552,0.0220486111938953
169.002967623,0.224344670772552,0.0220486111938953
169.012984214,0.224344670772552,0.0220486111938953
169.022985837,0.222350493073463,0.0220486298203468
169.032984363,0.222350493073463,0.0220486298203468
169.04298633,0.220356315374374,0.0220486111938953
169.052746196,0.220356315374374,0.0220486111938953
169.062988635,0.218362152576447,0.0220486111938953
169.072988278,0.217365056276321,0.0195987615734339
169.08299383,0.217365056276321,0.0195987615734339
169.092987442,0.215370893478394,0.0146990800276399
169.102988048,0.215370893478394,0.0146990800276399
169.112989414,0.214373797178268,0.0122492304071784
169.122990826,0.215370893478394,0.00979938078671694
169.132744641,0.212379619479179,0.00734953070059419
169.14298734,0.212379619479179,0.00734953070059419
169.152983317,0.211382538080215,0.00979938078671694
169.162994777,0.21038544178009,0.00734953070059419
169.172988607,0.21038544178009,0.00734953070059419
169.182997774,0.21038544178009,0.00734953070059419
169.192990493,0.211382538080215,0.00979938078671694
169.202991136,0.21038544178009,0.00734953070059419
169.212720923,0.209388345479965,0.00979938078671694
169.222982905,0.207394182682037,0.00979939848184586
169.232457719,0.209388345479965,0.00979938078671694
169.24298642,0.208391278982162,0.00734954932704568
169.252987658,0.207394182682037,0.00489969924092293
169.263012326,0.209388360381126,0.00489969924092293
169.272990094,0.207394182682037,0.00489969924092293
169.282989037,0.207394182682037,0.00489969924092293
169.292717176,0.206397086381912,0.00244984962046146
169.302985472,0.207394182682037,0.00489969924092293
169.312994321,0.206397086381912,0.00244984962046146
169.322991174,0.208391278982162,0.00244984962046146
169.332363692,0.207394182682037,0.00489969924092293
169.343003868,0.208391278982162,0.00244984962046146
169.352989762,0.209388360381126,0.00489969924092293
169.362989144,0.209388360381126,0.00489969924092293
169.372715736,0.21038544178009,0.00734953070059419
169.382990356,0.211382538080215,0.00489968108013272
169.392988803,0.212379619479179,0.00734953070059419
169.402986182,0.214373797178268,0.00734953070059419
169.412990344,0.216367959976196,0.00734954932704568
169.422989404,0.216367959976196,0.00734954932704568
169.432391531,0.218362152576447,0.00734954932704568
169.443006838,0.220356315374374,0.00734953070059419
169.452729934,0.2213534116745,0.00489968108013272
169.463013073,0.2213534116745,0.00489968108013272
169.473004612,0.224344670772552,0.00244984962046146
169.483013224,0.224344670772552,0.00244984962046146
169.493019072,0.225341752171516,0
169.503021193,0.22633883357048,-0.00244984962046146
169.513025461,0.228333026170731,-0.00244984962046146
169.522974545,0.229330107569695,0
169.532382227,0.230327188968658,-0.00734953070059419
169.542985387,0.230327188968658,-0.00244984962046146
169.553025971,0.232321366667747,-0.00244983145967126
169.563016693,0.233318448066711,-0.00489968108013272
169.573019026,0.234315544366837,-0.00734953070059419
169.583021484,0.236309707164764,-0.00734954932704568
169.593013283,0.23730680346489,-0.00489969924092293
169.603009054,0.23730680346489,-0.00489969924092293
169.612688647,0.23730680346489,-0.00489969924092293
169.622942639,0.238303899765015,-0.00734954932704568
169.632654426,0.238303899765015,-0.00244984962046146
169.642536346,0.240298062562943,-0.00734953070059419
169.652977595,0.240298062562943,-0.00734953070059419
169.662983535,0.243289321660995,-0.00489968108013272
169.673011965,0.241295158863068,0
169.683013369,0.242292240262032,-0.00244983145967126
169.692710906,0.243289321660995,0
169.703017984,0.244286417961121,-0.00244984962046146
169.713016192,0.245283499360085,0
169.723017425,0.246280580759048,-0.00244984962046146
169.732837807,0.247277677059174,0
169.743017643,0.247277677059174,0
169.753014532,0.249271854758263,0
169.76300929,0.247277677059174,0
169.772707996,0.250268936157227,-0.00244984962046146
169.783032088,0.251266032457352,0
169.793015229,0.250268936157227,-0.00244984962046146
169.803015559,0.251266032457352,0
169.813017302,0.251266032457352,0
169.823017981,0.252263128757477,0.00244983145967126
169.833032968,0.25326019525528,0
169.842982389,0.254257291555405,0.00244986801408231
169.852699118,0.25326019525528,0.00489969924092293
169.86301489,0.256251454353333,0.00244983145967126
169.873016718,0.25525438785553,0.00489969924092293
169.882981751,0.256251454353333,0.00244983145967126
169.893011653,0.258245646953583,0.00244983145967126
169.903017897,0.259242713451385,0.00489969924092293
169.913020989,0.260239809751511,0.00244986801408231
169.923022598,0.261236906051636,0.00489969924092293
169.932675585,0.261236906051636,0.00489969924092293
169.943019042,0.261236906051636,0.00489969924092293
169.95301041,0.263231098651886,0.00489969924092293
169.963018047,0.262233972549438,0.00734956748783588
169.973017243,0.263231098651886,0.00489969924092293
169.983016611,0.263231068849564,0.00979939848184586
169.993018024,0.263231068849564,0.00979939848184586
170.003018979,0.262233972549438,0.00734956748783588
170.012679222,0.262233972549438,0.00734956748783588
170.023016187,0.261236906051636,0.00489969924092293
170.033016066,0.260239809751511,0.00734953070059419
170.043015329,0.261236906051636,0.00489969924092293
170.053011046,0.258245646953583,0.00244983145967126
170.063013132,0.259242713451385,0
170.073018389,0.258245646953583,0.00244983145967126
170.083014385,0.256251454353333,-0.00244983145967126
170.09267516,0.25525438785553,0
170.103014932,0.254257291555405,-0.00244986801408231
170.11301724,0.254257291555405,-0.00244986801408231
170.123014668,0.252263128757477,-0.00244983145967126
170.133013978,0.25326019525528,-0.00489969924092293
170.143013373,0.250268936157227,-0.00244984962046146
170.153016806,0.251266032457352,0
170.163015258,0.247277677059174,0.00489969924092293
170.172647475,0.247277677059174,0
170.182974284,0.246280580759048,0.00244984962046146
170.193018389,0.245283499360085,0
170.203024729,0.244286417961121,0.00244984962046146
170.213011689,0.241295158863068,0
170.222973084,0.240298062562943,0.00244984962046146
170.232989637,0.238303899765015,0.00244984962046146
170.242989371,0.238303899765015,-0.00244984962046146
170.252625364,0.236309707164764,-0.00244984962046146
170.262982161,0.236309707164764,-0.00734954932704568
170.272996416,0.2353126257658,-0.00489969924092293
170.282988834,0.233318448066711,-0.00489968108013272
170.292987722,0.232321366667747,-0.00734953070059419
170.303016823,0.232321366667747,-0.00734953070059419
170.312987161,0.231324285268784,-0.00489968108013272
170.322987437,0.230327188968658,-0.00734953070059419
170.332627214,0.229330092668533,-0.00979938078671694
170.342982771,0.227335929870605,-0.00489969924092293
170.352996073,0.22633883357048,-0.00734954932704568
170.363002486,0.224344670772552,-0.00734953070059419
170.372992578,0.222350493073463,-0.00734953070059419
170.382993787,0.222350493073463,-0.00734953070059419
170.392989349,0.222350493073463,-0.00734953070059419
170.402990367,0.218362152576447,-0.00734954932704568
170.412633934,0.218362152576447,-0.00734954932704568
170.422980324,0.217365056276321,-0.00979939848184586
170.43299671,0.216367959976196,-0.00734954932704568
170.442994787,0.215370893478394,-0.00979938078671694
170.452986904,0.214373797178268,-0.0122492304071784
170.462992261,0.214373797178268,-0.00734953070059419
170.472988855,0.213376700878143,-0.00979938078671694
170.482989176,0.212379619479179,-0.00734953070059419
170.492620579,0.21038544178009,-0.00734953070059419
170.502986424,0.21038544178009,-0.00734953070059419
170.512984361,0.209388345479965,-0.00979938078671694
170.522993224,0.208391278982162,-0.00734954932704568
170.532987605,0.208391278982162,-0.00734954932704568
170.542987116,0.207394182682037,-0.00489969924092293
170.552989199,0.207394182682037,-0.00489969924092293
170.562991797,0.206397086381912,-0.00734954932704568
170.572598485,0.206397086381912,-0.00244984962046146
170.582339622,0.206397086381912,-0.00734954932704568
170.592987434,0.206397086381912,-0.00734954932704568
170.602990236,0.207394182682037,-0.00489969924092293
170.612988148,0.206397086381912,-0.00244984962046146
170.622987922,0.207394182682037,0
170.632992149,0.205400004982948,0
170.642982559,0.206397086381912,-0.00244984962046146
170.652599285,0.206397086381912,0.00244984962046146
170.662985615,0.206397086381912,0.00244984962046146
170.672991037,0.206397086381912,0.00244984962046146
170.682235843,0.205400004982948,0.00489969924092293
170.692855329,0.205400004982948,0.00489969924092293
170.702846682,0.205400004982948,0.00489969924092293
170.712987489,0.205400004982948,0.00489969924092293
170.72298686,0.205400004982948,0
170.73261012,0.206397086381912,0.00244984962046146
170.742981974,0.205400004982948,0.00489969924092293
170.753017472,0.204402923583984,0.00244984962046146
170.762986637,0.204402923583984,0.00244984962046146
170.773007341,0.203405827283859,0
170.783017593,0.204402923583984,0.00244984962046146
170.793021076,0.203405827283859,0.00489969924092293
170.802981991,0.203405827283859,0.00489969924092293
170.812617124,0.204402923583984,0.00244984962046146
170.822984044,0.203405827283859,0.00489969924092293
170.83303053,0.203405827283859,0.00489969924092293
170.842984159,0.202408745884895,0.00734953070059419
170.853016177,0.204402923583984,0.00734954932704568
170.862982486,0.204402923583984,0.00734954932704568
170.873010658,0.204402923583984,0.00734954932704568
170.882985454,0.204402923583984,0.00734954932704568
170.892585399,0.205400004982948,0.00489969924092293
170.902972575,0.204402923583984,0.00244984962046146
170.913023125,0.204402923583984,0.00734954932704568
170.922984862,0.204402923583984,0.00734954932704568
170.933024165,0.204402923583984,0.00244984962046146
170.942982028,0.206397086381912,0.00244984962046146
170.953018751,0.204402923583984,0.00244984962046146
170.962980948,0.205400004982948,0.00489969924092293
170.972583942,0.205400004982948,0.00489969924092293
170.982980534,0.206397086381912,0.00244984962046146
170.992985074,0.205400004982948,0.00489969924092293
171.003012754,0.207394182682037,0.00489969924092293
171.013021333,0.206397086381912,0.00244984962046146
171.02301446,0.207394182682037,0.00489969924092293
171.032982464,0.206397086381912,0.00734954932704568
171.0430208,0.206397086381912,0.00734954932704568
171.052585656,0.205400004982948,0.00979939848184586
171.063023067,0.206397086381912,0.00734954932704568
171.073015872,0.206397086381912,0.00734954932704568
171.083009124,0.204402923583984,0.00734954932704568
171.093014792,0.204402923583984,0.00734954932704568
171.10301682,0.202408745884895,0.00734953070059419
171.113008997,0.202408745884895,0.00734953070059419
171.122971338,0.201411664485931,0.00489968108013272
171.132582585,0.201411664485931,0.00489968108013272
171.143012987,0.200414568185806,0.00244983145967126
171.153018046,0.202408730983734,-0.00244984962046146
171.162975961,0.199417486786842,0
171.173013969,0.199417486786842,0
171.18302196,0.198420405387878,-0.00244984962046146
171.193016539,0.198420405387878,-0.00244984962046146
171.203015914,0.198420405387878,-0.00244984962046146
171.212567588,0.197423309087753,0
171.223020953,0.197423309087753,0
171.233025733,0.196426212787628,-0.00244984962046146
171.243013733,0.196426212787628,-0.00244984962046146
171.25301534,0.195429131388664,0
171.263014548,0.196426212787628,-0.00244984962046146
171.272167087,0.196426212787628,-0.00244984962046146
171.283050454,0.197423309087753,0
171.292551325,0.197423309087753,0
171.303019663,0.197423309087753,0
171.313014701,0.198420405387878,-0.00244984962046146
171.32302182,0.198420405387878,-0.00244984962046146
171.333014401,0.200414568185806,-0.00244983145967126
171.343026574,0.200414568185806,-0.00244983145967126
171.353019272,0.200414568185806,-0.00244983145967126
171.363018866,0.200414568185806,-0.00244983145967126
171.372171743,0.200414568185806,-0.00244983145967126
171.3830393,0.202408730983734,-0.00244984962046146
171.39302631,0.203405827283859,-0.00489969924092293
171.403007072,0.203405827283859,-0.00489969924092293
171.413006966,0.203405827283859,-0.00489969924092293
171.423016226,0.205400004982948,-0.00489969924092293
171.433028875,0.204402923583984,-0.00244984962046146
171.443021219,0.204402923583984,-0.00244984962046146
171.452551958,0.205400004982948,-0.00489969924092293
171.463023268,0.205400004982948,-0.00489969924092293
171.473015998,0.206397086381912,-0.00244984962046146
171.483020257,0.205400004982948,-0.00489969924092293
171.493000233,0.204402923583984,-0.00244984962046146
171.503017909,0.204402923583984,-0.00244984962046146
171.513015811,0.206397086381912,-0.00244984962046146
171.523014155,0.204402923583984,-0.00244984962046146
171.532203743,0.206397086381912,-0.00734954932704568
171.543018029,0.207394182682037,-0.00489969924092293
171.553021524,0.207394182682037,-0.00489969924092293
171.563018708,0.207394182682037,-0.00489969924092293
171.573018562,0.208391278982162,-0.00734954932704568
171.583014373,0.208391278982162,-0.00734954932704568
171.593002644,0.21038544178009,-0.00734953070059419
171.603025318,0.211382538080215,-0.00979938078671694
171.612526166,0.21038544178009,-0.0122492304071784
171.623013217,0.212379619479179,-0.0122492304071784
171.632361145,0.211382538080215,-0.00979938078671694
171.643008889,0.212379619479179,-0.0122492304071784
171.653016404,0.212379619479179,-0.0122492304071784
171.66301992,0.213376700878143,-0.0146990800276399
171.673018432,0.214373797178268,-0.0171489305794239
171.683011972,0.213376700878143,-0.0146990800276399
171.692525387,0.212379619479179,-0.0171489305794239
171.702995139,0.212379619479179,-0.0122492304071784
171.713019334,0.212379619479179,-0.0122492304071784
171.722785779,0.21038544178009,-0.0122492304071784
171.732541314,0.212379619479179,-0.0122492304071784
171.742791169,0.21038544178009,-0.0122492304071784
171.753016886,0.211382538080215,-0.00979938078671694
171.763003678,0.21038544178009,-0.00734953070059419
171.772523691,0.208391278982162,-0.00734954932704568
171.782977933,0.21038544178009,-0.00734953070059419
171.792729846,0.21038544178009,-0.00734953070059419
171.802988104,0.211382538080215,-0.00979938078671694
171.812989212,0.211382538080215,-0.00979938078671694
171.822985485,0.212379619479179,-0.00734953070059419
171.83222739,0.212379619479179,-0.00734953070059419
171.842211424,0.212379619479179,-0.00734953070059419
171.852224802,0.212379619479179,-0.00734953070059419
171.862210033,0.214373797178268,-0.00734953070059419
171.872992986,0.215370893478394,-0.00979938078671694
171.882219337,0.214373797178268,-0.00734953070059419
171.892219193,0.215370878577232,-0.00489969924092293
171.902222923,0.215370878577232,-0.00489969924092293
171.912218279,0.215370878577232,-0.00489969924092293
171.922212821,0.217365056276321,-0.00979939848184586
171.932230701,0.214373797178268,-0.00734953070059419
171.942222125,0.216367959976196,-0.00734954932704568
171.952216886,0.216367959976196,-0.00734954932704568
171.962208915,0.215370893478394,-0.00979938078671694
171.972986735,0.215370878577232,-0.00489969924092293
171.982215203,0.215370893478394,-0.00979938078671694
171.992218456,0.215370893478394,-0.00979938078671694
172.002207603,0.215370893478394,-0.00979938078671694
172.01221431,0.215370893478394,-0.00979938078671694
172.022219118,0.214373797178268,-0.00734953070059419
172.032215718,0.217365056276321,-0.00979939848184586
172.042224166,0.216367974877357,-0.0122492304071784
172.052216394,0.216367974877357,-0.0122492304071784
172.062227966,0.218362137675285,-0.0122492304071784
172.072228523,0.218362137675285,-0.0122492304071784
172.082214335,0.219359219074249,-0.0146990800276399
172.092217143,0.218362137675285,-0.0122492304071784
172.102220458,0.219359219074249,-0.0146990800276399
172.112208633,0.220356315374374,-0.0122492304071784
172.122222177,0.220356315374374,-0.0122492304071784
172.132224396,0.218362137675285,-0.0122492304071784
172.142207341,0.220356315374374,-0.0122492304071784
172.152208234,0.219359219074249,-0.00979938078671694
172.162186579,0.218362152576447,-0.00734954932704568
172.172179058,0.219359219074249,-0.00979938078671694
172.182187687,0.217365056276321,-0.00489969924092293
172.192188396,0.218362152576447,-0.00734954932704568
172.202187849,0.217365056276321,-0.00489969924092293
172.212185105,0.216367959976196,-0.00734954932704568
172.22219012,0.216367959976196,-0.00734954932704568
172.232186612,0.216367959976196,-0.00734954932704568
172.242188006,0.215370878577232,-0.00489969924092293
172.252185388,0.214373797178268,-0.00734953070059419
172.262181923,0.213376700878143,-0.00979938078671694
172.272188932,0.211382538080215,-0.00979938078671694
172.282185466,0.212379619479179,-0.0122492304071784
172.292187301,0.212379619479179,-0.0122492304071784
172.302187693,0.211382538080215,-0.0146990800276399
172.312158675,0.212379619479179,-0.0122492304071784
172.322180185,0.211382538080215,-0.0146990800276399
172.332175472,0.211382538080215,-0.0146990800276399
172.342188351,0.21038544178009,-0.0171489305794239
172.352182673,0.212379619479179,-0.0171489305794239
172.362187309,0.212379619479179,-0.0171489305794239
172.372185007,0.213376700878143,-0.0146990800276399
172.382182074,0.213376700878143,-0.0146990800276399
172.392181665,0.213376700878143,-0.0146990800276399
172.402188952,0.212379619479179,-0.0122492304071784
172.412160447,0.212379619479179,-0.0122492304071784
172.422161062,0.214373797178268,-0.0122492304071784
172.432131858,0.214373797178268,-0.0122492304071784
172.442182013,0.215370893478394,-0.00979938078671694
172.452159593,0.214373797178268,-0.00734953070059419
172.462178621,0.214373797178268,-0.00734953070059419
172.472152094,0.214373797178268,-0.00734953070059419
172.482185242,0.214373797178268,-0.00734953070059419
172.492097836,0.214373797178268,-0.00734953070059419
172.502104843,0.216367959976196,-0.00734954932704568
172.51205606,0.215370893478394,-0.00979938078671694
172.52210722,0.213376700878143,-0.00489968108013272
172.532120708,0.213376700878143,-0.00489968108013272
172.54209103,0.211382538080215,-0.00489968108013272
172.552104355,0.213376700878143,-0.00979938078671694
172.562042701,0.213376700878143,-0.00979938078671694
172.572102189,0.212379619479179,-0.00734953070059419
172.582097422,0.212379619479179,-0.00734953070059419
172.592107212,0.211382538080215,-0.00489968108013272
172.60209246,0.211382538080215,-0.00489968108013272
172.612108503,0.211382538080215,-0.00489968108013272
172.622092499,0.211382538080215,-0.00489968108013272
172.632099243,0.211382538080215,-0.00489968108013272
172.64209603,0.212379619479179,-0.00244983145967126
172.652111163,0.211382538080215,0
172.662100649,0.21038544178009,0.00244984962046146
172.672094969,0.211382538080215,0
172.682097325,0.211382538080215,0.00489968108013272
172.692070083,0.212379619479179,0.00244983145967126
172.702103142,0.21038544178009,0.00244984962046146
172.712092577,0.211382538080215,0.00489968108013272
172.722093616,0.21038544178009,0.00244984962046146
172.732088562,0.21038544178009,0.00734953070059419
172.742145147,0.21038544178009,0.00734953070059419
172.752045494,0.21038544178009,0.00734953070059419
172.762101575,0.21038544178009,0.00734953070059419
172.772098548,0.21038544178009,0.00734953070059419
172.78208223,0.21038544178009,0.00734953070059419
172.792098102,0.208391278982162,0.00734954932704568
172.802070155,0.211382538080215,0.00979938078671694
172.812090452,0.21038544178009,0.00734953070059419
172.822022932,0.211382538080215,0.00979938078671694
172.832027248,0.211382538080215,0.00489968108013272
172.842024241,0.212379619479179,0.00244983145967126
172.852065091,0.212379619479179,0.00244983145967126
172.862051571,0.214373797178268,0.00244984962046146
172.872057099,0.213376700878143,0.00489968108013272
172.882073223,0.213376700878143,0
172.892051463,0.215370878577232,0
172.902043993,0.213376700878143,0
172.91205361,0.213376700878143,0
172.922046318,0.214373797178268,-0.00244984962046146
172.932048906,0.215370878577232,0
172.941981301,0.214373797178268,-0.00244984962046146
172.952072988,0.214373797178268,-0.00244984962046146
172.962048119,0.213376700878143,-0.00489968108013272
172.972055504,0.214373797178268,-0.00734953070059419
172.982070866,0.214373797178268,-0.00734953070059419
172.992079187,0.213376700878143,-0.00489968108013272
173.00209054,0.213376700878143,-0.00979938078671694
173.012054693,0.214373797178268,-0.00734953070059419
173.022063787,0.212379619479179,-0.00734953070059419
173.032048235,0.211382538080215,-0.00979938078671694
173.042068879,0.211382538080215,-0.00979938078671694
173.052042314,0.21038544178009,-0.00734953070059419
173.062047531,0.21038544178009,-0.00734953070059419
173.072046259,0.209388345479965,-0.00979938078671694
173.082044785,0.209388360381126,-0.00489969924092293
173.092046508,0.209388345479965,-0.00979938078671694
173.10204676,0.209388345479965,-0.00979938078671694
173.112055946,0.208391264081001,-0.0122492304071784
173.122043264,0.21038544178009,-0.0122492304071784
173.132060297,0.21038544178009,-0.0122492304071784
173.142053952,0.209388345479965,-0.00979938078671694
173.152042302,0.21038544178009,-0.0122492304071784
173.162035542,0.21038544178009,-0.0122492304071784
173.172050577,0.21038544178009,-0.0122492304071784
173.182067546,0.211382538080215,-0.0146990800276399
173.19204132,0.211382538080215,-0.0146990800276399
173.202050576,0.211382538080215,-0.0146990800276399
173.21202815,0.212379619479179,-0.0122492304071784
173.222037109,0.21038544178009,-0.0122492304071784
173.232034379,0.21038544178009,-0.0122492304071784
173.242028116,0.211382538080215,-0.0146990800276399
173.252044543,0.21038544178009,-0.0171489305794239
173.262010701,0.209388345479965,-0.0146990800276399
173.272047587,0.209388345479965,-0.0146990800276399
173.282053884,0.208391264081001,-0.0171489305794239
173.292029265,0.207394182682037,-0.0146990800276399
173.302046771,0.205400019884109,-0.0146990800276399
173.312042735,0.204402923583984,-0.0171489305794239
173.322041392,0.204402923583984,-0.0220486111938953
173.332028309,0.203405827283859,-0.0195987801998854
173.342010715,0.202408745884895,-0.0220486298203468
173.352035784,0.200414568185806,-0.0220486298203468
173.36201139,0.200414568185806,-0.0220486298203468
173.372044166,0.198420405387878,-0.0220486111938953
173.38201521,0.196426212787628,-0.0220486111938953
173.392031236,0.195429131388664,-0.0293981600552797
173.402058602,0.195429131388664,-0.0293981600552797
173.412052358,0.192437872290611,-0.0318479910492897
173.42202411,0.191440790891647,-0.0293981414288282
173.432025741,0.189446598291397,-0.0342978425323963
173.442045462,0.186455339193344,-0.0318480096757412
173.452043884,0.18545825779438,-0.0342978611588478
173.462025554,0.184461176395416,-0.0367476902902126
173.472012478,0.183464080095291,-0.0391975417733192
173.482017086,0.182466998696327,-0.0416473895311356
173.492011991,0.181469917297363,-0.0391975417733192
173.502008511,0.179475724697113,-0.0391975417733192
173.512018959,0.179475724697113,-0.0391975417733192
173.522008225,0.179475724697113,-0.0391975417733192
173.531981278,0.179475724697113,-0.0391975417733192
173.54202082,0.179475724697113,-0.0391975417733192
173.552004835,0.180472820997238,-0.0367476902902126
173.562020193,0.179475724697113,-0.0391975417733192
173.572009995,0.180472820997238,-0.0367476902902126
173.582006296,0.180472820997238,-0.0367476902902126
173.592047639,0.181469917297363,-0.0342978425323963
173.602010759,0.182466998696327,-0.0367476902902126
173.612008922,0.183464080095291,-0.0342978425323963
173.622014276,0.183464080095291,-0.0342978425323963
173.632045036,0.183464080095291,-0.0342978425323963
173.64205056,0.18545825779438,-0.0342978611588478
173.652073132,0.184461176395416,-0.0318480096757412
173.662009934,0.184461176395416,-0.0269483104348183
173.672018054,0.183464080095291,-0.0293981600552797
173.682010292,0.184461176395416,-0.0269483104348183
173.69201107,0.184461176395416,-0.0269483104348183
173.702031058,0.184461176395416,-0.0220486111938953
173.712035944,0.183464080095291,-0.0244984608143568
173.722033346,0.183464080095291,-0.0244984608143568
173.732004691,0.183464080095291,-0.0195987615734339
173.742045768,0.183464080095291,-0.0195987615734339
173.752013077,0.184461176395416,-0.0220486111938953
173.762041227,0.18545825779438,-0.0244984608143568
173.772017513,0.186455339193344,-0.0220486111938953
173.782048109,0.187452435493469,-0.0195987615734339
173.792007506,0.187452435493469,-0.0195987615734339
173.802028599,0.189446598291397,-0.0195987801998854
173.812050336,0.190443694591522,-0.0171489305794239
173.822002475,0.190443694591522,-0.0171489305794239
173.832048339,0.192437872290611,-0.0171489305794239
173.842012143,0.192437872290611,-0.0171489305794239
173.852038033,0.192437872290611,-0.0171489305794239
173.862013009,0.193434953689575,-0.0146990800276399
173.872008927,0.193434953689575,-0.0146990800276399
173.882009123,0.193434953689575,-0.0146990800276399
173.892011133,0.193434953689575,-0.0146990800276399
173.902017412,0.192437872290611,-0.0171489305794239
173.912008393,0.192437872290611,-0.0171489305794239
173.92204157,0.192437872290611,-0.0171489305794239
173.9320135,0.190443694591522,-0.0171489305794239
173.942053994,0.190443694591522,-0.0171489305794239
173.952007419,0.189446598291397,-0.0146990800276399
173.962017208,0.186455339193344,-0.0171489119529724
173.97200918,0.184461176395416,-0.0171489119529724
173.98204396,0.183464080095291,-0.0195987615734339
173.99200873,0.180472820997238,-0.0171489305794239
174.002031567,0.178478643298149,-0.0171489305794239
174.012015973,0.17648446559906,-0.0171489119529724
174.02202088,0.172496125102043,-0.0171489305794239
174.03201011,0.170501947402954,-0.0171489305794239
174.042011644,0.167510688304901,-0.0195987615734339
174.05204034,0.164519429206848,-0.0220486111938953
174.062009505,0.161528170108795,-0.0195987801998854
174.072016961,0.159533977508545,-0.0195987801998854
174.081985641,0.156542718410492,-0.0171489305794239
174.09200611,0.154548555612564,-0.0220486111938953
174.101979755,0.151557296514511,-0.0195987801998854
174.112005948,0.147568941116333,-0.0195987801998854
174.122010696,0.146571844816208,-0.0171489305794239
174.131977862,0.143580585718155,-0.0195987615734339
174.142025552,0.140589326620102,-0.0171489305794239
174.151982203,0.138595148921013,-0.0171489305794239
174.162019591,0.138595148921013,-0.0171489305794239
174.172010124,0.13560388982296,-0.0195987615734339
174.182051299,0.131615534424782,-0.0195987615734339
174.192007899,0.130618453025818,-0.0171489305794239
174.202057073,0.128624275326729,-0.0171489305794239
174.21204745,0.128624275326729,-0.0171489305794239
174.222058439,0.125633016228676,-0.0195987708866596
174.232017787,0.124635919928551,-0.0171489212661982
174.242049593,0.122641749680042,-0.0171489119529724
174.252067506,0.120647579431534,-0.0171489305794239
174.262042531,0.118653401732445,-0.0171489305794239
174.272042228,0.1176563128829,-0.0146990800276399
174.28201665,0.115662142634392,-0.0146990707144141
174.292012472,0.112670876085758,-0.0122492304071784
174.302041986,0.109679616987705,-0.00979938078671694
174.312040447,0.103697091341019,0
174.322051673,0.0977145656943321,0.00979938078671694
174.33199988,0.0927291288971901,0.0171489305794239
174.341974505,0.0897378697991371,0.0244984608143568
174.35203387,0.0877436921000481,0.0293981600552797
174.361956383,0.0837553441524506,0.029398150742054
174.372043644,0.0817611664533615,0.0342978425323963
174.382013203,0.0787699073553085,0.0367476902902126
174.392043781,0.075778640806675,0.0391975343227386
174.402045567,0.0737844705581665,0.0391975417733192
174.412053385,0.0747815519571304,0.0318480022251606
174.422009997,0.075778640806675,0.0244984608143568
174.432009572,0.0747815519571304,0.0171489212661982
174.442044863,0.072787381708622,0.0122492304071784
174.452015311,0.0697961151599884,0.00979939009994268
174.462067983,0.0678019449114799,0.00979938078671694
174.471984234,0.0638135969638824,0.00489969039335847
174.482014745,0.0628165081143379,0.00244984962046146
174.492022256,0.0628165081143379,-0.00244984962046146
174.502002815,0.0608223341405392,-0.00734954001381993
174.512018876,0.0568339824676514,-0.00734954001381993
174.522015564,0.0568339824676514,-0.00734954001381993
174.532012599,0.0528456345200539,-0.00734953535720706
174.541991529,0.0498543679714203,-0.00489969504997134
174.55199329,0.0468631088733673,-0.00244984519667923
174.561984288,0.0428747609257698,0.00244984519667923
174.571989948,0.0398834943771362,0.00489969504997134
174.581987524,0.0358951464295387,0.00979938544332981
174.59198695,0.0309097096323967,0.0122492304071784
174.601994912,0.0269213616847992,0.0171489231288433
174.611985165,0.0239300988614559,0.0195987708866596
174.621994538,0.0199417471885681,0.0195987708866596
174.631984311,0.0189446602016687,0.0171489231288433
174.641993992,0.01695048622787,0.012249231338501
174.652004169,0.01695048622787,0.00244984519667923
174.661926323,0.0179475732147694,-0.00979938544332981
174.671994493,0.0189446602016687,-0.0171489231288433
174.681988305,0.0209388360381126,-0.0269483104348183
174.691984757,0.0209388360381126,-0.0318480022251606
174.701993589,0.021935923025012,-0.0391975343227386
174.711990379,0.0219359248876572,-0.0440972298383713
174.721988012,0.0199417471885681,-0.0440972298383713
174.732017466,0.0199417471885681,-0.0391975417733192
174.74200432,0.0189446620643139,-0.0367476940155029
174.752016567,0.01695048622787,-0.0269483085721731
174.761951478,0.0139592234045267,-0.0195987708866596
174.772022086,0.011965049430728,-0.00979938544332981
174.782019034,0.00797669962048531,-0.00489969318732619
174.79200352,0.00697961170226336,0.00244984682649374
174.802002542,0.00498543726280332,0.00734953908249736
174.812025814,0.00398834981024265,0.00979938544332981
174.822003171,0.00398834981024265,0.00979938544332981
174.832036368,0.00299126212485135,0.00734953815117478
174.841985619,0.00299126212485135,0.00734953815117478
174.851989206,0.00299126212485135,0.00734953815117478
174.861995919,0.00299126212485135,0.00734953815117478
174.871994144,0.00199417490512133,0.00489969272166491
174.881991702,0.00199417490512133,0.00489969272166491
174.891990291,0.00199417490512133,0.00489969272166491
174.901992725,0.00199417490512133,0.00489969272166491
174.911983401,0.00199417490512133,0.00489969272166491
174.921991074,0.00199417490512133,0.00489969272166491
174.931996625,0.00199417490512133,0.00489969272166491
174.941988133,0.00199417490512133,0.00489969272166491
174.95198775,0.000997087452560663,0.00244984636083245
174.961986981,0.000997087452560663,0.00244984636083245
174.971992612,0.000997087452560663,0.00244984636083245
174.981985478,0.000997087452560663,0.00244984636083245
174.991977504,0,0
175.001988772,0,0
175.011990696,0,0
175.021977936,0,0
175.031993005,0,0
175.041982724,0,0
175.051992154,0,0
175.06198185,0,0
175.072000756,0,0
175.082002692,0,0
175.091985508,0,0
175.101993185,0,0
175.111987978,0,0
175.121999483,0,0
175.131988728,0,0
175.141995394,0,0
175.151987771,0,0
175.161994886,0,0
175.17199125,0,0
175.181990746,0,0
175.191984574,0,0
175.201992706,0,0
175.211976886,0,0
175.221992015,0,0
175.231989294,0,0
175.241990486,0,0
175.251985178,0,0
175.261986996,0,0
175.271848878,0,0
175.281992501,0,0
175.291994011,0,0
175.301988728,0,0
175.311989787,0,0
175.321929324,0,0
175.331997461,0,0
175.341993152,0,0
175.351988635,0,0
175.36199377,0,0
175.371981942,0,0
175.381988933,0,0
175.391983035,0,0
175.401996194,0,0
175.411990651,0,0
175.421882986,0,0
175.432023527,0,0
175.442022534,0,0
175.452017861,0,0
175.462015641,0,0
175.47201556,0,0
175.481999666,0.000997087452560663,-0.00244984636083245
175.491998296,0.000997087452560663,-0.00244984636083245
175.50202206,0.000997087452560663,-0.00244984636083245
175.511993812,0.000997087452560663,-0.00244984636083245
175.522002706,0.000997087452560663,-0.00244984636083245
175.531999059,0.000997087452560663,-0.00244984636083245
175.542004387,0.000997087452560663,-0.00244984636083245
175.552001161,0.000997087452560663,-0.00244984636083245
175.561993802,0.000997087452560663,-0.00244984636083245
175.571997531,0.000997087452560663,-0.00244984636083245
175.58199015,0,0
175.591987012,0,0
175.601989014,0,0
175.611986296,0,0
175.621993918,0,0
175.632000012,0,0
175.641979265,0,0
175.651992328,0,0
175.662004415,0,0
175.672001299,0,0
175.68199065,0,0
175.692003226,0,0
175.702003602,0,0
175.712010232,0,0
175.721986462,0,0
175.731986601,0,0
175.742010611,0,0
175.75200453,0,0
175.761998202,0,0
175.77199505,0,0
