t_s,vx_filt,a,a_raw
0.000119872999999604,-3.39689881215434e-14,8.51179995135565e-14,0
0.0108820939999998,-3.30529293997006e-14,4.37121429297324e-13,0
0.0201391009999998,-2.52181545647543e-14,1.29793931654044e-12,0
0.0308905819999996,-7.08312615997333e-15,2.52024478009404e-12,0
0.04012774,2.51581085361803e-14,4.12123898351886e-12,0
0.0508834199999999,7.53121371968051e-14,6.06886999459984e-12,0
0.0601159679999999,1.464640656906e-13,8.2300110939217e-12,0
0.0708799979999997,2.39884195977274e-13,1.03523453646989e-11,0
0.0801158559999999,3.53509813521897e-13,1.24963413530189e-11,0
0.0900941879999997,4.79991273039037e-13,1.25310672829492e-11,0
0.10013465,6.04366668059399e-13,1.10772814201905e-11,0
0.110094929,7.01545109708382e-13,6.49112561832613e-12,0
0.120096517,7.33941654332718e-13,-2.58602131175485e-12,0
0.130096921,6.49819532118832e-13,-1.75392566366994e-11,0
0.14009677,3.83152084166801e-13,-3.97073351672581e-11,0
0.150086162,-1.43899960007266e-13,-6.98821059074169e-11,0
0.16009728,-1.01452567385555e-12,-1.08004434692851e-10,0
0.170097727,-2.30523772515151e-12,-1.52603445335318e-10,0
0.180097647,-4.06665058602635e-12,-1.9956533952007e-10,0
0.190093236,-6.29564826761312e-12,-2.41645095462847e-10,0
0.200091907,-8.89816545243533e-12,-2.67395411385645e-10,0
0.21009131,-1.16430414917637e-11,-2.60549396086192e-10,0
0.220092948,-1.41094246060805e-11,-1.99476326349836e-10,0
0.230094334,-1.56331712351713e-11,-5.76144217178577e-11,0
0.240092858,-1.52617078551397e-11,1.95015028435476e-10,0
0.250099422,-1.17318784299971e-11,5.88453810841382e-10,0
0.260095363,-3.49115756151589e-12,1.1471852026348e-09,0
0.270098947,1.12112807097277e-11,1.88159952334797e-09,0
0.280090545,3.41317673589401e-11,2.77463389924789e-09,0
0.290098467,6.6702626870414e-11,3.77000519948274e-09,0
0.300090656,1.09532289819172e-10,4.7504294530432e-09,0
0.310098216,1.61710023573485e-10,5.51843728015815e-09,0
0.320092238,2.19909765590112e-10,5.78163137192368e-09,0
0.330094609,2.773217966676e-10,5.12761452311564e-09,0
0.340098447,3.22493893410999e-10,3.04624091040052e-09,0
0.350091857,3.38238231620625e-10,-1.08187528890826e-09,0
0.360097141,3.00857800561961e-10,-7.90909582516589e-09,0
0.370090884,1.80064010667545e-10,-1.80450873573383e-08,0
0.380089855,-5.99124700783183e-11,-3.18792250608107e-08,0
0.390086754,-4.57388829349166e-10,-4.93836518336722e-08,0
0.40009318,-1.04774970739411e-09,-6.98179860394498e-08,0
0.410099907,-1.85466686610854e-09,-9.14487341149122e-08,0
0.420100168,-2.87736343344635e-09,-1.1097889291781e-07,0
0.430093708,-4.07355676630754e-09,-1.23040983171408e-07,0
0.440100929,-5.33827673106271e-09,-1.19988708264065e-07,0
0.450146602,-6.47967761432375e-09,-9.30560478848108e-08,0
0.460046357,-7.19431943411376e-09,-2.84701567344812e-08,0
0.470046729,-7.04623734904983e-09,8.67161181773933e-08,0
0.480087401,-5.45643789421142e-09,2.66676776734854e-07,0
0.490048786,-1.712153260223e-09,5.22240298366375e-07,0
0.500094354,4.99199920991062e-09,8.5884590505657e-07,0
0.510050589,1.54663133400752e-08,1.27185685668096e-06,0
0.520052293,3.0375640772281e-08,1.72723787331881e-06,0
0.530050456,5.00108410838143e-08,2.17674189511239e-06,0
0.540079817,7.39703913184497e-08,2.5378697912706e-06,0
0.550043022,1.00749370385198e-07,2.66846698867218e-06,0
0.560045687,1.2724865631357e-07,2.37549591213758e-06,0
0.570035472,1.48241353633813e-07,1.4314509890283e-06,0
0.580038673,1.55867635896899e-07,-4.47586323485084e-07,0
0.590070637,1.39273887791046e-07,-3.55820892405709e-06,0
0.600077251,8.45661888318851e-08,-8.20913293982317e-06,0
0.61004421,-2.46918282492168e-08,-1.45580929448894e-05,0
0.620046512,-2.06148168846871e-07,-2.25352213817599e-05,0
0.630078331,-4.76165180173183e-07,-3.19781762817501e-05,0
0.640049553,-8.45808940115944e-07,-4.20006228815571e-05,0
0.650050809,-1.31502169666138e-06,-5.09494003585574e-05,0
0.66004971,-1.86480494634295e-06,-5.66566049585529e-05,0
0.670039217,-2.44749703246776e-06,-5.55507564537578e-05,0
0.680046646,-2.97564986790033e-06,-4.31430305003679e-05,0
0.690045539,-3.31063039271394e-06,-1.38372312654665e-05,0
0.700084387,-3.25291672415485e-06,3.86870474936556e-05,0
0.710039488,-2.53712353816521e-06,0.000121071974246819,0
0.720046792,-8.36028940090282e-07,0.000237862414957464,0
0.730042441,2.22082716869543e-06,0.000393014505425441,0
0.740003507,7.00724953555118e-06,0.000580809066663456,0
0.750033449,1.38317858668371e-05,0.000791416972489397,0
0.760000535,2.28332368940969e-05,0.00100016959405379,0
0.770033129,3.38348576936428e-05,0.00116617681216191,0
0.779999749,4.61558565223608e-05,0.00123052186968036,0
0.789984879,5.83859224070379e-05,0.00109987899623024,0
0.799987136,6.81395636731861e-05,0.000671746633864883,0
0.809987598,7.1822681563433e-05,-0.000184110349396908,0
0.819949436,6.44642976454202e-05,-0.00160633707974782,0
0.829990533,3.96912253691475e-05,-0.003716904585578,0
0.839996551,-1.00489160256893e-05,-0.00664293385702817,0
0.849947851,-9.28839180685303e-05,-0.0103203159001724,0
0.859989173,-0.000216379090738425,-0.0146255118480254,0
0.869969132,-0.000385705400546677,-0.0192270677453903,0
0.879991907,-0.000600973012449447,-0.0233643893128908,0
0.889997204,-0.000853649071941284,-0.0260549251391807,0
0.899992819,-0.00112209527732479,-0.0256967339756458,0
0.909953196,-0.0013664528895854,-0.0200625203434972,0
0.919994873,-0.00152338689261152,-0.00674449547279836,0
0.929989529,-0.00150158784679538,0.0172392267488506,0
0.939947533,-0.0011794184626288,0.0547932108324096,0
0.949972424,-0.000406660868018474,0.108063038565218,0
0.959996015,0.000987081420911276,0.17894778488798,0
0.969983287,0.00317423873952837,0.265669824728768,0.0997062326590036
0.979996519,0.0063006118130783,0.363968809321873,0.3489282109887
0.989986289,0.0104547075603314,0.467426365274833,0.548302643550187
1,0.0156507662297525,0.568733134882782,0.647974328362517
1.009990377,0.0218316952390425,0.661735650055963,0.698126230586883
1.019995274,0.0288823518681896,0.739750978528645,0.747091214130915
1.030009772,0.036641062279844,0.80166813307245,0.848015897878829
1.039983678,0.0449064183859675,0.840659907852449,0.897925677060936
1.049997588,0.0534440178365757,0.854390693003876,0.947060744455477
1.05998731,0.0619973353930419,0.84585370759598,1.10027703837554
1.06993431,0.070307568057586,0.807662270726864,1.04704546546982
1.079985337,0.0781489872899192,0.750682059059755,0.69574296880563
1.089998083,0.0853690824857335,0.687652439503795,0.548231197024744
1.099991413,0.0919062142562174,0.621009803915089,0.499026063258248
1.10997875,0.0977772725814962,0.558023791452891,0.449257223805441
1.119966144,0.103052589382089,0.504070230775142,0.499775501381247
1.129929455,0.107833829054973,0.459656437941602,0.399074638617559
1.139954124,0.112240193070537,0.426964418159412,0.347954658716197
1.149988432,0.116398298498651,0.409640552197101,0.398947936394509
1.159948452,0.120430680633267,0.403332990645161,0.299893276721774
1.169937256,0.124444317342425,0.404405393209168,0.349013758963837
1.179946559,0.128518022958041,0.412467533164768,0.498653308644107
1.189932859,0.132691854385977,0.422521200180751,0.448738926173987
1.199944361,0.136967518260058,0.431518413012307,0.498810293816247
1.209922169,0.141317609714388,0.43643510313152,0.498501481563786
1.219946054,0.145696959207318,0.436569172844583,0.398670422944367
1.229930415,0.150052593120679,0.43187135913612,0.449027525430264
1.239931003,0.154327886294214,0.420577502397442,0.498515488663319
1.249931546,0.158464618841783,0.4037876319883,0.448296739549866
1.259948497,0.162410702794814,0.382998347518839,0.398513580695956
1.269947704,0.166130774279459,0.36071746122376,0.349577646121182
1.279914346,0.169612733157271,0.336776612769603,0.299038605484429
1.289953543,0.172868272973493,0.315493803722644,0.249072805778002
1.299930328,0.175927651453695,0.298380866912899,0.199664715228695
1.309928807,0.178828509562627,0.283357403621372,0.298738056399588
1.319956344,0.181602171352335,0.271642614075655,0.298870808626597
1.329945878,0.184265999055205,0.261128329218609,0.299100845154473
1.33995802,0.186825175587787,0.250943947428347,0.299442330515957
1.349924744,0.189279574554387,0.240374282043556,0.199517269171038
1.359948046,0.191630263735569,0.230002154862737,0.19938801124822
1.369927729,0.193880304208074,0.220155632331837,0.199578493831282
1.379931865,0.196029814043919,0.209158954802664,0.199081183352206
1.389961543,0.198070555805025,0.197735858069412,0.249301768534414
1.399929464,0.199984056441512,0.184214845461982,0.249866146486518
1.409913973,0.201746089614066,0.167540381342456,0.14954672160602
1.419931635,0.203335227798529,0.149566209112815,0.0997340029630969
1.429908936,0.204736660431327,0.130263877985974,0.149646262977249
1.439920501,0.205939055000231,0.109789316770375,0.149544673066368
1.449911381,0.206932715201614,0.0886947615695342,0.0498834705659158
1.459909012,0.207711931217506,0.0671082661883262,0.0498454516696065
1.469914839,0.208275112585765,0.0454757711290442,0.0498508695223775
1.479910296,0.208621505030977,0.0237198294935079,0.0498202320465932
1.489928423,0.208749831385799,0.0020009918755898,0.0498565802270131
1.499909289,0.20866152285349,-0.0191459152266421,0
1.509912626,0.208367215529289,-0.0385090660317952,-0.0996822424498121
1.519914485,0.207891141439747,-0.054922721387645,-0.0498734931801184
1.529904837,0.207269188894613,-0.0673431620731857,-0.099694506672612
1.53991722,0.206544094014735,-0.0754375707894078,-0.149488265474083
1.54991473,0.205759691174937,-0.0795144719292672,0
1.559905993,0.204954697285126,-0.079830503491515,-0.0498546629495287
1.569914791,0.204163076235446,-0.0767187431705581,-0.0996991267095017
1.5799081,0.203420160775323,-0.0699442721574638,-0.0997325814157937
1.589910039,0.202764523167478,-0.0593152670909193,-0.0996790934085797
1.599913928,0.202233509744128,-0.0454520847586084,-0.0997246015516548
1.609906887,0.201855624737277,-0.0294700438903053,0.049872427988942
1.619906566,0.201644325824785,-0.0127450957461539,0.0498311626449009
1.62991638,0.20160060183316,0.00385199364708116,-0.0498416618664779
1.639911545,0.201721384876803,0.0200709264341406,0
1.649906672,0.202001825513289,0.0354452998241013,0
1.659907676,0.20243015373542,0.0490456997467609,0.0996623301063656
1.669915865,0.202983190385342,0.0598963754838272,0.0997084789052283
1.679907608,0.203628077172143,0.0672687534796794,0.0498735026076765
1.689908371,0.204328061342897,0.0709023467359066,0.0996909605197482
1.699911204,0.2050463790717,0.0710404100468236,0.0997008268407527
1.709909838,0.205748973760115,0.0681447157989779,0.0498964470006379
1.719894218,0.206408115881537,0.0627385208986514,0.0498584571665448
1.729908377,0.207003652517109,0.0557258810061663,0.0997251622065141
1.739891103,0.207522459915541,0.0477953385445384,0
1.749900169,0.207959166983861,0.0396626524898952,0.0498496308385726
1.759892884,0.208315783604523,0.0319868336002206,0
1.769904222,0.208599033298502,0.0250206585630684,0
1.779912754,0.20881669393627,0.0188273044503625,0.0997354893962461
1.789898887,0.20897547894384,0.0133139955062456,-0.0498580062377913
1.799911175,0.209082952823596,0.00862307367639375,0
1.80991124,0.209148046938197,0.00472561749134586,0
1.819891923,0.209177374195835,0.00122225329824684,0
1.829888749,0.209172464514463,-0.00240989727342104,0
1.839911776,0.209129128406676,-0.00674244237218434,0
1.849890314,0.209037605115097,-0.0122892493712505,0
1.859892335,0.208883582334548,-0.0193655580927568,0
1.869890871,0.208650283166626,-0.0280583829356733,0
1.879910645,0.208321900926843,-0.0382007107192048,-0.0996821950467254
1.889896226,0.207886064387436,-0.0494762171624335,0
1.899897928,0.207333005772648,-0.061539485429214,-0.0498702573314322
1.909890033,0.206655655792885,-0.0739754853825111,-0.0996216342229906
1.919915594,0.205852189214073,-0.0864496468051544,-0.0996625393015437
1.929899184,0.204925871756064,-0.0985632583290841,-0.0997751838311762
1.939902155,0.20388224863912,-0.109944712438185,-0.0498986060228945
1.949881632,0.202728907256893,-0.120204629423527,-0.0997993380845222
1.959884028,0.201480334999967,-0.128249885583406,-0.149551117931666
1.969883215,0.200163706525656,-0.133055511425479,-0.199374196678216
1.979888399,0.198818643185817,-0.1336169517905,-0.149507285864758
1.989890662,0.197490372444406,-0.129793800800683,-0.0997343271813138
1.999883297,0.196223429377775,-0.121474694613952,-0.0997385072911167
2.009884722,0.195061600111813,-0.10861894269718,-0.149527128202732
2.019888089,0.194050530021858,-0.0912421662399713,-0.0997096776463861
2.029884563,0.193236771294518,-0.0692707717564863,-0.0498481654330057
2.039890458,0.19266495048427,-0.0430163166243159,-0.0996630075034507
2.04989362,0.192376055363252,-0.0130820621518823,-0.0498484021848711
2.059892732,0.192403279492623,0.0194269074296217,0
2.069894035,0.192764601574011,0.0526299325752553,0.0498129145182235
2.079909256,0.193456747801134,0.0844086720306673,0.149439054982163
2.089910617,0.194454174679224,0.112874391091947,0.14954740944944
2.099911335,0.195714470288832,0.136693745846616,0.0998054052540911
2.109891126,0.197185385298356,0.154807086028673,0.199603044908552
2.119892696,0.198807726560129,0.166417614065394,0.199173254862569
2.129915679,0.200517823631342,0.172056962382836,0.149421997661154
2.139911563,0.202252112006495,0.172160333637133,0.200066856815807
2.149850792,0.203949859336516,0.165084319581523,0.149553111600399
2.159912979,0.205554032157522,0.152688357316799,0.198814259284134
2.169911503,0.207012896345713,0.136615171636498,0.249286360787616
2.179911814,0.208286176433577,0.117151228881556,0.0498633520111756
2.18990778,0.209355484769319,0.0970102626654152,0
2.199913884,0.210226582498129,0.0782168480638005,0.0997049466090596
2.20990857,0.210919883521905,0.0618589149264445,0.0499113445951383
2.219891232,0.211462359568517,0.0482236626935842,0
2.229910588,0.211884454091128,0.0376508535012313,0.0497999249797655
2.239912977,0.212216195356351,0.0301041167554876,0.0500197754603447
2.249844332,0.212484541847878,0.0249560021752871,0.0498549224673744
2.259912635,0.212715306864904,0.0225418751086516,0
2.269891205,0.212936435955363,0.0230062295939715,-0.0997004629607519
2.279914175,0.213175466886377,0.0256385411190726,0.0498459749618666
2.289894453,0.213449290051726,0.0291366003385887,0.0998112848781923
2.299893507,0.213757596697893,0.0319246240187604,0.0498663590683742
2.309889823,0.214087634721092,0.0331857370881712,0.0497791233602237
2.319923918,0.214422320651107,0.0328535737265229,0.0498089057229354
2.329907958,0.214745301995182,0.0311628212124455,0.0499327039704133
2.339892422,0.215044595571139,0.028475582904082,0
2.349918336,0.215315109172863,0.0255832129256021,-0.0498482526571156
2.359894756,0.21555631954087,0.022538160658081,0.0499242309661886
2.369890229,0.215765238905943,0.0188860221720529,0.0997236718582938
2.379891641,0.215933981154352,0.0145358122844256,0
2.389891276,0.216055970370627,0.00981678493623163,-0.0498458229567918
2.39989495,0.216130349336818,0.00503613287289194,-0.0498146267267589
2.409907112,0.216156772780285,-0.000155014105662367,0.0498415696825246
2.419899966,0.216127248277154,-0.00656072354075318,0.0498934758153996
2.429891316,0.216025661942659,-0.0146118643115919,0
2.439889566,0.215835162954311,-0.0241150678580816,-0.0499663117726505
2.449846389,0.215544444003151,-0.0342533909075764,0
2.459914128,0.215149253804372,-0.0444203241228048,-0.0497019620635014
2.469907597,0.214653318641496,-0.0541387645470275,-0.149695210621235
2.479896458,0.214067435145401,-0.0625814592592662,-0.0498955472362354
2.48989127,0.213402711223796,-0.0700235045603741,0
2.499914439,0.212665705961558,-0.0769009320131512,-0.0498054996249664
2.509910774,0.211863192707755,-0.0828249273525277,-0.0997418077436031
2.519907688,0.211009766565592,-0.0867830359376765,-0.149676349705187
2.529895622,0.210128846925562,-0.0882859473934826,-0.149680798595383
2.539891942,0.20924543776825,-0.0875425450454348,-0.0498205133414382
2.549909093,0.208376816739029,-0.0857600092904334,-0.0498464084094729
2.559895315,0.20752994831393,-0.0836549811675258,-0.0998030356735875
2.569890375,0.206705282969616,-0.0815036187283128,-0.0498636608196786
2.579891767,0.205900165114203,-0.079561588848466,-0.0497837727718583
2.589918616,0.205111804293816,-0.0779731590982126,-0.0997369539023824
2.599885989,0.204341152461152,-0.0759343789706408,-0.0997505757075653
2.609910257,0.203593751449877,-0.0731588042818417,-0.0995882188890328
2.619910222,0.202876203518211,-0.07012539143122,-0.0498859146218001
2.62989749,0.202192138912125,-0.0667352727956354,-0.0498555381937998
2.639909633,0.201541537369374,-0.0634710489418016,-0.0498782758754808
2.649887784,0.20092333398329,-0.060085432788679,-0.0498058110687396
2.659929311,0.200338646352454,-0.0564788879033201,-0.0995526852042762
2.669919314,0.199791975445888,-0.0524535429205128,-0.0498287097452134
2.679939789,0.199289025885821,-0.0479140417048481,-0.0498541001214074
2.689919003,0.198833709513058,-0.0431578628240812,-0.0499117665776364
2.699916371,0.198426879300171,-0.0383119368142129,0
2.709938489,0.198066724230373,-0.0337691827266402,-0.0498037213684988
2.719936889,0.197750802769547,-0.0294830685302235,-0.0498575970601664
2.729937373,0.197477095762873,-0.0254280533978645,0
2.739914879,0.197242801373045,-0.0216609752250665,0
2.749890968,0.197044881435927,-0.0180190330386171,-0.0498537082539262
2.759915323,0.196882412711822,-0.0143854351812706,0
2.769914895,0.196756828531994,-0.0105504996743765,0
2.779916929,0.196671385774232,-0.006283006675047,-0.0498476967551524
2.789917751,0.196631150454226,-0.00152997549027726,0
2.79990973,0.19664079727872,0.00344972782270524,-0.0498581907276641
2.809916098,0.19670013930828,0.00795823766394184,0.0498516668734857
2.819910993,0.196799972083253,0.0111719667021654,0.0997208165501495
2.829913705,0.196923551907807,0.012766580676187,0
2.83990328,0.19705520522814,0.0131325283985318,-0.0499335127189697
2.849882184,0.19718578852535,0.012667745240903,0
2.859912956,0.197308682706061,0.0114131530591668,0.0497645793826838
2.869918449,0.197414465484529,0.00918498515640928,0.0498585721772687
2.87991115,0.197492365821106,0.00608188886183691,0
2.889909422,0.197536048360555,0.0026787073279581,-0.0498105504702539
2.899928624,0.197545986775397,-0.000441558210090449,0.0498528410756682
2.909909915,0.197527216978665,-0.00284747983419858,0
2.919915803,0.197489073686252,-0.00408249553731077,-0.099613211445517
2.929929124,0.197445488647262,-0.00406669537862823,-0.0498563406102718
2.939915191,0.197407742267497,-0.00348128689753084,0.099963702428309
2.949878142,0.19737604039228,-0.00317665884709329,0.0997955324254766
2.959897826,0.197344264253236,-0.00310294554491396,-0.0497768163292584
2.969909182,0.197313885165952,-0.0022818307895235,-0.0995937744699176
2.979920942,0.197298574890645,7.96197278874996e-05,0
2.989913402,0.197315477896505,0.0039436555717567,0.0498559791433621
2.999920475,0.197377446160393,0.00891440676086353,0
3.009924366,0.197493863769278,0.0147962844373061,0
3.019908254,0.197673191023747,0.0214971104256204,0.0499427692171181
3.029889144,0.197923048806567,0.0289258618835804,0.0498626559088921
3.039905109,0.198251617289583,0.0372873870801848,-0.0498509042028165
3.049890713,0.198668855052081,0.0464183726405543,0
3.059921873,0.199180762899993,0.0555249800193912,0.0996064845080529
3.069911274,0.199780496301583,0.0633484433512506,0.0997785935613136
3.079907751,0.200446837160301,0.0684667899160629,0.0996823919345619
3.08991644,0.201150185799341,0.0706255083448427,0.0996713462189417
3.099915134,0.201859868755326,0.0699931232307779,0.0498786900696178
3.109906568,0.202549357291844,0.0669063492658711,0.0498787243727788
3.119905547,0.203197354309473,0.0618432000756561,0.0996777231733123
3.12991297,0.203786617213524,0.0553713184120754,0.0498479384831353
3.139908306,0.204304933447182,0.0479996323113959,0
3.149899578,0.204745967048676,0.0400756356911213,0.0498649280362809
3.159903951,0.205106271631611,0.0318585676714258,0.0498970762382099
3.16988234,0.205382589224115,0.0233407475681658,0.04981099091271
3.179921248,0.205573490307885,0.0150006473708421,0
3.189893578,0.205682770748807,0.00730153954141993,-0.0499200267835876
3.199894823,0.205719328155531,0.000533215552018615,0.049837080487462
3.209900396,0.205693438695311,-0.00517615382226503,0
3.21988126,0.20561587528326,-0.00976542549024982,-0.0998159810823622
3.229878788,0.20549834119682,-0.013364643637927,0
3.239895135,0.205348396976071,-0.0165713381620712,0.099611954593048
3.2498981,0.205166594407896,-0.0197554272512299,-0.0498928666413003
3.259879583,0.204953595667451,-0.0224968438361158,-0.0498529158531982
3.269898563,0.204716647115135,-0.0242169837962109,0
3.279901073,0.204468735568545,-0.0244903452716678,-0.0498573505618677
3.289897247,0.204226872438996,-0.0229176225979734,-0.0498748397544106
3.299893043,0.204010567145095,-0.0194643636592136,-0.0498452222932187
3.309901096,0.203837510247476,-0.0146022305576378,0
3.319878475,0.203718735259237,-0.00896952195149673,0.0498793456684484
3.32989126,0.203658208032664,-0.00304045229331027,0
3.339876341,0.203657932701696,0.00318365605734228,-0.0498819657602127
3.349880374,0.203721846496531,0.00975474114470637,0
3.359888692,0.203853148005398,0.0163464564947876,0
3.369891516,0.204048957758645,0.0222350690818211,0.0498859538186227
3.379876208,0.204297571804432,0.0266067968402553,0.0997200486138923
3.389889277,0.204581034122832,0.0292535010139238,0.0498024571717109
3.399896935,0.204883248162026,0.0307065530277826,-0.0497852816245803
3.409916911,0.205196013728274,0.031676983566302,0.0498628657577205
3.419893407,0.205516676076954,0.0324360049917968,0.0498970337891441
3.42989969,0.205844175247668,0.0331322939361361,0
3.439879626,0.206178865359534,0.033930338670863,0.0498987517854865
3.449881781,0.20652217436265,0.0348357110360013,0.0498175763679148
3.459894576,0.206876100374134,0.036148204164691,0.0498536284898914
3.469882257,0.207245155652489,0.0380570686428108,-0.0498876011377167
3.479881432,0.20763674152488,0.0404526337364167,0
3.489891519,0.208054582999511,0.0426825259456971,0.0997077904037672
3.499881801,0.208490407793646,0.0434867980442339,0.0996969960876654
3.509893904,0.208924422676409,0.0420995480961273,0.0497925512511286
3.519906511,0.209333439035402,0.0386032932382554,0
3.52989256,0.209696436658348,0.0330803718844772,0.0499297634696205
3.539876191,0.209994043476216,0.0255558466490732,0.0498443602668207
3.549896456,0.210207653156908,0.0163393045485045,0
3.559901034,0.210321235484529,0.00573115422403411,0
3.569893631,0.210322260050878,-0.00596455703012798,0.0499042576495177
3.579881219,0.210202062531624,-0.0181178775445802,0
3.589895506,0.209959868528966,-0.0297535957246519,-0.0996538162555879
3.599892271,0.209606661780391,-0.0398816101855197,-0.0498569516800081
3.60989435,0.209162282428397,-0.0478904692417582,-0.0498881984647691
3.619878589,0.208649507632956,-0.0535156575919489,0
3.629881345,0.208092665247685,-0.0563546078853241,-0.0498201576136064
3.639892502,0.20752163141359,-0.0559068757745046,-0.149501895876942
3.649889613,0.206974065494146,-0.0515882662768156,-0.0498591153549478
3.659890777,0.206489955077813,-0.0434958994278138,-0.0498640776685885
3.669885599,0.20610432209813,-0.0322943755122143,-0.0498420131652165
3.679895615,0.20584391132738,-0.0189243589859171,0
3.689885456,0.205725837624595,-0.00431725128076465,0
3.699878414,0.205757640562804,0.0106955896829035,0.0498651649474014
3.709881006,0.205939701822879,0.025525229711505,0
3.719893193,0.206268522394404,0.0398395028755605,0
3.729890322,0.206736863025199,0.0530774410370351,0.0498807935833621
3.739882478,0.207329502490364,0.0641958893109786,0.0997638167295561
3.749879459,0.208020083451473,0.0721425950221729,0.0996405243268541
3.759896349,0.208773355080743,0.0764780034316578,0.0996386519005648
3.769893407,0.209550710235298,0.0771190210072009,0.0997071926780684
3.779896539,0.210315750153501,0.0742890317790556,0.0498042810924402
3.7899137,0.211037998418201,0.0688543305394778,0.0498540123566516
3.799896861,0.211692858935385,0.0609950661798463,0
3.809901326,0.212257144988849,0.0505771541653596,0.0998087221361327
3.819876706,0.21270338263615,0.0371522448163877,0.0997297662962211
3.829896989,0.213000028755891,0.0208014326321947,0.0498441284251149
3.839880994,0.213119500485337,0.00233449343153541,0
3.849884992,0.213046690617604,-0.0168607778701879,-0.0497939120723938
3.859905456,0.212781872479585,-0.0353966113624198,-0.0498206154049559
3.869898422,0.212338283013865,-0.0522732572613799,-0.0997684948473581
3.879893357,0.211737039788497,-0.0668280627396019,-0.0498570513998727
3.889897226,0.211001801685436,-0.078955957085802,0
3.899891657,0.210158054871908,-0.088193804681075,-0.0997791144841802
3.909883149,0.209239167096003,-0.0933187675600414,-0.149484468082682
3.919902158,0.208290699580329,-0.0936124838381659,-0.149461363764931
3.929896843,0.207365635489886,-0.0887726088193772,-0.14942216728385
3.939921102,0.20651356569564,-0.0796463162438978,-0.0497923100564221
3.94992165,0.205770733378841,-0.0679292898331802,0
3.959878089,0.20515790174152,-0.0543011615491727,-0.0499418427368104
3.9698865,0.204686618833686,-0.0396223064082661,-0.0498547479727726
3.979877817,0.204365466390622,-0.0243007365477036,-0.0498657356023461
3.98988212,0.204200710539958,-0.00864142761584464,-0.0498104513277742
3.99989563,0.204192483908555,0.00647882230564403,0.0498264114603948
4.009893521,0.204330360851124,0.0200689003242578,0.0498821853613565
4.019884656,0.204593641678928,0.0312373816726377,0
4.029897905,0.204955245429258,0.0395143015268626,0.0996566672277787
4.039894986,0.2053843358922,0.0447826722714509,0.0997122779559399
4.049897075,0.205850861705069,0.0473839504897813,-0.0498918780133599
4.05987983,0.206331296750842,0.0477180332455199,0
4.069905244,0.206805612178593,0.0457944010879543,0.0995501124800551
4.079911728,0.207248645522407,0.0412477387219259,0.0998305884247977
4.089880862,0.207629561250666,0.0335866534097062,0.0498865985047564
4.099898687,0.207919940587054,0.0235456857170338,0
4.109882926,0.208100523563302,0.0121046305065998,0
4.119884481,0.208161861238805,0.000135453027522481,0.0498584250816306
4.129881179,0.208103232387216,-0.011397468619648,-0.0498711183900209
4.139877644,0.207933989790905,-0.0215410429897598,-0.0996280937045108
4.149897248,0.207672065384401,-0.0298495134246803,0
4.15988378,0.207336816365797,-0.036351254816799,0
4.169894662,0.20694513429241,-0.0410881417982038,-0.0498153637289439
4.179899619,0.206514402734755,-0.0440437059826606,-0.099680266749864
4.189900404,0.206064007273797,-0.0452061806647719,-0.0498971886037336
4.199882336,0.20561106041988,-0.0449166331249666,0
4.209880548,0.205166566475965,-0.0437062249931676,-0.049856400734934
4.219881401,0.204736976785337,-0.0419742259576242,-0.0498451850439673
4.229884113,0.204326932318697,-0.0398604979611714,-0.0498115437182211
4.239898775,0.203939074289822,-0.0380491884366191,-0.0502640700913385
4.249721271,0.203572144555908,-0.0358767369744478,0.0498377530514934
4.259905622,0.203221293902315,-0.0341595249407917,-0.0494418191162284
4.269888033,0.202883257546394,-0.0330251891225297,-0.0498837974925923
4.279894002,0.202561173872562,-0.0309845078659326,-0.0498721959978338
4.289880764,0.202263792615463,-0.0279712763412254,-0.0498453445206408
4.299897503,0.202001650418299,-0.0239872536327531,0
4.309881785,0.201784023051822,-0.0191991762161953,-0.0498689683024798
4.319891528,0.201617781609053,-0.0139170461464637,-0.0497923007726312
4.329906895,0.201505332671864,-0.00880909977803699,0.0498312397657003
4.339900691,0.201441518895711,-0.00446490113575576,0.0498643191454788
4.349903083,0.201416051669352,-0.0011300353262647,-0.0997316536909911
4.359896125,0.201418923348927,0.00111943552550749,0
4.369881123,0.201438415797058,0.00184971192078582,0.0498896354773317
4.379882166,0.201455891767214,0.000424003906048162,0
4.38988548,0.201446897722564,-0.003476876307925,0.0498328685542723
4.399890675,0.201386324656315,-0.0096402884886788,0
4.409880951,0.201254135613657,-0.0173488494476867,-0.0498751771231576
4.419882211,0.201039494508023,-0.0256363980860107,0
4.429895274,0.200741040461807,-0.0336369976614825,-0.04981151883408
4.439899595,0.200366169809226,-0.0405724048613,-0.0996813404480793
4.44990095,0.199929362075611,-0.0460094912866686,-0.0498979417973442
4.459882309,0.199446775303559,-0.0499089597682326,7.45768319725636e-07
4.469881902,0.198932133546112,-0.0523654329422251,-0.049825425143342
4.479893508,0.198398880204231,-0.0533841716270947,-0.0498484769490879
4.489884146,0.197864330319489,-0.0524197992360805,-0.0996846639884032
4.499898517,0.197350221648735,-0.0493302252645165,-0.0997347631728192
4.509879106,0.196877974438534,-0.0444025105416391,0
4.519897779,0.196462204206955,-0.038391827808462,0
4.529882412,0.196110010958982,-0.0318515354536873,-0.0498987018420631
4.53987989,0.195825743289999,-0.0247575640067856,0
4.549899079,0.195614447044527,-0.0170836139931787,0
4.559891653,0.195483870055584,-0.00842091954608894,-0.049908697513063
4.569877188,0.195446212995955,0.00159027493513885,-0.0501464084656314
4.579775059,0.195515490137771,0.01270136734316,0
4.589879515,0.1957002698989,0.0239910329970498,0.0495592395541308
4.59989404,0.195998165274809,0.0347549937807886,0.0498157093612065
4.609894916,0.196395905036175,0.0437770179535547,0.0997075339173618
4.619894311,0.196873717497452,0.0508065757686156,0.0498749994185149
4.629886822,0.197411625323123,0.0560275897597393,0.0498638681983028
4.639890381,0.197994049104219,0.0598842006394942,0.0498063206286123
4.649905996,0.198610457555576,0.063367017309305,0.0501582067426947
4.65976911,0.199253704868849,0.0654198746629696,0.0499014214069746
4.669887018,0.199917613510454,0.0666425470494293,0.049578684046517
4.679880501,0.200593979189796,0.0676351918447692,0.0996977659783473
4.689889398,0.201270478319106,0.0668613644764647,0.0996259634204753
4.699896998,0.201932309491255,0.0648064434421187,0.0498576724791893
4.709887654,0.202566494165511,0.0615901204757453,0.0498661346188077
4.719892458,0.203163832281623,0.0575019686635378,0.0498151696035209
4.729903571,0.203717448797617,0.0528690975451819,0.0498754360052673
4.739884189,0.204220777057959,0.0474633179332536,0.0498680300342087
4.749898271,0.204666463600697,0.0414207431764556,0
4.759783634,0.205045026858658,0.0338316229007088,0.0996575686631831
4.76990842,0.205343439415852,0.0250807834323033,0.0992178844855779
4.779882458,0.205549121110646,0.015827763718418,0
4.789881987,0.205659576314942,0.00690477066329451,-0.0498253929432924
4.799893969,0.205687296004727,-0.000180280047519372,0
4.809876333,0.205655971733295,-0.00464850201182244,-0.0498868705655986
4.819880819,0.205594387092292,-0.00628772480535244,-0.0498417266445972
4.829881286,0.205530186094087,-0.00550330439789359,0.0498416494091682
4.839885803,0.205484293575865,-0.00297003318588433,0
4.849898682,0.205470733763672,0.000788779948710942,0
4.859910221,0.205500088435268,0.00551408480537614,0
4.869894018,0.205580989742088,0.0109739762039179,0
4.879895655,0.205719408112409,0.0167967383331913,0
4.889891258,0.205916878149754,0.0224912343928034,0.0498939826396129
4.899879656,0.206168872963006,0.0274563735995575,0.0498593425736766
4.909889143,0.206465947551515,0.0313500282350294,0
4.91989699,0.206796416949096,0.0339918371397669,0
4.929879861,0.207145468782078,0.0348127938094191,0.0997652391568057
4.939885842,0.207492284732259,0.0333089968752372,0.0498207376217161
4.949893541,0.20781210438666,0.0294905504022399,0.0498341138772957
4.959893851,0.208082331930122,0.0237133129539005,0
4.969901312,0.208286554921893,0.0165967848315516,0
4.979894274,0.208414274647193,0.00864237932212041,0.0498745927760166
4.989893381,0.208459333965625,0.000282122522776452,-0.0498527787612298
4.999894792,0.208419917243788,-0.00808388180789807,0
5.009898288,0.208297616661859,-0.0161502074260437,0.0498568444815949
5.019893679,0.208096931070448,-0.023360901596914,0
5.029896482,0.207830440819709,-0.0287612324663498,-0.199381233297898
5.039897344,0.207521601011204,-0.0317446237152114,0
5.049893849,0.207195631928999,-0.0325416296458658,0.0498937829047024
5.059881425,0.206871286448489,-0.0315939555332901,-0.099684210538814
5.069898949,0.20656359168916,-0.0292343830631207,0
5.079881531,0.206286595688382,-0.0255450334752309,0
5.089881514,0.206053136397314,-0.0204954726763693,-0.0498448237333977
5.099885241,0.205876610196651,-0.0141869253190512,-0.0996308960626837
5.10989702,0.205769177908469,-0.00715223887811135,0
5.119893265,0.205733508029524,-0.0006030435506207,0.0498370431224177
5.129903853,0.20575711291686,0.00418419047601378,0.099712190413563
5.139892602,0.205817189064926,0.00675573300556976,0
5.149902817,0.205892220578032,0.00751874135076569,-0.0997340777824981
5.15988755,0.20596752590726,0.00694675812272607,0.0996840436907628
5.169907801,0.206031190363129,0.00525575685107146,0
5.179879643,0.206072599487012,0.00263416915742495,-0.0997713318310411
5.189895283,0.206083840771748,-0.00088145699381295,0.0498183477019798
5.199893984,0.206054957706161,-0.00556673305119328,0.0997028180379726
5.2098965,0.20597249933601,-0.011274812509442,0
5.219890655,0.205829498989823,-0.0168670100579049,-0.0498607883286902
5.229894104,0.205635199548208,-0.0207678656545754,-0.0996804088066718
5.239896219,0.205414026124327,-0.0220092112356366,-0.0996909780945254
5.249897547,0.205194939545781,-0.0206937209315687,0.0498348785364761
5.259903921,0.204999992322657,-0.0176411474482286,0
5.269896268,0.204842139159844,-0.0135437118233189,-0.0498733634588552
5.279896184,0.204729222873889,-0.00881182170709336,0.0498566724665027
5.289895224,0.204665911925244,-0.00359382360738589,0.0498614519361604
5.299893223,0.204657357043053,0.00249193484435186,-0.0498572059664574
5.309893966,0.204715747487277,0.0100845801538033,-0.0997106298904732
5.319892873,0.204859045116526,0.01915808196055,0
5.329899542,0.205099015951953,0.0286223287156989,0.0997099767786949
5.339892654,0.20543148542255,0.0370186757938474,0.0997316266944844
5.349894832,0.205839215109867,0.0435707362219383,0.0498949014407951
5.359876287,0.206302187024749,0.0482226436862179,0
5.369895282,0.206803689683781,0.0513092815888932,0.0498432289476789
5.379880936,0.207328611193377,0.0527187519707263,0.0497831447019794
5.389924075,0.207859582654221,0.0521923065117697,0
5.399909883,0.208373968134309,0.0490748333145673,0.0997390610073539
5.409918024,0.208840782368696,0.0424731412950738,0.149582617537728
5.419907254,0.209223319298322,0.0325104422220986,0.0498721984923542
5.429910754,0.209490754862223,0.0202920615488662,0
5.439891164,0.209628834030029,0.00751068551562888,-0.0498584649718872
5.449908991,0.209640955331197,-0.00437780832699343,-0.0498443976428378
5.459895045,0.209541260873215,-0.0147295093455067,0
5.469911867,0.209346322782218,-0.0234547449137046,0
5.479910452,0.209071804607686,-0.0306328596994234,-0.0498635864136664
5.48990805,0.208733782513855,-0.0360673290293357,0
5.499911307,0.208350427189533,-0.0395290495243681,-0.0498855544849254
5.509895726,0.207943688679374,-0.0405440416473011,-0.0996741833875026
5.51991827,0.207539264048425,-0.0390959784271771,-0.0498534764404055
5.529896263,0.20716174811629,-0.0355600720424089,-0.0498805084561553
5.539907968,0.206828428947439,-0.0307356640312159,0
5.549912188,0.206546545370216,-0.025689511679537,0
5.559894376,0.206314987885691,-0.0208813149213961,0
5.569910518,0.206128953943584,-0.0164945485415965,0
5.579906563,0.205984895895796,-0.0122260299136873,0
5.589905646,0.205884492910528,-0.00749334289805409,-0.099718086775554
5.599904568,0.205835043987054,-0.00204321388883196,0
5.609916471,0.205843606514961,0.0037467832533858,0
5.619925951,0.205910059769588,0.00903556027823338,0
5.629913316,0.206024289213333,0.0128907265367621,0.0998438276581864
5.639898771,0.206167523930376,0.0147464815357941,0.0498335111802196
5.649921866,0.206319344926466,0.014949313855604,0
5.659913698,0.206466733355896,0.0143626091074365,-0.0499117968090752
5.669899033,0.206606269167161,0.0135938478200559,0
5.679899275,0.20673841424823,0.012711290677013,0
5.689907502,0.206860602632622,0.0113640821229272,0.0996679737828606
5.699907634,0.206965790883051,0.00936006284613447,0
5.709913092,0.207047856212296,0.00707393487868907,0
5.719918211,0.207107344401634,0.00529031287280826,0.0498454565217865
5.729916847,0.207153682334877,0.00489027563343925,-0.0997216015907714
5.73991581,0.207205138172751,0.00643620745439659,-0.0498664962329916
5.749912162,0.207282376330333,0.00964846333117966,0.0499019973447388
5.7598969,0.207397924986933,0.0135455077444304,0.0498906040310509
5.769897815,0.207553092147822,0.0171878086296094,0
5.779921147,0.207742097912321,0.0201012165690194,0.049814256238822
5.789914099,0.207955443807413,0.0219598836085942,0
5.799920794,0.208181287832654,0.0224879640115752,0
5.809905582,0.208405011557655,0.0213015812661459,0.0498647829763674
5.819916796,0.208607234294255,0.0178870324031267,0
5.829932877,0.208763240432267,0.0118454801408334,0.0498347265990704
5.839924559,0.208844235853534,0.00288750040310806,0.0498952260253869
5.84991638,0.208820942805235,-0.00871298845010862,0
5.859909855,0.208670104200314,-0.0220932814242906,-0.0498652223051681
5.869911907,0.208379175999997,-0.0362076768290603,-0.0498365499090775
5.879916886,0.207945696087557,-0.0502305489802552,-0.049838565142086
5.889918428,0.207374237466982,-0.0635524746287919,-0.0498680474926524
5.899911579,0.206674983867964,-0.0755257234111555,-0.0997170118909159
5.909916798,0.205863846105688,-0.0871819365485442,-0.101449051268235
5.91956837,0.204961266762254,-0.0936590316906092,-0.049855184211568
5.929916351,0.203990707337463,-0.0973883581371431,-0.0980413052398216
5.939908701,0.202980355322198,-0.101310590445049,-0.149592888439628
5.949912349,0.201964900973545,-0.0999105343568946,-0.149514504727398
5.959915182,0.200981497114887,-0.0950948278802215,-0.0498590231078003
5.969910661,0.20006316493601,-0.0871738446118633,-0.0996412883044619
5.97992875,0.199236837447926,-0.0769467267870725,-0.0996968714814361
5.989913071,0.198524044958657,-0.0648545453919875,-0.0498527388800719
5.999929284,0.197939711907759,-0.0515901155527197,7.45299079700307e-07
6.009906603,0.19749257633247,-0.0375094027725984,-0.049856405425582
6.019928646,0.197189547783306,-0.0227695769087132,-0.0997092261901334
6.029906684,0.19703718294996,-0.00767558122746312,0
6.039912072,0.19703616337384,0.00690436748852185,0
6.049908789,0.197175284833424,0.0197093944226837,0.0498639027025168
6.059908427,0.197430279421551,0.0295571307370791,0.0498569812920851
6.06990792,0.197766401763019,0.0355859175380734,0.0498098711590281
6.079926174,0.198142629315591,0.0375205941226485,0.0997034239244511
6.089908866,0.198516849139954,0.03552520682135,0.0498743987531321
6.099918022,0.198852843850532,0.0304460696498475,0
6.109914423,0.19912593972176,0.023508758664493,0
6.119906639,0.199322751423622,0.0155527273571409,0
6.129906166,0.199436865850033,0.00709785213970769,0
6.139912152,0.199464747596875,-0.00160726140972236,0.0497933227423276
6.149930865,0.199404680924089,-0.0102255331536005,0
6.159920446,0.199260152123231,-0.0180663029601972,-0.0499050968866166
6.169910714,0.199043718918956,-0.0241592417780663,0
6.179906742,0.198777298365919,-0.0276307844675305,-0.0498657190146129
6.189905743,0.198491240582235,-0.0278402673185639,-0.149542460108493
6.199909483,0.198220416709375,-0.0249243164102783,-0.0498560564220552
6.209905245,0.197992766666339,-0.0200014705776111,0.0996714010466277
6.219917154,0.197820233866542,-0.0143967918081299,0.0498445370627089
6.229909369,0.197704771457807,-0.00845134473804467,-0.0498516618886353
6.239918419,0.19765119628083,-0.00169389290249587,-0.0498609853031797
6.249906894,0.197670897792142,0.00625618350866213,0
6.259908974,0.19777626086135,0.0151963368366329,0
6.269908326,0.197974846290029,0.0244648525607288,0
6.279917422,0.198265764591639,0.0331047684036768,0.0498652193842756
6.289904153,0.198636803511904,0.0400363969852415,0.149596621622345
6.299912921,0.199066312327521,0.0447625047332192,0.0498164034627255
6.309918976,0.199532717121176,0.0477532292343051,-0.0498494013612616
6.319915093,0.200021480632221,0.0500568358552241,0.0505204266797973
6.329655474,0.200520663761919,0.0499363101562653,0.100265602779913
6.339804193,0.20101466889855,0.0476530207199358,0.0492356520637221
6.349906984,0.201485709387559,0.0450027315143576,0.0496706288652048
6.359878056,0.201918047565595,0.0407078870509218,0.0498422124858493
6.369911742,0.202300060816704,0.0353219701763375,0.0497640691409554
6.379914227,0.202625764600105,0.0297920262633228,0
6.389915799,0.202896022208221,0.024564172422185,0
6.39990898,0.203116919160336,0.0200322648875974,0.0498600930474397
6.409913383,0.203296619108021,0.0163868444668422,0
6.419903096,0.20344455962948,0.0137470823268989,0
6.429909387,0.203571505821218,0.0121487962978727,0
6.439910511,0.203687625638762,0.0114715736862093,0.049837810345361
6.449916211,0.203801015576961,0.0115722172005424,0
6.459914241,0.203919113147143,0.0124559117185117,0
6.469919442,0.204050174056382,0.0141495714764377,0
6.479907221,0.20420200524668,0.016451308811266,0
6.489913991,0.204379110556523,0.0189274875380948,0.049829145521935
6.499917524,0.204580750007346,0.0211066619472509,0
6.509909829,0.204801155949541,0.0224922031976177,0.0498532523548618
6.519917852,0.205030601448741,0.0228150293688079,0.049856799607978
6.529908734,0.20525743155446,0.0220303935578236,0
6.539919322,0.205471241704576,0.0202866930916464,0
6.54992337,0.205663462332333,0.0177286089698622,0.04988929428443
6.559905201,0.205825563538286,0.0142884421142852,0
6.569909562,0.20594903387981,0.0100170731298005,0
6.579914281,0.206025995955906,0.00501479884683118,0.0498617835661198
6.589906468,0.206049314340959,-0.000549762794703989,0
6.599920626,0.206014997211767,-0.00617995040895908,0
6.609909073,0.205925699234009,-0.0111182833556371,0
6.619911123,0.205792737201701,-0.0144819328165687,-0.0499368952827158
6.629875901,0.205636540972353,-0.0154401747905722,-0.0498611651920065
6.639908277,0.205483977648627,-0.0136320729452583,0
6.649907909,0.205363463178057,-0.00913082534463158,-0.0498370256854168
6.659915117,0.205301298686889,-0.0022396662167896,0
6.669908145,0.20531866932516,0.00644125946297204,0.0498636736917521
6.679911265,0.205430099064417,0.0163455403892165,0
6.689907258,0.20564556563445,0.0270253265667434,-0.0498477343011724
6.699913807,0.205970674294132,0.0377385572074708,0.0498285228645285
6.709917512,0.206400723749765,0.0473075853571834,0.0997408099987151
6.719907256,0.206916516089284,0.0543507000733615,0.0498736946933748
6.729909941,0.207487326262082,0.0579761212342175,0.0997014196005958
6.739908903,0.20807613400064,0.0578916685506851,0.0997160196356537
6.74990851,0.208645076790118,0.0543016280852701,0.0498686490477487
6.759903056,0.209161849060726,0.0479470899446934,0.0498640452504534
6.769904509,0.209603826752705,0.0397881967339529,0
6.779910797,0.209957920995836,0.0306334054059106,0
6.789909279,0.210216640982167,0.0208439822809034,0.0997477167405818
6.799903011,0.210374638350208,0.0107278768616572,0
6.809909402,0.210431199838929,0.000943634654310994,-0.0498757278989579
6.819894625,0.210393503129974,-0.00785786131939176,0
6.82991142,0.210274026755377,-0.0153028717289005,0
6.839906662,0.210087261494729,-0.0212314632425763,-0.0498600032885923
6.84990904,0.209849448021408,-0.0255017675363247,-0.0498401072421556
6.859912265,0.209577083257599,-0.0282662065697039,0
6.869918102,0.20928386774165,-0.0298134716222491,0
6.879904371,0.208981049172699,-0.0301558299967497,-0.0498637933879094
6.889914202,0.208680868749452,-0.0291865474081289,-0.049875087309993
6.899895943,0.208397564208758,-0.0268034534951593,0
6.909882102,0.208145660070406,-0.0229016755481609,-0.0498205708368855
6.91990969,0.207939215868461,-0.0177382351072585,-0.0497874227508162
6.929909174,0.20779041515876,-0.0116697169116911,0
6.939903398,0.207705894956086,-0.0052262110746861,0.0498441732752556
6.949913444,0.207685868621345,0.0011326561477157,0
6.959902477,0.207728547035864,0.00736809916511743,-0.0498594245100459
6.969911595,0.207833216981032,0.0134149438921595,0
6.979892357,0.207996710154475,0.0187651009754793,0.0498457704911958
6.989915224,0.208208587099093,0.0227294186157666,0.0498060299998646
6.999911947,0.208451743796101,0.0248693102833177,0
7.009917076,0.208706019362722,0.0249054315304678,0.0498536561628531
7.019912113,0.208949856561012,0.0227944757287832,0.0498723406802075
7.029909749,0.209161741862174,0.0186735758942334,0
7.039904383,0.209323183732155,0.0128323176361331,-0.049855495815379
7.049909177,0.209418380874811,0.00533313913601945,0.0499427733078718
7.059868861,0.209429657071107,-0.00407086516865221,0.0498474327625277
7.06991184,0.209336952730724,-0.0152300384463789,0
7.079912725,0.209124388251773,-0.0274676433839693,0
7.089909494,0.208787664302136,-0.0393648490356355,-0.0997326591706548
7.099907808,0.208337284828023,-0.0495723271356404,-0.0498603024860085
7.109906994,0.207796341690241,-0.0570331181500321,-0.0498545333281371
7.119907921,0.20719661602028,-0.0610471949303405,-0.0997999639498685
7.129888891,0.206576502929004,-0.0610864811070674,-0.0999204715489773
7.13986557,0.2059774734717,-0.0568621692697869,-0.0498120136650641
7.149905777,0.205438299369018,-0.0492432720417346,-0.0497978606130346
7.159888145,0.204991496363999,-0.0387252813031158,-0.0497723288525253
7.169938623,0.204662521772366,-0.0262155564185561,-0.0499716487209599
7.179841385,0.204468411075046,-0.0123802253948928,0
7.189905322,0.204415329538354,0.00150933799713152,0.0497550511531812
7.199881487,0.204498658362461,0.014502884038981,-0.0498381690577843
7.209912002,0.204705484098399,0.0257424536425944,0
7.219860722,0.205012972893263,0.0339859044432237,0.0998505529189307
7.229883626,0.205384237803239,0.037904517252645,0.14922709693693
7.239905735,0.205772769434351,0.0375445612386632,0.0497855053502335
7.24991117,0.206136163155407,0.0337362612737987,-0.0500038364396065
7.259846131,0.20644548384371,0.0272846006432176,0
7.269910625,0.206681840298164,0.0191624516145869,0.0498558071368102
7.279845733,0.206828725249346,0.00939930599901003,0
7.289910706,0.206869827179488,-0.00193757436789564,0
7.299806255,0.206790050253549,-0.0146229486951958,0.0498671621155885
7.309905754,0.206577440618426,-0.0279149796181014,0
7.319906444,0.206228953887294,-0.0411134280608081,-0.05000366090366
7.32984622,0.205757619704036,-0.0518086862750481,-0.149621307212464
7.339898644,0.205193184269546,-0.0590347430384486,-0.0994040232277398
7.349907408,0.20457331262541,-0.0631301955909381,0
7.359843837,0.203934040334357,-0.0631687175716573,-0.0498305276070943
7.369917156,0.203309322505318,-0.0599598039700699,-0.0997192507705636
7.379841758,0.202734968911388,-0.053305738083587,-0.100062179901325
7.389846392,0.202246979870896,-0.0428562363213434,-0.0496811670665165
7.399911363,0.201874861176632,-0.0303851817807223,0
7.409916859,0.201637135082677,-0.016716379874424,-0.0499404153752245
7.419877082,0.201541106633362,-0.00273073196052286,0
7.429908888,0.201582542210131,0.0101998498898937,0.0498534390513329
7.439877634,0.201745109261477,0.0210479793097314,0.0498385552343063
7.449914815,0.202003626547699,0.0293336692950415,0.0499951912448263
7.459820882,0.202330117902978,0.0347097596379076,0
7.469916097,0.202697866238369,0.0374479162627623,0.0497018798368973
7.479882423,0.203081380810448,0.0379454011772933,0.0997066338281509
7.489916698,0.203456797067101,0.0362345602018951,0
7.499877118,0.203805879790144,0.0330370102002443,0
7.509915632,0.204117502053653,0.0289147227209891,0.0498410389430842
7.519882646,0.204384334085151,0.0241488921871204,0
7.529907529,0.204600284218922,0.0188591696751812,0.0500298874802782
7.539812361,0.204760191961914,0.0130148217840255,0
7.549908037,0.204860587266132,0.00690467033430104,-0.0496041049425733
7.559913145,0.204898981248895,0.000558972159823209,0.0996853219262123
7.569912615,0.204871769268303,-0.00602262069306738,0.0499369828176217
7.579879938,0.204778728828199,-0.012015012669552,-0.0997231133218675
7.589909612,0.204631505095995,-0.016295973776229,-0.0498556329222947
7.599879311,0.20445281957025,-0.0181974807564649,-0.0498447388922817
7.609913655,0.204267481908451,-0.0179262499245118,0
7.619819712,0.204095362958329,-0.0158212961587537,0.0498697011120303
7.629907685,0.203951150438414,-0.0122549950078867,-0.0496297787006875
7.639910398,0.203849151701694,-0.00731419878814392,-0.0498575222697076
7.649906599,0.203804874405871,-0.000870250371711478,0.0498580632590702
7.659909095,0.203831747828196,0.00678498004747044,0
7.669910328,0.203940599308011,0.0154501197101861,-0.0499292795337462
7.679879267,0.204140289376229,0.0245981606962601,0
7.689915106,0.204432680051948,0.0334350824796072,0.0999955572176585
7.69982193,0.204807073958497,0.0405619637803956,0.0997765234597009
7.709901548,0.205243369388451,0.0454931808258752,0
7.71989299,0.205720170320444,0.0486238566992217,0
7.729911474,0.206216329162837,0.0493323243447397,0.0997552312348819
7.739883698,0.206706358411381,0.0472790823699053,0.149538749420357
7.749914811,0.207162068580533,0.0427447318467377,0
7.759907538,0.207562272082723,0.0366508541868097,-0.0497554806768528
7.76995474,0.207896549096226,0.029971086289444,0.05014610621534
7.779791361,0.20815821185762,0.0221579879013761,0.0499771841416222
7.78990577,0.208338623777586,0.0134460566192571,0
7.799881628,0.208428346725198,0.00406830718048599,0.0498386299406442
7.809911966,0.208420015128427,-0.00581597402235322,0
7.819922743,0.208311788120979,-0.0154224398324015,0
7.829916329,0.208111499043674,-0.0236405656276152,-0.049842655890346
7.839927622,0.207838861466107,-0.029504649030236,-0.149610041671104
7.849910134,0.20752158884437,-0.0329724816637456,-0.0501837266784584
7.859796539,0.207183733964646,-0.0342787928047838,0.0498778086760497
7.869900914,0.206836329038744,-0.0349581396804417,0
7.87991413,0.206480460408434,-0.0359929067129024,-0.0498168446072881
7.889916158,0.206115922228616,-0.0367269911641359,0
7.899909002,0.205746108921162,-0.0367355447317632,-0.0498002284312325
7.909937781,0.205380417001297,-0.035465805177545,-0.0497547644139065
7.91994892,0.2050353770936,-0.032455831963437,-0.09976562166349
7.929926407,0.204731669514661,-0.0276622005488701,-0.100298862925957
7.939831276,0.204485387374544,-0.0216038988229645,0.0997551613738101
7.949917129,0.204299791979175,-0.0156842320852598,0.0993239153907827
7.959908794,0.204170486922536,-0.00999366692541875,-0.0997162140961877
7.969915659,0.204099933331357,-0.00351994700312088,-0.0998088485066739
7.979888763,0.204100158490532,0.00411688527862509,0.0498619751858859
7.989912787,0.204182259213235,0.0123941217158181,-0.0497883102708058
7.999915478,0.20434837203381,0.020262746882787,0
8.009901151,0.204587278373568,0.0263590337229285,0.150484189173252
8.019793141,0.20487232802316,0.0290373486552036,0.0498107893533306
8.029918529,0.205168529957717,0.0284107956270665,0.0495503116725518
8.039915747,0.20544402726971,0.0253827250257107,0
8.049912493,0.205676031248103,0.0202909655659665,-0.049934892067757
8.059883376,0.205849189742183,0.0136681849607432,0.0498303731142671
8.069922004,0.205949524945425,0.00565006963505754,0.0498338224661314
8.079891502,0.20596223704735,-0.00366227348772707,0
8.089908623,0.205876328480552,-0.0136970871660274,0
8.099787258,0.205689723143184,-0.023264472676562,-0.0498604200279197
8.109905777,0.20541110523771,-0.0314203285839296,-0.0990567575174742
8.119918775,0.205057184264151,-0.038199835862242,-7.44513103611767e-07
8.129920416,0.204646549313068,-0.0430810262536066,-0.0499040553376527
8.139899041,0.204196413900051,-0.04624963356314,-0.0997451173683305
8.149913151,0.203721892645393,-0.0481756127484495,0
8.159886628,0.203233499648963,-0.0492853260980129,-0.0498714301930487
8.169906189,0.202736529247873,-0.0502019046481883,0
8.179781499,0.202234739232033,-0.0500512720532598,-0.0498570984613583
8.189905273,0.201735549653773,-0.0488353546718964,-0.0991643585868031
8.199891322,0.201252668893439,-0.0465960157387851,-0.0498378701485107
8.209911774,0.200803326418299,-0.0424353344328951,-0.0498448660936729
8.219895015,0.200403805491091,-0.0368289125034263,-0.0498651973669922
8.229907311,0.200066912535667,-0.0301782754722773,0
8.23986766,0.199801065508371,-0.022739575001576,-7.44954762000185e-07
8.249910084,0.199612057978794,-0.0148186059705347,-0.0500729100697022
8.259780549,0.199505984252545,-0.00613702757127541,0
8.269926242,0.199489218265277,0.00294696468927689,-0.0495221627594523
8.279914292,0.199565317682229,0.0121234759789359,0.0499167192255991
8.289901439,0.199731387086281,0.02068850437905,0.0996967146529048
8.299916584,0.199979135187862,0.0285226267618275,0
8.30990685,0.200301993957451,0.0359975191066479,0
8.319919044,0.200699174123892,0.0434937578342454,0
8.329897934,0.201171481323791,0.0510932546471065,0.100247274752384
8.339811483,0.201715543575271,0.0576579215292014,0.0997287239050095
8.349893806,0.202324401742475,0.063480867005462,0
8.359917519,0.202991892172594,0.0693321643277671,0.0498313942509544
8.369903206,0.203711696751375,0.0740367794403159,0.0997169691814297
8.379916047,0.204472518779261,0.0771690960889386,0.0498199410475165
8.389917206,0.205256159040499,0.0782538007887933,0.099718430838467
8.399913983,0.206037433279192,0.0765352885496565,0.0998298374597553
8.409892825,0.206784998804622,0.0717955339109552,0.100297191016911
8.419796819,0.207464932105476,0.0630220301427741,0.0996364868674936
8.429907507,0.208046364696924,0.0516890916998489,-0.0495743160896689
8.439909982,0.208504563232157,0.0385496456838483,0.0498900107119132
8.449893099,0.208816802187306,0.0226920597187961,0.0997569877739494
8.459900338,0.208958185584309,0.00451545831900671,0.0498226542735477
8.46990571,0.208907168298131,-0.0151011297416598,0
8.4799129,0.208655973289084,-0.0345310946525874,-0.0498886128237209
8.489891862,0.208217024591678,-0.0520819642368416,-0.150605384694756
8.499774567,0.207621538658706,-0.0652770396137229,-0.0995976841401085
8.509914192,0.206910026163109,-0.0744661533956051,-0.049516164216165
8.51991105,0.20612205222678,-0.0808564469935297,-0.0498805733343204
8.529903864,0.205293732308623,-0.0830012923018732,-0.0498578865694155
8.539909519,0.204462153455721,-0.0813309662577431,-0.199526155681697
8.549892925,0.203668002662908,-0.0755780238193733,-0.0498457605238501
8.559913152,0.202950318404373,-0.0663158675363261,-0.049808355839211
8.569911281,0.202340468018117,-0.0548223801235321,-0.100377168782916
8.579779849,0.20186117878964,-0.0407946391783871,-0.0498623068178509
8.589908276,0.20152469782244,-0.0264065244879377,0
8.599909698,0.201329619439083,-0.0130970610361085,0.049852494372637
8.609909207,0.201262744408354,-0.00119314892282863,0
8.619721402,0.201305981125796,0.00889358144483897,-0.0498629052626267
8.629905962,0.201440587177579,0.0168147385071639,0.0494337741139269
8.639891446,0.201645135141334,0.0227519308387743,0.0997302621361379
8.649901675,0.201895528256827,0.0264564471492073,0
8.659785944,0.202171472876231,0.0282444155140566,0
8.669908991,0.202460623203252,0.0290172190182848,0
8.679913268,0.202755511844991,0.0294064258198153,0.0498473056688205
8.689911705,0.203048831528688,0.0288692680143334,0.0498842748766397
8.699901158,0.203332547598442,0.0275375069021015,0
8.70991554,0.203599687273069,0.0256025701406293,0.0498155255012841
8.719916932,0.203845002856196,0.0233301183764696,0.0498892760236657
8.729901725,0.204065967335013,0.0211057834864937,-0.0502015799093945
8.739778783,0.204264202783043,0.0188634163736092,0.0498289337425711
8.749911814,0.204443425975493,0.0170708454460092,0.0495308904125839
8.75990958,0.204607852507335,0.0160235593217245,-0.0498950936942368
8.76989537,0.204763633670518,0.0154413331824619,0
8.779906524,0.20491663198227,0.0151848684218277,0.049785932920407
8.789922742,0.205067746679173,0.0148587486247074,0.0498850660339811
8.799894097,0.205213622305095,0.0141905582374689,0
8.809911334,0.205351395958034,0.0134248427832163,0
8.819804344,0.205480914240845,0.0125886514292388,0
8.829908958,0.205603139075983,0.0118165834288232,0.049545805853343
8.83992878,0.205718716317797,0.0113119801529188,0
8.849905348,0.205829337842793,0.0109712555623087,-0.0499055175462372
8.859908162,0.205937915223696,0.0107106044430405,0
8.869907552,0.206043573537826,0.0100059129495739,0.0997024441765565
8.879909454,0.206138046410327,0.00832705436748461,0
8.889908036,0.20621011865547,0.00571015725965936,0
8.899805262,0.206251654602815,0.00249938669837423,0.0498467449690245
8.909910975,0.206260113735135,-0.000628680926016942,-0.0992043761393713
8.919906973,0.206239017040529,-0.00331671876285415,0
8.92991169,0.206193776988424,-0.00560753958390614,0.0498311351682371
8.939916178,0.206126814631449,-0.0077550964981359,-0.0497949011569022
8.949935455,0.206038490758593,-0.00991986702087655,0
8.959906,0.205928518255438,-0.0120435598326199,0.0997973603042286
8.969917724,0.2057978331063,-0.0136933215751318,-0.050134207365405
8.979794245,0.205656182121088,-0.013590094749419,-0.0997347461741309
8.989912538,0.205526101689543,-0.0110591422353756,-0.0991772650605521
8.999901451,0.205433813669978,-0.00657858611548241,0
9.009907096,0.205394565767899,-0.0013636845286226,0.0996153162878624
9.019920237,0.205406514361228,0.00311402193172282,0
9.029906984,0.205456845857763,0.00615140012167519,0
9.039924277,0.205529567215318,0.00758770402235009,0.049865728555537
9.049902308,0.205608564458106,0.00770868866961536,0
9.059463491,0.205680188932893,0.00628893221638429,-0.0498446692435792
9.06990608,0.205734366824286,0.00393079069733053,0
9.079908763,0.205760555017875,0.000485132993032292,0.0498467923165234
9.089909,0.205744070900735,-0.00454565254210673,0.0498571610921883
9.099907523,0.205669647603642,-0.0108040504385055,-0.0499798717844759
9.109858659,0.205528533778668,-0.0175071588353366,-0.0499476018273857
9.119870071,0.205320160105048,-0.0240065052917019,0
9.129852981,0.205048539981771,-0.0307126626994928,-0.0510285193875913
9.13940976,0.204720044227538,-0.0352068039857672,-0.0497188198425831
9.149907387,0.204342488440678,-0.0388263730708492,0
9.15991011,0.203924089990355,-0.0434507856618109,-0.0997072298144417
9.169907719,0.203473458301781,-0.0463119164330651,-0.0498525093276934
9.179911035,0.202997808823171,-0.0486147318896648,0
9.18992023,0.202500555445077,-0.0506563473751636,0
9.199909808,0.201984744031006,-0.0520040391212211,-0.0498744960480546
9.209912039,0.201460900627737,-0.0529176069765588,-0.1529636582492
9.219465166,0.200949921282076,-0.0491945336381235,-0.0498439963668393
9.22991638,0.200476796401504,-0.0433224861128442,0
9.239914167,0.200064019720232,-0.0373134324124326,-0.0997469883039828
9.24990874,0.199730812827879,-0.0294393516145966,-0.0512362861814893
9.259374912,0.199491108005495,-0.0189722894231199,0.0996708206680408
9.269916378,0.19935122212907,-0.00858237637983733,-0.0485525792201399
9.279911028,0.199314859328603,0.00180696930534529,-0.0498731832996555
9.289909012,0.199387348205041,0.0131061673750963,0
9.29946086,0.19957108269895,0.023561717750282,0
9.309913652,0.199858691886417,0.032313803800448,0.146279634400624
9.319909872,0.200231868060631,0.0405184247991969,0.0498796251317924
9.329903704,0.200668657305111,0.0459261838324723,-0.0498599605541814
9.339907808,0.201150296945637,0.0494958525589656,0.0996895701002406
9.349907579,0.201658766152719,0.0525099645182895,0.102219917220977
9.359416508,0.202174698090435,0.0511359084162109,0
9.369904535,0.202681328663338,0.0494518377903394,0.0497590252341046
9.37945471,0.203165624005349,0.0467072144470316,0.0498466851617949
9.389907498,0.203615611345755,0.0416574781921542,0
9.399920351,0.204018170998995,0.0370929737804144,0.0996960839772637
9.409910066,0.20435756607612,0.0299875651021692,0.0498783875321991
9.419910899,0.204617638858573,0.0214596013530027,0
9.429905749,0.204786665462081,0.012113302382302,0.0498576896164662
9.439909447,0.204859887317704,0.00266367105372397,-0.0498524372808784
9.449906404,0.20483994062786,-0.00644208855128352,-0.0510086951196251
9.45945673,0.204733961989681,-0.014632640580248,0
9.469902492,0.204547345059145,-0.0220973708377027,0.0487462766880687
9.479911244,0.204281971008518,-0.0302182983220579,0
9.48990937,0.203942771251248,-0.0367879528915668,-0.0498345348105551
9.499919084,0.203545923533136,-0.0411347108685693,-0.099770213704813
9.509897076,0.203120582744012,-0.0421878259670125,-0.0997444687936882
9.519911949,0.202702468023934,-0.039773619613627,0
9.529891123,0.202325347124097,-0.0350391102413416,-0.0510170207931397
9.539456042,0.20201766039474,-0.0261286395511842,-0.0498077188850062
9.549909735,0.201802288026834,-0.0159588040955362,0
9.55968016,0.201694907657573,-0.00495937174918064,0
9.569907498,0.201703111685965,0.00654311479054696,0
9.579910946,0.201827280012674,0.0178642628799984,0
9.58990781,0.202060402517215,0.0280030294078684,0.0498982148989221
9.599893252,0.202386845115229,0.0361254689319452,0.0498578865694141
9.609906279,0.202782856587761,0.0425272785581656,0.050947187713053
9.619464134,0.203219141465672,0.0440215442225051,0.0498511985191684
9.629907431,0.20366333818503,0.0422341642145951,0.0974960893368386
9.639918059,0.204082995892955,0.0394541005294227,0.0997191759734047
9.649905367,0.204452338762355,0.0338430501088444,-0.0498819389875116
9.659906885,0.20475947873289,0.0276450969821167,0
9.66990823,0.20500531984991,0.0218687481885871,0.0498313543253295
9.679916002,0.205197053074039,0.0170099500310119,0
9.689908114,0.205345516877376,0.0137110335230645,0
9.699457086,0.20546498153184,0.0112863934972874,0
9.709902051,0.205571176317918,0.0105015915804553,0.0487172195284518
9.7199238,0.205679914603262,0.011863265595931,0
9.729918314,0.205808634562125,0.0148397223468229,-0.0498806363751357
9.739913148,0.205976550977476,0.0195383265399607,0
9.749902591,0.206199093891816,0.0253143540890661,0.0997013575019575
9.759914658,0.206482876283932,0.031483195906336,0.0498487236725837
9.769904736,0.206828825341398,0.0385688510105912,-0.0510147318631453
9.77945992,0.207236714581973,0.0437136701763288,0.0997070226738646
9.789905259,0.207703121607174,0.0480432138342771,0.0487463831855896
9.799914695,0.20821942771123,0.0535427728960262,0.0498573455758011
9.809903945,0.208773906709891,0.056689502323747,0.049873574951467
9.819907172,0.209352791282579,0.0581489460870461,0
9.829921693,0.209937917659127,0.0574831261875587,0.0996969638667575
9.839909414,0.210502582683499,0.0537787643183125,0.149682918277502
9.849905664,0.21101263092568,0.0477293515313489,0.0509876405585035
9.859465061,0.211435961033585,0.036898662163559,0
9.869903643,0.211750529596755,0.0249011876247216,0.0487889725256842
9.879901675,0.211944856993213,0.0137025770531161,0
9.889333435,0.212016767818761,0.00141970284505543,0
9.899906518,0.211973257925735,-0.00912636936150304,-0.0484367924482853
9.909918642,0.211828899616296,-0.018591952461199,-0.0498429549692388
9.919910978,0.211601335956403,-0.0260742058153427,0.0498676489089967
9.929913196,0.211307557500114,-0.0324382612344328,0
9.939459454,0.21096721738518,-0.0350109489789009,-0.149559444994487
9.949913765,0.210607318599306,-0.035815967360809,-0.100416621301383
9.959318494,0.210255946656723,-0.0338771118298802,0
9.969912633,0.209929814711599,-0.0304269127314668,0
9.979901927,0.209629656337118,-0.0292646529854749,7.45003999937713e-07
9.989914084,0.209344479188878,-0.0285656579148423,0
9.999912915,0.209058029299372,-0.0294894524733506,0
10.009903774,0.208754994175666,-0.0323407557722114,-0.0510126879718543
10.019458668,0.208425904875215,-0.0343966203806049,-0.0997079377290359
10.029903964,0.208067055232696,-0.036757666376112,-0.0487649524543632
10.039905654,0.20767432138543,-0.0414777008161374,0
10.049901219,0.207237615072662,-0.0477391285357351,0
10.059420359,0.206742706375098,-0.0530002309950418,-0.0498719235696289
10.069894358,0.206177974087346,-0.0587122356917397,-0.0486638286303087
10.079909834,0.205539723489698,-0.0671814632781196,-0.0996547648043745
10.08990507,0.204833625173949,-0.0750599433457604,-0.102005737529669
10.09945935,0.204072337926301,-0.0781035217409812,-0.0498644562988761
10.109901203,0.203271856765448,-0.0793015332948683,-0.0974961179365697
10.119913269,0.202450310787712,-0.0822086523252677,-0.0997010810598632
10.129902619,0.201627567311491,-0.0814088509555716,-0.0997391158804696
10.139907207,0.200822627269055,-0.0788357180360508,-0.0498612072130138
10.149900055,0.200051055085551,-0.0759006977887568,-0.050567985418201
10.159625143,0.199326022167701,-0.0693961158096792,-0.049836539947049
10.169907389,0.198662623818244,-0.0627585945529902,-0.100536454720011
10.179460364,0.198081191575093,-0.0528753783045456,-0.0997247989240602
10.189904048,0.197605292908792,-0.0403976925670854,-0.0487736232736516
10.199903715,0.197255327366354,-0.0281285832676831,-0.0498405431667155
10.209909775,0.197042560151042,-0.0144044243489401,0.0498443950354648
10.219907896,0.196967178654477,-0.000989020849736188,0.0498813394084779
10.22989914,0.197022790252284,0.0118753663023045,0
10.239906883,0.197204673950777,0.0245445884250935,0
10.249909082,0.197513926043084,0.0383673400644917,0
10.259461168,0.19795491985309,0.0523172544202552,0
10.269305993,0.198528719170838,0.0622237018387379,0.0975921612940478
10.279894805,0.199226376389259,0.0727411428525444,0.0967879506377085
10.289909413,0.200027435488309,0.0838381581928438,0.0996676998111832
10.299903219,0.200903844967379,0.0899357569828798,0.14959966371986
10.309904605,0.201825718216847,0.0931190167091119,0.0498376808268632
10.319909796,0.202766837745334,0.0939510629945903,0.0498417166787233
10.329909562,0.203705205192158,0.0946676859779082,0.101988720412809
10.33946272,0.204617867814516,0.0886092567467307,0.0997234645249583
10.349906638,0.205477131233626,0.0798724118430585,0.0975104207797424
10.359913486,0.206251319818974,0.0732566505298562,0.153001466971866
10.369457261,0.206909344390378,0.0588725485032083,0.0498713274027508
10.379906864,0.207428380935022,0.0434948447542667,0
10.38990342,0.207798646901904,0.0296724088181856,0.0498611797858509
10.399904311,0.208021753357726,0.0154041257147486,-0.0498415920318849
10.409908726,0.20810681115049,0.00231016276549339,0.0509816403582278
10.419461675,0.20806693405183,-0.00934465251996748,0.0498598633174095
10.429906701,0.207919937023012,-0.0182919429497714,-0.0975352400647187
10.439907237,0.20769294499815,-0.0249246011383309,-0.0498364253652929
10.449914081,0.207421261056689,-0.0275118723648031,0
10.459923863,0.207142250138464,-0.0268863927648607,-0.10120148542265
10.469619105,0.206891464041984,-0.0222495598153823,-0.0498955896821397
10.479907519,0.206697622588962,-0.0154932031663214,0.0491357567766686
10.489911484,0.206577070091409,-0.00838091792058565,-0.050993042905582
10.499460802,0.206533748129061,-0.000768450507914317,0.0498623816226631
10.509908449,0.206561703413498,0.00555835807489677,0
10.519905117,0.206647384952427,0.010504669037618,0
10.529911807,0.206771832068929,0.0132802776076152,0.0996990496432054
10.53990709,0.206913016706567,0.0139180856744629,-0.0498834106714133
10.549900342,0.207050034211566,0.0125576994511062,0
10.559916776,0.207164292329466,0.00935199302985966,0.0499252945445592
10.569872108,0.207236810027992,0.00438268562442596,0.0510131789117754
10.579462633,0.207249955675957,-0.002136132143584,0
10.589909456,0.207194007604857,-0.00875723481655401,-0.0487748042702576
10.599905489,0.207070932785644,-0.0151209094039661,-0.0498557971654559
10.609909062,0.206891595374416,-0.020032765307571,0
10.619902521,0.20667033693674,-0.0234868541969954,-0.0498720637888171
10.629901846,0.206422027771616,-0.0255136842036519,-0.0498485639963259
10.639905029,0.206159999264347,-0.0263660655902517,0.0498406603185401
10.649907227,0.205894564584012,-0.0267992423260281,-0.0509764255561331
10.659464686,0.20563581527659,-0.0248951833230082,-0.0498371900919152
10.669914001,0.20539649227758,-0.0218389209293218,-0.0487795825710749
10.679905234,0.205189415765066,-0.0187362620943286,-0.0498674319265847
10.689908642,0.205021867443322,-0.0148732326813459,0.0498598013323607
10.699902935,0.204891985305001,-0.0114768861190624,0.0498534293316349
10.709908899,0.204792326771381,-0.00869855411673247,-0.0498402617036962
10.719908476,0.204717966023978,-0.00618439086361751,-0.0498600357014709
10.729906506,0.204668653753356,-0.00379239396809172,0
10.739464278,0.204643802718432,-0.00151948098698446,0
10.749905885,0.204638265077214,-0.000108025277075811,0
10.759906437,0.204641594448542,6.63170703337066e-05,0.0498534542580437
10.769906132,0.204639591435001,-0.00116290541238272,0
10.779905704,0.204618337192704,-0.00362912464328761,-0.0498608859313056
10.789903398,0.204567018864162,-0.00712015486573697,0
10.799916457,0.204475857532364,-0.0116766960603331,0
10.809915544,0.204333343117805,-0.0178488524782954,0
10.819463452,0.204126966102215,-0.0243612806255699,0
10.829905433,0.203846363822202,-0.0313267642809014,-0.0487686470152247
10.839908889,0.203486476716696,-0.0399012391665263,-0.0498501515245744
10.849907304,0.203048264383653,-0.0474165753198715,0
10.85990354,0.20253839884156,-0.0539032992011136,-0.0997417748046954
10.869900709,0.201970553891889,-0.0587003821000558,-0.0996911199968595
10.879907104,0.201364181991397,-0.0614646557971033,0
10.889913048,0.200740502363559,-0.0634438288138755,-0.0509762874277811
10.899466814,0.200123239098508,-0.0599940608872806,-0.149611544251323
10.909906453,0.199541016806645,-0.0538857846460681,-0.0975482699988056
10.919909645,0.199021661109686,-0.0478623541722378,0
10.929919806,0.198583130617185,-0.039472225241092,0
10.93990375,0.198232449293632,-0.0305803083134888,0
10.949895403,0.197972270702179,-0.02127148408531,-0.0498464806746794
10.959907094,0.197806948480083,-0.0114692353096089,-0.0498189627896782
10.969909796,0.197742720919283,-0.00121246996969345,0
10.979466251,0.197783233589588,0.00914255331994199,0
10.989911468,0.197925587272031,0.0184015170094531,0.048762014378221
10.999914469,0.198159511820928,0.0272043190645372,0.0498491022991292
11.00991376,0.198469736005621,0.0340646969147632,0.0498810213272447
11.019903364,0.198840427470764,0.0395026739432635,0.049881525410541
11.029902453,0.199259342827752,0.0439335709333209,0
11.039908919,0.199719342940417,0.0477589595555289,0
11.04990996,0.200214880545372,0.0519286926114125,0.0509814046349433
11.059466958,0.20073496633573,0.0522207981818729,0.0997002332655183
11.069911845,0.201259394945214,0.0502674397759535,0.0975602139249576
11.079907439,0.201762456983389,0.0481371804148757,0.0997339709948832
11.089906665,0.202221889202917,0.043226968272971,-7.45122093221798e-07
11.09990572,0.20262692204169,0.0378561140760511,0
11.109912188,0.202979220563756,0.0329912155112761,0
11.11991149,0.203286936711229,0.0289013336243538,0
11.129909598,0.203557172381789,0.0258287454475478,0.101975708717692
11.139467055,0.203792032421697,0.0217448276327934,0.0498497702095038
11.149911622,0.203992112945976,0.0180996163386291,-0.0487706579120641
11.159911649,0.204162071729296,0.0159088962705674,0.0498524273107187
11.169912281,0.20431030135535,0.0142905132877521,0.049854829962696
11.179911643,0.204447881909308,0.0139458058747551,-0.0996855435844204
11.189916964,0.204589282781054,0.0149419113708324,0
11.199907893,0.204746664104557,0.0166789851490392,0.0997264118713358
11.209913449,0.204922803857402,0.0187972401662148,0.0509766835714821
11.219467451,0.205114329813828,0.0198485104447078,0
11.229919371,0.205319891609175,0.0208895259973237,-0.0487712339422826
11.239911498,0.205541396265125,0.0229516137256954,0.0499194494511437
11.249893177,0.205778322689119,0.0242203719300254,0.0997339161270242
11.259906329,0.206025678508623,0.0249752762443196,-0.0498102394280181
11.269910776,0.206278267753892,0.0253060278143072,0
11.279866308,0.20653078629237,0.0247915575113661,0.0997581754689448
11.289900894,0.206773853913948,0.0237671214989689,0.0508658267214573
11.299468787,0.206996680792444,0.0210010566305846,0
11.309902206,0.207193902599946,0.0181440540261544,0
11.319907092,0.207367514502567,0.016511176688086,0
11.329894386,0.207523997016306,0.0152122152321339,0.0498327117069731
11.339915963,0.207671893754771,0.0149009183359552,0
11.349917886,0.207822365554606,0.0158292478224372,-0.049838784361259
11.359922396,0.207988580540771,0.0179488276145967,0.0498919920241091
11.369902983,0.20818107461552,0.0213254150232826,0.0510084423416261
11.379470068,0.20840544275891,0.0241852202661568,0
11.389903795,0.208664798659242,0.0271456353933588,0
11.399908925,0.208960268518889,0.0311126814295998,0
11.409896073,0.209286812035708,0.0334693667180227,0.0997071129131336
11.419909131,0.209629662747939,0.0340250743194842,0.099589861996798
11.429919826,0.209968121719688,0.0327309841879606,0
11.439910916,0.210284340856505,0.0299669344129151,0
11.449901031,0.210566897179414,0.026781952428812,0.0509778545940686
11.459470317,0.210808179803623,0.0218434614080125,0.0498548000498104
11.469901037,0.211003766538635,0.0169154776101361,-0.0487780278470186
11.479911822,0.211153957623768,0.0128488862892446,0
11.489917367,0.211260954086733,0.00852074049327214,0.0498642642843314
11.499908032,0.211324340140027,0.00409294178618975,0.0498749825283727
11.509908981,0.211342778599047,-0.000253539472512822,-0.0499029364078311
11.519888746,0.211319274240339,-0.00410283591144691,-0.0498723980544868
11.529901631,0.211260752036662,-0.00752673153213906,0
11.539470021,0.211171891240357,-0.0104850859101023,0
11.549902445,0.2110510417836,-0.0136857580540445,0.0487758135308569
11.559912454,0.210892121048283,-0.0180617305187784,-0.04986347878569
11.56989897,0.210689869937738,-0.0224459410220654,0
11.579909458,0.210443269475881,-0.0266266948405007,0
11.589904341,0.21015719302895,-0.0299119053102868,-0.0498467149150762
11.599912708,0.209844934155983,-0.0314847069025777,-0.0997125023183762
11.609903466,0.209527526440017,-0.0315895468855464,-0.0509675191126128
11.619475783,0.209226945481045,-0.0284066485781608,0
11.629902889,0.20895940985909,-0.0241396216079632,-0.0487934778362345
11.63991051,0.208733658903603,-0.0204079797981325,0
11.64990307,0.208551246569283,-0.016250667197045,0.0498568195517958
11.659909407,0.208408663484148,-0.0123662591408556,0
11.669907407,0.208303867754,-0.00840118332743736,-0.099708959736169
11.679909392,0.208240639943617,-0.00398447181234908,0
11.689909588,0.20822416962762,0.000705013683205512,0
11.699469355,0.208254429985175,0.00498606201477624,0
11.709909515,0.208323890503933,0.00801441390385346,0.0487726880603535
11.719913098,0.208418274603321,0.00976895824324572,0
11.729901921,0.208519195483329,0.00953438563779677,0.0997176030969305
11.7399112,0.208608944219813,0.0079289747830868,0
11.749901078,0.208677768294865,0.00607821625144751,-0.155283151407683
11.759174456,0.208726030455488,0.00378558070241222,0
11.769912636,0.208753523662655,0.00114284846310234,0.0982494725517496
11.779471539,0.2087492269456,-0.00293144774967775,0
11.789946866,0.208694794364205,-0.00863281095952249,0
11.799914399,0.208572747599748,-0.0162509364854824,0
11.8099055,0.208370447870734,-0.0244995888359305,0
11.819912158,0.208082810726608,-0.0327504744204862,-0.0498458253116522
11.829909107,0.207715320251363,-0.0400268371092403,-0.149539885733894
11.839915343,0.207282146498947,-0.0458789392903109,0
11.849904515,0.206797952141646,-0.0518993056462913,0
11.859345806,0.206273718960861,-0.0539536416204504,-0.0499808341825155
11.869854088,0.205721600029523,-0.0543458554323415,-0.0972465050771074
11.879852073,0.205159288339022,-0.0557280697168943,-0.0997054827452896
11.889854621,0.204607008932124,-0.0538716934336399,0
11.899848184,0.204082063977365,-0.050433015214705,-0.0498607334753119
11.909852247,0.203598468355808,-0.0456664903598446,-0.0997034683381535
11.91984942,0.203168677726386,-0.0398279912150969,0
11.929854404,0.202801822622529,-0.033986418736811,0
11.939422003,0.202503475724787,-0.0261597461109488,-0.0996045491891778
11.949875354,0.202278079653629,-0.0187118806608644,0
11.959525475,0.202127301955854,-0.0115758031806913,0
11.969848313,0.202046876611309,-0.00492538327275954,0
11.979848756,0.202027202007569,0.000479100372786105,0.0498400349943444
11.989853945,0.202056461317058,0.00482898917123081,-0.0498442083844395
11.999852414,0.202123799455436,0.0081214665387696,7.45386168969533e-07
12.009845141,0.202218819146442,0.010482822388434,0.0509493276445713
12.019422474,0.202328948918547,0.0110648057671286,0
12.029853021,0.202440202452454,0.0102802752054415,0
12.039850166,0.202538951214119,0.0086098220831576,0.0498677736123859
12.049847525,0.202612351574535,0.0055988547991133,0
12.059746167,0.202650346034801,0.00172480617144727,-0.0498462141848469
12.069850677,0.202646853134553,-0.00261769145990395,0.0495870412517066
12.079853868,0.202597710277615,-0.00730178186390327,0
12.089854221,0.20250079161976,-0.0122306361598102,-0.0509561000722705
12.099421327,0.202358387806014,-0.0162060423569243,0
12.109858861,0.202176595576585,-0.0193487179064789,-0.048792386648634
12.119856511,0.201962993195431,-0.0225695026089813,-7.44938710796462e-07
12.129862065,0.201725133211719,-0.0246077745853501,-7.45343404700414e-07
12.139848854,0.201471026125454,-0.0257631979946866,-0.0997590469380489
12.149851859,0.201210132191024,-0.0260213004499205,7.45240783017905e-07
12.15984395,0.200950727724913,-0.0256325731917081,0
12.169853933,0.200697427565233,-0.0254374346048806,-0.0509248193007516
12.179423721,0.200452668580522,-0.0239696237917382,0
12.189851766,0.200218087031573,-0.022438631405841,-0.0488223707726357
12.19984666,0.199994405780077,-0.021847420851637,0
12.209852805,0.19978111591507,-0.0208542939462653,0
12.219849588,0.199577258839779,-0.0199570523788284,-0.0997135066754879
12.229851878,0.199381993367681,-0.0192420169558354,0.0498428601962346
12.239854385,0.199192326196707,-0.0188588845345032,0.0498305051023363
12.249861336,0.199004637309661,-0.0189545989397683,-0.101894428746064
12.259425403,0.198821365399674,-0.0176289956750846,0
12.269846692,0.198652315555172,-0.0151576852206409,0
12.279845646,0.198511841784151,-0.0117648198863055,-0.0996994461047009
12.289848436,0.1984169986396,-0.00646985216701622,0
12.299848841,0.198382424069633,-7.02056847836802e-05,0.0500753805965131
12.309760045,0.198415600731455,0.00682050344870496,0
12.319847651,0.198518826022208,0.0137820554475868,0
12.329846979,0.198692439969615,0.0212051997918062,0
12.339424475,0.198933956486417,0.0271584739706818,0.0498424691135118
12.349851634,0.199235735871725,0.0318826352565906,0.0488114476638105
12.359851679,0.199585229580861,0.0365587414812395,0
12.369844183,0.199966638302167,0.0387505629937556,0.0498524644625512
12.379852622,0.200360277382517,0.0387830769987839,0.0996676699234624
12.389852603,0.200742626395651,0.0365610805048226,0.0498593497141069
12.399850803,0.201091432488008,0.0323601375631595,-0.049863137163842
12.409849265,0.201389721128775,0.0271340633848314,0.0509392647629302
12.419424729,0.201622552636782,0.0192503345814986,0.0996835902434242
12.42985434,0.201774825515853,0.0104379794072911,-0.0488191622906325
12.439848705,0.201835737677685,0.00130644947905483,-7.45126936963278e-07
12.449852491,0.201800952089809,-0.00828284051799746,-7.4485816728869e-07
12.459854072,0.20167003641332,-0.0178213969481401,-0.0498600980340509
12.469850073,0.201444567242984,-0.0271621276814399,7.45242422953417e-07
12.479849124,0.201126928257899,-0.0361665585633036,7.44917558526363e-07
12.489853845,0.200721099651459,-0.04546838642088,-0.0509265515520249
12.499428229,0.200236697945984,-0.0514563805455699,-0.0498651495584979
12.5098497,0.199692185327245,-0.0549576240197306,-0.0976504094409115
12.51984983,0.199114375276345,-0.0579038659441926,-0.0996866199478859
12.529854167,0.198533849351792,-0.0567836896787575,-0.0498409468269009
12.539855096,0.19797840245986,-0.0532357277731709,-0.0498576372621462
12.549852736,0.197469210976655,-0.0478344636473835,0
12.559853024,0.197021812299921,-0.0409046329921751,0
12.569844931,0.196651437577472,-0.0328769240816249,-0.101891471600157
12.57942461,0.196378358752842,-0.0213097705570874,-0.0996437478364914
12.589858005,0.19622496356239,-0.00839841504527185,0.0488097344298538
12.599852531,0.196206796593772,0.00520766917990011,0
12.609845004,0.196329049241081,0.0190740108773919,0
12.619848868,0.196588206943218,0.0322106725356527,0.0996791755761744
12.629850965,0.196973454699613,0.044183088705758,0.0997105251925853
12.639848539,0.197471854181097,0.0551560854226881,0
12.649843206,0.198076148452,0.0670627334267434,0
12.659427037,0.198784841773367,0.0758344541840666,0.0498359446151459
12.66985048,0.199593389155501,0.0832726911989221,0.0976249964245214
12.679853954,0.200485846124854,0.0920368995125679,0.149594112443755
12.689846414,0.201433752923719,0.0957454696512784,0.099681362930145
12.699859476,0.202401284224363,0.0958811377092299,0.14951895894898
12.709852299,0.203351939938399,0.0927274792313911,0.0997629864219902
12.71984863,0.204254828086751,0.086799219818144,0
12.729845007,0.205087291394851,0.0804061937023197,0.0509218450243281
12.739429252,0.205829231372095,0.0684336266939761,0.149530738505033
12.749849316,0.206456258809228,0.0545246318935107,0.0976503950957563
12.759850856,0.20694271181287,0.0407498641373722,0.0498661121739648
12.769844785,0.207271071454341,0.0248067865667259,0.0498402491934237
12.779856701,0.207438992539872,0.00952308897692117,-0.049834803840769
12.789852816,0.207461609713807,-0.00355860194207161,-0.0498587264233399
12.799855132,0.207367826084477,-0.0134981434246753,-0.0498501315863854
12.809854695,0.207191621482302,-0.0206077910002796,0
12.819429053,0.206964450811453,-0.0238524906319425,0.0498665635686247
12.829849983,0.206714684062599,-0.0240430860849612,-0.0488232003129193
12.839851645,0.206473428673919,-0.0218905988798753,-0.0997031619929581
12.849851131,0.206276846954594,-0.015722658009146,-0.0498602301796363
12.859849174,0.206159014364424,-0.00671733695571143,0
12.869845634,0.206142537140681,0.00375888918721837,0
12.879855395,0.206234215532218,0.0141340835364893,0.0498361663054579
12.889852819,0.206425320364801,0.0240179990068141,0.051969964696877
12.899041119,0.206695018232195,0.0298288054160264,0.050371612640456
12.909647625,0.207015775781223,0.0322038728615989,0.0483974304429352
12.919643376,0.207358490697285,0.033967230769955,0
12.929651191,0.207695241523767,0.0320324829920753,0.0498716017874113
12.939636644,0.207998924714451,0.0273829796745593,0.0498449805915774
12.949655137,0.208243009170496,0.0200753499465841,0.0493393934661645
12.959845271,0.208404619973416,0.0112454637972049,0.0493617115562822
12.969854627,0.208470161804013,0.0018040761593307,-0.0509108883507621
12.979430107,0.208439952509128,-0.00716645926406981,-0.0498544139436539
12.989854489,0.208326833607703,-0.0141940691277981,0
12.999851935,0.20815008367078,-0.0197267729338306,0
13.00985262,0.207932335018365,-0.0224828116985377,-0.0498558245866989
13.01985153,0.207700436542348,-0.0224556722255171,-0.0997015342479241
13.029854244,0.207483185105843,-0.0198216509481785,0
13.039848492,0.20730406374156,-0.0152745918132596,0.0498526763264316
13.049855102,0.207177680163978,-0.00973660262358905,-0.0509187339467675
13.059430603,0.207113400508222,-0.00298806881732773,0
13.069853641,0.2071179231532,0.00400819542681241,0.0488284985607001
13.079850979,0.207195249365919,0.0115008414164859,-0.0498714396506557
13.089846974,0.20734786330542,0.0189914455507454,0
13.099850564,0.207575070395484,0.0269609885636547,0.0516383386762048
13.109156199,0.207868459099818,0.0317983763606216,0.0498469242381426
13.11985373,0.208211138596356,0.0344807453440893,0.0963309161494723
13.129857525,0.208582256249909,0.03847857899029,0.0509289249083913
13.13943163,0.20896446836797,0.0382722762227832,-0.0498257738912073
13.149868883,0.209348136470878,0.0373288023036219,0.0487917204990172
13.159867093,0.20972729972628,0.0373503469812633,0.0499131146671958
13.169845224,0.210094259738644,0.0355765067579746,0
13.179850311,0.210438232816503,0.0326245983266021,0.149522359582015
13.189850654,0.210746928856745,0.0287202499358685,0
13.199848513,0.211012586176211,0.0244546304165964,-0.0498492619868823
13.209852583,0.211236068638059,0.0209301585593457,0.0509046625865013
13.219436037,0.211422556159316,0.0177414571307628,0.051722249139896
13.229130194,0.211578081547199,0.0141207562242222,-0.048847604272336
13.239848426,0.211710794528339,0.0121086959044547,0
13.24984446,0.211828904295077,0.0112811591145911,0.0498437073360691
13.259852883,0.211936467990757,0.0101589489362705,-0.0498333118821355
13.269852791,0.212032167908006,0.00891536751508585,0.0517121388077015
13.279134263,0.212108368579655,0.00620652031913487,0.0517245432252182
13.289129547,0.212151809485807,0.00198820558037546,0
13.29943139,0.212148723440822,-0.00301469141316487,0
13.309852816,0.2120893352247,-0.00885122098658632,-0.0488418303406657
13.319845887,0.211968030216545,-0.0160748686312024,-0.0517135415175779
13.329133673,0.211779397981328,-0.0226850409700534,0.0498470190873469
13.339848716,0.211514265221163,-0.0299405205364259,0
13.349738986,0.211162464184292,-0.0397772369946448,-0.099687198004529
13.359853067,0.210718547410512,-0.0487069377303177,0
13.369854569,0.210182695735702,-0.0591199450710787,-0.0509190703092045
13.379434756,0.209560879032433,-0.0682846049748879,-0.206566103533015
13.389162458,0.208864264162438,-0.0711665770190453,0
13.399927532,0.208102478310895,-0.0791142258156234,0
13.409173496,0.207281106383301,-0.0846711514328375,-0.0997548220500058
13.419918322,0.206409835103543,-0.0854463247629223,-0.0961636810322233
13.429910823,0.205509178005744,-0.090111090192168,-0.149671107244737
13.43990387,0.204608915585175,-0.0883665080648001,-0.0997054600718984
13.44991151,0.203741787136657,-0.0867852476141451,-0.0518022130098158
13.459152011,0.202938460902378,-0.0757436604829348,-0.0997209462028922
13.469909091,0.202227097150913,-0.062939067783872,-0.0961366860428162
13.479895161,0.201632906378477,-0.0525898783656442,0
13.489899693,0.201175793823277,-0.0396659038839382,-0.103619765313013
13.499140165,0.200869535899567,-0.0236842949186133,-0.0517475463033457
13.50916788,0.200719440399822,-0.00728556858323761,0.0480087550306496
13.519908906,0.200718223812624,0.00636755950855332,0
13.529142,0.200846626797553,0.0182883080661731,0
13.539487297,0.201076279458672,0.0262014516410232,0.099597188628272
13.54916428,0.201371239598716,0.0314305896659618,0.101456364957903
13.559142671,0.201694059453597,0.0310928611324009,0
13.569893133,0.202015758946479,0.0312926748450773,0
13.579140609,0.202319848425003,0.0293873673126296,0
13.589717175,0.202598335350354,0.0263214194922021,0.049815182047414
13.599156521,0.202846695641274,0.023862777691996,0
13.609147033,0.203061985732395,0.0197455576198546,0
13.619154914,0.20324157506256,0.0160558947189706,0.0998741527042478
13.629114087,0.203382574649267,0.0118369421210557,0.0480325605281839
13.639913672,0.203487295279511,0.00933507582136268,-0.0996079004637545
13.649134513,0.203569466843953,0.00803094432164704,-0.0997031891864788
13.659914964,0.203647924541924,0.00816060123293735,0.0996294581874927
13.669150607,0.203732810205328,0.00907181613675294,0.0518177436817593
13.679157336,0.203822487802743,0.00891161578918205,0
13.689144854,0.203910991252586,0.00851168587115033,0
13.699164295,0.203992780752988,0.00762844587614994,0.0498523201317663
13.709145556,0.204063565525278,0.0065612478733458,0.0498983463235816
13.719146847,0.204123891229802,0.00596096727642061,-0.0996051810202246
13.729166379,0.204182908996028,0.00621994741794446,-0.0480179183504994
13.739911935,0.204253048985291,0.00783453929956819,0.0499136432261564
13.749142807,0.204339415106259,0.00963147289475159,0.103709532006363
13.759140425,0.204438247665533,0.0102477572502956,-0.0498567569269338
13.769142028,0.204544362268262,0.0106221225156417,0
13.77948839,0.204654386242707,0.0106064742209872,0.048030251421306
13.789901784,0.20476455008511,0.0110232734383843,0
13.799142273,0.204871036369142,0.0107567880243453,0
13.809154193,0.204971644167681,0.00971124106232869,-0.0502945191703806
13.818967125,0.205063560285939,0.00836351927379472,0.0499404044223444
13.829119618,0.205138625384478,0.00591397565833144,0.0494549806183585
13.83912852,0.205182794285207,0.00205196012463452,0
13.849910123,0.205181286671709,-0.00298391350574399,0
13.859140242,0.205123081037658,-0.00931549022831058,0
13.869115297,0.205002381060979,-0.0152368589683176,-0.0498943596436149
13.879124092,0.204818589933564,-0.0213724817538058,0
13.889116042,0.204574915503404,-0.0270166247183314,0
13.899123646,0.204278269488612,-0.0317024315546236,-0.0996345725085392
13.909130959,0.20394039396714,-0.0351738290155634,-0.0498542715946892
13.919123864,0.203574785240406,-0.0374355240185159,0
13.929126907,0.203191835175513,-0.0387683622663488,0
13.939112367,0.20279986371494,-0.0390744177611959,-0.0498634567439353
13.949123142,0.202410493935472,-0.0379590586837036,-0.0996486297347213
13.959124311,0.202040229158269,-0.0351834118320429,-0.0497485880170268
13.969165548,0.201705333711069,-0.0311950274644752,0
13.979124838,0.2014163121692,-0.0264674515822791,-0.0499480930700587
13.989128198,0.20117697323874,-0.0215603940039008,-7.45275484100419e-07
13.999119003,0.200985230094021,-0.0170792957579233,0.049877557289928
14.00911878,0.200835548176389,-0.0129807627483461,0
14.019112853,0.200725694670745,-0.008714001203844,-0.0996959942623897
14.029121366,0.200661245617905,-0.00378546248586698,-0.0498258236887476
14.039124191,0.200649942501454,0.0015597121136147,0.0498708709331468
14.049114927,0.200692429817191,0.00649558776566748,0
14.05912376,0.200779851457169,0.0102242158804542,0.0498339594941995
14.069123297,0.200896999711487,0.0123669258910579,0.0498493614861054
14.079125948,0.201027217033824,0.0130545001334209,0
14.08911661,0.201158002418713,0.0127596804412225,-0.0498679277778606
14.099120689,0.201282343539489,0.0117675887844382,0
14.109119569,0.201393389014697,0.00984257376699872,0.0498395616084209
14.11912681,0.201479255261223,0.00657327269859654,0.0498908519788208
14.129104824,0.201524757545763,0.00198621898884745,0.0498525845792656
14.139127107,0.201518980230907,-0.00307029545912443,-7.48762402210388e-07
14.149005878,0.201463655430035,-0.00708865066975596,-0.0498580339814598
14.159125218,0.201377220607973,-0.00861729928460964,-0.0992545762592698
14.169097272,0.201290521874892,-0.00710641036013575,-0.0498702473542922
14.179119029,0.201235136382344,-0.00293973961255806,0
14.189109032,0.201231692511303,0.00259258487463842,0.0999372911080486
14.19907317,0.201286869186487,0.00848661166500026,0.0498890521515669
14.209095008,0.201401305728361,0.0146055605669985,-0.0498555506580533
14.219072576,0.201578971722124,0.0213559389248343,0.049826752431181
14.229105973,0.201828658674728,0.0290755079646993,0
14.239105789,0.202161447566264,0.0379726880483301,-0.0499516379850928
14.249066908,0.202586629032636,0.0470921691152658,0.049856286060113
14.2591049,0.203103249083631,0.0553882009126327,0.149470878545119
14.269079328,0.203695080972344,0.0617469454476617,0.0998052933862118
14.27908573,0.20433700430364,0.0655173162791473,0.0996283027559852
14.289095355,0.205006477343955,0.0677521128809527,0.0498820413028639
14.299074515,0.205691286721313,0.0690413132080315,-0.0498037955068256
14.309115544,0.206388697483188,0.0701408796923553,0.0995551270384905
14.319105404,0.207096270896793,0.0709128653954472,0.0499676639370119
14.329070077,0.207803730595846,0.0697953334124944,0.0499338378012652
14.339073753,0.208489968472945,0.0660873238184735,0.149866850626154
14.349029621,0.209122803443443,0.058713969964053,0.149353344950677
14.359101822,0.209665895914649,0.0482679971830096,0.0496512174168841
14.369111332,0.210092107413421,0.0363745072186996,0
14.37906567,0.210392071047838,0.0240585823704599,0
14.389107396,0.21057318436625,0.0129920531808636,-0.0997253196871335
14.399062374,0.210651869289648,0.00349084760585108,0.049871210166595
14.409100821,0.210642978366044,-0.00481727573660225,0.0497579872747702
14.419100994,0.210555337731727,-0.0123153188966474,0
14.42906496,0.210397113627762,-0.0186141972420912,0
14.43911187,0.210182851338876,-0.0230412102973913,-0.049895764460142
14.449048546,0.20993666762024,-0.0247400645389095,-0.100089897780012
14.459035587,0.209689937294441,-0.0232487975587997,-0.0997036083673986
14.469049455,0.209471670535907,-0.019611954374797,0.0498427107944088
14.479040145,0.209297608815657,-0.0151436441680877,0
14.489096527,0.209168084810927,-0.0111291116619478,0.049699866173428
14.499102199,0.209074335976523,-0.00809635767632363,0
14.509040872,0.209006608260187,-0.00579440315373929,-0.050039697208967
14.519028007,0.208958877811807,-0.00395083400379802,0
14.529010606,0.208927711156053,-0.00253935303502155,-0.049803484548943
14.539048321,0.208908039166689,-0.00195170311886763,0
14.549051115,0.208888598032134,-0.00284537061526729,0.0997339111390377
14.559043153,0.208851146459259,-0.00548029113997277,0.0498473280970707
14.56905382,0.208778977385147,-0.00920833798366511,-0.0997799864756617
14.579028752,0.208667112308861,-0.0128881195876653,-0.0498597464803373
14.589051543,0.208521244339642,-0.0158934101762409,0
14.599012635,0.208349500259428,-0.018144413172492,0
14.609024332,0.208158849803819,-0.0196619041223371,-0.0498251740102321
14.619024533,0.207956028239646,-0.0205356190513812,0
14.629053264,0.207747543286261,-0.0207852190210791,0
14.639042912,0.207539941847684,-0.020320553085,-0.049901700148623
14.649034473,0.207341514068074,-0.0189181046728411,-0.0498211832165205
14.659056413,0.207161324340896,-0.0168545625179584,0
14.668976247,0.207005404191472,-0.0143111947138942,0
14.679047539,0.20687522744416,-0.0117553237524424,0
14.689029288,0.206769674202296,-0.0093803831422764,0
14.699028777,0.206687795776063,-0.00700834345700539,-0.0499373789717742
14.708996221,0.206629739078049,-0.00465984183165043,0
14.719045114,0.206594522811594,-0.00261834410101805,0
14.729015473,0.206577321787668,-0.00121457118229657,0.0499192257832784
14.739019308,0.206570262731172,-0.000524037291513432,0
14.749045687,0.206566825208575,-0.000278307086908974,-0.0498477067232678
14.75902216,0.206564695795702,-0.000245648143621451,-0.0498451775685226
14.769049255,0.20656191136923,-0.000718041309743173,0.0498554107784096
14.779021921,0.206550335141119,-0.00231287674650542,0.0500138642444644
14.788985355,0.206515801627124,-0.00532817357433135,-0.0498601525355779
14.79901978,0.206443783077252,-0.00962031687443705,0.0497292089702289
14.809035871,0.206322909309708,-0.0147733148382404,0
14.819046029,0.206147928995746,-0.0200386670106112,-0.0997550765426482
14.82902661,0.205922321547591,-0.0248376971435085,-0.100022299938279
14.838983211,0.205652735307335,-0.0291708697605333,0.0498786052341129
14.849016772,0.205339191135397,-0.0338345986059759,0.0498149428013796
14.85899892,0.204975511827506,-0.0390161408305555,-0.0499247059183704
14.868988475,0.204559972358523,-0.043678144059102,-0.0996795143855338
14.879004813,0.204101691551021,-0.047100531685568,-0.0995168870243133
14.889027061,0.203616144303696,-0.0493294181238426,-0.0499122615236531
14.898981794,0.20311623870242,-0.0506037090755507,-0.0499813728404201
14.908976419,0.20260663279522,-0.0516482392178269,0
14.918973272,0.202083714064358,-0.0532684987146681,0
14.928978662,0.201541143339684,-0.055208320414919,0
14.938971183,0.200979662986241,-0.0563139375247795,-0.149529146362664
14.948983184,0.200414609937563,-0.0553883460088811,-0.149551708614164
14.958972687,0.199871812761991,-0.0519914128959024,0
14.96896849,0.199375545641466,-0.0464677863280729,-0.0498626986882061
14.978969226,0.198942617860438,-0.0395906075152424,-0.0498372274571833
14.988975249,0.198583465898245,-0.0319372768251987,0
14.998987418,0.198303291320994,-0.023954235168545,0
15.008977401,0.19810432964536,-0.0157169434523975,-0.0498800499722306
15.018977001,0.197989116175346,-0.00724422473590631,-0.0498368961537825
15.028984293,0.197959395223445,0.00107443017710348,0
15.039001063,0.198010630631827,0.00846627349365589,0.0498525192977384
15.048985214,0.198128728490756,0.0141299431051246,0.0498853498288828
15.058988821,0.198293056515166,0.0176842769458808,0
15.068965894,0.198482072369443,0.0191670484326852,0.049819184064559
15.079002826,0.198676665918333,0.0190377495635686,0.0498375488007706
15.088972524,0.198862953580994,0.0179908521232526,0
15.098988064,0.199036217379839,0.0169047316230394,-0.0498657684574842
15.108967832,0.199200968896454,0.0164196500565265,0
15.118987514,0.199364601350162,0.0164939586635475,0.0498015213476413
15.128988636,0.199531191210041,0.0168103172934511,-7.45451461986987e-07
15.138976959,0.199700630263132,0.016958455945223,0
15.148911799,0.199869057292066,0.0163671237190033,0.0498580807105369
15.158975649,0.20002795129658,0.0148350216498279,0.0498256495622776
15.168923506,0.200165931398661,0.0122875998045284,0
15.178952964,0.200273424548469,0.00896145480351175,0
15.188919042,0.200345120490797,0.00529079173037147,0
15.198921238,0.200379072527418,0.00150370865959541,0
15.208923799,0.200375201817131,-0.0022257602240709,0
15.218910976,0.200334580163688,-0.0057888565614693,0
15.228910695,0.200259500543078,-0.00899613999419556,0
15.238949371,0.200154311957009,-0.0115889907097404,0
15.248976226,0.200026961290733,-0.0132472809480693,-0.0499388161191539
15.258915431,0.199889815950763,-0.0135338463036085,-0.0499778275436544
15.268926701,0.199756954628399,-0.0125367579430077,0
15.27892098,0.199639011225433,-0.0108263966075877,0
15.288910648,0.199540600492392,-0.00887345599601615,0
15.29893185,0.199461445651046,-0.00711180105395682,0
15.308896851,0.199398462592832,-0.00569688270654586,0
15.31893913,0.199347466523609,-0.00469407857200898,0
15.328903836,0.199304548233253,-0.00401480670525667,0
15.338933264,0.19926719394036,-0.00346065491900283,0
15.348937237,0.199235219545538,-0.00278570881237794,0
15.358903536,0.199211562577664,-0.0016162926310511,0
15.368916412,0.199202927352211,0.000432478554167081,0
15.378908728,0.199220214394176,0.0037169949141775,-0.0498523251168243
15.388917112,0.199277269852391,0.00830351572255066,-7.44453218960212e-07
15.398924977,0.199386419632454,0.0138688883577497,0.0498805122633597
15.408906211,0.199554496434794,0.0198461326038029,0
15.418912511,0.199783094882641,0.0257853749377953,0.0498482599600633
15.428908841,0.200070271749086,0.031473483091678,0.0498740564172178
15.438904795,0.200412321695079,0.0367549662239011,0
15.448916451,0.200805650778857,0.041680431573646,0.0498404659361033
15.458910553,0.201246170322477,0.0460506139462576,0.0498035273338018
15.468937047,0.201727611516227,0.0496934838526252,0
15.478913431,0.202240183017376,0.0521261047162011,0.0998741907259013
15.488903795,0.202768400313317,0.0525996891003477,0.0996992417390754
15.498915216,0.203292270689828,0.0512262670019836,0.0498284980849866
15.508914358,0.203793466756415,0.0484168661352957,0.0498729238649067
15.518907954,0.204260256409252,0.0447186024512457,0
15.528908366,0.204687570851574,0.0406034628894206,0
15.538911213,0.205072457993726,0.0360687913291968,0.0996965800779431
15.548910685,0.205409030321685,0.0308609137554383,0.0498591929802791
15.558909158,0.205689612849657,0.0249654924028479,-0.0498631026492455
15.568907062,0.205908249719763,0.0185070593275485,0.0996144355274041
15.578928121,0.206060104985574,0.0117602040602544,0.0498485990644532
15.588909257,0.206143479614616,0.0052915475398299,-0.0498983787858506
15.59891066,0.206165843540659,5.7420765925503e-05,0
15.608930441,0.206144629246336,-0.00309500144768334,0
15.618912277,0.206103938507088,-0.00362872212833524,-0.0498853280947846
15.628917909,0.206072100278915,-0.00134783137840006,-0.0498134943663619
15.638928568,0.206076959921999,0.0033110922263275,0
15.648926458,0.206138350429969,0.00927698403863522,0
15.65892949,0.206262508156151,0.0151669610559445,0.0995982860377172
15.668948667,0.206442026494126,0.0200215386922954,0.0499045259191316
15.678909269,0.206662534074463,0.0234929110408261,0
15.688907249,0.206910911685553,0.0257496774732091,0
15.698902653,0.207177357264061,0.0269350820343806,-0.0497971971592732
15.70893039,0.207450236630974,0.0265571544701024,0.0995684369904186
15.718931014,0.207709253540921,0.0238394236145584,0.0998231189163988
15.728907652,0.207926483042451,0.0184040821717441,0.0498989116051149
15.738913041,0.208077004407787,0.011125815100937,0
15.748913827,0.208149068046378,0.00353308920839081,0
15.75890171,0.208147626158521,-0.00281822636412301,-0.0499015328212795
15.768895103,0.208092756287566,-0.00680079032961532,-0.149521258351513
15.778907387,0.208011571743842,-0.00847040398273132,0
15.788903176,0.20792327982634,-0.00906957517953026,0.0996941225917335
15.798910498,0.207830152024803,-0.00992880522859023,0.0498386074910957
15.80890968,0.207724639144819,-0.0114796703727837,-0.0997477785504021
15.818902849,0.207600646425346,-0.013507372464101,0
15.828908214,0.207454511497345,-0.0159010507380101,0.0498184948325918
15.83891743,0.207282393557365,-0.0186057815720852,-0.0996268301539588
15.848924836,0.207082086600602,-0.0215648806211503,-0.0498912580757137
15.858902821,0.206851410986283,-0.0249514279849076,0.0498736996826339
15.868917263,0.206583246998068,-0.0290927323460506,0.0498217931217671
15.878916077,0.206269170686102,-0.0336498482590612,-0.0498723127071628
15.888910246,0.205910486153872,-0.0372711836506046,-0.0996806902712043
15.898921734,0.205523536170004,-0.0388055806213517,-0.099651776851417
15.908921558,0.205133935572717,-0.0377254828247998,0
15.918966158,0.204767350596659,-0.0344178909614494,-0.0498568267292069
15.928920751,0.204445605528726,-0.0292074860769168,-0.100013335549195
15.938905276,0.204184979085288,-0.0226698840029241,0.0498641969549041
15.948916988,0.203992293155441,-0.0159562280368547,0.0499399851539299
15.958871167,0.203866398775533,-0.00932846288046525,-0.0499870031366973
15.968864099,0.203806217270905,-0.00265017730659636,-0.0498726469711751
15.978864016,0.203813414180819,0.00404467255228843,0
15.988852695,0.203887064596505,0.0103114877229651,0.0498758775893536
15.99885557,0.204019556844453,0.0155852511672151,0.049806938087012
16.00887192,0.204199069246303,0.0197625946501148,0
16.018855171,0.20441480085218,0.0230463493061989,0.0498674988045767
16.028866833,0.204659878995648,0.0258478626797014,0
16.038869998,0.204932141352034,0.0286040852067898,-0.0498852549888389
16.048854629,0.205231611615528,0.0310016412646938,0
16.058867776,0.205552105291681,0.0321117986619651,0.0997398122737892
16.068848278,0.205873643646734,0.0306944498529304,0.149456765870504
16.078881986,0.206166430456872,0.0264986509117788,0
16.088867882,0.206404136144522,0.0202668608248283,-0.0499292270297468
16.098852179,0.206571163579048,0.0127477784573959,0.0498524644625512
16.108868825,0.206659103734825,0.00460289764904461,0
16.118867527,0.206663292177302,-0.00384211866062375,-0.0498906264979446
16.128854469,0.206582316519068,-0.0123402122090396,0.0498824798295577
16.138856435,0.206416624810755,-0.0206031595294647,0
16.148855439,0.206170233343414,-0.0280171218431542,-0.0497858640738004
16.158884134,0.205855506327634,-0.0337908850303516,-0.0498442257136144
16.168859389,0.205494282168811,-0.0372449636723303,-0.100131299775829
16.178799613,0.205113755035762,-0.0376911508066935,0
16.188854397,0.204740647306902,-0.0355510273083358,0
16.198883588,0.204399749092077,-0.0311995948222575,-0.0996481494073899
16.208866587,0.204116275087396,-0.0243486198131005,-0.0499373814727785
16.21885052,0.203913581855975,-0.0154317792632331,0
16.228904504,0.203807054375357,-0.00553027550044963,0.0498466551088067
16.238853794,0.203802958239844,0.00488357158234238,0.0499292345303111
16.248874694,0.203904580227735,0.0158504768484054,0
16.258867685,0.204120187955786,0.0280364264440576,-0.0499047971558462
16.268854663,0.204464747158958,0.0416255120191296,0
16.278864549,0.204952567658563,0.0561141112346487,0.0498459449203438
16.288858222,0.205587229093773,0.0701212795572885,0.0996012677361261
16.298886009,0.206356498052368,0.0823761479565142,0.14955401905002
16.308859417,0.2072348504924,0.0918892603475556,0.0998766877775793
16.318852407,0.208191195596393,0.0979236367182501,0.0498279078052124
16.328869918,0.209194351522874,0.100893541906266,0.0498240335295887
16.338864464,0.210210282907953,0.100066428763494,0.149559026241119
16.348870543,0.211195742639662,0.0943038407526698,0.149407569051052
16.358885364,0.212098330673278,0.0834179977025012,0.0997212133474729
16.368867921,0.212863883871722,0.0673438909851852,0.0499359074100549
16.378852587,0.213443001162267,0.0465304228710822,0.0997810033642614
16.388853615,0.213793826664914,0.0221310220292776,0.049805472724427
16.398872401,0.213886060106923,-0.00447036366440324,-0.0996895375862357
16.408857646,0.21370440137159,-0.0320664159114275,0
16.4188502,0.213245443695194,-0.0594200542576352,0
16.428875124,0.212514961742729,-0.0855749891658107,-0.0996123406738806
16.438869584,0.211532285126288,-0.109021706928011,-0.149504924566189
16.448882887,0.210333681268658,-0.128241967818786,-0.199437826216113
16.458867498,0.208967713282657,-0.1425917689797,-0.0998931169757532
16.468845852,0.207487126775228,-0.15077468242488,-0.0995329838494212
16.478902993,0.205946867886807,-0.153608693078802,-0.248640094243425
16.488896728,0.204407137917783,-0.150780696414679,-0.19931739605041
16.49891299,0.202929746603891,-0.141871582115908,-0.0996891391464845
16.50890054,0.201569165460994,-0.128089245555386,-0.149620263901472
16.518905429,0.200368930175569,-0.110350588940744,-0.0997152439807242
16.528899414,0.199362277936942,-0.089789419603089,-0.0498628034182166
16.538901926,0.198573456315844,-0.0670593800827968,-0.0996497899618957
16.548911125,0.198020305002886,-0.0429133051060302,-0.0498392178612807
16.558907886,0.197714934450425,-0.0179973234395619,-0.0499158845952571
16.568886656,0.197660798910602,0.00668113396410785,0
16.57891049,0.19784857452738,0.0296688777937995,0.0996097682545417
16.588906557,0.198254766906815,0.0497949403329846,0.049782952511388
16.598939061,0.19884589602528,0.0664278022429675,0.0498497056064777
16.608908308,0.199583439266756,0.0791168815674675,0.149752897771734
16.618913793,0.200426234531266,0.0874961587673693,0.0996114828184819
16.628928014,0.201335086641408,0.0925702320186111,0
16.638900893,0.202276445015645,0.0940911335228819,0.099648540104555
16.648939976,0.203218034830005,0.0923111001498811,0.149472270076381
16.658913027,0.204123787121532,0.0874502070481926,0.100301122965117
16.668821884,0.204956711801118,0.0780948273287833,0.0997406703160254
16.678906504,0.205685174255549,0.066175540809548,0.0496112057322187
16.688919791,0.206286701665983,0.0531557290812587,0.0498388267106377
16.69891292,0.206748629884332,0.0390606859333361,0.04988917617634
16.708906016,0.207067377323701,0.0248979936684036,-0.0498516519189399
16.718914189,0.207246621353254,0.0112221479749293,0
16.728907438,0.207291836241094,-0.00207542463435632,0.0498712051778326
16.738907616,0.207205126502333,-0.0151614151675607,0.0497882108272166
16.748934193,0.20698820229408,-0.0276163919977176,0
16.758932809,0.206652102922615,-0.0383960409478277,-0.100234644042796
16.768829436,0.206224303729185,-0.0453550401567624,-0.0998526278048176
16.778904018,0.205746307936441,-0.0478362900916523,-0.0993163567323753
16.788908332,0.205263803835409,-0.0465184960552093,-0.0996302268903089
16.798919808,0.204815203488284,-0.0419856697796506,0.0498669655454868
16.80890316,0.2044243075897,-0.0355635002622744,0.049878367571417
16.818910364,0.204104269344735,-0.0277928533059939,-0.0996923410104559
16.828906479,0.2038683582791,-0.0185792988615995,-0.0498482599600633
16.838912994,0.203732634503947,-0.00797141423505406,-0.0498474749655666
16.848909424,0.203708906518584,0.00321542643508347,0
16.85890989,0.203796933051965,0.0135984530177709,0.0498368637679155
16.868916628,0.203980973542195,0.0217568087084985,0.0498573826614572
16.87890886,0.204232046816622,0.0267306362930888,0.0998391001007672
16.888890543,0.204514888999409,0.0282527400059084,0.0498177104921993
16.898923457,0.204797514021986,0.0270940006554462,-0.0497931803575962
16.908915,0.205057431650492,0.0240655930330297,0
16.918911745,0.205278544026421,0.0193590707049651,0.0498685043867948
16.928909211,0.205444500994931,0.0129870060143914,0.0498797230897828
16.938901459,0.205538150562365,0.00507933786049611,0
16.948915193,0.20554611813674,-0.00385886329990867,-0.0498204461291059
16.958914957,0.20546092120943,-0.0133332313193877,0.0498743663215811
16.968907054,0.205279562029522,-0.0227880461030667,0
16.978906144,0.205005361118419,-0.0313904491978217,-0.0997088777420888
16.988906906,0.204651757691352,-0.0382674390022091,-0.0498571037529592
16.998904927,0.204240058909848,-0.0428860857196769,-0.0498244594543296
17.008919091,0.203793513410004,-0.0454003696589471,-0.0997691123573017
17.018893003,0.203332592870677,-0.046154634672572,0
17.028905677,0.202871039834822,-0.045723312231199,0.0498240810218704
17.03890534,0.20241756253755,-0.0443351345140475,-0.0996919124063594
17.048909082,0.201984186183408,-0.0414108912063527,-0.0996826285500796
17.058910608,0.201589126560848,-0.0366551270863011,0
17.068904125,0.201251265341147,-0.030129992194622,-0.0498472184480258
17.078913357,0.200986443889607,-0.0222308551555487,-0.049841200950114
17.088909289,0.2008065334379,-0.0134607739403548,0
17.098930136,0.200717002552474,-0.00449085079706844,0.0498514674802079
17.108910632,0.200716710390746,0.00434302206365043,0.0499104626766158
17.118907837,0.200803766148698,0.0132697731186602,-0.0498474525375136
17.128913586,0.200982145052029,0.0227412913646986,-0.0997325984299073
17.138903231,0.201258487229604,0.0324183072004559,0.0997341126982557
17.148908527,0.201630347191822,0.0411510353879332,0.0996871804594642
17.158907735,0.202081693281626,0.0479071121353629,0
17.168906501,0.20258839237472,0.0520158126368008,0.0996995457955516
17.178909459,0.203122099209623,0.0532189896046646,0.0996857179935857
17.188911149,0.203653019528677,0.0516942474006671,0.0498506175842477
17.198911143,0.204156071210749,0.0480865054832062,0
17.208904266,0.204614418658924,0.043051368489991,0.0498644342708632
17.218906986,0.20501691961601,0.0370342372204843,0.0498516596204632
17.228905233,0.205355139215441,0.0303130289939843,0
17.238895579,0.205622834415168,0.0230143710730931,0.0498508047204879
17.248906543,0.205815456785729,0.0154664985484535,0.0996179188518641
17.258913842,0.2059324468508,0.00840992131362353,-0.0498378726395904
17.268913043,0.20598370987649,0.00286163351350408,-0.0997205023929676
17.278911512,0.205989672853464,-0.00064764093710073,0
17.288910517,0.205970758693689,-0.00252661260682143,0.0498499623113038
17.29891316,0.20593913643747,-0.00352228416696208,0
17.308911227,0.205900310509528,-0.00414208436860947,-0.0498976930063143
17.318895675,0.205856367174443,-0.00480779857984887,0
17.328914727,0.205804137710636,-0.00607335255649776,0.0996622978133438
17.338905024,0.20573484334354,-0.00811264556503915,0
17.348915017,0.205641882446668,-0.0104229424594303,-0.149516492652542
17.358911239,0.205526319715764,-0.0126221302138917,0
17.368901118,0.205389615277378,-0.0150443762293591,0.0498669081837128
17.37890609,0.20522550965467,-0.0183346188239274,0
17.388897945,0.205022981076645,-0.0225877512859035,0
17.398904679,0.204773786500269,-0.0272332713819465,0
17.408904029,0.204478149961783,-0.0312460713147843,-0.0498418960650898
17.418909564,0.204148712436915,-0.033398366382417,-0.0996907013705049
17.428907677,0.203810060796894,-0.032901497501804,-0.099747552093013
17.438901811,0.203490937572189,-0.0298711054276535,-0.049854827741584
17.448907373,0.203212647769157,-0.0254133538776603,0.049827860493582
17.458912331,0.202982403146153,-0.0207459158968672,0.0498641699358252
17.468903322,0.202797813492925,-0.0162135836312595,0
17.478897556,0.202658371029226,-0.011218968041486,-0.0498272728408634
17.488914078,0.202573313460875,-0.00495567061727764,-0.0996537937000073
17.498908463,0.202559203565381,0.00275411714282792,-0.0498742839955017
17.508905972,0.202628373478858,0.0109026423472184,0.0498590935872774
17.518906149,0.202777231183611,0.0178927530561395,0.149594309869991
17.52890178,0.20298615353356,0.022767150733397,0.0498781754497248
17.538896782,0.203232360938378,0.0257608255407446,-0.0498369061140436
17.548908967,0.203501555187428,0.0277661772706882,0.0498143607638715
17.558913024,0.203788135462043,0.0294732048654271,0
17.568904322,0.2040908823817,0.0310700229938253,0
17.578913348,0.204409545988607,0.0325026401018505,0.0498435902297314
17.588908826,0.204741081575628,0.0334395762332632,0.0498632522661044
17.598909665,0.205078214355313,0.0336035652916773,0.0997236419365495
17.608905717,0.205413048407977,0.0332510880082258,0
17.618908569,0.205743199672285,0.0330400171392739,0
17.628909248,0.206073965415063,0.0336002290609534,0.0498514377922809
17.638909625,0.206415239735346,0.0352885431729335,0.0498584073044926
17.648907807,0.206779685427731,0.0383593121276243,0
17.658932156,0.20718329025156,0.0431305326098109,0
17.668918612,0.207642762105332,0.0493713798155652,0.0499187834312772
17.678906527,0.208169452508778,0.0561668491317807,0.0499129311276042
17.688895325,0.208764791130552,0.062490435854284,0.099675847394826
17.698913156,0.209419675474963,0.0676029320752869,0.0996387116421374
17.708909261,0.210117791886519,0.0711476048866641,0.0997734134095803
17.718900221,0.210841707278427,0.0729362094474805,0
17.728912337,0.211576740427249,0.0732917038990414,0.0498497355136929
17.73890196,0.212307668810681,0.0718927393915846,0.149636546156055
17.748902501,0.213013888078096,0.0681160560915983,0.0498059922239024
17.758921266,0.213671304981092,0.062016370397767,0.0497788723585746
17.768933013,0.214256107729545,0.0536378171783138,0.0995649936256613
17.77895017,0.214745611672126,0.0432001778730633,0.0498242277270047
17.788944992,0.215120628781937,0.0311757798012462,0
17.798929974,0.215368497642102,0.018109538488931,0
17.808892884,0.215481875899884,0.00432558699601296,0
17.818903234,0.215454893715826,-0.00997901973847073,0.0498142484379972
17.828908872,0.215282135960547,-0.024576605617695,0
17.838908835,0.214963223949904,-0.0387154120510179,-0.0997034139545804
17.84890982,0.214507791017316,-0.0514452373507126,-0.0498491473449014
17.85891081,0.213934217598546,-0.0620731997019347,-0.0498372423945798
17.868916872,0.213265889283073,-0.0702630840788099,-0.14952321910718
17.878916125,0.212528582468678,-0.0761054608492416,-0.0997590519285486
17.888906665,0.211744556874527,-0.0800991058562175,0
17.898913306,0.210926826150933,-0.0831983454726838,-0.0997404448229296
17.908900486,0.21008110404765,-0.0858069936550906,-0.049869057609105
17.918907594,0.209211176407379,-0.0878575832207271,-0.0498424094024911
17.928904866,0.208323567567021,-0.0889995894140581,-0.149578690580903
17.93890549,0.207431371874234,-0.0885273528092,-0.099715114343784
17.948903766,0.206553117890925,-0.086169883690377,-0.0996940753995478
17.958908461,0.205707718189702,-0.0821135647503514,-0.0996833486475974
17.96890874,0.204910438163047,-0.0768692445485738,-0.0498706544343329
17.97890181,0.204170844556076,-0.0708175273434308,0
17.98889489,0.203495068438932,-0.0639265803367806,-0.0996974120946482
17.998904261,0.202892156265292,-0.0559059685862537,-0.0996610850979527
18.008904632,0.202376404431261,-0.0465425735486647,-0.099729861060131
18.018899905,0.201961507533769,-0.0362436876574934,-0.0498547781569298
18.028904049,0.201651551808181,-0.0262394042932834,0.0498403463537032
18.038905711,0.201436567101922,-0.0177457891041894,0
18.048908799,0.201296551733599,-0.0113859037837591,0
18.058904164,0.20120886664024,-0.00719356488052802,0
18.068898587,0.201152753896673,-0.00487132664235494,0
18.07891021,0.201111410655352,-0.00403695667487842,-0.0498676733858351
18.08889343,0.201072035581761,-0.00442729080444872,0
18.098905726,0.201022884691235,-0.00602173855377983,0.0498513104591197
18.108894836,0.200951592344121,-0.00869535505929619,0
18.118905746,0.200848977416142,-0.011900481470252,-0.049792335583566
18.128919932,0.200713284060233,-0.0149613467778668,0
18.138906812,0.200549734531789,-0.0172007480679332,0
18.148912913,0.200369389830925,-0.0180616544411889,-0.0997196468510243
18.158904803,0.200188537728829,-0.0173180564210593,-0.0498663565744777
18.168908284,0.200023108867787,-0.0153393428157065,0.0498610775575871
18.178902291,0.199881789404944,-0.0127493159901305,0.0498523273751121
18.188909282,0.199768109824167,-0.00965495672939104,-0.049848377263515
18.198904575,0.199688668218435,-0.00563642673263107,-0.0498910242298474
18.208894468,0.19965546478754,-0.000390188232473715,0
18.218902304,0.199680865339903,0.00586755335310316,0
18.228908974,0.199772900969331,0.0125558500235492,-0.0498485691585914
18.238904511,0.199932010051135,0.0186819362652641,0.0498658707064961
18.248904241,0.200146451273032,0.0230355779843334,0.149467228616105
18.25891732,0.20039301667354,0.0250939615425807,0.0498322982822775
18.268913278,0.200648557278014,0.0253996723713178,-0.0498726220259399
18.278910179,0.200900828741906,0.0249298231670196,0
18.288913942,0.201147170294757,0.0243621583394216,0.0498744929874578
18.298902288,0.201387879666903,0.0238067864437162,0
18.308927804,0.201623636033305,0.0233168041997871,0
18.318908303,0.201854356001476,0.0226817497548204,0.0499009968456341
18.328908996,0.202076844430052,0.0215531044323142,0.0498769285445564
18.338899137,0.202285220534367,0.0198617625518791,0
18.348914166,0.202474182366402,0.0177290312740346,0
18.358906277,0.202639927745131,0.0151657911500213,0
18.368915346,0.202777516085036,0.0119393721002307,0.0498502962807709
18.378907791,0.202878733263345,0.00778675753502939,0
18.388911653,0.202933222479241,0.00258371686973857,0
18.39890755,0.202930406978064,-0.0036063570507988,0.0498472010039017
18.408914409,0.202861085399105,-0.0104444321658427,0
18.418905241,0.202721542450941,-0.0171668386196846,-0.0498455812457215
18.428917815,0.202517690156459,-0.0228732650455021,-0.0498459550267248
18.438908497,0.20226400267468,-0.0269774857729892,-0.0498825853280966
18.448906382,0.201978448874594,-0.0293410101176892,-0.0498490999929271
18.458910491,0.201677123966352,-0.0303687526158723,0
18.468912342,0.201370892824511,-0.0305455391413336,0
18.478905161,0.201066375991249,-0.0299925220892189,0
18.488912483,0.200771038153781,-0.0284057329939549,-0.0498521902884283
18.498906214,0.200498231420133,-0.0252182258832553,-0.0997161492759254
18.508911026,0.200266710379071,-0.0203144577366492,-0.0499871306913866
18.518852976,0.200093023766501,-0.0142229793661686,0
18.528854388,0.199983056352853,-0.00813179742000359,0.0498480532881753
18.53885539,0.199930368187942,-0.00302612336977457,0.0498609308122808
18.548851636,0.199922542213349,0.000998565163725126,0
18.558853418,0.199950337522046,0.00453327645637523,0
18.568855302,0.200013224361468,0.00842175785822559,-0.0498461741719598
18.578856885,0.200118801877445,0.0131448533236759,-0.0498558594865043
18.588854883,0.200276115920248,0.0183257776772475,0
18.598862633,0.20048542276756,0.0228066712630423,0.0997145437547999
18.608853748,0.200732223459937,0.0253502447546844,0.0997504908841869
18.618854291,0.200992216190912,0.0255616108356708,0.0498529532420526
18.628854196,0.201243467128252,0.024169476159308,7.45003217741216e-07
18.638855763,0.201475641291567,0.0223305525059035,-0.0498542322371724
18.648853832,0.201690070050049,0.0208299215027794,0
18.658853427,0.201892191062926,0.0197112593464366,0.0498501893132398
18.66885509,0.202084320033742,0.0186596004493144,0.0498637065138463
18.678849263,0.202265305373336,0.0174981391086358,0
18.688860908,0.202434384620088,0.0164225610402893,0.0498247880977071
18.698861316,0.20259395453527,0.0158513155384708,7.45455825206217e-07
18.708850236,0.202751241765618,0.0161851327202863,-0.04988018471891
18.718850845,0.202917487715151,0.0175225374346143,0
18.728860218,0.203101867424279,0.0193852850300807,0.0498479810173124
18.738853288,0.203305240774004,0.0209217235765402,0.0498664742336661
18.748855243,0.203520197810235,0.0215434852785304,0.049860469183454
18.75885102,0.20373606161895,0.0213831335441678,0
18.768659777,0.203943680805537,0.0200047228315774,0
18.778854857,0.204136232833703,0.0180175849319555,0.0493740671208024
18.788854514,0.204307541194613,0.0157874863535935,0
18.798857378,0.204452022361028,0.0128733246898181,0
18.808859801,0.204565075749677,0.00953593248641846,0.049861479364037
18.818854406,0.204642712669965,0.00596528038280093,0.0498131633784396
18.828876225,0.204684479331098,0.00278489079732979,-0.0498550147007287
18.838854027,0.204698409430438,0.00077985621622783,-0.0499199043180098
18.848849849,0.204700055885935,0.000351595377817472,0
18.858856047,0.204705442048217,0.00128249341748092,0
18.868756213,0.204725585666731,0.00297543205051704,0
18.878855993,0.204764950528554,0.00474633462365342,0
18.888853316,0.204820973242535,0.00598206271644425,0.0498607438087546
18.898853316,0.204884575768901,0.00616847226612715,0.0498517717815183
18.908854238,0.204944348375189,0.00536731450350885,-0.0498574004225509
18.91885198,0.204991914888239,0.00388676059788444,0
18.928852052,0.205022075090688,0.00193060598626877,0.0498427332185316
18.938856529,0.205030535790291,-0.000306031900109313,0
18.948852705,0.205015954252847,-0.00240603846347135,-0.0498482003226062
18.958858884,0.204982409354801,-0.0039462462362468,0
18.968852295,0.204937030946083,-0.00478724891077203,0
18.978855608,0.204886680059613,-0.00497465402907656,0
18.988856265,0.204837518116125,-0.00453456509427976,0
18.998851666,0.204796006632983,-0.00344948282127924,-0.0498773576865008
19.008846927,0.20476856067097,-0.00181407048158917,0.0498510564518377
19.018852875,0.20475972303014,0.000140781319301946,-0.0498123325584256
19.028863984,0.204771378698663,0.0020279943986084,-0.0498504308667483
19.038854335,0.204800285878984,0.00312834240381944,0.0997657364593808
19.048852587,0.204833909893021,0.00268076920626872,0.0498568743973883
19.05885321,0.204853898247244,0.000543849318146291,-0.0498431717386935
19.06885696,0.204844789257637,-0.00287543282488642,0
19.078853511,0.204796388725241,-0.00710390555900521,0.04986856175225
19.088851148,0.204702752434356,-0.0115903042706548,-0.0498557750156977
19.098852827,0.204564590567596,-0.0156402101571463,-0.049849977265066
19.10885279,0.204389922549988,-0.0187093421691462,0
19.118857062,0.204190324490149,-0.0205365474869285,0
19.128850968,0.203979229017839,-0.0208514143514814,-0.0498634713048675
19.13885359,0.20377336859923,-0.0193679578822046,-0.0498446890576626
19.148855031,0.203591791168182,-0.0160631374059298,0
19.158853666,0.203452104630313,-0.0111458683992577,0
19.168856362,0.203368858965046,-0.00484774734010789,0
19.178878641,0.203355028611021,0.00267341633633834,-0.0498628532898091
19.188852839,0.203422317873327,0.0111317315805705,0
19.198852821,0.203577375821323,0.0198301857385679,0.0996929540203917
19.208856035,0.203818984965372,0.0281918834953092,0
19.218858891,0.204141384615962,0.0359066730105136,0
19.228856351,0.204537129772091,0.0427289803378543,0.0997486796902112
19.238850912,0.204995623288185,0.0482792435708709,0
19.248857417,0.205502766109182,0.0522458812472922,0.049849561055403
19.258852721,0.20604063542593,0.054187472935051,0.0997395428914765
19.26885112,0.206586174349366,0.0535928228021078,0.0498200480856932
19.278866678,0.207113239877,0.0505646105528432,0.0997401355329628
19.288845003,0.2075971572567,0.0453243280732514,0.0498590405599344
19.298864983,0.208019649613729,0.0387270548507957,0
19.308852187,0.208371976568878,0.0317345845936958,0.049880955783368
19.318854203,0.208653999206781,0.0249945949080402,0
19.328857531,0.208872002038154,0.0190640457312592,-0.0498517343944454
19.33885514,0.209035297984417,0.0139613926529981,0.0996048695676354
19.348878267,0.209151519394652,0.00958773888907376,0
19.358853564,0.209227037651922,0.00598262154928858,0
19.368854155,0.209271027572667,0.00353469549827134,0.0498572184315479
19.378852301,0.209297727097567,0.0027823678370304,-0.0997091918283741
19.388853944,0.209326674342328,0.00401272689078577,0
19.398852516,0.209377982498119,0.00691308791916563,0
19.408852371,0.209464925226424,0.010604571296237,0
19.418852646,0.209590075302638,0.0140572601140245,0.099706674208276
19.428852665,0.209746074561539,0.016612251769933,0.0498585422594404
19.438850852,0.209922290535657,0.0183009249726852,-0.0498431518057983
19.448857046,0.210112173237345,0.0194954379236788,0
19.458852609,0.210312233547615,0.0202290106918381,0.0498549424096951
19.468856696,0.210516746371028,0.0201324473980357,-0.0498521406703575
19.478853383,0.21071489807809,0.0185554730102977,0.0498497403026851
19.488858732,0.210887893610177,0.0147014307603118,0.0997116768814067
19.498852823,0.211008918460495,0.00818799514335865,0.0498626961946382
19.508855272,0.211051625182581,-0.000460318078366745,-0.0498652193842778
19.51884865,0.210999714019835,-0.0102069078583789,-0.0498621176939976
19.528852044,0.210847519973312,-0.0202520411245671,0
19.538853213,0.21059458078728,-0.0302580710475514,-0.0498475871061253
19.548854944,0.210242270803955,-0.0400334331962944,0
19.558854416,0.209793863963134,-0.0492865602872792,-0.0498610854029137
19.56885213,0.20925667829059,-0.0574419408091587,-0.0498482950232235
19.578856733,0.208644892053974,-0.0637511908118367,-0.0498491672825997
19.588854097,0.207981529075761,-0.0673466662731222,-0.149565434919731
19.598856501,0.207297974352938,-0.0676859356796834,-0.0997163957699478
19.60885274,0.206627902211982,-0.064918232623004,0
19.618846033,0.206000289264537,-0.0594579462759156,-0.0997113605733506
19.628852094,0.205438781696297,-0.0518662234388205,-0.0498488881562741
19.638848112,0.204962856965882,-0.0425432817851811,0
19.648858781,0.204587631573668,-0.0318486932527044,-0.0498521680879911
19.658848875,0.204325858800275,-0.0199318087023615,-0.0498728664902816
19.668851542,0.204189139685984,-0.00702080740462127,0
19.678850845,0.204185428821192,0.0063714069887489,0
19.688851859,0.204316569845495,0.0195847772188068,0
19.698846357,0.204577036469088,0.0317936991686693,0.0498476369465293
19.708854739,0.204952535394722,0.0421435894188775,0.0498533321188872
19.718846653,0.205419920731968,0.0498843816604352,0.0997263349662176
19.72885109,0.205950040999822,0.0546369183670755,0.0498540225868763
19.738846672,0.206512660137411,0.0564982179620324,0.0498522625703991
19.748852114,0.207080063213238,0.0557263628643213,0.049849226907912
19.758848914,0.207627312333203,0.052546718501995,0.0498521329614978
19.76885319,0.208131054123547,0.0470724639396751,0.0498561337009908
19.778848385,0.208568736710663,0.0393916733173634,0.0498635165914207
19.788849401,0.208918738334844,0.0296570651455865,0.0498536387142251
19.798848558,0.209161883144247,0.0182222616851472,0
19.808864981,0.209283467471384,0.00557742516957411,0
19.818868857,0.209273544863792,-0.00788839895506975,0
19.828855049,0.209125777839861,-0.0218775934417864,-0.049900122771505
19.838850399,0.208836396811576,-0.0361108022272359,0
19.848859219,0.208403411213271,-0.0503951524586293,0
19.858844386,0.207828796788455,-0.063942790321116,-0.0996405215925947
19.868872941,0.20712367798388,-0.0759113014035321,-0.099660288203819
19.878854288,0.206309819086678,-0.0855110689914984,-0.0998489180695851
19.888844892,0.205415855104024,-0.0918452649530015,-0.0997189992954217
19.89885211,0.204473113826605,-0.0951316092026683,-0.0997026335993393
19.908846146,0.203513103624933,-0.0953279101677699,-0.0996814526186879
19.918857614,0.202566030938432,-0.0926298516321011,-0.099664571528947
19.928854889,0.201659696729498,-0.0873403928182452,-0.0498609108651701
19.93885487,0.200819462744105,-0.079403517511793,-0.0996087412988813
19.948875146,0.200070017902208,-0.0692664394516026,-0.149596296993805
19.958850512,0.199434435818216,-0.0571997033076166,-0.0499130397089596
19.968851517,0.198927375407845,-0.044207266286707,0
19.978858976,0.19854991632218,-0.0317576854029351,0
19.98884705,0.198292363561367,-0.020452615729562,7.45332966042446e-07
19.998851599,0.198141014886535,-0.0104308356809671,7.45079061207491e-07
20.008846486,0.198083752730739,-0.00144804004502917,-0.049856968827306
20.018850735,0.198112055336741,0.00672761132327706,0
20.028852302,0.198218344084992,0.0139703152759371,0
20.038854282,0.198391511194968,0.0197549323618984,0
20.04885375,0.198613471337372,0.0233354298901248,0.0996853518249676
20.058858854,0.198858326482356,0.0241868939884561,0.0498572486556178
20.068852176,0.19909717114697,0.0223404090302932,0
20.078856456,0.199305081090661,0.0182863173694424,0
20.088853147,0.199462915250373,0.0124711844292242,0
20.098851183,0.19955443901869,0.00501136012101909,0
20.108856231,0.199563157907828,-0.00412747193971411,0.049845596063257
20.118854882,0.199471874312377,-0.0148280364473737,0
20.12885342,0.199266638860491,-0.0264536298039499,0
20.138855614,0.198942782352241,-0.0378685287215439,-0.0498557852731548
20.148852433,0.198509305662298,-0.0476947662577627,-0.0997245595451255
20.158852321,0.197989044085951,-0.0547408391797922,-0.0498514051701304
20.168853801,0.197414413993234,-0.0582662030369774,-0.0498486337756656
20.178854801,0.196823575525028,-0.0577673263122279,-0.0997032567056056
20.18885493,0.196259002247678,-0.0529969961716207,-0.0997160794695786
20.198853358,0.195763712076261,-0.0441705849129647,0
20.208854285,0.195375619039446,-0.0318954583415703,-0.0498495909624536
20.218855155,0.195125745593291,-0.0168242533786948,-0.049715279801584
20.228910119,0.195038194606509,7.60797927614844e-05,0
20.238909894,0.195127271353678,0.0178515151135317,0.0498533570451887
20.248910405,0.195395230014313,0.0353683928754994,0.0498765917231869
20.258900863,0.195834319799232,0.0516771314396083,0
20.268916886,0.196429107562594,0.0659410102094731,0.0498236775049225
20.278913063,0.197153944483746,0.0770874874924068,0.149657448615712
20.288904258,0.19796988385165,0.0837929344912304,0.149587098260317
20.298909835,0.198829532689978,0.0858583740524765,0.0996553550804669
20.308915001,0.199687973709212,0.0840050612842488,0.0996038158986849
20.318931082,0.2005114187712,0.0796469386339527,0.0498677756411413
20.328909803,0.201280498477104,0.0741260243866002,0
20.338844883,0.201987549669756,0.0674206846761258,0.0498752669366391
20.348901303,0.202628339094807,0.0603724439838745,0.0997028556450582
20.358845943,0.203195062544224,0.0524454252202846,0.0996969811349112
20.368903691,0.203677372838888,0.0436195122232772,0.0497691150785402
20.378880382,0.204068955001071,0.0346410218497332,0
20.388952678,0.20437189023562,0.0263461001018836,0
20.398844901,0.204594942217131,0.0188634722301653,0
20.408911115,0.204748375657727,0.012143754590403,-0.0498557996582952
20.418844506,0.204837812512156,0.00550334911062754,0.049922556206934
20.428883678,0.20485829164455,-0.00213730414807875,0.0997070752710277
20.438844869,0.204795065653353,-0.0112044230364601,0
20.448913656,0.204633867297627,-0.0212020544111507,-0.0497696432139345
20.458878796,0.20437030524303,-0.0311571628428312,-0.0498508495833178
20.468914948,0.204010683785716,-0.0400990317388646,-0.0498523273751121
20.478879794,0.203568284589419,-0.0475282354727898,-0.049863685755945
20.48891139,0.203060288181722,-0.0530988860989937,-0.0498586694104545
20.498877949,0.202506404834884,-0.0566323915933469,-0.0997000193298109
20.508913019,0.201927548095689,-0.0580460342920378,0
20.518900965,0.201344148161518,-0.0575271687346986,-0.0498821154880576
20.528902073,0.200777634413384,-0.0545208652011257,-0.0996714533401513
20.538908476,0.200253321351277,-0.0489100339678417,-0.0498297879952301
20.548912118,0.199798942432736,-0.040632568186137,-0.049871868691743
20.558901637,0.199440947873688,-0.0298589197330268,-0.0498715125097011
20.568905123,0.199201972901219,-0.0171644474614991,-0.0498492794324503
20.578903559,0.19909762593439,-0.00342526316990881,0.0498557102010701
20.588904465,0.199133469891644,0.0104763564740761,0.0498499972034296
20.598905193,0.199307170182238,0.0240397454442661,0
20.608908053,0.199614351055136,0.0371612527088552,0
20.618901018,0.200050240088185,0.049584336695731,0.0498638528295793
20.628904428,0.20060585804583,0.0607096793078508,0.0996233611628967
20.638918337,0.201265485105278,0.0701144524215957,0.0498509415880885
20.648905982,0.202008256052121,0.0771638544391935,0
20.658903408,0.202807610214879,0.0809790169624162,0.19943071576949
20.668904609,0.203627725207179,0.0810809965579461,0.199396696357643
20.678905447,0.20442939547019,0.0778027351908682,0
20.688916861,0.205184733150108,0.0726254961712135,0
20.698901184,0.205881595791124,0.0665225749745566,0.0498861167896204
20.708904013,0.206514329967556,0.0596891952450453,0.0996835603459401
20.718906265,0.207075682976826,0.0521658678833371,0.099676372990664
20.728910686,0.207557995428059,0.0441450901974504,0
20.738905335,0.207958543725841,0.0362802533442976,0.0500174619912835
20.748845352,0.208281230160873,0.0289434854676291,0.0997290850806234
20.758901284,0.208537296185134,0.0232515242699259,-0.0994215219584542
20.768903159,0.208747604747135,0.0199841168735976,-0.0498508695223778
20.778902568,0.208937004182212,0.0186979663512306,0.0498353692451744
20.788910963,0.209121709993089,0.0184029708406895,0.0996907388779254
20.798906059,0.209305127843797,0.0182088218990728,0.0498696317667873
20.808904722,0.209485772789813,0.0180696805331968,0
20.818909596,0.209666585366921,0.0185281457891505,-0.0498518988980007
20.828905593,0.209856351843611,0.0198264057517009,0
20.838911511,0.210063151449522,0.02156263757854,0.0498520908201992
20.848906387,0.210287621715916,0.0229092297437701,0
20.858906186,0.210521214052749,0.023026439342603,0.0997140601141763
20.868905349,0.210748126601324,0.0214975399608978,0.0498652642723764
20.878901995,0.210951074755777,0.0185310458638459,0
20.888893968,0.211118536616768,0.0147242432831998,-0.0498049353634808
20.898922025,0.211245854548034,0.0105647181598125,0.0497143477737812
20.908950178,0.211330424822772,0.00616373783557039,0
20.918906315,0.211369032472424,0.00141882293045924,0
20.928901763,0.211358732589069,-0.00352699000048674,0.050002394573714
20.938847286,0.211298700867107,-0.00830130609744861,-0.0499713426952295
20.948854827,0.211193096097223,-0.0123220761320882,0
20.958845135,0.211052285849251,-0.0151089430461548,-0.0498711852228001
20.968848262,0.210891016426511,-0.0163822796421396,-0.0498555528684331
20.978844839,0.210724645105563,-0.0163228239038446,0
20.988853122,0.21056448061951,-0.0154307912299033,0
20.998852551,0.210415910278703,-0.0142694364989676,-0.0498545061751225
21.008852947,0.210279094386682,-0.0133256455451807,0.049868548804586
21.018847043,0.210149470765455,-0.0129208672246255,0
21.028851437,0.210020696552699,-0.0130309775325517,-0.04984017196373
21.038852919,0.20988877464478,-0.0134269060130416,0
21.048849573,0.209752183460191,-0.0139684927025821,-0.0498552116325451
21.058852461,0.209609411188298,-0.0147560570325263,0
21.068881668,0.20945658872389,-0.0161080613756039,0
21.078893046,0.209286596215115,-0.0177702215290973,0
21.089451828,0.209091052423801,-0.0215953787414992,0
21.098461942,0.208863998494442,-0.0254255255425246,-0.0521338274835401
21.108577249,0.208604778543654,-0.0272219845011772,-0.049673232063215
21.118534753,0.208317576744505,-0.0299265104616538,0
21.128487052,0.208008947615885,-0.0313615275472973,-0.0990098383758428
21.138676111,0.207685912990748,-0.0327066041308005,-0.0496314190260773
21.148577074,0.207351871219352,-0.0343707568839245,0.0501724164367741
21.158549507,0.207002849328374,-0.03614677750605,0
21.168493027,0.20663197369744,-0.0376095013328227,-0.0490451748082548
21.178879668,0.206238242111148,-0.0393171303096014,-0.0489089669400465
21.188879806,0.205830424050904,-0.0406141772756488,-0.0498608609974734
21.198876944,0.205426069198654,-0.0391138800182967,-0.0997003283756663
21.208881373,0.205048085159088,-0.0354404908606833,-0.0997049615642085
21.218877731,0.204717231489774,-0.0302671304840289,0
21.228880771,0.20444276077022,-0.0247905066618737,0.0997066465402289
21.23887818,0.204221410225599,-0.0197115076758285,0
21.248881676,0.204048512777789,-0.0146702288393687,-0.0997068010823139
21.258878598,0.203927999516656,-0.00894561759754825,-0.0498059603397539
21.268901294,0.203869424930712,-0.00247219446586674,0
21.278879671,0.203878552974674,0.00406386548499127,-0.0499001652258225
21.288882819,0.203950627160497,0.00937641060897222,0.0498036144004583
21.298900232,0.204066273975232,0.0121730850177607,0.149533160420445
21.308886804,0.204194137370596,0.0118569407766022,0
21.318887518,0.204303262041619,0.00893190859260895,-0.0499092121412325
21.328864707,0.204372578174064,0.00427438997394779,0
21.338903091,0.204388816406173,-0.00156511427248355,0
21.348895076,0.204341228357659,-0.00844056686338475,0
21.35889908,0.204220038924019,-0.0162587391995976,-0.049883123678941
21.368883726,0.204016238110357,-0.0250700601875833,-0.0498876236019149
21.378885927,0.203718967466769,-0.0350511430108158,0.0996318446305883
21.388899191,0.203314673184214,-0.0461132960157008,0
21.398897406,0.20279617221193,-0.0570422746746354,-0.149575075145153
21.40889767,0.202173914452021,-0.0661059193949085,-0.0997785054065994
21.418883451,0.201474976332137,-0.0719365743870584,-0.0995936669356371
21.428920658,0.200733529286308,-0.074613136763562,-0.0997175881378803
21.438881556,0.19998285498876,-0.0742987533553807,-0.0998447274835852
21.448893298,0.199249587033092,-0.0715874599824786,-7.44927017315478e-07
21.458885074,0.198550853944426,-0.0675041318713418,0.0498856832385855
21.468880325,0.197900380126768,-0.0614640097865514,-0.0997264995449651
21.478881392,0.197321800059179,-0.0523703224381047,-0.199410504127362
21.488880979,0.196852939427815,-0.0395265798576998,-0.149567494276107
21.498880785,0.196531292454659,-0.0239834567172535,0
21.508882724,0.196373228442338,-0.00819163164063853,0.149546355257226
21.518883005,0.196367441636424,0.0057858389694461,0.0996985163087479
21.528884804,0.196488957256272,0.017524022885617,-0.0498481029591804
21.538885698,0.19671796928633,0.0278229723290592,0
21.548883761,0.197045387683493,0.0374360785693102,0
21.558887897,0.197466773179653,0.0463273121647953,-0.0498069803822881
21.568902969,0.197972823781801,0.0536384568507666,0.14942102733985
21.578906894,0.198540561286433,0.0580764462834754,0.149513951704965
21.588909524,0.199134733398576,0.0593285620543555,0.0501604476297036
21.598785032,0.199719902630291,0.056814802625467,0.0997420411887925
21.608903025,0.200270660211683,0.0524376702611264,0
21.618912395,0.200775334654511,0.0480425937510215,-0.0498100780846168
21.628920988,0.201232375075815,0.0432751239834612,0.0996887129433833
21.638916442,0.201641012268607,0.0383186429913169,0.0997814360365883
21.648906446,0.201998190705935,0.0331976193936428,0
21.658901124,0.202304456135346,0.0285002619391281,0.049848688782254
21.668908605,0.202568257476783,0.0250611923030019,0
21.678912699,0.202805970064707,0.0235288751648719,-0.049859970875747
21.688906238,0.203038779287233,0.0239928604170648,0.04982458126978
21.698924536,0.203286111276537,0.0260826794262179,0
21.708908959,0.203560503846728,0.0289936794665001,0.049836584783533
21.718931852,0.203866196983626,0.0320340039257452,0.0997075239467436
21.728909232,0.204201192670526,0.0348581987074039,0
21.738912104,0.204562672578066,0.0374226646223312,0
21.748896481,0.204949168786576,0.0397311137021783,0.0498795908408582
21.758901871,0.205356888283623,0.0413721556650819,0.0498396737584317
21.768902258,0.205776850906821,0.0419400229446761,0.0498601105005837
21.778899448,0.206195587121841,0.0410093897649159,0.0498599309830865
21.788899907,0.206596942289044,0.0384150127484557,0.0498517067523339
21.798900695,0.206963935280331,0.034207571131773,0.049862119806804
21.808896977,0.207280993483496,0.0285736888212753,0
21.818906738,0.207535581727558,0.0217673165167409,0
21.828922771,0.207716901279993,0.0138823725322341,0.0498500493415299
21.83890865,0.207813255721299,0.00484172465880177,0.0499187309493538
21.848897163,0.207813611786284,-0.0049834744661505,0
21.85890869,0.207713586032637,-0.0147087719314646,-0.0498550194118304
21.868897081,0.207519437553774,-0.0233776107715844,-0.0498686286163786
21.87890315,0.207246163329169,-0.0302841696573148,0
21.888904223,0.206913537871088,-0.035058179401347,-0.0498614989401782
21.898900469,0.206545093732121,-0.0372753368786951,-0.0498739715987405
21.908896541,0.206168317482652,-0.0366081227779318,-0.0498536761041633
21.918900627,0.205812925492479,-0.0330288276512734,-0.0498716995940051
21.928889471,0.205507974443438,-0.0268086074286769,-0.0997936297047891
21.938883643,0.205277208661294,-0.0188093642202034,0
21.948873961,0.205132078892273,-0.0104306244086699,0.0498542815654376
21.958883857,0.205068593940967,-0.00301439021438909,0
21.968887531,0.20507175018271,0.0026863299487678,0.0498687862270124
21.978877955,0.205122304685223,0.00652377864471257,0
21.98888109,0.205202183735946,0.0087588067282917,0
21.998886838,0.205297558624269,0.00982142457793827,0
22.008881929,0.20539862046768,0.00994250568846147,-0.0498690705646284
22.018880822,0.205496348923924,0.00896328263457565,0.0498684719629091
22.028876153,0.205577834348451,0.00653174034084669,0.099708429050836
22.038880764,0.2056269833519,0.00271713663218785,-0.0498410614311631
22.048881373,0.205632191264548,-0.00188044221760919,-0.0498603398859474
22.058878249,0.20558937923686,-0.00677109400736132,0
22.068898199,0.205496655453973,-0.0119668246434859,0
22.078884429,0.205349968789014,-0.0180379416128821,0
22.08846034,0.205143794696792,-0.0238368279008451,-0.0498274919639841
22.098895097,0.204872977939717,-0.0298837743863716,0
22.108892869,0.204533193610013,-0.0374478509534585,0.0498582979318618
22.118893401,0.204124084432203,-0.0438483951448192,-0.0997344568692007
22.128887741,0.203656450561687,-0.0484748999943456,-0.0996689276813491
22.138901419,0.203154197760568,-0.0503838237455756,-0.0498244046808521
22.148899948,0.202648159051439,-0.0492024868106015,-0.0498764688752158
22.158892736,0.202170575249549,-0.0447738866120172,-0.0499049630294978
22.168879552,0.20175359452739,-0.0371824637499936,-0.0997410344895698
22.17888614,0.20142717123008,-0.0273162492801479,0
22.188618946,0.201214388320247,-0.0148486509184064,0.0498558971668334
22.198885407,0.201130209095773,-0.00140892463164731,-0.0491721893638538
22.20889629,0.201185819070821,0.0129410665410235,-0.0498657036168525
22.218880741,0.201388970043577,0.0275966339262484,0.0498820605877394
22.228885366,0.201737450283717,0.0412842541547871,0.0498453693087652
22.238884531,0.202214811593996,0.0526553381897192,0.0498292749010115
22.248895318,0.202791081073437,0.0605744151365638,0.149579984583898
22.258882254,0.203426161968784,0.0643311572855633,0.0996984016675169
22.268897421,0.204077839507572,0.0642606838874071,0.0498608360636573
22.27887954,0.204711201243036,0.0614299293883082,0.0500202095732807
22.288830992,0.205302357366559,0.0562189605673721,0
22.298884193,0.205835842041207,0.0496719797225104,0.0497006093766276
22.308892746,0.206298864404445,0.0420982961598538,0.0996779897615187
22.318890392,0.206678068931742,0.0332081765977134,0.0498521229916073
22.328893826,0.20696306380123,0.0237586773728224,0.049878625195388
22.338880546,0.207153008551261,0.0148944894937573,0.0496036878930074
22.348994779,0.207262457234503,0.00853959535517475,-0.0997225070489081
22.358877814,0.20732377712819,0.00593536619867219,-0.0501186613973168
22.368889193,0.207380537866901,0.00756862105704443,0
22.378885836,0.207475210264809,0.0129387725679456,-0.0497978984981673
22.388912052,0.207639609085662,0.0207304915540526,0.0996852296494466
22.398890582,0.207889918482803,0.0295235622977117,0.0997843518597505
22.408896926,0.208229633758213,0.0384420547943923,0
22.418889764,0.20865872813309,0.0473667278143306,0
22.42889785,0.209177012081356,0.0559947990678632,0.0498367043485673
22.438896733,0.209779014342202,0.0635864437935068,0.04987012762893
22.448891709,0.210448350472875,0.0688366598278613,0.0499040178726753
22.458877014,0.211154390148664,0.0700129028528605,0.0995895070124092
22.468915683,0.211850287019265,0.0660023490910348,0.149422766463158
22.478895778,0.212475675598563,0.0559307246644807,0.149732714367542
22.488893008,0.212967633283373,0.0399705548764463,0
22.498880562,0.213274478504129,0.0197016992753821,0
22.508896106,0.213361728304745,-0.00322550999733909,0
22.518893239,0.213209927414392,-0.0274973803679652,-0.0498466650765177
22.528899376,0.212811690780952,-0.0520430990480111,-0.0498854528866128
22.538880657,0.212169720239704,-0.0758178478041353,-0.0498750773307662
22.548890952,0.211295972514419,-0.097676755606743,-0.0498127876004762
22.558897232,0.210214566135345,-0.116443176352056,-0.14954476278227
22.568893385,0.20896682568113,-0.130151568302003,-0.199400561640429
22.578898958,0.207611310127698,-0.137549394138455,-0.199379887730217
22.588897185,0.206215315110663,-0.138405268862846,-0.149567576540752
22.59889834,0.204843290284897,-0.133426965856866,-0.149675301183712
22.608882173,0.203548778799137,-0.123613134584462,-0.0997173310123966
22.618896646,0.202371236993858,-0.110545747504911,-0.0498560916127141
22.628881362,0.20133795350164,-0.0951172490450304,-0.0997781709163263
22.638882758,0.200470213001312,-0.0775691841708008,-0.149554322904652
22.648882616,0.199786472546467,-0.0586247791036574,-0.0996304956804597
22.658898494,0.199296794899715,-0.0396289051317995,0
22.668859836,0.19899479719029,-0.0219822030265943,0.0498972010888195
22.678881206,0.198857530867509,-0.00699104728586761,0.0497725127088748
22.688892608,0.198854747133971,0.00512523315632832,0
22.698879638,0.19896002749427,0.0150118061407655,-0.0498387046755448
22.708898774,0.199155075819583,0.0232245843066452,0
22.718902467,0.199425049374438,0.0298498030062821,0.0498638457551647
22.728894853,0.199751954838631,0.0343433253584437,0
22.738898069,0.200111764839662,0.0360847160095442,0.0996131546721998
22.748914223,0.200474348119771,0.0347975461352644,0.0996631620631868
22.758907394,0.200808040249485,0.0306778191487335,0
22.768921437,0.201088125812533,0.0246295742595037,0
22.778905548,0.201300586268481,0.0175563375362766,0
22.788904809,0.201438960636478,0.00996110431256669,0
22.798916809,0.201499920526728,0.00213655779852043,0.0498474777810098
22.808907155,0.201481696804813,-0.00565848546448108,0
22.818914684,0.20138676284172,-0.0128448657328135,-0.0498599135300623
22.828904811,0.201224829598522,-0.0187360860546587,-7.45204482658727e-07
22.838910754,0.201012114753445,-0.0227656043138077,-0.0498328984412998
22.848913308,0.200769324072906,-0.0246363961789834,-0.0498494688422276
22.8589126,0.200519341351078,-0.0242658655801463,0
22.868904789,0.200284213482212,-0.021770331908163,-0.0498174267399563
22.878927311,0.200083614449562,-0.0175550300301741,-0.0498409194216029
22.888910066,0.199933020243715,-0.012195424718638,0
22.898913041,0.1998398799839,-0.00657937507259145,0
22.908907403,0.199801450263139,-0.0016546328400466,0.0498640726811751
22.918909029,0.199806793965486,0.00207673390515488,0.0498594747152637
22.928905235,0.199842980438883,0.00481044843899928,0
22.938911928,0.199903016879756,0.00730005255006161,-0.0498107026479807
22.948922947,0.199989110788415,0.0102194314726937,-0.0498505453070456
22.958913641,0.200107423015096,0.0135282047290584,0.0498700902148801
22.968916821,0.200259592009214,0.0166263095284626,0.0498150974290667
22.978929587,0.200440214328797,0.0190308514717171,0
22.988920203,0.200640273400988,0.0205081714566304,0.0499001967401735
22.998911398,0.200850004734799,0.0210548015475509,0.0498561710941024
23.008919659,0.201061357978127,0.0210848040532491,0
23.018904447,0.201271554255391,0.0215702113272408,0
23.028509618,0.201483917533649,0.0215850575457173,-0.0498388067815168
23.038910871,0.201703394068715,0.0218324010573632,0.0488683752716206
23.048913026,0.201929372920042,0.0225773724916701,0.14954208630451
23.058913662,0.202155004531995,0.0223722334375208,0
23.068920795,0.202376991398674,0.0223860950635753,-0.0498556055008453
23.078913046,0.202602712643432,0.0234930525637128,0.0498629056550796
23.088917251,0.20284676919057,0.0261635308805283,0
23.098915812,0.203126055629369,0.0305294710137318,0
23.108907337,0.203457055941669,0.0370305458038363,-7.61074715143247e-07
23.118494916,0.203851080536839,0.0425675843806604,0.049851497389099
23.128908668,0.204308464286737,0.0473783643175592,0.146549448913033
23.138906279,0.204818137529271,0.0528128661764505,0.0498313393827469
23.148917791,0.205365203422044,0.0559501811322317,0
23.158911797,0.205937449885015,0.0579016040520394,0.0498584151090748
23.168916048,0.206523134580589,0.0584516319585635,0.099672061111455
23.178919186,0.207106914423295,0.0573940521269089,0.049864147081378
23.188912305,0.20767080079719,0.0545043399830094,0.0498777013895406
23.198910009,0.208196501036627,0.0497977983759991,0.0996979580582478
23.208914497,0.208666865921484,0.0436586371832571,0.0498668159063375
23.218904897,0.209069450597339,0.0366562850476128,0
23.228911398,0.209399878024609,0.0295179229766015,0
23.238910038,0.209659960808513,0.0225999381874161,0
23.248917373,0.209852011822988,0.0157297276915806,0.0498410963108298
23.258915244,0.209974637251307,0.00860221412606391,0.0498815147576237
23.268906369,0.210023961446745,0.00121752665639457,0
23.278910653,0.20999898219477,-0.00590607678671609,0
23.288911444,0.209905809937671,-0.0120383404654465,-0.0498366943847009
23.298917626,0.209758131442113,-0.0166118805841345,-0.0498828149202942
23.308899919,0.209573763777912,-0.0194343221238316,0
23.318905458,0.209369681476468,-0.0207130901874081,-0.0498113243602031
23.328917082,0.209159146475397,-0.020952233574589,0
23.338906632,0.208950612207054,-0.0204901272390574,0.0498670852574486
23.348911862,0.20874945088908,-0.0193548255358264,-0.0498681402439738
23.358900989,0.208563624915618,-0.017149637962746,-0.0498658332982742
23.368907144,0.208406539041817,-0.0135296481862636,-0.0498343729464684
23.378909193,0.208292920954659,-0.00874777745262531,-0.0498151223167884
23.38892308,0.208231444088183,-0.00368844960374834,0.0498406752066942
23.398914867,0.208219131034321,0.000562362579772035,0.0498820855424234
23.408912146,0.208242685190906,0.00331851322790304,0
23.418908928,0.208285481590229,0.00449264570545575,0
23.428907317,0.208332516410029,0.00427386122131095,0
23.438913534,0.20837097850006,0.00284323646890018,0
23.448910476,0.208389390121191,0.000296859871136488,0
23.458910806,0.208376914887649,-0.00338150337362178,-0.0498584671389617
23.468909011,0.208321765007621,-0.00861530588896747,0.0511437648229262
23.478406465,0.208208953821857,-0.0149425913265266,0.0498590455462708
23.488907314,0.208022938538668,-0.0221145220411295,-0.0486205401044509
23.498913876,0.207755442229291,-0.0306340542869522,-0.0497912589537552
23.508932843,0.207409475396157,-0.0379236707609256,-0.0498603918910855
23.518911639,0.206997053649324,-0.043724097326937,-0.0499033385174569
23.528913396,0.206535843752139,-0.0475061343851856,-0.0498665910017152
23.538906916,0.206047155333093,-0.049045531702339,-0.049853703523477
23.548913543,0.205554925908399,-0.0481413694000289,-0.0996681231449426
23.558914946,0.205083941369896,-0.0448685533217946,0
23.568930266,0.204656804505146,-0.0401508060839037,-0.0506231581131493
23.578611392,0.204293113186008,-0.0323423616925822,-0.0498865835290129
23.588917231,0.204010378853979,-0.0231253795084237,0
23.598913239,0.203823625269411,-0.0132891422428604,-0.0498592001229007
23.608915472,0.203744619384723,-0.0021600858017288,0
23.618912708,0.203780424700382,0.00932264742389763,0
23.628912386,0.203931043563511,0.0204176291585015,0.0498691498933861
23.638906959,0.204188659902602,0.0304488903684957,0.0498722628173965
23.648905389,0.204539808319995,0.0390348218354587,0.0498580560997889
23.65890536,0.204969293922631,0.0461795500074051,0.0498502414496515
23.668906925,0.205463470251932,0.0523476283184803,0
23.678796083,0.206010526097221,0.0566800474691532,0.0498682499850889
23.688901238,0.206596748861885,0.0592919571762247,0.0991534816844689
23.698908112,0.207203007659416,0.0604280498005846,0.0498371925749495
23.70890831,0.207805737205065,0.0588581217702014,0.0997079776118691
23.718908294,0.208380180806998,0.0549897085872753,0.0997535845356951
23.728899348,0.208905038559042,0.0493251602855258,0
23.738928429,0.209367677174811,0.0439277010727251,0
23.748446661,0.209763707081281,0.0362214152426768,0.0499165704861092
23.758903387,0.210091198422984,0.0285385442111382,0.0487338755221387
23.76890638,0.21034759767651,0.0220459325833919,0.0498619228233536
23.778900536,0.210532054221698,0.0150849899583371,0
23.78890207,0.21064923245937,0.00892469331428087,0
23.798910082,0.210710633283106,0.00419838675858896,0
23.808928759,0.210733312245286,0.00132248261916136,-0.0498552861387003
23.818909893,0.21073708268554,0.000336262789417206,0
23.828438639,0.210739872691956,0.000821278713021233,0
23.838902138,0.210753501890784,0.00213051831022594,0.0486955516599934
23.848914766,0.210783497455452,0.00395902709089117,0
23.858906906,0.210832701309243,0.00599073096947409,-0.0498841443889438
23.868903007,0.210903241629836,0.00800545844198232,0
23.878909821,0.210992833813994,0.00936151971530645,0.0498003309541748
23.888924888,0.211090676863555,0.00926669566968007,0
23.89892504,0.211178308757229,0.00729169045991713,0.0510822925912589
23.908444008,0.211233004244645,0.00265846748735644,0
23.918908312,0.211231433636132,-0.00392431960014344,0
23.928905557,0.211152706586855,-0.0125141525361276,0.0498770427103317
23.938899399,0.210981262124051,-0.0220675968519981,-0.0498517518417426
23.948906487,0.21071133412695,-0.0315621972079571,-0.0497997539083429
23.958921512,0.210349320245025,-0.0400097496957703,-0.0498782552923253
23.968897088,0.209911515184672,-0.0464389631316583,-0.0498822003342326
23.978910532,0.209421050882207,-0.0514850856768476,-0.102010820321494
23.988445776,0.208905049308122,-0.0515628463618387,-0.0498742341010501
23.998902446,0.208390210892146,-0.0491653563651314,-0.0487245567631354
24.008909408,0.207898947548317,-0.0470792490822768,-0.0498300692953225
24.018912079,0.207448172396094,-0.042474191292797,-0.0498256794402032
24.028921103,0.207048966986794,-0.037214148414007,-0.0997411741732928
24.038905455,0.206704135934333,-0.0323617143212707,-0.049883372139356
24.048909056,0.206402122561941,-0.0294962294682562,0.0996522300127474
24.058916676,0.206113880367777,-0.0307777324396812,0
24.068443866,0.205800885406501,-0.034373930618361,-0.0498918022938747
24.078901849,0.205426911417679,-0.0409122283807173,-7.2821402270439e-07
24.088906478,0.204963714351091,-0.0516266497658815,-0.0498342732831396
24.098909794,0.204393968248629,-0.0625193573717315,-0.0997096477332493
24.108906325,0.203713336769118,-0.0732915814771322,-0.0997044231815173
24.118910689,0.202928071023121,-0.0831025143348269,-0.0498428253146218
24.128911136,0.202050886676225,-0.0914689689765076,-0.0997968159289563
24.138893067,0.201100303509762,-0.0997528711784325,-0.102063374744678
24.148449612,0.200101867596774,-0.100608747848994,-0.149470778569355
24.158905301,0.199086897705361,-0.0984080112680309,-0.0974569377482104
24.168911754,0.19808822889627,-0.0975329994349439,-0.0997122873449669
24.178904768,0.197136289701751,-0.09152518250032,-0.0996963880122077
24.188914261,0.196257495792631,-0.0831467649286622,-0.0996878384680827
24.198908841,0.195473015746404,-0.0730250910474287,-0.0498666837258485
24.208909202,0.194797363405618,-0.0616566531394243,0
24.218901459,0.194240337833029,-0.0504367151035794,-0.102072057223284
24.228446162,0.193811983320108,-0.0358238137525525,-0.0498449656410406
24.238905411,0.193523719982266,-0.0208471352167708,0
24.248907618,0.193385420580144,-0.00601519012606732,-0.0498866758795604
24.258892339,0.19340349481031,0.00964500579003216,0
24.268923575,0.193578474601302,0.024906493235966,0.0498174989222434
24.278907021,0.193901990352163,0.0389548322526584,0.0498841768327279
24.288911803,0.19435711267007,0.0510383374758542,0.0997601017906959
24.298896753,0.194922233040031,0.0623357075279045,0
24.308446897,0.195574846576184,0.0682986453214652,0
24.318909317,0.19628906405064,0.0710010825498049,0.146085235185293
24.328923019,0.197028673404606,0.0729751913390735,0.149597257553805
24.338904731,0.197748233213194,0.0687747974609061,0.0498982173960437
24.348905324,0.198402952383783,0.0602739175790512,0.0497994747839903
24.358926657,0.198955033130692,0.0485225234474562,0.0498540325576741
24.368905339,0.19937340358057,0.0340101499147594,0.099857038973445
24.378897133,0.199634232013321,0.018085224382097,0.0510227695710889
24.388447522,0.199726828345041,0.00122736606988629,-0.099688072466818
24.398901458,0.199658784643077,-0.0134762397361251,-0.0487686255474681
24.408892968,0.199451300613233,-0.0264338111691036,0
24.418911054,0.199129854760843,-0.0365241988314024,-0.0498259480230111
24.428903957,0.198720415272184,-0.0440273994047223,-0.0498571289890894
24.438909528,0.19824937395856,-0.048812313922699,0
24.448907034,0.19774401879824,-0.0506490515502951,-0.0498166902931661
24.458924834,0.197235617693171,-0.0502558068287904,-0.102041085133865
24.46845007,0.196761867756176,-0.0436803550120609,-0.0997934848812577
24.478907879,0.196362751193349,-0.0337907522024283,-0.0974457563872214
24.488914407,0.196070362415622,-0.0232112991713072,0
24.498906458,0.195898558193179,-0.0114695721546614,0.0997586526901889
24.50890428,0.195841087124886,-0.000833207984428821,0.0498088982583674
24.518924596,0.195881878920764,0.00836285695753428,0
24.528897944,0.196008291276975,0.0167711160155188,0
24.53890488,0.196216970581751,0.025719435610103,-0.0509906880789608
24.54845213,0.19651121390471,0.0337942414951073,0
24.558896345,0.196892566977802,0.0411665854684236,0.097492052176835
24.568906902,0.197353267024485,0.049155434481324,0.0498298900952247
24.578906349,0.197876167418395,0.0542760998934796,0.0996269887327238
24.588923193,0.198439673234298,0.0573805221211162,0.0996850030072034
24.598910991,0.199024044221201,0.0589354275022204,0
24.608896682,0.199616819347224,0.0593821307301021,0.0498227441058708
24.618923865,0.200212451321354,0.0609020268202891,0.0509902688628021
24.628451321,0.200807736496063,0.0592885042068931,0
24.638905956,0.20139715960767,0.0567252417452337,0.0974725717409888
24.648910181,0.201968270275395,0.055192545346076,0.0996908110104078
24.658909582,0.202501210642761,0.0503377744842707,0.09968189109834
24.668915597,0.202975298394467,0.0438865491813954,0.0996952516287793
24.678912317,0.203379061656101,0.0371200708574924,-0.0498704344263115
24.688909333,0.203717467291493,0.0314806349667933,-0.0498606212755999
24.698909988,0.204008601037038,0.02837888431437,0.0509940057975711
24.708462539,0.204272365462542,0.0257810982698343,0.0498655136522037
24.718905697,0.204524112375742,0.0246208056656675,0
24.728897554,0.204775491995632,0.0255793312539313,0.0498641674421115
24.738901647,0.205035595404529,0.0268283011801532,0.0498472184480258
24.748900303,0.205312131770235,0.0289575303154055,0.0498260627183404
24.758912889,0.205615071551393,0.032311592832672,-0.0498358175800077
24.768907628,0.205958600309306,0.0369514680852354,-0.0498229928564116
24.778925364,0.206354561882662,0.0430933234329437,0.101998453981485
24.78845854,0.206801114083531,0.0463495470345863,0.149658793157875
24.798912656,0.20728096381331,0.0474753656529732,0.0487632973581831
24.80890622,0.207771875168286,0.0487214370026458,0
24.818908862,0.208255207704231,0.0471572265312425,0.0498581255857899
24.828904892,0.208714957074114,0.0439497502275114,0.0498489978126693
24.838910897,0.209134292146523,0.0390234328225054,0.0498662248405099
24.848900017,0.209495235491329,0.0322587034670977,0
24.858902975,0.209779210662416,0.0241479910702652,0.0511243987843125
24.868403061,0.209966194823684,0.0128799428561296,0.0997000216225238
24.878904753,0.210036832420077,0.000699854697685408,0
24.888910298,0.209980546909835,-0.0118017732344404,-0.0996884039718626
24.898908862,0.209800748461902,-0.0234742786445577,0
24.90892499,0.209510716452842,-0.0336267150816158,-0.0498408596283517
24.918914163,0.209128035905053,-0.0419301256411689,-0.0498852257659529
24.928912499,0.208672637689218,-0.0480812135769899,0
24.93890664,0.208166773348483,-0.0530160169763284,-0.102036333726752
24.948456299,0.207636503256636,-0.0528360839388806,-0.0997290921448321
24.958902737,0.207110257888941,-0.0499818749310554,0
24.968915055,0.206613936272999,-0.0469987326554613,-0.0498337502365434
24.978910892,0.206169899961167,-0.040815910717457,-0.0997564787704773
24.988905513,0.20579800752407,-0.032932827869248,-0.0498822808721438
24.998899581,0.205511615906998,-0.0242849551224681,0
25.008913075,0.20531212477879,-0.0160905936953828,0.0498452024866805
25.018903139,0.205189746782758,-0.00931794171412598,0
25.028408674,0.205130465923626,-0.00341711291829637,-0.0498579314449927
25.03890159,0.2051214098175,0.000933185373477983,0
25.048916624,0.205149603642606,0.00391118568929812,0.0498353094459576
25.058909119,0.205199662978603,0.0052502168937281,-0.0498207697457007
25.068929992,0.20525467816538,0.00478586288891459,0
25.078899545,0.20529533441653,0.00221606275450611,0.0998136828846948
25.088908844,0.205298952555175,-0.00242733271369106,0.0498426759124838
25.098904117,0.205246776664491,-0.00849330572635842,-0.102257606079658
25.108410208,0.205133321508642,-0.0140924432353061,-0.0498488183751852
25.118906224,0.204964898107007,-0.0186288115700475,0
25.12891171,0.204751402890981,-0.0231443550514577,-0.0498386025378991
25.138912431,0.204501867348966,-0.0263932888376501,0
25.148909103,0.204223605921532,-0.0289238421621899,0
25.158909952,0.203923462207927,-0.0305599260389648,0
25.168912501,0.203612303558124,-0.0306650162843472,-0.0498364502743185
25.178917322,0.20330993588107,-0.0291817294915291,-0.153481538786455
25.188401972,0.203043567087469,-0.0236817246072948,-0.0499053116958938
25.198897085,0.202836780635985,-0.0167253443002302,0.0971988462486492
25.208918447,0.202700421979267,-0.00999050012995124,0
25.218908446,0.202636857131314,-0.00261923913802425,-0.0499177762974912
25.228893221,0.202648103269433,0.00501645414865463,0.0498719684698086
25.238901567,0.202737151706099,0.0129705384651359,0
25.248907436,0.20290769841494,0.0213148961323818,-0.0498442903843339
25.25890579,0.203163539641553,0.0305822114392794,0.0511712937637855
25.268392898,0.203503606933816,0.0389763179273719,0.0515189864587395
25.278259748,0.203917885661714,0.0431348649885543,0.0486187750268584
25.28890136,0.204388236673309,0.0482946349433688,0.0988989814158339
25.298423532,0.204891688249071,0.0508371388765894,0.0498418287950461
25.308906272,0.205405229162867,0.0496493367929977,0
25.318905092,0.205908584119557,0.0488733100566303,0.0996989250318495
25.32890827,0.206382793012873,0.0450995633844255,0.0498687612852782
25.3388992,0.206810309660618,0.0407902315374735,0
25.348379278,0.207177019937461,0.0331026897809743,0.0996777480847773
25.358905597,0.207472575214144,0.0250885529950212,0
25.368904658,0.207691972021334,0.0188159321481961,0
25.37828741,0.207837262092461,0.0112458818409664,0.049864810407501
25.388900649,0.207916844573413,0.00528679640693201,0
25.398904109,0.207946258382657,0.00160559123835503,-0.0498325473324749
25.408909586,0.207948970747349,0.000264664280841418,-0.0498414026847861
25.418909491,0.207951553092697,0.00135880844381225,0
25.4283856,0.207975434919624,0.00398954705667412,0
25.43891117,0.20803135073228,0.00698339840405673,0.0485957785666185
25.448903767,0.208118721454306,0.0099175763050164,0.0498428552131453
25.458915969,0.208229749852829,0.0118392764470702,0
25.468908497,0.208355562983025,0.0133850959099661,0
25.478301702,0.208489229748319,0.0134465941301547,0
25.488908236,0.208624491356067,0.0127998448363648,0
25.49890905,0.208753000605208,0.0121688615549041,0
25.508388955,0.208861549528568,0.00895672467599944,0.099712577106096
25.51890816,0.208932127127243,0.0042643167181705,0.0485982403884161
25.528905776,0.208949039751362,-0.00120061944441267,-0.0498815546848299
25.53889714,0.208908127969181,-0.00655926869424131,-0.0498223331219953
25.548918516,0.208817770812394,-0.0108093834929996,-0.0498113168949113
25.558914306,0.208691754745444,-0.0138060789401817,0
25.568906638,0.208541813222196,-0.0164607584097734,-0.0515844092994113
25.578243718,0.208373577964309,-0.018281467060293,0.0511915411043296
25.588384102,0.208185736605662,-0.0193677611839294,0
25.598895226,0.207973604489277,-0.0219892713168272,-0.0485851118506036
25.608906467,0.207734464753614,-0.025187927355203,0
25.618911044,0.207469447519538,-0.0275551374871971,-0.0498495384326058
25.628908584,0.207183303669644,-0.030084487226439,0
25.638348302,0.20688468757952,-0.0298262025641249,-0.0498603096123724
25.64890638,0.206586845355312,-0.0281504305703941,-0.0969876585734147
25.658909451,0.206305882382148,-0.0273291925028015,0
25.668365972,0.206055030419518,-0.0235776701116164,0.0507377645190496
25.678561113,0.205842541978367,-0.018413398530249,-0.0485548300935945
25.688901136,0.205676908260902,-0.0133988724324266,-0.0490092798383801
25.69890586,0.205569945308644,-0.00716345731587813,0
25.708909068,0.205533582294041,0.000272930558634182,-0.0498186762696466
25.718920069,0.205575407797887,0.00802655890397807,0
25.728905748,0.205694086823945,0.0150339043257635,0.0498924696874921
25.738904676,0.205875854467513,0.0206617879398691,0.0512451081601855
25.748362852,0.206096105380717,0.0225266745815081,0.0997165431849644
25.75890314,0.206326353358171,0.0217536737228052,0
25.768908744,0.206543054011629,0.020359923458525,-0.0501826128516636
25.778772498,0.206730891966221,0.0167005307313188,0
25.788907381,0.206877041863432,0.0116028824989194,0.049482533167958
25.798922968,0.206964695501929,0.00485533487316279,0.0498784399293282
25.808897908,0.206974102566308,-0.00373024149973777,0.0498954623446458
25.818906675,0.206890151448759,-0.01355372830692,-0.0512170555187008
25.82836596,0.206710237878835,-0.0222733973193823,-0.0997245089092399
25.838903691,0.206444749966189,-0.0292119429543664,0
25.84890613,0.206110219604522,-0.0360173181971327,-0.0498412781841509
25.858908824,0.205724218725352,-0.0403588774852779,-0.0997057569288103
25.868906608,0.205303022763273,-0.0432908748230688,0
25.878924086,0.204857740523559,-0.0454532088675951,0
25.888908361,0.204393878906446,-0.0470855127285538,-0.0498920977050726
25.898908842,0.203916748040544,-0.0493016040023828,-0.0513170771589113
25.908338468,0.203435943465408,-0.0476161755721572,-0.099747352520945
25.918901129,0.202964791792663,-0.0447301325199292,-0.0484745025711028
25.928907661,0.20251588073669,-0.0433466506361409,0
25.938904543,0.202097710794475,-0.0399841720869265,-0.049853715986814
25.948907803,0.201716191617199,-0.0360115697682632,-0.0498094083422045
25.958922476,0.201376833603629,-0.0315567434703199,0
25.968914334,0.201084850650701,-0.0265215473009562,-0.0497881387308652
25.97894926,0.200845692304487,-0.021577476606643,0
25.988330935,0.200665889396843,-0.0146887253987847,-0.0500000376155013
25.998891171,0.200552771049881,-0.00756105654881907,-0.0968990206248108
26.008911046,0.200510282013791,-0.00116369707853734,0
26.01891309,0.200529471601234,0.00363106087224612,0.099717316053531
26.028909355,0.200582897091112,0.00514404225548671,0.0996475369483338
26.038925403,0.200632415784936,0.0030683571419821,0
26.048912506,0.200644273902345,-0.00167448033711608,0
26.058905279,0.200598959875436,-0.00781462706847198,-0.0513308428991627
26.068337112,0.200492477850503,-0.0133360622123345,-0.0498237845607552
26.078917436,0.200332076504681,-0.0176578197121778,-0.0484648963905018
26.088910382,0.200129198757953,-0.0219394529186457,0
26.098906496,0.199893527463923,-0.0247473860153389,0.0497504149586386
26.108952052,0.199633219814071,-0.0265556785167084,0
26.11890547,0.199362441139715,-0.0263098461211674,-0.0999009136945091
26.128913459,0.199108038267539,-0.0228449889765579,-0.0997551495106177
26.138896045,0.198905756674205,-0.0164691084921267,-0.0513279529189971
26.148339449,0.198788109530662,-0.00665984925645448,-0.0498311775871636
26.158905532,0.198772496507086,0.00328269214964057,0.096994627886127
26.168898967,0.198855600099001,0.0123166774157981,0.0996302639006239
26.178921165,0.19901902260202,0.0193286404980863,0
26.188901428,0.199242220476747,0.0245554708011139,0
26.198908008,0.199509808941713,0.0284305884542165,0.0498437795934471
26.208905856,0.199810958136477,0.0314642187579159,0.049852676326436
26.218908866,0.200139120313171,0.0350675739321175,-0.0513174469171837
26.228335823,0.200492319940748,0.0363602814029422,-0.0498610950111639
26.238906347,0.200866234349681,0.0365467430412433,0.145410103963975
26.248907117,0.201244133736592,0.0366658252235832,0.149534540725265
26.258910247,0.201599693850871,0.033370663273931,0
26.268911327,0.201911687492563,0.0286236171500848,0
26.278922076,0.20217250478264,0.0236957265597066,0
26.288910786,0.202385589204369,0.0193772354045397,0
26.298913598,0.202559885210529,0.0164748438083564,0
26.30831297,0.20270523715531,0.013436298112707,0
26.318912695,0.202828599039806,0.0110177494420315,0.0484015608866939
26.328913161,0.202932204898206,0.00944917386088802,0.0997387367583709
26.338906709,0.203017525954269,0.00806858696107684,-0.0498445272134651
26.34891699,0.203093607532047,0.00801336280320235,-0.0997016167065947
26.358908167,0.203177804893816,0.0095555593707368,0
26.368921837,0.203284765035258,0.0119289934241236,0.0498125959807808
26.378924819,0.203416583403897,0.0143519547500498,0.0514028586401674
26.388319229,0.203563155527511,0.014611852922389,0.0498716716312655
26.398918059,0.203708721686219,0.0133617008490451,0
26.408900731,0.203838159400259,0.0115372076513846,0
26.418906859,0.203939336622521,0.00824581493847028,0.0498358375193196
26.428908347,0.204003138499155,0.00430142078361061,0
26.438909841,0.20402537786503,0.000315497081556732,0
26.448894514,0.204009444076515,-0.00291286599061965,0
26.458911814,0.203967114798133,-0.00473591637550424,-0.0513314488286995
26.468319181,0.203917450477981,-0.00424263096421617,-0.0498277884138177
26.478922662,0.203882216154788,-0.00187747613577394,0
26.48890885,0.20387879386579,0.00166440609615348,0
26.498903361,0.203915472152009,0.00562841593206006,0.0498244494955063
26.508921039,0.203991430789193,0.0092787656446319,0.0498016393058783
26.518924716,0.204101245612942,0.0125044546059843,0
26.528899234,0.20424124722168,0.0160894348328153,-0.0517597793369776
26.538188637,0.204411191214496,0.0189197294576341,0
26.548319002,0.20460866397837,0.0199455399838386,0.0963062456515284
26.558895266,0.204824196111146,0.0211969181881827,0.0484271353488603
26.568908314,0.205045093940385,0.021922491796776,0
26.578905808,0.20526287705399,0.0215088429569959,0
26.58890902,0.205475285984768,0.0210650724662361,0.0498354240243005
26.598913291,0.205684336133252,0.0210333025604956,0
26.608899799,0.205895758087895,0.0216456521771234,-0.0498652921321944
26.61890879,0.206117151749714,0.0235076108641468,0.0513609276604565
26.628313027,0.206352116697336,0.0239818893443627,0.049847801587147
26.638911305,0.206596849851053,0.0238455940501642,0.0484236115846185
26.648904145,0.206843124138203,0.0242847167620919,0
26.658906411,0.207082425336891,0.0231200574458124,0
26.668929242,0.207306105531201,0.0210222024032219,0.0498334613680576
26.678914981,0.20750304954523,0.0177277732952139,0.0499008710151541
26.688910783,0.207660333760138,0.0132086524634496,0
26.69890611,0.207767105420543,0.00806263219988255,0
26.708297642,0.207816642873766,0.00191895218135571,0
26.718907179,0.20780548651553,-0.004085858792377,0
26.728909015,0.207732427714171,-0.0102714362372025,0.0498591128617728
26.738905455,0.207600075498742,-0.015735770240197,-0.0997032091258342
26.748910303,0.207417692041695,-0.0200581810620973,-0.0498188109515802
26.758919909,0.207198621956551,-0.023142391119662,0.0498481827055415
26.768912964,0.206954782637399,-0.0258401246914321,0
26.778273011,0.206698535387705,-0.026094005608409,-0.0514445466707859
26.788294927,0.206449029586175,-0.0226106178863827,-0.0966783427807268
26.798899944,0.206232147687474,-0.0182767121868328,-0.0483762363965798
26.808905902,0.20607232872821,-0.0123578570011079,0.0498630627515601
26.818896337,0.205985035122242,-0.00474934006746658,0
26.828907733,0.205977333230819,0.00329680730957775,-0.0498453968491495
26.838899817,0.206050982741323,0.0112655934744339,0.0997372751698394
26.84890204,0.206202580965284,0.0188096848863836,0.0498359720149631
26.85890708,0.206427313053792,0.0269261590864228,-0.103038038837377
26.868255841,0.206723704489937,0.0329966130745044,0
26.878916795,0.207087565877378,0.0389502227899499,0.0998234323430565
26.888232891,0.207501815038123,0.042489560001931,0.0997667963868297
26.898905335,0.207936870147059,0.0415243616321653,0.0964174301130975
26.908915642,0.208360653070195,0.0405589246964032,0
26.918908551,0.208748179078489,0.0374071788099011,0
26.928236776,0.209083402184543,0.0303529134613964,0.0498618234617524
26.938905441,0.209355142950156,0.0235418772765598,0
26.948229607,0.209554070958356,0.015798453524939,0
26.958899003,0.209671010310211,0.00690435208135957,0.0964772492466475
26.968899534,0.20969678341186,-0.00216257457048678,0
26.978906496,0.20962774261463,-0.0116219611533524,-0.051519218048163
26.988253405,0.209471853474931,-0.0189512188608343,0
26.998904679,0.209248752671778,-0.0235134532553135,-0.0965590452691683
27.008905668,0.208986247454264,-0.0275609689461057,0
27.018252271,0.208715514289484,-0.0268592905195354,-0.0515866030644231
27.028234258,0.208467095240121,-0.021656863484714,-0.0482948466758458
27.038897981,0.208268392966469,-0.0157929845183217,0
27.048899651,0.208140727008407,-0.00880348767549243,0
27.058248732,0.208098038868529,0.000369865755264419,0
27.068905888,0.208148126630365,0.00945418987269956,0
27.078919613,0.208293465302339,0.0191013643007563,0
27.088904183,0.208530121348554,0.0276641356206219,0.0499180849002792
27.098893965,0.208846038485001,0.0357653547616223,0.0515853540366528
27.108233241,0.209221431965132,0.0391904252723667,0
27.118903591,0.209630224237482,0.039611126364532,0.096464954367823
27.128905648,0.210040289291068,0.0406756927196709,0.103096326095788
27.13824645,0.210417008426486,0.0344929196979231,0
27.14892396,0.210730779319372,0.0271495568369714,0
27.158242985,0.210959905490011,0.0178085492735808,0
27.168916966,0.21108682575185,0.00645326455347674,0
27.178937731,0.211093454160816,-0.00650494787413795,0.103360422637481
27.188210402,0.210961322956357,-0.0208183500168602,-0.0499917223370492
27.198882959,0.210678227423146,-0.0347744452598857,-0.0964677984492672
27.208882354,0.210242467293118,-0.0527612123843329,0
27.218188832,0.209659626157528,-0.0650893921196595,-0.0498734233301227
27.228874593,0.208941184609497,-0.0750124485049919,-0.144441381293022
27.238897988,0.208106181659496,-0.0912368357099489,-0.103175424452929
27.248202623,0.20717775631179,-0.0964053575230524,-0.0498569488836619
27.258897132,0.206178157032021,-0.102326412520426,-0.0498494586819144
27.268204772,0.205131008161921,-0.106377762357243,-0.100578891592485
27.278723984,0.204069020881673,-0.101301658303491,-0.241066982709982
27.288885422,0.203036024022127,-0.102398034357528,-0.153686723164598
27.298187338,0.202076011690068,-0.0908258405300781,0
27.308877155,0.201220258068749,-0.0767639066949644,-0.0962895596588029
27.31889771,0.200486202626242,-0.066910735659206,-0.0996220074758321
27.328894746,0.199880866328814,-0.0563107507425213,0
27.338178511,0.199400486247015,-0.0439415386906645,0
27.34819431,0.199032813790595,-0.0307661409746688,-0.0481540596189074
27.358884273,0.198763449854335,-0.0219410478698625,-0.0481533758917248
27.368900366,0.198578501224703,-0.0150455431611757,0
27.378885756,0.198462516678571,-0.00906680268353734,0
27.388886585,0.19839729012064,-0.00507886963892057,0.0516683444447801
27.398183479,0.198364506059126,-0.00230205649853215,0
27.408878945,0.198351266578381,-0.000547264606844044,-0.0498367317492257
27.418190437,0.198353556959122,0.00117309322424767,0
27.428200227,0.198373932243379,0.0030895555517969,0
27.438883053,0.198417487945766,0.00561201035272202,0
27.448892468,0.198490057314092,0.00931018486622623,0
27.458188851,0.198597228494136,0.0126435681629804,0
27.46887839,0.198742750681199,0.0164564152889551,0
27.47818102,0.198926227929727,0.0199148942894255,0.0498146615694298
27.488894212,0.199141363660445,0.0217222458514365,0
27.498891255,0.199376100746038,0.0244544100835889,0.0516472415146932
27.50819982,0.19961347091539,0.0229402799813319,0.0997492116342885
27.51888302,0.199834717432459,0.0199527903892405,0
27.528891859,0.200026334832283,0.017492929876772,0
27.538893436,0.200184758236352,0.0144291270137277,0
27.548896508,0.200314984453569,0.0125652460809412,0
27.558185572,0.200427168672619,0.0109458620566711,0
27.568883832,0.200533762944955,0.0106137844227845,0
27.578898568,0.200647011946913,0.0125963173712992,0
27.5881598,0.200776569155522,0.0140784688674707,0.0499015453083573
27.598879839,0.200928317648619,0.016445491147301,0
27.608162404,0.201105521802527,0.0190627298420673,-7.45126266287579e-07
27.618878008,0.201309537341602,0.0208252441037578,0
27.628899037,0.201537367246642,0.0243195709351772,0.0516851990217433
27.638169438,0.201778696641928,0.0240509149548922,0.0998352251462505
27.648873578,0.202017773233496,0.0230702237308667,0
27.658179426,0.20224033154194,0.0217427159415733,0
27.668196828,0.202437913169314,0.0177077212887521,0.0481266426155667
27.678897603,0.202607203245867,0.0156764544119455,0.0498999420188095
27.688178741,0.202751158717522,0.0142641502386794,-0.0517597981451239
27.698161517,0.202881986609348,0.0129517997667784,0
27.70888086,0.203019288417558,0.0145948997434115,7.19032142312765e-07
27.718885432,0.203184450071064,0.018830152759491,0
27.728896932,0.203396194110963,0.024184847741649,0.0498479162229483
27.738887901,0.203668206738286,0.031777285360816,0
27.748164616,0.204008468803673,0.0375295022266338,0.0498618779412516
27.758885068,0.204418690461739,0.0442452849564015,0.0498372299396629
27.768171673,0.204893686741777,0.0500661789417732,0
27.778898059,0.205420664450305,0.0522351199315302,0.0961349110028336
27.788915051,0.205977219579392,0.0579534756330429,0.155761491234402
27.798102158,0.206533608733756,0.0542046341554772,0
27.808910441,0.207061062379138,0.0481174141337782,0
27.818909818,0.207534819527131,0.045136930053355,0.155176849871152
27.828186893,0.207931142244739,0.0347238790667544,0
27.838913035,0.208229408815185,0.0233218770265427,-0.0481095317305014
27.848912129,0.208414493650077,0.0126626323743479,0.103554355778741
27.858170195,0.208473255152839,-0.000923136379432774,0.0498573356036779
27.868910819,0.208396032131797,-0.0143575035437538,0
27.878174256,0.208186046776142,-0.0265510201466443,-0.0996979756877719
27.888912858,0.207864957591334,-0.0357563698466579,-0.148650087284151
27.898297077,0.207466527746108,-0.0435734448333449,0
27.908228937,0.207023289488631,-0.0439059669305974,0.0483696913508863
27.918911149,0.206561446982571,-0.0459336826298222,-0.100005140181723
27.928169689,0.206107337314863,-0.0434299106418698,-0.049785968479737
27.938938806,0.205691647628695,-0.0379581990687591,0
27.948170281,0.205348150862234,-0.0290317961341382,-0.149713694135593
27.958918669,0.205111596319291,-0.0169031071215735,-0.0498571062459664
27.968169063,0.205010109307787,-0.00281111777728077,0.0498771674588446
27.978909706,0.205055399159794,0.0116018108022536,0.0498539901818196
27.988169095,0.20524214589509,0.0255111324873658,0.0509133476017288
27.998493596,0.205555006372202,0.0354034050833778,0.0481435977291055
28.008879666,0.205975370629711,0.047225573958525,0
28.018168556,0.206484167650813,0.0542199481387497,0.0498549546001169
28.02887961,0.207059766556169,0.0594444393695353,0.0498130837428958
28.038185012,0.207674034655898,0.0615033047526427,0.0498607035553416
28.048877248,0.208289687380416,0.0593914828666188,0.14968886979361
28.058168288,0.208860871050071,0.0542909586663856,0.103039920262091
28.068230551,0.209340396753647,0.0399929785409578,0.0480614221570292
28.07891427,0.209690564663008,0.0264742840608215,-0.048211795402554
28.088911826,0.209887918702737,0.0119158369931598,0.0517750291667265
28.098172517,0.209920042795034,-0.00526309759045858,0
28.108877702,0.20978283634887,-0.0219456832614338,-0.0498624364796604
28.11816946,0.209481196217759,-0.0377423879712493,-0.0498490651020661
28.12887971,0.20902791280273,-0.0520272681761944,-0.0498558722379816
28.138168737,0.20844068846995,-0.0664354996643343,0
28.148230835,0.207742311144288,-0.0711989603574856,-0.144186745521417
28.158914569,0.206963606799799,-0.0803984638726305,-0.150161378026371
28.168151131,0.206140749946,-0.0829251976508337,-0.0997014000817491
28.178915921,0.205304990731915,-0.0830833548566548,0
28.18818819,0.204476003862819,-0.0824496369387573,-0.0501644551053889
28.198792471,0.20366617640082,-0.0794396837230734,-0.099808445363837
28.208168389,0.202888783173535,-0.0747865070355831,-0.0495673303770741
28.218908168,0.202161793685604,-0.068995959894775,-0.0996679537774423
28.228176453,0.201508307592219,-0.0603730682197643,-0.0997270352748679
28.238904528,0.200954552079177,-0.0492421139891813,-0.0499312897696575
28.248145821,0.200524973696871,-0.0371553496095081,0
28.258157703,0.200239193630959,-0.0206037515497479,-0.0498643590445727
28.268141993,0.200112977537037,-0.00387140568883944,0
28.278913147,0.200158840886983,0.0135805571701699,0
28.288145187,0.20038463205674,0.0315764926135976,0
28.298938187,0.20079116141463,0.0490038739110545,0.0496508592068062
28.308227343,0.201368735497226,0.0653321500535527,0.0500029387115952
28.318878941,0.202093933747139,0.0754862135071324,0.144671677811679
28.328903533,0.20292950279008,0.0900813480217877,0.155166304991902
28.338156703,0.203830500534942,0.0912021769787984,0.0498571981803167
28.348902577,0.204753459140375,0.0915079951828557,0.0499027026270462
28.358137212,0.205658876856265,0.0876920877500004,0.149509183924668
28.36890977,0.206507931664562,0.080166700519483,0.0996280019610571
28.378153449,0.207263512533371,0.0717790240651583,0.0515962156627853
28.388234759,0.207895060515052,0.0538741965905863,0.0481112117693905
28.398878271,0.208380045668104,0.0390251315172458,0.0481783405430991
28.408930395,0.208702710431785,0.0237181880636706,0.049842135248919
28.41888306,0.20885452301578,0.00671067178227018,0
28.428892455,0.208836669264543,-0.00961708303321333,0
28.438891391,0.208662101235197,-0.02400085310633,-0.0497641646040034
28.448928887,0.208355777803336,-0.0354405923721269,-0.049821877762853
28.458904613,0.207952820792242,-0.0447623363640134,-0.0518743016576844
28.468149992,0.207495396236038,-0.0461763997590209,-0.0996696201076194
28.478912492,0.207028928973208,-0.0449367709908398,-0.0498624713887366
28.488146921,0.206596798817045,-0.0396208085808774,0
28.498911111,0.206236567517927,-0.0309689611825369,-0.0501279533891906
28.50803735,0.20598081289344,-0.0189402992009172,-0.0498601183312784
28.518908386,0.205857813146224,-0.00466013055794746,-0.0497592275301593
28.52807577,0.205887431240065,0.0108253123355005,0
28.5389048,0.206074280573364,0.0257823865566312,0.0498524298032582
28.548076428,0.206403095936008,0.0383018175563361,0.0997214028429791
28.55890214,0.206840215041656,0.0468609004952249,0.0995852150551456
28.568101265,0.207341477830098,0.053159043299684,0.0518796680753023
28.578121544,0.207861900171086,0.0509202852558528,0.0497824512351356
28.588130337,0.208361363889748,0.0471827123240696,0.0498360143601909
28.59812879,0.208805896303501,0.0403267092292553,0.049847151163613
28.608133113,0.209168010021278,0.0310602134891489,0
28.618119689,0.209426817894281,0.0199639997120751,0.0498671451136516
28.628127869,0.209567185324305,0.00763927312547409,0
28.638130847,0.2095796885958,-0.0052763116121628,0
28.648120163,0.209461699751319,-0.0180598467011859,0
28.658132163,0.209218467895018,-0.0299235733179688,-0.0996573246265836
28.668130361,0.208862923124359,-0.0403535424140945,-0.0498578516662521
28.678130646,0.20841145826306,-0.0491700295253182,0
28.688132581,0.207879413376387,-0.0565244427298512,-0.0997331371129156
28.698125932,0.207281235864686,-0.0623723233597808,-0.0498176435715047
28.708147504,0.20663103612701,-0.0669193095841246,0
28.718120287,0.205943227432506,-0.0696943728900363,-0.0996910103562859
28.72815109,0.205236898745188,-0.0702085417657307,-0.0996542767598189
28.738131097,0.204538297642855,-0.0680569871516164,-0.0998027744144857
28.748132275,0.203877039494369,-0.0629675505118849,-0.0997520096538013
28.7581226,0.203279481667894,-0.055649475126879,0
28.768133564,0.202763978259658,-0.0468690195017737,7.45597900137575e-07
28.778108119,0.20234277998813,-0.0368311478153463,-0.0997324945715718
28.78812868,0.202027535186677,-0.0256935017738631,-0.0498481504803279
28.798110494,0.201828848930586,-0.0138430946583013,-7.45874782865189e-07
28.80810678,0.201750976457284,-0.00203940956582657,-0.0498690825507628
28.818104772,0.201788072408771,0.00855047612401411,0.049865843273797
28.828102058,0.201921945604416,0.0168044767917326,0.0997257265282777
28.838101245,0.202124102675216,0.0220949056596744,0
28.848098343,0.202363761635035,0.024554772377742,0.0499313297759983
28.858070597,0.202614445568107,0.0245885425626421,0
28.868108567,0.202855783879547,0.022917142597391,0
28.878052772,0.203072379921988,0.019792467713624,0.0498708809105374
28.888102124,0.20325150571095,0.0154865432134219,0
28.898084985,0.203382609654273,0.0103310208819591,0
28.908050589,0.203457593719428,0.00440604380660846,0.0498368488222505
28.918092195,0.203470762297981,-0.00181401324960882,0
28.928085294,0.203421250499106,-0.00778460727793531,-0.0499576778649747
28.938051015,0.20331539072255,-0.0128078574330448,0
28.948088141,0.203165056886475,-0.0165136525892464,-0.0497626272511385
28.958088066,0.202984505823423,-0.0188686482178428,0
28.968064285,0.20278813405259,-0.0197040840385877,0
28.978099944,0.202590190097541,-0.0183254950757981,-0.0478340626383881
28.988909186,0.202406140921959,-0.0169362577730668,0
28.998024613,0.202252740767314,-0.0135229893714907,-0.0519263330666454
29.008111031,0.202146474576111,-0.00761421185184021,-0.0497174835913982
29.018079558,0.202100038167407,-0.00143121613266539,0.0498739646727064
29.028103053,0.2021178616717,0.00484452059095976,0.0497943615292858
29.03810354,0.202197044760519,0.0107881086410598,0
29.048100851,0.202333600089106,0.0164473774916037,0
29.058109638,0.202526092606459,0.021951672658014,-0.0498389488111281
29.068106919,0.202772766745016,0.0269432550646363,0.0498640298789739
29.078105942,0.203064858125481,0.0307187877136173,0.10020424463783
29.088008049,0.203384105332747,0.0321104706866591,0
29.098113471,0.203707309298948,0.0311670585338209,0.0496220404953885
29.108101868,0.204010370565688,0.0281825789469523,0.0997135615204844
29.118112533,0.204270934442628,0.0231115023977141,-0.049837451638097
29.128108836,0.204472761654591,0.0166770833472906,-0.0498739297470311
29.138104569,0.204604343293282,0.0089659184632096,0.0996876614513259
29.148113094,0.204652118200736,-0.0001279262053408,0.0499062519252149
29.158083657,0.204601787444368,-0.0102349257550213,0
29.168056517,0.20444799874703,-0.020126255470974,-0.0997482905166206
29.178075756,0.204199421352493,-0.0287561302639786,-0.0996750851330842
29.188063299,0.203872681117675,-0.0357644903730035,0.0497722055880247
29.198108951,0.203482944342775,-0.0414467555113283,0
29.208055293,0.203044077830173,-0.0454014208203975,-0.0997657582280641
29.218097699,0.202575426783154,-0.0470489976128448,-0.0498487808113399
29.228057714,0.202102983972293,-0.046080369420238,-0.0499632315086669
29.238053704,0.201655846700602,-0.0420321430701954,-0.0997532483152835
29.24804867,0.201262721249591,-0.0356092369939992,-0.0500598124411837
29.257971803,0.200946578392841,-0.0270845847254248,0
29.268103476,0.200719545157332,-0.0181109358097361,0
29.278053898,0.200582872859371,-0.00949007010492198,0
29.288033546,0.200530407395836,-0.00156645312100502,0
29.298053271,0.200551544779117,0.00509692507061613,0
29.30805453,0.200632452851124,0.0102115576190776,0
29.318052741,0.200755770519373,0.0133142135533868,0
29.3280803,0.200899080229475,0.0139234397154178,0.0499237222238502
29.338025136,0.201033854957128,0.0114592562744272,0.0499124114334207
29.348057221,0.201128000886788,0.00586724551533952,0
29.358034403,0.201151254239199,-0.00246225733034534,0
29.368046527,0.201078782071561,-0.0128867730736236,0.0498676563911832
29.378028954,0.200893588997753,-0.0243259069684919,0
29.388049836,0.200592183437765,-0.0351671774358605,-0.0996527256609146
29.398040225,0.200189849079779,-0.0436316759444691,-0.0498205583903
29.408063588,0.199718949896068,-0.0483271767239154,-0.0996360808701538
29.418054839,0.19922259929194,-0.0486087163586408,-0.0997349606599125
29.428058359,0.198747029743873,-0.0444558701305977,0
29.438032663,0.198334467742704,-0.0363308922463266,-0.0498864437558794
29.44804538,0.198020883437597,-0.0248123549019599,0
29.458051803,0.197837745736192,-0.0103345547297446,0
29.468028417,0.197814367648054,0.00698592267210966,-0.099672200601013
29.478059164,0.197977515613011,0.0264616405031054,0
29.488032676,0.198343713158243,0.0467651617069405,0.0999741666561913
29.498006243,0.198910343988027,0.0656239231144553,0.0499182086353038
29.508007277,0.199654524838509,0.0813375563807283,0.149554462923421
29.518007279,0.20053717938135,0.0926734388050793,0.199046600494033
29.528044422,0.201511435969495,0.0999078047131809,0.0498682100791689
29.538001608,0.202534768898453,0.103154972396986,0.0996773943431777
29.54805089,0.203575202623796,0.103487477679657,0.0497600792793087
29.558039685,0.204608458944734,0.102088135179419,0.0999499688460257
29.5680025,0.205612025282523,0.0976889201575864,0.19930835958492
29.578050664,0.20656330987454,0.0916193657707088,0.0498384181666712
29.58800908,0.207445015453364,0.0843902830344409,0.0499195506795732
29.598024728,0.208248926788848,0.0764817885380221,0.0998057913875865
29.607989661,0.208973166024273,0.0687471748970198,0.0999148136885073
29.617983358,0.209621026216163,0.0614372760222675,0
29.628003358,0.210202753051088,0.0555604379939578,0
29.637984143,0.210732278590986,0.0508530733870218,0.0499075358914021
29.647981932,0.211218724940878,0.0464607669608534,0.0996869189418695
29.65798855,0.211661698682803,0.0418365335453281,0.0997030323864447
29.667983106,0.212055504727875,0.0367233579535759,0
29.67801049,0.212396971552348,0.0316831690639147,0.0498659006331313
29.687978361,0.212689017772516,0.027157597508521,0
29.698005552,0.212939989398302,0.0236159343345892,0
29.707978891,0.213161348975653,0.0211953744512027,0
29.717989873,0.21336356456505,0.0195780316361962,0.0498897378227266
29.727964891,0.213552635515934,0.0184089206830119,0.0499515829308226
29.73795083,0.21373102423922,0.017417705667848,0
29.747996447,0.213901539262411,0.0168522261203739,0
29.757994495,0.214068804614081,0.0166899156854738,-0.0498149481032764
29.768012453,0.214235604714911,0.0164032330810287,0.0498833607594408
29.77798305,0.214396681540699,0.0150943083810602,0.0500056044060614
29.787952144,0.214536580559888,0.0118870173349698,0.0498764245616881
29.797974086,0.214634315332175,0.00671323876644079,0.0497321987086523
29.808001155,0.214671174357762,0.000122200797872103,-0.0498479560963853
29.817976539,0.214636759647891,-0.00710471016707288,0
29.827923046,0.214529635096227,-0.0140890276084336,0
29.837944279,0.214355433607753,-0.0201902874055678,-0.0995313906255381
29.847958712,0.214125109241325,-0.0251778745168938,0
29.85799505,0.213850597811548,-0.0291342313898983,0
29.867985161,0.213541654042241,-0.0322213021059645,-0.0499655636781376
29.87795072,0.213207600139751,-0.0340731508128891,0
29.887996428,0.212859807123793,-0.0347278362422693,-0.0498773502014117
29.897941385,0.212513367599257,-0.0337045105120254,-0.0998068938274972
29.907976639,0.212186383892111,-0.030891122478986,0
29.917951201,0.211895241922419,-0.0268753513090126,-0.0998238184784574
29.927953761,0.211649491720218,-0.0223886146792692,0
29.937956094,0.211447360081342,-0.0186946369001073,0.0997351871542178
29.947948636,0.21127569479223,-0.0164514655576486,-0.0498543266979863
29.957955991,0.21111833246469,-0.0155965071389412,0
29.967942912,0.210963853923858,-0.0156037905054054,-0.0498772647631184
29.977946989,0.210806397119904,-0.0160606617803687,-0.0498169217647175
29.987958125,0.210642396357403,-0.0170240792278834,0
29.997939546,0.210466042245568,-0.0187332930134328,0
30.00796831,0.210267539698545,-0.0215147619654212,0
30.017945299,0.210035623231834,-0.0253081498234537,0
30.027948653,0.209761874184377,-0.0295475718866449,-0.0498308612245868
30.037954614,0.209444396558469,-0.0336732703934624,-0.0498500719724263
30.047950257,0.209088354764582,-0.037129202290265,-0.0997461201811133
30.057947148,0.208702089719288,-0.0399122578819163,-0.0498511636253595
30.067951423,0.208290063069251,-0.0426673111930223,0
30.077969271,0.207847799566502,-0.0463294885218521,0
30.087938791,0.207364058532913,-0.0510132655014385,0
30.097940771,0.20682898813454,-0.0560732510164992,-0.0996412760970899
30.107952511,0.206241824187579,-0.0608228414863057,-0.0996383907929739
30.117954921,0.205611670661607,-0.0644539483890036,-0.0498518490483287
30.127953402,0.204952687791331,-0.0666048756607155,-0.0997510297645237
30.137946471,0.204280135959592,-0.0672939633741527,-0.0997243821234229
30.147950294,0.203607017673486,-0.0668989280689294,0.0498619303036998
30.157943617,0.202942348327754,-0.0655075435520862,-0.0498746875755213
30.167942325,0.202297388832059,-0.0623800463449195,-0.0996748185821178
30.177950602,0.201694311676232,-0.0565189555977896,-0.0996567668330974
30.187952635,0.201166427009671,-0.0472409510747448,-0.149563725155821
30.197950499,0.200749497520555,-0.034931767156051,-0.0499269669625485
30.207923732,0.200468801299416,-0.0209516021818056,0.0498647231267404
30.217946525,0.200330548738586,-0.00718205123529588,0.0498399278198093
30.227929706,0.200325117369136,0.00530636823240751,0
30.237944868,0.200436667310582,0.0162338544863495,0.0498212105997006
30.247943196,0.20065001345356,0.025878189649275,0
30.257924296,0.20095369873745,0.0344346154760572,-0.0498886120464874
30.267929647,0.201338239208476,0.0416926572756586,0.0497991619528065
30.277946647,0.201788483755546,0.0469507463713774,0.049870451886441
30.287923376,0.202276959707773,0.0488067947542276,0.0997850891679171
30.297931224,0.202763866903435,0.0463430379322198,0.149485416816933
30.30793375,0.203204301229093,0.0397836650681698,0
30.317930694,0.203559519119456,0.0299208706263717,0
30.327927446,0.203802530020452,0.0178124138231183,0.0498025621580366
30.337951678,0.20391614117161,0.00447047960103478,0
30.347930643,0.203891953904596,-0.00928031782791638,-0.0498953599757621
30.357935426,0.203730685638777,-0.0226464347128039,-0.0498212354935281
30.367944123,0.2034387199364,-0.0353669505567076,0
30.377929906,0.20302354185321,-0.0472359480429187,0
30.387932253,0.202494561666245,-0.0577379187124958,-0.0498703301693522
30.397923385,0.201869159987928,-0.0658674358433456,-0.0996997102858904
30.407933944,0.201177101567544,-0.0705557419464054,-0.149519890632734
30.417929245,0.200457631692352,-0.0713140614866236,-0.0996505173256189
30.427945808,0.199749974267786,-0.0686149431161341,0
30.43792349,0.199085727709027,-0.0630956081248858,-0.0997822531649409
30.447930953,0.198488999390547,-0.055354057236907,-0.049839399761857
30.457929078,0.197978337245817,-0.0460801289409316,0
30.467933221,0.197567292301996,-0.0356274285930594,-0.0997181708738353
30.477927365,0.197265849703741,-0.0244437668131247,-0.049860486636605
30.487930946,0.197078472575303,-0.0133581673510042,0
30.497936202,0.196998568310596,-0.00362731422908824,0
30.507929572,0.197005931274651,0.00357106938296171,0.0997450844027628
30.517929093,0.197069964311523,0.00765731637506401,0.0498565350567014
30.527928882,0.197159072318604,0.0090147729642935,-0.0498752688540088
30.537920891,0.197250185831641,0.00859585086973122,0.0498301789657773
30.54793877,0.197331074331772,0.0074845067341709,0
30.557919639,0.197399866595722,0.00668820777372196,-0.0499147951198048
30.567914737,0.197464677749549,0.00696980318621369,0
30.577944029,0.197539432652946,0.00868430811837863,0
30.587918211,0.197638394081203,0.0116951164824159,0
30.597925045,0.197773112962503,0.0155594173262856,0
30.607958758,0.197950213315423,0.0198481687967231,0.0498906739281356
30.61791067,0.198169791021011,0.0238856478752197,0.0499580408080662
30.627917433,0.198426939198529,0.0272204247284609,0
30.637942431,0.19871506406349,0.0299439824515497,0
30.647916407,0.199025788125034,0.0315551720262211,0.0499004299426375
30.65792385,0.199345581177363,0.0314629078820465,0.0995696285860766
30.667944229,0.199655921643698,0.0297197008470464,0.0498596542294754
30.67792161,0.199939908622174,0.0266877549035343,0
30.687920996,0.200189056705159,0.0231676034947932,0
30.697952202,0.200403969435396,0.0201228963227102,0.0498319072784746
30.70793019,0.200591699641522,0.0180851543328326,0
30.717919638,0.200765083597087,0.0174645250880314,-0.0498147689135181
30.727946268,0.200941270937917,0.0185115123553226,0
30.737915677,0.201135240520093,0.0206277780009964,0.0499209502811848
30.747919772,0.201353279944331,0.0228408661748926,0.0497771352977637
30.757946888,0.201592770729865,0.0246841344994117,0.0498674219504249
30.767914417,0.201846830450779,0.0258965077424797,0.0499347370191129
30.777914579,0.202109864194446,0.0266684355429634,0
30.787962306,0.202381476286348,0.0278121539069903,0
30.797917316,0.202666183394451,0.0294364855560274,0
30.807919313,0.202968940434645,0.0311366071011829,0
30.817922179,0.203289066953795,0.032389630701787,0.0997467288633777
30.827911725,0.203616487276163,0.0323376728369558,0.0997412759338161
30.837915684,0.203935610377349,0.0309026191006317,0
30.847906741,0.204234385639522,0.0286122806036869,0
30.857928575,0.204508224830332,0.0260240809831929,-0.0498373345611496
30.867913756,0.204755049818114,0.0229353248182797,0.0498588638779616
30.877926652,0.204966887222068,0.0185932993801355,0.0995876469530503
30.887938104,0.20512736851537,0.0126279715274739,0.0498860918305476
30.897913814,0.205219284534719,0.00536465174134446,0
30.907917863,0.205234552964281,-0.00201585036214578,0
30.917922695,0.205178949624709,-0.00814061016786477,-0.0498490875319068
30.927919862,0.205071724487844,-0.0119535994570185,-0.0997526644982003
30.937913768,0.204939984345351,-0.0131325867013453,0
30.94793969,0.204808812360888,-0.0122706179465619,0
30.95791447,0.204694563372446,-0.01021481042927,0
30.967909044,0.204604829195383,-0.00768353427730201,0
30.977929842,0.204540774575611,-0.00528668997416289,0
30.987922805,0.204499022645759,-0.00338875372423046,0
30.997916323,0.204473045313688,-0.00224638378319276,0
31.007913756,0.204454115297622,-0.00205497411265852,0
31.017915364,0.204431947802155,-0.00294435735950747,0
31.027920049,0.204395209621591,-0.00491989211479511,0.0497912135202536
31.037940612,0.204333425742423,-0.00767179533844474,0
31.047913897,0.204241820911707,-0.0104207492874045,-0.0499263958215064
31.057911639,0.204125312677044,-0.0121825433372656,0
31.067947487,0.203997760833331,-0.012308004868642,-0.0498265782843368
31.077922973,0.203879013080744,-0.0103591472295125,-0.0499090236923329
31.087925764,0.203790802920496,-0.00639540892113186,0
31.097920076,0.203751123429821,-0.0010090414879141,0
31.107917249,0.203770630682726,0.00504701556476777,0
31.117917805,0.203852052279344,0.0110102394040917,0.0498031492192483
31.127937997,0.203991063911255,0.0163262041811517,0
31.137917232,0.204178567008052,0.0205540470556008,0
31.147921166,0.204401798907201,0.0231992843529336,0.0497919750441471
31.157942473,0.204643138268247,0.023937280119083,0.0498238370355694
31.167933601,0.204880842169661,0.0225415908195517,0.0499174451365413
31.177917081,0.205093397708564,0.019230142006269,0.0498765474106249
31.187924289,0.205265265938704,0.0149132582683011,0
31.197924697,0.205391776453305,0.0107134240220574,-0.0498630727259832
31.207920678,0.205479495732971,0.00745481728266701,0
31.217921136,0.205540846252354,0.00543258453357198,0
31.227924121,0.205588166128031,0.00450859204401809,0
31.237908964,0.205630963214652,0.00433079358339733,0
31.247931465,0.205674813805047,0.00453596214285609,0.0498353692258927
31.257916469,0.205721716499905,0.00491500271410118,0
31.26792814,0.205773097516945,0.00548580933554509,-0.0498509467863839
31.277917722,0.205831439560335,0.00617537596748882,0
31.28791648,0.205896533031411,0.00650899330723731,0.0498582580418783
31.297916042,0.205961608491371,0.00597349869433271,0.0498614070542456
31.307913537,0.206015985425291,0.00450065335112394,0
31.317937154,0.206051716576187,0.00259035470952532,0
31.327914012,0.2060677937499,0.000951013867891595,0
31.337920219,0.206070720748125,0.000249238306800915,-0.0497729798094972
31.347946596,0.206072786637217,0.000860230278649902,0
31.35791407,0.206087920064142,0.0028078129304664,0.0499256433505067
31.367917924,0.206128862390214,0.00599506164131995,-0.0497670920015101
31.377949024,0.206208030848353,0.0103796335491776,0
31.387924311,0.206336521355917,0.0156087563048136,0
31.397915389,0.206519680973931,0.0208431599632805,0.0497415286746863
31.407969861,0.206754333961119,0.0255319370708694,0.0498644342708632
31.417911232,0.207030213579086,0.0290148258024789,0
31.427914209,0.207333015744083,0.0307454806509372,0.0498400374351498
31.437917162,0.207645305512805,0.0307577542710609,0.0997033015695625
31.447915329,0.207948205278189,0.0290636872896771,0
31.457926527,0.20822685144003,0.0262279090074394,0
31.467938504,0.208473371290129,0.0229866478453533,0.0997608254282201
31.477916114,0.208686345036973,0.0199636893465692,-0.049910081537203
31.487916059,0.208872196992053,0.0178855830122176,0
31.497945226,0.20904457738231,0.0173305119721183,0
31.507925424,0.20921896953174,0.0182325228305212,0.0499016037208231
31.517926175,0.209408880491128,0.0203755766515875,0
31.52790004,0.209625963851134,0.023560607717587,0
31.537915195,0.209879833950007,0.0274796050985079,0.049813004107614
31.547916528,0.210176009036833,0.0317359299192215,0
31.557911576,0.210514437696061,0.0356249668010534,0.0498541372512836
31.567916501,0.21088850741098,0.0385006512451412,0.0498485914096128
31.577914073,0.21128454685709,0.0397498036287883,0.0498685188752385
31.587911005,0.211683285018635,0.0388704485381277,0.049836950955547
31.597920943,0.212062222867834,0.0357225530131455,0.0498369110997053
31.607917891,0.212397982064398,0.0302803514323564,0
31.617918757,0.212667763703633,0.0226282643176448,0.0997422038376367
31.62791121,0.212850396171317,0.0131195382065985,0
31.637913014,0.212930079122257,0.00244343001066395,-0.0498414699526729
31.647916565,0.212899277856098,-0.00864323910510046,0.0498262295424425
31.657924189,0.212757117751958,-0.0195258068211606,-0.0498496283463115
31.667918347,0.212508726924687,-0.0295648243162189,-0.0498314290384125
31.677933276,0.212165552610075,-0.0381956975538508,0
31.687942156,0.211743903572247,-0.0450678948368531,-0.0499233560779369
31.697905519,0.211265445662895,-0.0493816509658149,-0.0998820104431414
31.70790749,0.210757982417243,-0.0506387684858347,-0.0498267749886257
31.717916774,0.210252100353839,-0.0491311988637398,-0.0997491417811215
31.727899269,0.209775762347554,-0.0451676714752217,-0.0498622623178963
31.737913488,0.209348895345303,-0.039753124567625,0
31.747915008,0.208980074181774,-0.0340658199258911,-0.0498520235226336
31.757914309,0.208667550978747,-0.0289277032924446,0
31.767905264,0.208401801987466,-0.0249770306404825,0
31.777903355,0.208168283964331,-0.022486712594997,0
31.787913155,0.207951890292917,-0.0213437771643651,-0.0497758704756707
31.797935075,0.207740731396432,-0.0213152598427969,-0.0498524744325693
31.807914094,0.207525565081032,-0.0222439467104559,0
31.817908111,0.207296452248002,-0.0241782233269756,0
31.827908302,0.207042140654762,-0.0272081411685358,-0.0498643465760986
31.837904288,0.206752393441355,-0.0311291550141205,0
31.847909448,0.206419521880468,-0.0355814400087548,0
31.857907774,0.20604064060428,-0.0399399690101614,-0.0997165731022365
31.867907906,0.205620784087697,-0.0435103217372392,-0.0996953689196506
31.877910336,0.205170322696091,-0.0461913076005446,-0.049834716635997
31.887915673,0.2046965991678,-0.0485711048444534,0
31.897910754,0.20419888029648,-0.0512239346872116,0.0499023479747465
31.907896324,0.203673111605968,-0.053764191494668,-0.0498644538051711
31.917906888,0.203123804318951,-0.0551330322941613,-0.14965825728088
31.927883588,0.202571153134384,-0.0539257567151994,-0.0499158682889338
31.937882127,0.202046624440309,-0.0493008038795609,-0.0996487718328439
31.947895653,0.201584542242594,-0.041585580444515,-0.0996434988904861
31.957895251,0.201214367062261,-0.0315987696336858,0
31.967881201,0.200953023515339,-0.0205680873580749,0.0498935224009334
31.977879735,0.200803324449543,-0.00960617233844109,0
31.987893045,0.200760786293065,0.000807881780391758,-0.0498663341294319
31.997875115,0.200819478352737,0.0104862171661303,0
32.007877653,0.200970349232533,0.0188093350724483,0
32.017899695,0.201196127387642,0.0248905877209132,0.0498395939942524
32.027883761,0.201468313018661,0.0276889264210286,0.0998191301927656
32.037877606,0.201749294295367,0.0265970826024179,0.0498621725512282
32.047880511,0.202000168230191,0.0219518976623155,0
32.057880198,0.202188389147932,0.01451801599784,0.0498221065757384
32.067893342,0.202290714830811,0.00531379558097725,-7.4450927219337e-07
32.07789494,0.202294743395526,-0.00452515709810896,-0.0494746051394714
32.088047041,0.202199516176728,-0.0140872905796902,0
32.097908493,0.202012806658883,-0.022774892942894,-0.0502692537689288
32.107881857,0.201747780365786,-0.0296249374675971,-0.049846219168678
32.117911643,0.201420214590978,-0.0350874375186172,7.45055181515526e-07
32.127881934,0.201046028913681,-0.0389123448033253,-0.0498212377525231
32.137924823,0.200641454830207,-0.0410677344576415,-0.0498253209075429
32.147893773,0.20022418802362,-0.041466011564242,-0.0498787069068596
32.157915243,0.199812531843313,-0.0400588192982811,-0.0498842741643497
32.167881962,0.199423484772369,-0.0370681631826758,0
32.177891708,0.19907204097888,-0.0325408875457614,-0.0498542868143495
32.187881875,0.198772669852511,-0.0265675092182615,-0.0497898907789752
32.197917488,0.198540005884127,-0.0192651538768371,0
32.207894809,0.198387117599474,-0.0107700975584604,0
32.217879027,0.19832501816168,-0.00113372271229767,0
32.227876081,0.198364464377587,0.00954072637160195,-0.0498525943114208
32.237879619,0.198515838337222,0.0209813017748,0
32.247883666,0.198784249556257,0.0324582966557387,0.0997146911516049
32.257878305,0.199164961620135,0.0430403985755078,0.0498184298434896
32.267897974,0.19964567334979,0.0522657523421915,0
32.277881789,0.20021045876086,0.0596537228875015,0.0498996148804827
32.287880018,0.200837676665292,0.064245590892515,0.0996481968991108
32.297894119,0.201496162726846,0.0654620047490108,0.0997184130488276
32.307878107,0.202146791662381,0.0626494912717556,0.0997414485531382
32.31788744,0.202748734116329,0.0558305778508293,0
32.327899179,0.203264579681334,0.0456503415016675,0.0997700090504854
32.337875187,0.203661181592728,0.0324125542716865,0.0997940991356814
32.347882101,0.203912277225166,0.0171623175696929,-0.0497891299859563
32.357901273,0.204004875640338,0.00135396815864614,-0.0498551340791082
32.367881973,0.203939356415031,-0.0141392438543338,0
32.377891039,0.203722235464273,-0.0288363270533728,0
32.387896535,0.203362209959369,-0.0425348463156497,-0.0498831810771597
32.397879666,0.202872022286767,-0.0546227678296784,-0.0498965135226047
32.407879821,0.202270667567717,-0.0643818956282678,-0.099603036807237
32.41790092,0.201583016001392,-0.0716568764886967,-0.0498624293844874
32.427876468,0.20083777030345,-0.0759269947751828,-0.0998017954359063
32.437882301,0.200065889790604,-0.07685251762064,-0.0995903624640951
32.44790027,0.199298890707413,-0.0749933118953288,-0.0498661200961278
32.457877468,0.198566385995374,-0.0702205134412593,-0.0499143989865276
32.467876097,0.197896177879059,-0.0625042897475828,-0.0997069556248426
32.477877855,0.197316276011262,-0.0522497387239104,-0.0500021563344058
32.487816865,0.196854277961105,-0.039009688539362,0
32.497875807,0.196536162132317,-0.0232832462234051,-0.0992708177264574
32.507905122,0.196386558127175,-0.00557347625981541,-0.0498441708958661
32.517879779,0.196424670469273,0.0135254560287779,0.0499226086976692
32.527877664,0.196656695865779,0.0324128810305375,0.0497998652848236
32.537901548,0.197073633685891,0.049874830729067,0.0498453568497846
32.547881459,0.197654381755343,0.064849712830147,0.0998339369438757
32.557876496,0.198369003327488,0.0764061190425759,0.0997033890299125
32.567882412,0.199182576951226,0.0845709011335258,0.0997206619646301
32.577874134,0.20006022159369,0.0893088050163298,0.0995650615431532
32.587911452,0.20097134657925,0.091529266020569,0.0996166847318787
32.597892645,0.201892501212345,0.0919777106075697,0.0997873361157043
32.607895579,0.202809440829201,0.0912498941841946,0.0498522603111532
32.617893371,0.203717565343452,0.0905267812053629,0.0498985086353356
32.627878066,0.204618391057789,0.0899208770901669,0.149659200734661
32.637880509,0.205514826322934,0.0895873701839021,0.0498428802215957
32.647882556,0.206410540708759,0.0896376501342677,0.0498037089303317
32.657901032,0.207309418959113,0.0900164339579613,0.0996975493430923
32.66788483,0.208211074085289,0.0900076102299052,0.0998150382475992
32.677879762,0.209107656701842,0.0886437945845688,0.149393885842043
32.687907464,0.209985956340627,0.0861396686192862,0
32.697885968,0.210830984657011,0.0819912795951368,0.0499281194712493
32.7078781,0.211623374340596,0.0751552238565193,0.199310553153367
32.717896652,0.212334892092553,0.0656105466601883,0.149549630030603
32.727879882,0.212935702191794,0.0537096488376476,0
32.737888163,0.213408629128097,0.0408546744910201,0
32.747903636,0.213753766143552,0.0286927080358758,0
32.757886175,0.213982426247711,0.017814156503267,0
32.76788534,0.21410972334581,0.00841868200441691,0.049826819807544
32.777897412,0.214150894488529,0.000567953586754299,-0.0498544884593415
32.787885471,0.214121082491947,-0.00576863703009878,0.0498978752929205
32.797879854,0.214035623033656,-0.0104513370351683,0
32.807906987,0.213911830880276,-0.0132516941474925,-0.0997220432780529
32.817877215,0.213770624121927,-0.0140593826721067,-0.0499197718559391
32.827880664,0.213631013311964,-0.0134693421524429,0
32.837892957,0.213501025244494,-0.0127654236710409,0.049774925328178
32.847912465,0.213375298885305,-0.012962061129229,0.0498665461112191
32.857888252,0.213241845008407,-0.0141305477191081,0
32.867908804,0.213092739662858,-0.0156040965988395,-0.0996779698321002
32.877894455,0.212929666284219,-0.0166811012560308,-0.0498579488966368
32.887907248,0.212759143593531,-0.0173444994867513,-0.0498468396641108
32.897897356,0.212582725978091,-0.0183893109661526,0.0498554808583115
32.907906682,0.212391367782558,-0.0206894490423536,0.04989180811185
32.917882228,0.212169249987229,-0.0244100214906511,-0.0498641724295303
32.92790263,0.211903266262152,-0.0290683283567618,-0.0498519836426893
32.937883065,0.211587859089903,-0.033992442291119,0
32.947882136,0.211224114057442,-0.0383778035734208,-0.0498240536355319
32.957895413,0.210819829129316,-0.0417320860864849,-0.0996784182459085
32.967888249,0.21038921722747,-0.0436215722716765,-0.0498964985411339
32.977878705,0.209948126513112,-0.0440616727609025,-0.0498830288473539
32.987876937,0.209508482197894,-0.0434197915074118,0.0497707124563421
32.997912501,0.20907826326769,-0.0420207709470587,-0.0498541200633779
33.007876618,0.208668080183579,-0.0391927863680131,-0.149654992723164
33.017900201,0.208294889611602,-0.0346672920464192,-0.0498505253685429
33.027878339,0.207974674680241,-0.029058957250035,0.0499100029920694
33.037878086,0.207714353105441,-0.0230562347588564,-0.049817479296382
33.047893328,0.207513204395161,-0.0174301482895278,-0.0498543713023369
33.057878264,0.207365747037084,-0.0126938520182734,0
33.067882823,0.207259460703711,-0.00957355838158701,0.0498047263929232
33.077898378,0.207174083306899,-0.00857495496818267,0.0498738269090552
33.087875199,0.207088026979804,-0.00942784406591999,-0.0997929421502713
33.097881681,0.206985683842293,-0.011615476033581,-0.0497990127225445
33.10789761,0.206855457144699,-0.0151435207723973,0.0498563231600089
33.117881076,0.206682822588675,-0.0202636311941429,0
33.1278771,0.206450600127892,-0.0269089437898595,-0.0498049254124683
33.13790111,0.206144104619098,-0.0348450093922322,0
33.147880645,0.205753576414489,-0.0434688024995394,-0.0498980450953397
33.157883484,0.20527549475022,-0.0519275867947131,-0.0498185617683014
33.1678949,0.204714284450845,-0.0596877474800573,-0.0997169570421192
33.177881865,0.204081836435082,-0.066066617494467,-0.0997453768005616
33.187887583,0.203393435510396,-0.0709224304796152,-0.0498244345572802
33.19789406,0.20266252292645,-0.0747502304808232,-0.0498837351016772
33.207875988,0.201899297629702,-0.0774712903394149,-0.0498897336242902
33.217879763,0.2011142047267,-0.0787129543388023,-0.0498029521980546
33.227896516,0.200323422723399,-0.0780751307416844,-0.149506167457716
33.23788726,0.199552116782611,-0.0747571201526555,-0.149715346186462
33.247876059,0.198829809626753,-0.0685400483434547,-0.049807828790967
33.257906127,0.19818002267065,-0.0607529984379323,-0.0498329308746531
33.267884842,0.197614216064409,-0.0523996306181705,0
33.277877156,0.197133548127985,-0.0439645590978121,-0.0498159809583021
33.287900433,0.196734239431012,-0.0362976236141193,-0.0501027811857669
33.297778173,0.196411188503381,-0.0288112774641123,0
33.307881377,0.196158562909433,-0.0219251530834539,-0.0495622178720418
33.317895945,0.195970103272583,-0.0160344594378305,-0.049864758459176
33.32787709,0.195837942460404,-0.0110111342654749,0.0499003325464951
33.337877403,0.195750084755725,-0.00729361714209222,0
33.347885359,0.195692009806642,-0.00493834036152401,0
33.357876958,0.195651320146056,-0.00358057672674425,0
33.367879724,0.195620418448657,-0.00275643306319196,-0.0497989474932163
33.377899096,0.195596130462877,-0.00222226130413126,0
33.387670452,0.195576438279642,-0.00195539418931685,0
33.397879191,0.195557061501212,-0.00226577710273185,0
33.407900709,0.195530601026549,-0.00343553055382051,0.0498498202510278
33.417880896,0.195488345032556,-0.00522627264058677,0.0499098916665446
33.42787834,0.19542619248023,-0.00686599498885579,-0.0995897724723368
33.437904667,0.195350861921212,-0.00744998246383315,-0.0498501367724125
33.447879918,0.195277181074881,-0.00653414944313058,0.0498993735894811
33.457886509,0.195220297579435,-0.00413117258698947,0
33.467908102,0.195194441190173,-0.00025023944990222,-0.0498688261338429
33.477880591,0.195215294271354,0.00517607287846857,0
33.48786449,0.195297736908852,0.0118713776862629,0.0498770033943713
33.497871395,0.19545261265589,0.0194989018959368,0
33.507853784,0.195687506191527,0.0277576439139151,0
33.517856119,0.1960073415084,0.0361269958655303,0
33.527871332,0.196410680065361,0.0439168415337146,0.0997168972071323
33.537854512,0.19688560776471,0.0501052362989592,0.0997995478536844
33.547853163,0.197411874429302,0.0540330115666235,0
33.557865824,0.197966879217469,0.0557444133226589,0.0498602447869065
33.567850985,0.198526641284423,0.0549295676792905,0.149646218058332
33.577854696,0.199064859314826,0.0516135807217539,0.0996222704803704
33.587868224,0.199559802665376,0.0469743291593274,0
33.597852562,0.200004245654794,0.0423778504372838,0
33.607858274,0.20040693801451,0.0390346103071955,0
33.617873337,0.200785748804967,0.037595242531047,0
33.627861416,0.201158960989383,0.0376469033120897,0.0498740894076896
33.637865309,0.201538384641869,0.0384333775643816,0.099669209103345
33.647869228,0.201927928782216,0.0395438345600388,0.0498885254583053
33.657851496,0.202328715114083,0.0408945480516977,0.0498849804539202
33.667857134,0.202745325164586,0.0429226785183011,7.44493798128343e-07
33.677866654,0.20318781930641,0.0461483563989563,0
33.687852782,0.203668091454918,0.0502969463557823,0.0498906322980755
33.697851997,0.204193021031183,0.054524983779386,0.0498126212254364
33.707869723,0.204759514838256,0.0581060309613866,0.149542617106718
33.717854717,0.205355299698815,0.0604191272474236,0.099795396000919
33.727852236,0.205966840833926,0.0615889299905978,0
33.737869228,0.20658797201559,0.0626121430154304,0
33.747849125,0.207218888907858,0.0635629533787724,0.0997833332994359
33.757854306,0.207858282596775,0.0640236856135983,0.0996162070162659
33.767867732,0.208500553908848,0.0639874429426999,0
33.777856403,0.209138165637297,0.0630199868878768,0.0498917981259362
33.787852608,0.209760000532324,0.0604550572698054,0.149406651159348
33.797877426,0.210348537729362,0.0562626694518428,0.0997021523510781
33.807854108,0.210885338315365,0.0505575373725364,-0.0499103777342691
33.817855161,0.211358562813243,0.0436563924919986,0
33.827881258,0.211759651436261,0.0358104770120318,0.0997155609112404
33.837853822,0.212074724403255,0.0263275016141097,0.0998465021867977
33.847853543,0.212285471801836,0.0151222217497667,-0.0498520285076234
33.857854641,0.21237718122335,0.00271193572760501,-0.0498563159752273
33.867852642,0.212339708072934,-0.0106763483697679,0.0994070012970398
33.877915228,0.212163007408036,-0.0248342221677935,0.0497501865835999
33.887894404,0.211841986502792,-0.0387956715002505,-0.149522763183904
33.897920604,0.211386885412501,-0.0510312533408654,-0.149470806150657
33.907906734,0.210820732220621,-0.0610547799282883,0
33.917911933,0.210166319219932,-0.0689292478394415,0
33.92790713,0.20944211996785,-0.0747645191273959,-0.0498425936022896
33.937916837,0.208670662192182,-0.0779257553277828,-0.199516979727059
33.947897185,0.207884379832931,-0.0775725947783064,-0.0997062105812446
33.957917224,0.207119180276022,-0.073910067870221,0
33.967904301,0.206405652531484,-0.0674980298461437,-0.0997001489294416
33.977918827,0.205769111479757,-0.0590555357295305,-0.100276905490499
33.987790862,0.205231241017811,-0.0481614395421161,-0.0498709108427291
33.997912372,0.204806193571007,-0.0364852915144715,0
34.007906439,0.204497318326984,-0.0253433685997364,0
34.017904516,0.204299525296516,-0.0147056530676193,-0.0498599505811687
34.027904379,0.204203235559277,-0.00530753538095048,-0.0498638353740806
34.037900898,0.20419339379156,0.00215666432640601,0.0996553700207308
34.047915119,0.20424639200838,0.00704273013998097,0.0497725583876152
34.057933951,0.204334481177719,0.00939539481988801,-0.0498886902047802
34.06790124,0.204434169506093,0.00965252620199727,0
34.077904128,0.20452724383447,0.00810389187267135,0
34.087897628,0.204596218072289,0.00476349338277614,0.0498359794978
34.097911687,0.204622549709372,-0.000278338532588521,0.0498344103069451
34.107905817,0.204590649022323,-0.00642619101720675,-0.0498745952707336
34.117903755,0.204494076861575,-0.0126520517977658,0
34.127906024,0.204337605367393,-0.0179319406052018,-0.049829521541121
34.137913907,0.20413525600441,-0.021572116384953,-0.0995687750448682
34.147934317,0.203905552699805,-0.0235366961888255,0.0499120316637476
34.15789098,0.203665061706467,-0.0239167002323714,0
34.167909906,0.203427802525727,-0.0227068509077849,-0.0497738280106862
34.177923522,0.203210185761969,-0.0197886766830915,-0.049838263742858
34.187916249,0.203031903472489,-0.0149675858882965,-0.049898002644631
34.197905913,0.202911097608423,-0.0086614763627699,0
34.207911739,0.202858713008492,-0.00177153735204147,0
34.217907082,0.202875664790455,0.00469619873773069,-7.4520403544826e-07
34.227907821,0.20295261858354,0.00982284441479755,0.0995847475873711
34.237932013,0.203072366572085,0.0132551977531869,0.049876438936352
34.24789915,0.203217607602784,0.0153649195710728,-0.049939927624891
34.257897927,0.203379141234858,0.016871960984483,0
34.267927744,0.203555529259326,0.0183918912233117,0
34.277902259,0.203747058732997,0.0197718440140473,0
34.287913807,0.203950690579417,0.0205798878934912,0.0997039147143172
34.297903256,0.204158677009015,0.0206542173049679,0.0498804585499949
34.307903525,0.204363562558854,0.0202974620341812,-0.049880895894009
34.3178925,0.204564407930197,0.0200755775803852,0
34.327904954,0.204765102798462,0.020125077760528,0
34.337918919,0.204967441169837,0.0200782956551684,0.0498305872839308
34.347914379,0.205166857949502,0.0192244048227194,0
34.357930496,0.205352151827226,0.0169944466356584,0.0498671002214958
34.367909153,0.205506658069237,0.0130235127165756,0.0997879902461934
34.377914492,0.20561241365326,0.0076034592537691,0
34.387937276,0.205658941086397,0.00183154404301776,-0.0498735106426551
34.397906696,0.205649030255403,-0.00319951086671408,-0.0499619477858673
34.407894092,0.20559508903674,-0.00681657806839178,0.0498296833011856
34.417916484,0.205512631973369,-0.00875180411715075,0
34.427907105,0.20541993906717,-0.00859098621045839,-0.0498866010007208
34.437903442,0.205340924292802,-0.00584453305948257,-0.0497862759762114
34.447934339,0.205302889235967,-0.000546244325309722,0
34.45790638,0.20532999780143,0.00679159836943436,0
34.467909619,0.205438553315044,0.0151594017026388,-0.0497832855835921
34.477934817,0.205633616923389,0.0233574166755971,0.0997853238443843
34.487894149,0.20590534030932,0.0299601831054006,0.099922658856569
34.49789188,0.206231534185115,0.0340503681657066,0
34.507903136,0.206586653683293,0.035742823229188,0.0498101701507398
34.517909806,0.206947031375548,0.035325354817761,0.0997545145563545
34.527894137,0.20729284288678,0.0332510519298756,0
34.53792497,0.207612556633097,0.0308120136065052,0
34.54776058,0.207904967998809,0.028235817577514,0.0499316148230058
34.557894208,0.208176404394427,0.026382243483827,-0.0494334810885634
34.567931045,0.208437110117621,0.0259287319052643,-7.44457384537257e-07
34.577910345,0.208695397444479,0.0257135539330773,0.0499175625919445
34.587905606,0.208950727069184,0.0251751613541332,0.0505259642203944
34.597644385,0.209192205085648,0.0225731371623158,0.0498172101943807
34.607920404,0.209402523849714,0.0182564216027994,0
34.617914433,0.209562263627845,0.0125075185529008,0
34.627780289,0.20965092172981,0.00420706720952648,0.0498655186398275
34.63791014,0.209646386911096,-0.00614335101310442,0
34.647910942,0.209527252062308,-0.0185372853927502,-0.0498724648715683
34.657903062,0.209275772410147,-0.0323878914732775,0.0498363904926935
34.667918336,0.208879254756773,-0.0470378889420493,7.45450753434907e-07
34.677892526,0.208335510222504,-0.0609571096019559,-0.0998023483230958
34.687899457,0.207661263374006,-0.0725568806415776,-0.150451060314442
34.697774566,0.206892931419313,-0.0796356364446031,-0.100310646265146
34.707779626,0.206078093463065,-0.080828251169424,-0.0990847334332877
34.717900399,0.205266195534595,-0.0783400761823338,-0.148637574523017
34.727904141,0.204501537424832,-0.0725160687841166,-0.0498678005815242
34.737895191,0.203816251822599,-0.0636776532673189,0
34.747908845,0.203227684819805,-0.053584632291256,-0.0498046517609967
34.757915335,0.202743479767941,-0.0430370928989748,-0.0498786420335467
34.767899291,0.202367354138211,-0.0320869011951793,0
34.77792621,0.202101392798987,-0.0211235421044011,-0.0501517355441719
34.787780585,0.201947390787312,-0.00977369194122043,-0.0498414226871917
34.797931285,0.201905869358676,0.00119435086429067,0
34.807899452,0.201971419773502,0.0112071670492837,0.0499271108149619
34.817902026,0.202129684789161,0.0194960594241701,0.0996948229996731
34.827902273,0.202361395960369,0.0260309293300708,0
34.837932315,0.202651091826581,0.0314260605953809,-0.0498253632340411
34.847914095,0.202990288691165,0.0360486527889003,0.0498978144478644
34.85791508,0.203371443583828,0.0399450376290345,0.0502962095113082
34.867738577,0.203782178370631,0.0416668368677934,0
34.8778949,0.204203939484416,0.0411362479290003,0.0989258718399443
34.88789688,0.204611415320667,0.0385667809345617,0.0996480846755835
34.897907103,0.204975745733535,0.0334946962660357,0.0504540620864156
34.907659043,0.205273342967912,0.0258663445963961,0
34.91790172,0.20549293338693,0.0178228228392239,-0.0491841425789674
34.927931459,0.205634654646803,0.0104864241223427,0
34.937912439,0.205702774273357,0.00329996725453306,0.0503442314544888
34.947736735,0.20570001140907,-0.00363777947289873,0.0498558223803616
34.957911736,0.205630021241258,-0.00971378679073673,-0.0494137489724864
34.967914953,0.205504004501601,-0.014396432043641,-0.0498500246187056
34.977913359,0.205342069234976,-0.0168240532953405,-0.0498914611037177
34.987899964,0.205167775611429,-0.0170826946102887,-0.04990557999258
34.997892716,0.205000767980835,-0.0159709128195344,0
35.007732767,0.204851027643749,-0.0141612278277772,0
35.017929145,0.204717027544911,-0.0131089963858164,0.0498669156656681
35.027727615,0.204588915253582,-0.0130280671455395,0.0499032271220678
35.037909444,0.204456722867951,-0.0133243018676903,-0.0493617873114404
35.047927074,0.204319771564302,-0.0134337544320077,-0.0997492584668257
35.057901349,0.204188156525553,-0.0123088137773197,-0.049870958235429
35.0679206,0.204073674976016,-0.0104738612926821,0.0503218241794448
35.07771574,0.20398062334262,-0.00834915194895848,0.0499035558092085
35.087901066,0.203906855029371,-0.00635605780060597,0
35.097895304,0.203852360867445,-0.0041244558593965,-0.0501083079252075
35.107799888,0.203824783216378,-0.000790768463081632,-0.0498178003805579
35.117910164,0.203836533747364,0.00360616172013253,0
35.127919461,0.203897337650356,0.008609652605881,0
35.137896648,0.204008610431417,0.0131871579746047,0
35.147901128,0.204160839049681,0.0161915108289436,0.0498230378726943
35.157909404,0.204332647186908,0.0166523142237699,0.09955753758583
35.167931532,0.204494391631118,0.0142624150428819,0.0498320118081731
35.177918257,0.204618021752926,0.009644750496055,-0.0502368192503865
35.187779154,0.204685816993248,0.00356072787644618,-0.049825196246986
35.197929847,0.204689277579291,-0.00313972600541555,0.0494495920649389
35.207942746,0.204622508839083,-0.0103670917987788,0.0499201842402084
35.217903359,0.204482210346843,-0.0175066255464614,-0.0999087373972999
35.227902739,0.204273076715722,-0.0237678243524766,-0.0498443552833411
35.237907257,0.204006761212814,-0.0288000031778537,0.0498438393928198
35.247907143,0.203696949816951,-0.0323100273113287,-0.0498806182500706
35.257896911,0.20336089494613,-0.0339133897289017,-0.0501853482562008
35.267775418,0.203023149263635,-0.032379778268264,-0.0996909182902944
35.277900366,0.202713187508631,-0.0281034052823938,-0.0495594932761213
35.287894296,0.202457740281374,-0.021868797847597,0.0497850504435025
35.297928093,0.202275205195521,-0.0140335686866113,-0.0498242476447654
35.307906267,0.202176900911791,-0.00529126300936996,0
35.317907309,0.202169489908944,0.00393406642531301,0.0497990892636964
35.327928348,0.202255669108418,0.0132991439945991,-0.0498272354905193
35.33791808,0.202435616033916,0.0226462176296444,-7.50741992678653e-07
35.347776926,0.202705164325445,0.0308045764842555,0.0996540327393455
35.357928939,0.203052042070497,0.0373408630231853,0
35.367908391,0.203456890602466,0.0422226871730649,0.0499220350263972
35.377902009,0.203895358756993,0.0441298758381679,0.0997620899074963
35.387897874,0.204339024005325,0.0431316580902691,0
35.397908725,0.204758281591014,0.0392830581368723,0.0996509302973124
35.407909356,0.205125136216136,0.0328649867423292,0.0497850330428731
35.417936459,0.205416492803403,0.0247671083134784,-0.0501876800040928
35.427776411,0.205617185719191,0.015100831036372,0.0499497136599256
35.437898163,0.205717931122705,0.00479496280412404,0.0494766055033298
35.447928994,0.205713816605083,-0.00551606431817043,-0.0498018974803927
35.457919115,0.205607494263762,-0.0152422413695665,-0.049897920240512
35.467911418,0.205409239675326,-0.0238410493489288,-0.0499075433855716
35.477897686,0.20513118416663,-0.0313629918348879,0
35.487905872,0.204782153777781,-0.0380807362386845,0.049849698129677
35.49789944,0.204369502648245,-0.0440700000910767,-0.100353662252082
35.507777371,0.203906416815041,-0.047765254396064,-0.0996790958566339
35.517905417,0.203413912067398,-0.0492183092839535,0
35.527902176,0.202915907938272,-0.048762190575548,-0.0497966475422656
35.537928779,0.202437529073591,-0.0454713540615909,-0.0996721906374425
35.547909539,0.20200614605146,-0.0395087559429847,-0.0498963521169816
35.557911831,0.201648023549127,-0.0311096656640475,0
35.567908459,0.201383986336618,-0.0208990625899995,0
35.577905089,0.201230183198807,-0.00921291435412656,-0.0501634252837596
35.58778512,0.201200864361179,0.0038028554413825,-0.0498727747323534
35.597897588,0.201306211782416,0.0171616134706224,0.0495415494687627
35.607911285,0.201546261825555,0.0301060156192126,0.0498255373542469
35.617909041,0.201908676898997,0.0412994839590415,0.0498869679091805
35.627898096,0.202371706805842,0.0499365823527685,0.0498596068575393
35.63790682,0.202907297636903,0.0555710538562924,0.0996800748703186
35.647904026,0.203483457419317,0.0580371397702747,0.0996201710988325
35.65792478,0.204069082779339,0.0581287708311352,0
35.667787103,0.204639236245668,0.0553621913314977,0.099719158863466
35.67792257,0.205176204255526,0.0511992342851818,0.0495508090864334
35.687909507,0.205669487922445,0.0470428993487233,0
35.697908903,0.206116419307195,0.0425342684515226,0.0498838805552157
35.707897555,0.206519664921899,0.0382714023302734,0
35.717939471,0.206883017234027,0.0344192573287663,0.0498513303982593
35.727898953,0.207208098186596,0.0305740766470611,0.0499570521134024
35.737898541,0.207493247370011,0.0264839378190893,0
35.747777949,0.207734572280566,0.021586116619677,0
35.757910635,0.207925230764899,0.0158814279670897,0.0990376769067556
35.767913495,0.208054353503943,0.00928403313069846,0
35.777923888,0.208111034468804,0.00169880144437367,-0.0498897560907335
35.787899189,0.208088305229777,-0.00645677052750082,0.0498976621287124
35.797906714,0.207982009946831,-0.0148935155177514,-0.0497841488961085
35.807927578,0.20779001210741,-0.0234431070899626,0
35.81790674,0.207513147195511,-0.0319039838761221,0
35.827780072,0.207156638458933,-0.0390134477940301,-0.0498792907742306
35.837896926,0.206733261117607,-0.0443413064738848,-0.0990770901658955
35.847907608,0.206264157216593,-0.0479251735258002,-0.049835513711795
35.857904672,0.205774386418697,-0.0487425400040838,-0.0497916585937387
35.867932677,0.205288084489776,-0.04744465154269,-0.0996969239924293
35.877906922,0.204825386637377,-0.0444911119241752,0
35.887908906,0.204399319849514,-0.0405245691272599,-0.0498555428971748
35.89790663,0.204014907088006,-0.0366312308065844,0
35.907776779,0.203671535208015,-0.032394696196383,0
35.917902794,0.203367137430133,-0.0283167281258322,-0.099065617228845
35.927906646,0.203101523236967,-0.0246046297668067,0
35.937908261,0.202874910321286,-0.020791449856654,0
35.94790964,0.202685631990233,-0.0172079037412621,-0.0498890471591611
35.957894239,0.202530993535687,-0.0139193285180575,0
35.967902133,0.202407349912271,-0.010989460948876,0.0497577414486464
35.977932958,0.202310778815771,-0.0082998896214505,0
35.987779138,0.202242372964766,-0.00496514911316204,-0.0998217520234343
35.997910195,0.202211588855197,-0.000630596870615417,-0.0495584784037681
36.007898428,0.202229685803453,0.0044098130156395,0.0498940850043787
36.017894155,0.202299714382109,0.00925157543809487,0.0498362460148078
36.027905581,0.202414783488734,0.0131510351347975,0
36.037932694,0.202563241912548,0.0159070219317218,0.0498487809925346
36.047907703,0.202732957682069,0.0176118660682195,0.0499367052079779
36.057899598,0.202914896351593,0.0188734993596661,0
36.067754432,0.203107534909142,0.020078900483877,-0.0497908902875155
36.077924976,0.203316983923607,0.0219114492133436,-0.0495003921215128
36.087897331,0.20354889501759,0.0241046241442401,0.0997868484191026
36.09790935,0.203798699747635,0.0251385561682981,0.0996377436055251
36.107911611,0.204052025119538,0.024715008181868,-0.049880837839351
36.117898916,0.204292742034877,0.0226875279808573,0.0498639255530878
36.127907658,0.204505685995357,0.0191425982281631,0.0498435678051829
36.137903429,0.204675680389986,0.0143016621680329,0
36.147772288,0.20478978322271,0.00816792112044452,0
36.157910996,0.204839100619054,0.00139146078228461,0
36.167896803,0.204817785696095,-0.0057891030920161,0.0498792807934761
36.177901186,0.204723375348315,-0.0128204750855786,7.44607339155432e-07
36.187908909,0.204561220989712,-0.0186540629651345,0
36.197896442,0.204350382583887,-0.0217906126000435,-0.0997393423625874
36.207902951,0.204125538566181,-0.0209170087383283,-0.0498321812295322
36.217905526,0.203931852399013,-0.0155756055952035,-0.0501833681919354
36.227771713,0.203816070565604,-0.00569152971302813,-0.0499606216107102
36.23786317,0.203818262875185,0.00738262335304497,0
36.247893442,0.203964621712023,0.0221876864549836,0.0497239118359401
36.257915822,0.204263184830352,0.0369926638348844,0.0995135994668394
36.26793269,0.204705926876791,0.0506476144019372,0.0498751222372945
36.27790738,0.20527570955123,0.0623101721942712,0.0498754216161991
36.287924128,0.205951596820982,0.0716243258810181,0
36.297898634,0.206707569642496,0.0783756235569248,0.100522985430412
36.307762155,0.207506414557246,0.0794465623333208,0.149486948263787
36.317908803,0.208297308781255,0.0752490071292318,0.0990190465476585
36.327901339,0.209021868157639,0.066307153987187,0.0997369210029446
36.337903181,0.209623079082179,0.0515304624608356,0.0996607414357832
36.34791115,0.210052982972223,0.0328261725108131,0.0498066171428448
36.357922535,0.210280237850138,0.0120805298814481,-0.0498664039585426
36.367906502,0.210294537419549,-0.00892216103656168,-0.0997763055286597
36.37790917,0.210101913874089,-0.0292246282662034,0
36.387777052,0.209713827982354,-0.0480153304368385,7.45282081771862e-07
36.397903158,0.209141895933519,-0.065180906995362,-0.0495428319691945
36.407902696,0.208402020252568,-0.0812224503660003,-0.0998490730529999
36.417875078,0.207519727652605,-0.0935095748657165,-0.0996673386243434
36.427911033,0.206531049165928,-0.101799971863642,-0.0995768858345816
36.43790159,0.205481029294478,-0.105484099662177,-0.149590374818368
36.447907367,0.204421753877394,-0.103584675944071,-0.199128020398448
36.457930617,0.203406329023208,-0.0979087140524749,-0.150552892866729
36.46777586,0.202476455277603,-0.0878081737590383,0
36.477911651,0.201651830917851,-0.0766244620640888,0
36.487925812,0.200932476044986,-0.0670059327635582,0
36.497904098,0.20031221835839,-0.0571517794341815,-0.0998752581468575
36.507892645,0.199791336009371,-0.0465972092637804,-0.0995872223781066
36.517928681,0.199379128673919,-0.035158880402858,-0.0498217157259961
36.527905633,0.199087701757775,-0.0227339929296664,-0.0498860843428368
36.537915846,0.198924740606125,-0.00999703064111376,0
36.547776811,0.198889048982434,0.00226617638292801,0.0498648631978304
36.557911517,0.198970054323506,0.0130953389238496,0.0495377392833438
36.567904524,0.199152628205931,0.0226905357305026,0
36.577892821,0.19942344081586,0.0309531624230914,0
36.587931048,0.199772512456073,0.038269881684101,7.44988728776557e-07
36.597894682,0.200188909669792,0.04416038786735,0.0499070152488603
36.607910129,0.200654796422266,0.0476466113936899,0.0995447272721184
36.617927514,0.201143406231211,0.0487961458487581,0.100402538915915
36.627771806,0.201623969709959,0.0463883892018318,0.0499087449783353
36.637905604,0.20207015764564,0.0417130089144294,0
36.647926759,0.202464693444118,0.0363706510726154,0.0498249175644538
36.657917605,0.202798007151276,0.0301416988276586,0.049933085117165
36.667895409,0.203066582478413,0.02377244721652,0
36.677934283,0.203273852572481,0.0181605404608137,0
36.687893329,0.203429755513705,0.0137015980919565,0
36.697910865,0.203547563670296,0.010583059081096,0
36.707801625,0.203640446186477,0.008630274335015,0.0498585618771665
36.717909362,0.203720156185694,0.00788345177837742,0
36.727900668,0.203798896022759,0.00849970978485502,-0.0498583275254316
36.737907953,0.2038901384053,0.0103290913922857,0.0498492991812822
36.747902881,0.204005500708884,0.013097164762931,0
36.757954586,0.204152692460643,0.0165106763450027,0
36.767897777,0.204335629965292,0.0201137591648272,0.049985254025889
36.777902395,0.204553917886735,0.0234808444538501,0
36.787799465,0.204802938405589,0.0260177390794416,0.0498270014296658
36.79791326,0.205074555351059,0.0277001050280923,0.0991887578039146
36.807904191,0.20535984142735,0.0289914128982157,-0.0498895039684025
36.817899055,0.205653971786003,0.0297327514133024,-0.0498793213546357
36.827894066,0.205954195411508,0.0298577698431422,0.0997280755387054
36.837895057,0.206251007811502,0.0285642129385886,0.049821252689057
36.84790724,0.206525855975221,0.0252779883495929,0.0498201999313324
36.857908953,0.20675691884142,0.0201140256515241,0.0501979177742251
36.86777054,0.206925386900945,0.0131837712386702,0
36.877863886,0.207020000113175,0.00563580125259882,0
36.887907699,0.207038875926861,-0.0016497488590874,-0.0506579306412525
36.897546812,0.206987528228463,-0.00821721060690089,0
36.90791692,0.206874455943824,-0.0136554627991169,0.0489733269537465
36.917906799,0.206709503183394,-0.0183562174843568,-0.0498728639957265
36.927909682,0.206507464456439,-0.0209624095878275,-0.0498362510027472
36.937914249,0.206290098821686,-0.0214197608295242,-0.0502287589096071
36.947760489,0.206082264918226,-0.0192325029376322,-0.04988814604636
36.957900588,0.205905711498156,-0.0153643433889486,-0.049487091001813
36.967908802,0.205772699318586,-0.0112047738864617,0.0498722533717883
36.977893296,0.205681697725638,-0.0076348972025794,0.0499235510503605
36.987880967,0.205620213891898,-0.00540955877234775,0
36.997905743,0.205573439217413,-0.00452075267979977,-0.0497776686934172
37.007911664,0.205529660064757,-0.00480701809489037,-0.0499154209921386
37.017881161,0.205477417021634,-0.00646770741839965,0.100464815772602
37.027761029,0.205401280179496,-0.00957280857430327,0
37.037902867,0.205285753062765,-0.0138514099683934,-0.0495085276548527
37.047900618,0.205122318475662,-0.01882542780299,-0.0498661799499947
37.05789801,0.204909335941808,-0.0237269261432892,0
37.067907872,0.204647607837674,-0.0284872136182253,0
37.077897596,0.20433960346315,-0.0327546243586232,-0.0498401421204846
37.087913461,0.203992332284906,-0.0360396749801758,-0.0498342110516858
37.097905865,0.203618511951474,-0.0381505204181404,-0.0501989412985792
37.107776356,0.203234552503645,-0.0380401743800324,-0.0498572106452265
37.117904904,0.202857745020481,-0.0363632840713595,-0.099034902922631
37.127912466,0.202502337415623,-0.0341923329630316,0
37.137896865,0.202174173233385,-0.0316342166555439,0.0499002476373642
37.147893958,0.201870238568594,-0.0293461522482914,0
37.157907021,0.201586952148897,-0.0269971784479416,-0.0497585870283702
37.167932037,0.201329266974077,-0.0238410294040871,-0.149527793442037
37.177911724,0.201110019436454,-0.0197150738223315,-0.0502556009107403
37.187772538,0.20093811003219,-0.0150605302893092,0.0996235701913855
37.197929001,0.200808548629886,-0.0114529001438302,0.0495108974592262
37.207911464,0.200707460923708,-0.00916185178764852,0
37.217906371,0.200625518926839,-0.0071063074119699,-0.049895037891043
37.227895341,0.200565449350463,-0.00428827348518554,-0.0498724923111433
37.237899282,0.200539783856706,-0.000133781797910297,-0.0498079954904817
37.247914141,0.200562771199407,0.00508238544096624,0
37.257921326,0.20064154360163,0.010496945213342,0.0501195262963468
37.267808509,0.200771601290357,0.0149578922754985,0.0997866919803229
37.277905582,0.200940465950084,0.0182518890687493,0.0496369040338539
37.287896311,0.201138241624096,0.0212190663559759,-0.0997447063057293
37.29789825,0.201364691699009,0.0242589383351139,-7.44566375571629e-07
37.307909518,0.201623740778597,0.0274357309126314,0.0498571685712367
37.317897007,0.201913372214648,0.030280787655759,0.0503991468006842
37.327693214,0.202222806676219,0.0310366931986815,0
37.337906426,0.202534398413235,0.029993058659013,0.0992929125524413
37.347777151,0.202825185376764,0.0268975410155141,0.0996987605453309
37.357908457,0.203072403862451,0.0217733661371106,0
37.367903095,0.203263394924331,0.0164168786791576,0
37.377927466,0.203401053504481,0.0118902458474377,-0.0498806806332062
37.387892724,0.20350107652754,0.00920356003104485,0
37.397906496,0.203584931706448,0.00861074726514578,0
37.407924057,0.203673561273387,0.00995652795441169,0
37.417907185,0.203784069125584,0.0127995258653386,0
37.427776689,0.203927665550166,0.0162667168036042,0.0995729877407708
37.437934481,0.204109847477958,0.0202559404688615,0
37.447896497,0.204335211183259,0.0250453090845364,-0.0499151686103404
37.45791,0.204610140525437,0.0300223902297788,0
37.467929684,0.204936655340919,0.0346860441105655,0.0498484395669471
37.477912259,0.205303939763422,0.0375523315843648,0.099825715981135
37.487906277,0.205686822985181,0.0374178605978874,0.0996452017060294
37.497925041,0.206052775250474,0.0345069978759954,0.0501708310154496
37.507780004,0.206372605640558,0.0287684716783803,0
37.517903631,0.206627528751063,0.0217365477639098,0.0494938661392533
37.52792586,0.206810507001747,0.0148584895244667,-0.0498231175388779
37.537916355,0.206924887600973,0.00850719983458392,0
37.547907802,0.206980497375424,0.00317845084025825,0
37.557924943,0.206988483914314,-0.0010245967982037,0.0498941840121422
37.567892021,0.206960021608622,-0.00392906241255836,0
37.577905649,0.206909978473393,-0.00502904279749885,-0.050131962038579
37.587781454,0.206859996798847,-0.0036667237905312,0
37.597893997,0.206836686722248,0.000354322567748677,-0.0495277928953166
37.60791351,0.206867130040623,0.00685496974851322,0
37.617898205,0.206973814962931,0.0152024610346194,0.0498647730014188
37.627909516,0.207171118542686,0.0246295698779706,0.0498097247529207
37.63791631,0.207466852278853,0.0346852910037244,0
37.647940947,0.207865914556142,0.0452685433549762,0.0997453468660035
37.657908999,0.208371892187632,0.0565057212954917,0
37.667795466,0.208987808473212,0.0670661049262424,0
37.677910249,0.209713298118788,0.0770848487852455,0.14872661310288
37.687907933,0.210538174950605,0.08643787928835,0.0499025602660086
37.697890815,0.211440375870809,0.0924758140476346,0.0997353597056794
37.707902624,0.212387200277461,0.0946768865233395,0.149371184707167
37.717916492,0.213336344619691,0.0925671145380773,0.0996278377084775
37.727918894,0.214240048635176,0.0856507090565601,0.0996385401451121
37.737930612,0.215050568188834,0.0746933344133419,0.100376183548373
37.747785786,0.215723973043086,0.0586326452596073,0
37.757908441,0.216221921149648,0.0390464791069458,0.0495514338747819
37.767908237,0.216509683905638,0.0166438916239796,0.0995865031007665
37.777933019,0.216555208055696,-0.00879208301639064,-0.0498747249964772
37.787900253,0.216333912441301,-0.0361449198321082,0
37.797906811,0.215833256945113,-0.0637845138059371,0
37.807931372,0.215056237254897,-0.0903290487203706,-0.149562431434127
37.817906881,0.214026669647672,-0.114084765269178,-0.20062134475234
37.827811313,0.212788238852347,-0.131558374726801,-0.149487807381851
37.837916935,0.211394179465236,-0.143945092741269,-0.14894123694433
37.847894798,0.209897319741454,-0.152502309841353,-0.0998157141535063
37.857895679,0.208347374857507,-0.155081773378898,-0.149501843572905
37.867903073,0.206794400972201,-0.152751665284919,-0.199397277232305
37.877897585,0.205292050407135,-0.144969998967152,-0.149592888439636
37.887899071,0.203895581162794,-0.131761989298513,-0.199367260213528
37.897902652,0.202656142983165,-0.114857399200514,-0.150508691315398
37.907773399,0.201612867537856,-0.093604571359851,-0.099728219352586
37.917898924,0.20078440051381,-0.0718578809795326,0
37.92791232,0.200165727349582,-0.0525027427578137,0
37.937907684,0.199733885734627,-0.0353289449364205,0
37.947926239,0.199458656707269,-0.0211590166239109,-0.049853339596787
37.957907977,0.199310699202557,-0.00975709118769045,0
37.967904473,0.199263727256362,-0.00083661068650902,0
37.977912434,0.199293963260053,0.00578489615530096,-0.0501488174635093
37.987787221,0.199378746888824,0.0099832835639727,0.0498864537396322
37.997899451,0.199493499318362,0.0115017949561218,0
38.007909568,0.199610189998054,0.0103443507844054,0.0996647484206089
38.017908308,0.199700477953965,0.00669755705175902,0.0498748846598412
38.02790152,0.19974408723715,0.00185879747777934,-0.0498519088679505
38.037909175,0.199737655515098,-0.00244415911649683,-0.0498153662177437
38.047917358,0.199695165344228,-0.00488248984513504,-0.0498637285524317
38.057905301,0.199640024632961,-0.00502663602127824,-0.0501233141216677
38.067809628,0.199595174143301,-0.00326007465610064,0
38.077916847,0.199574785499017,-0.000699943637678401,0.0496089150920472
38.087908463,0.199581106091618,0.00170211340476475,0.0498649155673212
38.097912497,0.199608820362919,0.00365528313547068,0.0498634866676571
38.107904686,0.199654197948323,0.0056816875725531,-0.049854583182437
38.11791259,0.199722454642767,0.00862381794038602,-0.0498365598743539
38.127912012,0.199826737485221,0.0128845738945402,0
38.137897551,0.199979952349551,0.0181310964417658,0
38.147790163,0.200187150158086,0.0230781319172003,0.0497773639168749
38.15792867,0.200442233156282,0.027000227215245,0.099145511879026
38.167903959,0.200730227220247,0.0296899116059256,0.0499225999124078
38.177901514,0.201035225129161,0.0308639369522123,0
38.187908421,0.201347643674178,0.031459503517917,0
38.19790308,0.201664464465102,0.0318406153752255,0
38.207893363,0.201983976525696,0.0317784926439037,0.049824466741297
38.217914963,0.202300411941808,0.0310824469980341,0.0501042605628848
38.227793495,0.20260252132384,0.0288120462606535,0.0498910167406395
38.237900152,0.202876226131804,0.0251662962167489,0.0495513828485087
38.247915666,0.20310892183975,0.0208343327287452,0
38.257906656,0.203293048292879,0.0158925359856701,0
38.267899786,0.203426520185992,0.0108530304381644,0
38.277912562,0.20351017299964,0.00597960910420254,0.049797774145859
38.287922695,0.203546249354941,0.00151904875048122,0
38.297916549,0.203540560031097,-0.0021093967475159,-0.0501329475861558
38.307811737,0.203504295474435,-0.00446138468111993,0
38.317903207,0.203451391861269,-0.00542611650962997,0
38.327917955,0.203395196792999,-0.00522597015122486,-0.0498248177976685
38.337914949,0.203346811094903,-0.00415233368942258,0
38.347904483,0.20331220605945,-0.00281477236382667,0.049882485506082
38.357903556,0.203290547716328,-0.00173126134836215,0
38.367908779,0.203277573394984,-0.00102449293481501,0
38.377912514,0.203270048680224,-0.000512108948364309,0
38.387786278,0.203267393949875,9.18863357236666e-05,0
38.39751241,0.203271849642848,0.00104912866029605,0
38.407912277,0.203288508712243,0.00254979644648097,-0.0488912899103393
38.41790656,0.203323850574047,0.0046427515557057,0
38.427912845,0.20338136638044,0.00671026353877608,0.049824041187215
38.437918913,0.203458138736708,0.00824996643022317,0
38.447903921,0.203546292086344,0.00886530183630192,0
38.457914566,0.203635406235967,0.00833746238540639,0
38.467788638,0.203712080166376,0.00620592476012839,0.0498619203298917
38.477911716,0.203759507044284,0.00237944915639871,0
38.487921073,0.203759984271853,-0.00321585094166165,-0.0510807138275817
38.497431731,0.203696733585665,-0.0103709870414867,0.0498995349694938
38.507903149,0.203552750420595,-0.0187134772014072,0.0487063961160713
38.517903299,0.20331363936462,-0.0288186276933184,-0.049829349717077
38.52791337,0.202976083311535,-0.0380317402489465,-0.0498502861077545
38.537905116,0.202552935455969,-0.0455215110666598,-0.100296801886046
38.547795986,0.202070996587257,-0.0493845431899386,-0.0498509766950897
38.557906357,0.201565183305952,-0.0495672122633859,-0.049564902457041
38.567912969,0.201073853820797,-0.0465592764507896,-0.149660844815054
38.577893375,0.200634602209463,-0.0398506630876665,0
38.587905995,0.200277118477568,-0.0311872608260547,0.0506213976098822
38.597590506,0.200020302647441,-0.0199420037014208,-0.0498584297424134
38.607904545,0.199878307319445,-0.00773234189850307,-0.0981399171913431
38.617910247,0.19986318346274,0.00504024036592148,0.0501442223857432
38.627789115,0.199978530331818,0.0176228359741175,0.0498281667757021
38.637920644,0.200215823406848,0.0288346761021092,0.049559960499249
38.647908104,0.200558654863135,0.0386518496730427,0.0498824423969716
38.657909567,0.20098843225377,0.0463967256297768,0
38.667907263,0.201486550356084,0.0522626920570417,0.0997355741940999
38.677904215,0.202033406384983,0.0561052635417215,0.0498558173945851
38.687906562,0.202608616297129,0.0580621126829682,0.0499316462503956
38.697873142,0.203192844474615,0.0582213001332322,0.0500836483840303
38.707814884,0.20376770468744,0.0560239811000237,0.0995191516917335
38.717911272,0.204315460291015,0.0523287997725602,0
38.727928645,0.204820233659482,0.047611693930138,0.0498834513010299
38.737899492,0.205267133303863,0.0410932589003386,0.0998470433082688
38.747900971,0.205640961622642,0.0330647132197836,0
38.757910325,0.205928785758297,0.024141908945092,0.0996613913184196
38.767910502,0.206124029898078,0.0151111637553888,0
38.777909813,0.206231001296489,0.00719950209137888,-0.0501034836057226
38.78781124,0.206267305302929,0.00138571591594123,-0.049772654328884
38.797942528,0.206258760948504,-0.00183394708280478,0
38.807906088,0.20623045241506,-0.00280773001510267,0.0499290133973123
38.817912508,0.206202690636257,-0.00182103087030588,0
38.827905372,0.206194033101512,0.0010810388721577,-0.0498550673247571
38.837911809,0.206224310658054,0.00589516017470866,0
38.847910253,0.206311965079283,0.012244925426912,0
38.857915956,0.206469259946298,0.0194430526027344,0
38.867815264,0.206698979255214,0.0261627022672508,0.049865207769163
38.87791119,0.206992389300204,0.0314072219338914,0.0496476725046482
38.887898709,0.207329744469526,0.0346451782557124,0.0997749110018115
38.897897955,0.207684834336384,0.0350972500400345,0.0497885539092824
38.907925326,0.208032623653831,0.0334394618999016,-0.0498357827077289
38.917905294,0.208353868986593,0.030006097854388,0.0499226861842102
38.927897837,0.208631920773295,0.0248050033775379,0.0996907512068122
38.937908932,0.208850059294746,0.0182305510987183,-0.0500621005037524
38.947814728,0.208995016672398,0.0104544498458227,0.0498671201735413
38.957903698,0.209059093573072,0.00229478052622727,0.0496199851870689
38.967909079,0.20904112879776,-0.00543276768805597,-0.0498494663499929
38.977905545,0.208950428184989,-0.0117075731094596,-0.049868723872718
38.987903202,0.208807046140978,-0.0157627237454586,-0.0499190570726537
38.997879508,0.208635584124118,-0.0174588400602499,0
39.00785349,0.20845873725363,-0.0169953415386826,0
39.017895308,0.208295408766948,-0.0148750034472752,-0.049918096176788
39.027828136,0.208161614325522,-0.0112827643602246,0
39.037890035,0.20806981297376,-0.00660911911756667,0.049680840156141
39.047898173,0.208028969060295,-0.0011035997780531,-0.0498004876542596
39.057911853,0.208047716899859,0.0052430338136521,-0.0498616759728574
39.067895421,0.208133815307739,0.0120359801566619,0.0498629551336775
39.077908588,0.208288397205517,0.018499844583433,0.0498111206911849
39.087912965,0.208504136760681,0.0240005069303833,0
39.097918592,0.208768647445196,0.0282780674232493,0.0501250913043691
39.107804827,0.209066640175491,0.030633321543914,0.0498730566208587
39.117910978,0.209381080633964,0.0313150319816386,0.0495886689127567
39.127911868,0.209696292807462,0.0309301404195911,-0.0498783457390688
39.137901244,0.209999382368369,0.0289391753677185,0
39.147910081,0.21027502460051,0.025009119686447,0.0997776200421244
39.157887317,0.210499216460088,0.0182851220357829,0.0497349289599955
39.167958291,0.210641608566959,0.00874251068717107,0.0497985426530418
39.177909917,0.210674264254573,-0.00312854180164383,0
39.187814615,0.210579487227298,-0.0159882833143647,0
39.197904205,0.21035458991336,-0.0282083681336276,-0.0992319563259653
39.207910739,0.210012608363447,-0.0388423203871088,-0.0498517042599052
39.217905453,0.209577695030402,-0.046687951900396,-0.0498576472343842
39.227909304,0.20907891632265,-0.0515116668384586,-0.0498460994157737
39.23790895,0.208547281557334,-0.0531769064811189,-0.0498567743774785
39.247908518,0.208015419990076,-0.0515402218831308,-0.0997217319684424
39.257906224,0.207516617618316,-0.0469244015910945,-0.0500834358743403
39.267817222,0.207081215968422,-0.0392184698427387,-0.0498608307154778
39.277903811,0.206732342855629,-0.0297042335715675,0
39.287911448,0.206484332385878,-0.0194380051339375,-0.0498257564621037
39.297915176,0.206343361840022,-0.00891413585626235,-0.0498518540333013
39.307912337,0.206306041744086,0.000558310192740279,0
39.317910457,0.206354525409211,0.00743964175762328,0.0996978434182652
39.327914552,0.206454851058045,0.0104878700154847,0.0498777319442357
39.337900969,0.20656418330061,0.00934660887184356,0
39.347831382,0.206641005878022,0.00434721194516305,0.0498384281310794
39.357907545,0.206651156126779,-0.00344490434561009,0
39.367911046,0.20657183335625,-0.012844053986795,-0.0498521304690326
39.377908622,0.206394261213997,-0.022574019258193,-0.0996720760567815
39.387918432,0.20612018623938,-0.0320192502003028,0
39.397912463,0.205753753224051,-0.0410368339352986,0.0498480233829697
39.407920858,0.205299350005315,-0.0492305310351868,-0.0498625814908489
39.417909049,0.20476931067638,-0.0558701286443556,-0.150572786351568
39.427786726,0.204189441404523,-0.0588349876193729,-0.0997269355298059
39.437905429,0.203592823906648,-0.0586528037948192,-0.0495565046707282
39.447907118,0.203009324000272,-0.0565759497509917,-0.0498300792565413
39.457915058,0.202460760141808,-0.0524167682684545,-0.0498610708075034
39.467904011,0.201961151493802,-0.0471740057990842,-0.0498724454507232
39.477907689,0.201517627651075,-0.0414626829543973,0
39.487908931,0.201131693838314,-0.0357703390141869,-0.0498397957837889
39.497913716,0.200802005282958,-0.0304203797508873,-0.050074356005278
39.507821245,0.200525953684715,-0.0251836049913719,0
39.517896786,0.200298759541563,-0.020502804396184,0
39.527909457,0.20011408900341,-0.016560885598323,0
39.537892804,0.199967607775043,-0.0126574352452655,0
39.547910072,0.199860932514182,-0.00820678549116718,-0.0498302784817357
39.557902353,0.199803393698625,-0.00260204100188094,-0.0498823931710381
39.567898716,0.199808921242922,0.0042887357905458,0
39.577911213,0.199889206412635,0.0119990961283647,0
39.587839241,0.200048189519247,0.0194877527549456,0
39.597913312,0.200279002372527,0.0256556833457681,0.0993188299467626
39.607917637,0.200563314489114,0.0308023481900391,0.102685162455006
39.617333477,0.200877189056765,0.0319089233231636,0
39.627906529,0.201201138511257,0.0314424994638686,0
39.637912217,0.201524236078182,0.0319368350550224,0
39.647910939,0.2018400160538,0.0308403086470866,0.0498553038669668
39.657911722,0.202141026985171,0.02900046278559,0.0500717443387671
39.667823994,0.202417503864275,0.0259752134901533,0.0498740414492353
39.677904012,0.202660330986078,0.0223109595578932,0.0496199859417797
39.687918645,0.202865834810066,0.0189721030104468,0
39.69791139,0.203039913022463,0.0165936346260142,-0.0498739915560057
39.707910955,0.203197579897536,0.0157793346643311,-0.0499066255695827
39.717890627,0.203355172089424,0.016072762413721,0
39.727904639,0.203518933630243,0.0161785165410537,0.0996361383968457
39.737905379,0.203678981085721,0.0148812432593012,0.10017682970203
39.747811364,0.203815170447464,0.0115369496537897,0
39.757907183,0.203909740891454,0.00696595494219042,0
39.76790848,0.203955166051988,0.00219117071956575,-0.0498693668875161
39.777901347,0.203953551518173,-0.00223885961494817,-0.0498449805915892
39.787912426,0.203910380025149,-0.00628182757315276,0.0498480057686567
39.797904079,0.203827897804757,-0.0102893356397023,0
39.807903428,0.203704685895797,-0.0143959326873016,0
39.817898777,0.203540055478246,-0.018349926637008,0.0500744213886903
39.827815716,0.203339296871822,-0.0210672390512984,-0.0996416644332147
39.837912419,0.203118423297945,-0.0217780905247713,-0.0992362976816403
39.847911111,0.202901657540381,-0.0204274178179309,-0.0498731788566656
39.857904756,0.202710031476889,-0.0175888454324957,-0.0498614270017608
39.86790816,0.202549932536414,-0.0150387992967195,0.0996842430096128
39.8779097,0.202409181139131,-0.0141911695228028,0.0996064447063752
39.887928729,0.202265817247792,-0.0152356148201093,-0.0498580881897287
39.897908387,0.202104488847091,-0.0171380105509391,-0.0501269769211045
39.90782014,0.201924918036201,-0.0182818761907165,-0.0498369957934363
39.917915239,0.201738726055861,-0.0180310931929981,-0.0496150782459241
39.927916178,0.201562564502213,-0.0163115579110678,7.45415737719892e-07
39.937905642,0.201412651439661,-0.0129803518564938,0
39.947908752,0.201303053857176,-0.00826788881903979,0
39.957893804,0.201247391538548,-0.00203675848400686,0.0498665291004816
39.967903755,0.201262328865178,0.00618816389747245,-0.0498319272020971
39.97790299,0.201371211660971,0.0170009879586843,-0.100144835452154
39.987816691,0.201600868450336,0.0307814809528009,0.0512742819735487
39.997349314,0.201969798312779,0.0448758505948714,0.0509458587814429
40.007388376,0.202479164462286,0.0555484614840367,0.0485091465828195
40.017903817,0.203111569330998,0.0660295268839662,0.145820728385923
40.02790164,0.203833645579052,0.0746297174539087,0.149567180175471
40.037903252,0.204604121514286,0.0775494834730423,0.0498312522178263
40.047910798,0.205385345446682,0.0771874496535746,0.0498345123938056
40.057911101,0.20614847635165,0.0745833978493292,0.0500745230358637
40.067822748,0.206870446335488,0.0696798241778735,0.0503411787536025
40.077717874,0.207528608811821,0.0626733705955746,0.101850122369226
40.087402426,0.208097570750924,0.0518891156404794,0.0506529227177629
40.097402746,0.208550039411397,0.0382028404413411,0.0499883160704133
40.107348715,0.208859575646988,0.0221691142734441,0.0972810316610414
40.117901735,0.209004483841028,0.00553387448472378,-0.0484942994893816
40.127909511,0.208973356511358,-0.011973226991817,-0.0996028596737031
40.137922875,0.208764766187173,-0.0297543724195506,0.050002128751533
40.14785029,0.208380031146656,-0.0471623046817065,0
40.157905466,0.207822341142101,-0.063691783188064,-0.0995016478972917
40.167891945,0.207103542401666,-0.0787536789333216,-0.0996661954845099
40.177914182,0.206246581146369,-0.0909818073238548,-0.0996051561448414
40.187912773,0.205282011286106,-0.101566911221568,-0.0506204242684999
40.197611103,0.204246025719824,-0.10686084664648,-0.10154019796381
40.207552066,0.203183339808588,-0.103320132065892,-0.196492458952365
40.217908856,0.202148859199223,-0.0978191331448598,-0.147573195986494
40.22782173,0.20120057884697,-0.0880339260040999,-0.0996936790238664
40.237912056,0.200387898970578,-0.0724663750836383,-0.0496338327742827
40.247910775,0.199744798576928,-0.0549142520025164,-0.0498502564035812
40.257913586,0.199289529911722,-0.0359327783019677,-0.0498555730937308
40.267910172,0.199026164678354,-0.0177783694204968,0.0516418273853571
40.277221218,0.198946271697391,0.000421443666835865,0.0499585307380478
40.287868353,0.199034575927338,0.0160066186976334,-0.097170787151082
40.297743464,0.199274763463932,0.0307913593209569,0
40.30769777,0.19964515063131,0.0414924352228544,0.0990792196875422
40.317870417,0.200109879757518,0.0483353804499745,0.0989405306386491
40.327853237,0.200619372796902,0.0505919202890403,0.149700069238783
40.337852198,0.201120796429103,0.0475042552540678,0
40.347869929,0.201570250843012,0.0408158352294451,0
40.357852537,0.20193712697026,0.031527967830495,0.0499026351927725
40.367850465,0.202200196539256,0.0203292774549197,-7.4447423328417e-07
40.377868221,0.202344031363746,0.00790171745083937,-7.48250498140697e-07
40.387765134,0.202357556626821,-0.00552301018152652,0.04994102570187
40.397833696,0.202233761842042,-0.0191051974437662,0
40.407870337,0.201973442753859,-0.032137989488371,-0.0498110531227138
40.417850968,0.20159044696492,-0.0430525616196522,-0.0498931695753641
40.427854365,0.20111307915698,-0.0504131808265789,-0.0996273499312999
40.437867336,0.200581358185445,-0.0536057557226476,-0.0997012850149463
40.447856039,0.200040874306492,-0.0523515852475048,-0.0498917199114647
40.457852542,0.199535100969847,-0.0471448027564263,-0.0499904288409469
40.467801485,0.199100550188933,-0.0385000284906784,-0.0498619032532043
40.4778494,0.198765221367123,-0.0275407415271103,0
40.487854698,0.198548269832912,-0.0151620385091554,0
40.497872898,0.198461624319359,-0.00182259743049826,-0.0498476744915576
40.507857264,0.198511813207517,0.0118860573602964,0.0499072710991892
40.517851578,0.198699092055822,0.0252746245917041,0.0498154679420939
40.527872762,0.199017697405483,0.037904554358789,-0.0498517269170286
40.537852518,0.199457218773279,0.0493686223959332,0.10023120983515
40.547768538,0.199999924458101,0.0580712243255596,0.0996301223612152
40.557868329,0.200619561423918,0.0640930142196461,0.0992825903322134
40.567854413,0.20128728873009,0.0680413823109917,0.099739953950109
40.577862099,0.201979965172326,0.0698226208185354,0
40.587868485,0.202684723690381,0.070797834069326,0
40.597849103,0.203395001765061,0.070865600142456,0.0997833632567985
40.607853557,0.204100977811551,0.0694469147370243,0.0996187250273736
40.617867204,0.204785197118405,0.0664734007133968,0.050060665307854
40.627771019,0.205424959244271,0.0606127688073738,0.149675750548267
40.637852132,0.205996538938901,0.0525824895853534,0.0496150173523434
40.647867382,0.206481676042422,0.0438166545150915,0
40.6578508,0.206872813665419,0.0345464512203248,0.0498881302996648
40.667854026,0.207172143664426,0.0256978904279147,-0.0498069654545338
40.677870014,0.207387265233244,0.0177000928093725,0.0498623492072113
40.687851004,0.207526092030933,0.0104535268841046,0.0997874043154259
40.697854426,0.207596172821349,0.00431649230933247,0
40.707804081,0.207612219334351,0.000310192839354545,-0.0498574275354492
40.717853378,0.207602376353054,-0.000362615944997637,-0.0497299580006953
40.727854295,0.207604948807054,0.00282789892243394,-0.0498153463073705
40.737869224,0.207658979142389,0.00948020316304728,0
40.747854448,0.207794554320786,0.0184345011086874,0.0498924438874328
40.75785414,0.208027391098548,0.0282387686263381,0.0498171706612417
40.767869561,0.208359756465823,0.0379272700595656,0.0996922413347652
40.777857479,0.208786063138894,0.0471958779655884,0
40.787772202,0.209299079081652,0.0551563028804704,0
40.797876055,0.209890213779986,0.0619652144930454,0.099255806372797
40.807863347,0.210544031190988,0.0673222338029381,0.0499104762729652
40.817853452,0.211235136771594,0.0692446160125485,0.0996950323296969
40.827866126,0.211929115942027,0.0675824987199438,0.149568877830201
40.83785266,0.212586733220654,0.0622616648920273,0.0997854802891313
40.847850774,0.213173393398788,0.0540892980620168,0.0498178128257742
40.857867515,0.213669322678417,0.0450911560087994,-0.0500406133014027
40.867776515,0.21407186809481,0.0358714607549216,-0.0498823974779317
40.877856456,0.214386355191031,0.0269153345103778,0.0496636818435037
40.887853486,0.21461224648523,0.0175753295327381,0.0997224222732973
40.897853741,0.214737814064666,0.00675596893431076,0.0498607138883278
40.907850821,0.214747347859259,-0.0052977865464477,0
40.91785613,0.214631845677325,-0.0176558216210509,-0.0498466079109909
40.927853815,0.214394178565308,-0.029210871331922,-0.0498473380651879
40.937858831,0.214047549352123,-0.0393081421417841,-0.0999402666598118
40.947807511,0.213609835846686,-0.0476419394510126,-0.0997305115158565
40.957854494,0.213094917186194,-0.0550759299660753,0.0497480047147577
40.967850152,0.212505968754635,-0.0626838604182154,0
40.977878603,0.211839728732639,-0.0704171813478547,-0.0997113306589813
40.987849512,0.211097670194674,-0.0775444253058216,-0.0998382703609196
40.997852684,0.210290850100482,-0.0830258857636007,-0.0997018160956916
41.00785093,0.209437034748696,-0.0867035221474372,-0.0996913718076754
41.017856048,0.208556487986885,-0.0887461881239458,-0.100081935364394
41.027776381,0.207668726925795,-0.0883483947549532,-0.0997282991501062
41.037852304,0.206789850868176,-0.0865460430918413,-0.0496703220455595
41.047850668,0.205931376818055,-0.0843497408408719,-0.0498550545855226
41.057851909,0.205102889369506,-0.0807130798293477,-0.0996958075250369
41.067853142,0.204316915537309,-0.0755488504882584,-0.099615669591634
41.077870624,0.203590498463004,-0.0687439535351984,-0.099696841575967
41.087855558,0.202941870381213,-0.0602578558639961,-0.0498752619469933
41.097862126,0.202385853416983,-0.0506342461173732,-0.0499734765731236
41.10780777,0.201931605168219,-0.0401907723172933,-0.0498777419245182
41.117852634,0.201582419461448,-0.0297134391512923,0
41.127850298,0.201336072732053,-0.0197560432482067,0
41.137869741,0.201186960629852,-0.0103642080669832,-0.0498410489085462
41.147855822,0.201128731318828,-0.00167186586401765,0
41.157852403,0.201153552299382,0.00603254702870191,0
41.167870503,0.201249470823225,0.012256174069804,0
41.177854166,0.201398697388413,0.0165218780759263,0.100165017582862
41.187779278,0.201578401176416,0.0183284736091117,-7.44172336063646e-07
41.19787797,0.201765703151581,0.0181109091339392,0
41.207856895,0.201942025073529,0.0163990985349581,0.0499159532512387
41.217853175,0.202093278506632,0.0134020993336229,0
41.227869695,0.202210238607073,0.00973941877213932,-0.0498510390050348
41.237854391,0.202288078725208,0.00562265348539916,0.0498821953432815
41.247858717,0.202322629951291,0.00110030182273963,0.0498264162871652
41.257865491,0.202310096975013,-0.0035637808365186,-0.0500549497116781
41.267778751,0.202251639315859,-0.00776289278798957,0
41.277852235,0.20215494202416,-0.0109690151383884,-0.0496626797949616
41.287855527,0.202031416855985,-0.0131539852815641,7.47879800464891e-07
41.297776775,0.201892854918258,-0.0141312739379639,0
41.307772781,0.201749960683619,-0.0144311511506608,-0.10218127326041
41.317292853,0.201611215446772,-0.0135499159038623,-7.42154038333571e-07
41.32785104,0.201477901962673,-0.0131067232822043,0.0969966990217721
41.337851932,0.201341753287382,-0.0142881285207124,0
41.347781617,0.201193131317005,-0.0155377265485341,-0.0497898261355375
41.357877738,0.20103059778984,-0.0165257049074276,-0.049676649793477
41.367853047,0.200861436787755,-0.0167606262621057,-0.0499142615562007
41.37785362,0.200695789497382,-0.01601386438678,0
41.387869319,0.200540898922418,-0.0148229593416897,0
41.397858042,0.200399264763422,-0.0135297313606587,0
41.407849326,0.200270574795124,-0.0121660956735881,0.0498709407749566
41.417851575,0.200156021528091,-0.0103155250199922,0
41.427781386,0.200064965131494,-0.00693794977420134,-0.149557889636689
41.437852352,0.20001725714182,-0.0015867770406113,-0.0496437545836441
41.447866416,0.20003309466703,0.00510247409076922,0.0498484046770018
41.457854625,0.200119318221559,0.0116715619569323,0.0498884597835205
41.467852928,0.200266368480141,0.0168091603748194,0.0996242570054759
41.477871764,0.200455789521255,0.0202731629042308,0.0498572879277337
41.487851936,0.200671811627248,0.022702031399218,-0.0499049869849194
41.497851657,0.200909373679494,0.0250643754395609,0
41.507817818,0.201172243989678,0.0278610621253058,0.0498509316186671
41.517853215,0.201466638329535,0.0312486579935137,0
41.527850254,0.201798230731019,0.0351901362248212,0.0498046637217965
41.537873055,0.202171139226334,0.0394568075736217,0.049848235212264
41.547852595,0.202587459250878,0.0439109585735956,0.049898267338484
41.55785534,0.203048580515175,0.0484227065613903,0.0498027581664724
41.567873201,0.203556911180397,0.053333241585032,0
41.577856849,0.204115325826737,0.0586232413832478,0.100143110488681
41.58778648,0.204724292141946,0.0632814382253177,0.0996330641926108
41.597872069,0.205381917734733,0.0679056326735525,0
41.607852776,0.206086906667241,0.0728012996147149,0.0499026351927562
41.617852605,0.206836526722532,0.0766407984312721,0.0996288331869992
41.627868846,0.207620954253497,0.0793191357406413,0.149523126860271
41.637858032,0.208423339902294,0.0803800343517048,0.0997979496345978
41.647850997,0.209227120237298,0.0798642486805561,-7.44590149527759e-07
41.6578706,0.210021628609783,0.0788843282281616,0.100032274292396
41.66778634,0.210799706377851,0.0766949667942457,0.0997989450784163
41.677852701,0.211554155182457,0.0735574518751517,0
41.687872228,0.212277173117781,0.0701681493050523,0.0996979856565727
41.697854738,0.212957661101078,0.0651663474150921,0.0998054951666685
41.707852719,0.213579228735811,0.0581984155628499,0.049791505107495
41.717880168,0.214123109398043,0.049659507195448,0.099716884415891
41.727851264,0.214572346625137,0.0396488462313459,0
41.737851976,0.214914968542397,0.0286120342636398,0
41.747825123,0.215143839363222,0.0169233989756071,0.0498531651132508
41.757852339,0.215253442665103,0.0047545607987338,-7.44098696283855e-07
41.76785091,0.215239053185056,-0.00767840085139626,0.0498105654003825
41.777869807,0.215099740521769,-0.0198170257856288,-0.0498445620979739
41.787854725,0.21484263706739,-0.0308576626215116,-0.099802857798598
41.797850826,0.214483172978633,-0.0401093468304496,0
41.807870762,0.214039806897186,-0.0476052750756119,-0.0498454938988902
41.817854566,0.213530889433392,-0.0533963117805787,-0.0999653159830086
41.827819458,0.212974620105954,-0.057176413151849,-0.0498138701549964
41.837870706,0.212386438343047,-0.0597586134972897,0
41.847852971,0.211777445145594,-0.0614388840328184,-0.0499010442962349
41.857851879,0.21115881737226,-0.0614945381078893,-0.099636538863597
41.867867493,0.210546661359754,-0.0599928150132305,-0.149581577809117
41.877849389,0.209959110454105,-0.0569747136604591,0
41.887853007,0.209407992422247,-0.0531162831691667,0
41.897852248,0.208896632931268,-0.0493093564180844,-0.100020604264089
41.907790527,0.208424886142474,-0.0452314496789913,0
41.917851379,0.207992043243818,-0.0412317063584375,-0.0496944683499597
41.92785506,0.207597591209599,-0.0374777027722985,-0.049853179821951
41.937852035,0.207242464602999,-0.033475407820883,-0.0498599605541712
41.947852996,0.206928152146423,-0.0293798610779398,0
41.957848687,0.206654965745215,-0.0252211536033509,0
41.967865541,0.206423412674984,-0.0208753376015051,-0.0498396388362349
41.977854777,0.206237331862379,-0.016054575872684,-0.0500344190115281
41.987793451,0.206103478531905,-0.0104811439619421,0
41.997876582,0.206027480441796,-0.00452776575043813,0.0497070414901888
42.007852609,0.20601265536333,0.00177300600466289,-0.0499094544698258
42.017854388,0.206062901211794,0.00850745976937843,0
42.027871863,0.206182968361348,0.0156584532002868,0.0498606690077594
42.037851741,0.206376028827874,0.0230594047687994,0
42.047853774,0.206643739335151,0.0304090225712398,-0.0498076019459612
42.0578704,0.206984776681251,0.0373202213505389,0.0500070138532602
42.067792903,0.207387872042968,0.0422288568773812,0.149684622683146
42.077854243,0.207828671527158,0.0443062706768568,0.0496705793767416
42.087867086,0.208277284228583,0.0439453337452231,0.0498448687081649
42.097857636,0.20870772730858,0.0411982892638942,0
42.107850693,0.209100574650305,0.0366157070826632,0.0498135146212863
42.117874218,0.209440648611888,0.0307979618618921,0.0996683224016187
42.127858683,0.209716779963258,0.0243241388911233,0
42.137852182,0.209926595382986,0.0181855193884857,0
42.147827778,0.210079928327551,0.0135143141085547,0
42.157854544,0.210196913585967,0.0112162262897579,0
42.167852626,0.210304531554137,0.0117704570732836,-0.0498100254332135
42.177872229,0.210432530887966,0.0151157787876549,0
42.187855072,0.210606884103085,0.0206040383292331,0.0499075583738996
42.197850794,0.210844170006989,0.027209135666398,0.0498000847131439
42.207877052,0.211151664873215,0.0342960123985709,0
42.217852679,0.211530154902944,0.0412190733706365,0
42.227795785,0.211972696590192,0.0464889581302273,0.0996333031307262
42.237867851,0.212460639396021,0.0494148957367964,0.0497184975490736
42.247850321,0.212963689395682,0.049161676756885,0.0996546877524943
42.257878728,0.213444407662717,0.044998162818837,0.0498468695678989
42.26785321,0.213863782651751,0.0371255192384512,0.049917567590059
42.277853287,0.214185973537151,0.0259595964429852,0.0997041190975366
42.287854166,0.214382999397985,0.0127057075466016,-0.0498550495999188
42.297852894,0.21444008269474,-0.00137185858897037,-0.0499092446181263
42.307832056,0.214355592557999,-0.0152719134273042,0
42.317856914,0.214134583033102,-0.028440426558359,0
42.327885828,0.213785254728215,-0.0407633068671663,-0.0997420940846611
42.337850255,0.213319588338619,-0.0517784718577704,-0.0499365436504186
42.347853095,0.212751380155779,-0.0613342953321308,-0.0498484819333648
42.357852497,0.212092764920486,-0.0697982478210781,-0.0498122376310376
42.367869891,0.211354242867987,-0.0772379795455023,-0.0498531598813572
42.377853161,0.210547954043558,-0.0835078920077639,-0.150093558144692
42.387799188,0.20968998928632,-0.0874572633610143,-0.0996337533361477
42.397868093,0.208797502864481,-0.090015140153013,-0.0497045512025079
42.407859351,0.207884270902383,-0.091893678411111,-0.0997823913322729
42.417853509,0.206960969473665,-0.0923028075223621,-0.0996571206756104
42.427869889,0.20603724206495,-0.0918482613327367,0
42.437853655,0.205123990837164,-0.0900123135128525,-0.149671346892081
42.447855405,0.204238299533042,-0.0859345486354432,-0.149459976978517
42.457867435,0.203404115686375,-0.0799132630168908,-0.0999793438645421
42.467801153,0.202644369727049,-0.0716620565623787,-0.0997875807894651
42.477851513,0.201972015558392,-0.0626900849311982,0
42.487870955,0.201386192135117,-0.0548082951496504,0
42.497850439,0.200875908519508,-0.0479162964668745,-0.0498927958971157
42.50785573,0.200428595731393,-0.0418987283994722,0
42.517870876,0.200037077667206,-0.0363119760914051,-0.0997310102791059
42.527851293,0.199702517325803,-0.0303983264207756,-0.149660680081418
42.537857916,0.199429505101101,-0.0244152614213847,0.0498972235619889
42.547833996,0.199214634408152,-0.0193246458852549,0.0498635739453937
42.557854104,0.199043085848946,-0.0158541995148433,0
42.567850928,0.198897281974549,-0.0138362041230663,0
42.577882203,0.198765972982985,-0.0129401703454629,-0.0516421028793423
42.587158457,0.198647439260339,-0.0114575952359741,-0.103725776322122
42.597107538,0.198545696876279,-0.00931193712382953,0
42.607169201,0.19846110047041,-0.00806153245907352,0.0498903801668871
42.617092982,0.198384583570764,-0.00796019612984021,0.0499428233395473
42.627133659,0.198302179469104,-0.00899378690264625,7.45004223422851e-07
42.637094427,0.198204694836689,-0.0104588214615574,-0.0499729100639313
42.647085799,0.198093503599068,-0.0113279738868935,-0.049966189642959
42.657049847,0.197978640360027,-0.0110896890907505,-0.0498796500840366
42.667075841,0.197871820248377,-0.00957426616218628,0
42.677847452,0.197779518554221,-0.0082760424276181,0
42.687850351,0.197699889522204,-0.00773745874950403,0.049844689057664
42.697851515,0.197624737941936,-0.00775049056952625,0
42.70780338,0.197545243759106,-0.00842133464582978,-0.0498457555401941
42.71785515,0.197456280637468,-0.0094640118540877,0
42.727850725,0.197355515448383,-0.0107465444177269,0
42.737854148,0.197241360517151,-0.0120857187969135,0
42.747850523,0.19711380351376,-0.0131945998584853,0
42.75790316,0.196976821826253,-0.0136609265065614,-0.0496975173939355
42.767913825,0.196839720219659,-0.0131035632641297,-0.0498371352824978
42.777910255,0.196714657591189,-0.0114405467534009,0
42.787861304,0.196611510153547,-0.00897950316635458,0
42.797902176,0.196535140073268,-0.00625000442010375,0
42.807909708,0.196486207539931,-0.00361606652082352,0
42.817913188,0.196462778922727,-0.00130744335438341,-0.049864494120692
42.827905527,0.196460064139264,0.000211459628574818,0
42.837917201,0.196467008963886,0.000188544048185555,0.0498748877263335
42.847897179,0.196463833446262,-0.00204909978362949,0.0498804735218352
42.857906913,0.196426048049352,-0.00650029350629017,0.0499231223183562
42.867869814,0.196334005456668,-0.0121989788155415,-0.0498031168807765
42.877927674,0.196181815210042,-0.0177123529119227,-0.0497977691717792
42.887892725,0.195979352590712,-0.0217409879916775,-0.0499079730544909
42.897906073,0.19574746507729,-0.0233718064731666,-0.0498086394881259
42.907910967,0.195511490112755,-0.0226047302857548,-0.0498515649070689
42.917907078,0.195295347753821,-0.0197225344492144,0
42.927910293,0.195117052716759,-0.0153639978140409,0
42.937922994,0.194987823264151,-0.0101511369605822,0
42.947872328,0.194914415365462,-0.00445733495853992,0
42.957225774,0.19490178430806,0.00193896759646834,-0.0497615160164824
42.967909527,0.194953266845047,0.00805089619853734,0.0482436533791223
42.977893392,0.195068177155249,0.0144458211142583,0.0498782434388984
42.987899834,0.195242043243988,0.0201191689046141,0
42.997905977,0.195470813733082,0.025507514405443,0
43.007911669,0.19575249541353,0.0306595990843192,0.0497756335049335
43.017937493,0.196084971982693,0.0357228001524809,0.0499666998864239
43.027866587,0.196465340961303,0.0404418414376108,0.0499579807343646
43.037896192,0.196892138522952,0.0449867929449607,0
43.047899029,0.197366536281739,0.0498267650699732,0
43.057894198,0.197888574469782,0.0541878503516754,0.0996363347573131
43.067913592,0.198451082426437,0.0574247430616414,0.0995192708876229
43.077932304,0.199039257558274,0.0592432840727851,0.0498501540168462
43.087915462,0.199636058892834,0.0594012429423584,0.0499178899705321
43.097906734,0.200225763527339,0.0580532593894174,0.0999182887080148
43.107873547,0.200794690778255,0.0555310148641885,0.0499903463337037
43.117852511,0.201333372766404,0.0522032774638208,0
43.127855265,0.201837801947213,0.0485040191322395,0
43.137877615,0.202304670793945,0.0443371740237279,0.0996916010597812
43.147858583,0.202724692538431,0.0389822562447124,0.0998293626915289
43.157853329,0.203083369195764,0.0321508845393004,0
43.167869998,0.203368077231564,0.0243597960709359,0
43.177877709,0.203571159009011,0.0160397748241449,0.0500007597237661
43.187811621,0.203687936374112,0.00733426092982545,0.0498912730540378
43.197863094,0.203717737037384,-0.000993537922972727,-0.0497451170740771
43.207855725,0.203668021796656,-0.0082699102813612,-0.0997208436213738
43.217860845,0.203552357430785,-0.0142856977857928,0.0498183853119855
43.22787035,0.20338209891261,-0.0193223395357782,0.0997532371401109
43.237852102,0.203166079575284,-0.023088300706363,-0.099790754906715
43.247854091,0.202920708291164,-0.0246313845728717,-0.0996276563768306
43.257868558,0.202673046549762,-0.0234582339896312,0
43.267811958,0.202452531977144,-0.0196428554517591,-0.0503479557022558
43.277672369,0.202284043152895,-0.0139333510239513,-0.103115978627688
43.287150986,0.202183074511558,-0.00671122281271132,0.0494026776822274
43.297855109,0.202148592287784,-0.000991525937719809,0.0963129215998131
43.307856025,0.202162544928348,0.00263694190054123,0.0498588984500271
43.317853471,0.202201326806484,0.00431859473326129,0
43.327854967,0.20224891225394,0.00519033076286707,-0.0516751657345417
43.337148935,0.202301476646867,0.00568984355971814,-0.0499553912477753
43.347814104,0.202362476621057,0.00638113460126415,-0.0486424655627825
43.357646796,0.202432276256946,0.00687673182974111,0.0995255850919405
43.367850789,0.202500263530559,0.00597181188424922,0.102237002832536
43.37715209,0.202548758203461,0.00329918633792262,0
43.387854146,0.202566258332686,0.000338354616509632,-0.0481698683067107
43.397851366,0.202555761899054,-0.00178965463485049,-0.0516788742536002
43.407147937,0.202531729110199,-0.00217537020558221,0
43.417856275,0.20251224381605,-0.000949866227124541,-0.0498778117865993
43.427138417,0.202512740828383,0.00143714390013305,0
43.43785372,0.20254098302215,0.0040028544834068,0.0962772518867976
43.447851127,0.20259565079247,0.00687717080763556,0.0516801733701798
43.457147026,0.202673666382956,0.00919515392371987,-0.0498378228179555
43.467857647,0.202779613823348,0.0125890403162098,-0.0498716447158096
43.477139978,0.202925358461724,0.0171450148402964,0.0498693499170137
43.487851519,0.203122409055503,0.0226094908785678,0
43.497133234,0.203377395800889,0.0284482102493131,0
43.507819723,0.203690468721196,0.0338168540934404,0.0996905518619882
43.517136912,0.204053857261147,0.0381446840259315,0.0497768694064434
43.527851041,0.204454557016929,0.0411989224992928,0
43.537156522,0.204878643622003,0.0428210818031151,0.0498613621724204
43.547848116,0.205310853401327,0.0428220412754511,0.0998715047101959
43.557123807,0.205733683524432,0.0410303281079331,0.0498446044578022
43.567851914,0.206131615796672,0.0380384843651389,0
43.577151795,0.206495517832835,0.0345150775309007,0
43.587822831,0.20682091354529,0.0303628456233045,0.0498387669232922
43.597158235,0.207102970282027,0.0256607861111987,0.0497761785992916
43.607854427,0.207334940045712,0.0205064527372097,0.0500510401090089
43.617079825,0.207511491425812,0.0149767219977378,0.0498665835199528
43.627849707,0.207634403795539,0.0102313260120448,-0.049707975162224
43.637138906,0.207716722423025,0.00728055043105502,-0.0498526688488572
43.647850568,0.207780021072714,0.00646584133189815,0
43.657108572,0.207845843114832,0.00745294592619501,0
43.667821476,0.207928863170135,0.00947130191542982,0.0498362086577501
43.677116039,0.208035339875352,0.0118648895557609,0.0497699100282336
43.687855595,0.208166565779417,0.0144644774068927,0
43.697107755,0.208324509599759,0.0173903109059275,0
43.707850994,0.208514291984715,0.0208023300874285,-0.0498266903308863
43.717119044,0.208740791039012,0.024313330694081,0
43.72785365,0.209000623174803,0.0268347972954672,0.149590359856588
43.73711538,0.209277388662224,0.0274217097044357,0.0499310861520395
43.747822801,0.209548211436569,0.0258187947420282,0
43.757122296,0.209793943119849,0.0227029928547147,0.0497891274997337
43.767848888,0.210002863546638,0.018860288969602,0
43.777108014,0.210170879536594,0.0149078479509196,0
43.787854461,0.210301103587093,0.0115259025267357,0
43.797124323,0.210401585563073,0.00906877801132272,0
43.807853837,0.210482473488402,0.00761267496989094,0
43.817116717,0.210553781160465,0.00713208977212359,0.0499338403019148
43.827822185,0.210624889538939,0.00758832891110727,-0.0498449782241739
43.837120365,0.210705575420911,0.00896162583362547,0
43.847853675,0.210804404257209,0.0110052018082779,0.0498686191178283
43.85711453,0.210925615241724,0.0131944325299857,-0.049852663863805
43.867854538,0.211068304294604,0.0150084933904735,0.0499541763607284
43.877074749,0.211225188056658,0.0157027163319995,0.0498642642843447
43.887850748,0.211382299107949,0.0143692574464852,0.0479920180418
43.897850733,0.211523723519458,0.013318712909031,0.0517347469912448
43.907123702,0.211638990049184,0.010491662711982,0
43.917456016,0.211729415536067,0.00823005137606523,-0.0480962088262415
43.927854679,0.21180960705497,0.0088188291864183,0
43.937112099,0.211902759174518,0.0117733227844472,0.0518345569239554
43.947090522,0.21203607684364,0.0162501564480257,-0.0480684125419777
43.957855064,0.212239835600964,0.025408251092729,0
43.967090524,0.212544241916311,0.0366063704645514,0
43.977860681,0.212972168628238,0.0493429885313955,0
43.987091651,0.213531157296487,0.0642899009088347,0.103829885233532
43.997066739,0.214206924193907,0.0682513757466487,0.0951070404505703
44.00805937,0.214962232964506,0.0766030591371721,0.0995496139630375
44.017098887,0.215741448011796,0.0764799821438097,0.100735277075547
44.027855442,0.216476236197584,0.0674762312604811,0.149425378956252
44.037117301,0.217092215144328,0.0542253917931136,0.103677260269698
44.047090061,0.21751924094885,0.0293731081803926,0
44.057861199,0.217701527904365,0.0040875707115632,0
44.067108795,0.217601068939631,-0.026220449103323,0
44.077109901,0.217196818293269,-0.0560744460108101,0
44.086975782,0.216487038649702,-0.082090278351985,-0.144197574676016
44.097854175,0.215493915066399,-0.106619769656947,-0.191045808260815
44.107852217,0.214261197958744,-0.137998049529794,-0.103866494544679
44.117053607,0.212844430898319,-0.147820100142566,-0.149563306376451
44.12785217,0.211304802903438,-0.156804445365259,-0.249151253046382
44.137063227,0.20970683353225,-0.159893354265826,-0.199653620731048
44.147828544,0.208110713458509,-0.156811455825639,-0.0497596546427149
44.157101475,0.206564606691175,-0.149998316705889,-0.149405444213064
44.167849629,0.205107584409883,-0.139472209015065,-0.199445552674387
44.177098689,0.203775551080448,-0.125424927275511,-0.149541757358546
44.187852464,0.202598730284704,-0.109269061687576,-0.0999404314411941
44.197052203,0.201595249328298,-0.094985363648796,0
44.207096854,0.200770794902355,-0.0707558252938667,-0.0959887693517271
44.217827473,0.200125277953745,-0.055680209143569,-0.0997007267375936
44.22709864,0.19965709127463,-0.03816638069541,0
44.237853346,0.199360962861069,-0.0215806510726335,-0.0499203841865528
44.247072072,0.199226051607915,-0.00632762744992457,-0.0498567098609946
44.257852287,0.199234417013028,0.00656355333924494,0.0497972786417816
44.267094881,0.199357472382788,0.0167145531917739,0.051806412744725
44.27709858,0.199556110201121,0.0214542588644623,0.0498707013181585
44.28708851,0.199786420874994,0.0216970871994626,0.0480341663907114
44.297856644,0.200006499725821,0.0197863148406639,-0.0501360884898798
44.306976306,0.200179927068137,0.0139317881885372,0.051903232941169
44.317067035,0.200274134824252,0.00396993251058793,0.0496090912554426
44.32707537,0.200259718995743,-0.00770272877046604,-0.0479701271520367
44.3378525,0.200114030024989,-0.0219016686397497,0
44.347013751,0.199823035181868,-0.0381376185171411,-0.051847592789385
44.357083794,0.199380594270826,-0.0515969369173952,-0.0497099403560722
44.367072039,0.198788088961261,-0.0662689722613368,0
44.377074096,0.198055857502092,-0.0790152209169076,-0.0997033391806142
44.387073002,0.197207708451265,-0.0886303693354838,-0.149539768761501
44.397077197,0.196282975272607,-0.0938531150582351,-0.0997613145133084
44.407062491,0.195331632640193,-0.0938167271697182,-0.149588886136085
44.41707373,0.194406965991806,-0.0885943094953212,-0.0996539009146046
44.427073526,0.193558768812081,-0.0788077235981555,-0.0497864930019033
44.437101176,0.192828648563061,-0.065494143527536,-0.0997231802723576
44.447070659,0.19224907371324,-0.0492916251155859,0
44.457077683,0.191843974068898,-0.0308736061979353,0
44.467073322,0.191631519372868,-0.010829369908704,-0.099632737840413
44.477092819,0.191627222757381,0.0104405071361563,7.44941354914572e-07
44.487076455,0.1918403622257,0.0320343139732108,0.0498957220139436
44.497076422,0.192267383770199,0.0524790170849268,0.0498481454961137
44.507078832,0.192890067310022,0.0705306629371036,0.0997622459505041
44.517065575,0.19367723198284,0.0848754928407795,0.0997009537435643
44.527080423,0.194587712203747,0.0948494066637385,0.149483175731723
44.537076249,0.195575232538682,0.100330927798671,0.149438607037721
44.547097065,0.196596000467021,0.102001728893645,0.0498378502020454
44.557083057,0.197615961544325,0.100827856383927,0.0499010592806787
44.567078232,0.19861065870368,0.0971580006232745,0.0997442872260905
44.577075809,0.199558417355602,0.0913152501873628,0.0997968858483882
44.587060596,0.200435353271675,0.0829485905494366,0.149627968254842
44.597067119,0.201216668343339,0.0724248323900704,0.0997385900879416
44.60705449,0.20188340769345,0.0607407219465045,0.0499215301391249
44.617040391,0.202429859304253,0.049226157859303,0.0499199105696378
44.62702841,0.202866647032439,0.0393882870830686,-0.0498129472241231
44.637057201,0.20321828716302,0.03227703173936,-0.0497389357207635
44.647075005,0.20351369161552,0.0277403224341886,0.0498494262832584
44.657059363,0.203773153586281,0.0244763108794243,0.0997125565760315
44.667074418,0.204003203465514,0.0214832690582031,0.0498437746101726
44.677063793,0.204202914138327,0.0185302031160841,0.0498896687213209
44.687060147,0.204373543083307,0.0160366728990069,-0.0498744830086219
44.697055906,0.204523521115068,0.0146478694940102,0
44.707030932,0.20466607253568,0.0145735053784647,0.0499243171443667
44.717028063,0.204814585452527,0.0157141329444487,-0.0497878197858054
44.727057545,0.204980773394789,0.0178159417650553,0
44.737056484,0.205171410634709,0.020220576375716,0.0998165006895635
44.747035833,0.205384745893149,0.0221447215873942,0.0498437497998017
44.757060625,0.205614396767749,0.0235116522879202,-0.0498042855843262
44.767055825,0.20585544898386,0.0244651763347198,0.0498637460081179
44.777056744,0.206103605345094,0.0247958903143576,0
44.787059227,0.206351451145766,0.0241975290419617,0.0498875661934455
44.797043614,0.206587238212377,0.0222699910946799,0.049909392013782
44.807037058,0.206796357264227,0.0188480389333486,0
44.817054995,0.206964413500575,0.0141465900637505,0.0498095903886488
44.827055217,0.207079545953431,0.00848811878385321,0
44.837066149,0.207134270552729,0.00237641401859774,0
44.847056903,0.207127078240437,-0.0035838123038981,0
44.857061343,0.207062611530453,-0.00883032836019069,-0.0498485739647959
44.867059407,0.206950449562091,-0.0130291150828994,0
44.877031634,0.206802416310775,-0.0159819017952282,0
44.887055513,0.206630873759712,-0.0176444547116005,-0.0497925568827484
44.897056641,0.206449085981664,-0.0180041204379454,0
44.907057648,0.206270752912156,-0.0170790065780048,-0.0499905265891006
44.917002048,0.20610843824431,-0.0149826246320403,0
44.927001857,0.205971936315126,-0.0119456701706104,0.0497376068548648
44.937048879,0.205868965413218,-0.00819753363405946,-0.09970046296074
44.947003397,0.205807973018243,-0.00363255662516553,0
44.957060971,0.20579627035584,0.00146578600671199,0.0996998648076303
44.967005057,0.205837291171582,0.00695616855100984,-0.0500833766883658
44.976969401,0.205934756750506,0.0128554935654243,-0.0498533196557496
44.987005358,0.206094404912394,0.0191254292542608,0.0497696407296576
44.997003329,0.206317914223155,0.0251911671410952,0
45.007003916,0.206598191929553,0.0300376999863654,0.0498541818581502
45.017003583,0.206918675852458,0.0328042153917028,0.0498620104733711
45.027000731,0.207254171755961,0.0328592277246931,0.0500293599386653
45.036933806,0.207573567588619,0.0295551746251661,0.0997681140809769
45.046989007,0.207844928743597,0.0233513766022516,0
45.057005125,0.208042260517492,0.0152071671273237,0
45.067002006,0.208149269764109,0.00578476589486378,0
45.077012721,0.208157999776471,-0.00406970290541555,0.0499114306598977
45.086979021,0.208067969248122,-0.0134805524062297,-0.049899210333698
45.096994927,0.207888628601296,-0.0214408338768034,-0.0995639000032445
45.107008145,0.20763852812774,-0.0274986451354403,0
45.11700528,0.207338371005114,-0.031587793500575,0
45.12700543,0.207006858018588,-0.0337634879201154,-0.0498387743967114
45.137011717,0.20666288391114,-0.033929890776827,0
45.147001463,0.206328394802928,-0.031739625574911,-0.099826019451473
45.1569881,0.206028840994379,-0.027000838596263,-0.0996613315500983
45.167011006,0.205788120362,-0.0204158779413705,0.049810152336889
45.177005734,0.20562016342196,-0.013122927974129,-0.0499125399931913
45.186987577,0.205525969259597,-0.00621620887119509,0.0498499996957262
45.197007367,0.205495829093467,-0.000529205275552974,0.0996113326227819
45.207007014,0.205515374867923,0.00392264742730375,-0.0997154639972376
45.217005898,0.205574276279644,0.00759231305001816,0
45.227011421,0.205667254588247,0.0107535529658569,0.0499489254550743
45.236967917,0.205788938908266,0.0131845499329148,-0.0998243254287544
45.246988143,0.205930638676952,0.0143222746594067,0.0498816220621413
45.25695687,0.206075226183286,0.0132384342820379,0.149432298772242
45.26700563,0.206195638863093,0.00950218885800637,0
45.276958675,0.206265287111897,0.00366715098832726,0
45.287001944,0.206268968365741,-0.00305623290551423,-0.0498771905198664
45.296949404,0.206204190788122,-0.00973176430192787,-0.0998109066726737
45.306981501,0.20607453202616,-0.0161092227494601,0.0996282906487528
45.316965583,0.205881745702018,-0.022402081237094,0
45.326951296,0.205627167056282,-0.0281825914916791,-0.0997651824469039
45.336954297,0.205318411940912,-0.0328741431401308,0
45.346959682,0.204969408510915,-0.0360271291777088,0
45.356926466,0.20459887202839,-0.0368706475023463,-0.0997387217930646
45.366953699,0.204232216157952,-0.0349690741053452,-0.0995788151061353
45.37695259,0.203898577014191,-0.0304767543953907,0
45.386961479,0.203622443960895,-0.0239351477717509,0
45.396950959,0.203419913096982,-0.0160375841870721,0
45.406959686,0.203301721032542,-0.00717803199704413,-0.0497661491466257
45.416986592,0.203276096682227,0.00227782014838011,0
45.426934463,0.203347219982052,0.0118368564237947,0.0498022487327086
45.437007702,0.203513083686742,0.0209577603697493,0.0496665168243407
45.447010288,0.203767964311627,0.0296904659436598,0
45.457007352,0.204106882613952,0.0379113685441867,0
45.466993037,0.204525537673492,0.0454093422400924,0.0498136166545852
45.477023893,0.205015820574684,0.0518035840879977,0.0498199980515382
45.487006715,0.205562317924675,0.0563888968410963,0.0997921099673342
45.497007064,0.206142649542761,0.0584761721557873,0.0996985412307934
45.50700879,0.206731962705848,0.0584053261951547,0.0499139180766496
45.516983382,0.207309372911729,0.0564798787003042,0
45.526985041,0.207860218939215,0.0531178901560208,0.0995681752092241
45.537011646,0.208373232038897,0.0489100532845568,0.0497973414046731
45.547008124,0.208839548995666,0.0441946760883826,0.0499665521520837
45.556966623,0.209255135783763,0.0392176064249679,0.0996768064922736
45.567014411,0.209624147685257,0.0353414942168174,0
45.577003689,0.209963275635924,0.0339838442389808,-0.050012371607435
45.586951106,0.210301673222777,0.0354212722839698,0
45.597016597,0.210672158299386,0.039938211858291,0.0498144126942574
45.606967028,0.211101073356152,0.0465748718368346,0.0498296858956554
45.617026683,0.21160412549028,0.0543687358770724,0.0997781809010963
45.626953138,0.212187692891952,0.0626163414834807,0
45.636944367,0.212851297993184,0.069901649704169,0.0498509143853168
45.646954404,0.213585814381524,0.0758395830350424,0.0996644569648937
45.656953133,0.21436875446367,0.0788954578375976,0.0997256210158585
45.666951197,0.215163470520543,0.0777469332078517,0.149526597510489
45.676957996,0.215924071211163,0.0719938664257549,0.099653270805456
45.686962209,0.216604140645515,0.0620695951499178,0.0498787867511527
45.696948384,0.217164866501213,0.0486819614499836,0.0498325099127921
45.706970862,0.217578201119527,0.0330087266062611,0.0496944934754804
45.717012607,0.217827160952787,0.0163569548501759,-0.049879673184448
45.726960596,0.217905172296032,-0.000749381026419826,7.46064765125499e-07
45.736985621,0.217812193555055,-0.0176850113634631,0.0498937346139813
45.746944995,0.217551747972625,-0.033921877285672,-0.0498853148878221
45.756973393,0.217134170806057,-0.0485911912358526,-0.099653037052818
45.766956353,0.216579372249158,-0.0610565748241938,-0.0996468049949544
45.776985853,0.215912278544651,-0.0711874645474311,-0.0498620329148527
45.786953159,0.215155850330971,-0.0791578794378162,-0.0498544388710532
45.796985705,0.214329132671261,-0.0853114824138472,-0.0997235592762089
45.806950216,0.213449871754387,-0.0898176459301585,-0.099887723935367
45.816949897,0.212535995942923,-0.0921374106984938,-0.0498120808546396
45.826967075,0.21160557019581,-0.0929850291577084,-0.0998433039946214
45.836922971,0.210678799074664,-0.0914293807727892,-0.149731357760697
45.846944581,0.209779039192845,-0.087282849512039,-0.0994396776267378
45.856976966,0.208928429246964,-0.0817674689305165,-0.0995842900699526
45.866969604,0.20814164374686,-0.0753822491782902,0
45.876934864,0.207423958006853,-0.0683383048504222,-0.0498947058235508
45.886953614,0.206775970379346,-0.0611394312689733,-0.149205092979994
45.896982933,0.206198230470152,-0.0544038305126223,-0.049849959819011
45.906955263,0.205687804057177,-0.0482671053433556,0
45.916972556,0.205233389231037,-0.0435192700513182,-0.0498303980176298
45.926964764,0.204817005179566,-0.0408258505887564,0
45.936932173,0.204418520889586,-0.0398691799711994,-0.0498411062099862
45.946970265,0.204019402259783,-0.0406607724914761,-0.0498197839728754
45.956945937,0.203604745784884,-0.042891290097106,0
45.966914476,0.203163969320024,-0.045740039528291,-0.09991067026321
45.976905693,0.202691785756469,-0.048887226655359,-0.0498962713232717
45.986897859,0.202187037145962,-0.0520261425011055,0
45.996913987,0.201650831401621,-0.054772638078641,-0.0497494753478327
46.006939608,0.201089297681522,-0.0565976644386737,-0.0995389485685774
46.016947982,0.200516954075245,-0.056885357582583,-0.0999153056692188
46.026898438,0.199953932500042,-0.0549740195953686,-0.0997658013440962
46.036936572,0.199418100936901,-0.0517909866375119,0
46.046894237,0.198918330341227,-0.0482158515861356,0
46.056907422,0.198455189397252,-0.0444488164576332,-0.0497525982673206
46.066934728,0.198027554235047,-0.0408300814265877,-0.04976605122171
46.076942795,0.19763714348625,-0.0369601500222086,-0.0498526090282967
46.086935613,0.19728831852487,-0.0325115408955694,0
46.096938004,0.196987068431131,-0.0273185546592845,-0.0498353567911923
46.106943422,0.196741734101091,-0.0212767348786789,-0.0996736652648202
46.116945071,0.196561383370872,-0.0145785223001419,0.0498884123575496
46.126929953,0.196450360013205,-0.00766160351705316,0.0498367865506388
46.136952007,0.196408098159649,-0.000746411295331892,-0.0498493465329347
46.146932147,0.196435430149672,0.00644367158727101,0
46.156923736,0.196536789422355,0.0140406752029529,-0.0499629492071142
46.166888563,0.196715631704943,0.0215546797763368,0
46.176881983,0.196966983045337,0.0278495910724499,0.0997503162482961
46.186880256,0.197272392179839,0.0317788736138426,0.0498424964332645
46.196886926,0.197602717600586,0.0326285587460153,0.0498393399312879
46.206886167,0.19792515622217,0.0304007294312956,0.0998639126204788
46.216855729,0.198209783777656,0.0255498386712409,0
46.22688924,0.198436231510249,0.0193713376091221,0
46.236850417,0.198597107629293,0.0129861632483876,0
46.246886736,0.198695922257864,0.00725335350703137,-0.0498007457996301
46.256871832,0.198742330029999,0.00257200104757045,0.0499122701508033
46.266863415,0.198747302297179,-0.000949701532520096,0.0498845019886412
46.276859631,0.198723347586657,-0.00288351133128244,-0.0497790048359456
46.286893275,0.198689545968905,-0.00257371405255168,-0.0498346244473208
46.296867136,0.198671853989882,0.000371032384443034,0
46.306863203,0.198696955458908,0.0056909046978368,-0.0498146793191394
46.31688325,0.198785763787077,0.0125269261675065,-7.45343181011868e-07
46.326855552,0.198947398138746,0.0194596292654695,0.0499032520982988
46.336863539,0.199174572803634,0.0247986851067488,0.0497700009510882
46.346889335,0.19944420961486,0.0274402478119498,0.0997010185440931
46.356865117,0.199723421060584,0.0267497714922171,0.0499063108330889
46.366868698,0.19997865300967,0.0229731279280897,0
46.376883855,0.200183314089617,0.0170409922439026,0
46.386855551,0.200319248816623,0.00953865434720477,0
46.396866245,0.200373919200858,0.000920816880991449,0
46.406852634,0.20033766246822,-0.00850316503270586,0.0498838798488401
46.416854592,0.200203954987586,-0.0181621875842034,0
46.42686457,0.199974201932665,-0.0270041742845189,-0.0993411389587095
46.436928779,0.199661868143218,-0.0341650452549992,-0.0497373279769672
46.446911813,0.199289286968332,-0.0390658283027705,-0.0498723736432639
46.45692114,0.198880850001025,-0.0414773371458769,-0.0497949229148084
46.46693527,0.198458767291517,-0.0419247251232336,0
46.476923777,0.19804224494306,-0.0404907752435522,-0.0498959192645481
46.486918794,0.197649618912659,-0.0370409007794354,-0.0497844794936313
46.496952033,0.197300380299779,-0.0317828921408577,-0.049861561275491
46.506916088,0.197014047074348,-0.0247174091064933,-0.049932372463775
46.516920968,0.196806799963963,-0.0162815454496963,0
46.526932975,0.196688141218896,-0.00728108508405087,0.0498702298943192
46.536914786,0.19666122327395,0.00199373070461161,0
46.546905389,0.196727960833933,0.0115329906607212,-0.0497829980532503
46.556943638,0.196892215837011,0.0213970653884737,0
46.566896375,0.197155709268555,0.0310513973580854,0.049963470565689
46.576900144,0.197511893234696,0.0394453107917239,0.0995702913467766
46.586924363,0.197945719479748,0.0462527427636565,0.0497205942620378
46.596954134,0.198439445275551,0.0515909624483161,0.0498241130126915
46.606936089,0.19897814368434,0.0556235570511868,0.0498818074021869
46.616942714,0.199551281195553,0.0586695461571154,0
46.626921212,0.200150661780644,0.0607455992738604,0.0499045648669603
46.636922776,0.200764982035272,0.0612639497097045,0.149494703095936
46.646930343,0.201376500175963,0.0600957216976214,0.0997258661690921
46.656919221,0.201966682828934,0.0574818579373185,0.0498662692883071
46.666925749,0.202525873263054,0.0544032528113048,0
46.676955604,0.203056727238707,0.0521178748041602,-0.0498835404430177
46.686914232,0.203567630517573,0.0503489176942356,0.0999401169071228
46.696909479,0.204061383248763,0.0480840426432008,0.0995394871670665
46.706948418,0.204530955171519,0.0451586645602937,0.0498332869758661
46.71691782,0.20496493320839,0.0411912695165472,0.0499300610045555
46.726917979,0.205353526740797,0.0362702088459075,0.0497842624553856
46.736945864,0.205691354547045,0.0312558493641352,0
46.746913669,0.205978509015369,0.026402768371426,0
46.756918305,0.20621868228058,0.0217682264409217,0
46.766936574,0.206414372145414,0.0172227434796017,0.0498610251969386
46.776915814,0.206563094248318,0.012292404208856,0.0998553927867557
46.78690723,0.206659859521282,0.00708758502244517,-0.0499325399980115
46.796884682,0.20670462529807,0.00221645862174583,-0.0498385900532439
46.806913741,0.206704203125079,-0.00192936024284858,0
46.816920952,0.206665968115317,-0.00551831714874805,0.0498544610395741
46.826913883,0.206593835998503,-0.00871803298827439,0
46.836914206,0.206491666267402,-0.0113207901502099,-0.0498465828431032
46.846917186,0.206367382802929,-0.0130067760903125,-0.0497710791622642
46.856947555,0.20623109698262,-0.0138753435397998,0
46.866928317,0.206089721485684,-0.014348515384824,0
46.876921001,0.205944507685401,-0.0148367861080659,0
46.886947281,0.205792704398711,-0.0156919961708176,0
46.896921618,0.205630658080023,-0.0168100784108894,0
46.906914022,0.205457061916891,-0.0176859527422053,0
46.91695228,0.205276396738496,-0.0178508635379881,-0.0996730898543596
46.926921055,0.205099919101008,-0.0168456759595118,-0.0499510749357229
46.93691344,0.20494013750536,-0.0147965536715659,0.0498340042863797
46.946929108,0.20480386887093,-0.0122904739041255,0.0498337303111741
46.956921603,0.204694227700139,-0.00919413520150445,0
46.966920557,0.20462006478595,-0.00459766370627695,-0.0497846651465177
46.976949485,0.204602146233954,0.00245872369343414,-0.0997265764491074
46.986917009,0.204669230536267,0.0122250135388879,0
46.996919658,0.204846281869253,0.02378310044182,0.0498561661083484
47.006916467,0.205144879654663,0.0357749875748836,0.0498397210925071
47.016925416,0.205561987613129,0.0469612824374339,0.0996965501724785
47.026918792,0.206084214488393,0.0565978950570941,0.0996205115986092
47.036943158,0.206694949674125,0.0648054412837994,0
47.046923489,0.207380627705227,0.0718071850681835,0
47.056907028,0.208128498981892,0.0768001132972932,0.099650905733762
47.066935275,0.208917535137308,0.0791992713136455,0.0996526360240319
47.076918317,0.209713378488739,0.0778205326651822,0.14977064185168
47.086907541,0.210471787515959,0.0716109106393428,0.0995894274362486
47.096942307,0.211147314647272,0.061431953921705,0.0498117473970265
47.106924534,0.211701470507586,0.0478869112273143,0.049805977296516
47.116961619,0.212105977663848,0.0319868612320438,0
47.126945972,0.212341893466558,0.0145623956417903,0
47.136913667,0.212396527280688,-0.00403809608825191,0.0499094919435413
47.146923763,0.212261221226869,-0.0231346978582603,0
47.156896083,0.21193424012405,-0.0417581072305454,-0.0498676962962082
47.166918298,0.211426287290314,-0.0585111817442224,-0.0498258112393543
47.176907426,0.210763352796831,-0.0720073485535606,-0.0997433313139009
47.186911391,0.209986637673999,-0.080594386936028,-0.0996382962035081
47.196921595,0.209150323116242,-0.0834665394012022,-0.149476101813731
47.206923012,0.208316336921321,-0.0801252856402816,-0.0996173316458013
47.216939976,0.207546344620561,-0.0710727236896465,-0.0498593621800764
47.226921188,0.206895012084176,-0.0570054128016654,-0.0997985339775135
47.23692201,0.206407260523774,-0.0389301674802077,-0.0498119862915874
47.246938085,0.206115750931532,-0.0184187080899378,0.0498684395390567
47.256916247,0.20603899250899,0.00337941134684615,-0.0498400449595317
47.266943713,0.206183358177796,0.0252077547649189,0
47.276923189,0.206543322596522,0.0457916805235324,0.0499654929976014
47.286899113,0.207097149479315,0.0630400771228688,0.0498809925511361
47.296912693,0.20780346247033,0.0752443840508816,0.199270489090372
47.306913895,0.208603149422818,0.0812260288896268,0.099660425072787
47.316922418,0.209428772971253,0.0805541925047753,0.0995966843097312
47.326936426,0.210216048239425,0.0741426272504723,0.0997654469746169
47.336911079,0.210910784813012,0.0628185277811511,0
47.346917998,0.211471261175218,0.0476909226181862,0.0497897938138647
47.356936898,0.211865834597307,0.0299638074708465,0.0996897371709381
47.36692169,0.212070647951012,0.0103921541672738,0
47.376910054,0.212073398713666,-0.00968018691456411,-0.049854314234335
47.386921592,0.211877045161379,-0.0287305410328069,0
47.396923591,0.211498398967676,-0.0456017582922552,-0.0997636152738005
47.40691062,0.210965510338026,-0.0591769131209668,-0.0995958735167454
47.416946285,0.21031351774439,-0.0693943519622382,-0.0498824505684438
47.426899241,0.209578412937112,-0.0761923299084404,-0.0999471935940591
47.436898449,0.208793315882515,-0.0795280757153492,-0.0498542070472633
47.446899186,0.207987855796849,-0.0801750249932091,-0.0996369896651585
47.45691303,0.207188646350611,-0.078362510641542,-0.0996015772414437
47.466920883,0.206418905352625,-0.0744620255463539,-0.0497623231530065
47.476949904,0.205696660126954,-0.0692191328484801,-0.049872003920816
47.486913691,0.205035020519659,-0.0627340536579264,-0.0998805446525282
47.496915531,0.204444135411422,-0.0551288538634205,-0.0497699934981864
47.506947477,0.203930580858934,-0.0473760596385321,0
47.516915671,0.203496607586003,-0.0394933311947345,-0.0998408808344348
47.526921185,0.203141752593703,-0.0316478005406531,0
47.536942694,0.202862796356676,-0.0244241898579612,7.45248870951257e-07
47.546916064,0.20265339387282,-0.0178553288265097,-0.0499096618250149
47.556920417,0.202506087543306,-0.0121012078365999,-0.0498897760609303
47.56690175,0.202411542932777,-0.00761393240785329,0
47.576914337,0.202353855187858,-0.00513496670386305,0.0498149253798278
47.586917466,0.202308762897563,-0.00524150607702201,0.0498794960212935
47.596904142,0.202249078503472,-0.00774812128977494,0
47.606912738,0.202153837104885,-0.0117668432504797,-0.0498525020870053
47.616904771,0.202013734237118,-0.016172374718867,0
47.626899567,0.201830602616855,-0.0199110538155068,-0.0498004000570678
47.636926325,0.201615083997954,-0.0223297415504339,-0.0498308786572751
47.646908875,0.201383799940612,-0.0229906907529976,0
47.656902134,0.201155826350694,-0.0215823208060258,0
47.666910828,0.200952111374219,-0.0179142632977863,-0.0498406627500614
47.676907813,0.200797439349637,-0.0116328118404297,-0.049801315942597
47.686932313,0.200719205206448,-0.00281317150901445,-0.0498497178726011
47.696909858,0.200741170166521,0.00776834918058593,-0.0499354407689074
47.706900021,0.200874321334528,0.0184206985621529,0.0996779673061878
47.716916211,0.201109701164462,0.0273158570534738,0.0996513389618034
47.72691172,0.201420958043809,0.0332903479657033,0.04985748767898
47.73691484,0.201775462482709,0.0361023439899029,0.0497933842611172
47.746936095,0.202143884918242,0.0364163796586425,0
47.756908305,0.202503552094841,0.0346554496569354,0
47.766912231,0.20283616689373,0.0309390124287635,0.0497978307680234
47.776930892,0.20312303116289,0.0253813823591172,0.0498849013114561
47.78689987,0.203343480801645,0.0177544076500361,0.0498346419431956
47.796938988,0.203478263055575,0.00860481740988433,0.0498419757132977
47.806905022,0.203515621481862,-0.00109070596837159,-0.0499202779627639
47.816912761,0.203456477542153,-0.0100945730152065,-0.0498303184217143
47.826914854,0.203313630771716,-0.0175773048249401,-0.0498590408945739
47.836910767,0.2031049664948,-0.0234149476378054,-0.0498980001475411
47.846897246,0.202845744109358,-0.0279911842442949,0.0498361090145051
47.856917975,0.202544941049458,-0.0317934308318389,0
47.86691465,0.202209322159851,-0.0347840994417953,-0.0997756530920875
47.876904442,0.20184972979384,-0.0364066337645352,0
47.886906742,0.20148147738822,-0.0362699514327553,0
47.896916737,0.201123884826132,-0.0338999598521225,-0.0498857249349539
47.906894051,0.200803908415568,-0.0283699706402296,-0.0997700008399897
47.916904635,0.200556828746712,-0.0192849276613034,-0.0996934348140222
47.9268973,0.200418147205612,-0.00721009193464638,0.0498525890881581
47.936905528,0.200412620469407,0.00666775625829676,0.0497960084101177
47.946920919,0.200551659816513,0.0212292381915132,-0.049845892591473
47.956909108,0.20083728123391,0.0355194979321352,0.0498737894894559
47.96691331,0.201261779507296,0.0484398770222437,0.0997462568380134
47.976901764,0.201805723031898,0.0589699300146543,0.0498597689197899
47.986911024,0.202441043302329,0.0664301951639097,0.0498541247877332
47.996901742,0.203134325473712,0.0702552674166026,0.0498740070825346
48.006903029,0.203845586959798,0.0695991674519293,0.149465376431648
48.016914799,0.20452721757908,0.0642384103412568,0.149542856342772
48.026905717,0.20513052783947,0.05449603710738,0
48.036910227,0.205616889165346,0.0414717049375387,-0.049858963605477
48.046903754,0.205959880529264,0.0260660036386867,0.09976465838673
48.056899046,0.206137917794133,0.00862745698318989,0.049833780124627
48.066911897,0.20613249992231,-0.0101335549827798,0
48.076905337,0.205935182944283,-0.0290167976868053,-0.0499307861045089
48.086881168,0.20555305562575,-0.0463620119649424,-0.0996683647807615
48.096913468,0.205007565735465,-0.0611247158223252,-0.0497984251878837
48.106903516,0.204329195294154,-0.0727419225595511,-0.0997179343569641
48.116911653,0.203552859310863,-0.0807104755407891,-0.099694319614373
48.126906438,0.202714749947329,-0.0852482639943581,-0.0997496257657706
48.136903335,0.201848603126036,-0.0864957748528791,0
48.146908969,0.200984615529465,-0.0844435617580573,-0.0497326045903562
48.156952482,0.200155581743145,-0.079040625974512,-0.149608477778112
48.166902983,0.199404276147162,-0.0689350084202614,-0.149985351147817
48.176896157,0.198780764339089,-0.0536272277179187,-0.0498388416901204
48.186909094,0.198331403876815,-0.0344260842490837,0
48.196909847,0.198091771361014,-0.0122448754558637,-0.0498658158411205
48.206904383,0.198086564053306,0.0119027478955632,0
48.216851757,0.1983291348883,0.0367042335410415,0.049978198300418
48.22685471,0.198818825514734,0.0605798444109139,0.0996766171662368
48.236858082,0.199541114944034,0.0826097050201744,0.049866850822053
48.246849584,0.20047059615779,0.101476182914695,0.049859040559933
48.256856387,0.201570466600198,0.115845057854743,0.149546913319728
48.266851829,0.202787757387039,0.124348490533278,0.249581754313266
48.276831612,0.204054355677011,0.125528592028894,0.14953069106063
48.286856244,0.205298883436351,0.119986025266843,0.049780891204407
48.296860713,0.206457567895669,0.108796410409397,0.149552384252969
48.306857558,0.207474954603022,0.0923524576605434,0.149636276678204
48.316850913,0.208303711994795,0.0717653441383907,0.0498640477441379
48.326853556,0.208909974280883,0.048673682852062,0.0498510338053434
48.33685243,0.209277259489813,0.024789653835518,0
48.346850177,0.209405683593353,0.00161029811165861,0
48.356851195,0.209309463463328,-0.0195107042920923,7.44865241610081e-07
48.366855354,0.209015368500595,-0.0373753311559615,-0.0996921143889984
48.37685441,0.208561836678519,-0.0510514834335173,-0.0996996577511428
48.386857205,0.207994244335629,-0.0602557101593849,-0.049861526367698
48.396851718,0.207356884683703,-0.0652232212250632,0
48.406853741,0.206690005844366,-0.0661317436211198,-0.0996628556645787
48.416860955,0.206033638952365,-0.0630999917984396,-0.149573978504851
48.426852267,0.205428099017785,-0.0563973655435554,-0.0498833090497925
48.436849232,0.20490635278781,-0.0469276729959339,0.0498433262192315
48.446856578,0.204489343252668,-0.0357344188870753,-0.0498454889152729
48.456852974,0.204191530691873,-0.0231873461562131,-0.0997107744736428
48.466856199,0.204025605117548,-0.00967053109776634,0
48.476854346,0.203998106801949,0.00396790019757099,0.0498577017671823
48.486855041,0.204104958526671,0.0168237576041193,0.0498334514056443
48.49686292,0.204334726200929,0.0284046618065345,-0.049853232166122
48.506855676,0.204673069799762,0.0383124067833146,0.0498737750767259
48.516855018,0.205100671591957,0.0459351691894867,0.149598222683646
48.526850961,0.205591556599229,0.0509813336548064,0.0498618409161137
48.536851901,0.206120139356236,0.05383354350327,0
48.546851308,0.206668246149534,0.0551467216758828,0.0498421550988435
48.556856981,0.2072233539351,0.0553404192927435,0.0997110558805949
48.566851022,0.207775038708029,0.0546719339749287,0.0498669975137512
48.576852095,0.208316525487529,0.0535574282667844,0
48.586852606,0.208846272108331,0.0524933295832446,0.0499468687329574
48.596814936,0.20936444147956,0.0511662709396392,0.0997075067537525
48.606852733,0.20986960402524,0.0497317236374045,0.049759136978711
48.616853093,0.210360973565687,0.0485410922069617,0
48.626862737,0.210840911474466,0.0475650287506245,0.049847303017694
48.636856107,0.211312417501696,0.0467560395918922,0.049881194676059
48.64685216,0.211775537727673,0.0457064553146461,0.0498501766494094
48.656857669,0.212226618001472,0.0441853435582743,0.0498626937010808
48.666848701,0.212659091761735,0.041854636641247,0.0498039447679829
48.676877798,0.213064553226278,0.038746308694586,0.0498395616517996
48.686854523,0.213434243516636,0.0348725034439552,0.0499186209875998
48.696852234,0.213761111814479,0.030359997472087,0
48.706849701,0.21404129707017,0.0255665212240465,0
48.71685558,0.21427252778454,0.0204753767126345,0.0498485141540623
48.726852229,0.214450856366175,0.0148596799926322,0
48.736858482,0.214569764507184,0.00854293482886266,0.0498497203648927
48.746854273,0.214621732524511,0.00156864065350795,0
48.756819367,0.214601075962875,-0.00574300346318991,0
48.766856349,0.214506860532772,-0.0128633423757694,-0.0497657815347838
48.776855148,0.214343348852106,-0.0195110643615716,-0.0498595192519425
48.786854462,0.214116676062919,-0.0255851015134234,0.049855438199235
48.796854898,0.213831653218113,-0.0311428623352262,-0.0498592599592714
48.806852679,0.213493874343938,-0.0359269304379262,-0.0498502811231789
48.816856717,0.213113049258268,-0.0395887042275188,-0.0498563683267857
48.826851757,0.212702136760173,-0.0420484176298374,-0.0500108916015464
48.836794002,0.212274717972183,-0.0429426996378777,-0.0498376310056162
48.846858354,0.211842999474426,-0.042802297015532,-0.0497093659838134
48.856852222,0.21141618008214,-0.0422107782457043,-0.0498640548156028
48.866854648,0.210998940342656,-0.0412417969936298,0
48.87685586,0.21059119410461,-0.0403684106115895,0
48.886852924,0.210191641725564,-0.0395166398826762,-0.149614833846277
48.896848925,0.209801135354854,-0.0386151409487673,0
48.906855008,0.209419258432635,-0.0380136690047833,0
48.916852468,0.209040727292329,-0.0380577343293801,-0.0498637485017806
48.926851126,0.208658251486172,-0.0387766664481721,-0.0498644986918928
48.936848584,0.208265344571938,-0.0401418326568749,-0.0498442057798837
48.946855084,0.207855255951661,-0.0421221978831997,0
48.956914452,0.207420126109344,-0.0450553261394911,-0.0994541769861969
48.966906455,0.206951834891712,-0.0490070778722106,-0.0498935848163312
48.976898911,0.206440746170897,-0.0538780331624484,0
48.986914294,0.205873851878561,-0.0600171699277772,0
48.99692014,0.205239128667841,-0.0670055929869134,-0.0997051886228415
49.006914886,0.204533700351512,-0.0737161774664177,-0.149626418948239
49.016911657,0.203765430452846,-0.079357006067217,-0.0498582901290675
49.026913492,0.202946670853834,-0.0838353511809822,-0.0499109698384262
49.036889155,0.202090609892299,-0.0867055057792198,-0.149569206895461
49.046912656,0.201212633224052,-0.0880299365758885,-0.0996224347157855
49.056906361,0.200328496517692,-0.0880638340995817,0
49.066909439,0.199451639843415,-0.0867770519335175,-0.0999552793245435
49.076856911,0.19859724660424,-0.0832680945462006,-0.149549674891514
49.086911215,0.197786130068355,-0.0776529837058231,-0.0994528824511751
49.096908543,0.197040177551269,-0.0706254735212101,-0.0997520626347565
49.106902558,0.196374232002655,-0.0624010681236446,0
49.11691198,0.195791941716325,-0.0542205215786398,0
49.126912877,0.19528926206952,-0.046448491715993,-0.049848023382952
49.136914406,0.194862859197964,-0.0386931087627673,-0.0498608136232516
49.146910172,0.194515504559124,-0.0306016989910548,-0.100314468352725
49.156793669,0.194254519975474,-0.021546534736209,-0.0498519260871261
49.166911331,0.194084548891966,-0.0125937918799183,0.0495637912929173
49.176911103,0.19400116519852,-0.00463501694123065,0
49.186904802,0.193991878815167,0.00197435759041761,0
49.196918605,0.194040667161959,0.00695172962569324,0.0498320542154821
49.206913937,0.194130976911731,0.0104124916519817,0
49.216909396,0.194248821106363,0.0127011094656085,0
49.226911725,0.194384971006189,0.0142458034351854,-0.0500614033996535
49.236826862,0.194532561411926,0.01483631357268,0.0498623670460812
49.246908397,0.194681647902391,0.0143201235324056,0.148948994594386
49.256909301,0.194820144419238,0.0131843305627729,0
49.266905437,0.194945295488028,0.0125554149454879,-0.09968146015358
49.276914654,0.195071319927284,0.0138635234458832,0
49.286912212,0.195222659882317,0.0176005544380578,0
49.296904337,0.195423149431125,0.0233684961505902,0
49.30690777,0.195689926002469,0.0305091534592759,0.0501008466785939
49.316805825,0.196030326982585,0.0375147685008428,0
49.326905173,0.196440123946632,0.0434639589769778,0.14876378839321
49.336913266,0.196904275973341,0.0481983307841735,0.0996937016036987
49.346908219,0.197404237374431,0.0512902170007351,-0.0500145491312766
49.356849093,0.19792678886626,0.0528563857071352,0
49.366910989,0.198461511500762,0.053074303481911,0.099437550434153
49.376903517,0.198991163451791,0.0514328166594263,0.099746569208282
49.386903433,0.199489779207588,0.0471881339868429,0.10021136477974
49.396803233,0.199930193916699,0.0402234281811195,0.0996307417546725
49.40691897,0.200294872722614,0.0325132003354934,-0.0495904052022972
49.41690957,0.200583915279593,0.0259670100650925,0
49.426908148,0.200813931908933,0.0212637523585497,-0.0498631620995943
49.436906222,0.201009119135721,0.0187829025468983,-0.0498594447963614
49.446905992,0.201189549463933,0.017623514527387,0.0997174008204603
49.456904514,0.201361559325306,0.0164780673848367,0.0996999146534177
49.466907642,0.201519138000441,0.0147359497285583,7.48684340013026e-07
49.476807643,0.201654850833691,0.0123971517591186,0
49.486911501,0.201767128876232,0.0102072065317236,-7.41222851759509e-07
49.496911126,0.201860051236679,0.00862709428117132,-0.0498718018673507
49.50690439,0.201939609414588,0.00745043784197786,0.0498598237718702
49.516908818,0.202009042797908,0.00637393978507974,0
49.526909664,0.202067121826448,0.00508076542910033,0.0498605539559997
49.536906516,0.202110646410568,0.00363551168691952,0.0498485041856206
49.546912196,0.202139841265302,0.00261255658202268,-0.10007704389561
49.556832792,0.202162704934087,0.00259264535816659,-7.45377593352308e-07
49.566903622,0.202191671943124,0.00373628537785769,0.0496570924749564
49.576911827,0.202237725938959,0.00589746386923857,-0.0498331201045011
49.58691203,0.202309670806385,0.00876787875256629,0
49.596909545,0.202413063505711,0.0118783778194491,0.0498378253090423
49.606918549,0.202547315797919,0.0147242130656446,0.0498683767113042
49.616904106,0.202707467682029,0.0171765276992467,0.0498867774645681
49.626905735,0.202890626251878,0.0197484346331017,-0.0500982675373538
49.636806916,0.203100517024329,0.0227131106268914,0
49.646905755,0.203344888918678,0.0263165428148174,0.0495884185833566
49.656914359,0.203629675408935,0.0305600747551452,0
49.66691587,0.203956399528937,0.034700271463076,0.0500187163359335
49.676848823,0.204321406721206,0.0379868418625096,0.0498911232712018
49.686901315,0.204715583467704,0.0400784035249856,0.0496690972630874
49.696923305,0.205125959911357,0.041095463131695,0.04982003290173
49.706914979,0.205538054258746,0.0407844751568783,0
49.716798825,0.205936572563027,0.0382992634803011,0.0498928042267597
49.726899452,0.206303444855688,0.033871093116763,0.0991961845149517
49.736902196,0.206617495714129,0.0277464606253219,0
49.746913751,0.206858770814835,0.0196949327185638,0
49.756899019,0.207011331797699,0.01017927094039,0.0498744730297913
49.766905868,0.20706227599045,-0.000436511929038869,0
49.776902014,0.207002600251765,-0.0116050083582352,0
49.786906141,0.206830172655118,-0.0226817776598531,-0.0500814007919177
49.796811527,0.206551017104583,-0.0326266171658756,-0.04985360107107
49.806906628,0.206177624422638,-0.0410861237444225,-0.0496248082963631
49.816903925,0.205725498354033,-0.0483764835280234,-0.0498669580635165
49.826901459,0.205210344810121,-0.0539261431518255,-0.0498516970074137
49.836904877,0.204646924153308,-0.0579746572352057,0
49.846906414,0.20405056440099,-0.0602075018934095,-0.0498362310756937
49.856912335,0.203442325087891,-0.0599132881314697,-0.149545801999206
49.866908708,0.202852161197278,-0.0566692960296514,-0.100068320806872
49.876840348,0.202313018619911,-0.0499915155192407,0
49.88691773,0.20185187986344,-0.0410559364880477,0
49.896910507,0.201489019446702,-0.0304843975507407,-0.0997216991928133
49.90691516,0.201242270257327,-0.0181871959887739,-0.0498558894006685
49.916910076,0.201125283365608,-0.00505160900942777,0.0502629602964444
49.926752756,0.201142058478648,0.00813799361697139,0.049850343430439
49.93691187,0.201288057837508,0.0204847776546684,-0.0494424182675928
49.946919575,0.201555171281865,0.0323249067780956,0.0501017645098314
49.956812696,0.201931350182765,0.0422191746118256,0.0997690289347833
49.966907369,0.202399039446856,0.0500836733249133,0
49.976911076,0.202937950881045,0.0563304888305751,0.049842384315593
49.986912357,0.203525930199946,0.0600733835506535,0.0500095244711552
49.996849204,0.204135701691671,0.0604478104302558,0.149600474701704
50.006907341,0.204734583202334,0.0576616223086887,0.14903453804455
50.016920116,0.205293023038806,0.0530438674284704,-0.0997841904171474
50.026892098,0.205794652003232,0.0472195576180328,0
50.036817186,0.206232553882101,0.0401029655287514,0.099621135777458
50.046909565,0.206597411792306,0.031983487973038,0.0496443626242175
50.05690197,0.206874935329606,0.0227103934337092,0.0498707112954798
50.06690319,0.207051474882222,0.0122608170242487,0.0498534664699783
50.076902511,0.207120158303193,0.00174843894367992,0
50.086910087,0.207086455720079,-0.00747645595256832,-0.0498527560874231
50.096903337,0.206970623008589,-0.0141736075031521,-0.0996895302321496
50.10691397,0.206802928533898,-0.0179788030202558,-0.0500715295934925
50.116816775,0.206612603229331,-0.0191114062824137,0.0996655902220711
50.126922658,0.206420534368352,-0.0184009243373578,-0.0496496919562298
50.136899103,0.206243069831285,-0.0161127211698226,0
50.14690632,0.206098543194594,-0.0116734544030253,0
50.156906439,0.206009515106763,-0.00484552806069254,-0.0997138307604594
50.166905328,0.206001637440144,0.00439290936299928,0
50.176902765,0.206097357154474,0.0153065954829522,0
50.186916334,0.206307937814193,0.0267151892540671,0.0500097026433088
50.196840524,0.206629998159461,0.0370114662842555,0.0997739974652149
50.206903282,0.20704768406622,0.0453858058176927,0.0994021097057052
50.216902398,0.207540522477164,0.0522015142310485,0
50.226907562,0.208091937773322,0.0573139898443284,0
50.236950301,0.208689547786106,0.0612647230827435,0.049840391197041
50.24691335,0.209317586835194,0.0632344724147248,0.0999621587360676
50.256899478,0.209951023468809,0.0620610100406861,0.149617048946711
50.266906119,0.210558358272844,0.0582283343585961,0.0500535777635564
50.276820058,0.211110965661666,0.0515383166530549,0
50.286903769,0.211589003490861,0.0432403383943895,0.0496594570191029
50.296898437,0.211979161564037,0.0341055308510004,0.0498417889314096
50.306908697,0.212271282179937,0.0240093968746221,0
50.316847387,0.212458123821819,0.01322802254572,0.049852786238956
50.326909212,0.212535849443283,0.00242162028718535,0.0497011122900779
50.336908938,0.212506705280713,-0.00759669986078697,-0.049863117610879
50.346905583,0.212383943014491,-0.0158545728972552,-0.100138972806054
50.356822891,0.212190978061202,-0.0215305100172155,0
50.366911998,0.211953194695925,-0.0247453800835397,0.0496314876156909
50.376912585,0.21169385094741,-0.0257172449879261,-0.0498552041541
50.386911543,0.211438861497513,-0.0237258863784293,-0.0997171515063049
50.396910927,0.211219372557361,-0.018636048889809,0
50.406903971,0.211066281631879,-0.0107048165260854,0
50.416906178,0.211005327064013,-0.000509033755247236,-0.0498486088544405
50.426906461,0.21105609968928,0.0112617387145302,0
50.436782668,0.211229170900955,0.0233088378423162,0.0498553808648358
50.446906234,0.21152227115502,0.0344170315566864,0.0990735707284615
50.456910919,0.211921925550803,0.0443482074088566,0
50.466906773,0.212409259206881,0.051955708908807,0
50.476909583,0.212960970316152,0.0567645132468064,0.099708812930874
50.486906638,0.213544541808608,0.0578276606415274,0.0997142994409167
50.496908497,0.214117460728143,0.054397179050651,0.049856011550529
50.506906158,0.214632459278975,0.0465046978863253,0.0501698894374451
50.516782894,0.215041713556301,0.0333566646838929,0.09970220989148
50.526907497,0.215299637237227,0.0162758303312661,0.0495533036937252
50.536904285,0.215369205902246,-0.00354389405280812,-0.0498512433826571
50.546908631,0.215228755337395,-0.024853465315709,-0.0498461170001815
50.556907476,0.214872057288524,-0.0462782343837665,-0.0498686809930474
50.56690307,0.214303448002981,-0.0669248093946582,-0.0997024364817666
50.576908919,0.213533464528131,-0.0862684061645255,0
50.586908875,0.212577579091593,-0.104252347841085,-0.050175534563033
50.596780783,0.211461776050152,-0.117344010798513,-0.199412036812796
50.60690945,0.210230631402816,-0.12506147869081,-0.198216565863019
50.616901909,0.208945398279668,-0.127892490553644,-0.199292663939173
50.626922005,0.207671175901525,-0.123985037348794,-0.0996359492280574
50.636916699,0.20646386379399,-0.115305137423438,-0.0498785727970777
50.64691218,0.205366206026031,-0.102631061605673,-0.14960250232412
50.656911412,0.204411785172299,-0.0869943388451572,-0.0997361079251302
50.666906721,0.203626794151224,-0.0696850967262901,-0.0501953705170543
50.67677572,0.203027538947918,-0.0504814047847701,-0.149552949810307
50.686908059,0.202617098511409,-0.032189471128952,0
50.696907289,0.202379514388812,-0.0169525704280183,0.0997225747390851
50.706905164,0.20227809618054,-0.00573829266553163,0
50.716900419,0.202264787957572,0.000697596607052006,0.0498590480394173
50.726903466,0.202292046928162,0.00277138254243639,0
50.736901068,0.202320217407048,0.00139761171520384,-0.0498362360574614
50.746910922,0.202320009583059,-0.00254842153243848,0
50.756772139,0.202269577541839,-0.00839525525118434,0.0498590505325905
50.766909223,0.202152118741574,-0.0153883171742151,0
50.776905812,0.201959754195833,-0.0225933841828333,0
50.786918131,0.201700049796051,-0.0280523525260832,-0.099704500682127
50.796906542,0.201398686667094,-0.0303859892037855,-0.149683772159351
50.806901988,0.201092820532999,-0.0290666842385405,0
50.816908603,0.200817293075887,-0.0248737738265913,-0.0498111924737193
50.826919204,0.200594916829577,-0.0192887710412124,0
50.836771959,0.200434153349893,-0.01319852858413,0.049881392480924
50.846908249,0.200331090847775,-0.00787711615045646,0
50.856910287,0.200275521401161,-0.00369425541575164,0
50.866914572,0.200257182380683,-0.000358115859937216,0
50.876912913,0.20026835814355,0.00235993601367013,0
50.886901169,0.200304349470734,0.00474720874038763,0
50.896909666,0.200363286904171,0.00704621103026786,0
50.906917582,0.200445389340801,0.00948366860371598,0
50.916778386,0.200551715260231,0.0120631527681372,0.0504654443597322
50.926675583,0.200683733125257,0.0145679561293103,0
50.936911328,0.200845011076041,0.0176567199177231,-0.0492749620355043
50.946910937,0.201041023103271,0.0215392835841006,0.0500213711658218
50.956844734,0.201274362360672,0.0249684020127159,0
50.966918033,0.201540568319306,0.0274880295166795,0
50.976908473,0.201825875010519,0.0282723448731469,0.0997671970887136
50.986906194,0.202105680500478,0.0263587872448798,0.100419425751939
50.99676681,0.202349316690539,0.021285353070945,0.0498311950198141
51.006915674,0.202531589347044,0.0145475162452212,0
51.016912699,0.202642389338041,0.00792512382175215,-0.0504517372581997
51.026679043,0.202688216493504,0.0021710748726242,-0.0498515347752665
51.036914015,0.202685813692628,-0.00167055414181776,0.0493020454033989
51.046903281,0.202654430808948,-0.0035722573268341,0
51.056918085,0.202614354007004,-0.00328664243570284,-0.0498358175925804
51.066910905,0.202588672902872,-0.000660583816202326,0
51.076758038,0.202601248055138,0.00415241744896044,-0.0498480958248995
51.086913003,0.202671729963623,0.0103459247739394,0
51.096917235,0.202809813590803,0.0169671829594819,0.0498627639113514
51.106909217,0.203011009385058,0.0223989269109759,0.0498623691551748
51.116914205,0.203257724260274,0.0256400421331013,0.0497957771328896
51.126932929,0.203524418204399,0.0262744727632799,0.0498560888293189
51.136913694,0.203783200289284,0.0242624660888402,0.0499207053452336
51.146906531,0.204009027045596,0.0201833902260763,0
51.156757724,0.204183720090432,0.0143799136388311,0
51.166908542,0.204296654236379,0.00794370594945719,0.0494750858431436
51.176910926,0.20434381120106,0.00163534542910171,0
51.186924661,0.204329387505094,-0.00382210808650505,-0.049866875761885
51.19690579,0.204267388669677,-0.00751478599316817,0
51.206916878,0.20417915027281,-0.00890907326709769,-0.0498393025233489
51.216912015,0.204089151745354,-0.00789405403107757,0
51.226906411,0.204021351819252,-0.00464908013549343,0
51.236758327,0.203996884650472,0.000498153943086565,-0.0996952439887905
51.246909297,0.204031316335786,0.00652510767775282,0.0494677447439379
51.256914821,0.204128407944228,0.0123334101428899,0.0996914213744042
51.26691295,0.204278029592591,0.0167948344640613,0
51.276863335,0.204463439934662,0.0195326125305454,0
51.286853704,0.20466752461404,0.0204911535132126,0.049884878849385
51.296850983,0.204873009898198,0.0198018728563408,0.0498491747592514
51.306855668,0.205063600962045,0.0178384666077712,0
51.316735326,0.205227716086821,0.014812070967244,0
51.326856191,0.205359850128103,0.0114714223779186,0
51.336851728,0.205458479830887,0.00823901030883438,0.0498622199280501
51.346852922,0.205524603400955,0.00525556813211661,0
51.356853,0.205563597878612,0.00308982502401923,-0.0498542070472646
51.366852867,0.205586399731495,0.00211548058805019,0
51.376862994,0.205605928632486,0.0023056626096239,0
51.386853645,0.205632514777493,0.00332805079296438,0
51.396733502,0.205672058692392,0.00464392312108727,0
51.406856516,0.205725406572618,0.00580120920820226,0.0495380764660386
51.416861078,0.205788822971622,0.00657433352155309,0
51.426850834,0.205856855887686,0.00681072890612932,0
51.436856602,0.205925007064922,0.0066387747112299,0
51.446854947,0.205989658687191,0.00608464268688206,0
51.456851737,0.206046670316873,0.00508720721276339,0.0498685368107315
51.466849145,0.20609137331547,0.00370117682316571,-0.0502912492634962
51.476677878,0.206120050370435,0.00194761667072093,0.049827053863177
51.486860288,0.206130347351177,9.71210017167278e-05,0
51.496852187,0.206122009719534,-0.00161871056462204,-0.0498737570591805
51.506852692,0.20609798543561,-0.00300310339547465,0
51.51685667,0.206061934188712,-0.0041632714130488,0
51.526847195,0.206014742892852,-0.00533258122595594,0.0498522777588273
51.536857389,0.205955278730067,-0.00646795809505515,0
51.546851946,0.205885353001682,-0.0071428779570062,-0.0502672668819694
51.556692989,0.205813595460063,-0.00662333602673622,-0.0498547429872257
51.566851676,0.205752888069448,-0.00488283363977796,0.0494579611374388
51.576853169,0.205715156654975,-0.00208411071547573,0
51.586849332,0.205711210740294,0.00194577184206863,0
51.596848551,0.205754063106242,0.00744839211736413,0
51.606851346,0.205860193583703,0.0146517496832707,-0.0498451451749634
51.616852132,0.206047150567823,0.0234167384109536,0.0498586818762759
51.626849496,0.206328485030956,0.0334192936315896,0
51.636676092,0.206709653308004,0.0428712325242937,0.0498516942901863
51.646850748,0.207185963356225,0.0511828545759134,0.0988245289509979
51.656855067,0.20774247085092,0.058549302929092,0.0498423020963021
51.666855769,0.208357243390857,0.0631599734468772,0.099711402667365
51.676854562,0.209005638424071,0.065319540236924,0.0498631205001681
51.68685184,0.209663377555122,0.0650222310639489,-7.44951000519181e-07
51.696857436,0.210306269919242,0.0620541847578755,0.0498546579640837
51.706851903,0.210904465159693,0.0561584133751212,0.151048392371429
51.716660851,0.211418398285051,0.0450352030501198,0.0997267011295947
51.72684833,0.211805008309915,0.0302767735612088,0.0493814059449241
51.736852285,0.212029729760145,0.0134718110337808,0
51.746852244,0.212074497259259,-0.00456323162402431,-0.0498489529531826
51.756854338,0.21193845575935,-0.0219985238960078,0
51.766858602,0.211634386914724,-0.0376810944433245,-0.0997125144899431
51.77685361,0.21118486130232,-0.0508317313049355,-0.0498606690077403
51.786855955,0.210617886840218,-0.0616341673460766,0
51.796657614,0.209964258005662,-0.0678973262364916,-0.0997136734019754
51.806855144,0.20925999538022,-0.0701265761981822,-0.0987366453585404
51.816854399,0.208547926623401,-0.0693210622820968,-0.0997155088724973
51.826853666,0.207873676591108,-0.0634446516350804,-0.0997193376900144
51.836852452,0.207279157117436,-0.0538510313106841,-0.0498528782219305
51.846854443,0.206796614122643,-0.0416368390632899,0
51.856853842,0.206446362460964,-0.02788796001257,-0.0498552889100101
51.866853954,0.206238868559604,-0.0136157955770277,0
51.876653427,0.206176775359094,0.000822060270036214,0
51.886852764,0.206255308786753,0.0141322354856072,0
51.896858874,0.20646232349419,0.0262076893007379,0.0997195898523871
51.906850617,0.206779406304859,0.0361914512341133,0
51.916843622,0.207185600526858,0.043929871384421,0
51.926869411,0.20765882935055,0.0492987250104071,0.0995848352761808
51.936868685,0.208172810601011,0.0519383989995625,0.0996827082752355
51.946874663,0.208697870111013,0.0521992781621185,0
51.956665708,0.20920620091137,0.0487998077218012,0.0499027350954777
51.966855159,0.209672914473999,0.0430260262409563,0.0987831835571922
51.976852978,0.210074778920123,0.0359844560237396,0
51.98685105,0.210392455734344,0.0268358275246976,0
51.996850572,0.210611430903616,0.0163459772311841,0.0498504730300545
52.006852792,0.21071940375366,0.00478082744153877,0.0498494163144697
52.016852738,0.210707057807719,-0.00728034189884768,0
52.026854623,0.210573783585377,-0.018933964760234,-0.0503227918086636
52.036666748,0.21033190004062,-0.0284906636736356,-0.0997265166025771
52.046851087,0.210004071054891,-0.0354461887376721,0
52.056854541,0.209616319719745,-0.0404663620538468,-0.0498170708097016
52.066865941,0.209194142726472,-0.0427453781963037,-0.0996852222638019
52.076859139,0.20876121561257,-0.0429219121382658,0
52.086854176,0.208336209460003,-0.0414432037909945,-7.45212867951366e-07
52.096854984,0.207932523733262,-0.0387302631100641,-0.0997427096821764
52.106847543,0.207561861095637,-0.0353401029725716,-0.0504027135659019
52.11663728,0.207233415355588,-0.0306730287375603,-0.0498560270868219
52.126846459,0.206948433770449,-0.0265502530731867,0
52.136855874,0.206696606568104,-0.0245023396463047,0.0498393125674149
52.146852082,0.206458249200867,-0.0242194689117062,0
52.156845345,0.206212472196658,-0.0255886676461835,0
52.166855171,0.205946396804549,-0.0276506040306326,-0.0996560596396268
52.176855797,0.205659171111932,-0.0294173094744064,-0.0498813058086564
52.186843952,0.205358380647856,-0.0306412795909035,-0.0503907483296481
52.196643086,0.205052863257337,-0.0304818654286933,0
52.206854118,0.204748433460638,-0.0298785358907753,0
52.216853339,0.204449010487715,-0.0294065411952957,-0.0498613094418123
52.226851513,0.204160379240772,-0.027899080659942,-0.0498691898001947
52.236847574,0.203891189712716,-0.0255275404967522,-0.0498465703835084
52.246854821,0.203649743985733,-0.022608414716971,-0.0498580810308336
52.256845965,0.203439057795316,-0.0198630051465165,0
52.266843475,0.203252709248459,-0.0183701118372863,0.0503685952221065
52.276641661,0.203075408645899,-0.0182065864287144,-0.0498323978383855
52.286852173,0.202888419158996,-0.0198797819463297,0
52.296858381,0.202673504660629,-0.0236963571462679,0
52.306854314,0.20241444128217,-0.0286936443223507,-0.0498077661583835
52.316876974,0.202099098273253,-0.0346640796123461,0
52.326856286,0.201721091332358,-0.0409591988931399,-0.0499353372127475
52.336844425,0.201281247476355,-0.0466062816979094,-0.0498559569961693
52.346855529,0.200789000979355,-0.0515285495954657,-0.100722958666182
52.356643066,0.200261052221664,-0.0536898641733761,-0.0997629964036949
52.366844681,0.199715786123534,-0.0541347187259585,0
52.376850844,0.199167109843557,-0.0544972408512319,0
52.386854727,0.198625293827228,-0.0531908548313188,-0.0996997474726206
52.396852677,0.198103195248094,-0.0504314660821102,-0.0997457410057391
52.406847337,0.19761703719412,-0.0460879474106003,0
52.416852088,0.197181463445683,-0.0404521297591852,-0.049843054537533
52.426852056,0.196807803705336,-0.0342044248830576,-0.0504360042136085
52.436621622,0.196505257905007,-0.0264166491647713,-0.0498545360881172
52.446851869,0.196279475661954,-0.0185723787224057,0
52.456844587,0.196129669340137,-0.0114997474477022,0.0498460173241096
52.4668551,0.196049443557316,-0.0048500829970081,0
52.476844742,0.196032666928434,0.00142135564310841,-0.0498561738787274
52.486854256,0.196077869470554,0.00766280723326047,0
52.496851788,0.196185977065239,0.0139475389636043,0.0498738174862391
52.506846337,0.196356709799265,0.0203850458434816,0
52.516619092,0.196588934463481,0.0262073341458268,0
52.52685256,0.196881019570422,0.0316284893386342,0.0493035349260042
52.536842719,0.197228577234439,0.0372034550624176,0.0997312097857671
52.546848083,0.197624922111802,0.0418965804725951,0.0498265756437612
52.556853755,0.198066971214553,0.0467452880513745,0
52.566853344,0.19856007379979,0.0524327307255493,0
52.576845552,0.199115195723374,0.0590673389467607,0.0498713678321303
52.586846407,0.199741010828595,0.0670063469380685,0.100964330976189
52.596596861,0.200438658786709,0.0730144059240313,0.0498419009697118
52.606851589,0.201201677307727,0.0791688405338829,0.0500514973703301
52.616518269,0.202015813559871,0.0827986878796584,0.14957339512562
52.626850193,0.202857535478352,0.0826610445634455,0.0980593600112234
52.636854551,0.203696831872528,0.0822070840049969,0.0498409816418019
52.646855744,0.204502133489975,0.0772234868757211,0.0997058887924937
52.656855152,0.205241348021358,0.0689329745160715,0.0498471735917313
52.666858511,0.205880983717837,0.0580107579564052,0.101004085595039
52.676598687,0.206386685451447,0.0423913346724444,0.149613890951843
52.686851702,0.206728521768688,0.02493333618979,0
52.696853023,0.206891693620236,0.00770560259523767,-0.0498517692890357
52.706852625,0.206882640932864,-0.008542924453794,-0.0508580977871212
52.716458481,0.20672420567366,-0.0218105426318962,-0.0498463585715272
52.726856018,0.206446356077055,-0.0315840593617708,0
52.736855192,0.206079994742651,-0.0395257390235895,-0.0498589237144194
52.746854071,0.205655918253197,-0.0442975649860803,-0.0505158554381627
52.756593181,0.205205649892229,-0.0446893791128225,0
52.76685325,0.204762167360921,-0.0416752389099856,-0.0984129245166486
52.776856553,0.204361169023007,-0.0362596622083243,-0.149547593684833
52.786855404,0.204036896013442,-0.027596629082469,-0.0498482275629831
52.796859196,0.203809163503467,-0.0181444004483408,0.0997606725606232
52.806845171,0.203674193676125,-0.00996037276522815,0.100798460017524
52.816643155,0.203612107897055,-0.00354966111949926,-0.0498341462940643
52.826853466,0.203603171009296,0.00112777259885757,-0.0500287800832397
52.836573609,0.203634584916959,0.00468421771887526,0.0498528632666513
52.846854249,0.203696859031416,0.00726435624302552,0
52.85685667,0.203781928297762,0.00931982498527156,-0.0498591253276372
52.86685252,0.203883239417144,0.0104727333666699,0
52.876856874,0.203991385101533,0.0103676059755859,0.0996361256736762
52.886867125,0.204090742955541,0.0087597738746518,0.0997096776463839
52.896856715,0.204166579186222,0.00627900197603522,-0.0997409367044562
52.906860698,0.204216282639916,0.00418600987155037,-0.0505746628012564
52.916571753,0.204249106529908,0.00297674136931541,0
52.926852738,0.204275793772441,0.00256739023141118,0
52.93685419,0.204301179460531,0.00232288053913939,0
52.946855323,0.20432225738787,0.00132469993649871,0
52.956855323,0.204327674960146,-0.00111053394938068,0.0996939258808754
52.966858324,0.20430004337617,-0.00512230954821109,0.049855932067259
52.976854576,0.204225232595547,-0.00988795357364132,-0.0997323220501418
52.986853624,0.204102330778079,-0.0143992710752385,-0.10112577846162
52.996574352,0.20394128219538,-0.01750567239431,0.0498525990582159
53.006854513,0.20375220176765,-0.0196593517091329,0
53.0168801,0.203542084353731,-0.0216044732471817,0
53.026857508,0.203320047597309,-0.0220492808502117,-0.0499205303924617
53.036853772,0.203101679250193,-0.0205957988851919,-0.0498747549332657
53.046849512,0.202908296303613,-0.0169128138236689,0
53.056853355,0.202763430026363,-0.0109742123535264,-0.0996841409394683
53.066854327,0.20268875921571,-0.0033319891706073,0
53.076574591,0.20269771908158,0.00507534409200211,0.0498128195959069
53.08687059,0.202790348637871,0.0126526559848427,0
53.09686279,0.202954418684079,0.0189388559781189,0.0498879930160049
53.106857289,0.20316887385171,0.0226579204730597,0.0498990754862092
53.11684505,0.203407175142031,0.023608632344142,0
53.126853323,0.203640952866757,0.021735271640193,0.0498575571719002
53.13684395,0.203841856666036,0.0171292818267093,0.0498602747063306
53.146851133,0.203983500990164,0.0103158713733465,0
53.156575327,0.204045403013187,0.00159858354928608,0
53.16685289,0.204015475469861,-0.00772061082395542,-0.0491716002071641
53.176853217,0.203888845316166,-0.0175432111506391,0
53.186854426,0.203664584300476,-0.0271554507403963,0.0498570760246579
53.19685231,0.203345760931352,-0.0360175268337776,-0.0996981597391957
53.206856727,0.202944150887471,-0.043270243052135,-0.0996991865226996
53.216854405,0.20248026541915,-0.0483654064603281,0
53.226850779,0.201977130435702,-0.0518293976272478,-0.0505514043989089
53.236578219,0.201457992020618,-0.0514737851032911,-0.0996917754914823
53.246854062,0.2009474857452,-0.0487722683709131,-0.0491806806622132
53.256852365,0.200469175930915,-0.0452188509032682,0
53.266858156,0.200042923601159,-0.0390470924457993,0
53.276853177,0.19968820237576,-0.0307131523625425,-0.0997557034157743
53.28684862,0.199428953434529,-0.0198965815907723,-0.0997131504822031
53.296852172,0.199290290740009,-0.00705109360576103,0
53.306852677,0.199287902956127,0.00658868086972934,0
53.316580827,0.199420276551793,0.0193502474092841,0.101317044430243
53.326535079,0.199668762304436,0.0288696891303935,0.0983713761840139
53.336852606,0.200005516509643,0.0362192511969499,0
53.346844534,0.200404355556754,0.0418917858694917,0
53.356878916,0.200844454399919,0.0450688521556005,0.0498345522458108
53.366852367,0.201306085624185,0.0461643842341752,0.0499054101388747
53.376858341,0.201766792252397,0.0447476284360654,0.0498513032008651
53.386853477,0.202201087862774,0.0413816236808584,0.101123845189682
53.396578494,0.202582844202772,0.0345576231881623,0.0997157276292549
53.406852254,0.202892198062564,0.0267986860342576,0.049183002246232
53.416851683,0.203126139029696,0.0205842212610152,-0.0997149547910854
53.426851186,0.203303860503836,0.0166404613151259,-0.0498510736831618
53.436853184,0.203458973233331,0.0161138079555682,0.0498503459227418
53.446852979,0.203626165555005,0.0187957105703213,0
53.456854927,0.203834920205661,0.0241077448992371,0
53.466852237,0.204108302565043,0.0317304141214926,0.0505389634818648
53.476584186,0.204460937764041,0.0395600092079652,0.0996885534739532
53.486856316,0.20489966411448,0.0477709634887199,0.0491936962296929
53.496852665,0.205429182534322,0.0577612620984584,-0.0498669979674314
53.506851131,0.206054589864305,0.0672666909790406,0.0498702403736342
53.51684618,0.206774080129412,0.0758185243557867,0.14955817651889
53.52685177,0.207571008799458,0.0820573806768149,0.099663595397785
53.536855418,0.208415985789031,0.0851421718812617,0.0996962511184641
53.546854155,0.209274055301163,0.0859127296080126,0.151620920823109
53.556583956,0.210110918339786,0.0812791061673914,0.0996757900817504
53.566860945,0.210900189309642,0.0748821048515295,0
53.576848654,0.211628381580207,0.0695807352384524,0.0498636188312082
53.586857115,0.212291537520195,0.0629520126101032,0.0498399851684038
53.596854306,0.212887777637184,0.0561142601508083,0.0997074342112703
53.606857406,0.213413839052461,0.0489689760766543,0.0498621900058428
53.616851049,0.213866997666762,0.0417354890248784,0.0498588489188762
53.626855489,0.214248468826026,0.0354003167794596,0.0505206954545781
53.636587442,0.214565672231046,0.0291715489528578,-0.0498460621783054
53.646858702,0.21483199353327,0.0244533948776522,0
53.656853752,0.215061252312189,0.0214342649265415,0.0498625839844306
53.666855287,0.215260605633786,0.0184193565418106,0.0498624343715687
53.676850397,0.215429577646084,0.015158716029236,0
53.686853719,0.215563756185504,0.0114129842844564,0.049850081941644
53.696851997,0.215657855592548,0.00728894907731044,0.0498576821372702
53.70685227,0.215709524605363,0.003350315218967,-0.0505259616600591
53.716586038,0.215723970850442,9.84144784882649e-05,-0.0995969647844638
53.726874595,0.215711495092036,-0.00234049820023356,0
53.736854208,0.215676533235035,-0.00501558712639965,0.0998078329503324
53.746854618,0.215611283545892,-0.00873486162320611,0
53.756858292,0.215501800329396,-0.0137606617332033,-0.0498614544296025
53.766851656,0.215336111070308,-0.0197600200469676,0.049861456923036
53.776855329,0.215106658477396,-0.0261760789595944,-0.0498518889280577
53.786852531,0.214812566587047,-0.0327427112815928,-0.101057612727946
53.796588259,0.214460548847666,-0.0377305407151743,-0.0996985262775823
53.806854609,0.21405787736868,-0.042305285596538,0
53.816867791,0.213602617454642,-0.0486320254042301,0.0996084746315723
53.82687477,0.213084256390331,-0.0553827427700979,-0.0998094579547485
53.836847638,0.212496078727655,-0.0621711153931083,-0.1497329991832
53.846852057,0.211842246175013,-0.0681460690830363,0
53.856849074,0.211133059488239,-0.0729782368783853,-0.0498609803164642
53.866849584,0.210382861912625,-0.0770632986261548,-0.202027185787142
53.876590677,0.209611706440891,-0.0772187404472306,-0.0997157133048164
53.886848065,0.208838604398947,-0.0759602939071694,0
53.896852763,0.208072592433159,-0.0761209228983116,0
53.906853034,0.207315807696115,-0.074888118625545,-0.0996805880731719
53.91685859,0.206574393687581,-0.0726039088188108,-0.149445264588513
53.926868884,0.205862578747784,-0.0688775070443172,-0.0498640153260487
53.936854601,0.20519711829907,-0.0635647733465402,-0.0498979951533443
53.946851278,0.204592402402253,-0.0576223498832312,-0.101042315126615
53.956590666,0.204059879856322,-0.049308300282852,-0.0498544261417207
53.966851434,0.203606228704501,-0.0408866817273063,0
53.976854271,0.203231368288039,-0.0337389293234892,0
53.986851008,0.202931464490815,-0.0263237941186378,-0.0497952101397095
53.996878211,0.202704262214035,-0.0190618084105936,-0.0498484942171843
54.006853544,0.202550179981857,-0.0117713536444726,0
54.016846978,0.202469202795834,-0.00463078592085378,-0.0498470141033545
54.026856375,0.202457551153685,0.00177074722870796,0
54.036589489,0.202504161792475,0.00661057400596682,0.099731110032319
54.046851918,0.202589733170476,0.00929554235905884,0
54.056854234,0.202692533588018,0.010182983762398,-0.0498503683533896
54.066853702,0.202793411012167,0.00906396719739397,0.0498524669550497
54.076855176,0.202873821470223,0.00608869667167649,0.0498446965328594
54.086857762,0.202915209665709,0.00144791072459944,-0.0498603719447041
54.096852947,0.202902776457322,-0.00445762131640446,0
54.106853104,0.202826078002981,-0.0113821478085292,0.050508838807319
54.116593973,0.202678081181498,-0.0183274648379941,0
54.12685489,0.202459495973369,-0.0243633346697582,-0.0492203863750529
54.136851764,0.202184533839695,-0.0289800219724678,-0.0997447811417385
54.146847543,0.201880108450141,-0.0303172885466166,-0.0498532152130766
54.156851808,0.201578186734802,-0.0285631098498446,0
54.166852324,0.201308709692916,-0.0240214948611555,-0.0498544635322723
54.176851949,0.201097753450548,-0.0171190840849063,-0.0498598907431152
54.186850288,0.200966362865673,-0.00858812712847263,0.0505045612370347
54.196594647,0.200928200650265,0.00122521603418944,0
54.206847433,0.200990863688365,0.0113391905969062,-0.0492160691740812
54.216854215,0.201157927753228,0.0217068767248827,0
54.226845005,0.201424948518566,0.0307831935884484,0.0498752464009292
54.236846022,0.201773339418292,0.0372556286502106,0.0996905146134297
54.246848541,0.202170192827473,0.0401074562822602,0.0996747289272808
54.256852726,0.202575757424324,0.0391798538036665,0.0498467423263192
54.26685178,0.202953916807093,0.035592401596711,0
54.276596665,0.203278491630313,0.0289708619824441,0.0498468569555518
54.286854973,0.203533426550704,0.0213689335315499,0
54.296853916,0.203711367480464,0.0138809816266124,-0.0498660373579472
54.306850472,0.203810983704938,0.00602724261626691,0.0498596065144519
54.316851994,0.203831900748429,-0.00185404860632683,0.0498720283368375
54.326843569,0.203773915531309,-0.00943830596011895,0
54.336850793,0.203643145964632,-0.0158363754797867,-0.0498482749125807
54.346846193,0.203457146467064,-0.0203037259546392,-0.100988336485896
54.356597407,0.203242216125444,-0.0216652711826183,-0.0498579439104363
54.366844639,0.203023874711243,-0.0208757889568727,0.049214765226437
54.376857209,0.202819276774584,-0.019236494067449,-7.44800870237476e-07
54.386851545,0.202639011982666,-0.0163155027115963,-0.0498046442978252
54.396877356,0.202492638011919,-0.012461102490789,0
54.406854279,0.202389755864196,-0.00768827055646252,0
54.416854273,0.202339050069139,-0.00210103889911691,-0.0498560791481879
54.426853473,0.202347736779651,0.00402904935640301,0
54.436599857,0.202418606001646,0.00997217242649152,0.049856004361179
54.446852697,0.202547172489775,0.0150219285733466,0
54.456853865,0.202722860263146,0.0192265122914361,0.0498594220168463
54.466850849,0.202931667205009,0.0218234112783558,0.0498709432693017
54.476847397,0.203159187334889,0.0231260374092302,0
54.486853744,0.203394254903072,0.0235203008520951,0
54.496844386,0.203629522532305,0.023251311926527,0.0498631471381444
54.506850402,0.203859203435718,0.0227054559445997,0
54.516601238,0.204078110864995,0.0210773994345983,0
54.526853151,0.204280809366181,0.0188414361404895,0.0492356326140531
54.536852756,0.20445967854814,0.0161934639436783,0
54.546852044,0.20460466071889,0.0122599676535882,0.0498584824238981
54.556850986,0.204704856201069,0.00730885632042895,0
54.566852911,0.204750844182077,0.00152192203543653,-0.0498465979431627
54.576853984,0.2047352992045,-0.00500277717578675,0.0498488158830067
54.586855019,0.204650778092707,-0.0123470387497031,0.0504851699117321
54.59660397,0.204491445362052,-0.0195312911027114,-0.0498594248504219
54.606852871,0.204260194223866,-0.0256499923894281,-0.0492341018294286
54.616855815,0.20397198569193,-0.0304079741147515,0
54.626854298,0.203651991349392,-0.031918895232922,-0.0996950994517587
54.63685873,0.203333514743692,-0.0299736071608992,-0.0997139326686982
54.646853435,0.203052545073397,-0.0248301258565479,-0.0498607263551614
54.65685606,0.202836978522997,-0.0176702252458944,0.0498471011673453
54.66685653,0.202699085879132,-0.0100431896633411,0.0504847021290844
54.676606229,0.202638623829847,-0.00246857169361987,-0.0996952167402216
54.686859272,0.202649707676436,0.00399544136978839,0
54.696852429,0.202719516334908,0.00872946442886793,0.0997416401090631
54.706852704,0.202824239629891,0.0107490993855023,0.0498675362147384
54.716847327,0.202934443480713,0.0100400388898037,0
54.726851467,0.203025027988159,0.00726649323280778,0
54.736844385,0.203079751967346,0.00328852923947578,0
54.746853998,0.203090806896216,-0.00111371679576448,0
54.756606886,0.203057742138056,-0.00524505943153287,-0.0498606312488898
54.766851665,0.202985917944309,-0.00862225892452316,0
54.776850766,0.202883194163059,-0.0113583390405578,0.049850213831515
54.786853511,0.202758730196004,-0.0129002438760302,-0.0996584601540294
54.796860736,0.202625060670107,-0.0132356488978689,-0.0997044630615034
54.806854398,0.202494005478026,-0.0129491901149972,0.0498755444452051
54.816851826,0.202366192245091,-0.0132714776180786,0.0498490999929182
54.826856392,0.202228549462338,-0.01537612102108,0
54.836607962,0.202062419507046,-0.0188268577400225,0
54.846860303,0.201851938675697,-0.0233819674442197,0
54.856853614,0.201589036331095,-0.0287699416315977,-0.0498631953096636
54.866856344,0.201276653743264,-0.0329849564117799,-0.0994588066141242
54.876903752,0.200927683403115,-0.0359178159864322,-0.0498522052433037
54.886857391,0.200558259817582,-0.0373133280652105,0.0499680300703779
54.896858437,0.200183107695272,-0.0369671539528024,-0.0498769778413449
54.906848504,0.199819245265623,-0.0351004687441851,-0.100958818716169
54.916610972,0.199489784457886,-0.0299122869099211,0
54.926853902,0.1992208380609,-0.0223219735438921,-0.0492280370016481
54.936865312,0.199037667616257,-0.0129344526443322,-0.0498632223426582
54.946850231,0.198962196490389,-0.00144701059300602,0
54.956853688,0.199008744224448,0.0108992794472132,0
54.966851826,0.199180199463684,0.0229144471010458,0.0498571361620725
54.976852458,0.199467004981699,0.0335024067320963,0.099712634149505
54.986851074,0.199850222404516,0.0426127125535298,0.0504714754938338
54.996608098,0.20030884639033,0.0487981200304143,0.049842820331538
55.006855887,0.200826419670476,0.0534849022204688,0
55.016860636,0.201392051404976,0.0584262632172543,-7.451134119044e-07
55.026854401,0.201994858113394,0.0612200816054692,0.0997393333729085
55.036854381,0.202616070105475,0.0616864102266912,0.149593229664263
55.046850453,0.20322834277998,0.059457569343353,0.0997019529621084
55.056855921,0.203805313056999,0.0552074023647722,0.0498467698887495
55.066853382,0.204332652529757,0.0509463779848566,0
55.076612363,0.204811832218767,0.0460795554171975,-0.0498550122079306
55.086853004,0.205254226220029,0.0423693469201461,0.0492542078759038
55.096855941,0.205669539397954,0.0401713557442754,0.049853247369614
55.106853334,0.206057666591462,0.0369859329451903,0.0997253446225974
55.11685264,0.206409135966293,0.0327471066598191,0.0996773171481019
55.126859668,0.206712816144832,0.0278272482931551,0
55.136854552,0.206965734137855,0.0232293398778847,0
55.146852134,0.207177227932543,0.0202614133016031,0
55.156616283,0.207366134737201,0.0188429637663232,-0.0497605684895205
55.166890014,0.207554800979337,0.0195363629487872,0.0491810396807276
55.176890281,0.207762214920552,0.0223568512107369,0.0499446479472965
55.186854041,0.208001133760543,0.0258763568325778,-0.0499424415170086
55.19685519,0.208278834029966,0.0297490689365875,0.0997389712150924
55.206848008,0.208595935663142,0.0334163946754884,0.0498585269735908
55.216853701,0.208947112166464,0.0363807974640339,-0.0498462116929319
55.226851161,0.209323666321077,0.0386107582058767,0.0504537429554642
55.236615989,0.209710149090027,0.0377730600466164,0.049849603423727
55.246852953,0.210079195211333,0.0337331904462093,0.0985329630139585
55.256854675,0.210392864539246,0.0265667096807031,0.0996105842493927
55.26687269,0.210611053752096,0.0154146284285123,-0.04986371069224
55.276851107,0.210701102108422,0.00152020014261118,0.0498995359103485
55.286854467,0.210641430052341,-0.0138588632560011,0.0498353891715476
55.296858903,0.210423816799604,-0.0291985665989848,-0.149544119820744
55.306856986,0.210057385169172,-0.0434538768707387,-0.0504621905472286
55.316618178,0.209565199696699,-0.0540084238941682,0
55.326855909,0.208977274858361,-0.0609679569859116,-0.0492722143687259
55.336854358,0.2083314411449,-0.0650052326502209,-0.0997319778939306
55.346851278,0.207677471244589,-0.062917331081342,-0.199415307129799
55.356854605,0.207073078982692,-0.0553922758080793,-0.0996942149507477
55.366854221,0.20656946270896,-0.0437244510487069,0.0498492246035677
55.376856549,0.206198504961385,-0.0298512980403211,-0.0498629081486582
55.386850676,0.205972542571005,-0.0156386383094966,0
55.396619097,0.205889445621139,-0.00175566952830441,0.0996786997924272
55.406856583,0.205937418809699,0.0105134243296691,-0.0492818997003963
55.4168513,0.206102155356402,0.021623169509124,0
55.42685868,0.206369927543668,0.0310054066383624,0
55.436872795,0.206722929950385,0.0382066448614423,0.049871506999651
55.446851986,0.207133804685616,0.0421494777703748,0.0998112563695426
55.456852282,0.207565054893555,0.0420606243353495,0.0996813828609292
55.466857504,0.207975249262848,0.0386236561211118,0.0504251409997602
55.476626075,0.208328791074597,0.031348431209471,0
55.486854286,0.208602117007786,0.0224641275113616,0
55.496848006,0.208783059111107,0.01322092345604,0
55.506852428,0.208866510912431,0.0033789711938922,0
55.516852791,0.208850654703362,-0.00656600972276115,0
55.5268486,0.208735215852661,-0.0163747795339569,0.0498479635726621
55.536855241,0.208523118994473,-0.0254800716741977,-0.0498462415959651
55.546851741,0.208225534386272,-0.0332959502924857,-0.0504393785851791
55.556623157,0.207864927445951,-0.0376787369864151,-0.0997002980645924
55.566853613,0.207471889111948,-0.0388902432816663,-0.0492731869169045
55.57685924,0.207077941255013,-0.0380686657650066,0
55.586858335,0.206710336036408,-0.0343010785414164,-0.0498745753129852
55.596851316,0.206392191485931,-0.0283536184119058,-0.049868843593116
55.60685241,0.206143431663359,-0.0206372815578255,0
55.616853701,0.205979396634858,-0.0117022604304551,-0.0498466253547088
55.626855397,0.205909351500098,-0.00233366657133792,-0.0504425912264146
55.636620358,0.20593326784819,0.00636907833037104,0.0498608634908475
55.646852672,0.206036715710967,0.01271280738268,0.0492753092669816
55.656855267,0.206190510348713,0.0160684584228148,0.099717011890938
55.666851042,0.206358058687836,0.0157568785244425,0
55.676856871,0.206505673193235,0.0124601982866711,-0.0498488755127196
55.686853425,0.206607292346222,0.00673127818664817,0
55.696859488,0.206640316372723,-0.00131159241656522,0.0498560913221963
55.706852913,0.206581061169426,-0.0118071847083555,0
55.716624582,0.206406946257087,-0.023956892073504,0
55.726852191,0.206101940624832,-0.0368386713134023,0
55.736853697,0.205661732538641,-0.0502269241468769,-0.0997275090667521
55.746848456,0.205097589739456,-0.0613239540229984,-0.0996880726873578
55.756857723,0.204435006567942,-0.0695164926485065,-0.0996840885374306
55.766853431,0.203706914041935,-0.0744577250133509,-0.0997367683872108
55.776852281,0.202946257266615,-0.0762822335779678,-0.0498550318756405
55.786853344,0.20218127600693,-0.0763970356308306,-0.0504203637425517
55.796627652,0.201435477543715,-0.0725367388324076,-0.0996975420476731
55.80685547,0.200730387017175,-0.0666992777688463,-0.0493034904745357
55.816850995,0.200086595171543,-0.0603364489270612,-0.0498663445489168
55.826850547,0.199523955074972,-0.0512137064441329,-0.0996582410151217
55.836861009,0.199061808188604,-0.04038559652118,-0.0498502738498527
55.84685207,0.198716181637285,-0.0282871641934277,0
55.856855768,0.198496213157763,-0.0155729271321115,-7.45180632191893e-07
55.86684878,0.198404774329573,-0.00275293092481094,-7.53539666401025e-07
55.876630654,0.198441774262559,0.0100618431844801,0
55.886857036,0.19860609426384,0.0224114000210217,0
55.896845492,0.198894817083337,0.0347568240384929,0.0498634118584245
55.906853289,0.19930110051079,0.045929277444355,0.0498533794788919
55.916845769,0.199813415354634,0.0556979170704735,0
55.92685192,0.200414982601751,0.0633826383408278,0.0997131249575374
55.936845068,0.201081023690221,0.0680798480730373,0.0995939018984915
55.94687516,0.201778161738881,0.0701076152776206,0.050406031110667
55.956626062,0.202467822007382,0.0666046215610929,0.0997998859315245
55.966856774,0.203109029577531,0.0589470332212392,0.0492975182216061
55.976851855,0.203660072499279,0.0486105654391751,0.0997133421408424
55.98685588,0.204081197428469,0.0340201575912686,0.0997039346540763
55.996852848,0.204340509433121,0.0170047935489385,-0.0498650502322589
56.006851476,0.204421218410337,-0.000945237148724682,-0.0498531501575937
56.016853217,0.204321604341354,-0.0185907106931529,0.0498501243108725
56.026853059,0.204049374767379,-0.0360936647798986,-0.0513722749498533
56.036262447,0.203621054100098,-0.0492894831818358,-0.0997116369956304
56.046852507,0.203063612311537,-0.0587472509940671,-0.0484233740666272
56.056853666,0.202411376589231,-0.0680970828556946,-0.0997060510546011
56.066852926,0.201701642121745,-0.071946284389803,-0.0498465856317731
56.07685637,0.200972256358682,-0.0741306423633409,-0.102572748263445
56.086294665,0.200260413521015,-0.0686499103528632,-0.149561247156233
56.096856698,0.199599235634454,-0.060756162629839,0
56.106852644,0.19901138960555,-0.0551922506698562,7.53897460001773e-07
56.116622199,0.198508333148647,-0.0457565477709865,-0.099683906738671
56.126857506,0.198096036181795,-0.0369820302148807,0
56.136380011,0.197777649148283,-0.0270932871743913,0
56.146853401,0.197554281656251,-0.0170851692976504,-0.0486898946693105
56.156858517,0.19742777040631,-0.00763620163893765,0
56.166870135,0.197401429839274,0.00254961583193005,0
56.176849119,0.197478738761659,0.01300165991815,-0.0499005513566043
56.186851804,0.197661224704209,0.0235443418232292,0.0504384509316096
56.196617694,0.197944176848817,0.0326286341576665,0.0498275518612418
56.206862747,0.198314154442506,0.039807790289158,-7.36362201468164e-07
56.216853878,0.198749734617742,0.0454091211825575,0.0997646965028694
56.226851409,0.199221822017541,0.0479894589508806,0.0506046507797354
56.236557233,0.199695287963709,0.0455324385631786,0.0498511758704028
56.246852869,0.200132537266165,0.039499629298828,0.0982432415645953
56.256855755,0.200497072058023,0.0312665405003598,0
56.266851013,0.200757810045473,0.0199200838836015,0
56.276627629,0.200890929446639,0.00610444726829315,0.099725683745887
56.286847644,0.200879878424956,-0.00840927586872958,0
56.296877521,0.200720642518499,-0.0226249891457072,-0.0996899338979905
56.306851446,0.200427292621833,-0.0346449452080635,-0.0499175238956379
56.316852396,0.200028614068586,-0.0432821383060368,-0.049807450611101
56.326870465,0.199560826672724,-0.0498209659535883,-0.102831645515985
56.336245042,0.19906245371247,-0.0496171570469294,-0.0498956355073613
56.346853804,0.198569310203239,-0.0467253234101853,-0.0489232248716934
56.356625575,0.198110166716773,-0.0431429252033645,0
56.366856602,0.197706330985267,-0.0363652073693753,-0.0492909925938172
56.376854348,0.1973745431918,-0.0289497994288392,-0.0997255690421336
56.386853256,0.197127431862719,-0.0202945582371774,0
56.396860083,0.196968535637765,-0.0118585970124713,0.0497131871074998
56.406910234,0.196889584243329,-0.00458827711093728,0.0497530302569514
56.416900999,0.1968765823616,0.00143178530956383,-0.0498596538856705
56.426908293,0.196918217170425,0.00668534915716885,0
56.436494373,0.197007570907957,0.0110897104837641,0.0498583773873082
56.446906864,0.197139995532904,0.0150035541481294,0
56.456912013,0.197313908075274,0.0195463181632437,-0.0498904492596223
56.466892579,0.197530642677014,0.0237259865197686,0.0497479054306173
56.476954694,0.1977894404545,0.0277370861765408,0.0996863707876237
56.486897096,0.198085509688963,0.0313834746642886,0
56.496892141,0.198415146817295,0.034605654434843,0
56.506929373,0.198778739744368,0.0386440975589934,0.0505262842656332
56.516626056,0.199177746153776,0.0418022803539724,0.0998530527920642
56.526900497,0.1996135782688,0.0456491085356661,0.0497675649996658
56.536661119,0.200092328919182,0.0507379111311027,0
56.546907057,0.200628669332119,0.056790684435443,0
56.556907923,0.201242158775972,0.066090883165742,0.0997721654503786
56.566894372,0.201949648632581,0.0760216898339955,0.0997028506601618
56.576908984,0.202762673231665,0.0868868151444429,0.0497935036200684
56.586918699,0.203689498631022,0.10005410767661,0.101164671364274
56.596621326,0.204734974020691,0.110506112934233,0.0997814959490532
56.606904145,0.205898012583739,0.119972866132932,0.0982814906915755
56.616911645,0.207169261745873,0.131488428153446,0.0997122502428926
56.62690347,0.208527692392119,0.138251351186884,0.149452776110307
56.636926489,0.209936340972667,0.140739695339659,0.19947716423458
56.646897515,0.211341648194026,0.137396112602204,0.19974007446026
56.656894142,0.212679818872657,0.127281861551252,0.199312303803379
56.666908098,0.213888632448992,0.11365460498929,0.101204357652471
56.676598754,0.214919338765984,0.092674533387269,0.0498594921679307
56.686905923,0.215741921549627,0.0700618345032391,0.0491009134911506
56.696905533,0.216342068955576,0.0487143417146184,0.0498754989563279
56.70689733,0.216715789781581,0.0263108440147879,0.0499469963348777
56.716868323,0.216867306809366,0.00472896614048294,0
56.726889907,0.216810334001275,-0.0149131907235537,-0.0497943621608733
56.736892604,0.216568680887711,-0.0318397284161289,-0.0498323057537466
56.746898941,0.216173251792846,-0.046075264279178,0
56.756637666,0.215658921937852,-0.055473004652614,-0.149497482480202
56.7669077,0.215063305811746,-0.0610595116623377,-0.098393989769047
56.776904786,0.21442142148785,-0.0652440709281018,0
56.786911941,0.213758147693079,-0.0666345791012353,-0.0498408446175078
56.796910392,0.213088356352375,-0.066928184261376,-0.0499769457659019
56.806862768,0.212422875067456,-0.0658520421353802,-0.0997595559715685
56.816900084,0.211771994312518,-0.0637596214086322,-0.0497468952370971
56.826905856,0.211144935364716,-0.0619783698324069,-0.0505312669709236
56.836632348,0.210549020756695,-0.057686439206808,-0.0498457530483503
56.846909492,0.209990996832687,-0.0528290022458381,-0.0983365563588148
56.856911305,0.209477703691799,-0.0489032828815829,-0.0498732312436451
56.866901808,0.209013306947881,-0.0440341958009848,0
56.876913349,0.208596929769883,-0.0394097204035491,-0.0498201523884532
56.886915424,0.208224575937057,-0.0352835877521703,-0.0498640174106644
56.896909658,0.207891388246562,-0.0316510269295057,0
56.906911898,0.207591666999988,-0.0289415524239,0
56.916628133,0.20732070496863,-0.0257311475246669,-0.0997441265186422
56.926904981,0.207077222031842,-0.0226554302238831,0
56.936910401,0.206861201461174,-0.0203013417512017,0
56.946908109,0.206671131694221,-0.0177674903002544,0
56.956904586,0.206505954973125,-0.015103975451304,0
56.966905057,0.206369098282528,-0.0117735413891247,-0.0498819932102489
56.976893689,0.206270612441623,-0.00722150312135816,-0.0498610180810616
56.98690227,0.20622468834643,-0.0013660261848618,0
56.996608095,0.206243682046808,0.00544653039555473,0
57.006914127,0.206333683533852,0.012275302017669,0
57.016896855,0.206492732703372,0.01889548605751,0.0997143443147943
57.026913032,0.206711572564445,0.0243311048686443,0.0498287744886987
57.036907307,0.206979609109453,0.028969870948407,-0.0498574998326258
57.046911955,0.207290938782862,0.0330949373139623,0
57.056903388,0.207641378156673,0.0364934194137788,0.0498685637692763
57.066906441,0.208020605946423,0.0389453381917487,0.0505999550036326
57.076608866,0.208408814661613,0.0379245852863148,0.09966343842654
57.086915561,0.208779443524367,0.0343217078239042,0.0491031187668127
57.096914733,0.209105746695898,0.0294242876150493,0.0498705172447767
57.106908965,0.209367735194067,0.0225275051458081,0
57.11690293,0.209556030906671,0.0152068128473191,0
57.126897479,0.209671696785561,0.00837810857983164,0
57.136899139,0.209723561316858,0.00269790459909259,0
57.146906408,0.209725678967133,-0.00146030851356558,-0.0505667039790445
57.15661728,0.209694766747684,-0.00398171059889429,0
57.166910409,0.209646028824331,-0.00511570240242898,0.0491625786149454
57.176898588,0.209591013611624,-0.0053102776587481,-0.0498620877719145
57.186907193,0.209539840349009,-0.00442927706857574,0
57.196937526,0.209502255603062,-0.00275786924094754,-0.0498320815422239
57.206916018,0.209484658625994,-0.000835815671731178,0
57.216916594,0.209485556784921,0.000366783547818468,0
57.226930665,0.209491999669229,-0.000297959289677274,0.0507000896694801
57.236582859,0.209479697038571,-0.00368181988057793,0.0498865361058992
57.246917649,0.209418411194185,-0.00979481210936479,0
57.256925512,0.20928044457463,-0.0185578021626936,0
57.266904426,0.209047500540749,-0.0283519694897981,-0.0498883382477524
57.276911774,0.208713794684191,-0.0380374668632946,-0.0497898982378711
57.286930203,0.2082857707117,-0.0468353855511788,-0.0998644588015893
57.296880617,0.207778546223275,-0.053839227298779,-0.0499160720098098
57.306905659,0.207210307595719,-0.0598658788263094,-0.0505779558590392
57.316594666,0.206598347354665,-0.0625316139452093,-0.0498293920504204
57.326915863,0.205959037244226,-0.0635314851781328,-0.0982405246979512
57.336893446,0.205308735713961,-0.0648415022765783,-0.0498706419625416
57.346909217,0.204662638135319,-0.0638374255217973,-0.0499285144864708
57.356863924,0.204033871812001,-0.0614359619908325,-0.0997026335993216
57.366910471,0.203433841854806,-0.0580220100408405,-0.0497467476589759
57.376907371,0.202870910728914,-0.0542824796285859,-0.0498690526207747
57.386904761,0.202348502215193,-0.0510237410758328,0
57.396593969,0.201866426849898,-0.0461468272780183,-0.0498420156567079
57.406909598,0.201425342457429,-0.0411737206743034,-0.0491027681340894
57.416899981,0.201030352783801,-0.0367427503767956,-0.0498926943775415
57.426894115,0.200691056337897,-0.0305590970914555,-0.0498609283188925
57.43689723,0.200419254910048,-0.0232820372798326,-0.0498589262076161
57.446892167,0.200225460945709,-0.0151834165472156,0
57.456915508,0.200115309056616,-0.00684351993413568,0
57.466931236,0.200088323177546,0.00120042642760118,0
57.476595334,0.200138933239837,0.00851583685406501,0.0499177225320866
57.486905733,0.20025842273524,0.0147204654134409,0
57.496905231,0.200437904376176,0.0205740881799883,0
57.506902639,0.200669840842611,0.0253900383889347,0.049731473492259
57.516954834,0.200946964566029,0.0296059131085949,0.0497907268721622
57.526928382,0.201262721249804,0.0333995330455818,0
57.536907854,0.201613386116878,0.0367307162216243,0
57.546911004,0.20199669726785,0.0403076226758003,0.0506353917655227
57.556599247,0.202407099355883,0.0418874440860789,0.0997272675863309
57.566907168,0.202834285469336,0.0423193243231857,-7.33785598918159e-07
57.576906488,0.203266488073871,0.0428249616908449,0
57.586907397,0.203690794510069,0.0411351885225714,0.0996826259891005
57.596911906,0.204089414714774,0.037419706827372,0.0497927508319706
57.606932326,0.204440121482488,0.0316297191947322,0.0499151686103404
57.616887425,0.204721234771513,0.0238550949875275,0.0499512150712621
57.62689343,0.204916295514464,0.0150338823279808,0
57.636595262,0.20501752007391,0.00553201645973838,0
57.646910273,0.205027029019412,-0.0030289414641972,0
57.656905396,0.204956001866894,-0.0102030996746566,-0.0498718592404028
57.666903139,0.204823039814832,-0.0152966084671917,-0.0498752170402311
57.676896916,0.20465019941279,-0.018260294163842,0
57.686912464,0.204457663654312,-0.0194032004890554,0
57.696908422,0.204261912149784,-0.0189713409371514,0
57.706909091,0.204078300825902,-0.0172004734888714,-0.0507126034803359
57.716570128,0.203923721496985,-0.0132244060409444,-0.0996734086957771
57.726916359,0.2038137165901,-0.00835783978108392,0
57.736910217,0.20375372229199,-0.00395251967358981,0.0998125667125413
57.746895733,0.203734747721299,-0.000685734416709638,0
57.756905752,0.20374001066546,0.000933446884637707,0
57.76690372,0.203753424114432,0.0011799567696057,0.0498565973796123
57.776905037,0.203763608957183,0.000647358575851267,-0.049873028636318
57.786896416,0.203766366557642,-2.13116400231853e-05,-0.0506953902016462
57.796573419,0.203763189791706,-0.000587910819467552,0
57.806912096,0.203754599122811,-0.00138943730434603,0
57.81691069,0.20373493242871,-0.00309998717945031,0.0498445071621574
57.826916232,0.203692586557675,-0.00595607803699553,0.0498619053691869
57.836907846,0.203615827807056,-0.00961692337332934,-0.0498945809872992
57.846900292,0.203500401383967,-0.0132289010257183,-0.0498453892431525
57.856911628,0.203351199754838,-0.0161885623790178,-0.0498716521991864
57.866893241,0.20317674428194,-0.0187233223571991,0
57.8765756,0.202983024868259,-0.0201576051980357,0.049802200955905
57.886914071,0.202773172295063,-0.0211336032166007,-0.048983411845196
57.896931091,0.202552839998186,-0.0220132953533222,-0.049894651763203
57.906897804,0.202333264478272,-0.0212636636286612,-0.049893003953831
57.916915484,0.202127898587611,-0.019275622730083,-7.44933199173889e-07
57.926901156,0.201947687411783,-0.0163927397224249,-7.45012902196177e-07
57.936916696,0.201800023925162,-0.012888679617663,-0.0498409692494292
57.946906413,0.201689846063641,-0.009152643823464,0.0507130062781171
57.956577952,0.201620071451872,-0.00473134213162042,0.0498516396807595
57.966907388,0.20159521460795,0.00032968293614539,-0.0981660832527333
57.976892125,0.201626768688072,0.00672543781705602,-0.0498783663239619
57.986897347,0.20172965583417,0.0142900318400088,0.0499234297681176
57.996864637,0.201912176520477,0.0220570446058184,0
58.006911553,0.202171110068662,0.0289847913475423,0.0994870746422108
58.016909078,0.20249316046054,0.0344773023431167,0.0498896487512087
58.02689729,0.202860164365761,0.0386773409466755,-0.0507523691182498
58.036555085,0.20325301577152,0.0394407183982711,0.0996584278923953
58.046907416,0.203649378110441,0.0378188046902357,0.0490238004132255
58.056893806,0.204022201888668,0.034644035736202,0
58.066904902,0.204342171730059,0.0278409024446441,0.0996485228617257
58.076905921,0.204579357230094,0.0182602068119717,0.0498635988819481
58.08690108,0.204707306075788,0.0065391354140834,0
58.096910384,0.204710169122537,-0.0060272875125212,0
58.106902501,0.204586751760762,-0.0183105111150711,-0.0507559395490499
58.116555009,0.204350465998123,-0.0280006877678961,-0.0498352920101677
58.126910037,0.204026526992221,-0.0344889623779926,0
58.136900361,0.203648775918428,-0.0384183436733664,-0.0997232871166687
58.146907298,0.203258265346597,-0.0374943273841088,-0.0997180212840141
58.156898678,0.202898952473699,-0.0324362502396411,0
58.166903067,0.202609677579579,-0.0239074445612126,0
58.176898466,0.202420808650853,-0.0126812545026524,-0.0498595648146894
58.186900564,0.202356084230706,0.000522890588505,-0.0507333661527712
58.196551538,0.202431085057237,0.0152024866395167,0.103439331038048
58.206179138,0.20264916649437,0.0281282068102987,0.0489705138487932
58.216912086,0.203003790762152,0.0402297296965734,-0.0480945427190976
58.226911143,0.203483209451588,0.0531678827505807,0.0498598234255217
58.236910077,0.204067041602887,0.0619262904853526,0.14957739377112
58.246909312,0.204721621874257,0.0668984277030462,0.0996990147519717
58.256912057,0.205405142615835,0.06773715502987,0.0498433037945855
58.266913632,0.206076657599364,0.0658682876519764,0.0507523200348091
58.276558083,0.206699192707621,0.0581292355029103,0.099720579332115
58.286911436,0.207239114657621,0.0476680884283591,0.0980050333673703
58.296905942,0.207669136249761,0.0366822490462613,-0.0498383683446916
58.306918036,0.20797300174139,0.0236592632184068,0
58.316941133,0.208143154107261,0.010137845164624,0.099734536677264
58.326912892,0.208175706495607,-0.00342232821092455,0.0499160332160348
58.336916306,0.208074792509185,-0.0157476482248382,-0.099805906275939
58.34689345,0.207861059696887,-0.0257553613233237,-0.101672081340239
58.356530124,0.207569631539665,-0.0311028478446087,-0.0498098168177389
58.366911518,0.20723844077374,-0.0328810155287787,0
58.376910803,0.206899494116979,-0.033070488626051,-0.0498992886836164
58.386893394,0.206577630370755,-0.0304518014584429,-0.04988579658021
58.396898382,0.206290836329636,-0.0263473333919814,0.0498153235895023
58.40690895,0.206050273843797,-0.0213531483032962,-0.0498328137615033
58.416906913,0.205863591199862,-0.0156463089112268,-0.0498455139657298
58.426912383,0.205737293951794,-0.00965255350213692,0
58.436544895,0.205674034527933,-0.00337110547223826,0
58.446879277,0.205669983446167,0.00207348953277983,0.0490226169511313
58.456884107,0.20571620767112,0.00663968907500255,0
58.466883397,0.205802804583186,0.010222855851595,-0.0498540200941863
58.476884127,0.205920664992609,0.0127710620064347,0.0498161797618635
58.486898609,0.20605842009671,0.0140343000022278,0.0498476695074297
58.496886695,0.206201387032736,0.013862268393554,0
58.506879495,0.206335400501183,0.0126269054729121,0
58.516513334,0.20644921074814,0.00988423361564063,0
58.526879603,0.206533086240993,0.00624924508740436,0
58.536883614,0.206576509620359,0.00173710942597206,0.049848242515462
58.54688224,0.20656783301027,-0.00394641060646765,0
58.556920276,0.206497436724924,-0.0102955710698765,0
58.566877695,0.206361968382243,-0.0165395125670399,0
58.576887709,0.206167185115889,-0.02166833862493,-0.0995986093741754
58.586899839,0.205928121786054,-0.025642590049767,-0.0507942279321254
58.596517526,0.205663825765806,-0.0269085061999068,0
58.60688504,0.205390349881039,-0.0267229410800161,0
58.616883671,0.205119582472944,-0.026340965746854,0
58.626882881,0.204863587436247,-0.024240955770569,-0.050281546054195
58.636713638,0.204638885119965,-0.0199109509120528,-0.0996421944337041
58.646896267,0.204465101890017,-0.0140088233332047,-0.0494360398409581
58.656883059,0.204356335264443,-0.00761933135550809,0.0498886320154595
58.66688271,0.204312818558182,-0.00175612371565511,0.050850866524478
58.676491305,0.20432190075862,0.00271002529533054,0.0498638881477843
58.686878772,0.204367008392009,0.00563697930114416,0
58.696884076,0.20443685438664,0.00807462396800402,-0.0498366545292696
58.706885761,0.204528557304916,0.0103373256196107,0
58.71688,0.204643558764093,0.0126493616943154,0
58.726899233,0.204781714951003,0.0146973847557112,0
58.73688283,0.204937548052806,0.0158568644745106,0.0498779689770297
58.74688965,0.205098700284161,0.0159048929234462,0.10171864450661
58.756487523,0.205249358595768,0.0140109001005397,0
58.766886575,0.205378875202654,0.0116307874369532,-0.048881702893799
58.776885368,0.205486601595135,0.00994857460856198,0
58.786885734,0.205577838328074,0.00854796761838096,0
58.796883719,0.205657546851904,0.00746159362342904,0
58.806882967,0.205727049554313,0.0063058672815837,0.0498604820061956
58.816881147,0.205783647978845,0.00487031843138837,0.0498554459585088
58.826882415,0.205824453234525,0.00354282849197517,0
58.836492381,0.205853127217423,0.00298996034550881,0
58.846882495,0.205884252680632,0.00438347656652574,-0.0488642608217176
58.856897507,0.205942572609081,0.00856343571976106,-0.099731901021839
58.86687773,0.206055480590256,0.0149300154579232,0.0498906148235616
58.876882857,0.206240954193513,0.0223369792922513,0.0996811562073987
58.886883144,0.206502341108507,0.0296988871858826,0.0498537381654965
58.896883289,0.20683494476715,0.0366379286459235,0.0498586416569952
58.906881609,0.207235043442205,0.0442123305944262,-0.0508362002261862
58.916497192,0.207702121130833,0.0498282540461112,0
58.926884034,0.208231729356643,0.0541978156591391,0.146734936517779
58.936882753,0.208806974008019,0.0583936238501359,0.049865354048816
58.946879807,0.209399355003798,0.058318846257714,0.0498248327363491
58.956894489,0.209974035363153,0.0546962606095848,0.149533339824695
58.966883768,0.210493496867878,0.0490007603269165,0.0514192084292684
58.976286003,0.210924234293043,0.0377783282356194,0
58.986730073,0.211243257092432,0.0254419795863197,0.049332980475325
58.996497257,0.211438448604725,0.0132040202238209,0
59.0067211,0.211507219017235,0.000885575927133287,0
59.016721279,0.211456358511758,-0.0102663273921358,0
59.026727283,0.21130182899269,-0.0194517485828507,-0.0996349956416764
59.036736111,0.211067035031766,-0.0259954494002181,0
59.046880511,0.210777936773965,-0.0301401065839939,0
59.056882082,0.210459833318588,-0.031904349085923,-0.0498084184644442
59.066899141,0.210139255414223,-0.0314464252150117,-0.101799791593916
59.076471294,0.209843822628409,-0.0272090906229948,-0.0498986409826275
59.086881575,0.209595551556649,-0.021564512459844,0
59.096881268,0.209403691489781,-0.0166135441546526,0
59.106881167,0.209263287451882,-0.0122203343447182,0.049855169254667
59.116880827,0.209159290192054,-0.0098638103942019,7.75022835363872e-07
59.126107905,0.209073638553751,-0.00838314149789341,0
59.136883641,0.208991603771936,-0.00817686764582638,-0.0479921959105777
59.146883812,0.20890375671199,-0.00965125762722746,-0.0508954005827625
59.156474144,0.208802530780436,-0.0113753390294702,0
59.166883613,0.208676252195093,-0.0144451205618983,0.0488103078838921
59.176901825,0.208507450465591,-0.0198740659416772,0
59.186904806,0.20827834968518,-0.026515088108035,-0.0498647559654109
59.196897539,0.207977262347098,-0.0339269336888026,-0.0498396313625579
59.206910899,0.207599604294597,-0.0415709905760838,-0.0498094410958826
59.216915758,0.207145085153699,-0.0509851094631041,-0.0516400903912095
59.226219469,0.206615154739571,-0.0579327085791123,-0.101845522540921
59.236496174,0.206010738619713,-0.062094932475112,0
59.246911956,0.205330256156564,-0.0703978923553384,0
59.25691645,0.204573194227999,-0.079112700779724,-0.0997857183031002
59.266896407,0.203749232264354,-0.0851034699477912,-0.100445522281187
59.276769776,0.202883607295394,-0.0866699189457462,-0.149448268301546
59.286911755,0.202014503675523,-0.0843773357845652,-0.148553843499173
59.296905634,0.201184597243618,-0.079207130346074,-0.0498846210673332
59.306899805,0.200431307593809,-0.0716913852627602,-0.101896235396763
59.316476305,0.199781548729106,-0.0610795235554056,-0.0515654498167438
59.326236324,0.199250242226069,-0.0459988056626229,0.0488175632410788
59.33690095,0.198842039453023,-0.0335329449396984,-0.0964930026958607
59.346902722,0.198557237039833,-0.0224711138363865,-0.0996819434816668
59.356906206,0.198392499068121,-0.0111741692670406,0.0498501641878508
59.366904289,0.198333736144569,-0.00190189382227722,0.0498611951129794
59.376903348,0.198354466627288,0.0044427018889026,0
59.386909019,0.198422611196327,0.00772656830261428,0
59.396472035,0.198505665423986,0.00741690671031523,0
59.406905099,0.198570920256259,0.00396698712301368,0.0976387816788793
59.416896068,0.198586687299897,-0.00217567650685816,0
59.426098526,0.198529161568049,-0.00994513846968685,-0.0996222534428571
59.43691346,0.198387611564655,-0.0176591316048789,0.0479240625176669
59.44690397,0.198161755494355,-0.0263305966954935,0
59.456920891,0.197860803968081,-0.0327011505158371,-0.0995694098376768
59.466931836,0.197506821233778,-0.0372805443688998,-0.101956646676254
59.476479966,0.197131631004729,-0.0370640947628719,-0.0499419662344349
59.486896935,0.196766832912492,-0.0339429613336805,0.0488088295860151
59.496908571,0.196438223655113,-0.0298046987128785,0
59.506901484,0.19617060335666,-0.0221850046830596,-0.0996952865173615
59.516911299,0.195994463040759,-0.0115689714995884,-0.0507736130839987
59.526539271,0.195943414358542,0.00256199660025566,0
59.536909269,0.196045697771911,0.0184077005877213,0
59.546908977,0.19631837380765,0.0367507141304696,0.0509445091470126
59.55648118,0.196764979478059,0.0528866596270697,0.0996893906941178
59.566912888,0.197376313839917,0.0670674617845812,0.0975803644643696
59.57691744,0.198135587564629,0.0824616435380984,0.0997145465560182
59.586911603,0.199025440747467,0.0947251960729435,0
59.596921964,0.200030520022875,0.105359059869679,0.0997390181141758
59.60690571,0.201132001063921,0.113576134421562,0.149630480043971
59.616913038,0.20230102893073,0.119504061692169,0.100717337691812
59.626705308,0.203498133444793,0.121455704065352,0.203911687038902
59.636472194,0.204676599993634,0.113402857694066,0.148055908614453
59.646908886,0.205789276925638,0.103791054185218,0.0976080330953414
59.656902661,0.20679709970106,0.094027018394518,0.0497882580628747
59.666935622,0.207672331199892,0.0798210414670769,0.0498188134407134
59.676917114,0.208394674183914,0.0638019832415014,0.0998823006047565
59.686900898,0.208946155404656,0.0475598000709191,0.103406048777001
59.696201893,0.209311854417566,0.0269615156445665,0
59.706906306,0.209485531525424,0.00793343585943579,0
59.716451481,0.209472503225144,-0.00983694732492009,0
59.726931087,0.209288548809534,-0.0251181103746662,-0.048744058071768
59.736906926,0.208958701099871,-0.0386869806963992,-0.0499051004086079
59.746910636,0.208515600383048,-0.0481048116676242,-0.0996029472597745
59.756928198,0.207995581580965,-0.0541968680655849,-0.0997264339166431
59.766907266,0.207431845665182,-0.057422337204576,0
59.776913603,0.206847972915885,-0.0585768886110355,0
59.786928702,0.206259052238777,-0.0598318071915188,-0.102033363117981
59.796457972,0.205678597998197,-0.056911564926039,-0.0498898135050848
59.806914373,0.20512163642607,-0.0525663784258032,-0.0487582883650576
59.816907447,0.204603643156738,-0.049078799128196,-0.0498660951570339
59.82690955,0.204140297150554,-0.0428569100305413,-0.0996983890191308
59.836909702,0.203746408313795,-0.0354296054555756,-0.0498096550824847
59.846927683,0.203431062596407,-0.0276233042322577,0.0498595367043696
59.856907808,0.203193994547688,-0.0200900454637716,0
59.866909679,0.20302962338831,-0.0133290417192329,-0.0510078574829025
59.876455412,0.202933443718461,-0.00639984743855203,-0.0498420629952331
59.886914497,0.202901595605074,-0.000346774434477732,0.048740436275076
59.896912377,0.202926349765992,0.00469629346782895,0
59.906919487,0.202995544908935,0.00843210500404751,0
59.916893026,0.203094828696409,0.0106732642056404,0.049860654047582
59.926916846,0.203208982004957,0.0114528366221111,0
59.936897263,0.20332393395452,0.0109784280969954,0
59.946907715,0.20342845032287,0.00967088324954875,0
59.956461684,0.203513139185856,0.00706007927344476,0.0498527361471491
59.966908549,0.203569657796445,0.00390411529240285,0
59.976907914,0.203592963625071,0.000723402298261238,0
59.98690914,0.203584126269941,-0.002091455129167,0
59.996904712,0.203551141219327,-0.00382174687248806,-0.0498697609736193
60.006903146,0.203507714240042,-0.00412902693597431,-0.0498429200869853
60.016909186,0.203468542207341,-0.00327757496439799,0
60.026901419,0.203442168401126,-0.00211469153606387,0.0517105162650034
60.036191171,0.203427766756863,-0.00125669015759523,-0.0498383608714119
60.046908022,0.203417026300049,-0.00153982788403495,0.0481223920496224
60.056911178,0.203395861512327,-0.00348175339322396,0.0498785247629925
60.066898515,0.203347424333214,-0.00689467943383604,-0.0498670598628028
60.076906267,0.203258001783421,-0.011835979362169,-0.0514809317424218
60.08626649,0.203118185380827,-0.016980679141733,0
60.096913107,0.202918272052741,-0.0228048010306085,0.0482954385056231
60.106911947,0.202647369841756,-0.0321351694574288,-0.0517453199978595
60.116182123,0.202299058958303,-0.0385794391983905,-0.0498598811173484
60.126909616,0.201875870986461,-0.0438561375565696,0
60.136909443,0.201390038761204,-0.0505403527391563,-0.049886805670069
60.146896492,0.200865727223267,-0.0525155259325133,-0.149577767749754
60.156907562,0.200339827024258,-0.0505505468313446,-0.0996588986501598
60.166906673,0.199854201631523,-0.0447964527140802,-0.0498576073454521
60.176906143,0.199443961536143,-0.036109161298213,0
60.186919703,0.199131547903187,-0.0267331418898295,0
60.196184832,0.198928581607656,-0.014599606187582,-0.0498806962638641
60.206909027,0.198839711644831,-0.00310591416326948,0.0481183357184889
60.216906276,0.198864222581253,0.00791327728386857,0
60.226902004,0.198997921615562,0.0184912587076167,-0.0498628707448988
60.236902746,0.199233982481262,0.0281044504926867,0.0996770630520955
60.246908389,0.199560190072332,0.0362362441164512,0.0498099682023428
60.256920454,0.199959349035002,0.042553859642085,-0.0498240760425237
60.266920728,0.200411792337248,0.0485086554358298,0.155291647923572
60.276182752,0.200893737211586,0.0484308825340654,0.0997694118440806
60.286908744,0.201379829592233,0.0462304264395871,0
60.296903605,0.201851671081968,0.046620101305535,0.0504667054726088
60.306665956,0.202300912817188,0.0442375870255557,0
60.316666969,0.202725954616836,0.0423585046855281,0
60.326154415,0.203126414799053,0.0385403444763044,0.0498528111647218
60.336667474,0.203496780969236,0.0335568942797711,0.0480141578177919
60.346920819,0.203823270822652,0.0302702150213895,0.10232819511403
60.356155531,0.204086688644975,0.0224244171808105,0.0997578960087581
60.366910993,0.204271538823945,0.0139563859727838,-0.0480271530659366
60.376916316,0.204376434173533,0.00719962135491401,-0.0498742141432864
60.386902915,0.204415473092502,0.00164305760549904,-0.0498745104504177
60.396908418,0.204409282348774,-0.00203492321801045,0
60.406916163,0.204374747669479,-0.00458267844656456,0.05176578789058
60.416170103,0.20432101224008,-0.00603694899392418,0.0498770258493522
60.426906958,0.204254064259716,-0.00676224379007748,0
60.436177435,0.204185717783507,-0.00575894972266145,-0.0498420629952154
60.446911776,0.204138857518643,-0.00197943607681406,-0.0481042995457712
60.456905235,0.204144688428394,0.00501493200270719,0
60.466180543,0.204235489074924,0.0147063347879388,0
60.476909316,0.204438875140705,0.0259866549178648,0
60.486913494,0.20477426911799,0.042088499473814,0.0517567890160475
60.49617435,0.205249711514077,0.0542903455531383,0.0498596517362148
60.506911255,0.205859954472969,0.0669022841805999,0.149499649276135
60.516182819,0.206588323793134,0.0777138109987356,0.0997391807305896
60.52690518,0.207413758581542,0.0834370011512302,0.0480974658713391
60.536913564,0.208318034987565,0.0972274978905359,0.0517903633065127
60.546157725,0.209285635359917,0.0990290441717203,0.0997407900440312
60.556907017,0.210297967527847,0.0985252076284049,0.144143123026761
60.566909732,0.211330231158298,0.106857553832836,0.155364708125255
60.576160161,0.212355311399278,0.10105710851992,0.0997152446075658
60.586908307,0.213351229322317,0.0973454902159874,0.0497904981302756
60.596185996,0.214304736124338,0.0928711910218686,0.0996987455920186
60.606910341,0.215208842042757,0.0877276221123237,0.0498753442763087
60.616177465,0.21605854016224,0.0818719718830842,0.0498554534370427
60.626909786,0.216846236041474,0.0721167916461461,0.0959719484212208
60.636956221,0.217557037379358,0.0687564932667333,0.103730040410813
60.646134618,0.218168068073436,0.0570880128593143,0.10383314256893
60.65616182,0.218653446862041,0.0396314144734352,0.0479944621204868
60.666909544,0.218991407776397,0.0257996640491161,0
60.676135558,0.219168762592246,0.00945934380041908,0
60.686897693,0.219180482549722,-0.0070044357841496,0.0498407973438598
60.696140884,0.219028636570938,-0.0227711689678437,-0.0498210585147817
60.706910945,0.218724757406834,-0.0369283169804855,-0.0997385152611722
60.716134793,0.218290295161707,-0.0506116531863669,-0.051822346253128
60.726151608,0.217750955644002,-0.05790028903929,-0.0498044975224583
60.736154999,0.217131119447681,-0.0649403495885468,-0.0498917257281896
60.746136513,0.216453128926808,-0.0697088648518472,-0.0998052853708565
60.756135532,0.215738299173116,-0.0723404742768934,-0.0996328949455092
60.766151767,0.215005215959676,-0.0736009408452685,-0.0498522874953378
60.776136546,0.214266205724857,-0.071209405113521,-0.048029196432324
60.786911979,0.213526893613125,-0.0738189049205057,-0.0996256128858977
60.796153263,0.212788593595813,-0.0738926191096397,-0.0498672772966057
60.806906682,0.212049432640136,-0.0741564119287396,-0.0498548053065862
60.816152968,0.21130548723338,-0.0748019420725433,-0.0997011531300245
60.826908233,0.210553277780873,-0.0757344528089788,-0.0498628254691529
60.836149755,0.209791041511997,-0.0797013920797428,-0.0518348156151066
60.84614398,0.209020161967279,-0.0771746122077707,-0.14948818838526
60.856159758,0.208246777290196,-0.0742166693049488,-0.0480334369716271
60.866902049,0.207479567224897,-0.0761272356229381,-0.09984106453979
60.87613328,0.206726248274682,-0.0743899178042958,-0.0996759644554836
60.886908804,0.205991266364916,-0.072566408870311,0
60.896138405,0.20527454819443,-0.0736320523739236,-0.103594121130595
60.906158572,0.204573866439354,-0.0693618598384988,-0.0996751548820642
60.916145173,0.203886841556593,-0.0657268814217793,0
60.926909538,0.203209970157685,-0.0672570695402158,-0.0498411087013491
60.936150673,0.202541330251906,-0.0662107426709625,-0.0997047793749735
60.946910511,0.201885690881213,-0.0620211861566126,-0.0480899760744425
60.956884027,0.201255423043821,-0.0633507630951762,-0.155506482647311
60.966146102,0.200667101512776,-0.0581377648442608,-0.0517333593371679
60.976157786,0.200134889775414,-0.0501260234983735,0
60.986123795,0.199665699204015,-0.0437827902784421,-0.0499639087027162
60.996114117,0.199261145920514,-0.0372461262994652,-0.0498600980340479
61.006121377,0.198920866739159,-0.0308890134715994,0
61.016120415,0.198643171112075,-0.0246845439221057,0
61.026129161,0.198426983716227,-0.018467976178764,-0.0996982448455983
61.0361224,0.198273774929567,-0.0121442772236772,0
61.046119975,0.198184209729084,-0.00601499475973255,0
61.056122708,0.198153473181754,-0.000681488910902069,0
61.066120386,0.198170579670774,0.00334875428596211,0.0498475349363532
61.07612533,0.198220457047907,0.00585501263014446,0
61.086123484,0.198287698062206,0.00695911689537907,0
61.09612287,0.198359622266387,0.00699789247552391,0.0498654667006024
61.106118913,0.19842762392435,0.00650290556099953,0
61.116125231,0.198489695730967,0.00613346274695429,-0.0996783609860737
61.126124888,0.198550329826729,0.00614565516205984,0
61.136118559,0.198612567830397,0.00598890062203906,0.0498587417123058
61.146123014,0.19867009661597,0.00486930872406283,0.0997102609560784
61.156118283,0.198709952660949,0.00272592209896195,0.0498477592218667
61.166125546,0.198724621959984,0.000593133354594285,-0.0996682601715908
61.176126435,0.198721820163264,-0.000157900416894289,-0.0498678185057762
61.186120032,0.198721464822309,0.00115828967056008,0
61.196121653,0.198744980417734,0.00434866268549184,7.44616901694544e-07
61.206131881,0.198808489603323,0.00879113871934874,7.44954948212921e-07
61.216124421,0.198920827525993,0.0137512659115369,0.0498699390603423
61.226125218,0.199083423296869,0.0186163783578938,0.0498498777711196
61.236125804,0.199293180839602,0.0231722447556464,0
61.246130064,0.19954698048468,0.0274614430146214,0
61.256130823,0.199842547528877,0.0313931893525977,0
61.266116761,0.200174426648134,0.0343379192787239,0.0498692845791633
61.27612502,0.200529106651506,0.0355061110647485,0.0996835976409843
61.286121984,0.200884734317847,0.0344752837778321,0.0499699207186264
61.29607895,0.201217024050739,0.0310586902639019,0
61.306098322,0.201505173212396,0.025799462908259,0.0498582533784971
61.316076973,0.201732962303366,0.0192409921669256,0.0499273996766723
61.326068649,0.201889422117774,0.0119585134093287,0
61.336069216,0.201972039809364,0.00489185224127274,-0.0497670299012488
61.346103628,0.201987430274699,-0.00132300614905726,-0.0498265756437598
61.356080252,0.201945565085687,-0.00673356471414463,0.0498514253300979
61.366104689,0.201852751836104,-0.0116589734580476,0.0498684470214702
61.376074486,0.201712452842167,-0.0160127271752396,-0.0498511339328098
61.386105568,0.201532483217412,-0.0192271696752291,-0.0498515127876522
61.396075213,0.20132789547051,-0.0207197963597706,0
61.406108001,0.201118036878952,-0.0201578427919311,-0.0497737534713519
61.416107785,0.200924082033416,-0.017593340054827,-0.0499239596904239
61.426080301,0.200766657413375,-0.0131330916862542,0
61.43607754,0.200661817410049,-0.00737880144346811,0
61.446100539,0.200618932052322,-0.000949063926915178,0.0497736193010784
61.456110166,0.200642805167351,0.00597607769924986,0
61.4661057,0.200738484448844,0.0135307216438156,-0.0498696462390389
61.476104218,0.200913339119495,0.0216952158570258,0
61.486102649,0.201172322573881,0.02990801389014,0.0498475895981437
61.496107117,0.20151158610063,0.0372151221368822,0.0498299598222981
61.506112625,0.201916996274677,0.042728474352765,0.0498428553983753
61.516111318,0.202366335090006,0.0458141777689891,0.0997579340692013
61.526102642,0.20283282246712,0.0462098536624503,0.0498622793894827
61.536108324,0.203290393810953,0.0443344904794719,0.0499057438178015
61.546082232,0.203718607409759,0.0406716581779447,0
61.55610587,0.204103727166263,0.0357817049296652,0
61.566105763,0.204435083487651,0.0298590546951994,0.0996943794222677
61.57610878,0.204700995150016,0.0228050316893523,0.0498620977459387
61.586102543,0.204891110689236,0.0150399215843364,-0.0499131146671883
61.596085121,0.205001437752198,0.0071595525892414,0.0498482551492355
61.606104876,0.205034318444257,-0.000136364313093889,0.0497937597464042
61.616109345,0.204998707162647,-0.00607524276648551,-0.100137323457884
61.626019157,0.204913334352662,-0.00980474368326001,-0.0500315091971442
61.636038414,0.204803307749256,-0.011089492053786,0
61.646058442,0.204691108860891,-0.0105533351740867,0
61.656052494,0.204592092454815,-0.00879004039632875,0
61.666050357,0.204515379120441,-0.00631410532509466,0
61.676045754,0.204465852905383,-0.00348839651212709,0
61.686015706,0.204445732066626,-0.000447158470526666,0.0498610006272866
61.696042974,0.204456910979073,0.00290774927104668,-0.0497568909569962
61.706055067,0.204504001503966,0.00672317435669482,-0.0996811835535345
61.716048532,0.20459141183361,0.0104672674029788,0.0499188609047964
61.726029407,0.204713078261944,0.012831496447891,0.0997077084034839
61.736048768,0.204848044790801,0.0127668925366065,0.0498074178302884
61.74604814,0.204968655274874,0.0101577433812083,0
61.756045947,0.205051171003431,0.00556969830341277,0
61.766050196,0.205080060692242,-0.000237415602674778,-0.0498217057681207
61.776058939,0.205046419606874,-0.00682869241752597,0
61.786048429,0.204943498910191,-0.0141516137115689,0
61.796048528,0.204763534665093,-0.0222287144195354,0
61.806059045,0.204498688641768,-0.0308704366422342,0
61.816087034,0.204144937235215,-0.0396883779882908,-0.0499469563028311
61.826021851,0.203706397251533,-0.0475272501346445,-0.0500179259637049
61.836021813,0.203197492007303,-0.0531774358217079,-0.0995854040327294
61.84604665,0.202641529787868,-0.0565881962902697,-0.0996796564345917
61.856027528,0.202065404679956,-0.0574075609123839,-0.04982110332412
61.866059884,0.201492618837959,-0.0561413465409637,0
61.876060602,0.200940720930241,-0.0533820632560354,-0.0498711203690588
61.886053345,0.20042532663815,-0.0487777021123649,-0.0498481129274807
61.896063291,0.199965035724753,-0.0421782210163171,-0.0996887278936862
61.906057389,0.199581591649098,-0.0335045629390033,-0.0498506674307045
61.916064955,0.19929488871438,-0.0232169363659451,0
61.926038498,0.199117691512924,-0.0120652444977163,-0.0498689109361106
61.936059003,0.199053655636761,-0.00109404882306321,0
61.946080358,0.199095764739579,0.00865969698848076,0.0999446093127212
61.956011832,0.199226441089964,0.0165279618184417,0.0500935458175615
61.965985044,0.199424748629795,0.0224208666739273,-0.0499057148772411
61.975991135,0.199674394378765,0.0268613809049665,0
61.985998687,0.199962342717714,0.0298377879615355,0
61.995987365,0.200271037649535,0.0305037911266802,0.0498475224761126
62.006001314,0.200572498673707,0.0278548041037832,0.0996108499792283
62.016006899,0.200828677847354,0.0213177861751716,0.04987610770639
62.025992477,0.200998666011934,0.0109796003750982,0.0498688261338429
62.036000981,0.201048204877581,-0.00202010703623636,0.0499181423798507
62.045966806,0.200958315729377,-0.0158575862790089,-0.0997046801440157
62.056001675,0.200731042146836,-0.0285599756889033,-0.0995237025707942
62.06600387,0.20038605766866,-0.039070851790507,-0.049843580263259
62.076006183,0.199949448979626,-0.0470228026175657,0
62.085990323,0.199446238634216,-0.0523418269624635,0
62.096003279,0.198902764441042,-0.054644500348205,-0.0996852396155888
62.105995067,0.198353089393742,-0.0531655854730715,-0.0997211734537715
62.116000665,0.197839591706421,-0.0472939033325042,-0.0498433735602448
62.125999359,0.197407008341659,-0.0371925713642365,-0.0997019456990415
62.136002057,0.197095688507077,-0.0235991654263053,-0.0497994405183664
62.146021598,0.196934500211293,-0.00801348945247212,0.0498008477821699
62.156023431,0.196935247437704,0.00801863818445806,0.0499285094862386
62.165992078,0.197094636264783,0.0233704332085357,0.0499033385174657
62.176003984,0.19740220161706,0.0375794744638788,0
62.185993329,0.197846272765983,0.0505994979954916,0.0498552911242681
62.196003793,0.198414181912466,0.0621831177838064,0.0996304409267765
62.206009076,0.199090914319215,0.0722904067890829,0.0498379523737449
62.216009962,0.199860436007767,0.0808056668201497,0.0498842898509847
62.22599696,0.200706048614159,0.0874169872761888,0.149562578241352
62.236010112,0.201608788865839,0.0920549434245692,0.049826418930117
62.246008358,0.202548196724895,0.0946772899361101,0.0996628556645787
62.256019349,0.203503209198688,0.0952656853685894,0.149659208222409
62.265995495,0.204452285029756,0.0936597602997207,0.0498698333065543
62.276013326,0.205375840291946,0.0902133243398477,0.049865830368179
62.285991077,0.206256152954086,0.0848158949488886,0.0996871308335758
62.296017541,0.207072515689921,0.0771804443838845,0.149541984291202
62.305993782,0.207799970614866,0.0671957106537916,0.0997377370698813
62.316011606,0.208416031096454,0.0554673333044007,0.049856747255528
62.325992708,0.208909257709038,0.0433115355431891,0
62.336009384,0.209282165569086,0.031942258284793,0.0498102647055026
62.346010596,0.20954867425785,0.0223980290279599,-0.0498650003562704
62.356005,0.209730027956686,0.0149379069503548,-0.0498241034288971
62.366022924,0.209847616551374,0.00924253367062273,0.0996649177759842
62.376013823,0.209914960176973,0.00457389051890029,0.0498881477721786
62.386009561,0.209939033240853,0.000651777300995196,-0.0498685986869264
62.396008295,0.209927992119968,-0.00235642678109318,-0.0498467225413021
62.406012509,0.209891897758485,-0.00458659660035364,7.45000051723886e-07
62.416009852,0.20983625304663,-0.00672295854691928,0
62.426012857,0.209757436247957,-0.00960928435741057,0.0498148830704306
62.436025585,0.209643916176611,-0.013768219441047,0
62.446018449,0.209481994867253,-0.0190958379205914,0
62.456009474,0.209262307071244,-0.0249451926221235,-0.0498793363260157
62.466008318,0.208983343734557,-0.030626242701435,-0.0996661854156499
62.476017893,0.208649524374878,-0.0359375183826473,0
62.485991755,0.208265188600021,-0.0408510866875129,0
62.496020785,0.207832384499785,-0.0454555957321772,-0.0497970106363078
62.506014971,0.207355021388267,-0.0494626633379227,-0.0498335908798837
62.516029303,0.20684270991006,-0.0521480847422362,-0.0498295240313245
62.526025122,0.206311530338214,-0.0531157127159578,-0.149721097812217
62.536008178,0.205781517725172,-0.0508336195493923,-0.0486283818578057
62.546529226,0.205269232516277,-0.0499559498529187,0
62.556022941,0.204781661228426,-0.0487539177228213,0
62.566018191,0.204319069120164,-0.0448815723351832,0
62.576023805,0.203883991004044,-0.0415443735073843,-0.0997293095170125
62.586014095,0.20348835181577,-0.0366000115044102,-0.0997099069809767
62.5960236,0.203151998276958,-0.029723147881981,-0.0498401595596774
62.606019677,0.202893722943519,-0.0214130366280117,0
62.616026217,0.202723681506481,-0.0125747132574179,0
62.626025307,0.202642157882735,-0.00402514641261391,0.0498409518096712
62.636031481,0.202643157389858,0.00389020904067224,0
62.646073128,0.202720148097235,0.0112861797024415,-0.0498842000050076
62.656019401,0.202868744646856,0.0181554368368634,0
62.666030917,0.203082490474828,0.0238183824928906,0
62.676049517,0.203345829611121,0.0274352785957283,0.0997320377470172
62.686026274,0.203631068664744,0.0279085981511085,0.099772804401599
62.696036704,0.203903643981275,0.0250689778638836,0
62.706019169,0.204132270106934,0.0195624926674285,0
62.715993548,0.20429404959569,0.0120052104470796,0
62.72603096,0.204372515869312,0.00301084176801583,0
62.736033226,0.20435438589523,-0.00717382140557482,0.0499653978511611
62.745986398,0.20422935912103,-0.0179107312398871,0.0498137880285242
62.756049399,0.203995881600176,-0.0279437335235919,-0.0994586519590573
62.766036717,0.203669078349831,-0.0358184540444837,-0.0998129399443187
62.776028549,0.203280259334053,-0.0401310418458073,-0.0996968342753982
62.786038985,0.202866366495712,-0.0410785892776529,-0.0498146217492397
62.796044387,0.202458036945803,-0.0395777861557726,0.049856722325826
62.806037921,0.202074852883361,-0.0364247037075641,-0.049872794688974
62.816036878,0.201729816384752,-0.0320029420311362,-0.0498451825521508
62.826041487,0.201434679920247,-0.0265313234232131,-0.0498568441798094
62.836036064,0.201199211512785,-0.0203762391989513,-0.049810137803151
62.846059426,0.201026789606913,-0.0144549242256761,0
62.856035478,0.200910121498857,-0.00982469517968041,0.0500374969036932
62.865986408,0.200831013082912,-0.0071548757722897,0.0498403762492527
62.876041272,0.200766982528061,-0.00647703222179802,0
62.886047176,0.200701078842182,-0.00698432400047961,-0.0498809301672395
62.896030801,0.200627369180908,-0.00763188228733017,-0.0498549072378199
62.906047139,0.200548441478815,-0.0079159955031492,0
62.916033466,0.200469028174717,-0.00780133243831842,0
62.926054995,0.200392353542781,-0.00742251801714086,0
62.936049186,0.200320461132391,-0.00683445691312781,0
62.946033145,0.200255813737402,-0.00595085228269871,-0.0498656009357304
62.95604486,0.200201469830124,-0.00486274783443697,0
62.966052524,0.200158464545523,-0.00385942300905511,0.0498746825860544
62.976036893,0.200124312117966,-0.00309512342080948,0
62.986047507,0.200096577605341,-0.002335833749685,0
62.996044013,0.200077578811836,-0.00101513517179356,0
63.006055986,0.200076266294574,0.00148186106969734,-0.0498606661554294
63.016041666,0.200107212555302,0.00551192049285138,0
63.026060904,0.200186531812056,0.011055715186039,0.049834004326048
63.036050018,0.200328419196356,0.0180139082414102,-0.050156758693577
63.045940504,0.200544641102332,0.0257116477875316,0.0498474649975317
63.056052967,0.200842727975756,0.0337707617130759,0.0495684900586949
63.066056031,0.201223957771382,0.0420488058978466,0
63.076051159,0.201683628069472,0.0493024153316819,0.0498736822202462
63.086048465,0.202209633055941,0.0551545165093864,0.0501842926305677
63.095919555,0.202779459844669,0.0574969595355171,0.0996844299547232
63.106053222,0.203359845759688,0.0566491038872195,0.149593284941187
63.1159155,0.203912212210297,0.0525281191503907,0.0501990853535079
63.12591606,0.204403203280817,0.0446062082789581,-0.0495125497096892
63.136053453,0.204810489936127,0.035798508965718,0.0997027659173185
63.145917138,0.205119212050924,0.0256517145270578,0.0501879073609928
63.155920418,0.205320111650826,0.0146587993572382,-0.0498643993585331
63.165912995,0.205412327306663,0.00408633336014834,0
63.175908677,0.205401790340389,-0.00578631729156628,0
63.185917315,0.205296575963941,-0.0148036425463052,0
63.195908319,0.205105722789167,-0.0228395374464708,-0.0498823806933496
63.205905964,0.204840044466601,-0.0297251605957166,-0.0498172251284834
63.215923111,0.204510779882677,-0.0356438586351022,0
63.225905455,0.204127185436623,-0.0406690942277824,0
63.235905138,0.203698128943752,-0.0445018150160236,-0.0995983338543629
63.245927804,0.203236154565239,-0.0470898452676432,-0.0996618471399026
63.255914727,0.202755880493873,-0.0483942523991474,0
63.265937526,0.202267799028334,-0.048968425479989,-0.049851485148694
63.275915764,0.201776461204016,-0.0493162661631436,-0.0499233935725132
63.285909754,0.201282843316415,-0.0495027239097514,7.4536931620433e-07
63.295907412,0.200786820172571,-0.0495838392069807,-0.0498465132168014
63.305912786,0.200291016194075,-0.0491645923798286,-0.0996925975321855
63.315910829,0.199803360329562,-0.0478010961053521,-0.0498190698236588
63.325927136,0.199334308326239,-0.0454516638554836,0
63.335920975,0.198893865899871,-0.0420622303100828,-0.0498796457365427
63.345916881,0.198493495068209,-0.0372422740630005,-0.049833839900902
63.355929094,0.198148718048588,-0.0307832481916603,-0.0498836259966133
63.365905031,0.197878194885867,-0.0224592169816046,-0.0499363925882018
63.375896123,0.197700274211799,-0.01244671648588,0
63.385902275,0.1976292948593,-0.00138163321258171,-0.0497931238154894
63.395920902,0.197672607312058,0.00986310350167078,0
63.405919343,0.197826725272784,0.0201429088175376,0.0997923512770704
63.415904174,0.19807512853783,0.0283170965195044,0.0498524173405717
63.425920006,0.198393085977409,0.0339383113694128,0
63.435922749,0.198754525169352,0.036974664369007,0.0497926556866644
63.445944674,0.19913349135581,0.0374618678830159,0.0498803618869568
63.455912207,0.199503367604001,0.0352887466055039,0.0499184060637381
63.465919196,0.199838367201234,0.0306030752908283,0.0497655058294807
63.475948099,0.200116527515396,0.0241856444674273,0
63.485919321,0.200322083113788,0.0165232919060387,0.049953648299417
63.495908529,0.200446339526856,0.00838758020489783,0.0498034452426522
63.50593995,0.200490007745278,0.00104093281903144,-0.0498537157318173
63.51590897,0.200467158642288,-0.0043005921341385,-0.0499446729646161
63.525903967,0.200404150650802,-0.00675858086206041,-0.0498324975222296
63.535917927,0.200331926488438,-0.00631208224925965,0
63.545922384,0.200277792756198,-0.00352693982496941,0
63.555918183,0.200261386789042,0.000892904640023831,0.0499582710919475
63.565880967,0.200295613867567,0.00654228277551945,0.0498940417018469
63.575902459,0.200392129573698,0.0135526815526059,-0.0497786014784479
63.585911588,0.200567082495281,0.0224101994238733,0
63.595897402,0.200840220233797,0.0330494446770905,0
63.605919855,0.201228344608582,0.0449696409030413,0.0498689877725711
63.615891718,0.201739357444419,0.0570896809972377,0.0498940441985047
63.62590413,0.202369240493293,0.0680836243879735,0.0996492770684351
63.635903532,0.203101834272117,0.0771121123589995,0.149433284170308
63.645921485,0.203912821021183,0.0837102986787595,0.0995797449621967
63.655929469,0.204778211439709,0.088347993739408,0
63.665922291,0.205679852104454,0.0911465556593911,0.0498717869004933
63.675922364,0.206600494956619,0.091659557673993,0.149366478237188
63.685948599,0.207515454637577,0.0896072077153934,0.0997527911454926
63.695913561,0.208391850298677,0.0840044580582866,0.0998399286021539
63.705922199,0.20919332608105,0.0746830598549471,0.09978942499935
63.715897419,0.209884305961824,0.0620589198024476,0.0997094355790878
63.725922238,0.210434506897397,0.0470160788651941,0.0995918098024465
63.73592093,0.210825732934158,0.0311896806170068,-0.0499136707110815
63.745898655,0.211057564963499,0.015941304635858,-0.0498847415815651
63.755908633,0.211144362996652,0.00243408626416155,0.0498437571687119
63.765903092,0.211106257488823,-0.00892794512766524,0
63.775911008,0.210965782890229,-0.0177532536709879,0
63.785909357,0.210751081191269,-0.0234165853564051,-0.0996683573457284
63.79591929,0.210497257246941,-0.0254631267384775,-0.0498062912270255
63.805928842,0.210241322507475,-0.0241158156702295,0
63.815903984,0.210015310050211,-0.0198385306815234,0
63.825918415,0.209844758750204,-0.0132180434125138,-0.0497851615362353
63.835931367,0.209750587232278,-0.00487662825939411,-0.0498447315377368
63.845922162,0.20974720791229,0.00436331590488959,0.0498980975345686
63.85591372,0.20983777655094,0.0133353958768737,0.0497953438094859
63.865945749,0.21001423037181,0.0212834295662042,0.0498633919093109
63.875909981,0.210263365563521,0.0279624574042905,0
63.885909672,0.21057247071832,0.0333663392109901,0.049848112927463
63.89591267,0.210930782069827,0.037796885961447,0
63.905907648,0.211328331936652,0.0411264610265285,0.0498276089964484
63.915923291,0.2117537480945,0.043177517715109,0.049815946114301
63.925923253,0.212192556076118,0.0436968271208115,0.0498611327776594
63.935920458,0.212627560843805,0.042417764249364,0.0996261077592635
63.945939721,0.213041609896847,0.0397269941250338,0
63.955911737,0.21342175426719,0.035974232270809,0
63.965905248,0.213759854402554,0.0312880732308858,0
63.975903644,0.214047262517431,0.0254594328869972,0.0498510437747777
63.985906761,0.214269081580416,0.0178563399845118,0.0995855414486228
63.995928565,0.21440483431497,0.00840839179831698,0.0498789164987544
64.005897097,0.214437168157684,-0.00219296778335076,-0.0499167891959127
64.015903734,0.214361029412886,-0.0126767743235939,-0.0994742986904261
64.025944412,0.214183032869635,-0.0224818347476309,-0.0498268571567142
64.035914956,0.213911140426784,-0.0319053379078153,0.04997648776335
64.04589572,0.213546479646192,-0.0412105376849741,0
64.05592669,0.213086446108635,-0.0506525741899479,-0.0996120271998234
64.065915167,0.212532443121783,-0.0596953431523694,-0.0498185642574822
64.075940944,0.211891688348167,-0.0678309256945785,-0.0498485542056815
64.08591738,0.211175674498053,-0.0746369991785796,-0.0998072499896624
64.095921233,0.210400419534486,-0.0795022135979413,-0.0997085409599585
64.105917449,0.209585624740441,-0.0824066102354395,-0.0996359287570427
64.115935728,0.208751092845962,-0.0836591279033025,-0.049899972933297
64.125899051,0.20791398134301,-0.0831293002181796,-0.049913303415183
64.135912292,0.207090455059878,-0.0806893181887226,-0.149427280325151
64.14591731,0.206298721672975,-0.0767130989876509,-0.0997279529390194
64.155908468,0.205556486431015,-0.07119192035434,0
64.165895698,0.204876421865671,-0.0643729562338701,-0.0498356581642921
64.175915857,0.204268551654564,-0.0565210632443011,-0.0996472630869758
64.185908066,0.203745301548275,-0.0474917299030394,-0.0998149383264574
64.195894607,0.203319726255764,-0.0373793709469039,0
64.205865529,0.202999304135639,-0.0267786573563362,0
64.215888565,0.202784314905285,-0.0164072321503355,-0.0497782054741321
64.22589601,0.202670659383789,-0.00667816671573876,-7.43633768221524e-07
64.235926871,0.202650495757116,0.00200422898324208,-7.44532261295029e-07
64.245910134,0.202710772271184,0.00917300812127753,0.0498995124945795
64.255908956,0.202833791585101,0.0144504862292256,0
64.265930545,0.203000076944643,0.0178182562942859,0
64.275896249,0.203189930294404,0.0191538289881238,0.0499061135003344
64.285909987,0.203382759759989,0.0184006677779028,0.0497722577622858
64.295929423,0.203558554073715,0.0159691160279245,0
64.305896321,0.203701923846608,0.01221044000616,-0.0499084666078689
64.315907923,0.203802500349378,0.00742675953215229,0.0497757114456277
64.325928105,0.203850695089376,0.00165852822701381,0
64.335909861,0.203835674128146,-0.00518597881725816,0
64.345906162,0.203747089308964,-0.0128683889908188,0.0498228611142681
64.355922688,0.203578141285504,-0.0208456305656308,-0.0498529156101766
64.365906924,0.203330160813281,-0.0282626685539474,-0.099822597866858
64.375899905,0.203013531822803,-0.034360115800331,0
64.385926599,0.202642282461996,-0.0391665839740152,-0.0498470265633219
64.395902731,0.202230089458556,-0.0426457307122608,-0.0498955730858984
64.405909963,0.201790077302127,-0.0447383098568663,0
64.415899022,0.20133548919581,-0.0453877629639979,-0.0498508296442621
64.425911263,0.200882263038755,-0.0441803912477384,-0.0498551415574558
64.435898891,0.200451887158487,-0.040626944568234,-0.0997698560861136
64.44589919,0.200070214636492,-0.0344672188053177,-0.0498007413612735
64.455920607,0.199761794292257,-0.0262735122729568,0
64.465908363,0.199544503384105,-0.0166308009908132,0
64.4759138,0.199429291478303,-0.00612248255483054,-0.0498420505376939
64.485913186,0.199422024204275,0.00469905205525571,0.0498816513346647
64.49590304,0.199523221957608,0.0153843543550852,0.0498840951850878
64.505901148,0.199729526094519,0.025755211178543,0
64.51589752,0.200038184012413,0.0359403792049154,0
64.525891501,0.200447986961779,0.0458250334366586,0.0498164239790859
64.535912933,0.200955390982387,0.0552169654647878,0.0996959916008735
64.545894237,0.201552477344692,0.0636492627244118,0
64.555909645,0.202228166958099,0.0707309554304749,0.0996746691425143
64.565900953,0.202967571482398,0.0761971781649904,0.149538654871217
64.575912895,0.203752358162228,0.0800251226534312,0.0499072200826901
64.585879952,0.204566393327866,0.0822699119538835,0
64.595913024,0.205397767014124,0.0830980122889362,0.0497769430637563
64.605910941,0.206230928697948,0.0820314676065618,0.149553981663782
64.615914224,0.207038494804016,0.07767795315496,0.149640817355929
64.625900634,0.207783687134384,0.0696158336551495,0.0498838249446382
64.635902593,0.208430001775358,0.0582020662336231,0.0996643075339511
64.64590943,0.208948240404431,0.0444952350467848,0.0498329507436715
64.655911069,0.209320283617906,0.0296199722136182,-0.049892469687501
64.665894037,0.209540183908471,0.0144310210523318,0
64.675917453,0.209608996166591,-0.000569066339643539,0.0498337826153111
64.685902179,0.20952879794834,-0.015189745096407,0.0498482900389715
64.695919772,0.209305166039644,-0.0286503202424627,-0.0498203141943052
64.70591573,0.208955403303001,-0.0397493313639623,-0.0999076955274371
64.715879824,0.208511767318654,-0.047016681042058,-0.0997382878016659
64.725909834,0.208015346892511,-0.0501678835522539,-0.0497630122013224
64.73591672,0.207506558653377,-0.0498127578451767,-0.0498703920232119
64.745903587,0.207019402915906,-0.0463441119730512,-0.0498723750695388
64.755909678,0.206580002769153,-0.0406205945427987,0
64.765893399,0.206207404867667,-0.0331852373482861,-0.0498377754874857
64.775916217,0.20591608102392,-0.0245706910003503,-0.0996587490204269
64.785903311,0.205715747502971,-0.0155322703374816,0
64.795908084,0.205605561941125,-0.00726422224917851,0.0498535041109363
64.805903538,0.205570461409009,-0.00102944508153712,0
64.815911102,0.205584969932629,0.00238448461157814,0
64.82590897,0.205618164053761,0.00257059145690174,0.0499054051432122
64.835890529,0.205636328876989,-0.000579970118694695,0
64.845905955,0.205606566399997,-0.00677340727188198,0
64.855912331,0.205500713057726,-0.0154605642409029,0
64.865891091,0.205297584921006,-0.025826734132546,-0.0498486713371007
64.875914497,0.204984122434369,-0.0370501162756543,0
64.885910308,0.204555870603408,-0.0483247222096399,-0.0498930813485009
64.895898859,0.204018383692182,-0.0583488948992246,-0.0498857498936876
64.905897607,0.203389633794738,-0.0658486881703675,-0.0996509628323279
64.915910484,0.202700644437775,-0.0697996062657322,-0.0996377087572235
64.925911894,0.201992644442449,-0.0694423778832268,-0.0996828378288792
64.93591571,0.201311433974243,-0.064602188324289,-0.0997232151804367
64.94590902,0.200700786342652,-0.0557573204736072,-0.0498697983871929
64.955909701,0.20019662261051,-0.0438527951450312,-0.049854832455443
64.965909013,0.199823730746721,-0.030050088110952,0
64.975909653,0.199595622290695,-0.0153444460830149,0
64.985898454,0.199517003847067,-0.000485316996281587,-0.0498518044101242
64.995910263,0.199585915654726,0.0137165613544564,0
65.005907651,0.199791461225371,0.0262585955958725,0.0996968043697103
65.015912537,0.20011114727869,0.0361587443384567,0.0498516344719646
65.025908927,0.200514682250698,0.0429797374480947,0.0498556304294481
65.035911911,0.200970715122336,0.0467849599234219,0.0498480632565692
65.045911337,0.20145049420092,0.0478430923678395,0
65.055915574,0.20192775221894,0.0462520146016634,0.0498598611710939
65.065909014,0.202375427049523,0.0418415242603248,0.0998067554588149
65.075895962,0.202763762108173,0.0344443540940426,0.0498534689625934
65.085909554,0.203064332731355,0.0246261753446449,0.0498198340098263
65.095910005,0.203256631440446,0.0134042643389449,0
65.105913564,0.203332471769234,0.00196492708004435,-0.0498144453797103
65.115926213,0.203295961829585,-0.00869781415852462,0
65.125832449,0.203159221009259,-0.0179888736748251,-0.0500730106538056
65.135839062,0.202937752104418,-0.0255873737538081,0
65.145815882,0.202647897440204,-0.0314760518900992,0.0498930854974761
65.155823721,0.202308713940728,-0.0349411024364879,-0.0498651096581243
65.165811753,0.201949219663286,-0.0343921118820449,-0.147511628691732
65.176101845,0.201611306431362,-0.0303147689288964,-0.0497024902578443
65.185872448,0.201341084329808,-0.0219189990679565,0
65.195851795,0.20117840729572,-0.00938769228771402,-0.0497516028186216
65.205913939,0.201152940979313,0.00516873249705859,0
65.215897399,0.201282017660538,0.0207888654157606,0.0498983388323006
65.225896494,0.201568355625871,0.0361171867136575,0.0999564370664652
65.235847867,0.202002572438319,0.0500407270863487,0
65.245894893,0.202569090052394,0.0620643245302538,0.0497018728731131
65.255909111,0.203247659996415,0.0721207034634071,0.0997553191746107
65.265885434,0.204010821931928,0.0788539700247894,0.0997341126982203
65.275904052,0.204824340474677,0.0819427250783768,0.0996164906593473
65.285903984,0.205651196471046,0.0815664648287244,0.0498885354429105
65.295890235,0.206454542767407,0.0773663536343005,0.149512043549712
65.305910894,0.207199058145235,0.0699549568131412,0.099583194209984
65.315915628,0.207855418269888,0.060412950104982,0.0498562037936955
65.325910038,0.20840726543385,0.0499216028983785,0
65.33590492,0.208853315767332,0.0397540539777344,0
65.345908658,0.20920229165281,0.0306477994389328,0.0498735829875462
65.355897095,0.20946603193708,0.0226826105198594,0
65.365908494,0.209655940143259,0.0158186282184224,0.0498299148969572
65.37590679,0.209782557863049,0.0101053080314205,0.0498589137416473
65.385906551,0.209858026669274,0.00593432122318341,0
65.39589757,0.209901189573071,0.00402280188380801,-0.099771539721353
65.405893842,0.209938431581161,0.0046662984900278,-0.0498203194171092
65.415911418,0.209994580161773,0.00714393647490523,0.0498529260667176
65.425894002,0.210081311453689,0.00998643627700933,0.049801855712866
65.435932686,0.21019452127884,0.0120176454825255,0.0996700111830907
65.445901952,0.210321759903621,0.0129458363699201,0
65.455910364,0.210453149029279,0.0133080273871946,0
65.465909511,0.210588021046744,0.0139968963222426,-0.0497875197052634
65.475937397,0.210733465333822,0.0154131336828299,-0.0498798422170992
65.485899476,0.210896129049604,0.0169724698532343,0.0499185909981116
65.495911845,0.211072481050337,0.0175142061015823,0.0996196257697561
65.505917396,0.211246727026209,0.0164002270780038,0.0997268706955819
65.515908238,0.211400426436278,0.0139106546938769,-0.0498759854562245
65.525908608,0.211524817873253,0.0111871399582865,0
65.535915542,0.211624250946314,0.0093107554338086,-0.0498975048164841
65.545891497,0.211710873665593,0.00858757928629644,-0.0499096368423661
65.555893275,0.211795811312412,0.00847838204981628,0.0498002588227178
65.565913407,0.21188062706794,0.00797297036162692,0.0497796245197523
65.575923185,0.211955509191188,0.00624448930104197,0.0498652946260192
65.585908905,0.21200548874127,0.00313881242079379,0
65.595908652,0.212018239823243,-0.000919145653254304,-0.0498565702551929
65.605907902,0.211987106750108,-0.00549816031674941,0
65.615910062,0.211908268864502,-0.0104798565631763,0
65.6259102,0.211777485536134,-0.0159382069895336,-0.0498021561805929
65.63593091,0.211589172444972,-0.022111657113851,0
65.645909281,0.21133527271447,-0.02920612567064,0
65.655919921,0.211005370877674,-0.0372130684716384,0
65.665913489,0.210590854752445,-0.0457591669963582,-0.0498808702788711
65.675909474,0.210090665583765,-0.0538737590960799,-0.0997187321792913
65.685911514,0.209513485971198,-0.0607777791893983,-0.0498514826562414
65.695910512,0.208875046912642,-0.0658500368866748,-0.0498232542654274
65.705923884,0.208195670668508,-0.0688601918694187,-0.149696046235147
65.71589283,0.207499060661166,-0.0694807091215045,-0.0499234697618819
65.72589638,0.206807967483502,-0.0678131579645077,-0.0497598496728552
65.7359307,0.206140229417584,-0.0648642450819048,-0.0498293671484221
65.745906594,0.205510020058464,-0.0605564020376464,-0.0499437739606087
65.755894778,0.204931276683905,-0.0546362065326344,-0.149618493287412
65.76589917,0.204417701547009,-0.0476695901134207,0
65.775898166,0.203977723377065,-0.0402639512215322,0
65.785907422,0.203612090264453,-0.0330398252393851,-0.0996561220206726
65.795908755,0.203316577013568,-0.0264904200755326,0
65.805923543,0.20308185481088,-0.021159703361345,0.0498383957727356
65.815915045,0.202893249851807,-0.0173071016896195,-0.0498756561321986
65.825914887,0.20273586258736,-0.0147288976980547,0
65.835912183,0.202598714051951,-0.0130224594053107,0
65.845904042,0.202475554627826,-0.0116807237916482,-0.0498743937636675
65.855904033,0.202365194774017,-0.0102697966710937,0
65.865903092,0.202270168450711,-0.00856963426921237,-0.0498443104322335
65.875907949,0.202193768529945,-0.00667441347912586,-7.45447247985881e-07
65.88589265,0.202136749875354,-0.00487312400712944,0.0498508248712709
65.895908952,0.202096301162059,-0.00340610215102645,-0.0498324725545874
65.905901318,0.20206859830824,-0.00232992730805009,0
65.915909956,0.202049700276651,-0.00168641714462845,0.0498373769188189
65.925908017,0.202034858668039,-0.00147132567864634,-0.0498733315771022
65.935901933,0.202020285567524,-0.0016333257209072,-0.0498494540800395
65.94590957,0.202002189617066,-0.00242120614102367,0.0498450205846904
65.955905564,0.201971852653304,-0.00430712726216446,0.0498874346645085
65.965896194,0.201916104683957,-0.00736256458424228,0
65.975892916,0.201824694483336,-0.0110231365339748,-0.0498289536640813
65.985906275,0.201695530829038,-0.0145859811037007,-0.0498044124587899
65.995912857,0.201532684002213,-0.0177227200491169,0
66.005901179,0.201341166743037,-0.0204489187217988,-0.0498584596596266
66.015911395,0.201123735524096,-0.023064499186176,0
66.025911447,0.200879639933036,-0.0258549612271352,0.0498506499844373
66.035913066,0.200606593095913,-0.0286534453439194,-0.0499162344369068
66.045886838,0.200307276158794,-0.0307158114606522,-0.0997375166222067
66.055907474,0.199992448629518,-0.0315706040173876,-0.0498105633018058
66.065904606,0.199675303131954,-0.0314039522073878,0
66.075893625,0.199364804498704,-0.0304626323499621,0
66.085915704,0.199065712410661,-0.0290309372696286,0
66.095907609,0.198783779784685,-0.0266991971355172,7.45461419151723e-07
66.105904882,0.198532017406662,-0.022425273469903,-0.0498451801876815
66.115910877,0.198335201029493,-0.0152481612045007,-0.149550016134237
66.125906712,0.198227026278437,-0.00492529426821092,-0.0498985311093838
66.135893355,0.198236781445135,0.0074934793218464,0.0997547690455263
66.145897662,0.198376828048886,0.020326141792898,0.0498208048338144
66.155907008,0.198643581793807,0.032468480796939,0.0498346817652501
66.165905443,0.199026450302074,0.0435360853630603,0.0498619905253965
66.175903831,0.199514165186925,0.0534741877908753,0
66.18590723,0.200096029616265,0.0622306720930722,0.04987298677208
66.195896245,0.200758306546908,0.0691507043982819,0.0498683397736379
66.205901507,0.201478647954749,0.0731562383878257,0.0996103076327697
66.215915888,0.202222868322655,0.0734940687991573,0.199418627408895
66.225901421,0.202948523010243,0.070423076631376,0.0504042541391278
66.235697875,0.203615976709077,0.0623073823685361,0
66.245920847,0.204195881040823,0.0520203561867398,0.0986800907344587
66.255906386,0.204667230649301,0.0410073308236264,0.0498639804142786
66.265916872,0.205015864653156,0.0284704114394744,0
66.27590184,0.2052365094516,0.0158169900051115,0
66.285907172,0.205332051028455,0.00368045497043526,0
66.295912015,0.205310155999638,-0.0075421366700073,0
66.305912256,0.205181169950832,-0.0175955434217757,0
66.315899173,0.204958471093171,-0.0260786961611119,-0.0498677162487661
66.325906783,0.204659738756314,-0.0326014227897371,-0.0498358673976512
66.335906478,0.204306204483983,-0.0369450787761014,0
66.345906769,0.203920837698023,-0.0388553843231729,-0.0498479584195513
66.355909229,0.203528989906357,-0.0381181462265421,-0.0996957872524299
66.365909546,0.2031583689194,-0.0347412849943492,-0.0498325199368372
66.375918177,0.202833853341452,-0.029320121542193,0
66.385912221,0.202571888057231,-0.0226807347642342,0
66.395902966,0.202380583642824,-0.0154040008753307,0
66.405909309,0.202263852896175,-0.0077517603747056,7.44419003484425e-07
66.415920135,0.202225415345356,0.000302848964736867,-0.0498624247826732
66.425905659,0.202269908770071,0.00865247596127976,-0.0498781236733295
66.43591049,0.202398381411451,0.0165397665165744,0.0498471137834452
66.44590845,0.202600750262891,0.0228129049386298,0.0997367543712422
66.455904752,0.202854508609775,0.026588522661642,0.0498517319019857
66.465909388,0.203132545656158,0.0278427851567815,0
66.475900501,0.203411245953231,0.0270194403039903,0.0498703022286131
66.485903177,0.203672766644494,0.0246591269369738,0
66.49590761,0.203904603793704,0.0212704228545886,0
66.505901886,0.20409814764147,0.0170247464418229,0
66.515912885,0.204245188528078,0.0118439599288028,0.0498116802083498
66.525918906,0.204335228424244,0.00569477075314039,0.0997193953787619
66.535910777,0.204359071938564,-0.000884304614544015,-0.0499121876995533
66.545895618,0.204317562925639,-0.0067706482645078,-0.0997444288816481
66.55590365,0.204223707227684,-0.0111651108293961,0
66.565902187,0.204094187365438,-0.0140139711211968,0.0498255823371083
66.575915384,0.203943263365323,-0.0154440636714142,-0.0498637081986347
66.58589862,0.203785361180985,-0.0153336757259335,-0.0498880329529933
66.595902067,0.203636794049364,-0.0136457298175477,0
66.605906459,0.203512339615758,-0.0106955760845366,0
66.6158954,0.203422953835079,-0.00677125126990823,0
66.625898391,0.203376969220815,-0.00205177654400849,0
66.635905716,0.203381897138072,0.00338893399666584,-0.0504081003382308
66.645678573,0.203444002952055,0.00913884111124286,0
66.655851854,0.203564181724037,0.014374530791468,0.0494232866967055
66.665852897,0.20373399939359,0.018582391355314,0
66.675854365,0.203935876211528,0.0205463441180786,0.0498515746538864
66.685854197,0.204144952986199,0.0197889454109497,0.0498523996574995
66.695855334,0.204331674295235,0.0160991605825507,0.0498588987825409
66.70585226,0.204466905013776,0.00986041740537244,0.0498665989311745
66.715850309,0.204528833094745,0.00206715989463609,-0.049854408958184
66.725852124,0.204508247930535,-0.00607526896702688,-0.0498542045545562
66.735850255,0.204407328043469,-0.0137360016537663,0
66.745856799,0.204233463681652,-0.0205619368314871,0
66.755852593,0.203996041233031,-0.0263079836554254,-0.0498624988173072
66.765853717,0.203707385089749,-0.0306888776282761,-0.0498639949677304
66.775848911,0.203382376676913,-0.033544290463143,0
66.785853873,0.203036494047577,-0.0347478671219436,0
66.795853787,0.202687249903874,-0.0339505827772813,-0.099691282100532
66.805857255,0.20235736757116,-0.0307977298593208,-0.0997223802522933
66.815850931,0.202071383265004,-0.0255408146350775,0
66.825857386,0.201846547932612,-0.0190991059083336,0.0498619784365153
66.83584746,0.201689467439834,-0.0121595937692896,0.0498671605338336
66.845851837,0.201603423530812,-0.00456132530966447,-0.0498594597557764
66.855845298,0.201598250795226,0.00443143115492889,-0.0498539752256306
66.865851875,0.201692052322305,0.0153085507563069,0
66.87585223,0.201904527929226,0.0278673824724498,7.4491059492592e-07
66.885855834,0.202249510298721,0.0412960474679319,0.049861539206798
66.895849234,0.202730325155626,0.0544807994316367,0.0997151299270036
66.905854432,0.203339049905273,0.0664511586113218,0.0498450678032331
66.915853145,0.204059608218334,0.0765939907661077,0.0997120159117449
66.925853804,0.204870881619569,0.0844018866474025,0.0498588510802603
66.935851526,0.205747509304627,0.0893685307370496,0.0498751621542765
66.945845346,0.206657496355277,0.0905517457548824,0.149565789174274
66.955851147,0.207558509900614,0.0871188480752868,0.14953833825848
66.965848738,0.208400168823916,0.0788049317016642,0.149571727284494
66.975849974,0.209134516096462,0.0663896962623304,0.0498631575086832
66.985845093,0.209727720758719,0.0514997570042819,0
66.995853141,0.210164674336278,0.0359055223295446,0.049854852397394
67.005845078,0.210445830666727,0.0209275412688655,0
67.015853462,0.210583231879396,0.00755970608715066,-0.0498396288713086
67.025851172,0.210597070857319,-0.00359923028380399,0.0498593846188226
67.035851629,0.210511253871109,-0.0122160924042272,0
67.045842487,0.210352855105997,-0.0178126521870366,-0.049849558370347
67.055853738,0.210154963260485,-0.0198524529142137,-0.0498442381722233
67.065846432,0.209955727729786,-0.0181647561388585,-0.0996885560795688
67.075857667,0.209791596768381,-0.0133887494406927,0
67.085845426,0.209687966210054,-0.00685820667263022,0.0498692676074855
67.095851572,0.209654474435698,-4.37003103103608e-05,-0.0498491697748221
67.105847392,0.209687092117933,0.00578573582216079,0.0498532373991302
67.115851906,0.209770191084577,0.00964640625905275,0.0997322601434937
67.125842555,0.209879973583447,0.0111625039051943,0
67.135858076,0.20999351003533,0.01072757876632,-0.0498442581059962
67.145846492,0.210094567393251,0.00882887707793108,0
67.155855144,0.210170061690621,0.00554372987327717,0.0498624917230685
67.165843114,0.210205423263997,0.00078542181092026,0
67.175880562,0.210185790090691,-0.00529644356972309,0
67.185866426,0.21009937092191,-0.0123408705678127,0
67.195853785,0.209939303130826,-0.0197792217211271,-0.049911402058336
67.205843751,0.20970423498134,-0.0270752091392609,0
67.215854807,0.209397771277177,-0.0338031984000989,-0.0498506578799721
67.225844821,0.209028134843916,-0.0395553568816647,-0.0997067739136102
67.235855081,0.208606653301376,-0.0441551759519481,0.0498474003660196
67.245847497,0.208144913165626,-0.0474950628898711,-0.0498658079236144
67.255850672,0.207656961449311,-0.0491258244592686,-0.149553941566058
67.265848802,0.20716233256724,-0.048888795117184,0
67.27579998,0.206681663817769,-0.0464348586904826,0
67.285846153,0.206233758399371,-0.0420262721864175,-0.0994514201454463
67.295851757,0.205838962379746,-0.035729862579885,-0.0498565403397673
67.305845162,0.205519196556067,-0.0272989623214562,-0.0498459899132322
67.315854999,0.205292894630081,-0.0174071713557272,0
67.325846641,0.205171027383746,-0.00682117791656691,0
67.335850624,0.205156500914403,0.0036514231034549,-0.0498462067090979
67.345849796,0.205244067366055,0.0130763329883188,0.0498494613655067
67.355852473,0.205418051752309,0.0204637493048292,0.0997180518707468
67.365847808,0.205653301670218,0.025211941562684,0
67.375853531,0.205922317257797,0.0273272414403835,0
67.385845826,0.206199792336433,0.0269454380730182,0.0498614294952106
67.395850579,0.206461146476324,0.024120894379869,0.0498570660527562
67.405844923,0.206682188442863,0.0190293358394092,0
67.415851588,0.206841752393712,0.012002829804661,0
67.425867727,0.206922518751487,0.00343278974069574,0.0498181737394685
67.435866298,0.206910458684863,-0.00602187828718666,0
67.446673614,0.206797228232316,-0.0163151342431722,0
67.455847329,0.206584465481781,-0.026645102779835,-0.0519855167909349
67.465853885,0.206286167940176,-0.032843373407583,-0.0498680499866868
67.475842021,0.205927772346255,-0.0372278870569715,-0.0997135593283761
67.485852798,0.20554165066575,-0.0383816838851905,-0.0498353268817598
67.495849543,0.205159849961525,-0.0366552430952243,0
67.505847498,0.204808740076634,-0.0324850211383023,0
67.515847383,0.204510219706405,-0.0261189424045077,-0.0498465379886053
67.525850819,0.204286274487536,-0.017588620410378,-0.0997147731117599
67.535846202,0.204158468070358,-0.00721768724483723,0.0498499396821444
67.545852775,0.204141906624843,0.00420122145443274,0
67.55585043,0.204242510262211,0.015836451968946,0
67.565851702,0.204458618671709,0.0269591408761279,0.0498711054028491
67.575843897,0.204781516955666,0.0368851452628972,0.0498603149526525
67.585849197,0.205196229179678,0.0450459822072346,0.0497636543645929
67.595880235,0.205684073480712,0.0513462766841547,0.0497824305415459
67.605877978,0.20622463251055,0.0555832589234605,0.0498335883433709
67.615888455,0.20679619555357,0.0575310723239248,0.0498615089137912
67.625875293,0.2073750994861,0.0570090757673918,0.0997642609217838
67.635877503,0.20793575270552,0.0539040915668162,0.0498557921797972
67.645874901,0.208453160187032,0.0487341207216317,0
67.655755928,0.208904510269226,0.0406518103060908,0.0498427481679556
67.665879444,0.209266381074328,0.0302691153782089,0.0991418712703124
67.675870162,0.209513350338916,0.0178637777085606,0.0498353916433997
67.68588694,0.209623790535377,0.0037344132044741,0
67.695874258,0.209588053899162,-0.0106185193787247,-0.0498752993693805
67.705878427,0.209411510543258,-0.0238338936342006,-0.0498461965988815
67.715877716,0.209111293608874,-0.0350310429364585,-0.0498353219001171
67.725885951,0.208710626110962,-0.0438547954013277,-0.049863746413136
67.735873536,0.208234381013892,-0.0502064707583031,-0.0498673117545572
67.745880939,0.207706748330627,-0.0546735504843988,-0.0502962830866052
67.755697989,0.207150507781971,-0.0559732443955621,-0.049860142562481
67.765878802,0.206587403057539,-0.0551338059150494,-0.0988112049199498
67.775879685,0.20603781407167,-0.0534603996915151,-0.0498427830500023
67.785883331,0.205517952941559,-0.0500558150772951,-0.0498600706076998
67.795877278,0.205036818254471,-0.0461372202214227,-0.0498553836375275
67.805882804,0.204595232851445,-0.0424927798131543,0
67.81588146,0.204186784953403,-0.0396696849319461,0
67.825879677,0.203801963199911,-0.0376224646284926,-0.0498497702095215
67.835883484,0.203434259512965,-0.0359453226255151,-0.0498581330649968
67.845878346,0.203083104590625,-0.0340193574943399,0
67.855887297,0.202753742647268,-0.0313126178207298,-0.0996830696044292
67.865883376,0.202456694731743,-0.0275029386057954,-0.0498890471591433
67.875873275,0.202204069521357,-0.0226349118633085,0
67.885889583,0.202003855999579,-0.0172725097153603,0
67.895874858,0.201858591984667,-0.0117851890015661,0
67.905880978,0.201768253631099,-0.00632757510252596,-0.0498420256227036
67.915879691,0.201732009901446,-0.00110355977396565,0
67.92587587,0.201746188072603,0.00352114049128288,0.04984664778236
67.935882669,0.201802443197228,0.00719335119357875,0
67.945893565,0.201890182382824,0.0097860091136808,-0.0498643669399661
67.955878539,0.201998122963284,0.0110582079317384,0.0498784854668629
67.965883775,0.202111238281603,0.0105923633661031,0.04985842757475
67.975876791,0.202209951715155,0.00816593103614822,0
67.985881846,0.202274541150245,0.00386078498765718,-0.0498242102989668
67.995888777,0.202287213690277,-0.00224610185484317,0.0498438145833349
68.005885961,0.202229609870439,-0.0101608462120333,0.049866576485599
68.015883761,0.202084047732841,-0.0194740578927285,-0.0498631749639682
68.025882309,0.201840199831844,-0.0292928508099311,-0.0498617461640196
68.035880682,0.20149828090933,-0.038698237823426,-0.0498579339380725
68.045880759,0.201066295057644,-0.0470658565573982,-0.049837603589862
68.055887589,0.200556638694311,-0.0540871692323558,-0.0498552836459301
68.065880571,0.199984561841385,-0.059475992272754,-0.0996918004102909
68.075890867,0.199366923886553,-0.0632374898063794,-0.0498471111352067
68.085883662,0.198719616578176,-0.0655104716690453,-7.45379084749698e-07
68.095882253,0.198057278760375,-0.0661095608981244,-0.0997217369552284
68.105880935,0.197397605640986,-0.0646812709295396,-0.099682254840099
68.115887596,0.196763307749754,-0.0609624485984137,-0.0498683966640716
68.125875488,0.196178688731475,-0.0548245703052233,-0.0498618558769679
68.135884473,0.195666987560782,-0.0464512943893099,-0.0996710672429542
68.145882927,0.19524931729251,-0.0362180756933361,0
68.155899433,0.194942084224503,-0.0246548945681698,0
68.165874708,0.194756422039725,-0.0120169263386371,0
68.175883613,0.194701935805505,0.0016386583440306,-0.0498338723214108
68.185883113,0.194789208979529,0.0163873852536307,-0.0504874245922267
68.195632717,0.195025571981167,0.0309435627451576,0.0997367813322132
68.205877519,0.195407907136142,0.0442560679371971,0.0492452168605034
68.215879991,0.195921636714854,0.0567689710237329,0
68.225878368,0.196543334753473,0.0658892223804516,0.0997153564810384
68.235878693,0.197239335638253,0.0711322171947881,0.149547992625922
68.245880369,0.197966121432936,0.0719492673323042,0.0996979806721646
68.255880731,0.198678467617506,0.06857530816652,0.0498305947550087
68.265889791,0.19933827371282,0.0618710523989632,0
68.275877944,0.199915716230862,0.0523546310225448,0.0997601984571548
68.285879653,0.200384835562021,0.040385729734133,0.0997060405950445
68.295878664,0.20072345990327,0.0266590479522867,-0.049854864861094
68.305879633,0.200918015987886,0.0119733572328653,0
68.315893186,0.200963100925021,-0.0030290554135384,0.0498464383123085
68.325882994,0.20085742469896,-0.0179569289381464,-0.0498861984136739
68.335880604,0.200604188280338,-0.0322628543995155,-0.0498393000321339
68.34588922,0.200211966742438,-0.0455955166075404,-0.0498425114697814
68.355885242,0.199692066476181,-0.0577517694335978,0
68.365879807,0.199057474971172,-0.0682122210805105,-7.45399480209772e-07
68.375876081,0.198328446946728,-0.0758431509193338,-0.149545921622126
68.385882085,0.197540439182087,-0.0792101803540048,-0.149477550903941
68.395887508,0.196743338204917,-0.0774655042817235,-0.0997159697741591
68.405880664,0.195991239174935,-0.0704962429010128,-0.049863873185675
68.415883576,0.195333690538124,-0.0588482204633535,-0.0498400100813528
68.425886306,0.194813942744008,-0.0431735941405571,-0.0498723855818146
68.435876231,0.194470535765362,-0.0238133512459296,-0.0498197020801964
68.445900402,0.19433734004609,-0.00154985618931229,-0.0504714780485965
68.45563187,0.194439917365984,0.0226009597816194,0
68.465877505,0.194788841747546,0.046098256534547,0.0492363012050918
68.475883113,0.195373464360941,0.0686035539234053,0.149527673848012
68.485882224,0.196161236566185,0.0866068015637383,0.149575137797624
68.495881484,0.197105459309736,0.0998559992577108,0.149581316009119
68.505879769,0.198158111404862,0.108785607977353,0.0997297064453995
68.515877159,0.199280700971529,0.114445957344848,0.0498456558669883
68.525883444,0.200447451140652,0.117904283310003,0.0996456747206668
68.535889846,0.201640282489372,0.119801901088003,0.149607223680162
68.545877526,0.202842780174761,0.121488879280692,0.101005717563416
68.555633062,0.204038863674608,0.118439737647232,0.0996671642794495
68.565885898,0.20521256650519,0.113983658159985,0.147742121895576
68.57587955,0.20634663244174,0.110518838793202,0.0997100864609869
68.585885657,0.207422916646014,0.103854484770621,0.0997138379364744
68.595878706,0.208423634483967,0.0954351516396282,0.0997311948227904
68.605881183,0.209331192701937,0.0852234086247151,0.0996966697945139
68.615881007,0.210128298755525,0.0734543433748601,0.0997253446225633
68.625877882,0.210800037096647,0.0604280189591651,0.0498515497297487
68.635882317,0.211336938295413,0.046725896001575,0
68.645895328,0.21173537019666,0.0329777735164669,0.0998666082303438
68.655850581,0.211995447183122,0.0194012095877632,0.0498859820108657
68.665882534,0.21212314616934,0.00704685657818693,0
68.675881837,0.212136604571235,-0.00273252261573479,-0.0498576173176825
68.685881111,0.212068499605405,-0.00882228069023344,-0.0997010112741258
68.695883267,0.211960146341569,-0.0108944835846879,0
68.705878382,0.211850639664757,-0.00953286567602722,0
68.715881402,0.211769506806843,-0.00572728178628792,0
68.725881676,0.211736075163365,-0.000360331474450738,0.0498647883844291
68.735877103,0.211762301726419,0.00606219032257361,0
68.745879787,0.211857307518339,0.0133415190660232,-0.0498110854719926
68.755894362,0.212029362369017,0.021184220711456,0
68.765887358,0.212281152318303,0.0286572348405877,0
68.775882203,0.21260215862251,0.0341947930145021,0.0997499001921351
68.785878985,0.212964761865591,0.0363597906127633,0.149511104451614
68.795889139,0.213329606626273,0.0346463267550531,0
68.805891391,0.213658118223022,0.0295180842478733,0
68.815879779,0.213919692021962,0.0216220095642502,0.0498798646742801
68.825881347,0.214090341242843,0.0115192157032945,-0.0498595292247388
68.835877888,0.214150054553191,-0.000481265304288977,0.049857450283336
68.845879991,0.214080716589353,-0.0141178925874003,0.0498505453070456
68.855879601,0.213867672517493,-0.0287043488023189,-0.0498533420894266
68.865880283,0.213506621231637,-0.042971686598707,-0.0498506225688907
68.875881283,0.213008166507142,-0.0554981998670111,-0.0996602009462801
68.885890053,0.212396115016884,-0.06531091863573,-0.099708349283935
68.895881241,0.211701950877486,-0.0719526215235919,-0.0997515187535685
68.905881505,0.210957677637421,-0.0756239613457336,-0.0996826385157384
68.915886507,0.210189073414791,-0.0773354517965403,-0.049867641426805
68.925876062,0.209411389538354,-0.077949701348479,0
68.935875378,0.208630946890047,-0.0779135125712951,-0.0996558829730974
68.945886699,0.207852290520895,-0.0773922833348775,-0.0996885484905948
68.955879458,0.207082785462834,-0.076046429831211,-0.0498715768432233
68.965879977,0.206331873108372,-0.0736436407529614,-0.0997223873657024
68.97587675,0.205610112074754,-0.0701979192307124,-0.0997009913353529
68.985881411,0.204927814059942,-0.0658857826242908,-0.0498295463369786
68.995886593,0.20429174790851,-0.061127065171766,0
69.005885866,0.203705000435431,-0.0559810415571757,-0.0498708983709502
69.015880143,0.203172488155084,-0.0499898946476127,-0.099729979914922
69.025881785,0.202705406551239,-0.0427285304847103,-0.0997033092710931
69.035881112,0.202317876141444,-0.0343637697116645,-0.049859774251952
69.045879198,0.202018220056078,-0.0257694820963879,0
69.055877698,0.201802574476528,-0.0181768552488299,0
69.065879514,0.201654677207215,-0.0126587046817144,0
69.075887021,0.20154928236579,-0.00989174788923495,0.0498618558770019
69.085876391,0.201456873141359,-0.00995961145740835,0
69.095880335,0.201350156726604,-0.0123951815671022,-0.0498487710238536
69.105878517,0.201208943157861,-0.0165086423558611,0
69.115880579,0.201019979851378,-0.0216398293690261,0
69.125879541,0.200776124411295,-0.0270412642060008,0
69.13588265,0.2004790985648,-0.0316365235675303,-0.0498481428323482
69.145882218,0.200143309248971,-0.0341800274069556,-0.099693614233396
69.155885863,0.199795388196233,-0.033774728912785,-0.0498561112651175
69.165881698,0.199467832233574,-0.0301349554936842,0
69.175880917,0.199192838133849,-0.0233427813138105,-0.0498538832536637
69.185881474,0.199000981836081,-0.0137013305763802,-0.0997051487419238
69.195881517,0.198918803301523,-0.0020133310852245,-7.45182681781462e-07
69.205878129,0.198960721948969,0.010193635132666,0.0498446692435925
69.215885289,0.199122714454568,0.0211655791036995,0.0498454666206683
69.225881581,0.199384106594622,0.0295425331765406,0.0498518440633571
69.235886182,0.199713591499581,0.0345268384361569,0.0498596688449888
69.245879634,0.200074576139591,0.0358374795890749,0.0996928616731446
69.255889546,0.200430461648644,0.0338520249503937,0.0498344352139666
69.265887813,0.200751893514311,0.0295700146542772,-0.0498931878570434
69.275874164,0.201021407095764,0.0238869437076003,0
69.285880191,0.201229450322178,0.0173632214093943,0.0996763755046179
69.295880687,0.201368784784245,0.0103639438045787,0
69.305882407,0.201436752164769,0.00350800879069834,-0.0498537807962566
69.315880803,0.201438945366988,-0.00251688949613745,0
69.325890495,0.201386394018244,-0.00736562347021368,0
69.335905957,0.201291447622691,-0.0109472157291887,0
69.345891525,0.201167438428028,-0.0131275412761353,-0.0499182586170409
69.355880538,0.20102923048614,-0.0138590917993432,-0.0498830113784447
69.36588022,0.200890413269074,-0.0134832661447881,0.0498411236495767
69.375886032,0.20075949108618,-0.0124508878303161,0
69.385878975,0.200641411013823,-0.0108995985286966,-0.049877302187943
69.395877015,0.200541597397286,-0.0087824255514541,0
69.405879736,0.200465755819368,-0.00618007871033824,0
69.415881223,0.200417969817308,-0.00324106432369595,0
69.425876908,0.200400943698624,-4.92704893611934e-05,0
69.435878076,0.200416984562575,0.00336755241974788,0
69.445889748,0.200468337986392,0.00699108852051045,0
69.455880751,0.200556825034147,0.0107213916190473,0
69.465887054,0.200682736935344,0.0143078052776217,0
69.475879316,0.200842960607999,0.017345088694007,0.0498507995243542
69.485888665,0.201029666652162,0.0194604674832946,0.0498413055204058
69.495884737,0.201232275452859,0.020600871756133,0
69.505881099,0.201441528221089,0.0209897441535765,0.0498747810209223
69.515876133,0.201651889740172,0.0210419776921291,-7.44906908366305e-07
69.525885157,0.201862453163277,0.0212210388406384,0
69.535882914,0.202076454416849,0.0218584464047793,0.0498770557893666
69.54587594,0.202299420622072,0.0230977540906406,0
69.555888546,0.202538539585213,0.0251087397347628,0
69.56588497,0.202801822148687,0.0278703510041528,0.0498861659672779
69.575875977,0.203095596302854,0.0311174465806731,0.0498569837850397
69.5858841,0.203424144008122,0.0347765036191562,0
69.595882428,0.203791350718462,0.0388048004812438,0.0498505951533756
69.605885793,0.204200305714274,0.0430148024784587,0.0498289537792322
69.615892808,0.204652093261681,0.0472509467714795,0
69.625879769,0.20514504001,0.0510196835299718,0.0498892343750359
69.635878711,0.205671767707802,0.0535201787243093,0.0498544363783039
69.645879622,0.20621543571702,0.0538684745190172,0.0996916931219672
69.65588216,0.206749322990551,0.0513695727809426,0.149575508947049
69.665878043,0.207242746060084,0.0460755287981517,0
69.675889672,0.207671179685886,0.0388815427067023,0
69.685883225,0.208020578398372,0.0306371103309661,0.0498699455477159
69.695883604,0.20828373598652,0.0218174989272629,0
69.705883126,0.208456926216985,0.0130192535403427,0
69.715438847,0.20853833065318,0.00350266418422673,0.0498174317180559
69.725897835,0.208527031021357,-0.00553243098333276,0
69.735878236,0.208425251144196,-0.0142389352408066,0
69.745878598,0.208242526230938,-0.0213708032736181,-0.0498454241283569
69.755882004,0.207997754553537,-0.0263111583220813,-0.0997030423562
69.76587977,0.207716272227819,-0.0287430206926782,0
69.775881789,0.207422900319433,-0.0289660787308616,-0.049866960104361
69.785874899,0.207137091746971,-0.0275944796416878,-0.0498558594864866
69.79588137,0.206871022288686,-0.025394904171948,0.0498276265618331
69.805885812,0.206628916528943,-0.0234644497809557,0
69.815473136,0.206411312279259,-0.0203531961257864,-0.0498108245765134
69.825903475,0.206221493107924,-0.01689725387961,-0.0488048295589385
69.83590311,0.206066101821827,-0.0135991587839918,-0.0499181373816224
69.845877806,0.205949859009051,-0.00977472325055845,0.0499267083161368
69.855874012,0.205870891781713,-0.00639590615372333,0
69.865885131,0.205821894035964,-0.0038827942650443,-0.0498257240937825
69.87588539,0.205793191717979,-0.00253202743601052,0
69.885888294,0.205771245478441,-0.00281110585407524,0.101723259806752
69.89548934,0.205738082939371,-0.00463711298074459,0
69.905879789,0.205678542657472,-0.00743790462427238,-0.0977911419854091
69.915881552,0.205586407611437,-0.010897538093407,0
69.925892045,0.205460458335377,-0.0143847840757667,0
69.935894433,0.205298526639518,-0.0181540093209164,0
69.945882782,0.205097546309547,-0.0221620541860161,-0.0498998555606659
69.955876082,0.204855692251654,-0.0263098052187615,-0.049856752241455
69.965881706,0.204571378514522,-0.0306828536853746,0.0498349931128619
69.975883738,0.204241800270019,-0.035183124438878,0
69.985883343,0.20386765843097,-0.0391540480367156,-0.149579221642971
69.995881563,0.203458804469339,-0.0419545621857192,-0.0997448080470656
70.00587614,0.203028869385967,-0.0436722801388692,0.0498515673994971
70.015882567,0.202585315019592,-0.0449129761651369,0
70.025877695,0.202130540022986,-0.0457706810278158,-0.099709859891521
70.035882222,0.201669917189921,-0.0458182014101784,-0.0498144375816817
70.045893607,0.201213446935562,-0.0448972777041588,-0.0498682594889972
70.05587683,0.200772213721959,-0.0428904826691651,-0.0498794579524541
70.065883726,0.200356061083038,-0.0399746117148089,-0.0498270140237944
70.075887989,0.199972275410971,-0.0366199940335363,-0.0498619726924202
70.085880855,0.19962376633837,-0.0331492860426332,0.0498514400637532
70.095889343,0.199309244805985,-0.0296518504784802,0.0498445545047065
70.105884972,0.199030607252132,-0.0253603852616746,-0.149611975266313
70.11588279,0.198802203287356,-0.0192323584658943,-0.149591414669258
70.125881167,0.198646033261938,-0.0112825294083949,0.0997188098090323
70.13588065,0.198576576843801,-0.00250014385305557,0
70.145879331,0.198596034975141,0.0061562605235839,0
70.155885081,0.198699729332663,0.0142486980777084,0.0997070481042425
70.16587955,0.19888101205716,0.0223303122174452,0
70.175469284,0.199137050700183,0.02957799946392,0
70.185891717,0.199472931921958,0.037266856086716,-0.0488619142077899
70.195875085,0.199897510749384,0.0470020409238549,0
70.205876546,0.200412259672472,0.0552088811761819,0.14948369864558
70.215885689,0.201002273807884,0.0613311730138341,0.149422072301804
70.225895403,0.201640039654678,0.0648121774714611,0.0498621105940287
70.235882165,0.2022982889592,0.0659272688705516,0.0498812520698475
70.245884803,0.202957886203039,0.0654576948691261,0.0498606661554485
70.255879818,0.203607289227372,0.0640981756383505,0
70.265855123,0.204237947281953,0.0615626974939439,0.0997071101679034
70.275880174,0.204838565093571,0.0577899152258252,0.0997088301145553
70.285855134,0.205393746222159,0.0525794755870999,0.0499285033610069
70.295850358,0.205888586895669,0.0458966377647398,0.0497874319598999
70.305881903,0.20631290758455,0.038655504394448,0.0497865601216464
70.315877777,0.206662756878833,0.0314574766173727,0.0498575172836715
70.325880819,0.206942023016993,0.0250306750139,-0.049901540313524
70.33585905,0.20716290162966,0.0199590680120552,0
70.345879527,0.207341178590118,0.0163417308058736,0.0498033780773713
70.355879706,0.207490073800569,0.0139532915530605,0.0498475771380279
70.365882431,0.207620284941538,0.0127306146674559,0
70.375875549,0.207744633172753,0.0129422951458065,-0.0498554332136126
70.385882183,0.207879127634765,0.0147121822301612,0.0498596339398632
70.395873616,0.208038848378708,0.0177925538226127,0
70.405880148,0.20823494250337,0.0217463006734743,0
70.415873152,0.208473764301894,0.0260054862120346,0.0498313793085623
70.425889554,0.208755296835214,0.0299112382653237,0
70.435875363,0.209072055200948,0.0326809696220652,0.0498871026932168
70.445876311,0.209408483433575,0.0335151707680973,0.0997127516111558
70.455874438,0.209742327614777,0.032116724747768,0.0498449408472916
70.465879974,0.210050935572093,0.0287016468674942,-0.0498595470194166
70.475872241,0.210316297494609,0.023585063034493,0.0498519933834495
70.485881106,0.210522663531074,0.0168526378633614,0.0497973457916141
70.495895023,0.210653734188672,0.00861411913289244,0
70.505894126,0.210695058069563,-0.000853368695789556,0
70.51587431,0.210636684490582,-0.0111425866938399,-0.0498969979282893
70.525877218,0.210472394734542,-0.0219116945403359,0.0498452397357119
70.535878152,0.210198366415045,-0.0327709450802985,0
70.545885988,0.209816688431748,-0.0429336327785689,-0.149584308062589
70.555875297,0.209339816334995,-0.0515868755769482,-0.0997450954542601
70.565878578,0.208785333178957,-0.0586998299422512,0
70.575870869,0.208166079658997,-0.0648236485836961,-0.0498434855819534
70.585883124,0.207488565518976,-0.0703719136907899,-0.0498352721042901
70.595878712,0.206758089458262,-0.0752477656067192,-0.0498606387288839
70.605880788,0.205983785985623,-0.0788210952987244,-0.0997372502284429
70.615873024,0.205182115886678,-0.0804146760662441,-0.149604058617652
70.625875293,0.204375934342942,-0.0797214939183219,-0.0996960341356334
70.635875602,0.2035874804863,-0.0771969219967187,-0.0498378028722678
70.64588212,0.202831468879622,-0.0736293306034012,-0.0498406502934437
70.655881286,0.202114475365117,-0.0696306743110781,-0.0498590558537819
70.66588012,0.201438994654749,-0.0653238602478382,-0.0498554334943129
70.675880739,0.200808033892312,-0.0605136069022786,-0.0498582056863512
70.685878461,0.200228822908777,-0.0546953997502833,-0.0997167504377352
70.695879012,0.199714220356261,-0.0474690730998908,-0.0996630622933324
70.705887507,0.199279012041544,-0.0391070239352269,-0.0498608734643996
70.715876283,0.198932186600625,-0.0303186440556929,0.0498726574876526
70.725880053,0.198672865155603,-0.0218622831830603,0
70.735873139,0.198495009671982,-0.0139267849951535,-0.0498468471400467
70.745882951,0.198394289095877,-0.00628553623464566,0
70.755880815,0.198369250699513,0.00126154944471661,0
70.765876331,0.198419511733314,0.00878823722485148,0
70.77587622,0.19854497506206,0.0161952822315208,-0.0498499072828986
70.7858783,0.198743449266455,0.0229481875329319,0
70.795881698,0.19900406452289,0.0279798700975185,0.149524654162455
70.805883423,0.19930319000928,0.0304169980665918,0.0997168152593564
70.815879958,0.199612351558645,0.0304481327408487,0
70.825877615,0.199911975821342,0.029216742766381,0
70.835887965,0.200196920352432,0.0280448323496023,0
70.845876,0.20047282717593,0.0276709845873087,0
70.855877009,0.200750036880871,0.0282372903796538,0
70.865878521,0.201037644169732,0.0294386759011767,0.0498501268031552
70.875878591,0.20133885697088,0.0306888464518101,0.0997002486217435
70.885880104,0.201651469679212,0.031733379987909,0
70.895873962,0.201973377676822,0.0326870901625834,0
70.905880175,0.202305213803247,0.0337008666409544,0.0498472284161008
70.915876707,0.20264748751852,0.0346179861477817,0
70.925878496,0.202997515402604,0.0350058487678241,0.0498634937473301
70.935873226,0.203347482638517,0.0342960726948131,0.0498347689704389
70.945886541,0.203683712768405,0.0320574864198898,0.0498544809812266
70.95587336,0.203988636662618,0.0280419528450658,0.0498673242245217
70.965881524,0.204244411138829,0.0224250090843654,0.049846767396767
70.97587629,0.204437202549582,0.0159072446506373,0.0498679681509325
70.98587595,0.20456246736486,0.00964555713778221,0
70.995879902,0.20463014853209,0.00510358477447206,-0.0996913641971258
71.005879465,0.20466455699945,0.00316630419959543,-0.0997357188495963
71.015874521,0.204693457578199,0.0034653829287815,0.0997039196992828
71.025880461,0.204733868109547,0.0048231472149739,0.0498394021711284
71.035880706,0.204789950353664,0.00637257121878662,0
71.04588321,0.204861337052121,0.00793067449931908,0
71.055877641,0.204948539536133,0.00957343001367926,0
71.065877453,0.205052750538158,0.0112727463050432,0
71.07587701,0.205173987349131,0.0127417410812383,-0.0498571236970151
71.085876228,0.20530756975115,0.0132442282588713,0.0498356905455392
71.095884386,0.205438969603736,0.0117896593960363,0.0995340945786677
71.1059112,0.205543775247039,0.00797483244002294,0.0997815209125837
71.115869827,0.205598350146951,0.00249972039773683,-0.0499419252860632
71.125876017,0.205593681707331,-0.00300282963504037,-0.0996801621157344
71.13587559,0.205538276248943,-0.007235324471692,0
71.145880588,0.205448942145229,-0.00978090992748665,0
71.155885801,0.205342558177522,-0.0107417076755145,-0.0497897614922528
71.16590642,0.205233830511926,-0.0104590763691147,0
71.175880389,0.205133433254661,-0.00925612336825764,0.0997992765957614
71.185888156,0.205048877098398,-0.00707693742429702,-0.0498295861810416
71.195890216,0.204991824961111,-0.00339111611464537,-0.0997376821979229
71.205882232,0.204981074865077,0.00206087152511273,-0.049876860578616
71.215881376,0.205033024173509,0.00837305407078163,0
71.2258832,0.205148544051609,0.0138104755932474,0.149561885535137
71.235881519,0.205309235660272,0.0173081232713903,0.0509827307395751
71.245440438,0.205487043137761,0.0173238580391216,-0.0498632148618288
71.255877851,0.205655649277143,0.0149871111471211,0.0974977529156545
71.265894014,0.205793583154629,0.0115248795909914,0
71.275878399,0.205886153184597,0.00674942839050262,-0.101157064665772
71.285607691,0.205926639205854,0.00128058060127691,0.0996890667679855
71.295882375,0.205911769888211,-0.00423010172173026,0
71.305876261,0.205840901093,-0.00957514969319896,-0.0498610925178128
71.315879857,0.205720291004574,-0.0138155671141684,0.0498437796998812
71.32588039,0.20556453270624,-0.0162223937557291,-0.0998532666340933
71.335850789,0.205396314682001,-0.016367872905346,-0.101064091546614
71.345612055,0.205241567321309,-0.0138358584055194,0.0498485542056829
71.355853002,0.205119566895136,-0.00997046702951996,0
71.365887193,0.205039414726361,-0.00577762716893751,0
71.375883342,0.205003839058549,-0.00136182937013496,0
71.385886359,0.205012179274724,0.00273339489619385,-0.0997045029415038
71.395884221,0.205058509359127,0.0057136988413157,0.0998837505123474
71.405851196,0.205126252340758,0.0065750242691738,0.099707548873275
71.415884489,0.205190011606617,0.00499993027895449,-0.0498454167838492
71.425854668,0.205226268306095,0.0015093987059803,0.0498709911755167
71.435877703,0.205220189337957,-0.00286842790604822,0.0499162981012178
71.445829735,0.205168971266487,-0.00671073285262873,-0.0996915611898047
71.455881029,0.205085952361007,-0.00861373500179506,-0.0994693388810803
71.46587775,0.204996282977965,-0.00810132330195236,0
71.475882006,0.204923917979975,-0.00561084852390531,0.0498399527815768
71.485883415,0.20488403422203,-0.00184388627242612,0.0498488432970099
71.495884103,0.204887036387897,0.00309232609176696,-0.0498545236243599
71.505883233,0.204945880181062,0.00945693079271513,-0.0499341093320287
71.515852045,0.205075871833464,0.0170941548631063,0.0498210311314167
71.525896496,0.2052879899981,0.0254095473075478,0
71.535877223,0.205584702541197,0.033522060226575,0
71.545886326,0.205958090283279,0.0402040470541898,0.149536187925058
71.555880803,0.206388927412769,0.0447912423061938,0.0997567232910949
71.565876735,0.206853485536598,0.0473456081870276,0
71.575851288,0.207334442170884,0.0484568581905869,0
71.585886598,0.207823100630402,0.0489317796041206,0.0498453194728767
71.595855098,0.208313264193047,0.0488063807722247,0.0998799043206167
71.605852353,0.208797556871337,0.0477664443056267,0.0497643945093091
71.615891138,0.209270314581812,0.0465917894450198,0
71.625877887,0.209730582334989,0.0454345591634275,0
71.635884756,0.210178715801724,0.0439041666526733,0.0498192537626962
71.645891864,0.21060927931658,0.0414883117407546,0.0997409117612298
71.655878334,0.211008215598601,0.0373855051164269,0.0498495758158515
71.665893966,0.21135706800324,0.0314788979116457,0
71.675882294,0.21163791821327,0.0238665524775137,0.0498847340942597
71.685881672,0.211834105637394,0.0146549499022405,0.0498478688733395
71.695884782,0.21193105367283,0.00423771206161088,-0.0498513929283822
71.705882746,0.211918864429929,-0.00713429002764804,0
71.715418985,0.211791691003169,-0.0191279774175164,0
71.72540615,0.211545421199104,-0.0299827521772025,0
71.735850677,0.211179092645372,-0.0414068756632003,-0.0487659851577449
71.745852703,0.210698793321292,-0.0529263246350852,-0.0995385545798538
71.755884901,0.210118754802136,-0.0619464014337022,-0.049786345582283
71.765879909,0.20945817997882,-0.0689687103888975,-0.0498334438857969
71.775893179,0.208738809671374,-0.0735772331346662,-0.0498597040947774
71.785877649,0.207986801600674,-0.0752474356378794,-0.149626056619748
71.795884844,0.207234488145992,-0.0735171250444757,-0.0996899761336747
71.805881592,0.20651616922176,-0.0695254952100783,-0.0504812822112386
71.815636351,0.205861254840672,-0.0612106161349644,-0.049856325946978
71.825880687,0.205292012294669,-0.0511623856497802,-0.0492434973622038
71.835884332,0.20482531982812,-0.0416639359191478,0
71.845483034,0.204475301365396,-0.0284490051858853,-0.0498651296083305
71.855880195,0.204256457417937,-0.0143299244558495,-0.0977657083991337
71.865880551,0.204183006487699,0.000252293350618491,0
71.875872701,0.204261501394263,0.0149978671158799,0
71.88588881,0.204483087697401,0.0280165015707191,0.0996907984207335
71.895876479,0.20482193727202,0.0379293620652184,0.0997478215165422
71.905881003,0.205241378824176,0.0441640092054024,0.0499078292304515
71.915854637,0.205704252825839,0.0469416749014171,0.0498521157452887
71.925881787,0.206180249124477,0.0470891979922341,0
71.935874704,0.20664698172462,0.0462721582945602,0
71.945443904,0.207085430498878,0.0413463502546182,0.0996707260170259
71.955882361,0.207474225318716,0.034527579852482,0.097566829602238
71.965882999,0.207791142983603,0.0273409030100332,0
71.975878401,0.208020935108941,0.0184163145617466,7.45338707268089e-07
71.985875468,0.208159330581573,0.00949349570627217,7.44854630178418e-07
71.995883863,0.20821085687654,0.00132690773799331,0
72.005872952,0.208185865397833,-0.00564275094354504,-0.0498603619715371
72.015881638,0.20809801441279,-0.0113201887070807,-0.0498371402644817
72.025880045,0.207959381329593,-0.0161219804998315,0.0498591926433471
72.035879882,0.207775603112991,-0.0207750839109248,0.0504459532984573
72.04564568,0.207548748603915,-0.0245263833758489,-0.0997221900223824
72.055877363,0.207285137227434,-0.0273255101061586,-0.049302491519382
72.065869735,0.206996115984625,-0.0295399050252287,0.0498505677378552
72.075879067,0.206694288790931,-0.0300206893642059,-0.0498414973581609
72.085875079,0.206395541766777,-0.0286465790882998,-0.0996997424880708
72.095880901,0.206121304671339,-0.0251397578094185,-0.0498574652416087
72.105873717,0.205892780850939,-0.019899133113471,0
72.115879831,0.205723343301142,-0.0138097040273816,0
72.125870114,0.205616636526755,-0.00766057484199833,0.0498506875790529
72.135881188,0.205570121408902,-0.00176708283993045,0
72.145860075,0.205581312609701,0.00406369780211358,-0.0498362161237853
72.155888353,0.205651424481339,0.00998637583996329,-0.0498222434990496
72.165872851,0.205781167712438,0.0155024413167155,0
72.175880487,0.20596135136547,0.0193236428545484,0.0997185405401742
72.185870765,0.20616760026041,0.0202256669115494,0.0996687284237582
72.195888545,0.206366027682125,0.0178647952428884,0
72.205879218,0.206525047176382,0.0128062498512446,0
72.215880813,0.206622053661226,0.005894711232943,0
72.225878182,0.20664293529412,-0.00216035260395441,-0.0498623741421668
72.235877781,0.206578853159336,-0.0110513944856847,0
72.245875303,0.206421939221371,-0.0208044817551112,0
72.255876946,0.206162780895976,-0.0314657738998111,0
72.265878563,0.205792521164952,-0.0427830416950155,-0.0498537857816257
72.27587706,0.205307115184809,-0.0542013851073753,-0.0997192187015789
72.285876341,0.204708613898282,-0.0652275946104788,-0.049841285658426
72.29588219,0.204002228675039,-0.0757201495310208,-0.049862239493714
72.305873363,0.203194436402267,-0.0853417192754231,-0.099667376028444
72.315890669,0.202294670677093,-0.0938229031899197,-0.049850298569226
72.325875175,0.201317808331369,-0.100509509551986,-0.149669212560074
72.33587647,0.200285907620579,-0.104570071328464,-0.149550250608821
72.345876874,0.199226229240248,-0.105966865090771,-0.0498503585890164
72.355877959,0.198166412534102,-0.10459936816436,-0.0997056223294437
72.365877379,0.19713418905428,-0.100335446828755,-0.149565220815724
72.375877656,0.196159733999167,-0.0930561919870534,-0.0997297384427673
72.385873197,0.195273454375534,-0.0828943136227997,-0.0996720461662038
72.395885048,0.194501234971945,-0.0706217635212986,-0.0996724795812471
72.405880502,0.193860503213125,-0.0571768195912036,0
72.415881087,0.193357925057503,-0.0434793125612044,-0.0498601877932452
72.425878048,0.192991023660134,-0.0302929177919886,0
72.435875209,0.192752244763434,-0.0179100154642629,0
72.445876991,0.192632842281735,-0.0064060418797916,-0.0996637397003564
72.455884119,0.192624066848005,0.00401893491597171,0.0498709113549688
72.465870237,0.192713193836168,0.0129265112114048,0.0997357267984669
72.475878587,0.192882525562773,0.020182170537225,0
72.485874293,0.193116919105796,0.0263489824408969,0
72.495881838,0.193409590872133,0.0322054205201131,0.0498426259920661
72.505879184,0.19376118503291,0.0384043654014004,0
72.515878004,0.194177530937824,0.0452496178059581,0
72.525877464,0.194666099559687,0.0525830623983518,0.0498281395117697
72.535888711,0.19522975519264,0.0597309413225563,0.04981462423799
72.545893301,0.195861664345056,0.0657502618287519,0.149500598203161
72.555897053,0.196545308917899,0.0699620883621777,0.0498953658477766
72.565876748,0.19725974802985,0.0719572548216114,0.0498756112246911
72.575888415,0.197983832447564,0.0718335997075363,0.0997515605809884
72.585868341,0.198695816118928,0.0695464198824019,0.0997571374817863
72.595878741,0.199374088053147,0.0652372268574698,0.0498443877914161
72.605871927,0.200000794596773,0.0594640992088239,0.0498494113300856
72.615880909,0.20056349895549,0.0526927618366654,0.0996540031478915
72.625883091,0.2010552380955,0.0456115592382743,-7.44939418375283e-07
72.635884094,0.201475875413072,0.0388627266390968,0.0498691433824378
72.645876747,0.201832246083144,0.0329937093210696,0
72.655884968,0.202135778435995,0.0283376346138915,0
72.665869381,0.202398790040405,0.0247428966424071,0.0498603573392407
72.675882446,0.202630573967258,0.0218399649506721,0
72.68587408,0.202835691965414,0.0191222506708501,0
72.695880308,0.203012978097303,0.0159712281683436,0.0996938983153388
72.705877236,0.203155166933977,0.0120753433748071,0.0498627082729777
72.715877142,0.203254446734262,0.00774488704197927,-0.0498503234921127
72.725879038,0.203310078631103,0.00372397350986367,0
72.73588104,0.203328940720508,0.00051242649508275,-0.0498658677758551
72.745874605,0.203320324889418,-0.001872694778648,0.0498533941844958
72.75588161,0.203291485757499,-0.00356370947955876,0.0498642193980376
72.765870833,0.203249064142139,-0.00432908147760096,-0.0498516344719646
72.775882886,0.203204898604039,-0.0035467753025513,0
72.785874567,0.203178115392429,-0.000649689975664403,-0.0498607633953474
72.7958805,0.203191906354686,0.00445604215600817,-0.0498413503654165
72.80587997,0.203267260311545,0.0112914562234864,0
72.815597648,0.20341454166818,0.0180351202235967,0.0498727118289016
72.825872793,0.203627833277959,0.0232997295848307,0.0983130246778044
72.835881762,0.203887156039248,0.026975612726191,0.049854500922895
72.845872919,0.20416734893141,0.0279924921093762,0.0498235978357664
72.855893994,0.204447348285599,0.0273574568157562,0
72.865892305,0.204715028419383,0.0258951131056435,-0.049843338677373
72.8758983,0.204965362052069,0.0239225765819833,0.0498525644007473
72.885892909,0.205193494400259,0.0212803787231459,0.0498718143397324
72.895891184,0.205390818195357,0.0176663677911985,0
72.905893358,0.205546829688282,0.0130358018295161,0.049830744176861
72.915900546,0.205651656273124,0.00762946867040921,0.049843590333317
72.925897563,0.205699451143606,0.00205921025001549,-0.0498693249747246
72.935894428,0.205692827879876,-0.00281568484389294,0
72.945896674,0.205643139949872,-0.00631373447748743,-0.0498515848467039
72.955895425,0.205566546895533,-0.00824444809208042,-0.0498702777884863
72.965890174,0.205478304576943,-0.00894775723570666,0.0498658382860276
72.975890705,0.205387633984233,-0.00900441917840431,0
72.985895081,0.20529817200869,-0.00868990537018796,0.0498450405190906
72.995894328,0.205213804393302,-0.00761973454688272,0
73.005893622,0.205145788434945,-0.00490231573948549,-0.0996858601067207
73.015898798,0.205115736165161,0.000156374450832685,-0.0498431393477502
73.025898008,0.20514891660982,0.00735260036286389,0
73.035895328,0.205262762658895,0.0155950112042717,0.049870636973802
73.045891364,0.205460713220651,0.023550078966458,0.0498584375473113
73.055893576,0.205733722978486,0.0302265589438959,0.0498414700245728
73.06589642,0.206065397225011,0.0352174595331939,0.0996833062181025
73.075898708,0.206438252905152,0.0387264170277167,0
73.08590011,0.206840068466044,0.0412932301770837,-0.0498597760539441
73.095896718,0.207264035335166,0.0430389490314858,0.049884688451938
73.105888133,0.207700331969181,0.0432907140487052,0.0997041462845161
73.115897818,0.208129897235925,0.0413474783112878,0.0498557223803766
73.125887769,0.208527266484925,0.0368837301266241,0.099708179779624
73.13589781,0.208867571543388,0.0302732973691985,0
73.145893214,0.209132897270413,0.0223476172010354,0
73.155896722,0.209314499573201,0.0139817681692361,0.0996989825448059
73.165895051,0.209412558318306,0.00615608931710654,-0.099720151188579
73.175894313,0.209437606529524,-0.000276606454491139,-0.0498635041231917
73.185891267,0.209407027235895,-0.00505731120723769,0.0498402467557697
73.19589986,0.209336432252474,-0.00847288448515509,0
73.20589854,0.209237507922903,-0.0107229918926335,0
73.215895382,0.209122020432179,-0.0116239996316882,0
73.225892214,0.209005101463691,-0.0107831207412768,-0.0498204934266561
73.235908861,0.208906212671669,-0.00794897707232648,-0.0498599933154091
73.245889838,0.208846140809014,-0.0032654035215652,0
73.255891394,0.208840961638041,0.00251949150197392,-0.0498350255176012
73.26589778,0.208896550648855,0.00818488237442126,0.049848805914294
73.275893506,0.209004676572001,0.0124002553329433,0.099711751667337
73.285897205,0.209144548625367,0.0143212492761027,0
73.295906889,0.209291293218802,0.0139662830761933,0.0498668932197911
73.305892062,0.209423802458297,0.0118665774579709,0
73.315891623,0.20952844361279,0.00875961728611763,-0.0498421377404044
73.32589685,0.209599036745067,0.00517794030611143,0
73.335904894,0.209632071135358,0.00117898670515218,0.0498602526195509
73.34589437,0.209622613555283,-0.00329011697570116,0
73.355896114,0.209566297683071,-0.00795591798113651,0
73.365890734,0.209463524123378,-0.0122170399916996,0
73.375895439,0.209321965129739,-0.0153054402345209,-0.0498423967731128
73.385895717,0.209157339051679,-0.016554174738632,-0.049866790966592
73.395890337,0.208990966094366,-0.0156750935061742,-0.0498472335582102
73.405898161,0.208843798871627,-0.0130202975898146,0
73.415895427,0.208730493869255,-0.00933919581617769,0
73.425889359,0.208657097158905,-0.00535558424301134,0.049850787485061
73.435896445,0.20862337673241,-0.00143735399968833,0
73.445902645,0.208628330982226,0.00250958744576418,-0.0498741542701122
73.455888391,0.208673548269108,0.00688682874819998,0.051459924311104
73.465278237,0.208761767366225,0.0111207712961468,7.45297737730242e-07
73.475881959,0.20889589216623,0.0153661357464226,-0.0483854741161021
73.485884969,0.209078413207427,0.0206153041312339,0.0996243906524077
73.495898772,0.209308544853963,0.025248882064081,0.0498282139617178
73.505895048,0.209583645332191,0.0298257544306317,0
73.515894119,0.20990492116334,0.03477647600106,0.0498312348659183
73.525904512,0.210279503976781,0.0406171171595734,-0.0498381989507011
73.535900787,0.210717534341469,0.0473253409742387,0.0498843440437058
73.545892673,0.211225450511554,0.0541497772762545,0.0997022171526468
73.555902274,0.211800610407713,0.0617248269518508,0
73.565425671,0.212431121432955,0.0648029490152246,0.0997855535288714
73.575886758,0.21309566390546,0.0651433101280394,0.146098863196958
73.585899883,0.213764879374898,0.0656592852376056,0.0498599655406827
73.595884692,0.214408713958129,0.0619247070447465,0.0498959567174135
73.605883392,0.215002352315449,0.0558089508067599,0.0498034875320595
73.615905304,0.215526043308358,0.0480082118537002,0.0498135391619861
73.625899665,0.215963297790155,0.0387358597613816,0.0498688336163429
73.635899383,0.21630053114856,0.0282081468845542,0
73.645889896,0.216527185162459,0.0167785431117868,0.0499739123874967
73.655851421,0.216635297278311,0.0047757977155782,0.0505527211932651
73.665613491,0.216621381062403,-0.00742411776049492,-0.0512170609346232
73.67531918,0.216490766342962,-0.0180280963508169,-0.0985330738706389
73.685852003,0.21625651921807,-0.0272977860819868,-0.0485558063739265
73.695854238,0.215930204722497,-0.0371516991301006,-7.45112083308385e-07
73.705850554,0.21551353906828,-0.0464925035250919,0
73.715890197,0.214998682828061,-0.0568512457904388,-0.0497659071553526
73.725885985,0.214374499855981,-0.0683637183773961,-0.0498863014875568
73.735877275,0.213632291856481,-0.0802399035340696,-0.0498599007161278
73.745883945,0.212769865474703,-0.0920271139952247,-0.149751979338624
73.75585203,0.21179407280107,-0.102825253870846,-0.149893177066394
73.765839884,0.210717890980797,-0.111993093003066,-0.0498626484283213
73.775848888,0.209554562823307,-0.119789116945831,-0.0995296235636059
73.785875756,0.208317811566678,-0.126196506905927,-0.149320205045252
73.795881402,0.207026529531962,-0.13053842018868,-0.149486400542933
73.805886098,0.205705693134562,-0.132360825521114,-0.149776933719103
73.815852829,0.204383094967409,-0.130970431706363,-0.0997236041584567
73.825883146,0.20308667112515,-0.126725229320465,-0.149321979092721
73.835885105,0.201844500197497,-0.120163270467337,-0.149615342714881
73.845876143,0.200684247219186,-0.1106804900197,-0.0498677507007996
73.855879917,0.199631464607486,-0.0985414763239024,-0.0996096737194463
73.865896063,0.1987114547465,-0.0841929522389448,-0.199723156601442
73.875849336,0.197950180267379,-0.0672431416178907,-0.0498724504398083
73.885888692,0.197367087563339,-0.0490056077113852,0
73.895879375,0.196968596033701,-0.0309220904905223,-0.0499495192948344
73.905850772,0.1967498183192,-0.0135613324031558,0
73.915849998,0.1966977677769,0.00211427805585805,0
73.925881481,0.196792168807682,0.0154519953363612,0.0498605614359529
73.935847693,0.197006772066778,0.0260360544307208,0.049853137448178
73.945882154,0.197312907418561,0.0336882167780638,-0.0497586663352814
73.955886339,0.197681838317165,0.0384196544078417,0.0498595716093959
73.965880246,0.198081227202017,0.0396255270279095,0.149828762023573
73.975850957,0.198472946827326,0.036977922004882,0.0498495760089245
73.985882049,0.198820852313308,0.0313052900763187,0
73.995881614,0.19910001235513,0.0239351502525477,0.0499286033673099
74.005852193,0.199298840710513,0.0159917813679011,0.0498452573066965
74.01588515,0.199419904529427,0.00917299900330041,-0.0498591655549253
74.025850149,0.199482281940969,0.00488727998280635,-0.0998799283792378
74.035850751,0.199517482011539,0.00367713825919932,-0.0497822192711164
74.045879015,0.199555930850426,0.00488631481753048,0.0995516993784144
74.05588218,0.199615361879878,0.00732493355410705,0.0498460050043132
74.065881952,0.199702451034838,0.0102683376260391,-0.0498581729541931
74.075880833,0.199820714800948,0.0135101621181027,0.0498676135292408
74.085876819,0.199972584929538,0.0169644010834535,0.0499262344846922
74.095852223,0.200159517471102,0.0205636443499192,-0.0498330603837632
74.10588555,0.200384037357715,0.0242777381755445,-0.0497844720364851
74.115880482,0.200645758299216,0.0274392996318206,0.0997348379927643
74.125880495,0.200932684644692,0.0288665290341231,0.149744209117569
74.135856373,0.20122239293675,0.0281667418456464,0.0498584275747854
74.145878747,0.20149597024614,0.0262932338154209,-0.0497629415614572
74.155892998,0.201749220602747,0.0247475526648237,0
74.165876973,0.201990877397278,0.0243357596532878,0.0498641774169752
74.175888944,0.202235837138643,0.0255139695830616,-0.0498489579375481
74.185879024,0.202501209118091,0.0282652718697834,0
74.195882268,0.202800953877084,0.0319316133031849,0.0996641481414017
74.205887852,0.203140123276437,0.0358143497084184,0.049914373999173
74.215858105,0.20351637548912,0.0392416915730885,0
74.225881,0.203924688223828,0.0420677434229342,0.0498766385294371
74.235849354,0.204357362222756,0.0438671078337179,0.0498532944807756
74.24588161,0.204802057139438,0.0441706490099152,0.0497859461069901
74.25587702,0.20524199722813,0.0427521766399789,0.0498439141422387
74.265885984,0.205657287670258,0.0391982637468501,0.0498277806783976
74.275887273,0.206026364402865,0.033654528402609,0.0998680086045518
74.285853968,0.206329300754929,0.0263971138487831,0
74.295852623,0.206553392019846,0.0182477739967564,-0.0497819143708359
74.305883256,0.206694790675669,0.0100077550803824,0.0497899784962387
74.315878667,0.206753807763427,0.0019226399751896,0.0498630224597619
74.325879964,0.206733237145842,-0.00558029993605511,-0.0499209752747846
74.335852161,0.206642349676136,-0.0117996607094777,-0.0498519161173184
74.345881127,0.206497230208647,-0.016302447445972,0
74.355874297,0.20631593985624,-0.0190561055284243,0
74.365880384,0.206116122256765,-0.0199880250888947,-0.0498336032873289
74.375882511,0.205916015172824,-0.0191401315852723,-0.0498400275204368
74.385886019,0.205733211770418,-0.016786553409508,0
74.395851841,0.205580798948227,-0.0133706010713517,0
74.405885009,0.205465813253298,-0.00948561389304384,0
74.4158534,0.205391071882294,-0.00547932106593504,-0.0498676888140363
74.425879547,0.205356256760031,-0.00177422624547643,0
74.435877407,0.205355544763535,0.000977149979515785,0.0499308461137126
74.445848794,0.205375769709328,0.00225224048956078,0.0499195719145175
74.455851164,0.205400530467779,0.00217193049253174,0
74.465220784,0.20541784432511,0.00115854818079051,-0.0498488358204413
74.475853264,0.205423703864346,6.16073231053555e-05,0
74.485883273,0.205419117285746,-0.000884208010029344,0
74.495852939,0.205406019991513,-0.00165404640688767,0
74.505885196,0.205386033176877,-0.00226175240497996,0
74.515880026,0.205360723679326,-0.00270152031410673,0
74.52588248,0.205332010107924,-0.00290069418130274,0
74.535891049,0.205302677821348,-0.00275376117671145,0
74.545874546,0.205276956732731,-0.00214888869818421,-0.04994580040523
74.555854317,0.205259778980364,-0.00128314011859801,-0.0512624098225885
74.565325083,0.205251998968378,-0.000714129323291676,0.0995648958807151
74.575883091,0.205245475845541,-0.00120243409402713,0.0484982103317859
74.585884221,0.205227277959903,-0.00281261403108398,-0.0498182929411215
74.595897454,0.205189183167344,-0.00483209953631825,0
74.605853063,0.205130786527734,-0.00665566524968076,-0.0499616223325766
74.6158544,0.205056356415362,-0.00799091603281258,0
74.625880041,0.204970752628145,-0.00895624457927448,0
74.635880778,0.204876995275957,-0.00998666903375801,0
74.645308672,0.204776725320569,-0.0102406043219724,0
74.655882058,0.204672170081544,-0.0103207005288631,0
74.66550934,0.204568240275658,-0.01025598521365,-0.051439989729788
74.675265738,0.204473371346078,-0.00870173851633137,-0.0504791073027205
74.685261698,0.204396360421261,-0.00638671182660737,0.0483603941949066
74.695883773,0.204341689898102,-0.00426211000628254,-0.0483542191807441
74.705882366,0.204308472865842,-0.00250375959936651,0.0498580486205008
74.715882177,0.204291618702115,-0.00119694355407206,0.0513372711168316
74.72530483,0.204285225272753,-0.000167707650835898,-0.0499293209242149
74.735852034,0.20428826960431,0.000950307558487209,-0.0485208459449503
74.745854684,0.204304753954335,0.00243318259853812,0
74.755883306,0.204337009346767,0.00379497385590341,0
74.765695798,0.204380050463237,0.0041985177423085,0.049873982135569
74.775875321,0.204420946176449,0.00313410898303152,0.0493936976719282
74.785882509,0.20444331781552,0.000614457388130075,-0.0498462864505836
74.795878444,0.204433237243162,-0.00317987478046603,0.0513200000907949
74.805311219,0.204381536950574,-0.0074656142840035,-0.049920088017311
74.815852293,0.204284120190761,-0.0117192149707985,-0.0484703999810817
74.825882153,0.204140461752878,-0.0166351133326179,0.0497030368426494
74.835913367,0.203950401951197,-0.0211994581790731,0
74.845910643,0.203715868616733,-0.0253406404075021,-0.0501124002604688
74.855810564,0.203446194236903,-0.0279313506531854,-0.050014348273636
74.865846848,0.203159023484184,-0.0284741736184518,-0.0498454864234571
74.875814307,0.202876604185702,-0.027640831675798,-0.0512333692030883
74.885308701,0.202621081681312,-0.0232799353325313,0
74.895814038,0.202411011741354,-0.017633178568105,-0.0486889007336362
74.905787319,0.20225997855329,-0.0117303579759639,0
74.915880751,0.202175622014463,-0.00503666499730788,7.41759556494245e-07
74.925876256,0.202158797307469,0.00135449223166407,-0.049849219806896
74.935882398,0.202202714089945,0.0066046068554906,0.0499149437178118
74.945851865,0.202290728351613,0.00977622576597284,0.0997147759147213
74.955881067,0.202398225593108,0.0109047939245984,0.0512506238220353
74.965306875,0.202502881226464,0.00981254562997667,-0.0498527386396926
74.9758819,0.202594484679558,0.00832466837710471,-0.0484642025635726
74.985880747,0.202674151888097,0.00756409233605235,0
74.995884521,0.202745786351765,0.00681326972879568,0.0498614690192936
75.005878078,0.202810399098056,0.00607026995585627,0
75.015888999,0.202867218933551,0.00529418571098769,0
75.025879059,0.202916288005872,0.00463699660198219,0.049888841690724
75.035875358,0.20295989561232,0.00458867805607256,0
75.045314313,0.203005470129416,0.00536386503336804,-0.0498356631608989
75.055883044,0.203067214139654,0.00756804427606036,-0.0485070679514051
75.065870004,0.203161036509029,0.0113954943026594,0
75.075887128,0.203295170564906,0.0152193699856273,0.0996955579844968
75.085872827,0.203465466873023,0.0183385717924187,0.0997411532039934
75.095880807,0.203661826082642,0.0206737226964699,-0.0498234337165471
75.105885424,0.203879201753837,0.0228752600989012,-0.0499157471588033
75.115856393,0.20411877280802,0.0257412287477568,0.0513146817826747
75.125316438,0.204379379930012,0.0266486644303185,0.0497870821702968
75.135883602,0.204652471180137,0.026447064247371,0
75.145881699,0.204923270708943,0.0259664893424554,0.0498590359082081
75.15588161,0.205171749241739,0.0225710728485593,0.0996365609909587
75.165896067,0.205375016467089,0.0171688554698596,0.0498016910196727
75.175902645,0.205515487498011,0.0106858710664064,-0.04987797646234
75.185886481,0.205588631453657,0.00429978834195201,-0.0499218438433799
75.195875493,0.205601366516997,-0.00120774509880573,0.051323434207839
75.205313891,0.205565168094447,-0.00529001761449393,0.0499068889040818
75.215854326,0.20549567813851,-0.00720150243521436,-0.0970932913393347
75.225852517,0.205417259129292,-0.00676161155390228,-0.0497827810057836
75.235882966,0.205360252254877,-0.00320431676576767,0.0497893065077628
75.245878532,0.205353089433676,0.0029497930124773,-0.0498571585991844
75.255881727,0.205419244460333,0.0111509039662285,0
75.265852598,0.205575818325457,0.0206194087913062,0.04997419792518
75.275833651,0.205830641337462,0.031121642352994,0
75.285314827,0.206181514855787,0.0391934243664652,0.0497520558453018
75.29587466,0.206616117107931,0.0453132189576699,0.0485927740384914
75.305833956,0.207111302640985,0.0508745479633578,0.0498659251343416
75.315870204,0.207633381370213,0.0513706210332681,0.149205472541695
75.325881974,0.208141181776131,0.0480225375822706,0.0498514824346585
75.335871541,0.208593896327991,0.0407179926519019,-0.0497900250389913
75.3459077,0.208956589140248,0.0301313719145862,0.0995335480997149
75.355906623,0.209197580835072,0.0169662347689141,0
75.365346053,0.209286384800767,-0.000102908930405262,0
75.375907195,0.2091955225976,-0.0186755629468912,0.0485562488185234
75.385880617,0.208902890258198,-0.0399776446179683,-0.0498902503577503
75.395892691,0.208396549540998,-0.0610825451810786,-0.0497923498409605
75.405905408,0.207679725057199,-0.0811606291474245,-0.0996423487760384
75.415906046,0.206772253057847,-0.0986763716236723,-0.149730664624784
75.425883106,0.205708398305165,-0.112213159834818,-0.149739947520611
75.435882406,0.204530642580249,-0.124555605004532,-0.051227157556633
75.445347028,0.203284057724694,-0.125784424750446,-0.149686270563337
75.455866029,0.202017014056764,-0.12187407599412,-0.145779147787471
75.465866143,0.200783309543852,-0.118839223527876,-0.149510180301936
75.475872989,0.199639402465212,-0.107232086103847,-0.149535567463491
75.485869806,0.198638275030644,-0.0909897559042715,-0.099882261519146
75.495838422,0.197822752590018,-0.0707895199863855,-0.0995254333167898
75.505906821,0.197219864356834,-0.0490601886466926,0
75.515910034,0.196838035518855,-0.0283195146902007,0
75.525351347,0.196669204817133,-0.00711840561045551,0.0498546928622426
75.535910083,0.196695667057844,0.0111189292864616,0
75.54590908,0.19689778479665,0.028091417210088,0
75.555913459,0.19725759023867,0.0429159090427133,0
75.565907115,0.197756018647743,0.0554726906935409,0.0498649550448486
75.575909392,0.198366818445108,0.0649194189732539,0.149588082818227
75.585903855,0.199054195389902,0.0705840724409717,0.0996922589195702
75.595912578,0.199778724774782,0.0747123952143508,0.102555685681667
75.605348538,0.200506954231016,0.0719378625077024,0.0498526965063878
75.615913129,0.201217521662699,0.0678866191522158,0
75.625875751,0.201900477322203,0.0666274069784244,0.0498466178788394
75.635916119,0.202550269018214,0.0628150388028273,0.0498077338134131
75.645894357,0.203157946834872,0.05967533573471,0.102785575734104
75.655317602,0.20370805902999,0.0512411894155898,0.149516056669235
75.66590073,0.204183097183284,0.0420547827732549,0
75.675887805,0.204573134448757,0.0357956127650648,-0.051282845933914
75.685343516,0.204879063622014,0.0265970548908168,0.0497996488918925
75.695909661,0.205105656851805,0.0183489471855935,0.0484903798448602
75.705905974,0.205256363077862,0.0114723395113169,0
75.71590665,0.205335069098817,0.00459194786312876,0
75.725893115,0.205348142987267,-0.00155230678584987,0
75.735908459,0.205304020154977,-0.00676083517723602,0
75.745906224,0.205212837655934,-0.0109032552422016,-0.0498511312240031
75.755909638,0.205085942195195,-0.0143478070750996,0
75.765358182,0.204933744715317,-0.01602380656874,0.0498839629129872
75.775897653,0.204765658109142,-0.0165035685994832,-0.0485109143061536
75.785911936,0.204594534426201,-0.0164012881644684,-0.0996528501568279
75.795908899,0.204437447896966,-0.014361525580028,-0.0498492543219487
75.805914167,0.204307271874037,-0.0116864028123767,0.0499153523455564
75.815884643,0.204204003306105,-0.0095717919518847,0.0499492315411572
75.825876362,0.204116197896594,-0.0087059097770965,0
75.835886959,0.204029864947676,-0.0092776129921619,0
75.845326813,0.203935744139693,-0.0101186893162448,0
75.85538728,0.20383254725791,-0.0102594841312085,-0.0976958282204351
75.86573892,0.203726326451842,-0.0102775290537691,-0.0489897491173788
75.875740442,0.203623367044119,-0.0102245338494478,0.0498511611329391
75.885740087,0.203521823842822,-0.0105393721603764,0.0498596688449888
75.895738495,0.203412600121069,-0.0116657741446613,0
75.905768141,0.203288181088301,-0.0131308285564334,-0.0988341434841748
75.915915507,0.203147659235716,-0.0151243661255521,0
75.925299247,0.20299278549032,-0.0162334059626183,0
75.935914045,0.202823014849703,-0.0173667399175476,-0.0483753773693684
75.945910588,0.202634833691821,-0.0200818424162548,0
75.955911279,0.202421433547754,-0.023037855067842,0.0498595270734485
75.965908399,0.202174127020329,-0.0266141924917078,0
75.975894784,0.201889588699025,-0.0298922063908755,-0.099734100682814
75.985903193,0.201576438511338,-0.0318573607935514,-0.0996308739801305
75.995910444,0.201251942596884,-0.033249251717444,-0.0513901126069186
76.005305686,0.200931320137635,-0.0315655182273697,0.0499048820792091
76.015890379,0.20062126559446,-0.0294750762880641,0
76.025909444,0.200324022798764,-0.0287702285635652,-0.049800761259975
76.035912087,0.200045236479067,-0.0264166508045943,-0.0499046283271841
76.045889182,0.199796225036851,-0.0227344488524295,-0.0498530252826273
76.055912805,0.199590531178684,-0.0178681066660846,-0.0498044278665769
76.065909416,0.199438501360259,-0.0124762702069224,-0.0498494987491689
76.075914639,0.199340982893066,-0.00786380228334292,0.102790550807147
76.085309815,0.199285940458305,-0.00425388014519554,0.0997233248919041
76.095911743,0.199255917609399,-0.00210722154140462,-0.0484398812315013
76.105894017,0.199242564984438,-0.000230034588143434,-0.0997188119622247
76.115909752,0.199251317375635,0.00248987029193991,0
76.125906289,0.199292392945965,0.00606389491329809,0.0498552789386919
76.135909267,0.199372592332912,0.0101634433148955,0
76.145907681,0.199495675959776,0.0145996940580185,0
76.155908977,0.199664581980161,0.0198836820959861,0.0513955640749573
76.165308116,0.19988142804184,0.0242442876294359,0.0498835329561656
76.175897463,0.200149188584022,0.02873094460156,-0.0483715404166241
76.1859214,0.2004736671625,0.0354746396607941,0
76.195908988,0.20085909022246,0.0413896269667495,0.0997409137501012
76.205915127,0.201301200064705,0.0464643270875367,0.0997091441981951
76.215908936,0.201788374348066,0.050409602156962,0
76.225891764,0.202308214388309,0.0529717673905651,0
76.235910957,0.202847916751819,0.0557135243187233,0.102827128342798
76.245285117,0.203388686432296,0.0528577951263787,0.0997095978780648
76.255910814,0.203905065095682,0.047643829378111,0.0483658880700481
76.26590081,0.2043708969921,0.0430047452786523,0.0498923448605732
76.275895471,0.204764500179448,0.0350089922338694,0.0498662672371938
76.285895918,0.205070905572787,0.0258985024377481,0
76.295912707,0.205282916614791,0.0164405382756744,0
76.305911775,0.205399977035916,0.00709609188175964,-0.0502597338510158
76.31575128,0.205423692951602,-0.00244034501554485,0.0514720075776025
76.325283108,0.205352704299985,-0.0119134206345517,0.0494578286623013
76.335911514,0.205183515603869,-0.0210433138260257,0
76.345911053,0.204918623979764,-0.0305006900482613,-0.0498968415207556
76.35589437,0.204574024706734,-0.0370325997339395,-0.149579618072024
76.365908825,0.204178054493717,-0.0405979359364833,-0.0498045398135515
76.375914559,0.203761246356276,-0.0415716095484412,0
76.385893782,0.203347247664471,-0.0404836740350595,-0.0498902104166134
76.395900071,0.202952159403044,-0.0391573828280059,0
76.405287263,0.202587849704586,-0.0342141586248382,0.049830176378625
76.415909661,0.202267548116766,-0.0278530096758854,-0.0966915707751035
76.42591122,0.20201341043071,-0.0205535021909812,-0.099705861617488
76.435910118,0.201856468679996,-0.00938099821326419,-0.0498739266949566
76.445903556,0.201825862362415,0.00404504572894711,0
76.455905768,0.201937351998626,0.0181935636871503,0.0996781342500234
76.465909726,0.202189845890446,0.0316710341703499,0.0498384705339826
76.475911729,0.202570961473068,0.045209518368788,0.0515084013296133
76.485267372,0.203064995742859,0.0543253614149737,0.0498812620513909
76.495901125,0.203656892635235,0.0614045501532816,0.0483046628257942
76.505909195,0.204332497598518,0.0709510634289754,0.049826052917196
76.51591267,0.205076733033842,0.0769185682820664,0.0498818192042437
76.525898069,0.205870013168168,0.0804638539994867,0.0997972588485719
76.53589481,0.206684573029399,0.0807092023422353,0.149478392641948
76.545909483,0.207485118429849,0.0775326582044274,0.0996794719882708
76.555900861,0.208235695343602,0.0734425392480085,0.051505878937498
76.565268077,0.20890686272948,0.0621308237093081,0.0996865129074434
76.5759052,0.209478581403432,0.0501090973925646,0
76.585900383,0.209940728960267,0.0405830325739705,0
76.595907644,0.210290341239843,0.0292481918281474,0.0498429225785654
76.605904856,0.210525823623992,0.0177257085826025,0.0498561661083498
76.615907102,0.210644845804161,0.0061423794532022,0.0498788840617269
76.625895205,0.210648611932952,-0.00481476976343624,0
76.63590585,0.210548556436984,-0.0143754806240584,-0.051464947349028
76.645269485,0.210370097346207,-0.019939846733564,-0.0995721176721931
76.655933321,0.210149211734783,-0.0216201611689417,0
76.665904367,0.209923967871665,-0.0210779749751421,-0.049924923399507
76.675904937,0.209728250512522,-0.0167126248551157,0
76.685912677,0.20958957649265,-0.00989887437050323,0.0498626413362377
76.695901499,0.209530307057442,-0.000895919237116791,-0.0498652971198559
76.705908174,0.209571662142232,0.0102177424856835,0
76.715910068,0.209734749462991,0.0240248801797224,0
76.72527013,0.210036830815177,0.0376094487379268,0
76.73589502,0.210486372490765,0.0505018175783547,0.0483686845739732
76.745884323,0.211077885029588,0.0651609063374345,0.149472225261874
76.75590716,0.211790381670917,0.0756748831705322,0.0995668478675827
76.765912854,0.212593541773091,0.0832529862199684,0.0498562636238143
76.77590628,0.213455368132688,0.0874563978626236,0.0498539827037424
76.785912889,0.214342672791317,0.0880566408383192,0.0997156855642209
76.795904916,0.215216380840196,0.08738684755504,0.103340304594025
76.805210081,0.216028993566861,0.0755053796640005,0.0997159049541215
76.815903508,0.216726382121902,0.0592062628033905,0.144622093196113
76.825893463,0.217253579317216,0.0419014508005976,0.049859337248201
76.835901694,0.217564335128682,0.0187574410702866,0
76.845903029,0.217628907572303,-0.00672134372615397,-0.0515762230260095
76.855234174,0.217434394885523,-0.0324569374232529,-0.0498382014418397
76.865909696,0.216979552433436,-0.0562747164129799,0
76.875907456,0.216271011803648,-0.0855773636090384,-0.103137972545817
76.8852446,0.215324922323483,-0.105040096383094,-0.0996936045687542
76.895910372,0.214169903579064,-0.119863341444679,-0.0965147598268315
76.905906648,0.212848300209112,-0.137866524253942,-0.24950307585665
76.915891896,0.211415120315887,-0.151924554007309,-0.207617209092315
76.925116715,0.209929819347686,-0.153690695611124,-0.103193516391555
76.935216393,0.208445124929622,-0.140726588278709,-0.143856398739702
76.945910187,0.207003624974658,-0.140292278457777,-0.0997722320995727
76.955203844,0.20564103988827,-0.135143910586338,-0.154668740150616
76.965249965,0.204389971745866,-0.114068027823696,-0.192637451729177
76.97590779,0.203279381599882,-0.0998349670338041,-0.0483026691126406
76.98589264,0.202329110967751,-0.0866293823291693,-0.0997085237742148
76.995907713,0.201546800623761,-0.0699278601036895,-0.0498142107718457
77.005908344,0.200929455618562,-0.053994523636135,0
77.015908966,0.2004668424959,-0.0406356275833759,-0.103357675338772
77.025202437,0.200145428040855,-0.0259568398107321,-0.0498602647331671
77.03590678,0.199947762441337,-0.014788856269528,0.0497315231007483
77.04525202,0.199848917639604,-0.00647253036182313,0
77.055909319,0.199818295400346,-0.00117358570280944,0
77.065907002,0.199824677248037,0.00107739281195033,0.0498666658193529
77.075904566,0.199839838135737,0.000899504986073918,0
77.085903092,0.199842663830694,-0.000871798261831852,0
77.095210288,0.199823007440854,-0.003045177927919,-0.0498357329040916
77.10591075,0.199781736952163,-0.00462919092348014,0
77.115909277,0.19972718786885,-0.0056795225964819,0
77.125233316,0.199671994001944,-0.00478526716258992,-0.0498491222364891
77.135911561,0.199631471596048,-0.00248255757164959,7.20784688570375e-07
77.145906842,0.19962067078344,0.00101747122064564,0
77.155222192,0.199651119607343,0.00544573311348709,-7.44872204362798e-07
77.165911832,0.199729612619918,0.00997687304933691,0
77.175907574,0.199857495037534,0.0155302425170249,0
77.185188788,0.200028988421588,0.0186189028461708,0.0498558769364017
77.195907148,0.200229865162805,0.0204459504361428,0.0496924053179555
77.205254154,0.200439243900307,0.0201811371787495,0
77.215906251,0.2006334698039,0.0175246206396009,0.0500275099706784
77.225185114,0.20078852641329,0.0129258624459066,0.0516976662041568
77.235193317,0.200882771766001,0.00546714010689917,0
77.245903323,0.200901795764657,-0.00204447907563954,0
77.255208457,0.200841851231075,-0.00990484180681525,0
77.265185469,0.200710809158831,-0.0157955237719328,-0.0501859645842579
77.275076488,0.200528025275113,-0.0194418608877873,-0.0498116382782032
77.285202805,0.200321634896975,-0.0194506870657876,-0.0478715746563136
77.295905055,0.200122895336367,-0.0181106567983036,-0.0498899125597243
77.305188735,0.19995967657795,-0.013591930423137,0
77.315898639,0.19985114393373,-0.00769319708033679,0
77.325198773,0.199805735412031,-0.00145492043333154,0
77.335895656,0.199822049865091,0.00427081168545717,0.0498615513018127
77.345196071,0.199891140106007,0.0093520650911589,0.0519538492273648
77.355087618,0.200001534342942,0.0126424012135415,-0.0497568164683803
77.365235462,0.200144486127104,0.0149640376060167,0
77.375905245,0.200313050096238,0.0177704197414446,0.0999232302757547
77.38519256,0.200499132135385,0.019190451980346,0
77.395891731,0.200696599796077,0.0203105781932313,7.45102495341501e-07
77.405191367,0.20090531946873,0.0216973885405974,0.0498102846118138
77.415909611,0.201130935516196,0.0231269263266172,0
77.425904491,0.201384350361472,0.0285880990730681,0.0517154938053178
77.435189452,0.201682109520817,0.0341877225424698,-0.0516123657354065
77.445223433,0.202044820990382,0.0403572212830047,-0.0498491201168924
77.455191139,0.202489322029109,0.0487318953303865,0.149757264953914
77.465197483,0.203018194304306,0.0545542196440892,0.0962539234717258
77.475908869,0.203619561622056,0.0628461926170096,0
77.485187357,0.2042744817761,0.0696011377816059,0.155290350309122
77.495171232,0.204960244003219,0.0665651957547515,0.0962316040576317
77.505910047,0.205653891692515,0.0688931647357638,0
77.515165775,0.206337731347934,0.0697294914547813,0.103350116250171
77.525205407,0.206999347332752,0.0622585726793899,0.0480701134988613
77.535908316,0.207629132344338,0.0611830485886586,0.0998814551385811
77.545170852,0.208220894124281,0.0594222636979199,0.0517336089629008
77.555181982,0.208774417207815,0.0518463171671657,0
77.565909752,0.209296129711379,0.0510914797931769,0.0996781068827744
77.575188008,0.209796554680936,0.049706135237712,0.0498813475631229
77.585898815,0.210289708780132,0.0498597919771978,-0.049895915157454
77.595171235,0.210792914222189,0.0534626081128467,0.0517330775045596
77.605172679,0.211320139817985,0.054072737120867,0.0996355482091436
77.615185956,0.21187516496937,0.0566067224274107,0.0498550894848114
77.62517227,0.212452251114383,0.0583023776201133,0.0997879702726489
77.635169956,0.21304027968373,0.0586437453504292,0
77.64517289,0.213625162380514,0.0573962658271657,0.0498594793605406
77.655168085,0.21418809761186,0.0538936713677492,0.0997468635727102
77.665165275,0.214702625407562,0.0473813162418852,0.04983001699898
77.675177739,0.215136181355925,0.0376257498191515,0.0996771054296451
77.685171502,0.215455374699489,0.0248382404086263,0.049849914957818
77.695179406,0.215632987569444,0.00991146909461087,-0.0499120702694518
77.705148261,0.215653373728928,-0.00603684575994366,0
77.715303154,0.215511503606656,-0.0221469871651108,0
77.725170094,0.215209950450455,-0.0365077427246874,-0.048388080468288
77.735909084,0.214759227615613,-0.0515385580590375,-0.0498349158983025
77.745177781,0.214178783112379,-0.0641313326719021,-0.050663806773148
77.755589433,0.213497100606795,-0.071211821741358,-0.0995178306231999
77.765216177,0.212751812428444,-0.0771480658188667,-0.152775557520093
77.775168868,0.211986585066719,-0.0756217145979694,-0.0999281172509044
77.785172299,0.211242696266078,-0.0692324813128935,-0.0480879135842349
77.795903731,0.210551059051546,-0.0655939918279561,0
77.805157125,0.209931811752751,-0.0588920266252472,-0.101984322899988
77.815457352,0.209399506682994,-0.0483130992175052,-0.049851968687707
77.825157968,0.208965509040458,-0.0386855440229628,-0.0505181358107944
77.835194745,0.208635954897194,-0.0278350891124314,-0.049871632243495
77.845150925,0.208409003300742,-0.0182138333860529,0
77.85514415,0.208272599758373,-0.0102350296019673,0
77.865167636,0.208204131671123,-0.00495267736170069,0.0498578513493932
77.875142932,0.2081735522435,-0.00275149384033708,0
77.885168244,0.208149100121408,-0.00362936154907017,-0.0498224752375807
77.895155914,0.208100917896147,-0.00750382955023356,0
77.905138192,0.207999249035489,-0.0143942299218607,0.0498725397068505
77.915148806,0.207813135611896,-0.0241930027527091,-0.0497340234966728
77.925186767,0.207514213805326,-0.0352610877455366,0
77.9359135,0.207080949914753,-0.0506758165422632,0
77.945150132,0.20650255398302,-0.0677601556934743,-0.104212490183991
77.955049331,0.205784303026869,-0.0777291783664061,-0.149551947879256
77.965151604,0.204947855998341,-0.0875887112601576,-0.099214320459193
77.975148877,0.204023809695815,-0.0951534045246727,-0.0498693344629757
77.985145781,0.203045341986122,-0.0986855360933201,-0.0498591377934915
77.995147143,0.202050270094668,-0.0980134256256253,-0.14969836455835
78.00512769,0.201086846634493,-0.0918146182762372,-0.199190425822407
78.015169895,0.200211888762948,-0.0802824103945679,-0.0995669688695828
78.025156047,0.19947892185829,-0.0643651268123439,-0.0998033787934596
78.035150959,0.198925805044742,-0.043896147053615,-0.048018582028553
78.045920848,0.198567427100055,-0.0266050902836707,0.0498889440328791
78.055137277,0.198394067249914,-0.00979295781491487,0.103683376088097
78.065154045,0.198379077213188,0.00496354777568302,0
78.075144275,0.198493372940335,0.0167448879723915,-0.0498545288770174
78.085153562,0.198713966884855,0.026320370810095,0
78.095170704,0.199020475977617,0.0337042923265042,0.0498545612832764
78.105153066,0.199388036014056,0.0383652819865921,0.0998939976737493
78.115133493,0.199786354006841,0.0398735663625139,0.0498593721528612
78.125151238,0.200185434452427,0.0388453391882086,0.0997054002507436
78.135134192,0.200563287943497,0.0364061158189037,0.0498560265076809
78.145150752,0.200913539075433,0.034236622228289,-0.0997051011458691
78.155134951,0.201248046373659,0.0337163528091832,0
78.165156252,0.201588051571557,0.035316875735559,0.0500514621960473
78.175056373,0.201951608758909,0.0379829238869915,0
78.185151268,0.202347520742404,0.0408615091994565,0.0496118450758271
78.195154021,0.202772828987548,0.0433490559312029,0.149701848277515
78.205132712,0.203213697475946,0.0441754381753794,0.0998583279350712
78.21512409,0.203655015536016,0.0439380524455572,0
78.225129582,0.204092320998753,0.043885614849063,-0.0498360890957635
78.235131605,0.204533057633393,0.0446545815282369,0
78.245141167,0.204985929952645,0.0458545275790046,0.0997062826205258
78.255132127,0.205450172121036,0.0464116325844696,0.0498689283954062
78.265135208,0.205913886037416,0.0454355989893074,0.0997130180590027
78.275131298,0.206358846434711,0.0426951302786642,0.0996818811328675
78.285140626,0.206768019965205,0.0387420735988155,0
78.29512563,0.207133468316614,0.0344607963466548,-0.0498715743487971
78.305133905,0.207457004281126,0.0303436443180539,0
78.315151487,0.207741125798586,0.02619429487974,0.0997212425512012
78.325131576,0.207980829172208,0.0212258634964266,0.0498644637799676
78.335147617,0.208165560924423,0.0152606134746917,0
78.34513683,0.208286121620965,0.00859816487469658,0
78.355138532,0.208337446107589,0.0016311580264636,0.0498563932561145
78.365135898,0.208318743261255,-0.00511971017078391,-0.0498562109801417
78.375137972,0.208235054771211,-0.0111236319040361,-0.0498560292901629
78.385135112,0.208096279366349,-0.016130514953888,0
78.395150135,0.20791224827668,-0.0202989639983372,0
78.405135884,0.207690284415582,-0.0237447395847961,0
78.415135582,0.207437699042179,-0.0263259573749485,-0.0997110558806304
78.425135598,0.207163772797307,-0.0280935515986044,-0.0498499970040662
78.435137515,0.206875773705372,-0.0294877702459918,0.0498643216391601
78.445131785,0.206574129829255,-0.0309713823783846,0
78.455152574,0.206255879659757,-0.0328620689607897,-0.100349299129073
78.465004148,0.205921082865935,-0.0342446912617368,-0.0499019209001319
78.475133396,0.205571642579211,-0.0355267927942449,0
78.485117942,0.205206504274191,-0.0374516396376852,0
78.495137197,0.204822467432775,-0.0394219868074887,-0.0996991792393645
78.505119889,0.204417987783433,-0.0415337065770355,-0.0498718767017807
78.515130056,0.203992089893433,-0.0439610830939132,0.0500610464933831
78.525037497,0.203542388163113,-0.0461197785907802,-0.04988029386038
78.53511984,0.203070165481276,-0.0476417014159186,-0.0993304113346245
78.545113852,0.202585916452683,-0.0481359479194713,-0.0498504231839511
78.555121602,0.202107361707346,-0.046555105827527,-0.0498642397598904
78.565109773,0.201655004234409,-0.0428645957404345,-0.0498600057819014
78.575119221,0.20125017185314,-0.0371120117084536,-0.099673027582822
78.585116968,0.200912496979316,-0.029818576277385,-0.0498518116611148
78.595120127,0.200653773311962,-0.0220941800486254,0.050138208696343
78.605003923,0.200473111014927,-0.014852424227465,-0.0501484290434759
78.615003029,0.200358464016585,-0.00914268087090644,0
78.625112989,0.200289260241877,-0.00600415247713653,0.0495843004176663
78.635112142,0.200237725835953,-0.00579970990408983,0
78.645110865,0.200173278362379,-0.00848925667271534,0
78.655117646,0.20006789397763,-0.0137044244683059,0
78.665118538,0.199899084718964,-0.0207724016120936,0
78.67512154,0.199652365057656,-0.028702310436908,0
78.685120744,0.199324975192929,-0.0361338200089541,-0.0498631945160911
78.695118179,0.198929810103246,-0.0416994400809281,-0.100264885740742
78.705009689,0.198495617322629,-0.0436565955132494,-0.0501515788370752
78.714999238,0.198061870752108,-0.0409712178938942,-0.0991683739857023
78.725118848,0.197671720587577,-0.0347058694362422,-0.0991132704200371
78.735119577,0.197363576893761,-0.0254394951975733,0.0498752488957036
78.745110654,0.197163139134849,-0.0140269118416219,0
78.755118663,0.197083051477526,-0.00180660995802409,-0.0498564353404177
78.765110004,0.197127008109985,0.0102829700545542,0
78.775124608,0.197288772010874,0.02107202177428,0.0498280000680078
78.785120767,0.197548675343641,0.0294216999284265,0.0999691950289239
78.795072679,0.197875678169987,0.034544063279668,0.050157313542264
78.80499985,0.198235379644735,0.0362066605585387,-7.48329597311651e-07
78.814985243,0.198596645615585,0.0348429326397881,0.0498540749336007
78.824999848,0.198932238227845,0.0311342985789882,0.0997025388878225
78.834986516,0.199219371221127,0.0255585161603598,-0.0498544416296391
78.8449994,0.199443397100837,0.0188061560232749,0
78.85507516,0.199597161394487,0.0116746109898556,0.0993807796084194
78.86506528,0.199677658444006,0.00461344010799291,0
78.87506883,0.199689400993571,-0.00141746383458948,-0.0497680642933724
78.885100142,0.19964925975169,-0.0053642253688042,-0.0996768064922736
78.895075117,0.19958208276131,-0.0070324924330136,0
78.904984944,0.199509420032093,-0.00688162373510906,0.0994742212913715
78.915122148,0.199444126636962,-0.00562050733328235,0
78.924980425,0.1993970352845,-0.00304067162326751,-0.100006865410573
78.935062556,0.1993834944042,0.00108952512239931,0
78.945076018,0.199418929937923,0.00644368794984305,0.0498499498498599
78.955064209,0.199512378814613,0.0124075472377965,0
78.965066428,0.199666961894301,0.0184333953971818,0
78.975106618,0.199881828464422,0.0242428189164981,0.0498842791557435
78.985054615,0.200151531892211,0.0292517203227129,0.0498589034363249
78.995104978,0.200466814898055,0.0334561435696235,0.0500354434270754
79.004982117,0.200818229260107,0.0366161693577201,0
79.015095563,0.201198793543975,0.0392708419888051,0.0498815789674268
79.024971386,0.201603224684478,0.0414353079545843,0.0996663822257759
79.035104092,0.202027853104808,0.0434786770622885,0
79.044998334,0.202473969889113,0.04607132654061,0
79.055077585,0.202948058422968,0.0488709229347566,0
79.06507074,0.203454926895854,0.0519542316226726,0.0497675739047857
79.075112345,0.203988948984512,0.0537365493204483,0.0996777655560379
79.085076984,0.204529993413277,0.0529767850345066,0.149609041967965
79.095106184,0.20504815829523,0.0494696268593848,0.0500735121076468
79.104989336,0.20551505003661,0.0432398546511776,0
79.11507429,0.205911576296329,0.0356030096201675,0
79.124963246,0.206226181346492,0.0269439837455537,0
79.134979433,0.206447900145774,0.0167545279194033,0.0993575912867683
79.145033959,0.206562456667813,0.00542684440898669,0.0496196377710473
79.155074225,0.206556951455389,-0.00663702399232175,0
79.165076039,0.206429436901997,-0.018118033845532,-0.0498184276267187
79.175088833,0.20619432611024,-0.0275711941424373,-0.0501248223870028
79.184968305,0.205880983374178,-0.0334352263679244,-0.100040368959751
79.195022414,0.205527842317182,-0.0352433207371475,-0.0497138495498558
79.205024716,0.205174128848469,-0.0336849042319521,0
79.21503455,0.204853735432545,-0.0290752492806754,-0.0500098857492149
79.224962402,0.204594435657939,-0.0217094275660837,0
79.235055378,0.204419094717266,-0.0123732637780643,-0.0495881695012116
79.245069946,0.204345639712098,-0.00175551164706921,-0.0498605763958335
79.255053067,0.204383988541312,0.00928679145828395,0.049980440844328
79.265019676,0.204530908694257,0.0194036413977728,0.1000965639515
79.274975606,0.204770558343801,0.0275556136758575,0
79.285022193,0.205082090325254,0.033625174271532,0.0496851726565196
79.295043593,0.205445347903955,0.0380182379261207,0.0498578741040183
79.305020667,0.205842397067945,0.0405733712687652,-0.0498658632248646
79.315038863,0.206256623417284,0.0414190693509593,0.0999881769296439
79.324964802,0.206668464578655,0.0399110345827071,0.0997188418808227
79.335036866,0.207054764406602,0.0363104828824979,0
79.344968414,0.207394805389769,0.0309925868626044,0.0498867350336632
79.355024069,0.20767421953172,0.0244086487439428,0
79.365032336,0.207884538614293,0.017340395686533,0
79.375041422,0.208021328353337,0.00989642500446556,0.0498658752573865
79.3850279,0.208082423213841,0.00231624593393653,-0.0498128551476971
79.395058269,0.208067692293811,-0.00522648063518213,0
79.405055639,0.207977748623791,-0.0126863001486455,0.0998221581484206
79.415035574,0.20781425420642,-0.0195868658611254,-0.0499907398278388
79.425001259,0.207587076440334,-0.0249008680241196,-0.149986722512843
79.434979166,0.207317641454101,-0.0278187222071024,0.0499399476349941
79.444967165,0.207031650447707,-0.0281066086462634,0
79.454987307,0.206755280465275,-0.0256022554049981,-0.0994599755278909
79.465017367,0.206518320055181,-0.0201556574764064,-0.0498076243385118
79.475005957,0.206351791412735,-0.0118726973248038,0
79.48502528,0.206280772160031,-0.00153793194574049,0
79.494986764,0.206321062291348,0.00994289121214111,0
79.504982148,0.20647920112749,0.021592824461693,0.049860392245939
79.514984228,0.206752864021179,0.0327392971418959,0.0499442701885607
79.524946326,0.207132814283226,0.0426834387175114,0.0498602996392126
79.534982028,0.207606438891964,0.0512972421928883,0
79.544952427,0.208159072091558,0.0582736889437238,0.0996978533869828
79.554984241,0.208772041630512,0.0630821731712016,0.0995254992694757
79.564989279,0.209423040259228,0.0658061534633677,0.0497645807907805
79.575020206,0.210090531418089,0.066767324533362,0.0499424180858041
79.584953899,0.210756024521953,0.065751365648126,0.0998779083387913
79.59498636,0.211403333310329,0.0631828570070449,0.0498750069027836
79.604945802,0.212019170070501,0.0594246008200273,0
79.615002356,0.212592775882645,0.0545901240018207,0.0498565652693036
79.624944801,0.213110917905823,0.0481835778690969,0.0999829482137966
79.634947534,0.213553805919921,0.0393916640873845,0.0996975244215604
79.64494708,0.213898840961173,0.0286678797526891,-0.0498426758225586
79.654952405,0.214127303156217,0.0163190750594933,0.049863571451713
79.664943269,0.214225160270368,0.00274388383869269,0.0497122650861101
79.675009755,0.214182338194729,-0.0114400244193283,-0.049782256554028
79.68497212,0.213996029725837,-0.0254796140858465,0
79.695001828,0.213672947889913,-0.038314953753036,-0.0498230005292673
79.704984891,0.213229241330502,-0.0491782489159332,-0.0996952715651621
79.715004559,0.212689248605797,-0.0574999190537922,-0.0499497211667495
79.724946592,0.212081445138826,-0.062727262264452,-0.0498684395390376
79.734998796,0.21143506485772,-0.0650758982297182,-0.0996735606445581
79.74495368,0.210779465916265,-0.0645695854893943,-0.0498285702982903
79.75500933,0.210142992971919,-0.0613089889437031,-0.0995004873542812
79.764995419,0.209550727161501,-0.0562100504495296,-0.0998641476678292
79.774978086,0.209020548189744,-0.0497503488909044,0
79.784942806,0.208558337698789,-0.0430731414731899,0
79.794989675,0.208158586185644,-0.0372909303860816,0
79.804967705,0.207811590584192,-0.0323182305074404,-0.0497372064079758
79.815036967,0.207510693181738,-0.0278888555986617,-0.0499089712309381
79.824946003,0.207254418716163,-0.0233350450059039,0
79.834996104,0.207044945821564,-0.018372844411461,-0.0498483372148068
79.844948602,0.206886914076911,-0.0130187195003377,-0.0499783915772704
79.854946652,0.206785215233274,-0.00724613010715529,0.0497526404960905
79.864989675,0.206741693854466,-0.00139793109520031,0.0498940966285056
79.874930906,0.206757278623193,0.00483134489734666,-0.0499354082584067
79.884957396,0.206838164801431,0.0118189700082277,-0.0995223055122064
79.894968401,0.206994101175638,0.0194703810295199,0.0498832259976286
79.904946005,0.207227350634911,0.0266535225330168,0.0997910928567599
79.914951925,0.207526732482861,0.0322716906064355,0
79.924922733,0.207872033420256,0.0356190103229268,0.0499024019367134
79.934932853,0.208238433363555,0.0362847412256217,0.0995760522630949
79.944949263,0.208598690878953,0.0344358056430574,0
79.954944306,0.208927543869698,0.0302607536092956,0
79.964938601,0.209203583310984,0.0239380742549795,0.049835291989739
79.974951543,0.209406478594641,0.0156172375095244,0.0497436081957664
79.984983313,0.209516626339098,0.00562677724583059,7.45321446577381e-07
79.994944475,0.209518974369496,-0.00559855440739326,-0.04992097653699
80.004956508,0.209404805320201,-0.0175144047120323,0
80.014918378,0.209169143348675,-0.0297805072852934,0
80.02495408,0.208809267481567,-0.0420326479868301,-0.049771069224601
80.034951731,0.20832708847403,-0.0538982659311625,-0.0996024099781688
80.04497546,0.207730149818018,-0.06487599477897,0
80.05494687,0.207029883940662,-0.0744296382384003,-0.0499223974518233
80.064948385,0.206243572235706,-0.0814611602352526,-0.149359055650599
80.074974273,0.205398428455783,-0.0858557211054785,-0.0998844709471593
80.084913078,0.204529489121541,-0.086207271585769,-0.0498664667518077
80.094969301,0.203674711646621,-0.0825860567671593,-0.0995119210092172
80.104952664,0.202874498734555,-0.0753953319053775,-0.149969965891587
80.114915022,0.202170897391734,-0.0636555252992068,-0.0498652123298784
80.124948195,0.201601672705113,-0.0487518857213102,-0.0498118970757283
80.134932254,0.201195019584813,-0.0316741178060325,-0.0498495558781229
80.144950305,0.200968123516604,-0.0134811010645692,0
80.154861356,0.200926353346625,0.00475464605650312,0
80.164848258,0.201062731240368,0.0215017921496367,0
80.174916361,0.201357571895695,0.0357215011023856,0.0995304070285991
80.184884122,0.201778442378331,0.0463852149302678,0.0997586745088899
80.194906379,0.202284813177085,0.0527749033594504,0
80.204911803,0.20283540130762,0.0552540097615435,0.099602181137799
80.214927805,0.203391077244729,0.0540018901541287,0.0498514452696036
80.224912856,0.203915495974693,0.0492855589709796,0
80.234903509,0.204375590982208,0.0412833720959915,0.0998424691860852
80.244886097,0.204740058714859,0.030244905879542,0.0498529457643056
80.25490396,0.204980502740251,0.0167765899960704,0
80.2649038,0.205075887510753,0.00168312393364891,0
80.2749635,0.205014265432123,-0.0142503984354745,-0.0498551867043788
80.284903352,0.204790885926222,-0.0305849584454646,-0.0499938978811656
80.294907562,0.204404277124619,-0.0469549131682018,0
80.304875872,0.203853077983872,-0.0632281276530511,0
80.31491954,0.203138957225045,-0.078831975533573,-0.0995737683294809
80.324903011,0.202274299052216,-0.0926613996437946,-0.0997574468795883
80.334909804,0.201286631383556,-0.102806991522497,-0.0997094034433395
80.344902907,0.200218169913693,-0.108323583330963,-0.199636791432856
80.354887862,0.199122536553003,-0.108069113525492,-0.149541405986048
80.364905789,0.198056476187998,-0.102388602596805,-0.0497576694394172
80.37492661,0.197070797147493,-0.0923690941528783,-0.0996852744972169
80.384910526,0.196208656752542,-0.0782493085821064,-0.0998165870518735
80.39490503,0.19550749959593,-0.0604975672709066,-0.0498432813699405
80.404914855,0.194998443513155,-0.0402914964868915,-0.149685217788582
80.414888694,0.194702327868079,-0.0188309563102263,0
80.424915734,0.19462180783454,0.00173439087316217,0.0996240401406553
80.434905727,0.194737045227422,0.0195864044230038,0.0499360274532443
80.444882909,0.195012892999275,0.033648247170639,0.0498541372512911
80.4549057,0.195410009262332,0.043852359105077,0.0497768386941197
80.46491394,0.195891300963932,0.0507013369356462,0.0498331773885878
80.474914085,0.196424461131755,0.0545080828574189,0.0497994181335084
80.484936188,0.196982675316908,0.0559338631128602,0.0498087468962476
80.494932583,0.197544173058612,0.0554884903000468,0.0499102389311053
80.50491368,0.198091196187969,0.0533318284343993,0.0997676712657933
80.514920649,0.19861017316526,0.0501910910945868,0.0498653420087564
80.524909159,0.199094791095938,0.0469324319064658,0
80.53490881,0.199548266170328,0.044165760610959,-0.0498405706881108
80.544914277,0.19997833234852,0.0419479439756961,0.0996680011404183
80.554917014,0.200387569190774,0.0396423120369352,0.0997470861461853
80.564906468,0.200770869022444,0.036679974826547,0
80.574921508,0.201121333527112,0.0331372017916828,0.0498173271785628
80.584921219,0.201434101865141,0.029241793391101,0
80.594901348,0.201705579880379,0.0248540735884827,0.0497587868472582
80.604959517,0.201932135198221,0.0202569961294226,0.0498215912528568
80.614914386,0.202110983913683,0.0156019587356709,0
80.624905802,0.202243336313721,0.01124131101818,7.44848337928252e-07
80.634920017,0.202335873433869,0.00784964728623368,0.0497964461019535
80.644929245,0.202400513278727,0.00596155583058136,-0.0499130122243453
80.654896399,0.202454963750455,0.00596902593346481,-0.0498729213703472
80.664921984,0.202519850456299,0.00782900371050883,0.0496854474765562
80.674964275,0.202612075226121,0.0111195551380266,7.46045777284873e-07
80.684895505,0.202741947124359,0.0151874581841889,0.0499770635014726
80.694915055,0.202915076863113,0.0196182876120665,-7.44053429038072e-07
80.704922509,0.203134842648839,0.0243789361607424,0
80.714914693,0.203402646761153,0.0290638829144182,0.0498746800913366
80.724914543,0.203715888784236,0.0331344826912588,0
80.734943268,0.204066283232821,0.0361189239064973,0.0498322534534913
80.744923598,0.204438594319222,0.0372860039503849,0.0998037634020733
80.754924255,0.204811294393036,0.0362081748378386,0.0498995908499449
80.764905353,0.205162097197829,0.033131310183011,0
80.774911285,0.205473490883603,0.0285414028183642,0.0498116130198529
80.7849224,0.20573341179949,0.0230206171313401,0
80.794918018,0.205934058224045,0.0168538793386711,0
80.804918857,0.206070429672969,0.0102349284569474,0.0498503112347512
80.814919526,0.206138772227456,0.00336464067111401,0
80.824908597,0.206137687965178,-0.00340168266709851,0
80.834943151,0.206070658209361,-0.00957604463277407,-0.0498183228106669
80.844922948,0.205946029646706,-0.014894220558265,-0.0499040088899076
80.854923137,0.205773071891126,-0.0194113301000136,0.0498697988827685
80.86491664,0.205557925491376,-0.0233716850645174,0
80.874912923,0.205305876908227,-0.0266053858420336,-0.0997146861655603
80.884915327,0.205025852707407,-0.028925936853901,-0.0498876892620032
80.894899445,0.204727748034926,-0.030401294887104,0.0498437248831139
80.904919478,0.20441770061389,-0.031278280340442,0
80.914915044,0.204101694518222,-0.0312775069817589,-0.0996935122148183
80.924922562,0.203792054014423,-0.0297697769456914,-0.0498372100118088
80.934922109,0.203506088655834,-0.0265755306145359,0
80.944920539,0.203260597164431,-0.0218147894725497,-0.0498590430531069
80.954920413,0.203069829864266,-0.0158340940652914,-0.0498587114645207
80.964918976,0.202943940031814,-0.00924363356165192,0
80.97491543,0.202885003254059,-0.00291337086564169,0.0498816937569413
80.984908199,0.202885704011899,0.00248071539936359,0.04985902560094
80.994913741,0.202934613372118,0.00685705283822949,-0.0498403613014912
81.004913999,0.20302288483957,0.0104408076651113,-0.049882524748765
81.014902631,0.203143313528047,0.0130175148377229,0.0498474400774664
81.024916958,0.203283273655151,0.0139382161175486,0.0498142014877719
81.034918937,0.20342230512695,0.0127036509484702,0.04986835675855
81.044911527,0.203537277680592,0.00939486675688961,0.0498451674740843
81.054922808,0.203610238829617,0.00490462280705143,0
81.06491719,0.203635397911612,0.000568455109952174,-0.049897662128711
81.074905634,0.203621598169168,-0.00238253346901669,-0.0498443751019067
81.084921379,0.203587737261799,-0.00333038380671981,0
81.094917342,0.2035549515009,-0.00236225514775034,-0.0498820562758693
81.104910158,0.203540518665709,-2.68212275348163e-05,0.0498337452987385
81.114925798,0.203554414849549,0.00301045508104469,0.0497677403374255
81.124944851,0.203600832209048,0.0065092112621229,0
81.134899904,0.203684430525275,0.0107031209908325,0
81.144915273,0.203814578051952,0.0159394764068579,-0.0498135046668011
81.15491649,0.204003484425568,0.0222372858547675,0
81.164917136,0.204259365197111,0.028741459951445,0.0497328030339557
81.174965557,0.204579723881812,0.0345311352752284,0.0498596688450242
81.184915189,0.204949920670495,0.0384095180601558,0.0499931107878934
81.194909933,0.205345777751983,0.0394491594047696,0.149509624819397
81.204922323,0.205739185288894,0.0380738823118872,0
81.21490743,0.206107160099293,0.0349034063284831,0
81.224913575,0.206436948080465,0.0307367894865832,0
81.234921576,0.206722330691649,0.0259817903199859,0
81.244918663,0.206956716082214,0.0203846057547366,0.0997611548115162
81.254911097,0.20712980919646,0.0136990459591536,0
81.264916793,0.207230671384181,0.00611069182750741,0
81.274920923,0.207252083076668,-0.00191165282559223,0.0498581480234571
81.284915456,0.207192440883549,-0.00964767584024392,0
81.294905785,0.20705927560638,-0.0160258417536755,-0.0996561146788993
81.304926196,0.206871751930935,-0.0201860391396492,-0.0498325298988856
81.314914729,0.206655374279653,-0.0219188489794056,0
81.32490583,0.206433821350625,-0.0213675458243658,0.0498520905894866
81.334915822,0.206228000008438,-0.0185929082032784,-0.0498359221971369
81.344913113,0.206061827774409,-0.0132121626247416,-0.0996863209557136
81.354920349,0.205963696944483,-0.00513479358674718,0
81.36491054,0.205959145114498,0.0050518740825033,0.0498450230764996
81.374923979,0.206064752764436,0.0165020894324424,7.44617571453351e-07
81.384922371,0.206289382139367,0.0285647878272614,0
81.394915417,0.206635803949268,0.0405034869821223,0.0499086836020177
81.404900187,0.207098553349654,0.0513046141964714,0.0498530252826628
81.414916135,0.20766193306991,0.0600011726250275,0.0498115785560344
81.424917547,0.208299618422512,0.0655845523407961,0.0498563359186618
81.434915226,0.208973564500368,0.0667195845467231,0.149552688110615
81.44491892,0.209634101719436,0.0626804372889944,0.149549163781977
81.45491717,0.210227295096918,0.0537124430904058,0.0498755457768857
81.464910607,0.210707904069704,0.0409785221564902,0
81.474922523,0.211047084898077,0.026187989407831,0.0498451999948533
81.484914166,0.211231757060915,0.0107924868551952,0
81.494913763,0.211262840092996,-0.00388802970457421,-0.0498397659353708
81.504919906,0.211153974149533,-0.0167358791134943,0
81.514916153,0.210928082511975,-0.0270023268055907,-0.0498762568090471
81.524911308,0.210614159779427,-0.0341675834473217,-0.0498856193762042
81.534903803,0.210245152812684,-0.037944887301644,-0.0498385502236616
81.544917536,0.209855025712636,-0.0384693381960811,-0.0498472707804802
81.554906531,0.209475661104408,-0.0359877466624307,0
81.56490983,0.209135548100963,-0.0307201251131744,-0.049826159824784
81.574917734,0.208860914444583,-0.0230398381924218,-0.0997052357428228
81.584910562,0.208674734471953,-0.0135309478577366,0
81.594907586,0.208590432799487,-0.00334642693340808,0.0498296634836339
81.604920657,0.208607772151105,0.0062764464367679,0
81.61490679,0.208715956732171,0.0145447682334505,0.049856812072852
81.624919557,0.208898651516529,0.021100361603967,0.0497959232486502
81.634930144,0.209138456742095,0.0260479505037506,-0.0498342384130295
81.644927516,0.209419817842242,0.0293766404135653,0
81.65491131,0.209725436270721,0.0304812406668004,0.0498752295143182
81.664919031,0.210029184022251,0.0284914008785491,0.0997221928810961
81.674908641,0.210295188244743,0.0228544407214635,0.0997064222058158
81.684919525,0.210486284126774,0.013964731745275,-0.0498343380767324
81.694916859,0.210574597641814,0.00290735589985529,0
81.704904852,0.210544388585138,-0.0092172580994196,0.0498810050279642
81.714906358,0.210390349270253,-0.0212321440562531,-0.0498397683801633
81.72491089,0.210119617504327,-0.0318803029223734,-0.0996439497030384
81.734919541,0.209752322933772,-0.0401924777684351,-0.0498219798304534
81.744924071,0.209315238171909,-0.0459076081084062,-0.0498864088127126
81.754906576,0.208834765963743,-0.0490153809423334,0
81.764915306,0.208335360172876,-0.0495626886853578,-0.0498202295572714
81.774920161,0.20784283888091,-0.0475238033170648,-0.149651675898766
81.784903449,0.207385447596271,-0.0427606061620752,0
81.794907657,0.206988161436288,-0.0358094097801133,-0.0497386092276776
81.804949876,0.206667596877201,-0.0279398030270969,-0.0997676630731234
81.814895874,0.206429694590445,-0.0201244606924699,0.0499514828324505
81.824910873,0.206265892577692,-0.0137687541674226,0.0498494837957114
81.834897714,0.206154294172589,-0.00986277682532411,0
81.844911023,0.206068635561769,-0.00839821325724669,0
81.854913723,0.205986195460448,-0.00894102537147629,-0.0498629655012479
81.864907455,0.205889846955918,-0.0110707809377483,-0.049838428157505
81.87492,0.205764710350401,-0.0148011501299761,0.049843039683519
81.884911881,0.205593758443428,-0.0202712423788481,0
81.894918045,0.205359325133103,-0.0272732138706007,-0.0498478040791974
81.904914395,0.205048225601156,-0.0352953385640387,0
81.914895394,0.204654217836536,-0.0434072119329389,-0.0498136113331007
81.924930639,0.204179376255747,-0.0509556938449032,-0.0996493295326146
81.934907347,0.203634494886229,-0.0572425214600766,-0.0499119367222237
81.94490775,0.203035836050619,-0.0616264568630961,-0.0498555728109591
81.954907043,0.20240198448341,-0.0641004486939819,-0.0996541223793577
81.964918591,0.201753132163775,-0.0645790067201397,-0.049828951058759
81.974916826,0.201109772572585,-0.0630804644473729,-0.0498621746632474
81.984915639,0.200491709088359,-0.0596054282249722,-0.0997605428054821
81.994906619,0.199918272400691,-0.0542798004112445,-0.0498813169499322
82.004905013,0.199406689857293,-0.0474244114971621,-0.0498401396812236
82.01491191,0.198969533248187,-0.0396440299545633,-0.0498366346012149
82.024911711,0.198613543722489,-0.0314892800045695,0
82.034917223,0.198339580345551,-0.0234454239938315,0
82.04490178,0.198144868079118,-0.0156080461872905,0
82.054911855,0.198027503205797,-0.00777553471718335,-0.0498279154061244
82.064912577,0.197989273432326,0.000267276735523232,-0.0498499646047104
82.074913801,0.198032849260628,0.00826380414780544,0
82.084925521,0.198154656481963,0.0153628642512306,0.0498658578004363
82.094909372,0.198340038503527,0.0205891014936487,0.0997884596275914
82.104909423,0.19856610706848,0.0235738227359558,0.0498820819103688
82.114897842,0.19881124315207,0.0248780519904674,0
82.124911665,0.199063723884882,0.0255172171405253,-0.0498202544505097
82.134911417,0.199321933891103,0.0261549842929325,0
82.14489573,0.199586406791066,0.0264834246992191,0.049842735710093
82.154915965,0.199851722831703,0.0258785138070667,0.04976350395285
82.164932428,0.200104926756907,0.0238709613657082,0.0498404808839395
82.174921717,0.200329279364787,0.0202565127027579,0.0499082517714385
82.184911014,0.200509623237999,0.015466754915129,0.0498987758277502
82.194904097,0.200638341938868,0.0104954486935966,-0.049854326433821
82.20491121,0.200719534268979,0.00639343806054846,-0.049840012522556
82.214910037,0.200766248677101,0.00362418799132609,0
82.224916814,0.200792038338755,0.00198261556031757,0.0498862608107325
82.23489743,0.200805875993473,0.00110604537544865,0
82.244908065,0.200814149569473,0.000918296025662139,0
82.254912634,0.200824255875759,0.00157519062844767,0
82.264915677,0.200845665372393,0.00326860861880461,0
82.274906589,0.200889608289396,0.00614376945456378,0
82.284909545,0.20096850308789,0.0101978068912458,-0.0498515372676707
82.294907904,0.201093577837337,0.0150336717655878,0
82.304906388,0.2012691290619,0.0196902611532343,0.0498786095969617
82.314898363,0.20148719519562,0.0230006072020778,0.0996961637239884
82.32490894,0.201729199903491,0.0243613569312491,0.049824016101688
82.334910427,0.201974716229655,0.0240186519163583,0
82.344916062,0.202209744002657,0.0226137972990051,-0.0498601204738244
82.354908,0.202426937291949,0.0205000279639772,0.0498967840901931
82.364898941,0.202619393580958,0.01752458047685,0.0498501394662139
82.374909278,0.2027774512979,0.0135221784715046,-0.0498260180591214
82.3849105,0.202889993453249,0.00831707937401398,0.0498352322517646
82.394917137,0.202943858249307,0.00171184484049314,0.0498494836039818
82.404912639,0.202924234011695,-0.00618164851563547,0
82.414910476,0.202820266454955,-0.0147420621589935,-0.0498793837354419
82.424902489,0.202629542400446,-0.0232189552231464,-0.0499048930913201
82.434890108,0.202356360274172,-0.0310582658806186,0
82.444920729,0.202007810580064,-0.0380716265695771,0
82.454909049,0.201594206628102,-0.0437924468175918,-0.0997580207676062
82.464910878,0.201132393043106,-0.047517634807893,-0.0997002110360293
82.474910789,0.200643771251259,-0.0492259541021748,0
82.484907819,0.200148024543256,-0.0491644346780683,-0.0499004664479813
82.494892492,0.199661382119359,-0.047448509557832,-0.0498532296735306
82.504908455,0.199199024174847,-0.0442660723430751,-0.0498492098378756
82.514894143,0.198775987589212,-0.0396596814824581,-0.0498791797629946
82.524898088,0.198406241697116,-0.033729505061358,-0.0498213101751744
82.534907593,0.198100943826142,-0.02702676889524,-0.049844776268304
82.544902116,0.197865597455386,-0.020185373821838,0
82.554908155,0.197697225005525,-0.014002260025238,0.049831767813634
82.564911366,0.197585422733976,-0.0089325008723792,0
82.574897792,0.197518667555584,-0.00479979941545573,-0.0498613393625333
82.584908749,0.197489439306742,-0.0012788922814778,0
82.594908408,0.197493076133234,0.00175176936114978,0
82.604916367,0.197524488038944,0.00418675442411755,0
82.614909509,0.197576815831333,0.00581796009428715,0
82.624915007,0.197640839328404,0.00642410271828288,0.0498593696596572
82.634907682,0.197705286148863,0.00600323832585815,0.0498687612852605
82.644909115,0.197760868723841,0.0050171713684429,-0.0498648951948344
82.654903639,0.197805609291808,0.0041401524974524,-0.0498459475510668
82.664912374,0.197843685266547,0.00367693166356019,0.0498418611065318
82.674908837,0.19787916703777,0.00356996008266444,0.0497953543735835
82.684936256,0.197915169725987,0.00402450402509782,0
82.694909474,0.197959659681881,0.00567721218333789,-0.0499213126908077
82.704909615,0.198028562723044,0.00905842622779494,-0.0498898651309926
82.714895423,0.19814070092649,0.0140411294085474,0.0498262047994694
82.724921099,0.198309546559545,0.0199818408484072,0.0498086647878785
82.734913954,0.198540708026951,0.0262876804682983,-7.45640507060017e-07
82.744905476,0.198834889476479,0.0324732073268877,0.049898493006044
82.75489585,0.199189584278543,0.0382100004655569,0.0498292873521224
82.764915423,0.199599469560665,0.0434177277951392,0.0498405905017216
82.774901558,0.200058186662836,0.0480681626151463,0.0498833233255414
82.784903993,0.200560283393869,0.0521146880138758,0
82.794907615,0.201100796081779,0.0555998091366169,0.0996802194669386
82.804909595,0.201672591046732,0.0583723779829582,0.149570044522739
82.814906667,0.202268188304424,0.0607524532127014,0
82.82490757,0.202887517087268,0.0634997994552284,-0.0498424291625981
82.834911637,0.203538499887532,0.0669854078914494,0.0997631529440013
82.84489684,0.204226506491671,0.0704393731212031,0.0997215118306276
82.854909254,0.20494711949293,0.0731325861719744,0.0997350234720077
82.864891449,0.205688763957338,0.0745025405087589,0.0498477567298207
82.874911787,0.20643735901804,0.0743291462552754,0.0498129173614507
82.884908271,0.207176597247342,0.0725794590319167,0.199534277973776
82.894900109,0.207888100615756,0.0690862172908442,0.0498524893876064
82.904909204,0.2085583860506,0.0647534230033462,-0.049832489988431
82.91490877,0.209183729905219,0.0602643191944741,0.0996860644174517
82.924913633,0.209763939345159,0.0557438122003523,0.149596688956014
82.93490426,0.210298354744633,0.0514142545886604,0
82.944909991,0.210792037186217,0.0480124842879589,0
82.954910627,0.21125891012588,0.0462213322727976,0.0498559292862925
82.964909544,0.211716443170737,0.0461003552295844,0.0498568743973869
82.974909502,0.212180865367572,0.0474251426191733,0
82.984915427,0.212665225025235,0.0496734496516177,0
82.994916894,0.213174701546744,0.0517603085422779,0.0997245495710452
83.004912136,0.213700260852905,0.0522750631377329,0.149615960815805
83.014909908,0.214219837615908,0.0504513244784145,0.0498917249043485
83.02489734,0.214708540864676,0.0463179359940052,-7.4491030973261e-07
83.034913876,0.215146380125358,0.0403989300728357,0.0498018328057578
83.044918318,0.215517366954888,0.0330446390511545,0.0498736154180976
83.054906038,0.2158070139025,0.0242660302467552,0
83.064912625,0.216002549413313,0.0142589414331746,0
83.074906475,0.216092198962321,0.00313082546098234,0.0997692004245968
83.084900534,0.216065128067722,-0.00879627657972789,-0.0498468771965518
83.094909062,0.215916250674759,-0.0207773309802301,-0.0498432763867087
83.104904865,0.215649491461497,-0.0320545021411177,0
83.114894693,0.215275621223078,-0.0419967532367217,-0.0997469533792063
83.124897232,0.21480987695798,-0.0503146054036805,-0.0498466376653889
83.134897974,0.214269164032784,-0.0570314412963852,-0.0498242229333604
83.144909512,0.213668547785953,-0.0623972869380829,-0.0498328412149219
83.154906793,0.213020668012349,-0.066565109167075,-0.0498734881908053
83.164901725,0.212337763945116,-0.0690273477639404,-0.0496591824865246
83.174985283,0.211634703100544,-0.0702952204103951,-0.0996766694549275
83.184908189,0.210931405148604,-0.0694107377234049,-0.100083522600382
83.194910418,0.210251684780955,-0.0655676806805244,-0.0498301664173674
83.204917783,0.209619422478665,-0.0598728778357838,-0.149564046720258
83.214910272,0.20905423596568,-0.0527077396378821,0
83.224900226,0.208566193075692,-0.0450072371710587,0
83.23490166,0.208154478824585,-0.0376994420114982,-0.0498705746148881
83.244893607,0.207812453768069,-0.0311117068549158,0
83.254894172,0.207532477651948,-0.0252078833525445,-0.049820794876452
83.264907264,0.207307951836955,-0.0199555722938761,-0.0497742802208472
83.274926532,0.207132720443751,-0.0154994033088237,0
83.284906467,0.206997976123803,-0.0121058582348616,0
83.294911333,0.206890787275993,-0.010107064425873,0
83.304913227,0.20679576651153,-0.00959506047123034,0.0498372025388764
83.314918401,0.206698818248681,-0.0102616885601779,-0.0997490239617017
83.324905179,0.206590615326396,-0.0117050011706255,0
83.334911915,0.206464794143906,-0.0137762340703524,0.0498446368506763
83.344908964,0.206315038501943,-0.0163522402487018,-0.0498636558324434
83.354908369,0.206137807323976,-0.0189679167079515,0
83.364916396,0.205935539198227,-0.021079345998523,-0.0498777943210665
83.374898856,0.205716420931824,-0.022184748958339,-0.0498703401466564
83.384909871,0.205491988974547,-0.0221194816300297,0
83.394912303,0.205273733858554,-0.0210398539348435,-0.0498473829217784
83.404912554,0.205071135445922,-0.0191428093828198,0
83.414910784,0.204890906748825,-0.0166440386845534,0.0499016062182915
83.424893502,0.204738571774456,-0.0134377327610989,-0.099733608916075
83.434905826,0.204622218717882,-0.0094025138880944,-0.0498124317365277
83.44491022,0.204550364305467,-0.00485736931934903,0.0498689254186956
83.454900167,0.204525098819348,-0.000470799805360804,0
83.46491134,0.204540947782064,0.00321430454539994,0.0498283659856055
83.474910484,0.204589418072236,0.00615980828562237,0
83.484891923,0.204664024342779,0.00862775439797454,-0.0498554459585265
83.494909932,0.204761968397675,0.0108545666645911,0.0498179668676254
83.504906417,0.20488127300216,0.0128409148505147,0
83.514905625,0.205018731388865,0.0144577729089868,0
83.52488051,0.205170053902817,0.0156333649806593,0.0998481969622887
83.534877571,0.205330960110057,0.0165915096049096,0
83.544883363,0.205501931430492,0.0180136755118574,-0.0498320541466727
83.554886407,0.205691392789131,0.0206002215554022,0
83.564725786,0.205910689740488,0.0237373698232469,0
83.574880829,0.206166007778547,0.0269390245354857,0.0494685516316176
83.58488165,0.206453669055318,0.0297705610528847,0.0997185426952962
83.594878892,0.206761361334028,0.0310848126653571,0.0498549197015814
83.604881608,0.207075364003063,0.0312954818662483,0
83.614881909,0.207387365389822,0.0309576621356947,0
83.62488104,0.207694499661825,0.030335973551763,0
83.634882297,0.207994096631215,0.0292030004394709,0.0498571408418695
83.644880107,0.208278532424215,0.0270053426648882,0.049850906695171
83.654883865,0.20853424582889,0.0233540739206711,0.0499098441991239
83.664857757,0.208745091939076,0.0181713949045951,0.0498575350468804
83.674882475,0.208897648468743,0.0120418826047404,0
83.684873915,0.20898612416391,0.00577617751135291,-0.049864661202239
83.694878227,0.209013147481768,-0.000110475289015246,-0.0498348785364725
83.704881617,0.208983913807249,-0.00570647067051308,0.0498327689311286
83.714886776,0.20889896928374,-0.0115223642831274,0
83.724878247,0.208753505351954,-0.0178861554494479,0
83.734853466,0.208541841962589,-0.0246098984380399,0
83.744854899,0.208261881975102,-0.0312459376742468,-0.099716967014624
83.754851845,0.207916973858769,-0.03747626263643,-0.0498691000099444
83.76484917,0.207512571423882,-0.0432645576480635,0
83.77485355,0.207051608939737,-0.0488648009427888,-0.0498466326815092
83.784852453,0.206535114981885,-0.0542469957848656,0
83.794853375,0.205966678517264,-0.0588543113858555,-0.0498554933225475
83.804851882,0.20535806235998,-0.0616885134250305,-0.14943779327889
83.814870126,0.204731874904475,-0.0619730156208631,0
83.824855349,0.204118387187117,-0.0590146084912069,-0.0997983242126545
83.834852202,0.203552640512494,-0.0523656196629617,-0.149585841536416
83.844852289,0.203071235032654,-0.0424271692704587,0
83.854851231,0.202704138323866,-0.0301076834208406,-0.0498253481262684
83.864863818,0.202468734252755,-0.0167317278182759,0
83.874851747,0.202369495133929,-0.00342371385841546,0.04986651912472
83.884858825,0.20240027707019,0.00897716425608112,0
83.89486079,0.202549119599547,0.0200739554444885,0
83.904854781,0.202801675000004,0.0295325362656526,0
83.914852656,0.20313953010721,0.0366720806958978,0
83.924853231,0.203535059772197,0.0403861640096119,0.0997142844829074
83.934851573,0.203947209649187,0.0394885162328768,0.149450760021329
83.944868345,0.204325426926289,0.0337744553676126,0.049863893135156
83.954847633,0.204622565685185,0.0241032011512327,0.0498880020403945
83.964854443,0.204807155866611,0.0122698050899783,-0.0498472334001241
83.974850376,0.20486799544306,9.45378255671327e-05,-0.0996880228533738
83.984858479,0.204809047004677,-0.0115194779558849,0
83.994853873,0.204637565600328,-0.0226542830695725,0
84.00485487,0.204356043102593,-0.0337218958692658,0
84.014852541,0.203963172600508,-0.0448835122935501,-0.0498617732167115
84.024852079,0.203458498126605,-0.0558926805052385,-0.0498609429161368
84.034850083,0.202845456374612,-0.0662813130778231,-0.0498516569037911
84.044853346,0.202132787886625,-0.0754853634269602,-0.0996956104839156
84.054852746,0.20133554808855,-0.0835604404497108,-0.100467149114531
84.06470225,0.200474204725941,-0.0881434347963356,-0.0498583527806967
84.074851028,0.199572830823044,-0.0899882042101344,-0.049492114519586
84.084848819,0.198661251160635,-0.0896511401697471,-0.149519960438031
84.094856779,0.197779292435942,-0.0843421929701228,-0.149575938094118
84.104847083,0.19697455371928,-0.074275123240843,-0.0498684615107202
84.114851306,0.196294196478874,-0.0596797529890771,-0.0498298252467223
84.124856814,0.195780377915822,-0.0412217376154772,-0.0997002486217435
84.134852889,0.195469696472554,-0.0195677506544752,-0.0498733360178945
84.144849088,0.195389174083174,0.00404911480513363,0.0498536287435848
84.154853066,0.19555067948535,0.0281696569341899,0.0499764397597785
84.164800117,0.195951187725588,0.0512665823123367,0
84.17485258,0.196575986216038,0.072115665518197,0.0497351482352674
84.184847939,0.197396949751308,0.0896633044870851,0.149597277069609
84.194848091,0.198368849807205,0.101763346818692,0.1495612648603
84.204848165,0.199432239686199,0.107601627085645,0.0996931659828542
84.214851095,0.200521205584206,0.106861907819981,0.149578825216019
84.224846043,0.20156925108163,0.0996470579958184,0.149525431495649
84.234856114,0.202514646872706,0.0867454801390737,0.049784944326122
84.244874112,0.203306595543294,0.0696004610249424,0.0498474425694775
84.254859072,0.203906861971369,0.049053117543798,0.0499082018097372
84.264852718,0.204286608451773,0.0258894499320777,0.0498639479962933
84.27485511,0.20442454839601,0.00115367571470691,0.0498499722804688
84.284854362,0.20430968386271,-0.0239094829895205,-0.0498596517362148
84.294852871,0.203946412269552,-0.047637068668654,-0.0498523251168287
84.304855062,0.203356909143389,-0.0682966198770785,-0.049861708387456
84.314850106,0.202580668712165,-0.0842192681229016,-0.149638492413626
84.324844966,0.201673374058662,-0.0939831245006928,-0.199344959162494
84.334857411,0.200700319675426,-0.0974043919082767,-0.0498371651742144
84.344852049,0.199724596305189,-0.0949480629597345,-0.049869911125488
84.354851058,0.198801961621276,-0.0870609536402664,-0.14959520762935
84.364847737,0.197983752639215,-0.0742892075773583,-0.0997027632047273
84.374852286,0.197316086242581,-0.0574839395778324,-0.0498633441312787
84.384844316,0.196834270500216,-0.0377668902672387,0
84.39485261,0.196560736200764,-0.0163607485217993,-0.0498580660722091
84.404842713,0.19650708175606,0.0056215062379655,-0.0498631974064804
84.414848949,0.196673145745189,0.0267400175174369,0.0995247442725846
84.424879717,0.197042871594017,0.0457108435105997,0.149531471051422
84.43485316,0.197587555103763,0.0617906822006663,0
84.444848884,0.198276780045926,0.0747819870876993,0.0498593724924798
84.454851033,0.19908303578423,0.0851364809655374,0.149581951810538
84.464846344,0.199979293418575,0.0927978154906489,0.0498445694549833
84.474855144,0.200939373585863,0.0980055701043546,0.0997275589398141
84.484842599,0.201939037789803,0.100778691029915,0.0997363922514608
84.494849628,0.202954391511201,0.101043940966417,0.099667069635432
84.50485099,0.203960764468839,0.0989598674398355,0.149539208076385
84.514852804,0.204933903156537,0.0946429195244873,0.0996890793444316
84.524854814,0.205853984773853,0.0888197316480876,0.0997094832113475
84.534852684,0.206710287131131,0.0824484818865677,0.0498555354187081
84.544854525,0.207502930583974,0.0764373020202142,0
84.55485571,0.208239264470811,0.0711017368186001,0.0498559243005705
84.56485408,0.208924933680073,0.0659148949386416,0.14957320066687
84.57485434,0.209557472066178,0.0602535433365647,0.0996854564707821
84.584858631,0.21013027876068,0.0542187163786125,0.0498608257287946
84.594851929,0.210641715672425,0.0485029425925092,0.0498647680139647
84.604854639,0.211100143988783,0.0440906229508728,0
84.614852723,0.211523563139397,0.041698607235872,-0.0498809526254014
84.624844159,0.211933679132097,0.0410302646142864,0
84.634850672,0.21234408427861,0.0408724665372949,0.149505985646889
84.64485178,0.21275143995191,0.0397953842210294,0.0997056572255264
84.65485117,0.213140011781132,0.0371285551237582,0.0498348785630604
84.664859781,0.213494308119955,0.0333405688563151,0
84.674851718,0.21380684142889,0.0291094620108134,-0.0498986160114016
84.684842225,0.214075986314456,0.0245557597411971,0.0498434058506544
84.694856296,0.214298069039982,0.0193440411076048,0.0498335485394042
84.70485076,0.214463032237999,0.0129835757621596,0.0498525691480527
84.714857197,0.214557752253427,0.00544337820145082,0
84.724853531,0.214571914885629,-0.00288404024216702,-0.0498579959464316
84.734855921,0.214500075128619,-0.0116555974795111,0
84.744855559,0.214338779298487,-0.0207314564253177,0.0498587516850091
84.754854043,0.214085484933788,-0.0297478435764382,-0.0498124818685356
84.764872556,0.213743316802861,-0.0380131763559079,-0.0498443228908507
84.774857954,0.213325072737137,-0.044586090140141,-0.0499000703280281
84.784854119,0.212852417033802,-0.0486947346881628,-0.149584337983729
84.794855095,0.21235131726162,-0.0503946943422078,0
84.80485195,0.21184463245305,-0.0501694858117729,-0.0498570037287104
84.814854217,0.211347971594193,-0.0486672082151245,-0.049840264195018
84.82485749,0.210871018672414,-0.0463636649699009,0
84.83486871,0.210420026346199,-0.0434632500812163,-0.0498257765436956
84.844869146,0.210001247063147,-0.0399093156287467,-0.0997902972480993
84.854852244,0.209622497180415,-0.0356527189978294,-0.0498931712264922
84.864853472,0.209288751503908,-0.0312785996719589,0
84.874852367,0.208996921339708,-0.0276176589841567,0
84.884855013,0.208736355765412,-0.0250779215332897,0.0498305449479224
84.894861809,0.208495126123307,-0.0234657699628794,-0.0996962185498997
84.904857554,0.208266980739633,-0.0221973688198174,-0.0498610529887
84.914859008,0.208051240921741,-0.020993633522836,0
84.924858437,0.207847089531798,-0.0200573417261089,-0.0498722802787709
84.934852004,0.20765023456884,-0.0197599992433369,0
84.944852833,0.207452000281967,-0.0205293427689204,0
84.954852951,0.207239628272174,-0.0226367314232669,0
84.964851896,0.206999286864119,-0.0259454410766877,0
84.974853362,0.206720708787064,-0.0302696802911326,-0.0504524724725153
84.984614977,0.206401064720681,-0.0338230612996055,-0.0997158800234475
84.994851959,0.206044295014827,-0.0368926192567402,-0.0492820848230153
85.004847104,0.205654648562516,-0.0406402570383366,0
85.014863924,0.205231003613385,-0.0442884088922177,0
85.024855005,0.204768530461953,-0.0482566012955848,0
85.034853302,0.204266384169092,-0.0516444563037278,-0.0996333578875567
85.044870166,0.203734858354277,-0.0535135609756287,-0.0996380920900229
85.054867512,0.203195352521878,-0.0530210296622685,-0.049846154236927
85.064873641,0.202674253512953,-0.0499544372160569,-0.0997757147281943
85.074854116,0.202196932967198,-0.0446985011908309,-0.0499883110581389
85.084819932,0.201782684200937,-0.0377614217178679,0
85.094861295,0.201441433443594,-0.0302955502680887,0
85.104851857,0.201175806010133,-0.0227760198855197,-0.0498285452758965
85.11487154,0.20098567970556,-0.0153620066393684,-0.0498485816193628
85.124854059,0.200868532050207,-0.0084469698554781,0.0499007021543496
85.13485285,0.200816898182317,-0.00244620450441126,0
85.144853476,0.200819609386256,0.00237056517828718,-0.0498418238120959
85.154857764,0.20086432113484,0.00576291487308835,0
85.164867829,0.200934950398835,0.00719710133125204,0.0498537010308278
85.174857912,0.201008264226636,0.00608607801985432,0.0498894964796674
85.184853627,0.201056585524752,0.00230749023945337,0
85.194870418,0.201054442888898,-0.00367473769266471,0
85.204853895,0.200983089786069,-0.0111258430664989,0
85.214857833,0.200832066046303,-0.0191007762751014,7.4455766999569e-07
85.224867336,0.200600817527033,-0.0266459436191422,-0.0997300177451713
85.234853595,0.200299260099429,-0.0328708489952137,-0.0498502088469715
85.244869184,0.1999433398018,-0.0374624360221001,0
85.254870443,0.199549380211865,-0.040494854562482,-0.0498601500422945
85.264867044,0.199133529369539,-0.0418338377638603,-0.0498914910610663
85.274855442,0.198713331005988,-0.0412949165884059,-0.0498225248166059
85.284879707,0.198307108120242,-0.0390569037824902,-0.0498489280312925
85.294857505,0.197932112355946,-0.0352532519813275,-0.049878552835849
85.30486989,0.19760238916179,-0.0302497220236378,0
85.314850349,0.197327334382484,-0.0244703034262477,0
85.324857087,0.19711329638656,-0.0180185634254183,-0.0498170760802404
85.3348655,0.196966690114721,-0.0109419636989019,0
85.344852984,0.196894502007459,-0.00316822959862764,0
85.354853738,0.196903362787465,0.00518945741539788,-0.0498178775409355
85.364867813,0.196998368110231,0.0137755358096196,0
85.374854456,0.197178883394492,0.0217891392830817,0.049882921538395
85.384856544,0.197433905354082,0.028212908603014,0.0996222086517921
85.394871857,0.197743632499375,0.0326688520181321,0.049840470975704
85.404862001,0.19808746066837,0.0353938240294134,0
85.414852675,0.198450830055631,0.0368389949031623,7.44596400209845e-07
85.424874401,0.19882469736997,0.0374917086798883,0.0498594996477285
85.434850497,0.199200582572287,0.0374751508886465,0
85.444674407,0.199566705582416,0.0352697809798842,0.0996004977471316
85.454872411,0.199906751093865,0.0316234324281255,0.148087074690086
85.464873733,0.200205477603271,0.0277612502419979,0
85.474853689,0.200461456352578,0.0244529254691182,-0.0499148151097712
85.484849692,0.200693948239872,0.0237104607859974,-0.0498229880814604
85.494866465,0.200935968493145,0.0263539040610879,0
85.504852975,0.201221112840961,0.0319296037711291,0.0498877142226657
85.514852977,0.201574129902072,0.0396967439153113,0.0502633569241568
85.524690118,0.202008582826643,0.0477633333681237,0.0996685092413991
85.534861079,0.202529783547961,0.0560793461874229,0.049418911721019
85.544866228,0.203140045884049,0.065517518231185,0
85.554871517,0.20384081778444,0.0743640421554639,0.0498433983758652
85.564870809,0.204627667388835,0.082213385064387,0.0998101573305627
85.574851224,0.205483417129505,0.0873142811315103,0.149259793336433
85.584911431,0.206377499892193,0.0892393987284325,0.0995024869457947
85.59489271,0.207271907289769,0.0881577477340878,0.100445552637443
85.604764751,0.208127723868438,0.0817951824278296,0.0996340072132894
85.614907591,0.208909028132436,0.0724065620215734,0.0989975774606442
85.624908453,0.209586260076645,0.0614802517059153,0
85.634904797,0.210138461390731,0.0482706762024632,0.0498877633795901
85.644895244,0.210551035993332,0.0336678199519441,0.0498314340973948
85.654914181,0.210812133728592,0.0180031262268884,0
85.664942984,0.210911957987116,0.00152162185067944,0
85.674949063,0.210842619242819,-0.0158869298313781,0
85.68474119,0.210597425277607,-0.0335737711533156,0
85.6949111,0.210172418380827,-0.0508681846674857,0
85.704907479,0.209571602764697,-0.0678643997656336,-0.049833593324701
85.714919318,0.208814572675877,-0.0815869376118269,-0.199408248165047
85.724908434,0.207939786096935,-0.0909539914331148,-0.149642045053386
85.734908847,0.206996445226459,-0.0954573956311288,-0.0997197394481032
85.744906257,0.206030845995063,-0.0957865953380919,-0.0498219945481215
85.754921723,0.205079479971496,-0.0938026148138753,-0.0503138200257438
85.764723504,0.20417193640805,-0.0872038798516285,-0.0998306783820294
85.774897323,0.203337530149131,-0.0774300162320779,-0.148006591588827
85.784933814,0.202607051776695,-0.0664913018033487,-0.0498532997147282
85.794897632,0.202007683567252,-0.0524919223837413,-0.0996963604269468
85.804936476,0.201557073595523,-0.037473801065976,-0.0995980721393678
85.814919884,0.201257373678911,-0.0233427074565942,0.0997159370455104
85.824935211,0.201090248974916,-0.0117749104014719,0.049900751142723
85.834901473,0.201022092258757,-0.00369949059213321,0
85.844697234,0.201017139556746,0.00118874709469806,-7.44670858365116e-07
85.854911872,0.201045879562432,0.00344785563913248,-7.37659107828566e-07
85.86489784,0.201086788330057,0.00400656004207374,0
85.874896442,0.201125948942052,0.00347535468765393,7.44650763242891e-07
85.884908779,0.201156333440715,0.00248777464249836,-0.0498274272228474
85.894907136,0.201175731039164,0.00129249062367848,0
85.904902494,0.201182175129885,-0.000240694448044984,0.0498635710493172
85.914903624,0.201170917995522,-0.00227962603609053,0
85.924727875,0.201136980675182,-0.00457803419038936,0
85.934894828,0.201079397580103,-0.00662688795022727,0
85.944906015,0.201003262402358,-0.00798275681680845,-0.0498023034574673
85.954915916,0.200919574103391,-0.00809043656721874,-0.0498564328475074
85.964905366,0.200841458921707,-0.00708646685848666,0
85.974909011,0.200777893698275,-0.00557722933017847,0.0504861007833643
85.984655283,0.200731309105346,-0.00381684032689571,0
85.994912336,0.200701544200743,-0.00201960889741041,0
86.004719502,0.200690787230134,0.000197766401928903,0
86.014914436,0.200705499944091,0.00319362196794702,-0.0493915151850956
86.024907105,0.200755258802555,0.00714850052584595,0
86.034903064,0.20084838866186,0.0115809382790318,0
86.044906323,0.200986868511842,0.0157891993550464,0.0498282565455194
86.054913724,0.201164340961826,0.0190908168561914,0.0498760048269013
86.064897826,0.201368522634295,0.0211321783136962,0.0498743419378542
86.074905296,0.201586806426101,0.0223327405259026,0
86.084724305,0.201811302245344,0.0226341456912415,0
86.094909113,0.20203957573446,0.0227933065574792,-7.38455811945222e-07
86.104903117,0.202271244093226,0.0235449859589378,0
86.114598087,0.202503152350836,0.022784041722478,0.0996611771489511
86.124912691,0.202727143062091,0.0212428016489455,0.0491086580557511
86.134901967,0.20293446364638,0.0198077310499442,0
86.144896825,0.203122983413629,0.0182400762376767,0
86.154910527,0.203299421306186,0.0178363061735111,0
86.164722815,0.203476605841462,0.0184406982288557,-0.0498474126654516
86.174913497,0.203668290039637,0.0201132915302681,0.0493942115141745
86.184909316,0.203882622821051,0.0226211198465057,0.0997245238701696
86.19491051,0.204120644867282,0.0250574006528793,0.0498704349314319
86.204902753,0.204383606382388,0.0280256214053605,0
86.21490845,0.204681099562609,0.0322904379255302,-0.0997189914742237
86.224900726,0.205029349688181,0.0379249726879059,0.0498618882922685
86.234905314,0.205439480083653,0.0444118827756891,0.150846500230775
86.244730547,0.205910029373896,0.0496160953413578,0
86.254898676,0.206431472638839,0.0535314462271327,0.0493838804455381
86.264921271,0.206990868029989,0.0570585620231981,0.149539661460101
86.274901891,0.20757282732258,0.059570362099996,0
86.284608839,0.208163663584617,0.0589808693427908,0
86.294901264,0.208752407728431,0.0571958381488244,0.0982116967434174
86.304913729,0.209325018786687,0.0554996012773768,0.0996879331523623
86.314905318,0.209862624749362,0.051460106082724,0.050218829393621
86.324768461,0.210346745401651,0.0450381847206342,0
86.334888154,0.210762615408372,0.0372575090159768,0.0495149936051422
86.344905721,0.211097009547658,0.0287144049570709,0.0996062705745263
86.354908758,0.211337495139113,0.019014924377561,0
86.36490809,0.211477353081565,0.00905033303464557,-0.0498626488169127
86.374905317,0.21151847065761,-0.00052016860980265,0
86.38472332,0.211467045820923,-0.00942615735146542,0.0498722359101275
86.394898032,0.211330016180137,-0.0174611155916431,-0.0497931660873393
86.404748082,0.211117391136946,-0.0243352661290716,-0.0995242823393553
86.414935129,0.210842408092188,-0.0297630642289339,0.0990188227784898
86.424887462,0.210517981476475,-0.0341419910358678,0
86.434891326,0.210161063793104,-0.0358083074421259,-0.149319800997759
86.44492013,0.209800645541845,-0.0343921091334674,-0.0996956530158202
86.454893831,0.209473135458201,-0.0296049744268769,-0.0498503513166961
86.464921323,0.209208510734573,-0.0225096928664024,0.0497966363992976
86.474916599,0.209022429100186,-0.0145838404287235,0
86.484771161,0.208919023864645,-0.00632254613038094,-0.049906750066075
86.494895189,0.208896113543291,0.00134403080666426,0.0495044816592485
86.504912095,0.208946093900416,0.00801225490640022,0
86.514913192,0.209056502886044,0.0132120420318514,-0.049838505410562
86.524918042,0.209210413313067,0.0163346454904625,0.0498902428687898
86.534898691,0.209382958927159,0.0165356362024969,0.0997527094069137
86.544909106,0.209540978274672,0.0134304492440584,0.0498522453560212
86.554899423,0.209651577743129,0.00761468368930354,0
86.564783685,0.209692316907215,0.000140008757274711,-0.0498428303899307
86.574903933,0.209654378549714,-0.0076042430851629,0
86.584924083,0.209539164424991,-0.0149583055572393,0
86.594909514,0.209355128956266,-0.0211617505602562,-0.0997654751149981
86.604912589,0.209116172646947,-0.0258135407251813,0.0498482152752936
86.614911863,0.208838797505755,-0.0286650734468452,0
86.624906966,0.208543032361718,-0.0291656904620346,-0.149554654619353
86.634912973,0.208255451322598,-0.0271571434406763,-0.050168566714062
86.644781887,0.208003286281249,-0.0225618150562794,0
86.65490453,0.207804405510877,-0.0168287647349881,0
86.664910299,0.207664549971212,-0.0112056175057162,0
86.674916348,0.207580160732775,-0.00615322909536475,0
86.684928338,0.207541374391205,-0.00231295631023884,0
86.694911811,0.207533912100453,-2.79276121755969e-07,0.049915739662301
86.704903927,0.2075413688125,0.000713392900368048,-0.049852933058031
86.714912566,0.207548180497072,-0.000153752160703322,-0.0501695082638112
86.724778475,0.207538313057802,-0.00284160996793105,0.0996844347716181
86.734917621,0.207491333933375,-0.00758893915105748,0
86.74491835,0.207385472771917,-0.0143767327338768,-0.0499099730129159
86.754895518,0.207204117047621,-0.0224376793238907,0
86.764909908,0.206936908604328,-0.0312291218995097,0
86.774889109,0.206579734757073,-0.0399426674968602,-0.0498380793791999
86.784916624,0.206137786999436,-0.0476339086035008,-0.0996475419276105
86.794901421,0.20562647011632,-0.0539590654907627,-0.100404318338714
86.804777949,0.205066088463028,-0.0575288620370204,0
86.814911524,0.204475311661487,-0.0594080872651322,-0.0495644910002047
86.824895099,0.203870967060302,-0.0602574886926068,-0.0997890754554756
86.834895452,0.203271130345993,-0.0587416669863885,-0.049787107030051
86.844922298,0.202694536005974,-0.0555888369647121,-0.0498195900650843
86.854909593,0.202158567524955,-0.0507895555400974,-0.049886548585668
86.864909277,0.201679406225975,-0.0443524773507412,-0.0996874298328759
86.874913748,0.201271333693397,-0.0370505488353352,-0.0501125278160242
86.884806126,0.200942217050431,-0.0291317944923461,0
86.894907611,0.200688876585373,-0.022124448254832,0
86.904907281,0.200497490086771,-0.0170503029462099,0
86.914912984,0.200347778915171,-0.0139222515799037,0.0497731149267854
86.92494011,0.200218588001576,-0.0126348056472489,0
86.934901361,0.200095229656572,-0.0122024098184669,-0.0499504476357707
86.944901819,0.199975007047681,-0.0114609695651945,-0.0498296061030956
86.95491118,0.199865897730008,-0.00981709313982347,-0.0501403437337074
86.96478763,0.199779786188933,-0.00702313861726574,0
86.974913299,0.199725420075632,-0.0037175841062638,0
86.984940261,0.199704867088228,-0.000604837511224726,0
86.994910625,0.199713324942743,0.00180728283193569,0.0499757058185982
87.004891583,0.199740924769953,0.00316359720799874,-7.44898827853816e-07
87.0149149,0.199776610411281,0.00346710228728073,-0.0498256271538648
87.024903299,0.199810307436269,0.00265432361400985,0
87.034893077,0.199829638958257,0.000255538716540289,0
87.044792705,0.199815389949551,-0.00441328283870973,0.0498143433430151
87.054909326,0.19974130159005,-0.0117071273905135,0.04957422242859
87.064905906,0.199579922143213,-0.0214336690221929,0
87.074921284,0.199312371905792,-0.0321857934578016,-0.0498311152449754
87.084915119,0.198935909746342,-0.042386100533279,-0.0499139367239039
87.094897296,0.198465666652906,-0.0502153170423145,-0.0997387267815127
87.104909135,0.197931903893953,-0.0545581529825735,-0.099646705410248
87.114909776,0.197373822707505,-0.0553724640006087,-0.0501962221010418
87.124773106,0.196831986874846,-0.0514884271442049,-0.049846435820395
87.134913138,0.196343881060529,-0.044143885686171,-0.049517708533578
87.144908961,0.195943111993533,-0.0342537004167969,-0.0498559096312687
87.1549124,0.195658832331424,-0.0214484133475007,-0.0497636866523005
87.164945286,0.195513364612968,-0.00706832074077623,-0.0498427606258259
87.174916938,0.195517433840569,0.00759740368810204,0.0498835536225804
87.184933465,0.195665222877821,0.0208559684252531,0.0498786202050498
87.194907094,0.195934347902921,0.0316027511300805,0.100517204102942
87.204772633,0.196292195166753,0.0385428753527738,0.049862723623894
87.214903623,0.196705071627656,0.0423099391613946,0
87.224909214,0.197144172683781,0.0439878441846064,0.0498415521692096
87.234908945,0.197585062614655,0.0430430527994569,0.0498430869278745
87.24491392,0.198005236300377,0.0399516751068222,0.049844676599016
87.254913013,0.198384258640206,0.0349826418202965,0.0498007557491287
87.264935331,0.198705638150127,0.0287552861696905,0.0498397933394224
87.274918742,0.198959529102634,0.0221351741079976,0
87.284796314,0.199145264466788,0.0155921722024026,0
87.29491186,0.199271265241353,0.0102367880164671,-0.0496061804237183
87.304896257,0.199351023322422,0.00625499813252563,0
87.314907868,0.199396340234051,0.00309086805458438,0.0498226592526611
87.324908866,0.199412879656269,0.000272128487653169,0
87.334916024,0.199401785023284,-0.00247939810277399,0
87.344917021,0.199363271474722,-0.00518571688497158,0
87.354895684,0.199298176163066,-0.00777117924024838,0
87.364799146,0.19920876391767,-0.00982314996901548,0.0497742047479597
87.374927775,0.19910139792898,-0.0108301750516325,-0.0495882521226817
87.384906356,0.19899099931357,-0.0100599801170038,-0.0998698491561414
87.394895391,0.198900524109036,-0.00692342969191943,0
87.404909092,0.198852511777228,-0.00194738433223371,0
87.414916816,0.198861534699682,0.00406202695507289,0.0498606814745542
87.42490644,0.198933741543834,0.0105185346749336,0.0498617012815942
87.434913755,0.199071873195946,0.0174904904661033,0
87.444795694,0.199281614351299,0.025106363908311,0
87.45490911,0.199573883855052,0.0338164194422932,0
87.464903886,0.199961601406197,0.0439398145725178,0
87.474924805,0.200453369781892,0.0543101088199574,0.099706634326223
87.484904188,0.201047819984249,0.0640655855852645,0.0997792026445383
87.494910561,0.201733768943396,0.0724060035983371,0.0996898142930112
87.504908014,0.202496217081585,0.0795129233284929,0.0997678777005082
87.514898735,0.203323087090135,0.0860360447243256,0
87.524800386,0.20420767808865,0.0909735449943243,0.0498396737133716
87.534904811,0.205143110745281,0.0948135032703605,0.148755939057673
87.544908888,0.206114235608789,0.0977000923496293,0.149511941428293
87.554911635,0.207097779297703,0.0978478333108371,0.0997842187159774
87.564893938,0.208069729449898,0.0955884572286626,0.0498474998856226
87.57491457,0.209009828994399,0.0914420925827818,0.0996473948445234
87.58490613,0.209899686163546,0.0856430990494795,0.149663671070139
87.594901111,0.210721538304918,0.0785553665357118,0
87.604777736,0.21146070745653,0.0691192902054446,0.0498444923290036
87.614904954,0.212104189734459,0.0584192498377007,0.148554773079668
87.624913468,0.212637021814903,0.0470635353044794,0.0498274346929601
87.634915645,0.213045963596805,0.034428227060876,0
87.64491104,0.213325502764385,0.0215588470023147,0
87.65491711,0.213477172120562,0.00897322022002977,0
87.664907945,0.213504939396669,-0.00319669840610444,0.04988405704047
87.674905386,0.213413275630532,-0.0148238041447672,0
87.68477227,0.213210474533401,-0.0250722299651717,-0.0997069606101477
87.694905772,0.212911821353348,-0.0334986074801561,-0.04950751486874
87.704912271,0.212535812545252,-0.0406809396970668,0
87.714900555,0.212098414791869,-0.0461513631463974,-0.0498624618004982
87.724908905,0.211612940627812,-0.0502821149664634,-0.0498439541177074
87.734904614,0.211092568397435,-0.0531399525076091,-0.0996894578507027
87.744912952,0.210549926520272,-0.0550061604376255,-0.0996821153223996
87.754909985,0.209992149750595,-0.0570268162188508,0.0501659744795773
87.7647889,0.209416464486501,-0.0589098804539465,-0.0498606116604334
87.774907361,0.208814106721042,-0.0615985809949168,-0.0991308168884542
87.784905377,0.208177318048684,-0.0655608912705386,0.0498560616978882
87.794906562,0.207502941278784,-0.0688825208702622,-0.0498426509072829
87.804910258,0.206799331415694,-0.0705024855310929,-0.199379628585881
87.814910388,0.206092621825652,-0.0689331629481501,-0.0996780096909806
87.824916453,0.205420241115787,-0.0636881240700338,-0.0498636612234521
87.834906541,0.204819104352465,-0.0552862839777813,7.5034705880862e-07
87.844775478,0.204322309420115,-0.042776667923242,-0.0498560813506885
87.854906033,0.203963592724547,-0.0270258328091341,-0.148590720493429
87.864906439,0.203778253433842,-0.00845306200072182,0
87.874903705,0.203794551163261,0.012323364830667,0.0497039317666843
87.884966852,0.204025465221895,0.0336840206987326,0
87.894903143,0.204468212646816,0.0542202448506198,0.100068254623462
87.904895176,0.205105983828637,0.0720448602519457,0.0996053531682588
87.914924081,0.205910618327139,0.0875468549574962,0.050150426044126
87.924776692,0.206846548026224,0.0981039305405284,0.0997797118836848
87.934909735,0.207871289538963,0.103710620797647,0.148575152997898
87.944909662,0.208934550843425,0.105506193079388,0.149512038577899
87.954916546,0.209982132003232,0.101429720313037,0.0997164506177407
87.964908294,0.210963006493828,0.0926684234178989,0.0997861843221871
87.974901053,0.211834064759705,0.0799231758771412,0.049871447654138
87.984901325,0.212560913026758,0.0640688174706281,0.0498467001135822
87.99490401,0.213115630560611,0.0459727108676938,0.100308347702
88.004781801,0.213474872401818,0.0254282700864455,0.0997080922750881
88.014904169,0.213624200005435,0.00455087110733272,-0.0495488803990881
88.024905289,0.213566451801936,-0.0150093785190741,-0.0498232716928231
88.034916532,0.213323826874107,-0.0316910497091897,-0.0498266304228498
88.044916303,0.212932281762531,-0.0444749363025047,-0.0997191759733604
88.054914468,0.212434419944325,-0.0529219270411879,0
88.064910647,0.211874142548126,-0.0569366415276039,-0.049875207060974
88.074905992,0.211296169708747,-0.0565928413220136,-0.10023184964159
88.084806296,0.210748191241271,-0.0508950663206749,-0.0996919944986871
88.09490953,0.210278088315589,-0.0408774706787756,-0.049607430192969
88.104906033,0.209926564831402,-0.0278051333430688,0
88.114903204,0.209722161544001,-0.0122346634442003,0
88.124911984,0.209681798754036,0.00450523810677008,-0.0498440787026122
88.134907213,0.209812284367636,0.0212761875853934,0
88.144903486,0.210107141700702,0.0369461029976834,0.100883848877167
88.154674279,0.210542600424034,0.0495861315391003,0.10155561143943
88.164539945,0.211080837739638,0.0571596065960768,0.0501836180718659
88.174543239,0.211678302361107,0.0607355439635441,0.0500576921253316
88.18445859,0.21229060747873,0.0597246040222646,0.0996456122746768
88.194555789,0.212873543985333,0.0546473729181254,0.049783882141993
88.204486787,0.213385095829066,0.0458369904635619,0
88.214478374,0.213786735323987,0.0328333080870018,0.099637482511425
88.224501269,0.214042237482774,0.0167315105497248,0.0996895302321496
88.234482257,0.214121430503437,-0.00161320296160972,-0.0492976724315566
88.244727301,0.21400960878805,-0.0201243036966316,-0.0489231000466427
88.254862842,0.213711285421382,-0.0380127821544624,-0.0990895849574243
88.264852299,0.213244601623217,-0.0540156705201993,-0.0997695298631283
88.274850685,0.212631628679484,-0.0676659280157851,0
88.284858389,0.2118908709774,-0.0796622220046381,-0.0498474427306899
88.294853344,0.211038172417543,-0.0899173682626445,-0.0997347162459177
88.304853209,0.210092989384114,-0.09783084635207,-0.0997173260261267
88.314851651,0.209081721118125,-0.103478252438391,-0.150501679025244
88.324728463,0.208036332833425,-0.104609183451933,-0.149528560748914
88.334856351,0.206989045785924,-0.102921955274745,-0.0990934896105862
88.344852668,0.205965110306475,-0.100487315691212,-0.0498626812332457
88.354852897,0.204979646555288,-0.0961876395685809,-0.0498708889054769
88.364845923,0.204042006300732,-0.0907712654364757,-0.0996602856161863
88.37486265,0.203163335954407,-0.0840516577372659,-0.0996792453308439
88.38485187,0.202360473290778,-0.0754617366888712,-0.0997399768969863
88.394856266,0.201654582968356,-0.0649827967040558,-0.1501053551347
88.4047797,0.201065507165135,-0.0525985465909598,-0.0498618929019678
88.414853427,0.200602761363811,-0.0400873968989514,0.0496689216167676
88.424854553,0.200260758565236,-0.0289424803685595,-0.049809321662315
88.434871694,0.200023383064151,-0.019536088970446,0
88.444852553,0.199870075858005,-0.0121924542728844,0.0498998995655062
88.454853624,0.199779754296342,-0.00672250781148245,-0.0498435254477496
88.464857083,0.199735595248815,-0.00269720793328885,-0.0498502811231789
88.474855443,0.199725805231455,0.000191749509273461,0.0501564811622045
88.484736793,0.199739407173452,0.00197247577984453,0
88.494850794,0.199765245577012,0.00273595641168567,0
88.504856108,0.199794452742325,0.00280283813511433,0
88.514854972,0.199821314049972,0.00241399417960595,0
88.524847022,0.199842710692366,0.00187816825239694,0.0498215018590017
88.534868345,0.199858902531764,0.00171509471569868,0
88.544855268,0.199877026729351,0.00265708324497005,-0.0997951962358796
88.554850898,0.199911997838532,0.00514747359458507,0
88.564738878,0.199979377086791,0.00885974723392852,0.0997060759805823
88.574851312,0.200089196451146,0.0133709943168725,-0.0495611724934052
88.584857375,0.200248381395842,0.0186540880839261,0
88.594852955,0.200462308861491,0.0241350824792029,0.0498237723048961
88.604869836,0.200731383792689,0.0294068874815437,0.0498533044510992
88.614853561,0.201050464431696,0.0340139624203257,0
88.624854278,0.201411133851868,0.0374701023253855,0
88.634865468,0.201800312634712,0.0395025449067682,0.100274394415391
88.644741337,0.202196723293079,0.0386829347764215,0.0997781941665622
88.654851426,0.20257342814447,0.0352419447788455,0
88.664854375,0.20290554586761,0.0299826372385842,0
88.674851773,0.203173091293217,0.0226968075319684,0.0997200357982481
88.684852288,0.203359434650012,0.0140323982831557,0
88.694850894,0.203453726924402,0.00470770172777361,-0.0498152542221106
88.704868171,0.203453663456994,-0.0045772110699677,0
88.71484795,0.203362196178312,-0.0135889400225662,0
88.724745631,0.203183549845253,-0.0218465587957119,0.0498373395431454
88.734854963,0.202925111792481,-0.0288396834709229,-0.049597117203393
88.744849247,0.202603767923192,-0.0338017187532342,-0.0996317400981353
88.754870449,0.202248553964,-0.0354150182065227,-0.0498410788710155
88.76485446,0.201895282940572,-0.0335686862547263,-0.0998104520704608
88.774850097,0.201577863428808,-0.0287822315706575,-0.0498512232256044
88.784855901,0.201319596833963,-0.0224966532302555,0.0498384306221923
88.794856672,0.201127782448708,-0.0161826870439901,0.0501400618179237
88.804742121,0.200997784359215,-0.0102052841558939,0
88.814851756,0.200923726934767,-0.00453497884746197,0
88.824853844,0.200906578120824,0.0015314399199986,-0.0996064277926729
88.834872478,0.200954387467665,0.00833905475768359,-0.049861174799092
88.844851293,0.201073337943049,0.0150997448951532,0.0498972176617911
88.854855482,0.201256125730304,0.0203092212811824,0.0997082894588307
88.864851263,0.201479521759396,0.022892547180398,0.099718071816344
88.87485349,0.201713931071958,0.0228861968694027,-0.0501222591201035
88.884744249,0.201934796553312,0.0205292790177487,0
88.894852233,0.202124490847009,0.0165478817041264,0.0495430732147018
88.904869795,0.202267831707751,0.0113179336111636,0
88.914853744,0.20235086662063,0.00463833767680245,-0.0498399527815755
88.92487546,0.20236062473747,-0.00343146969853173,0.0498132931357384
88.934870415,0.202282180020628,-0.0129827463075641,0.0998122355337406
88.944854751,0.202101238671012,-0.0233515635684869,-0.0498576170043554
88.954869291,0.201815174996416,-0.0332641780358196,-0.100246315476354
88.964747529,0.201439521761993,-0.0406796187771685,-0.0997586127665252
88.974859172,0.201001994257935,-0.0450711193337888,0
88.984860481,0.200533008502246,-0.0469812886742961,-0.0498743887741759
88.994851024,0.200062751287989,-0.0455540477620534,-0.0996672613691329
89.004868684,0.199621553867151,-0.0413227433601343,-0.0498565278750078
89.014850038,0.199236337165011,-0.0347834328616088,0
89.024851628,0.19892647847615,-0.0271484213300272,0
89.034415575,0.198705163722987,-0.0173184836580509,-0.100211873400015
89.044751243,0.198581847318971,-0.00715011978370775,0
89.054868198,0.198558925018646,0.0022824661740364,0.049604690793605
89.06485209,0.198627726822318,0.0106475688444576,0.0498885154737069
89.074854389,0.198771729363257,0.0172729609562405,0
89.08485193,0.198973183277769,0.0221914299424432,0
89.094853003,0.199215527204784,0.0254778729297045,0.0996073720984324
89.104872163,0.199483256230166,0.0274697237374432,-7.4513058844038e-07
89.114851056,0.199764868195981,0.0287747077739426,0
89.124749847,0.200055230778489,0.0294118148930703,0.0498099959718914
89.134869052,0.200353633788863,0.0301661062699184,0
89.14485118,0.200661609725934,0.031347777246933,0
89.154868135,0.20098056058789,0.0323129590906959,0.0498550667743419
89.164851079,0.201307865644139,0.0327647937140426,0.0498868573347015
89.174855289,0.201635435565631,0.0321345749804821,0
89.184858127,0.201950783628233,0.0301375485959361,0.0997162069375552
89.194853671,0.202238137774996,0.0266815390843071,0.0500345399870753
89.204785691,0.202482481705954,0.0218672419694005,0
89.21485437,0.202675497899586,0.0166746394237798,0
89.224851848,0.20281707763855,0.0117750371133008,-0.0498037611706537
89.234874872,0.202911240053663,0.00716728483363695,0.0498422572495433
89.244856887,0.202960459451171,0.00268901197165515,0.0499054865420204
89.254854565,0.20296496568733,-0.00160866491413966,0
89.264854108,0.202928290623368,-0.00512837783134261,0
89.274852771,0.202862407331013,-0.00696397181826459,0
89.284755616,0.202789697082515,-0.00615190606670721,-0.101441025977402
89.294511264,0.202741470128664,-0.00204351486433866,-0.0992280012533545
89.304852541,0.20274862871755,0.00424675091611272,0.0490129320639073
89.314854495,0.20282786276355,0.0114362153511339,0.0997023245415387
89.324853857,0.202977368074632,0.0178760627124298,0.0498061519055403
89.334874036,0.20318573333394,0.0232341962392733,0
89.344854996,0.203442078463167,0.0276600739884998,0
89.354852994,0.203738352790433,0.0313160659122439,0
89.364756547,0.204065316746039,0.033397527586825,0
89.374855101,0.20440637371076,0.0332492636897748,0.099236642581592
89.384851722,0.204733466518506,0.0302807690275379,0.149554639664664
89.394856213,0.205012022763526,0.024078781959598,0.0498077537180004
89.40487032,0.205215489974885,0.016244989903556,-0.0498638856540722
89.414852276,0.205336858605072,0.00858597891593912,-0.0498949189183231
89.424853946,0.205387068966385,0.00244181503637868,0
89.434870342,0.20538573901963,-0.00169408089781593,-0.0500282558279105
89.444784311,0.205353305315752,-0.0039464802002459,0.0498994435121743
89.454852156,0.205306881186314,-0.00454580189221531,0.0496848656539715
89.464852422,0.205262079658795,-0.00338903707182166,-0.0498551767331193
89.474851712,0.20523910194961,6.95717921838647e-05,-0.0498449981585388
89.484856062,0.20526347134788,0.00602711324844028,0
89.494854257,0.205359659553582,0.0141306023693849,0.0498055543577131
89.504875544,0.205546358687663,0.0238645234306717,0
89.514851543,0.205836885253879,0.0348377192264102,0
89.524758763,0.206239044688502,0.045733842183066,0.0995677775001943
89.534879887,0.206752858377563,0.05641507715864,0.0992465943181069
89.544851923,0.207372601860263,0.0669477132778013,0
89.554879911,0.208091814249864,0.0764797768250885,0.0498572954066908
89.564850928,0.208902121299387,0.0849146427193049,0.0998709145064308
89.574847314,0.209787339141641,0.0909272500201238,0.0996895278615508
89.584854662,0.210721005822141,0.0939830151812074,0.0996720038310422
89.594854864,0.21166770901703,0.093467316500372,0.100005817226652
89.604795279,0.212584801782493,0.0878669102311152,0.149546796371242
89.614857025,0.213425237102046,0.0777802301277155,0.149120573265261
89.624854711,0.214145029019684,0.064305792462209,0
89.634871793,0.214712302619233,0.0482130729397022,0.0498403389897836
89.644859922,0.215109541716801,0.0309327725166383,0.0498512331951835
89.65487323,0.21533100251996,0.0135777082939459,-0.0498784879619837
89.664850131,0.215380962943338,-0.0029710227294005,0.0498932744349414
89.674857216,0.21527162964333,-0.0179599375930337,0
89.684766275,0.215023270240004,-0.0302669264809616,-0.099711450316562
89.694856552,0.21466631121095,-0.0391098537214437,-0.0991977832559302
89.704869322,0.214237043012479,-0.0448695718102802,0
89.714855428,0.213768970208143,-0.0474042099807187,-0.0498917132458318
89.724854232,0.213289674142393,-0.0473533155651563,-0.0996342887624955
89.734870402,0.212821194828293,-0.0455905237236263,0
89.744849643,0.212378072882834,-0.042727793916161,-0.0498494613655053
89.754872251,0.211966559946279,-0.0397008636613566,0
89.764767057,0.211587334345133,-0.0364151038281765,-0.0499005338753861
89.774853927,0.211238925140078,-0.0332624816950408,-0.0496357075798606
89.784855043,0.210919158078518,-0.0307090034302928,0
89.794857371,0.210624639309664,-0.0283211368183353,0
89.804871044,0.210352282175641,-0.0261567665533868,-0.0997299977950135
89.814853137,0.210101614726346,-0.0240647160214164,-0.0498891462221937
89.824857281,0.209871319057899,-0.0223545548759382,0.0497960724626075
89.834876431,0.209654002901826,-0.0218040835427192,-0.0500795520038532
89.844767529,0.209437194347151,-0.0223066405305578,0.0498771250442781
89.854867485,0.209208069646421,-0.0237835174402456,7.41888849191871e-07
89.864852965,0.20895949202975,-0.0256108916658355,-0.049892946532139
89.874851901,0.20869625093324,-0.0262223692804872,-0.0996997823643304
89.884854791,0.208434996762094,-0.0249897625105651,-0.0498537608548662
89.894852025,0.208196452584298,-0.0218596296202925,0
89.904866843,0.207997540717432,-0.0173381356122715,0
89.914853807,0.207849658975495,-0.0119279343366942,-0.0500960903011395
89.924770518,0.207760130988973,-0.00591364446147912,0
89.934867959,0.207731302396369,-1.77965640742611e-05,0.0496410778992154
89.944856631,0.207759773525176,0.00535296681579061,-0.0498542267263718
89.954868195,0.207838362995985,0.00977899208722752,0
89.964879963,0.207955581530364,0.0127233831835211,0.049866034864112
89.974863695,0.208092773404431,0.0138595456443437,0.101789513505255
89.984471153,0.208227106522396,0.0123397397151787,-0.0498774793328663
89.994854607,0.20833945605518,0.00929107283969253,-0.0491162069937705
90.004771609,0.208415719537771,0.00506023326038634,0.0498669551164694
90.014849738,0.208440636082112,-0.000898992419411343,0.0992288941065599
90.024868203,0.208397652852109,-0.00807559689793677,0
90.034850653,0.208279116754982,-0.0152644743803946,-0.14964767044886
90.044856881,0.20809253618888,-0.0213306295674883,-0.0498502287852224
90.054852493,0.207852464915274,-0.0262067280129252,0
90.064853941,0.207568478676402,-0.03048522780871,0
90.07486945,0.207242243421092,-0.0350200405388607,-0.0500541933719756
90.084774276,0.206870867737154,-0.0396479972455299,0
90.094854429,0.206449879028748,-0.0445189396571273,0
90.104848803,0.205977171080996,-0.0495611659860794,-0.0996405464855835
90.114868146,0.205457975878512,-0.0536327969102231,-0.0996846043612609
90.124853525,0.204904261888724,-0.056510631546566,-0.0498845818527175
90.134855913,0.204328454542137,-0.0581943981920835,0
90.144851052,0.203740517839629,-0.058764103157025,-0.0498101651741834
90.154873841,0.203152118956155,-0.0581931927158129,-0.100086053660333
90.164775832,0.202581031277269,-0.0551822114787559,-0.0997459286414405
90.174866264,0.202048892842196,-0.0500645811314603,7.42228119714778e-07
90.184852087,0.201575921980006,-0.0434581971265843,-0.0498758875687476
90.194857814,0.20118009612143,-0.034928786467588,-0.0997649528579363
90.204840847,0.200877738850214,-0.0250191465780168,0
90.214852068,0.200679856949886,-0.0144836617474909,-0.049822007214502
90.224854017,0.200587874865439,-0.00442793730323967,0
90.234870901,0.200591214812478,0.00395758762385634,0.0500499522626118
90.24477604,0.200666718017106,0.00958026445515028,0.0498671097421483
90.25486597,0.200782772861297,0.0119806738102333,0.0496586360814965
90.264855051,0.200907278098329,0.0116058735197555,0
90.274854191,0.201014753626108,0.00902260699118594,-0.0497995002113974
90.284877266,0.201087930675367,0.00491418134392421,0
90.294851801,0.201113025508093,-0.000612473430938316,0.0499381017723684
90.30484391,0.201075701636412,-0.00748310189011315,0
90.314856725,0.200963326623497,-0.0153213676553944,0
90.324806405,0.200769848911198,-0.0232618834785664,-0.0498708360123173
90.3348503,0.200498238411527,-0.03046553984721,-0.0497516847389692
90.344847863,0.200159275073903,-0.036509470909946,-0.0498475449045548
90.354852918,0.199767953411533,-0.0408999276886484,-0.0497732928711914
90.364880321,0.199339948990277,-0.0439415643861149,-0.0498576422482986
90.374851485,0.198889185092073,-0.0456258720296799,0
90.384878565,0.198427511668715,-0.0471211626006297,-0.05097785720036
90.394410885,0.197967523424302,-0.0453173902222548,-0.100053182964993
90.404809742,0.197524282743017,-0.0418021203278868,0
90.414852346,0.197113027011902,-0.0387296393779045,-0.0497358939968938
90.424857563,0.196747837865374,-0.0335327977296952,-0.0498482026421893
90.434854999,0.196442282094796,-0.0269575152381447,0
90.444842867,0.196209083728255,-0.0191237431849845,-0.0498611876327228
90.454852144,0.196059861829383,-0.0102722527905143,-0.0497840611122712
90.464870992,0.196003349765335,-0.000899547837885592,0.0498488956328407
90.47485422,0.196041869005164,0.00841768899514781,0
90.484809009,0.196171181791621,0.0174902082972148,0
90.494321581,0.196382357204051,0.0244750977418683,0.049744021249995
90.504853255,0.196661766671633,0.0296312948235294,0
90.51485253,0.196990715806877,0.0341633858422562,0.0498569812920718
90.524852386,0.197345004700496,0.0352642555394862,0.099689978749976
90.534856323,0.197696134674988,0.0336168912986483,0.0498574901720359
90.544851014,0.198017296404094,0.0296565637053085,0
90.554861077,0.198289406936398,0.0242315390583866,0
90.56481725,0.198501109031577,0.0182901357584804,0.051174313503572
90.574345098,0.198645772325609,0.0109716122243256,0
90.584862708,0.198721040023612,0.00416650324026228,0
90.594500097,0.19872974819425,-0.00200576785091532,0.0498729393748161
90.604855141,0.198680939844239,-0.00675852945285797,-0.0489997976755353
90.614848781,0.198592221014109,-0.00958525072687033,-0.0498681352557627
90.6248495,0.198489288900101,-0.00962660838707533,-0.0498385153475761
90.634855023,0.198399628757078,-0.00729424831870929,-0.0500092436302646
90.644787442,0.198343856600189,-0.0034389078255089,0.0996459707752436
90.654867501,0.198330807689876,0.000932236316210505,0.0496539990896539
90.664868028,0.198362576451709,0.00574058538393118,-0.102329793387552
90.674355108,0.198442677961788,0.0105802103430444,0
90.684852934,0.198574020960875,0.0152031613667311,0.0490205586827434
90.694695174,0.198751911267396,0.019379922711029,0
90.704905679,0.198962641609119,0.0215002759317493,0.0986654875570097
90.714906676,0.199186464137391,0.0221243493916979,0.0499944468558223
90.724849522,0.199403886159864,0.0208355995462599,0
90.734898426,0.19960300423462,0.0188938912073862,0.0497002026458215
90.74491174,0.199782939524135,0.017464631208649,-0.0997160096633296
90.754896997,0.199952271901835,0.0168889058274941,0
90.764939707,0.200121189972714,0.0175119267324351,0.102237431329824
90.774402355,0.200293848302021,0.0174648788463258,0
90.784913101,0.200470022879074,0.0173222345203808,0
90.794926346,0.200649369687417,0.0181358933251232,0.0500043129005264
90.804853307,0.200831656327971,0.0183896833851953,0
90.814913406,0.201016925392618,0.0186520164557672,0
90.82490135,0.201205592755913,0.0189571879992821,0
90.834901472,0.201395842917522,0.0186924520761284,0
90.844912922,0.201579658106491,0.0173524480161102,0.149588182949723
90.854898099,0.201742833348037,0.0147297562306101,0.0498253429775643
90.864924154,0.201874418675725,0.0119531522916728,-0.101983942749299
90.874451939,0.201976563375444,0.00965065775904555,0
90.884331288,0.202061710284043,0.00823972506428594,0.0487667709008534
90.894897857,0.202145032118451,0.00878576884296279,-0.0484627574896938
90.904905466,0.202242470256085,0.011181928220392,0
90.91490978,0.202368804004989,0.0145853302181181,0.04986452903318
90.924901271,0.202534115674987,0.0188053618871143,0.0498475572019335
90.934912692,0.202744966003945,0.023792290376898,0.049845090229149
90.944905173,0.203010054320042,0.0299445979448393,-0.0498783750567098
90.954903245,0.203343575076225,0.0375699786829063,-0.0499873639999764
90.96485214,0.203759461445021,0.0463819976300342,0.100904475220142
90.974666418,0.204260230519473,0.0535578164995848,0.0994482551359372
90.984904705,0.204833433041637,0.0591179610144049,0.0492533709112157
90.99491034,0.205457009911048,0.0634665928122019,0.0995691861187148
91.004932616,0.206104536313953,0.0645716962441619,0.0498662422979528
91.014905458,0.20674812859691,0.0628662428723292,0.0499469396390775
91.024895727,0.207359542098566,0.0581202875090081,0.0997514688565394
91.03489692,0.207910038116075,0.050667832058423,0
91.044857003,0.208370936678606,0.0401003844516779,0.0498059225628298
91.054916254,0.208712821105942,0.0266626058459825,0.0994957264699716
91.064899701,0.20890532723547,0.0105592335478381,0.0499950260568396
91.074860164,0.208923413509489,-0.00743217797612139,7.45310449361589e-07
91.084892928,0.208756734014089,-0.0253813877774651,-0.0497415322186175
91.094905413,0.208414637271524,-0.0415408034395332,-0.0498373196250959
91.10489965,0.207925638708018,-0.0540225623578055,-0.0996742431712398
91.114912364,0.207333810513537,-0.0617637062627803,-0.0999099995164813
91.12485954,0.20669284192502,-0.0637546670585635,-0.0996699140181217
91.134920184,0.20605821861087,-0.0604666029185093,-0.0497271116594398
91.144910602,0.205480422320972,-0.0528628464649834,-0.0499032296196809
91.154900482,0.205002003185371,-0.0411257885951196,-0.0498287121165875
91.16492078,0.204657487970793,-0.0264431652431038,-0.049802977577032
91.174921299,0.204472589413138,-0.00984635051485918,-0.0498841543716612
91.184909017,0.204460676783117,0.00724154202192649,0
91.194907341,0.204617319176133,0.0228624428323788,0.0499964374146699
91.204852364,0.204916630413791,0.0348779828979677,0.149575623958068
91.214905647,0.205314819750789,0.0421876256062222,0.0994261226708034
91.224909093,0.205762776187728,0.0453085852214955,0
91.234867294,0.20621925373505,0.044732142096142,0.049989238568209
91.244855312,0.206655013290317,0.0415403649142372,0
91.254867453,0.207050067638253,0.0367190516534937,0.0498171980400053
91.264870414,0.207389948854505,0.0310612293568983,0.0504390836981438
91.27463578,0.207664096177202,0.0239152663703699,0
91.284804899,0.207866687373236,0.0164777079204646,0.0492803125149807
91.294868937,0.207997492228557,0.0097843510198503,0
91.304854762,0.208062862270728,0.00390443116411095,-0.0498852799467102
91.314856723,0.208075533163117,-0.000619528913998661,0
91.324854902,0.208050471605714,-0.00374964583631115,0
91.334868735,0.208000495205645,-0.00582179747024035,-0.0498528358486729
91.344855696,0.207934031033802,-0.00735160899551175,0.0498495608625359
91.354870843,0.207853447528543,-0.00888787181308995,0
91.364837526,0.207756435090171,-0.0106499553171083,0
91.374878143,0.207640370677527,-0.0124596005780565,0.0498128551477325
91.384854373,0.207507033171719,-0.0136498787854058,-0.0499100304729843
91.394856017,0.207367675119037,-0.0131858378174774,-0.0996232466952767
91.404871715,0.20724308774657,-0.0105958231778053,0
91.414853563,0.207155784657631,-0.00600069524652178,0
91.424855208,0.207123172895116,3.97027759793276e-05,0
91.434868419,0.207156579302975,0.00701545582579722,0.0499772016765638
91.444806231,0.207263138415652,0.0146154854709944,0
91.454873577,0.207448964399069,0.0228105807900854,0
91.464869213,0.207720786687453,0.0317229295018921,0
91.474868653,0.208083266785402,0.0407178314373021,0.0498931129597466
91.484853861,0.208534518216051,0.0490568524309034,0.0498889615059615
91.494854964,0.209063732294767,0.0559006008470502,0.0997293323795676
91.504849611,0.209652292655438,0.0607481932050548,0.0997164213452067
91.514853303,0.210278595256119,0.0636560667639159,0.0498992328083237
91.524831808,0.21092428072176,0.0648480488427093,0.049799443005548
91.534875541,0.211576998323884,0.0651507687824472,0.0497987833389363
91.544854012,0.212228742705079,0.0648017823043843,0.0498677686242675
91.554870047,0.212872677948979,0.06350624757324,0.0498108465860926
91.564871367,0.21349996980747,0.0612758961527559,0.0997148828046529
91.574868844,0.214098122157131,0.0576784027562697,0.0499066330633477
91.584850601,0.214652340112884,0.0525774559868474,0.0997859130370249
91.594853256,0.215148851699484,0.04636596121404,0.0498815846302653
91.604839569,0.215579147827881,0.0396161121563421,-0.0498377655231896
91.614859799,0.215941433150833,0.0327927057245179,0.049816344030887
91.624854715,0.216235498620692,0.0258034287909483,0.0498351475426986
91.634867393,0.21645769767789,0.0182905558448282,0
91.644857211,0.216601355390816,0.0100521976994968,0.0498578164467741
91.654866189,0.216658729529034,0.00109788263565478,0
91.664869081,0.216623326075396,-0.00836629035237977,-0.0498508543558627
91.674867778,0.216491390427951,-0.0182161246650625,0
91.684811092,0.216260059916948,-0.0283450636541507,-0.0498905856740289
91.694852841,0.215924912545084,-0.0389056007518093,0
91.704870557,0.215479634380363,-0.0503561844684239,-0.0498604442504538
91.714850583,0.21491790255998,-0.0622655770742039,-0.0997593064447125
91.724860299,0.214234961559169,-0.0744316172160237,0
91.734871788,0.213427691893216,-0.086918928564405,-0.0997457210492179
91.744852913,0.212497224971087,-0.0987529131641996,-0.0997185177633031
91.754869856,0.211452824420561,-0.109186803398156,-0.0498733484910599
91.764845182,0.210314333026301,-0.116857790137347,-0.149558527970205
91.774870448,0.209115599438002,-0.120425245872209,-0.199305789950903
91.784856419,0.20790447489037,-0.119151006741564,-0.149697559518464
91.794852564,0.206734710199776,-0.112354071225773,-0.149431485082057
91.804874015,0.205655416483617,-0.101533365418572,-0.0996890544269124
91.814856393,0.204703654120148,-0.0877622556745651,-0.0499018450000438
91.824855166,0.203901825600882,-0.0721754864536795,-0.0996386424616827
91.834870642,0.203259115962568,-0.0564933633159355,0
91.844821578,0.202773855833651,-0.0411264714604317,-0.0498534121336287
91.854870607,0.202436587972786,-0.0269961822678531,-0.0497242275589857
91.864873803,0.202232522312675,-0.0147823515039617,0
91.874872188,0.202140917571809,-0.0049125533751116,0
91.884858876,0.202134344574857,0.00200241892045675,0.0499192820022481
91.894846061,0.202180913633019,0.00571933166174267,0
91.904854224,0.202248704601761,0.00647179745919907,0.0498380021762896
91.914852509,0.202310391312353,0.00487664839465189,-0.0499497912306305
91.924815897,0.202346050662351,0.00151775748566804,-0.0498470365313584
91.934855331,0.202340750745178,-0.00335897118766124,0.0497146328317617
91.944871992,0.202278682817109,-0.00993369754029633,0
91.954850719,0.202142122608585,-0.0182375842911592,-0.0498974657741849
91.964854598,0.201914248355827,-0.0280942875941795,0
91.974874424,0.201579570881614,-0.0394679568878408,0
91.984852733,0.20112496282581,-0.0518077612156509,-0.0498937454546158
91.99485852,0.200544239607936,-0.0640607759817923,0
92.004850577,0.199843885421207,-0.0748660396332883,-0.149607639724485
92.014852646,0.199047358578387,-0.0825653698279289,-0.149557854979775
92.024851259,0.198192521715066,-0.086189147412501,-0.0498387544989429
92.034858792,0.197323045911637,-0.085391684803473,-0.149355259760154
92.044879171,0.19648230456629,-0.0807280207310536,-0.0997343620971962
92.054853683,0.195708897936473,-0.0725662375698979,0
92.064852181,0.195032938377644,-0.0615021945385957,-0.0498562985247427
92.074852789,0.194478909028663,-0.0495702727341015,-0.102707216732576
92.084268321,0.194070475022401,-0.0324871225158675,-0.0994465896020742
92.09490554,0.193827452850146,-0.0151838078506326,0
92.104906734,0.193757105325067,0.00112602847563586,0.0498423171298151
92.114910256,0.193849978730009,0.0163503314557122,0.0498526065357676
92.12490762,0.194084126440575,0.0291359255664,0.0498629202239315
92.134907005,0.194432602520443,0.0392522950530504,0.0498435280420237
92.14491185,0.194869338378844,0.0470138208532368,0.0498692775844177
92.154900906,0.195372592200214,0.0528159374290599,-0.0499395014533349
92.164877636,0.195923850082942,0.0563590753132394,0.0498434233929428
92.174905178,0.196500014472449,0.0571003409506407,0.149379196084615
92.184902239,0.197067261741643,0.0543244667220778,0.0997231852592144
92.19490231,0.19758634800432,0.0477162180274611,0
92.204913317,0.198022114702456,0.0379754554706812,0.0498406354049322
92.214907701,0.198346061839414,0.0257474135870541,0.0997864173515547
92.224897628,0.198536659023025,0.0118536480668818,-0.0498258334865343
92.234918736,0.198583265605758,-0.00252673989661844,-0.0498947749744524
92.244881013,0.198486166206876,-0.0166562547808143,0
92.254908538,0.198250310370628,-0.0300980805725462,0.0497842201980393
92.264909074,0.197883360013186,-0.0424304814876269,-0.0498673716104079
92.274903502,0.19740191442078,-0.0524148007892925,-0.149574738576394
92.284907598,0.196835141361646,-0.0591368882717079,-0.049840423583936
92.294909277,0.196218835139816,-0.0638890350584134,-0.0511023574542338
92.304419054,0.195588573265222,-0.0620316713555798,-0.0996820431374918
92.314914513,0.194977876914873,-0.0573103668104726,-0.0487617005794646
92.324867098,0.194416688363025,-0.0523683038684724,0
92.334909174,0.193930790431878,-0.0434971823679524,-0.0497832789236084
92.344895837,0.193545494650142,-0.0321549733085929,-0.0997168024686044
92.354907586,0.193287742027804,-0.0182174445269422,-0.0498050518161915
92.364915521,0.193180787167425,-0.00257625238542559,0
92.374904858,0.193236224008112,0.0135091476270198,0.0498756162143905
92.384906881,0.19345085340093,0.0286707684502944,0.0498663345731772
92.394899939,0.193809498345608,0.0422651536263534,0.100300694155216
92.404788874,0.194291168889473,0.0533065575812281,0.0498283088373499
92.414910578,0.194876196625699,0.0624576428116713,-0.0495448678596281
92.424913691,0.195548117521309,0.0704859416045592,0.0996494862088696
92.43492235,0.196286745218294,0.0757851860086647,0.149604552448447
92.44490813,0.197063399800063,0.078051220050803,0.099778715088206
92.454908353,0.197846677136383,0.0773505347443042,0.0498647634467395
92.464903841,0.198610078738505,0.0743980262251158,0.0997397045230951
92.474902173,0.199334177881084,0.0701705704777474,0.100113845459283
92.484822941,0.200007813348909,0.0649595547239695,0
92.494850726,0.200630027001351,0.0598333425639117,0
92.504854541,0.201206370933812,0.0554703187931401,0.099570990813645
92.514878274,0.201740961473556,0.0514677234568233,0.149507360590586
92.524861978,0.202236108168408,0.0479772098568317,-0.0499097767455138
92.534855951,0.202699434675437,0.045341244967192,-0.0498757728059911
92.544853574,0.203142552019929,0.043482353860633,0.0996244233682867
92.554872907,0.203569819039442,0.0415811983480577,0.0997071473045234
92.564854072,0.203974196694327,0.0387247665007302,0.0498685014164802
92.574867418,0.204344101809213,0.0348297562643983,0.0498539876891151
92.584854105,0.204670792968997,0.0304421778308348,0.0498904425753398
92.594852837,0.204952501488435,0.0262162671467465,-0.0498226791692135
92.604866706,0.205195448663114,0.0228369375276688,0
92.614848453,0.205409140121854,0.0202277471370048,0.0498780238691444
92.624857101,0.205599809318343,0.0180157337360371,0.0498082687546478
92.634866844,0.205769786123934,0.016164428877701,0.0499208590655648
92.644830343,0.205922665368109,0.0148874485937653,-0.0498462714990179
92.654869973,0.206067581678636,0.0146975200904805,0
92.664869931,0.206217197615344,0.0157159428847876,0
92.674867971,0.206381869073014,0.0174043832621154,0
92.684856621,0.206565053628245,0.0189792983553329,0.0498995184295628
92.694849755,0.206761109313222,0.019573441287117,0.0498256072352885
92.704868345,0.206956751933013,0.0187561587176163,0.049849182048682
92.714852015,0.207136274876493,0.0164673307755474,-0.0499478103369014
92.724831108,0.207285485354528,0.0127102839930725,0.0498130467665417
92.734868785,0.207390693707817,0.00763446196524518,0.0498013656905237
92.744852573,0.207438338467559,0.00143994321343967,0
92.754870155,0.207419494544808,-0.0052012191870377,0
92.764868387,0.207334231831738,-0.0113760094143481,-0.0498632817915006
92.774866759,0.207192012989449,-0.0163182109985385,-0.0498941240919246
92.78485263,0.207008124737818,-0.019684222376989,0
92.794852146,0.206798616187451,-0.021393047250767,0.0498315760507659
92.804861957,0.206580064259851,-0.0212205356822217,-0.0996205812712153
92.814869874,0.20637382927615,-0.018752370912273,-0.0498764339465434
92.824853288,0.206205179405909,-0.0139251782008079,-0.0498895014721454
92.83485567,0.206095523505365,-0.00749253403387213,0
92.844869421,0.20605520784818,-0.000621650632790843,0.099703433894306
92.854856614,0.206083089905871,0.00587819792170423,-0.0498952260253728
92.864852924,0.206172674833983,0.01161736014883,0
92.874866186,0.206315548310219,0.0163559782596974,0.0498881560308119
92.884839259,0.206499570894734,0.0196620396861062,0
92.89485762,0.206708620678909,0.0211299694261799,0
92.904870279,0.206922825734909,0.020482363257099,0.0997001335747724
92.914859525,0.207118306962953,0.0174810687918405,0.049900623778849
92.924851919,0.207272126158323,0.0125882916252938,0
92.934874082,0.20737025604322,0.0068796007116891,-0.0498442430423028
92.944856161,0.207409747355823,0.00112397081206666,-0.0498651196332084
92.954869949,0.20739273081409,-0.00447348490458335,0.0997206391710738
92.964853953,0.207320287535186,-0.00986607433541998,0
92.974867508,0.207195433410469,-0.0145159350639274,-0.0498414799183117
92.984859304,0.207029891159139,-0.0175841302641982,-0.0498860436695926
92.994854988,0.206843970958496,-0.018454651176997,-0.0498322434915521
93.004868363,0.206660630954914,-0.0172025695509074,0
93.014853757,0.206499940743841,-0.0141657638340317,0
93.024857136,0.206377474717264,-0.00967006580062952,0
93.034885981,0.206306227819628,-0.00392091901225305,0
93.044854124,0.206299068146827,0.00313041048693704,-0.0498909743018887
93.054871187,0.206368789718074,0.0112472265848183,0
93.064868536,0.206524174773553,0.0198548951038377,0.0498662672371584
93.074866295,0.206765790490004,0.0280373527176959,0
93.084883189,0.207085332659236,0.0350290919585869,0.0498902021266309
93.094852109,0.207465875406477,0.0399518761259667,0.0998558689325029
93.104853899,0.207883199991304,0.042229630027578,0.0498119315447111
93.114869028,0.208311182490139,0.042189111171143,-7.45551567838321e-07
93.12484066,0.208726423673084,0.0398458367262571,0.0499008120388308
93.134850294,0.209107352752759,0.0353084713324601,0.0995695572729461
93.144868646,0.209433581242612,0.0291940197746569,0.0498540721805767
93.154850592,0.20969124184807,0.0222436369166478,-0.0498948131832701
93.164852613,0.209878097348714,0.0154609554796019,0
93.174869348,0.210000750943343,0.00956006537025107,0.0498527211919389
93.184853453,0.210069306686574,0.00483102404618392,0
93.194855514,0.21009730459188,0.00167359749390803,-0.0498765842383202
93.204844425,0.210102763527214,0.000306770311011299,-0.0498155600295201
93.214870975,0.210103444741076,0.000359620004693489,0.0498336257032649
93.22485263,0.21010995887799,0.00104475197398387,0
93.234853407,0.210124321426353,0.00162194417796414,0
93.244872215,0.210142429527326,0.00160572420732452,0.0498516072788197
93.254854395,0.210156437496955,0.000799873281994734,0
93.264851791,0.210158410656354,-0.000618034277531552,0
93.274870568,0.210144066815936,-0.00221623611475306,0
93.28484645,0.210114097770976,-0.00354810260859788,-0.0498840402796091
93.294858552,0.210073147397765,-0.00438145308427031,0
93.304852426,0.210026442525727,-0.00482176716764542,0
93.314871445,0.209976649887368,-0.00514542945565828,0
93.324855576,0.209923517728511,-0.0055480738557392,0.0501074306551877
93.334770318,0.209866249470318,-0.00580889985534079,-0.0498248949809567
93.344867287,0.209807271703378,-0.00568401948464684,-0.0496499589668725
93.354852538,0.209752101740543,-0.00517085455100414,0
93.364849446,0.209703946865574,-0.00462317469855982,0
93.37486829,0.209659565422324,-0.00481217434711193,-0.049843839500111
93.384853551,0.209607683624656,-0.00661177322141913,0.049887095205204
93.39485505,0.209527417497773,-0.0108358914122593,0.0498409841977965
93.404858802,0.209390908897145,-0.0177639263866505,0
93.414868089,0.209171907346204,-0.0268398946885961,0
93.424855248,0.208854206392359,-0.0368689344169225,-0.0997893384810887
93.434851815,0.208435128662904,-0.0465376761894143,-0.0498323704425014
93.444863957,0.207923047571949,-0.0551246400514412,-0.0498704868067339
93.45484553,0.207332982320238,-0.0619879253529333,-0.0997740441353551
93.464851045,0.206684089452982,-0.0667008820120271,-0.0497979706227782
93.47486836,0.205997441898861,-0.0693835782120049,0
93.484852026,0.205296349823452,-0.0693593462656818,-0.0997912460461266
93.494851704,0.204611410222819,-0.0657220088114648,-0.149554026527248
93.50485322,0.203981831175144,-0.0581725113573619,-0.099635789928547
93.514866526,0.203447097762708,-0.0472872215632904,-0.0498572059664596
93.524851962,0.203036146231203,-0.0342585529500683,7.4573812586193e-07
93.534848287,0.202762551545454,-0.0204609167258744,-7.44253028689489e-07
93.544873595,0.202626485265674,-0.00716663697543198,-7.44866656490868e-07
93.554853426,0.202619181976598,0.00497475501355472,0
93.564859354,0.202725909520459,0.0153378149302039,0
93.574875651,0.202926279158139,0.0233903693942041,0.0498756006628466
93.584851019,0.203193521949614,0.0285093662075951,0.0499126238071493
93.594852487,0.203495806091332,0.0302275170189744,0
93.604876067,0.20379882942884,0.0285714148815379,0.0996282309201268
93.614868678,0.204067696988741,0.0236568259292047,0.0499118767593777
93.624853202,0.204271425034099,0.0160999148664322,0
93.634853075,0.204389444079098,0.0071289518339392,0
93.64486632,0.204414097588368,-0.00206064244453887,-0.0498489479687814
93.65485513,0.204348226995587,-0.0106794584627247,0
93.664851524,0.204200666432381,-0.0182139115338775,0
93.674874906,0.203983588566595,-0.0243814174353111,-0.0498366869113913
93.684858799,0.203712860708863,-0.0288500002870941,-0.0499073649661776
93.694853847,0.203407196113009,-0.0313608154102315,0
93.70485467,0.203085773889465,-0.0319384171412473,-0.0498137581644342
93.714870032,0.202767910846903,-0.0305830461033203,-0.0497688159664432
93.72488893,0.202473065192239,-0.027514266623557,-0.0498995983417094
93.734851784,0.202218127594769,-0.0230312238551159,-0.0499075883505989
93.744867483,0.202012934665795,-0.0180164150864631,0.0498332720321141
93.754860131,0.201857648910023,-0.013300098955768,0.0498848089674507
93.764855159,0.201747096597099,-0.0089088629103828,-0.0498279800178728
93.774870603,0.201679378358203,-0.00444365302451956,-0.0498561938220645
93.784854307,0.201658227322601,0.000422084195825964,0
93.794851748,0.201687812083722,0.00548259163081139,0
93.804852302,0.201767868162621,0.0101891415968557,0
93.814867673,0.201891757177739,0.0138361818355483,0.0495720629195417
93.824965778,0.202046161873902,0.0160602959676855,0.0497116466970417
93.834924673,0.202213878533963,0.0166781753071336,0
93.844900758,0.202378640965086,0.015675776670884,0
93.854900631,0.202527017190358,0.0134439679620901,0.0498209965137899
93.864914334,0.202647702839637,0.0102687689071441,0
93.874906866,0.202732456594275,0.00643264831740586,-0.049887738419216
93.884901135,0.20277627090146,0.00209306676443842,0.0498588760117022
93.894905237,0.202774314519958,-0.00269317022239462,0.0498247084262076
93.90491322,0.20272237495005,-0.00754815824063121,0
93.914881017,0.202623534171538,-0.0115275537328834,-0.0997282999722087
93.924909177,0.202491870481292,-0.0138346513037114,-0.0497913030315808
93.934906229,0.202346492346235,-0.0144236683401169,0.0498852332534312
93.944896683,0.202203577323802,-0.0135605624065766,-0.0498615417002222
93.954903232,0.202075321739109,-0.0116855943161319,-0.0499251783797525
93.964868197,0.201970198313319,-0.00923963508822035,0.0497943068211708
93.974927236,0.201890307249144,-0.00681632022882288,0.0497465502418286
93.984911424,0.201833577259668,-0.00448464787233764,-0.049928973394084
93.994897232,0.201800748849072,-0.00185086349139634,-0.049862509177886
94.004908039,0.201796566255013,0.00108817522250833,-0.0498513179363101
94.014898635,0.201822513880232,0.0036197588667764,0.0498403713221422
94.024913536,0.201868981330163,0.00467833541765647,0.0996510846678632
94.034910086,0.201916134160204,0.00373812365591292,-7.45650581212326e-07
94.044897643,0.201943684393282,0.00115975625707176,0
94.054913612,0.201939333374646,-0.00220259334871676,-0.0498591929802777
94.064895588,0.201899637052637,-0.00572533629419507,-0.049869736525915
94.074907329,0.20182486262105,-0.00938141100342032,0
94.084905317,0.201711917560821,-0.0136397504931821,0.0498435255503653
94.09491156,0.201552009901402,-0.018736804766084,0.0498410639225383
94.104910536,0.201337083678115,-0.0240940537601604,-0.0498271531779378
94.114922065,0.201069875718164,-0.0284968312561781,-0.099702402023222
94.124911687,0.200767114253139,-0.0308605125914175,-0.0498925038036325
94.134906957,0.20045313170696,-0.0307312862844514,0
94.144900544,0.200152830966173,-0.0281379794837324,-0.0498355585464369
94.154914685,0.19989015466698,-0.023241409980353,-0.0498109265987939
94.164918166,0.199687593206439,-0.0163332440149132,0
94.174908278,0.199563594433776,-0.00781548591117119,0
94.184905733,0.199531380658152,0.00175947925250732,-0.0498380196140026
94.194914719,0.199598795351632,0.0116781364262494,0
94.204906099,0.199764947660875,0.0209444409650097,0.0997579459122174
94.214904883,0.200017478161411,0.028607666426124,0.0498563505818424
94.224905483,0.200337083367075,0.0343386475692414,0
94.234904581,0.200704240742524,0.0380637078989847,0
94.244928816,0.201099245665551,0.0396595191780586,0.0498636383770484
94.254901042,0.201497290771047,0.0383595370140966,0.0499062159133292
94.264908217,0.20186564623773,0.0333984599373804,0.0995782351097604
94.274927133,0.202166131369013,0.0248908669278063,0.0996921442918726
94.284911426,0.202363543451078,0.0135556909705631,0
94.29489491,0.202436808383394,0.00103552407920809,-0.0498536711188085
94.304911586,0.202384254098346,-0.0108661347311618,-0.0498442531225338
94.314898849,0.202219442887066,-0.0210020471523952,0
94.324910699,0.201964231784114,-0.0286800648878631,-0.0498189550577251
94.334912946,0.201645437286434,-0.0335635737520262,-0.0498837333102041
94.344898806,0.201293359480656,-0.0353360192717387,-0.0498732506533749
94.354905553,0.20093897814019,-0.0340542772598336,0
94.364911387,0.200611845498597,-0.0299264351521658,-0.0498739192109723
94.374897892,0.200340678703566,-0.0229917057253666,-0.0997216564442898
94.384908975,0.200152066840084,-0.0138340640921312,0
94.394893155,0.200064062953685,-0.00356499281137592,0
94.404911965,0.200080756324528,0.00642230254814177,0.0497527745533039
94.414934174,0.200192772441076,0.0150672112762128,0.049823336622161
94.424924601,0.200382290939334,0.0218282710245799,0
94.434908288,0.200628772814944,0.0265095430191491,0.0499228423674098
94.444897348,0.200911759335141,0.0292665719879334,0.0997628398615403
94.454897322,0.201213783317474,0.0307322216830837,-7.45025604112586e-07
94.464898219,0.201526430536568,0.0319113219963053,-0.0498588264802238
94.474895414,0.201851948870598,0.0334907277053482,0.049826749941204
94.484909185,0.202196612349995,0.0356377003513239,0.049827118459817
94.494906232,0.202565088406267,0.0382311698329178,0.0498697360312754
94.504903201,0.202961006971333,0.0411738081904583,0.0497878055986972
94.51493315,0.203389672886645,0.0448677222563452,0
94.524914365,0.203858862319711,0.0493420980891817,0
94.534901367,0.204374946608525,0.0538821356044037,0.0498995924055128
94.544896418,0.204935538009111,0.0575279663820428,0.0997362575703746
94.554895878,0.205525190165158,0.0590900978194363,0.0996353712030064
94.564911025,0.206118203094559,0.0580519937234604,0.0997120009544915
94.574895253,0.206686193757131,0.0543457649409109,0.0498316383112572
94.584920327,0.207205623917683,0.0486707515455589,0
94.594914267,0.207660534213712,0.0417358420419152,0.0498969829465454
94.604903425,0.208039635339319,0.0336479254116129,0.0498619502513118
94.614911405,0.208333396421582,0.0247370603791681,0
94.62488966,0.208534036041266,0.0152072525980662,0.0997875108825488
94.634895497,0.208637299556569,0.00566053936528684,0
94.644931988,0.208647486427882,-0.00283862911133855,-0.0996478529453558
94.654907597,0.20858049262693,-0.00948290199099217,0
94.664897511,0.208458155330074,-0.0145098268332809,0
94.674133288,0.20830153117977,-0.0164317393528238,-0.0498224503425306
94.684910503,0.20812930706186,-0.01718849015409,0
94.694179851,0.207956961029021,-0.0166334061004134,0
94.704931657,0.207796287076779,-0.0145050872590084,-0.0481006098165469
94.714909241,0.207656279418245,-0.0127118133053404,0
94.724897772,0.207542481550466,-0.010007328549402,0
94.734929037,0.207455934742181,-0.00741212310053869,0
94.744895524,0.207394255750908,-0.00512715540124067,0
94.754909386,0.207353492387887,-0.0032362536718055,0
94.764914351,0.207329469748524,-0.00180617264333198,-0.04986801008172
94.774904094,0.207317378493286,-0.000988749032676108,0.0498625287394393
94.784911257,0.20730969782706,-0.00100897567437909,0.0515134103075909
94.794260147,0.207297848706657,-0.00159870884935167,-0.0498473329215897
94.804914259,0.207277718850749,-0.00225508401555168,0
94.814913002,0.207251274783471,-0.00268969357467897,0
94.824763366,0.207224330835188,-0.00236452629295879,-0.05030878640209
94.834732528,0.20720441099313,-0.00135323095834692,0
94.844749277,0.207197285281692,1.41230871133509e-05,0.0497408810311962
94.854778339,0.207204694101865,0.00149129210728599,0
94.864752852,0.207227116455207,0.00314568417421773,0
94.87476381,0.207267562081704,0.00515444556727428,-0.0494423226525657
94.88491971,0.207331065427031,0.00772993600682127,0
94.894461393,0.207419823137783,0.00997801080286939,0.099767520116054
94.904908105,0.207530509848273,0.0116919533761673,0
94.914920156,0.207659026040913,0.0137818326258496,0
94.924905332,0.207806108283768,0.015996266447587,0.0499162894124566
94.934895525,0.207978557365826,0.0191884294390136,0
94.944912252,0.20819000965648,0.0240608193098565,-0.0498539874300715
94.954895857,0.208459781740215,0.030778927556009,0
94.964911279,0.208805558259704,0.0387924369411418,0.0996381120034985
94.974910063,0.209236181564397,0.0473155920580126,0.0498391630545278
94.984917261,0.209752153142736,0.0565016605445697,0.0505934348155534
94.994617786,0.21034970063945,0.0634524167803642,0
95.004905404,0.211020449123037,0.0687894188762608,0.0491414070859685
95.014908135,0.211745461955956,0.073484660987193,0.149528481111296
95.024910015,0.212490481180553,0.0732360666371566,0.0997609483543878
95.034897548,0.213209407938462,0.0680391608176704,0.0498476819677779
95.044912578,0.213851438781275,0.0578311401268975,0.149545256221656
95.054899915,0.214366167627308,0.0430166541384468,0.099725588990555
95.064909228,0.214711627758253,0.0248607464917745,-0.0498303780949235
95.074909424,0.214863618957982,0.00524621036950646,0
95.084911728,0.214816565081169,-0.0143094486246218,-0.04990511539547
95.094888967,0.21457772271388,-0.0326905500152443,0
95.104909473,0.214162827798054,-0.0490533777559166,-0.0498067639307536
95.114908262,0.213595708673838,-0.0627599823575393,-0.14955757083011
95.124910193,0.212907582963716,-0.0732470273943155,-0.0498819864018797
95.134897069,0.212131587979929,-0.0804186921768084,-0.0498330927078419
95.144918612,0.211298532075211,-0.0847095878870621,-0.149542534869581
95.1548998,0.210437164880304,-0.0863713407017072,-0.0997445087057084
95.164911469,0.209571722211663,-0.085858547701172,-0.0497812350232157
95.174929062,0.208717481533457,-0.0845606681547678,-0.0498912788639804
95.184896553,0.207881770155494,-0.0824673038535195,-0.0499140380123502
95.194905332,0.207070092405507,-0.0794851318955047,-0.149422585271203
95.204915441,0.206290566202413,-0.0759285334626075,-0.0996899887171208
95.214909123,0.205551233891185,-0.0717798686203058,0
95.224909769,0.204855375965421,-0.0673964081355709,-0.049877275350547
95.234899818,0.204203932852051,-0.0627667855177531,-0.0997840522810685
95.244894703,0.203600985899457,-0.0574987887388628,-0.0498702049515048
95.254893646,0.203054311959798,-0.0534213800967564,-0.051844142137449
95.264127277,0.202573555253564,-0.0441236850665004,-0.0497413500127419
95.274939268,0.202169825247708,-0.0346297814870698,-0.0959570308279672
95.284909108,0.201853884987133,-0.0270166893499889,-0.0499082678316327
95.294917549,0.201630078236184,-0.0181400753500163,0.0498568619324617
95.304907988,0.201491103797017,-0.0104347480794693,0.049883888042299
95.314905594,0.201421508022008,-0.00417850613552988,0
95.324945461,0.201407377093146,0.000954199285375952,-0.0997086533959385
95.334905491,0.201440591909433,0.00533997384606601,0.0499642686408951
95.34490135,0.201513941018481,0.00886364672810789,0.049856584915012
95.354904781,0.201617858550806,0.01138524360232,-0.0997238264543079
95.364898204,0.201741610072551,0.0126032479653938,0.0498606041803696
95.37490216,0.201869890477001,0.0119973783215528,0.14948260800087
95.384908954,0.201981686610799,0.00954563532819292,0
95.394919216,0.202060965993921,0.00623355451898894,-0.0498597290274451
95.404906684,0.20210634355101,0.00335918213409379,-0.0498896911877222
95.414904936,0.202128101667482,0.00157757721699555,-0.0498523724749187
95.424907365,0.20213789616968,0.000608489886718532,0.0498788828297093
95.434894688,0.202140265229412,-0.000276236823247105,0.0498778922459532
95.444897514,0.202132374154424,-0.00148272749649205,0
95.4549121,0.202110584862231,-0.00275489528138227,0.0498318873548858
95.464906716,0.20207725089825,-0.00327489300939525,-0.0498694771231566
95.474905921,0.202045107237607,-0.00210285456302114,-0.0997348259826926
95.484901514,0.202035204746039,0.00115155406046081,0.0498466801778546
95.494908886,0.202068141733174,0.00617379062589313,0
95.504918225,0.202158783728772,0.0124286549662766,0
95.514909916,0.202316727634014,0.0194172119862271,0.0498808909032163
95.524907471,0.202546919155799,0.0266872899125947,7.45420324255452e-07
95.534900196,0.202850214031808,0.0337839593269657,0
95.544903216,0.203222454591591,0.0400035972551912,0.0498260851274756
95.554911429,0.20365073533732,0.0445211207871721,0.0997791361587051
95.564889284,0.20411225673908,0.0463931835065484,0.0498500194343823
95.574913353,0.204578688267936,0.0454016363102076,0.0498038601865582
95.584909447,0.205021204898477,0.0417145427769739,0.0498654317868354
95.594908796,0.205412789030304,0.0354348921665216,0.0498682624557104
95.604903755,0.205729701046401,0.0270800916016999,0.049890779583817
95.61489408,0.20595399235171,0.0173232296953238,0
95.624906804,0.206076218458835,0.00716727109474882,0.0498383608714105
95.634900683,0.206097385099096,-0.00223004487401518,0
95.6449037,0.206031624483414,-0.00952076219635932,-0.0996807949064072
95.654906319,0.205906916196153,-0.0137287227124173,-0.0996741659569587
95.664910517,0.205756956440463,-0.0149340625549554,0
95.674947244,0.205607623768544,-0.0143047713461698,0.0498175487032255
95.684925179,0.205470651276982,-0.0130763213912694,-0.0499617024437624
95.694904158,0.205346660747102,-0.0121383142184018,0
95.704911348,0.205228052877638,-0.0123144519362988,0.0498581682896287
95.714902514,0.205100391953335,-0.0140211662384193,0
95.724906124,0.204947702799442,-0.0171164882302846,-0.0498414451101642
95.73490758,0.2047579754766,-0.0212591590068128,-0.0498597016015029
95.744903865,0.204522567643746,-0.0262912895987407,0
95.754898029,0.204232400792732,-0.0322357107406434,0
95.764906668,0.203877763072236,-0.0388620118336932,0.0498148532050276
95.774913774,0.203454548673682,-0.0451504210952099,-0.0498372996872778
95.784913697,0.202974437288022,-0.0492653120243208,-0.149643392549407
95.794903123,0.202469767158034,-0.0494324258309331,-0.0997517333114263
95.804905106,0.201986213445373,-0.0449469374590968,-0.0498391755482012
95.814908801,0.201570573200141,-0.037608166888876,-0.0518757995460073
95.824125656,0.201263363793277,-0.0238283435715984,-0.0499929680738859
95.834853532,0.20109532329743,-0.00864033567284701,0
95.844843239,0.201084356921827,0.00698137747985608,0.0498559517219475
95.854853076,0.201234947663519,0.0228976260259238,0.0498564178900777
95.864842596,0.201542294719172,0.0380416443031762,-0.0498555553612569
95.874852779,0.201995769251214,0.0513781781595807,0
95.884920186,0.202573844715207,0.0618706848709368,0.198745285423877
95.894920452,0.20323736992349,0.0709496724475474,0.155779840129537
95.904122023,0.203936208760748,0.0693560279992593,0
95.914904939,0.204623414563413,0.0660406769079236,0.0497645509856445
95.924158,0.20525939824434,0.0592227998530587,0.0996672165372532
95.934913151,0.205808356898107,0.0490838876744667,0.0998488930723556
95.944129956,0.206239699489283,0.036288987215372,0
95.95490646,0.206533893832801,0.0221243102904283,-0.0497883500483549
95.964156655,0.206682776392052,0.00747424282667873,0.0498421351670859
95.974911548,0.206683416718282,-0.00732390157119748,0.0498614016974192
95.984154013,0.206536317710376,-0.0217144073909374,-0.0997599021684067
95.99490132,0.206249350665422,-0.0350661312570596,-0.0499855371830837
96.004101709,0.205836829184164,-0.0467110705856947,0
96.014906588,0.205314883179788,-0.0565584219601571,-0.0496978447731466
96.024164579,0.204702104916972,-0.064536731332868,-0.049840657827195
96.03491197,0.204023801216443,-0.0695017914659409,-0.149644211709663
96.044153719,0.203312823877109,-0.0709986935476969,-0.0997068509346839
96.054912378,0.202603798378022,-0.0693140269178629,0
96.06415136,0.201926706850541,-0.0649022797722474,-0.0998100624147069
96.074892104,0.201307068611397,-0.0582790930245261,-0.100197628948886
96.084053804,0.200766810465249,-0.0515006584067419,0
96.094032531,0.200321324018711,-0.0388349143664046,0
96.104309426,0.199980185119441,-0.0272469103876141,-0.0477630329770042
96.114908431,0.19975252024215,-0.0166912908268261,-0.0502300080513739
96.124160036,0.199648852814841,-0.00379731244510372,-0.0498579766393939
96.134906565,0.199676581079033,0.00920089135551987,7.45074031815929e-07
96.144159607,0.199832866694769,0.021240871668901,0.0996978062187824
96.154908638,0.200101442544738,0.0312183020065738,0.0498417366104825
96.164164556,0.200457387234277,0.0386176430183008,0
96.174902803,0.200873570071157,0.0432039758441901,0.0498634089647892
96.184161109,0.201321317827056,0.0463342648487153,0.103094407352174
96.194246022,0.20176982390333,0.0434441180161831,0
96.204130407,0.202188866366068,0.03778852685513,0.0482830318302003
96.214896784,0.202550185777746,0.0320018375917252,0.0998260094570324
96.224106792,0.202828147394508,0.0235872697126637,0
96.234146425,0.203004232251885,0.012099825219649,0
96.244142837,0.203070580037101,0.00119232401836059,0
96.254905761,0.203028984106803,-0.00913871498635958,-0.0499492740784601
96.264105015,0.202888151381852,-0.0191870528109037,0
96.274108711,0.202660536091028,-0.0262897064873394,0
96.284147793,0.202361232631041,-0.0312863861335114,-0.0479531328225865
96.294901853,0.202009993821487,-0.0364643218825061,0
96.304107977,0.201633398056831,-0.0386874820461932,-0.103613320775765
96.314148054,0.201265406765842,-0.0331529508434864,-0.0957748304279696
96.324929343,0.200943108333339,-0.0273214929998725,0
96.334905104,0.200698293169569,-0.0194658544691909,0
96.344949944,0.200553390227887,-0.00915030735729653,-0.0518866954039354
96.354121905,0.200522453533995,0.0030250231159257,0.0519575933652234
96.364140523,0.20061144217297,0.0143184520951125,0.047961127442518
96.374911581,0.200820129513874,0.0267977369958285,0
96.384118749,0.201146813418961,0.0400380419808563,0.0518208272333816
96.394152808,0.201590510568263,0.0485779522336098,-0.0483789216620556
96.404728888,0.202148011766831,0.0609032195583431,0.0499658435401905
96.414108068,0.202805850149387,0.0714050539910429,0.205292935519423
96.424156519,0.203535242807304,0.0717816532484201,0.0958314809449883
96.434917281,0.204299569861325,0.0766659380096911,0.0499474492018464
96.444119128,0.20506569495141,0.0755185838659135,0.149632631337406
96.454907968,0.205809238234072,0.0725455378406441,0.0497924667083965
96.464143872,0.206518400775011,0.0693117680629008,0
96.474908314,0.207195497577202,0.0667086786693613,0.0499076922061116
96.484122682,0.207851160791498,0.0649780311354186,0
96.494910178,0.20849517931896,0.0639095214054668,0.0997270352749033
96.504119042,0.209129118588949,0.0625455201123118,0.149590030698138
96.514906558,0.209745863306424,0.0604180331412778,0
96.524095467,0.210336054896643,0.0597069802805911,0.0519899160840408
96.534085206,0.210890962464368,0.0532586511076215,0.0997642391425493
96.54408437,0.211400636907544,0.0482125165665306,0
96.554062998,0.211854142092131,0.0419606743414004,0.0996010090509959
96.564105882,0.212240753052399,0.03490656120012,0.0498493218003309
96.574064903,0.212552339813132,0.0273023877334144,-0.0499437289303879
96.584069978,0.212785820542138,0.0194067807580348,0.0498434308678526
96.594069172,0.21294055827584,0.01151331706362,0.0498586569446392
96.604068138,0.213016065698907,0.00367131369303827,-0.0498371004155137
96.614075982,0.213014009551347,-0.00390706689557758,0
96.624070776,0.212937914054153,-0.0111796154955102,0
96.634065785,0.212790531239976,-0.0182563202188753,-0.0498537483914979
96.644070905,0.21257278529471,-0.025386429486439,0
96.654060929,0.212282925926749,-0.0328564438003233,-0.0498710510410939
96.664064095,0.211915880171086,-0.0409306145775371,0
96.674064574,0.211464164443108,-0.0496850237058949,0
96.684072292,0.210921772428829,-0.0586064015342407,-0.0498166501714251
96.694079597,0.210291155968453,-0.0666801732641531,-0.0997022597392413
96.704073621,0.209588080345595,-0.0725484626979857,-0.0997164584194592
96.714078078,0.208840296915608,-0.075299621600467,-0.09972621238387
96.724070146,0.208082349579771,-0.0745367461800184,-0.0997339730353896
96.734073047,0.207349936986378,-0.0703288578813731,-0.0498556301457997
96.744069819,0.20667579541968,-0.0630857834243771,-0.0996684046318543
96.75408117,0.206087708872071,-0.0535347897341581,-0.0997304495979641
96.764065345,0.205605339139646,-0.042666146223221,-0.0498317627596332
96.774090123,0.2052340039576,-0.0321779824094855,0.0498434881756629
96.784069591,0.204961642863743,-0.0234940464193519,0
96.794088458,0.2047641621468,-0.0173731735846656,0
96.804074988,0.204614085629032,-0.0138966541074346,0
96.814080501,0.204486339640328,-0.0126902626995159,-0.0498724978361442
96.824067598,0.204360374156083,-0.0134224688185022,-0.049839910381057
96.834086482,0.204217809984172,-0.0160790106429798,0.0498406503530816
96.844072983,0.204038707357751,-0.0207125969193638,0.0500037411485329
96.854026916,0.203804791812333,-0.0265729326800718,-0.0499912484334668
96.864018102,0.203508707053268,-0.032300333861212,-0.0498744780191884
96.874019031,0.203159039823241,-0.036508838850342,-0.0995364430437193
96.884052751,0.202777265281504,-0.0384278582974777,-0.0995290224911066
96.894055024,0.202389099523388,-0.0381679101192587,-0.0498503710506545
96.904054235,0.20201385043794,-0.0367187473561267,0
96.913967853,0.201657925386191,-0.0348667366184765,0.0499193594784639
96.924028077,0.201317427749667,-0.0333341995501235,0
96.93405425,0.20098836142035,-0.0321194956149712,-0.0997328357949655
96.944023274,0.200675192107305,-0.0299318296043759,-0.0498653864681806
96.95405001,0.20038985173922,-0.0265057022026652,-0.0498527286695599
96.964024111,0.200145055877979,-0.0220725436014913,-0.0498481926738723
96.974052667,0.199948342220442,-0.0172948588947782,0.0498694566787467
96.984018239,0.199799260255495,-0.0128112999452702,0
96.994044697,0.199692218327597,-0.00891364164110098,-0.0498621472349878
97.004015298,0.199621013637693,-0.00561534286559743,0.0498247407927064
97.014056769,0.199579843681866,-0.00287102861186089,-0.0498215290165048
97.024028361,0.199563555561209,-0.000629983723493483,0
97.034042078,0.199567253262487,0.0010893032690258,0.0497755788379365
97.044059899,0.199585375981036,0.00228839239550507,-0.0498814791509391
97.054031387,0.199612996645194,0.0030056760794165,0
97.064060292,0.199645490683855,0.00311552943801028,0
97.074049876,0.199675364836978,0.00224257703420356,0
97.084055384,0.199690331217971,-6.2027829850891e-05,0.0498199086872431
97.094063889,0.199674123411185,-0.00394042621852902,0.0499188659030608
97.104029722,0.199611623812818,-0.00892342012129395,-0.0499390622041779
97.114030149,0.199495956084954,-0.0140019551544883,0
97.124057367,0.199331197625678,-0.0182270032574983,-0.0497738941594781
97.134062365,0.199130828818667,-0.0209001967336031,-0.0997025737815583
97.144058633,0.198913167231357,-0.0218673241098923,0
97.154059274,0.198693549928368,-0.02160762896845,0.0498370256854323
97.164065473,0.198480866855806,-0.0205586159828198,0
97.174008113,0.198283429408064,-0.0183366525856595,-0.0998619022603589
97.184034678,0.198114698481309,-0.0145951942459834,0
97.194062757,0.19799072798335,-0.00945717829841779,0
97.204024003,0.197925655870719,-0.00303513388590518,-0.0500166716468765
97.213997738,0.197930222647002,0.0041695409985977,0
97.224032029,0.198009080155427,0.0113797818001262,0.049812128136318
97.234014578,0.19815800991853,0.0178980677314365,0.0499640132611728
97.24398802,0.198366253833993,0.0231680824676466,0
97.254015197,0.198621385908926,0.0272813640713116,0
97.263930479,0.198910311318449,0.029782427270809,0.0498866858634327
97.274002121,0.199216645019323,0.0304426773162661,0.0993499880899299
97.284002728,0.199521364317768,0.0295798625160712,0
97.294007216,0.199808392979044,0.0273050165710817,0
97.304005943,0.200067552434818,0.0242143169125846,0.0498678255219335
97.314001998,0.20029255296699,0.0205971191341628,0
97.324007806,0.200479533189934,0.0166878905267879,0
97.334001129,0.200626296275749,0.0125866904698754,0.0499048321242556
97.343987761,0.200731014699121,0.00840344055868153,0.0498392576819715
97.354007372,0.200794417549602,0.00465389618263257,-0.0498198389882633
97.364001802,0.20082415796813,0.00201472710515585,0
97.37400598,0.200834709287205,0.000988890326650561,0
97.384013236,0.200843947081635,0.00183525174313898,0
97.394008547,0.200871419033159,0.00470143730919323,0
97.404006223,0.200937942856639,0.00959819900614197,-0.0498277709835609
97.414019402,0.201063487201732,0.016189144010105,0
97.423998438,0.201261599704355,0.0235998817454331,0.0997491866866999
97.434011172,0.201535290609614,0.0309624645812643,0.0498645589581606
97.443994231,0.201880718736892,0.0378457489399837,-0.0498684445273376
97.454005407,0.202291987407671,0.0439217017191447,0.099706566776795
97.463994696,0.202759173194866,0.0487704817758764,0.099683978912314
97.474010404,0.203267640749286,0.0521443661398282,0
97.484009158,0.203802814629486,0.0542356330242644,0
97.49396929,0.204350123565955,0.0543398987534698,0.0997551963043759
97.503999873,0.204889108058595,0.0520939611392244,0.0996512466733687
97.513980858,0.205392605411682,0.0472057311529191,0.0996174311717714
97.524018234,0.205834089426083,0.0401070565891363,0
97.534005974,0.206195753872298,0.0318958175034666,0
97.54395245,0.206469907541694,0.0231531327098994,0.100171366134715
97.553913636,0.206656678612528,0.0147446824750362,-0.0498541669021066
97.56395271,0.206764805024812,0.00764327179072485,-0.0496327605173521
97.574003115,0.206810227960659,0.00217977958668025,0
97.583936212,0.206808364654542,-0.00206448902539748,0.0499669383174629
97.593958236,0.206769030832354,-0.00546595448492138,0
97.603942307,0.206699012249851,-0.00810852071029415,0
97.613968315,0.206606778692368,-0.00969395975541846,0
97.623936104,0.206505193186375,-0.00974046928016757,-0.0498648852198032
97.633964276,0.20641200864852,-0.00799981634165929,-0.0997342802512054
97.643930862,0.206345238794579,-0.00494127290832515,0
97.653985798,0.206313076844278,-0.00182773873407691,0.0995644037449292
97.663959735,0.206308631247597,0.000209848519015384,0.0499181961398749
97.673960404,0.206317268485765,0.00100506878716222,0
97.683950544,0.206328723385753,0.00125103188709603,-0.0498394918544866
97.693966553,0.206342296816102,0.00176158964341511,0
97.703967413,0.206363984894877,0.00292666105012361,-0.049831381720095
97.713975659,0.20640085668728,0.00449929470208591,-0.0498761027165923
97.723958578,0.20645393103765,0.00555891269197555,0.0996378133022014
97.733989925,0.206512114244568,0.00512655769572673,0.099704438136515
97.74395947,0.206556466764454,0.00301610617388844,-0.0499242121573726
97.753962124,0.206572352517278,-6.11336894777096e-05,0
97.763938215,0.206555245390061,-0.00322801280201799,-0.0498640676937777
97.773958114,0.206507805205569,-0.00607692428826809,-0.0498198613914821
97.783952247,0.206433621632894,-0.00880955507938935,0.0498471810677836
97.793960878,0.206331589754371,-0.0118757925790157,0
97.803946617,0.206196172642026,-0.0154547485105199,0.0500291038969395
97.813891203,0.206023571593763,-0.0187951347821859,0
97.823966191,0.205819902050414,-0.0208455813813383,-0.148891306220289
97.833981423,0.205604779277784,-0.0207536106235833,0
97.843964028,0.205404874728002,-0.0179348914886187,0
97.853968008,0.205246322044581,-0.0126464978840788,-0.0997609733078615
97.863953436,0.205152078722026,-0.00540657931058601,0.0499725498666746
97.87392059,0.205138446827547,0.00310866536050562,0.0498493915828041
97.883955313,0.205214257864201,0.0123228039379541,-0.0498300892177642
97.893930215,0.205385021513294,0.0219745691533658,0
97.903902195,0.205652582002104,0.0313281424430286,0.0499669252455704
97.913885043,0.206010169207304,0.0394008960726435,0.0498435978083122
97.923906397,0.206440765486122,0.0454102711284033,0.0995015982498563
97.933926708,0.206920266648819,0.049015211019797,0
97.943921495,0.207421809738174,0.0498010211808703,0.0498461691881989
97.953930177,0.207916459832179,0.047665640746237,0.149826150428379
97.963886461,0.208373452635041,0.0424764843840487,0
97.973927458,0.208765874026299,0.0350240873070608,-7.44500084389558e-07
97.98390145,0.209074459357227,0.0260147023940346,0.0997235621453237
97.993924365,0.209286087610705,0.0160326994666501,7.44620994685197e-07
98.003913189,0.209395301554419,0.00601968554973532,-0.0498555703181336
98.013924062,0.209406479497735,-0.00325483411937277,0
98.023926575,0.209330161302822,-0.0113805904007147,7.44662150345764e-07
98.033934695,0.209178746679903,-0.0181811874847394,0
98.043919829,0.208966660203418,-0.0233228975502585,-0.0498321064472898
98.05394351,0.208712083137556,-0.0265297055146658,-0.049845494030951
98.06392327,0.208435974804408,-0.0276639470373687,0
98.073924601,0.208159327294383,-0.026696598206872,-0.0498688505942611
98.083917641,0.207902193115422,-0.0238208889779667,-0.0498364677106508
98.093931964,0.207682734121618,-0.0193781987244342,0
98.103921221,0.207514559766982,-0.0138384320062143,0
98.113932892,0.207405952639429,-0.00762850867125394,0
98.123917287,0.20736201960411,-0.000951934032380738,0
98.133911088,0.207386934714751,0.00614011689364274,0
98.143917656,0.207484824207686,0.0136680818974248,0.0498151696035342
98.153927005,0.207660513907559,0.0217510736403531,-0.0498321114962595
98.163926768,0.207920043876276,0.0303194232969946,0
98.173926561,0.208266888911675,0.038886353264548,0.149567536367955
98.183926255,0.208697750992868,0.0469465636487529,0
98.193926183,0.209205802438849,0.0544891433087663,0
98.203852362,0.209783507492777,0.0607415827920103,0.0998797282755965
98.213891824,0.210418547074646,0.0653558162548474,0.0498413703670526
98.223857458,0.211090956871113,0.0677536854725145,0.049874440598612
98.233883954,0.211773087562592,0.0667798165670506,0.0995372628058847
98.243891942,0.212428856037649,0.0621044615073372,0.0996809070726206
98.253889418,0.213015516131516,0.0531244477523236,0.149565190902336
98.263891643,0.213491329108485,0.0405183658058821,0
98.273892368,0.213826002976813,0.0256832572128981,-0.0499381483115907
98.28385797,0.214004129420423,0.00969097755444666,0.0499155347585126
98.293868039,0.214019586756109,-0.00660406084760764,0
98.303889866,0.213871837560346,-0.0225233118068114,0
98.313906982,0.213568243394641,-0.0372447316288611,-0.0498661121739767
98.323885335,0.213127111683648,-0.0494978012435676,-0.0498731309135876
98.333899637,0.21257865093112,-0.0581630323742918,-0.0996726663944538
98.343892453,0.211963437031698,-0.0627286784511548,-0.149846359322038
98.353861811,0.211326450137088,-0.0629781889159936,-0.0998685497983845
98.363860478,0.210705886980968,-0.0599675239643785,0
98.373916446,0.210123823332129,-0.0559252840073414,0
98.383862948,0.20958724316537,-0.0514416319402521,-0.0499186122178531
98.393890587,0.209096320922484,-0.0468391391388958,-0.0498559619819723
98.403862189,0.208650495933499,-0.0424386459316776,-0.0997993280955406
98.413872462,0.208248317204308,-0.0382738863810657,0
98.423896423,0.207883707937651,-0.0352344544467085,-0.049880555867091
98.433862141,0.207543991770178,-0.0336264142352043,0
98.443897362,0.207211148077744,-0.0337802759901247,0.0497197686566211
98.453916464,0.206866551204443,-0.035643778586341,-0.0997004226784495
98.463899209,0.206498206671958,-0.0382250177036729,-0.0499098580932456
98.473894407,0.206102893979585,-0.0406209481539305,-0.0496305636677747
98.483989277,0.205682129061321,-0.043212147103966,-0.0498538406205247
98.493894499,0.205238647061988,-0.0455866045665697,0
98.503865348,0.204776046472307,-0.0469010669311483,-0.0499027350954954
98.513874995,0.204301540481775,-0.0473606670936697,-0.0995956795253647
98.523888081,0.203827756480389,-0.046658456584947,-0.0499129511160496
98.5338517,0.203369458258822,-0.0444724636003866,-0.0498887568219279
98.543874474,0.202938912345193,-0.0412991876545922,-0.0498617333217556
98.553848925,0.202543589110976,-0.0376516236257657,0
98.563872251,0.202185963572237,-0.033909304363384,-0.0498428180241003
98.573853141,0.201865260062081,-0.0303572325190394,-0.0498224924524996
98.583884927,0.201578434113577,-0.0272635145162759,0
98.593886527,0.20131907955206,-0.0250436789410771,7.46145519765844e-07
98.603855778,0.201078290532953,-0.0236000153216545,-0.0499104002189555
98.613864253,0.200847604912368,-0.0228756460130178,0
98.623879616,0.200620232303043,-0.022720659097534,0.0498742385284412
98.633856464,0.200393368701631,-0.022351951207139,-0.0996742954747185
98.643886706,0.200173034803566,-0.0210565645060189,-0.0997056068912497
98.653857271,0.199972220418863,-0.0186228664065219,0
98.663868887,0.199800909316292,-0.0156292913942229,0
98.673854562,0.199659676930729,-0.0129329499318166,0.0498045646907059
98.683889066,0.199541989343659,-0.0109247898195903,0
98.69385163,0.199441213165821,-0.00938134687518133,-0.0997781309773547
98.703875186,0.19935449261925,-0.00807197566001136,0.0498133404189925
98.713868282,0.199279639238082,-0.00708020665143224,0
98.723854462,0.199213035216424,-0.00649014032666032,-0.0997860445134103
98.733852817,0.199149936801569,-0.00660974369595484,0.049786616550776
98.743881559,0.19908066123828,-0.00801677388541184,0.049787725314845
98.753879468,0.19898938766882,-0.0109872928153178,0
98.76386828,0.198861061282235,-0.0150443094750576,0
98.773862642,0.19868875461487,-0.0192093093367147,-0.049798842466537
98.783890161,0.198476454776603,-0.0226513333908269,-0.0997847396517892
98.793847289,0.198236075712975,-0.0248665739906089,0
98.803856486,0.19797996067867,-0.0259420310812395,0
98.81387139,0.197716609862459,-0.0263286801111853,0
98.823857091,0.197453371147595,-0.025723371025117,0
98.833879572,0.197201931973335,-0.0235154153151226,-0.0497894041764977
98.843883366,0.196982444973755,-0.0189437896046674,-0.0498949130531283
98.853863499,0.196823360664772,-0.0113749828507813,-0.0998315279865695
98.863858796,0.196755224800068,-0.00113968293695747,0
98.873886987,0.19680054023716,0.0105108782601971,0
98.883887521,0.19696574429025,0.0220156952257238,0.0998619994512592
98.893856471,0.197240182310719,0.0319255855464235,0.0998630685391788
98.903856642,0.197603270171022,0.0395632148650033,0
98.913939295,0.198034723391727,0.0455445093100521,0
98.923932964,0.198517636405263,0.0500343059026568,0.0499498612947108
98.93390094,0.199033490443977,0.05210135736329,0.0997979280923446
98.94391497,0.199558726040704,0.0516743410552307,0.0498403439174918
98.953906448,0.200067261887352,0.0487833944190836,0.0498667755523463
98.963910173,0.200534159915143,0.0433983393203632,0.0497535292590428
98.973947163,0.200936995637145,0.0361854937725324,0.0996795791581804
98.983916053,0.201258082561297,0.0276296173078279,-0.049998375341373
98.993889737,0.201488001324898,0.0183079507253778,0
99.003912716,0.201624180482173,0.00881617870021247,0
99.013937184,0.201664743200133,-0.000992665700222371,0
99.023910758,0.201604329111808,-0.0115223954401316,0.0499232322999601
99.033909775,0.201434611108667,-0.0227987622739755,-0.0498478564128801
99.043913251,0.201148297029014,-0.0345916863854899,0
99.053909232,0.200742796164243,-0.0461612320835597,0
99.063943718,0.200223665993085,-0.0566096914665965,-0.0995833800206113
99.073934438,0.199609175431028,-0.064762746078446,-0.0998735814840355
99.083910737,0.198930547011645,-0.0692020885024022,-0.0499390587352988
99.093900401,0.198227489092466,-0.069365727184471,-0.149611620562775
99.103904331,0.197543676824804,-0.06515784878114,-0.0497425063753692
99.113945557,0.196921389849024,-0.0573783330615261,0
99.123864535,0.196398393591716,-0.0457754077133122,-0.100176685029352
99.133852162,0.196010156888961,-0.0303874411640471,-0.0498007482870132
99.143885949,0.19578999405177,-0.012320101760048,-0.0498518415708659
99.153853056,0.195763743839589,0.00768790288380995,0
99.163867314,0.195943608845376,0.0279871121959595,0.0497525895912193
99.17389385,0.196324627789763,0.0470231412145504,0.0498113691520023
99.183884459,0.196884877881423,0.0633003854959076,0.099901695226238
99.19385525,0.197588192104801,0.0753352999007843,0.149737616345168
99.20386113,0.198389826382228,0.0828355902946328,0.0996553474760645
99.213865845,0.199245781553773,0.0864317146292035,0
99.223864132,0.200118720142819,0.0864418361765295,0.099700933804996
99.23386744,0.200974756152032,0.0829045888481312,0.0996055989286252
99.243884871,0.20177853127805,0.0759863550602411,0.0997448030580105
99.253860238,0.202493935999508,0.0655698342992904,0.149567147483471
99.26388441,0.203089897736342,0.0527054291048062,0.0497953842151813
99.273884108,0.203549302660197,0.0392195093356402,-0.0498918147761097
99.283869578,0.203873706219292,0.0264091892229071,0
99.293886692,0.204077554686,0.0152532883925105,0
99.303854088,0.204178535713705,0.00570895633389865,0
99.313891661,0.204191762180482,-0.0024856515072795,0.0498267799684826
99.323865341,0.204128794712523,-0.00960794723670452,-0.0499255895219681
99.333863309,0.203999875640268,-0.015676817082831,0
99.343872102,0.203815152379906,-0.0207595922213861,0
99.353864422,0.203584660690414,-0.0248314442329741,-0.0996382364629185
99.363886283,0.203318171360536,-0.0281232858348071,0
99.373869442,0.203022053794823,-0.0309911396598362,0.049846530660453
99.383889308,0.202698254819142,-0.0336056588199724,-0.0498986144413028
99.393851588,0.202350540613856,-0.0354633400751452,-0.0499243809501127
99.403861141,0.201989986913539,-0.0357621908701657,-0.0497852418513324
99.413879238,0.201634307971875,-0.0342696975302123,-0.0498655664545409
99.42385653,0.20130475098051,-0.0305472487654889,0
99.433852886,0.201024167977665,-0.0243820733446088,-0.0498593846188226
99.443854697,0.200817154205958,-0.0157396117402829,-0.0498162796231287
99.453868357,0.200709132235326,-0.00472619959545894,0
99.463870939,0.200722553451115,0.00816103825624541,-0.0498533420894252
99.473868649,0.200872355383474,0.0219362269806109,0.0498213572450272
99.483884071,0.20116156605726,0.0354460178118124,0.0997835862659631
99.493853527,0.201580739725029,0.0475961289787924,0
99.50386296,0.202112483834957,0.0576591875517986,0.099647019102621
99.513865944,0.202734639430197,0.0654832670504239,0.0996860468811165
99.523867542,0.203422449220295,0.0708270700293945,0
99.533870125,0.204151476958765,0.0737429448150336,0.0997636152738005
99.54385657,0.204896499009005,0.0739170110369983,0.0997280875977487
99.553866274,0.205629532525095,0.0712851270322273,0.0996652066776231
99.563865335,0.206322826363788,0.0663259797012581,0.0998076845814205
99.573846476,0.206954738997374,0.0594982854242649,0
99.583881542,0.207513756360985,0.0519928965917486,0
99.593869481,0.207995793025795,0.0442313662339069,0.0997877372244255
99.603865738,0.208397684653151,0.0359884547586229,0.049807032629491
99.613888668,0.208716252631449,0.0276336563210935,-0.0498519013904786
99.623866608,0.208950381820854,0.0191827822063413,0.099796949201523
99.63387087,0.209099566860418,0.0106810904894777,0
99.643888527,0.209164237749466,0.00248384728798413,0
99.65384918,0.20914918993153,-0.0049760960983765,0
99.663871258,0.209064801759702,-0.0111437296636967,-0.0497669206051692
99.673884203,0.208925925051412,-0.0157507818186637,0
99.683885683,0.208749558918301,-0.0187034965263945,-0.0499181498772059
99.693858529,0.208552335314454,-0.0201246108680683,-0.0499064781924692
99.703864979,0.208347483360883,-0.0205586592457477,0
99.713868712,0.208140952780712,-0.0207819264665116,0.0498409841331701
99.723870529,0.207931729491861,-0.0211811464671519,-0.0498786370432987
99.73385916,0.20771753217368,-0.0216896383083454,-0.0498555653324834
99.743870228,0.207497943254275,-0.0223124993542265,-0.0498272779610725
99.753870213,0.20727103556654,-0.023391107187664,0.049855655074056
99.763869891,0.207030128993325,-0.0251219091354426,0.0498610227035856
99.773867723,0.206768659937385,-0.0269532654148065,-0.0498135818139091
99.783886446,0.20649061747372,-0.0276339718943679,-0.0498593646732457
99.793865898,0.206216030931496,-0.0256832254970969,-0.0997981943585804
99.803868548,0.205977412642148,-0.0202484904470899,-0.0498125785609072
99.813882557,0.205810723802952,-0.0115329199712908,0
99.823859275,0.205746861187489,-0.000123016453457039,0
99.83386231,0.205808265964597,0.0131513240849865,0.0498257788709634
99.843870631,0.206010037015625,0.0277561166844483,0.049822109065238
99.85387514,0.206363744409263,0.0434507430009431,-0.0498209514707147
99.863883926,0.206879629553272,0.0598380356618056,0
99.873872286,0.207560334344745,0.0755510953301339,0.0997543430085477
99.883874812,0.208389962887192,0.088613505988998,0.149749467864855
99.893847376,0.209330397102091,0.0970589233752147,0.199617896831337
99.903854761,0.210329195226224,0.0999419490284137,0.0497887552857296
99.913873912,0.211331888142219,0.0978744288494195,0.0498594373166286
99.923852608,0.212286473079567,0.0904970017114583,0.199486004096652
99.933867071,0.213141209086459,0.0780172245430144,0.0995888057519232
99.943876723,0.213848698955797,0.0616075232923266,0
99.953866995,0.214373354870134,0.0421324134120528,0.0498570386302402
99.963875831,0.214691309641925,0.0207257545309949,0.0499008969498825
99.973848227,0.214787480979793,-0.00172031014599557,0
99.983869502,0.214656914326848,-0.0240231991165068,-0.0498269192599075
99.993859125,0.214306755192639,-0.0451052461827461,-0.0498643041833845
100.003865696,0.21375498107376,-0.0638092405281761,0
100.013872623,0.213029709084947,-0.0790498979085909,-0.0498546604568166
100.023865758,0.212173978214495,-0.0890580029522703,-0.199590355689389
100.033855329,0.211250089195004,-0.0920260279826517,-0.199260204901938
100.043881573,0.21033200226321,-0.0879812788311645,-0.0498367965124866
100.05386256,0.209489827425754,-0.0775514147518304,-0.0996984043471911
100.063883526,0.20878082251026,-0.0621313960272451,-0.0996784556522783
100.073868516,0.208246829450614,-0.0434688515305499,0
100.083877828,0.207911693165165,-0.0231924251307803,0.0498651570398359
100.093864368,0.207783077150178,-0.00254650046225236,0
100.103867999,0.207860788185473,0.0178869527193319,-0.0997095701867725
100.11386438,0.208140816419208,0.0372830618979121,0
100.123886641,0.208607144454271,0.0540458246601455,0.099802170042762
100.133845686,0.209220722579765,0.0656646107898858,0.149698784094365
100.143868494,0.209919245054377,0.0702779855584046,0.149322186256642
100.153878034,0.21062855564321,0.0679711655636935,0.0997833532710444
100.163853568,0.211277653828033,0.0590682960521034,0.0498724728907047
100.173870654,0.211809485640227,0.045185836218158,-0.0498019248427609
100.183874509,0.212182316788993,0.0276024359418065,0
100.193871665,0.212361562265126,0.00643798339458556,0.0499034019562081
100.203854738,0.212310949171515,-0.0183759832332482,0.0998008464443939
100.213853236,0.211994381251456,-0.0460799789805807,0
100.223856844,0.211389252547468,-0.0747693837196863,-0.149528929594723
100.233857787,0.210498653301597,-0.101836537959439,-0.149448029368038
100.243872224,0.209350955542325,-0.125401912244825,-0.149566305187875
100.253857339,0.207990671236757,-0.144110041984797,-0.149660725008751
100.263859258,0.206470623233434,-0.15694680996456,-0.149410867584319
100.273877797,0.204848524219629,-0.164052747147697,-0.149440637740603
100.283875628,0.203186882747008,-0.164943825318127,-0.199662220040103
100.293853236,0.201553698898559,-0.159106865717081,-0.200377357034061
100.30377985,0.200019984370052,-0.144860710431544,-0.199157262252113
100.313879397,0.198652694988884,-0.125247215969424,-0.149001576562745
100.323855202,0.197505602422445,-0.102162938191402,-0.0998369607996054
100.33385374,0.196612057419561,-0.0760123452996798,0
100.343874933,0.195983855716867,-0.0497621063129068,-0.0498548676260863
100.35385342,0.195616831217177,-0.0243662608425322,-0.0498282614001806
100.363885292,0.19549627808992,-0.000927181525708121,0.0498301763786237
100.37386301,0.195598278694992,0.0197449640006298,0
100.383885836,0.195891188111193,0.0369123489806581,0
100.393860891,0.196336447457338,0.0499011377746604,0.0999552696964928
100.403836537,0.196886750790495,0.0574900356275357,0.0995855432798421
100.413885662,0.197487672255561,0.0598735409126765,0.0996395657085713
100.423850451,0.198085054689197,0.0574025609244973,0.0998614671931346
100.433854954,0.19863396075621,0.0509113393905662,-7.43827870254945e-07
100.443883528,0.199104965471381,0.042559907180395,0.0498805284186422
100.453844644,0.199484720107175,0.0334456544011659,0.0498427979076632
100.46388835,0.19977403983435,0.0250357261925672,-0.0497535714636715
100.473885342,0.199986453535011,0.0184922614842289,0
100.483854545,0.200143259933135,0.0140742419841419,0.0499339803386744
100.493853634,0.200267492108629,0.0119240698305874,-0.0498685537928142
100.503849035,0.200381675628122,0.0119212918529576,0.0497790264385152
100.513884084,0.200506280949025,0.0138995103833558,0.0498436624867846
100.52385351,0.200659728036098,0.0177578170496839,-0.0499404654014459
100.533849783,0.200860828179136,0.0233111467755605,0
100.543883832,0.201126657812202,0.030205590751948,0
100.553867958,0.201465488980787,0.0372164255167165,0.0498485490436408
100.563886346,0.20187107988463,0.0427946498628787,0.0996170301605992
100.57388625,0.20232216477778,0.0458738303215703,0.0997035734727309
100.583887262,0.20278859851149,0.0460634704296578,0.0998754532275016
100.593853044,0.203241904602774,0.0439214654752373,0.0499427517063183
100.603852047,0.203665481126588,0.0407906350934945,-0.0498150227660729
100.61386902,0.20405836897583,0.0381002452056192,-0.0498459324611033
100.623855611,0.204427621819974,0.0359070387733624,0.0997840922247273
100.633853946,0.204775968488595,0.033455715007474,0.0497661168561495
100.643891257,0.205097928682541,0.0304189677332231,0.0498526316997644
100.653854523,0.205384365395004,0.0264909864486916,0.0498648357662751
100.663886939,0.205627634023435,0.0220052530067681,0
100.673870909,0.205824831033215,0.0175311708868438,7.45708494211531e-07
100.683869494,0.205977951609896,0.0132480445450639,-0.0498709742279295
100.693863831,0.206089698154457,0.00898913383019385,0.049896812457066
100.703852063,0.206157577596908,0.0040921489158878,0
100.713869534,0.2061715644703,-0.00204070187614611,0.0498079606576669
100.723870877,0.20611672516562,-0.00960321418797907,0.0498973842804739
100.733851874,0.205979669779303,-0.0179870498260233,-0.0497799559085598
100.743900953,0.205756443190589,-0.0262387129081138,-0.099566198324019
100.753880386,0.205454147402958,-0.033722648835863,-0.0499826954165836
100.763849485,0.205083725851162,-0.0399835137966614,0.0498479760331587
100.773882831,0.204654379367334,-0.045247501214093,-0.049775591262217
100.783881018,0.204177349037424,-0.049149829556617,-0.0498976655385646
100.793865357,0.203672241620323,-0.0505564986289161,-0.0998544189199427
100.803852018,0.203167685203306,-0.0488286771389453,-0.0997326433199387
100.813860742,0.202695893421889,-0.0440904797174732,-0.0497781648390572
100.823882216,0.20228454416465,-0.0372716472153861,-0.0498659584307365
100.833855675,0.201950649333018,-0.0293447779551461,0
100.843852145,0.201698531032365,-0.0213699671830836,0.0498106222436979
100.853872821,0.201522883579899,-0.0140865019058755,-7.45048662364686e-07
100.863852397,0.201416797444449,-0.00730367781611712,-0.0997455943670496
100.873865311,0.201376864874197,-0.000896454224175126,0
100.883850868,0.201398869730644,0.00476305021116651,0.0498744985428029
100.893857119,0.201472086859513,0.0090688752500728,0
100.90385096,0.201580248069982,0.0116694740180746,0.0498623720331487
100.913853789,0.201705437480526,0.0125377620158636,0
100.923871853,0.201831265261761,0.0119443402946015,0
100.933855705,0.201944347171774,0.0101403083813061,0.0497683191343181
100.943906313,0.202034420864414,0.00755666521714502,0
100.953926664,0.202096016689524,0.00480957629865893,0
100.963896337,0.202130564410054,0.00252277006394841,0
100.973895451,0.202146393347581,0.00130058106235153,-0.0498163689201704
100.983911473,0.202156595716896,0.00134356201041478,-0.0498224451511613
100.993908146,0.202173281644309,0.0022691102670844,0.099740392944621
101.003905155,0.202201963585999,0.00358368414362176,0.0497543075860334
101.013948248,0.202245099040083,0.00543347337783474,-0.0498316283495652
101.023914461,0.202310683617459,0.00845905857822763,7.46780050095603e-07
101.03390213,0.202413890096784,0.0130953187622842,0
101.043936993,0.202572885056427,0.0194801796225771,-0.0498125760723408
101.05391879,0.202803818229028,0.0270812729683482,7.4667808007446e-07
101.0638936,0.203113335378116,0.0344544293669086,0.0997951263182573
101.073901357,0.203492306172299,0.0402033528261824,0.099560539750206
101.0839234,0.203918600494554,0.0437342286441665,0.0996213874897824
101.093918923,0.204367758980643,0.0452175835055631,0
101.103917544,0.204822687370496,0.0452888496393237,-0.0498525394752459
101.113919537,0.205273563780783,0.0443428110186499,0.0996973775644902
101.123919703,0.205709639326998,0.042095432367652,0.0498768412200665
101.133910406,0.206115088054743,0.0381357263551751,0.0498901721712778
101.143905529,0.206471813318316,0.0325513004997319,0.0999961388627567
101.153852953,0.20676424389487,0.0257916596108592,0.0499705467926212
101.163859209,0.20698645184086,0.01918268704198,-0.0498555179690321
101.173852671,0.207147892226192,0.014154099070114,-0.0497866048682329
101.18388661,0.207269921658731,0.0113832129381488,0
101.193853714,0.207375568357646,0.0105903995403061,0
101.203858883,0.207481436009529,0.0110169777727638,0.0993920921564962
101.21391761,0.207596611853913,0.0123308817059952,0
101.223873947,0.207728239396051,0.0145515072366508,0
101.233867637,0.207886914816175,0.0179213843625726,0
101.243860555,0.208086427080123,0.022599435091701,-0.0498509714963412
101.253869179,0.208338938366338,0.0280239754239458,0
101.263852545,0.208646682116559,0.0329079065473257,0.149676080084009
101.273854063,0.208996599061369,0.03606474027498,0.149461955985982
101.28386606,0.209368464337023,0.0376445553198376,-0.049813312695753
101.293870427,0.209750106183269,0.0386075194536819,-0.0498807180631142
101.303855674,0.2101402137484,0.0394119488484362,0.0498984721036073
101.31385263,0.210537643745784,0.0395776728480707,0.0497658535664195
101.323891426,0.210933182186321,0.0385456105256711,0.0498167923395028
101.333867895,0.211309144355042,0.0355689064237778,0.0999198607444471
101.343849197,0.211643058275447,0.0303262349232021,0.0996920994376033
101.353871113,0.21191576664333,0.0239300212863174,0
101.363850959,0.212121700865871,0.0177807996523454,-0.0997930188485867
101.373854102,0.212271080167194,0.0128587072562488,-0.0498572633059135
101.383849678,0.212378858538992,0.00912171579792809,0.149575018127853
101.393852489,0.212453499769825,0.00611438400099204,0.0498328311955667
101.403858202,0.212501198338021,0.00416007205331741,-0.1004384295312
101.413707217,0.212536096868904,0.00395934616570135,0.0498160354051642
101.423873472,0.212580445720551,0.0061996674541762,0
101.433852946,0.212660993689326,0.0113131331315604,-0.099822456573642
101.443850568,0.212806449267181,0.0188851901515769,0
101.453862814,0.213038883851414,0.0279327796100113,0.099700019329864
101.463852197,0.213365150361879,0.0369958804671922,0.049875416626521
101.473854254,0.213778484776021,0.0449429329481933,0.0498078287909479
101.483871064,0.214264856959159,0.0512673412210821,-0.0498651799102925
101.493849798,0.21480360315317,0.0549334516054479,0.149685008058246
101.503854756,0.215362630136539,0.0549498689093265,0.249141339623456
101.513860274,0.215903176186183,0.0517447180911043,-0.0498611448785849
101.523852217,0.216397393118522,0.0466272697500595,-0.049858100655063
101.533858956,0.216835660126443,0.0409304832923377,0.0498407773513164
101.54385785,0.217216233345781,0.0350317656363033,0.0498761694882115
101.553850393,0.21753599546216,0.0286406984539295,0
101.563857239,0.217789029815393,0.0215277869484943,0.0498588214938846
101.573848487,0.217966510169168,0.0134432561406224,0.0498293347759623
101.583867466,0.218058032422386,0.00453334904846212,0.0498440063335033
101.593852824,0.218057196811272,-0.00452305050787712,-0.0498969255166011
101.603850587,0.217967647756798,-0.012771987489873,-0.0997002957739333
101.613854547,0.21780173505534,-0.0197789909699782,0
101.623867496,0.21757173349444,-0.0258887911712762,0
101.633853118,0.217283996226997,-0.0316177270768415,-0.0498878732054179
101.643854243,0.21693979798264,-0.0373008622136954,0
101.653867219,0.216537453003265,-0.0432133914644329,0
101.663851276,0.216075658367484,-0.048926935133375,-0.0498786021116073
101.673857681,0.215559380965705,-0.0536347306572833,-0.0997098000646054
101.683850943,0.215002981614704,-0.0566506991307999,-0.0997184757163808
101.693855608,0.214426484419988,-0.0577080494455748,-0.0498487833034762
101.703853363,0.213848680972313,-0.0571933983872245,-0.0996543540919303
101.713866552,0.213281990527692,-0.0557349109597506,0
101.723923906,0.212730051045294,-0.0545056970745937,0
101.733892911,0.212190439870531,-0.0534214271447117,-0.0498912339283368
101.743909008,0.211662418374821,-0.0518892809678357,-0.0996232488097858
101.753910103,0.211151762170656,-0.049747819076207,-0.0996996278440199
101.763910865,0.210667369611597,-0.0469898825448775,-0.0997329384915192
101.77390513,0.210212198200444,-0.044614822710696,0
101.783911914,0.209775026356434,-0.0440687907864104,0.0498625789973193
101.793901717,0.209330972791499,-0.046194094312708,-0.0498465605638689
101.803914927,0.208851005287374,-0.0510083884969889,0
101.813885369,0.208311638906694,-0.0575435236812244,-0.0997026884323136
101.82391617,0.207700063287149,-0.0648263201999801,-0.0996098528387934
101.833905253,0.207013823496144,-0.0721950260792422,-0.0498715294493461
101.843909467,0.206256646688824,-0.0788798089935323,-0.099680774975867
101.853910893,0.20543578243415,-0.0847808833571668,-0.0996950299999892
101.863912097,0.204560806047958,-0.0896778500667891,0
101.873893956,0.203643744306561,-0.0927212118063578,-0.0995956546546298
101.883934835,0.202704273516916,-0.0935768516504973,-0.199511214094989
101.893884514,0.201773090826184,-0.0910788845331093,-0.0998406196600727
101.903908446,0.200885099306938,-0.0849697873540663,-0.0994779558012756
101.913931092,0.200069737356348,-0.0769427691873675,-0.0996752196490275
101.923915201,0.199345724174785,-0.0676511608151621,-0.0499139167343615
101.933907112,0.198718336414881,-0.0582708521328791,0
101.943917607,0.198180166932457,-0.0500245121628323,0
101.953906398,0.197717881889126,-0.0429898066539399,-0.0498968240418918
101.96390047,0.197321107515695,-0.0366565176466499,-0.0998417093725096
101.973879791,0.196985726856158,-0.0305812431464798,-0.0498265010969958
101.983911835,0.196709135096937,-0.0250509310758162,0
101.993900859,0.196484180461626,-0.0205338328948956,0
102.003909829,0.196298499629908,-0.0172948367447573,0
102.013912174,0.196138088035653,-0.0153628776522638,0
102.023901184,0.19599137488894,-0.0142629644944338,0
102.033918533,0.195852738047573,-0.0133482329045014,-0.0498425139613398
102.043905821,0.195724348335094,-0.012036475728297,-0.0999074903072114
102.053878626,0.195612488872644,-0.0102323779265415,0.049844230697036
102.063909769,0.195519660379135,-0.00853295220254687,0
102.073899859,0.195441648648419,-0.00744028411844833,0
102.083910364,0.195370850269797,-0.00698272793854947,0.0996814651362669
102.093905211,0.195301956718088,-0.00653747942937459,-0.0498528610163282
102.103910849,0.195240097510532,-0.00491902907510674,-0.0996927274007633
102.113908303,0.195203560926948,-0.00121949361960154,0
102.123930836,0.195215683264121,0.00463631940100977,0
102.133878506,0.195296149166559,0.0121254493120493,0
102.143906009,0.195457891211832,0.0205646046107262,0.0996001285369901
102.153900195,0.195707887284483,0.0296056926154471,-0.0498329631966446
102.16391448,0.196050255853963,0.0389166483329523,0.0498562982311391
102.1738996,0.196486197095736,0.0481467830486549,0.0998304921475756
102.183889968,0.19701201134099,0.0566608971222659,-0.0498667331554772
102.19389482,0.197619144199093,0.0638205212168425,0.0498031318062062
102.203910723,0.198289746360245,0.0686253669553875,0.149676327236687
102.213879671,0.198990611932517,0.0693497722141465,0.0997269284497366
102.223906955,0.199676480494586,0.0653419582236309,0.099559911817121
102.233909747,0.200299416321725,0.0570742266255816,0.0997751723232183
102.243893817,0.200817215185908,0.0449372336571595,0
102.25393126,0.201199127729576,0.0304640176307321,0.0498050319137637
102.263913509,0.201427095435958,0.0148573092694498,0.0499383734132985
102.273897497,0.201495772287632,-0.000637857627935996,-0.049898989018117
102.283895505,0.201414349767388,-0.0145650854717004,-0.0499460831197931
102.293860652,0.201205007228772,-0.0257938654392478,0
102.303921202,0.200897809633643,-0.033783474469588,-0.0497730105747256
102.313893523,0.200528227242791,-0.038091718969102,-0.049900164275548
102.323903026,0.200136667609345,-0.0381179439505236,-0.0996373254273737
102.333907887,0.199765320837634,-0.0343083900730233,-0.0996622878517707
102.343912377,0.199450178990129,-0.0276453446945269,0.0498792964023533
102.353897772,0.199212693576405,-0.0195388733052805,0
102.363901001,0.199059623798246,-0.0112569650042431,-0.0499494651231521
102.373859277,0.198987987613188,-0.00362894420979988,0.0498326618963961
102.383909892,0.198987012649107,0.00264837975560807,0.0497338929692261
102.393907605,0.199041083199197,0.00747682134135313,0
102.403905437,0.199136515766695,0.0112366255857314,0
102.413909057,0.199265832026492,0.0144684030587946,-0.0498651350216838
102.423900999,0.199425819617098,0.0172473336099172,-7.44844987069232e-07
102.433914778,0.199610877370686,0.0191176127370507,0.0996557209871626
102.443911519,0.199808372989125,0.0195879910322808,7.47317864468245e-07
102.4538543,0.20000145254881,0.0182952183649797,0.0498561461653492
102.463910985,0.200174267586778,0.0156943645106204,0.0497546477233979
102.473894265,0.2003159670643,0.0124749962857935,-0.0498589034363263
102.483909345,0.2004237470535,0.00926107883636924,0
102.493895655,0.200501201513927,0.00642004265475919,-0.0498924863280672
102.503894244,0.200552050957531,0.00358857521375319,0
102.513957006,0.20057319318088,1.45710990885485e-05,0.0996062855000763
102.523914845,0.200552342679692,-0.00490081127717461,0.050081019600682
102.533866373,0.200475621130565,-0.0106919877034132,-0.0498974233244456
102.543897468,0.200338688720294,-0.0162736106772143,-0.0497900722787919
102.55389208,0.200149730571311,-0.0207030061480829,-0.049821568847746
102.563910515,0.199924358485211,-0.0235226547914019,-0.0498139473043513
102.573908189,0.199678898549037,-0.024933424045242,0
102.583907738,0.199425759244425,-0.0252823205926445,0
102.593909474,0.199173219649402,-0.0248231828904304,-7.45181042108799e-07
102.603904437,0.198929377527943,-0.023416467953613,-0.049981745818807
102.613858385,0.198706086614261,-0.0205377684921128,-0.0498647688545852
102.623899847,0.198518716426458,-0.0161243748452204,0
102.633907668,0.198382804459791,-0.0103046075666203,0
102.643903869,0.198312582829994,-0.00308370238928296,-0.049803017378059
102.653928469,0.198321066267912,0.00524048082019794,0
102.663914033,0.198417445710645,0.014171984086106,0.0499129586117171
102.673905171,0.198604175770749,0.0230267392302486,0
102.683895181,0.198877546395162,0.0312781640956774,0
102.693840839,0.19922772686581,0.0379517901999774,0.0996477583372331
102.7039073,0.199637042136907,0.0425539016321102,0.0496680630151019
102.713915439,0.200081979419514,0.0449932608435899,0
102.723901396,0.200536641713567,0.0445772516764339,0.0997865354954433
102.733900025,0.200972837339285,0.0412116245040785,0.0498287022748236
102.743911877,0.201361306142685,0.0351248787371938,0.0498080846340438
102.75391849,0.201675983494915,0.0268394814361642,0.0498694850968042
102.763905396,0.201897921824729,0.0171669701627797,-7.47805487338469e-07
102.77384501,0.202018061469203,0.00699878284227631,0
102.783906384,0.202037904396372,-0.00248062091061014,0
102.793915023,0.201968275375279,-0.0104405811137748,0
102.803935591,0.201828787836044,-0.0159490295685317,0
102.813926669,0.20164910904151,-0.0179540109408405,-0.0499327029079583
102.823903797,0.201470278447051,-0.0153946443390147,-0.0997949764951514
102.833909266,0.201341484067725,-0.0080070910534125,-0.0498574225494453
102.843902751,0.2013101450014,0.00348156314837392,0
102.853863034,0.201410954371065,0.0175304493160348,0.0498335734455833
102.863911276,0.201660903434801,0.0324937209974597,0.099492568212649
102.873906518,0.202062241747978,0.0474847970054134,0.0498673321651885
102.883905957,0.202610346803274,0.0617972193954514,0
102.893911024,0.203298464594158,0.0751785605056687,0.0498481380197558
102.903908337,0.204114096938362,0.0866995838848406,0.0997070353889695
102.913911395,0.2050324884374,0.0950613740639475,0.149552762881923
102.9239097,0.206015453988293,0.0995872890330149,0.15007785702234
102.933842777,0.207017400737461,0.0989258242592499,0.0997073068322553
102.943910166,0.207994016572912,0.0942797403717892,0.14907041135649
102.953908859,0.2089092257387,0.0873119731154465,0.0498626039328609
102.963906743,0.209739957166337,0.0781493757338815,-0.049791855025321
102.973933849,0.210474166206278,0.0680374516000656,0.0997619233809768
102.98389611,0.211099982756116,0.0563435217973335,0.149762550942443
102.993907194,0.211599534805651,0.0427182494632283,0
103.003896244,0.211954353469626,0.0276798228073214,0.0500631964355093
103.013823649,0.212150818751001,0.0113780450500661,0.0498298028342391
103.023905984,0.212182025192786,-0.00500890068081852,-0.0496799392770333
103.03389375,0.212050289608438,-0.0207067634444824,0
103.043911073,0.211767784547177,-0.0347152036048615,-0.0498007234132981
103.053915174,0.211355241797819,-0.0464086673479136,-0.0997291848300738
103.063907002,0.210839800129904,-0.055130927035215,0
103.073934069,0.210251581558248,-0.0608047309874022,-0.049855082006335
103.083906596,0.209623730196876,-0.0632344908573116,-0.15040334865358
103.093822317,0.208993958321924,-0.0611600343139623,-0.0498444150850052
103.10391047,0.208400292576624,-0.0557064376368309,-0.0496635804234681
103.113899329,0.207875539505012,-0.0476957613540348,-0.0498515272980199
103.123911789,0.207446314438834,-0.0370915137746243,-0.0498282864265657
103.133909977,0.207133314279081,-0.0248233143549284,-0.0498331724594574
103.143920475,0.206949632536427,-0.0117658405830172,0
103.153908511,0.206898014716143,0.00107113162857741,0.0505512135796423
103.163644953,0.20697076004867,0.0128127844053555,0
103.173850764,0.207153530504389,0.0225697797970545,0
103.183900258,0.207427917822242,0.0308212191638868,0.0994238560230674
103.19390825,0.207771726676272,0.0367209528996662,0.0498347789333525
103.203908299,0.208162632153418,0.0405610407200481,0
103.213909701,0.208583006344743,0.0428061944131501,0
103.223900621,0.20901842737572,0.043500683370092,0.0997224301206691
103.233906835,0.209452895339186,0.0425050218434034,0.0498253132686576
103.243912164,0.209869018448055,0.0400479251040342,0
103.253832327,0.210250869950463,0.0358159727898021,0.0499988491156323
103.263854251,0.210583263693419,0.0298362929240125,0.049619250097383
103.273927276,0.21085042873512,0.0226950869275147,0.0497226348399229
103.283907418,0.211038372061656,0.0144865115719874,0.0498952235285416
103.29391078,0.211139919997065,0.00601636447439213,-0.0498433610018753
103.303912014,0.211158727002355,-0.00164150520914199,-0.0498532797737213
103.313911097,0.211107089372525,-0.00800086047175731,0
103.323897279,0.210998827685599,-0.0132621610999848,-0.0501948474516128
103.333775612,0.210843642974422,-0.0175992391957164,0.0996593144114161
103.343907227,0.210646667824453,-0.0212567518013716,0
103.353910159,0.21041564790621,-0.0238728259902126,-0.0996605446073267
103.363916928,0.210168979714364,-0.0240887297813953,-0.0498477343011702
103.373912701,0.209933812077031,-0.0215654594054776,-0.0498686141294934
103.383911095,0.209737796317579,-0.0166700315013611,-0.0997616838255548
103.393902116,0.209600587899287,-0.0106022517853944,0.0498943646370929
103.403894943,0.209525922529442,-0.00495900196652105,0.100147792670652
103.413814464,0.209501842526397,-0.000714516447786724,0
103.423900826,0.209511627996986,0.00208317638219877,0
103.433911679,0.209543708570033,0.00405991630779852,-0.0498108615163788
103.443918175,0.20959289675863,0.00560746703767265,0
103.453903227,0.209655810516475,0.00671791860284193,0.0498623421107248
103.463914857,0.209727232840633,0.00728033808820267,0
103.473910781,0.209801472273913,0.00738251144826753,0
103.483912602,0.209874866422035,0.00732727897207183,0.0502419478338774
103.493756377,0.209946886492172,0.00731891835128897,-0.0498602750594325
103.503910113,0.210021226572273,0.00774287445245684,-0.0494772168307601
103.513908711,0.210102923484258,0.00851637802193817,0.049881771790189
103.523899006,0.210191459541301,0.00887292079791737,0.0997222078414072
103.533906039,0.210280358191772,0.00865353341921261,-0.0498323231223709
103.543907734,0.210364605737725,0.00811264002389412,-0.0498035148957352
103.55392664,0.210442778120747,0.00727060159151821,0
103.563905624,0.210510002428586,0.00552145832502554,0.0502213656879864
103.573780666,0.21055240129789,0.0019893989695883,0.0498773776467818
103.583896278,0.210549771815055,-0.00352341969449785,-0.0495449805160975
103.593905738,0.210481492222852,-0.011014490375236,0.0498433784430778
103.603900867,0.210329431462054,-0.0200310048202701,0
103.613904203,0.210080902874039,-0.0298016613064015,-0.0498492941969053
103.623903082,0.209733332225246,-0.0393090494813141,-0.099650760988239
103.633915719,0.209294269201399,-0.0478815035291474,-0.0498424441980867
103.643907747,0.208775478787449,-0.0556397227544674,0
103.653781852,0.208188923069076,-0.0613464182346907,-0.099695112074748
103.66391051,0.207548380922602,-0.0655666555584207,-0.0991242369624358
103.673899965,0.206869845683519,-0.0690984523926341,-0.0997117317243447
103.683909939,0.206166451329965,-0.0712411781733722,0
103.69391105,0.205444232411592,-0.073057358687225,-0.0498462391040546
103.703913081,0.20470507461,-0.0746088823611718,-0.0997541664688105
103.713901822,0.203952743255135,-0.0754902121596621,-0.0996236370082714
103.723930195,0.203193978427316,-0.076337630381463,-0.0501799585566993
103.733772231,0.202435883317364,-0.0754853842227293,-0.0499139092382587
103.743906218,0.201686080655918,-0.0734246926606267,-0.0989063751475293
103.753934357,0.200955485412429,-0.0713444630939409,-0.0498673267185241
103.7639012,0.200259549400555,-0.0669662177696556,-0.0998268466958909
103.773910873,0.199617733691694,-0.0603384089716701,-0.0498310431071519
103.783910741,0.199052205532362,-0.0515504288381038,-0.0498518889280754
103.793911748,0.198586680008307,-0.0403759537455562,-0.0997406902706733
103.803904214,0.198244949991301,-0.0271553842953458,0
103.813774461,0.198047300403644,-0.0118367762924176,0
103.823897385,0.198008295298798,0.0043825643148051,-0.0990529562779189
103.833906901,0.198135532116758,0.0207586648586725,0.0498147287661422
103.84391318,0.198423796479083,0.0357906697828035,0.099741919478241
103.853900277,0.198851108435017,0.04806307921355,0.0997439649068887
103.863906146,0.199384719987655,0.0569481570955397,0.04981890278471
103.873914395,0.19999087557101,0.0636021723532033,0
103.883617127,0.200638381198467,0.0656137503365691,0.100306609816156
103.893795364,0.201295340507425,0.0635061847696749,0.0982275109504233
103.903918748,0.201927659692817,0.0600324366547657,0.0495791239583586
103.913906276,0.202502647558135,0.0532328407183509,0.0498780887418379
103.923909117,0.202991803821695,0.0434601062875569,0.0996756331632572
103.933912948,0.203372139649715,0.0318560817192997,0
103.943919467,0.203629255166527,0.0193308313697417,0
103.953908678,0.20375867373446,0.00669614296718467,0
103.963905949,0.20376308750741,-0.00549510300612045,0
103.973759411,0.203649591911878,-0.0166743424078305,0
103.98391095,0.203429517270867,-0.0263833330243232,-0.0989870394724061
103.993905408,0.20311807336392,-0.0349314770660041,0
104.003909593,0.202730935131561,-0.0417708597843918,7.45146946008946e-07
104.013903022,0.202282755833504,-0.0469764191794396,-0.0498455314086643
104.023913019,0.20179124580676,-0.050067923270728,-0.0498438444834907
104.033907125,0.2012811919394,-0.0503690483626188,-0.099726905606351
104.043909405,0.200784046873249,-0.0477158445180536,-0.100308017490801
104.053787815,0.200332568026448,-0.0415145490915968,0
104.063907095,0.199953851790025,-0.0330296126322954,0
104.073906624,0.199668051558555,-0.0231086881653934,-0.0499133608829186
104.083883636,0.199492220133433,-0.0112990343906747,0
104.093893439,0.19944221984851,0.00193656479421883,-0.0497895377283457
104.103909558,0.19953100162895,0.0160248365332924,-0.0498200005408448
104.113907116,0.199762935750865,0.0297709731956724,0.0996762160745863
104.123916113,0.200126616241593,0.0418508425475347,0.0502093285629123
104.133765605,0.200594030247236,0.0500061880884543,0.0997485449759732
104.143908161,0.201126342354154,0.0539854263982571,0.0989931473102107
104.153910359,0.201681553381614,0.0546931694948579,-0.0498861542282884
104.163895298,0.202219502225812,0.0508575541131926,0.049866237310092
104.173905479,0.202698456279014,0.0424718852625578,0.0996485898990542
104.18390725,0.203069447555036,0.0290927686035848,0.0997896646880178
104.193889289,0.203279840639162,0.0107576726805771,0.0498794978757784
104.203897353,0.203284494539961,-0.0112508560620794,0
104.213759126,0.203056287963098,-0.0346887002160838,-0.0996429661502281
104.223910584,0.202590261569447,-0.0573532077378495,-0.0494823244384558
104.233909681,0.20190058899615,-0.0787758453774618,-0.0997747911927685
104.243897373,0.201015785369591,-0.096290727610726,-0.149544762782243
104.253912114,0.199974540168595,-0.109739864565121,-0.049869070079925
104.263891656,0.198821615461094,-0.118383568587735,-0.14957051569221
104.273911103,0.197606988482628,-0.121694385721507,-0.149455817499828
104.283905993,0.196385983014255,-0.120334438412185,-0.150505859059101
104.293785805,0.195215377378849,-0.111975818485555,-0.149598319945571
104.303901265,0.194146996066215,-0.0990699973404842,-0.0990909162405654
104.313910683,0.193221605768911,-0.0840273590479871,-0.049842633466625
104.323906153,0.192466038159524,-0.0661223814357159,0
104.33394844,0.191896661557441,-0.0469520093055381,-0.0498690181863983
104.343900158,0.191527279450709,-0.0261579507209781,-0.0499424797077962
104.353912737,0.191374436460336,-0.00350432780510544,7.44579025061954e-07
104.363913025,0.191457147804421,0.0211310369045637,0
104.373799246,0.191794659015918,0.0473435067300026,0
104.383895227,0.192403175319288,0.0754588778676155,0.0503197414151964
104.393614161,0.19328987026686,0.102066111496098,0.0996089542801454
104.403915142,0.194446530195821,0.125941946690954,0.147340442204328
104.413915845,0.195846703870925,0.150085586359226,0.199441872459272
104.423912725,0.197447879166142,0.167657278450337,0.149709344696775
104.433896388,0.199196587332263,0.17926097005027,0.199477695992009
104.443906642,0.201032008122668,0.185588226921748,0.250566095550615
104.453793022,0.202889168358035,0.183560540641652,0.0997152019125197
104.463905375,0.204702986364295,0.175059382586682,0.198423272467244
104.473893262,0.20640790396228,0.161701487148849,0.298994992418279
104.483914182,0.207938440212271,0.143317049422266,0.15137382483171
104.493654004,0.209239955200115,0.117283674750774,0.149718984542432
104.503893339,0.210281669163653,0.0900867183835967,0.0985039404283985
104.513898653,0.211063729193352,0.0666655596494498,-0.0996129925072079
104.523912592,0.211616263868662,0.0463698954906031,-0.0501768702990384
104.533769988,0.211985160920561,0.0297817923067942,0.0498473553495439
104.543915585,0.212211988851702,0.0168440622985977,0.0495020607939018
104.553912208,0.212324437729073,0.00642530740662507,0.099739263533576
104.563909344,0.212340454899491,-0.00227957860576555,0
104.573907669,0.212278856503965,-0.00876042522905168,-0.0997839357739947
104.583894152,0.21216537948329,-0.0125941344068004,-0.049883503709536
104.593895868,0.212027122439209,-0.0141221175299407,0
104.60390404,0.211882797493193,-0.0145009760713271,0
104.613774238,0.211738866671502,-0.0145069214328224,0.0498311949381832
104.623913221,0.211592525876491,-0.0149080640398792,0
104.633906586,0.211438732338245,-0.0158235351025539,-0.0498436102665704
104.643917418,0.211275988763063,-0.0165738486026691,0
104.653923452,0.211106975831661,-0.0169843051768896,-0.0499123014995078
104.663894383,0.210936693892995,-0.0168901855978467,-0.0498876884985783
104.673910273,0.21076939471546,-0.0165592227046559,0.0498606162889408
104.683892056,0.210605547972213,-0.0163019825544982,0.050165525219805
104.693786399,0.210445374456157,-0.0154519291724619,-0.0996293956411475
104.703908013,0.21029626282233,-0.01358127787301,-0.0495585515074084
104.71390596,0.210172125107533,-0.0104536341313633,0.0498510439898556
104.723909227,0.210087177448991,-0.00588485775660214,-0.0498681626909837
104.733900308,0.210054461213617,-4.96872971586425e-05,0
104.743909832,0.210086183672987,0.00685670285962443,0
104.753907552,0.210191644940765,0.0144513141692564,0
104.763905738,0.210375150792692,0.0223177739744489,0.0501852676218808
104.773775562,0.210635054697267,0.0294335273879134,0
104.783906648,0.21096384812496,0.0354024288967497,0.0495113498214037
104.793914304,0.211348015078992,0.04025283760314,0.0996811137961347
104.80391222,0.211769129165834,0.0430545692101262,0.0498542519162171
104.813914231,0.212209103320211,0.0442163084599384,-0.0498607662491213
104.823909534,0.212653336570028,0.0438406817267004,0.0498768013003968
104.833905116,0.213085517346931,0.0414444684980196,0.0996926426750908
104.843912643,0.213482354790841,0.0367381134277008,0.050109410901153
104.8538035,0.213816546435351,0.029038290162747,0.0498504256762605
104.863914404,0.214063171730525,0.0193095769860225,0.0495957554156857
104.873907668,0.214204749415087,0.00861380019065781,0
104.883912603,0.214235432220884,-0.00213543026961189,-0.0498395342480396
104.893913501,0.21416202835373,-0.0118078284800944,-0.0498656034295591
104.903908276,0.213999326743756,-0.0199503942820889,-0.0497608962906079
104.913951249,0.213762267380605,-0.0269156728820219,0.0498829140517123
104.92389701,0.213461316518086,-0.033091217403147,0
104.933781762,0.213106051563706,-0.0374681967687135,-0.0996386795408616
104.943911102,0.212711424580883,-0.0401883952481144,-0.0495413426994761
104.953908011,0.212297209914032,-0.0413809502003284,0
104.963899651,0.211884279430137,-0.0400937939346565,-0.0995329107681693
104.973943371,0.211493916318785,-0.0369084249281276,-0.0498316905359966
104.983908633,0.211145779420102,-0.0321360528200586,-0.0499766401570398
104.99389432,0.210852771567911,-0.0263945909175699,0
105.003914897,0.210617722266033,-0.0209765644495784,0.0501361534953909
105.013781793,0.210435600708787,-0.0158994785032359,-0.0498744555668576
105.023907021,0.210299857920261,-0.0113954698149703,0
105.033899709,0.210206347604269,-0.00731709607587547,0
105.043894879,0.210153604842924,-0.00320546692773139,-0.049826904319958
105.053910613,0.210142203313303,0.000848734635515714,-0.0498148706265098
105.063910617,0.21017059289302,0.00439332202716554,0.0996911050458493
105.07391418,0.210230085424826,0.00682504812043667,0
105.083894247,0.210306982129391,0.00794582562420861,0
105.093794382,0.210388050043292,0.00773091564741204,0
105.103903449,0.210461671582225,0.0063080665709002,-0.0495705181704197
105.113909086,0.210514934935178,0.00339426558432445,0.0498388367077764
105.123909562,0.210529577643057,-0.00162879993862789,0.0498735300484092
105.133901581,0.210482371160549,-0.00889789292083032,0
105.143906552,0.210351646567298,-0.0179210879326065,0
105.153910258,0.210123793900617,-0.0278888132538535,0
105.163776808,0.209797488708408,-0.0371876951983223,-0.150479692235739
105.173788416,0.209384571019809,-0.0444130232626394,-0.0495424774902697
105.183902596,0.208903641617785,-0.0502713848470601,0
105.193914942,0.208372782685628,-0.054691370446409,-0.0498767713606851
105.203893493,0.207810312064402,-0.0567708856887024,-0.099757418804
105.213905361,0.20723790889371,-0.056500560615574,-0.0498019079493343
105.22391474,0.206679100384679,-0.0541020026466585,-0.0498887551052048
105.233891456,0.206156621129124,-0.0494166961782325,-0.0997134069574773
105.243913833,0.205690811282058,-0.043271693931951,-0.100107799519333
105.253811759,0.205294635874676,-0.0362426498101992,0
105.263905352,0.204966265659767,-0.0301298322739536,0.0993015499963376
105.273893799,0.204689567377757,-0.0260446408107937,-0.049834938315384
105.28391303,0.204445172872799,-0.0235730968452544,-0.0996556787875882
105.293904477,0.204217853727324,-0.0226357355509047,0
105.303905646,0.203992625304052,-0.0232245851241685,0.0996575961725867
105.31391477,0.203753122974186,-0.0251705884918686,-0.0997018732067798
105.323907202,0.203489174368779,-0.0278662714025175,-0.100346011887738
105.333787784,0.203199336172476,-0.0302211446722552,0.0498447937104615
105.343911223,0.202884629956111,-0.0323661408718759,0
105.353909578,0.202548071353277,-0.0342360725904965,-0.0997187022606869
105.363909254,0.202199975915128,-0.0346173931917758,-0.0997115771670633
105.373909038,0.201855742182834,-0.033574444532343,0.0498589810578422
105.383907284,0.201528553166137,-0.0312570764686622,0
105.393930581,0.201229927282262,-0.0276620111732966,-0.0996874746829434
105.40391143,0.200975198255973,-0.0226317457951023,-0.100407028035432
105.41379137,0.200780442954324,-0.0160983755612996,0.0498494987491335
105.423913264,0.200653201220326,-0.00941256602996586,0.0496041617013526
105.433892131,0.200591243214159,-0.00319877209834273,-0.0498634692121729
105.443909494,0.20058923783773,0.00250322636449443,0
105.453943924,0.200641437391052,0.00756252807704415,0.0498632418941292
105.463906114,0.200740462837926,0.0118941647575945,0
105.473909717,0.20087891382251,0.015474139236126,-0.0498478961182735
105.48390889,0.201049988578859,0.0183255546153776,0.0501441921245745
105.493794299,0.201243309815955,0.0196543630460056,0.0498981590420912
105.503891517,0.20144273438453,0.0191999495906336,0.0494624675255021
105.513952341,0.201630343206201,0.0174345675672495,-7.44603134692995e-07
105.523903736,0.201791638768856,0.0143610045730409,0
105.533913284,0.201917002399906,0.0104698567055593,0.0498577195332621
105.543902272,0.202001020575097,0.00634266304173208,0
105.553911553,0.202043844681591,0.00255083866675983,-0.0498432539620898
105.563906612,0.202052048419072,-0.000443967894014089,0
105.573795789,0.20203501671921,-0.00256619920368218,0
105.583908662,0.20200071917429,-0.00399586845880408,0
105.593903733,0.201954668020009,-0.00494251436245297,0.0498713528655484
105.603901731,0.201901903143608,-0.00520340158589779,-0.0498287319195124
105.613913604,0.201850548625514,-0.00451248729399181,-0.0497824347031129
105.623930211,0.20181152488209,-0.00288233145168084,-7.45415700431078e-07
105.633904008,0.201792929655333,-0.000801900224016043,-7.45943484894768e-07
105.643906471,0.201795505914721,0.00100987824150753,0.0501022564859318
105.653804936,0.201813027169506,0.00203732364650515,0
105.663911473,0.201836262578344,0.00217151371781008,0
105.67389721,0.201856657818119,0.00161684773011071,0.049899600838977
105.683893224,0.201868570027092,0.00074307761709658,-0.049811647858331
105.693914243,0.201871532027302,5.86315005562879e-06,-0.0498109909127197
105.703910521,0.201868687391508,-0.000505639026666216,0.0498715100152338
105.713907249,0.201861422783208,-0.000964310263409407,0.0498858023070414
105.723897799,0.201849413454195,-0.00127463428178153,-0.0500930829082141
105.733811524,0.201836052111939,-0.00103686483244979,-0.0498315734083547
105.743906529,0.201828667105716,-0.00019483900900664,0
105.753900946,0.201832137908865,0.000818748129543544,0.0498422473671116
105.763911273,0.201845045952448,0.00150594010614102,0
105.773897904,0.201862252129918,0.00161472261908268,-0.049894806563039
105.783894944,0.201877314038024,0.00093070441583912,0.0498371826266987
105.793904382,0.201880872247338,-0.000777653274506868,0.0498136856497887
105.803910859,0.201861748596182,-0.00344569126303909,-0.0500737811815776
105.813816627,0.201812260798714,-0.00664679190031979,-0.0498148308059753
105.823926613,0.201728708044616,-0.0102081184264226,0.0496320014839512
105.833906113,0.2016071849465,-0.0141862250381874,0.0499255708544913
105.84389797,0.201445389879896,-0.0179056990747756,-0.0997366196881717
105.853900402,0.201249173224452,-0.0206746839349753,-0.0498590237765701
105.863895684,0.201031943463524,-0.0220389409478898,0
105.873912324,0.20080813165724,-0.0220318808446887,0
105.883907599,0.20059104333677,-0.0207696695050434,-0.0501053467505374
105.893812322,0.200394815275629,-0.0178821097005899,-0.049880500970225
105.9038973,0.200233585310606,-0.0137281971483014,0.0496111868703148
105.913910537,0.20011890301778,-0.00865545310015172,-0.0498275369211716
105.923908249,0.200060381480047,-0.00267560221423658,-0.0498493465329347
105.933912731,0.200065385103224,0.0037261102146418,0.0498455412432784
105.94391197,0.200134917549196,0.00989655328820753,0.0498072217155481
105.953931842,0.200263505302018,0.0154003201273526,-0.0498333094415695
105.963920601,0.200443056871906,0.0200845195910883,0.0501457960168146
105.973815788,0.200662864805003,0.0237088467351738,0.0507840384897064
105.98355465,0.200908557530438,0.0249516828214782,0
105.993907726,0.201164192469248,0.0248297102721907,0.0489996703100096
106.003903691,0.201413818322785,0.0238619506024437,0
106.013910984,0.201641509223532,0.0208632279243873,0.049801220892613
106.023924915,0.201831525682422,0.0164364714480786,0.0498515349976484
106.033912001,0.201970255368385,0.010879416328376,-0.0498966917022423
106.043907831,0.202048928145041,0.00461359895790352,0
106.053817809,0.20206209278343,-0.00214693402561575,0.099757634646816
106.063897908,0.202006010768555,-0.00880827339213269,-7.41186462490858e-07
106.073922279,0.201885007115266,-0.0144050453840271,-0.0996986436005924
106.083899813,0.201717882419263,-0.0176168917906567,-0.0499972269086532
106.093864715,0.201533683378212,-0.0178005287444496,-0.0498378576751911
106.103906618,0.201361750711776,-0.0154771560958791,-0.0497427644550381
106.113909767,0.201223442979458,-0.0117021922270399,0.049840396179639
106.123912404,0.201127639158351,-0.00752920422209775,0.0500905398733352
106.13381535,0.201073569779891,-0.00347605538949271,-0.0498583649218178
106.14391098,0.201058123000464,0.000237388017449288,0
106.153905395,0.201078338915844,0.00355001436366877,0
106.16391332,0.201129131594771,0.00615867084344883,0
106.1739192,0.201201597353164,0.00771721927437741,0.0498939401958406
106.183897338,0.20128335264366,0.007978983105991,0
106.193907827,0.201361086270309,0.00704153992206767,0.0498330329333241
106.203905781,0.201424242893823,0.00540721014818817,7.48296377380799e-07
106.213821275,0.20146876246842,0.0037068557173504,-0.0498241279511713
106.223917501,0.201498423452519,0.00254108429996597,-0.0495395453397161
106.233948555,0.201519907583629,0.00185558152893492,0.0498847914970513
106.243905184,0.2015355122279,0.0011413583399663,0.049992892876719
106.253893316,0.201542671702935,0.000170639988441329,-0.0498368986447856
106.263912075,0.201538926203549,-0.00104272460596967,-0.0498052040424963
106.273913238,0.201521796437656,-0.00276658684754442,0.049874598332845
106.283903843,0.201483617241141,-0.00544776190831596,0.100129428554404
106.293829238,0.20141329881149,-0.00885370533489232,-0.0498354763319915
106.303911305,0.201306477068094,-0.0120636850611414,-0.0496433216370085
106.313914143,0.201171000843087,-0.0142092295012873,-0.0498944661385022
106.323895411,0.201022518319562,-0.0146518914583337,0
106.333914959,0.200877951057977,-0.0134570836287681,0
106.343909767,0.200753183457094,-0.010739542454727,-0.049891068351073
106.353900426,0.200663316286653,-0.00659886968618265,0
106.363911928,0.200621191803213,-0.00141037989974213,0
106.37383239,0.200635204645265,0.00438079770087718,0
106.383906958,0.200708785984666,0.0101980577868664,0
106.393921141,0.200840070888829,0.015580239944404,0
106.403905103,0.201020361882209,0.0200493922915165,0.10147410903713
106.413573078,0.20123408028303,0.0222673068311199,0.0997185455266383
106.423903016,0.201465661546962,0.0233874754569464,-0.0490286603712848
106.433909479,0.2017096973623,0.0253360557349034,0
106.443914947,0.201972684946141,0.0280166661160437,0.0500528254417742
106.453829763,0.202267797308065,0.0319897630262359,0
106.463894244,0.202611817922602,0.0375858583277048,0
106.473913871,0.203022675745991,0.0450462130858146,0
106.483906581,0.203513297919449,0.0540388591827103,0.101401545214854
106.493580165,0.204085419838103,0.0608264876436977,0.0997172733415336
106.503905048,0.204729734425317,0.0674231039917295,0
106.513518235,0.205429706405108,0.0715814158414821,0.0997124923466647
106.523904175,0.206161300251571,0.0720432454296388,0.147277749163303
106.533828561,0.206892928205882,0.0714078832232345,0
106.543912903,0.207590081164041,0.0658529069755914,0.0496268664021545
106.553920426,0.208216035922693,0.056975283308933,0.149593326919158
106.563908942,0.208729361151122,0.0437557199514674,0.149608031802618
106.5739144,0.209090886649754,0.027457941373476,0
106.58390102,0.20927830245678,0.0102248631381984,-0.101422664281956
106.593576452,0.20929192844047,-0.00657152661970065,0
106.603912966,0.209146793420929,-0.0213988450263413,-7.45630880902179e-07
106.613561087,0.208864280333197,-0.0338025942976522,-0.0498742914796705
106.623904857,0.208471015640213,-0.042581381451247,-0.0980185500409809
106.633905836,0.207997972815498,-0.0497164471698426,0
106.643906593,0.207476600389064,-0.0530010124836536,-0.0498547003404211
106.653905882,0.206937950127778,-0.0531195300659432,-0.0997039618422272
106.66390773,0.206414149390839,-0.0500762745431241,-0.0498465530880204
106.673908898,0.205936273606872,-0.0441272532653637,0
106.68390067,0.20553191586394,-0.0357009591633597,-0.0501942792437654
106.693773341,0.205227093938526,-0.0242625014943997,-0.0996985588648652
106.703902592,0.205046619201524,-0.0109162720814765,0
106.713805322,0.205008419383599,0.00356583455679397,0
106.723903806,0.205117940221583,0.0178777734960366,0.0496315666716457
106.733894984,0.205367577810447,0.0310808839633902,0.0498415098877066
106.743908846,0.205739714548506,0.0421352031040064,0.0498203938529692
106.753908503,0.206210851498338,0.0507671292095994,0.0498799576462089
106.763898466,0.206754530169897,0.056795196646471,0.0500559171562509
106.773828152,0.207342191880421,0.0593863989405916,0.0498436076710589
106.783902963,0.207942525209345,0.0586249645134264,0.0991558777507878
106.793939695,0.208521230375107,0.0550892021890181,0.099691528659346
106.803906445,0.209044501073727,0.0482752131516595,0.0499130172215677
106.813916075,0.209485594377605,0.0399629628064552,0.0507363006488433
106.823558674,0.209829862370318,0.0295365079376348,0
106.833909218,0.210076122004523,0.0199042850907239,0
106.84389581,0.210234658523191,0.0124039657021362,0
106.853830632,0.210323226540517,0.00643824970478616,0
106.863909155,0.210363509435729,0.00271248386476449,-0.0496501666438297
106.873912768,0.210377699010387,0.000997250312352023,0
106.88390977,0.210383455055285,0.000653270504588155,0.0497846924899902
106.893940639,0.210390782627781,0.00104924614800474,0
106.90391018,0.210404440408436,0.00184900973431822,0
106.913900845,0.210427689242974,0.00299738929216188,0
106.923542715,0.210463286758623,0.00427804033270549,0
106.933834569,0.210512966518227,0.00556715124354685,0
106.943908622,0.210576666843104,0.00690244370902417,0
106.953901995,0.210651480796577,0.00768322705745548,0
106.963909709,0.210730339735921,0.00751963066340162,0.0498712675373826
106.973895397,0.210801823795322,0.00617561871825627,0.0498408471088623
106.983915314,0.210853886724629,0.00379040730651529,-0.0995625777464994
106.993924787,0.210877743341523,0.000517142644650724,0
107.003907413,0.210864225491578,-0.00393559222161928,0.100204239602728
107.013825918,0.210799420605158,-0.00984289494338381,-0.050286765752346
107.023735618,0.210669058552847,-0.0167027926105781,0
107.033908409,0.210463986922881,-0.024175902969683,0
107.043894192,0.210181706823816,-0.0318605002171708,-0.0997097524293535
107.053908235,0.209826782462265,-0.038628099308753,0
107.063901694,0.20940885504964,-0.0442964264526837,-0.0498522403709601
107.073908969,0.208940821419634,-0.0485122563291256,-0.0996773993863842
107.083907862,0.20843831069946,-0.0513506900205081,-0.0499730712821269
107.093861641,0.207916237944681,-0.0526126914672327,0
107.103907148,0.207386094435577,-0.052746811635249,-0.04974437751374
107.113906043,0.206858959648046,-0.0518538909092503,-0.0996780669526103
107.123913481,0.206348688226701,-0.0495343457809736,-0.0997223802522947
107.133903187,0.205868414202518,-0.0463276062564166,-0.0498872524541877
107.143900178,0.205422752397719,-0.0431046417872995,0.0996762235696137
107.153909591,0.205006045324646,-0.040605370800413,-0.0996948030634874
107.163903003,0.204610530271538,-0.0388744934163046,-0.100058821049485
107.173839496,0.204231280363936,-0.0374340347572676,0
107.183913895,0.203861441844886,-0.0368468702618427,0.0496357520563594
107.193927464,0.203491101613216,-0.0373465372676819,-0.0499010093326316
107.203895082,0.203115213699938,-0.0377462399162589,-0.14983173055244
107.213891587,0.20273753103674,-0.037529718440293,0
107.223911107,0.202364017917394,-0.0369207821572914,0.0498404037095158
107.233897071,0.201998912920025,-0.0356481626479998,-0.0498688161571444
107.243905193,0.201651265487668,-0.0330964335498179,-0.149930727480588
107.253848012,0.201338607926962,-0.0285799898170318,0
107.26390662,0.201079624907682,-0.0224930019486131,0
107.273908438,0.200887388725854,-0.0154477471339733,0
107.283901801,0.200770744407696,-0.00751901554489129,-0.0498392851242843
107.293914371,0.200736963804637,0.000905352083785372,-0.0498208521313667
107.303915435,0.200788863792942,0.00909734879870262,0.0498567148469115
107.31391331,0.200918901128324,0.0159648576627293,0.0498550720351173
107.323915033,0.201108154528324,0.0207399617044329,0.0500978083100838
107.333816005,0.201331682260439,0.022866905772661,0.0498721386240216
107.343907787,0.201565326950178,0.0228238229479461,0
107.35391724,0.201790469289114,0.0214627890484654,0
107.363906513,0.201994555387554,0.018931343244318,0.0498530479607299
107.37391765,0.202169103915851,0.0156714523840831,-0.0498332321821565
107.383914876,0.202308115495592,0.011817145046796,0.0497882903820544
107.393944373,0.202405762606354,0.00747249337896694,0.0997757646495535
107.40390147,0.202457465186925,0.00308600706852404,-0.0501661965884775
107.413820233,0.202467099650807,-0.000381911285970064,-0.0497975895221365
107.423924154,0.20244981829793,-0.00209110896676358,-0.0496374565553134
107.433907211,0.202425095590996,-0.00217473760589063,-0.0498777469146616
107.44391466,0.202406344192771,-0.00151882502939605,0.0996662750775617
107.453915612,0.202394706330759,-0.00121358865028982,0
107.463913196,0.202382074196459,-0.00183567461451347,0
107.473905431,0.202358011527472,-0.00333395295787612,0.0997197422883851
107.483910869,0.20231540289541,-0.00503590096243737,-0.0500207111959758
107.4938391,0.20225762754457,-0.00573390752471494,-0.0997244519413948
107.503907747,0.202200742646175,-0.00460087474948269,0
107.51390439,0.202165309658468,-0.00162852887439118,0
107.52391868,0.202168154263981,0.0027460629729549,0
107.533930241,0.202220301906401,0.00800271966604243,0.0498820163478499
107.543907475,0.202328118986828,0.0137517708449155,-0.0499548080827459
107.553889611,0.20249477858885,0.0195710511449095,0.0498899000784602
107.56389341,0.202719264742892,0.0251035400003541,0.0499882231090499
107.573835639,0.202995494500596,0.0296562500525361,-0.0498114242745771
107.583910832,0.203312906415131,0.0327586941978067,0.0496503770960407
107.59391799,0.203653366095778,0.0338091322946416,0.0997819569640006
107.603896335,0.203988598930033,0.0315928367754356,0.0498605290228619
107.613915698,0.204285150420505,0.0261639414780028,0.0498283610053558
107.623906654,0.204512147745305,0.0180452507716378,0
107.633906982,0.204645898153532,0.00792283503177444,0
107.643907427,0.204670610570292,-0.00339377744885725,0.0501103946388547
107.653804678,0.204578369801563,-0.0149671546752611,-0.0498650651950923
107.663903017,0.204371333481939,-0.0257277846819325,-0.0991711689592635
107.67391312,0.204061024135498,-0.0354293035559293,0
107.683922919,0.203662042296821,-0.043599985928318,0
107.693907966,0.203189249131259,-0.0501112351574778,-0.0998042728882147
107.703903804,0.202660775469931,-0.0545284974845469,-0.0498506078234852
107.713909355,0.202098603441485,-0.0567120856780031,-0.0498451651094604
107.723907377,0.201526331124089,-0.0569064704103369,-0.10034001865475
107.733783556,0.200967632810349,-0.0541974356566213,-0.0997016937576774
107.743908969,0.200442296128639,-0.0500271238176618,0
107.75391139,0.19996069516665,-0.045842849365483,0.0498616759728738
107.763906217,0.199525565300851,-0.0409437450069012,-0.0498754809117749
107.773903103,0.199142159567327,-0.0350356556822974,-0.0996957251187276
107.783908857,0.198824759693074,-0.0274581558080805,-0.049833707895144
107.793911275,0.198592772063116,-0.0181057111401437,-0.0498667685208109
107.803903764,0.198462737682658,-0.00762509468194357,-0.0501605711018548
107.813789067,0.198441202017048,0.00283720823232776,0.0498484993783779
107.823905999,0.198519488188465,0.0117224446518108,0.148782908431236
107.833893924,0.198676880090463,0.0187137923940771,0
107.843901681,0.198893683230191,0.0240734263662931,-0.0996469394345248
107.853906357,0.199158647922699,0.0283349419976593,0
107.863907581,0.199460549246302,0.0309427512271293,0.0997206021252322
107.873904007,0.199777430231776,0.0308818643214478,0.0996813878436774
107.883913098,0.200078356907976,0.0279167323881305,0
107.893799923,0.200332859194365,0.0219179237486493,0.0498508269400941
107.903914698,0.200516750451627,0.014013704983765,0.0495410172489011
107.913926605,0.200614908578215,0.00537200001245325,-0.0498797923122275
107.923904683,0.200624136651296,-0.00325808791963464,-0.0997954241386238
107.933909411,0.200549802839386,-0.0113876831896314,0.0498503808148832
107.943906462,0.200396362728815,-0.0192538077024733,0.0498812021621887
107.953898831,0.200164930390622,-0.0267979531406421,-0.0498605739025444
107.963904152,0.199860465569274,-0.0336247707550294,-0.0501659440977799
107.973774494,0.199496615778643,-0.0383115918122958,-0.0498455887212682
107.983907555,0.199094103358681,-0.0406843217225115,-0.0495339021908084
107.993904067,0.198677657754574,-0.0410323282217511,-0.0498709956508005
108.003901066,0.198273723053024,-0.0384501937850544,-0.0498403389348134
108.013909577,0.197908442018305,-0.0334068867567478,-0.049838662325726
108.023907249,0.197605378763108,-0.0262465300671831,0
108.033899755,0.19738376921038,-0.0172978827004001,0
108.04390527,0.19725945534161,-0.00681811349380554,0
108.053800083,0.197248086515512,0.00534331604578407,-0.0498812096483221
108.063894687,0.197366265114212,0.0188753440810279,0
108.073909439,0.19762765752926,0.0336117134406217,0.0499131010299773
108.083871332,0.198037714381457,0.0482256176298806,0.0498608560107259
108.093906717,0.198592038611726,0.0618695165615685,0.0497784117401893
108.10390173,0.199276985422253,0.0739226491681734,0.0997457759296488
108.11389932,0.200069944789254,0.0832446898675959,0.149532365453533
108.123905921,0.2009422280981,0.0903222467032805,0.0501709623081411
108.133773292,0.201865006591212,0.0934530543507298,0.0498634442757291
108.143902161,0.20281093780163,0.0936020037075019,0.099052575284753
108.153905659,0.203749436481787,0.0916417138390257,0.149534079871858
108.163906023,0.204644125998709,0.0853598880686905,0.0996818113745267
108.173911091,0.205457097918072,0.0755127600689699,0.0498628807192008
108.183902489,0.206154114337995,0.0625059917211825,0.0997879020046336
108.193895254,0.206706227845105,0.0468962943897132,0.0996629080412588
108.203911865,0.207092479925445,0.0300991105076887,0
108.213807857,0.207305579483298,0.0130363836589436,-0.0498874788329907
108.22389877,0.20735303688718,-0.00270506980752141,0
108.233888559,0.207251259782604,-0.0166257575504989,0
108.243904767,0.207020422031502,-0.0282850192409026,0
108.253905335,0.206685084888303,-0.0371346696313894,-0.0498395566259839
108.26391089,0.206277501263292,-0.042368469088754,-0.0997161044003878
108.273903887,0.205837776856071,-0.0434296542644142,-0.0498528211350351
108.283911391,0.205408886419747,-0.0406033593731549,-0.0501823200308606
108.293773064,0.205031021521891,-0.0344709203211182,-0.102319274755883
108.303401147,0.204737056593593,-0.0240370541196512,0
108.313908989,0.204547013202917,-0.01327927258531,0
108.323900531,0.204464839685626,-0.00329988297459468,0.0498964735720359
108.333892291,0.204481070644871,0.00575284763974506,0.0498374317100922
108.343907507,0.204579936770286,0.0132349844026631,-0.049853344332605
108.353892881,0.204745778141565,0.0191257228954112,0
108.363906757,0.204962436883902,0.0232639110252732,0.0501183716871801
108.37378741,0.205208602694111,0.0252447484585848,0.101436738573908
108.383565934,0.20545872786217,0.0239194106700327,0
108.393911238,0.205689952800296,0.0210112161157967,0
108.403914859,0.205886283523069,0.0174028444003468,0.0498806139168963
108.413900595,0.20603782446983,0.0127911814079116,0.0498751640731836
108.423906699,0.206142002775187,0.0084539579928096,-0.0498314614141551
108.433909669,0.206206980340901,0.0053678705224871,-0.0498528956697764
108.443907469,0.206249364318897,0.0040521211050095,0.0502492045683401
108.453752399,0.206287385485915,0.00445688136594848,0
108.463905033,0.206338491089253,0.00662844510027008,0
108.473908956,0.2064209921174,0.0107165892186914,-0.0498619855384231
108.483901858,0.206552788848456,0.0162734584387479,0.0498028482242881
108.493929825,0.206746800896979,0.0228256403535909,0.0498475623489121
108.503904469,0.207009361253275,0.0298403978283162,0
108.513897222,0.207342635967055,0.03680870674029,0.0498478562455181
108.523907261,0.20774563815799,0.0438279030869934,0.0501646620579004
108.53377369,0.208213779880271,0.0497184081036779,0.0498732786414651
108.543899558,0.208739623339166,0.0546574094004149,0.0495507826763548
108.553895804,0.209313602503171,0.0592277190672712,0.0996510873238544
108.563911158,0.209924864762052,0.0624635397923767,0.0498200879140006
108.573909745,0.210563744103226,0.0648606240781955,0
108.583911746,0.211222115381663,0.0662205932641124,0.0498653390860684
108.593905524,0.211887876451384,0.0659537583198264,0.149655134983017
108.603899427,0.212540378063711,0.0638976914713519,0.100559288800677
108.613736241,0.213155013487906,0.0585656001857614,0.0498380445042946
108.623906157,0.213712084213915,0.0518394442194353,0.0494096831705729
108.633916421,0.214201142803354,0.0454441561368422,0.0498429548751816
108.643910916,0.214621183605391,0.0389463324048331,0
108.653902727,0.214979536120375,0.033348479807403,0
108.663911599,0.215288175978551,0.0289692338131156,0.0498776539840634
108.673893569,0.215558655496394,0.0256280950009143,0.0498544840068622
108.683911134,0.215800725961505,0.0235242178976842,0.0502162249940608
108.693749034,0.216025739781514,0.0225130740635821,0
108.703895543,0.216250636441439,0.0233717819129698,-0.0494538424737572
108.713910893,0.216496958353022,0.0265435611066725,-0.0498160428718616
108.72391081,0.21678191290412,0.0304790080473522,0.0498661076265955
108.733906065,0.217106391361318,0.0334202144465092,0.0997187670842905
108.743908828,0.217450250954185,0.0336280895683315,0.099725655925421
108.753902851,0.217778845072005,0.0302128189367162,0.0498497427949598
108.763910863,0.218054568816006,0.0236236280981488,0.100533069020893
108.77373874,0.218247440736737,0.014475147857332,0
108.783911854,0.218344086118024,0.00510596540363153,-0.0989051487744707
108.793901116,0.218350389131048,-0.00306448219769068,-0.0498551914129925
108.803911703,0.218282796936807,-0.00972448426177339,0
108.813875257,0.218156150911251,-0.0151792519941847,0.0499330226029494
108.823880378,0.217979687386992,-0.0196672901019349,0
108.833903262,0.217762254326753,-0.0230338099067705,-0.0498088090997569
108.843898851,0.217518585685286,-0.0248911035508002,-0.100525418918465
108.853740957,0.217268472206299,-0.0244811562309989,-0.0498103841436076
108.863916691,0.217028525816839,-0.0230848607365952,-0.0494280887933518
108.873913321,0.216802795992631,-0.022575850069992,0
108.883905659,0.216577257872217,-0.0241082452359117,0.0498695369851017
108.893907118,0.216320780631358,-0.0291526933458704,0.0498527959680147
108.903906469,0.215994180391618,-0.0378363051843423,0
108.913909445,0.215563966482589,-0.0490983917729132,-0.099711542267096
108.923905936,0.215012238725603,-0.0619145744990009,-0.100607921814753
108.933730576,0.214336749590635,-0.0733959159291486,-0.0996969761506571
108.943908325,0.213544145064177,-0.0839598067616169,-0.0988575680641687
108.953902807,0.212643092973924,-0.0952079224765416,-0.0498854578782816
108.963895741,0.211641184711142,-0.104842934877705,-0.0997347361981051
108.973897623,0.210546777782145,-0.113404586395907,-0.0997031819324871
108.983896885,0.209372963248378,-0.120199732490285,-0.0996260978048494
108.993914093,0.208140803442745,-0.124553840486136,-0.199283731670972
109.003910337,0.206880210940393,-0.126835013432469,-0.150828677454223
109.013746356,0.205625378098744,-0.12363493467094,-0.0997329235278778
109.023905367,0.204408126712599,-0.12047756890145,-0.15204202289218
109.033420253,0.203255114817366,-0.111143053274067,-0.0997840123372997
109.043890309,0.202186939239213,-0.099462165422124,-0.048696369758049
109.05389573,0.201218579536896,-0.0911834124659618,-0.149464530244936
109.063903579,0.200362060986011,-0.0796285257414262,-0.099691526031311
109.073899362,0.199625719811261,-0.067625578254816,-0.0498641973666656
109.083899517,0.199009824116013,-0.0565414006364748,-0.0503034375340329
109.093720403,0.198505010391048,-0.0457305100499034,7.44773509259006e-07
109.103907158,0.198094864488188,-0.036915239726587,-0.0494181463812086
109.113897127,0.197760181787691,-0.0306808901958676,-0.0498554631272639
109.123906898,0.197481254661302,-0.0260566967484235,0.0498090678678701
109.133915496,0.19723856921726,-0.023253421889109,-0.0498643016896344
109.143903093,0.19701627470279,-0.0217067373228763,-0.0499023145243437
109.153896459,0.196804847701961,-0.0208411355575195,0
109.16391018,0.196599304290512,-0.0205328655021812,0
109.173688893,0.196398452316678,-0.019556195860397,0
109.183922827,0.196207933046095,-0.0176496664174908,-0.0986785818810618
109.193897713,0.196041773384987,-0.0145535701657264,-0.0498848339253033
109.203910493,0.195917041146515,-0.00981701209020495,0
109.213909534,0.195845317096283,-0.00435591930454288,0.0498631575086478
109.223906848,0.19582993863775,0.00123987186613485,0
109.233911756,0.195870117288601,0.00669884167434064,-0.0498567971150081
109.243905754,0.195963908142704,0.0118434785038831,0
109.25372245,0.196104744817137,0.0157149831427767,0.0997090145761638
109.263905728,0.19627820739697,0.0179509738883071,0.0493945720026892
109.273908502,0.196467104109497,0.0190141708962036,-0.0498499172518646
109.283907693,0.19665852817774,0.0188324718192796,0.0498284059510796
109.293919102,0.196843953170084,0.0179698975779005,0.0498569588554901
109.303906833,0.197017910675186,0.0168478544290175,0
109.313907597,0.197180716424099,0.0160435639437401,-0.049861047637198
109.323904333,0.197338741845151,0.0160724840616738,0
109.33366504,0.197498267611816,0.0160865309693662,0.0996214600392897
109.343922034,0.197660757212223,0.0162608908227049,0.0492655327263625
109.353904267,0.197827375472399,0.0172823489830111,-0.0499011157565256
109.363903477,0.198006083483333,0.0191014060188068,-0.0498619926401192
109.373901388,0.198209348599827,0.0219393706262897,0.0498445470295374
109.383907597,0.198444961286066,0.0250992512848125,0.0498230254248687
109.393914149,0.198711653917069,0.0279584841803565,0
109.403785634,0.199000721069067,0.0296175867210854,0.100664320073473
109.413724175,0.199298379080071,0.0293535436386661,0.0990555077309611
109.423917405,0.199591659887639,0.0287401600850579,0
109.433894184,0.199878068367648,0.0288693791755852,-0.0498899882452316
109.443903006,0.20016863178096,0.0300347279616707,0
109.453948957,0.200480408019036,0.0329397539722709,0.0498467001135808
109.463905963,0.200827524263258,0.0368974503229488,0
109.47391407,0.201217069784146,0.0409571377411941,0.0498374964762362
109.483912913,0.201646951670189,0.0448970265992779,0.100765696029397
109.493704166,0.20210558625066,0.0465179689630755,0.099695657999997
109.503915417,0.202577427530445,0.0467836787655478,0
109.51390307,0.203050565286812,0.0470170080180719,0
109.52390793,0.203517415674467,0.0459012956616914,0.0498462489283729
109.533906507,0.203968748962799,0.0435778004709605,0.0498425786531612
109.54391284,0.204389185650887,0.0395112316650199,0.0997866686626404
109.553890917,0.204758357615998,0.0333772995702241,0.0498542469307929
109.563912769,0.205056729272503,0.0258527428339851,0
109.573727052,0.205271176112973,0.0169373602765726,0
109.583908432,0.205395403020703,0.00771056847446933,0
109.593909399,0.205426793481492,-0.00157951520461627,0
109.603910153,0.205363809998265,-0.0110726580070897,0
109.613908843,0.205205346477748,-0.0206566952820844,-0.0498634741994432
109.623906381,0.204950754009678,-0.0303037661576138,0
109.633909699,0.204599245214572,-0.0399545577228693,0
109.643914635,0.204151333070301,-0.0499261901770095,-0.100879220094491
109.653677672,0.20361230563516,-0.0579741572552846,-0.0498792209090314
109.663904849,0.202992417260298,-0.064561465896895,0
109.67390626,0.202306318340856,-0.0707999796861474,-0.0997339859588757
109.683899666,0.20157678462287,-0.0735791658472998,-0.149671990948015
109.69389169,0.200835807072356,-0.072933491365879,-0.0996524095989375
109.70391115,0.200117277227338,-0.0693629320082088,-0.0996162567780671
109.713910287,0.199447258489745,-0.0638925442632452,0
109.723915675,0.19883913722831,-0.0582674496691014,0
109.733649452,0.198297107686598,-0.0507473746310541,-0.0498956155324911
109.743899022,0.197825034831719,-0.0427674203752705,-0.098502889453107
109.753894317,0.197431287034702,-0.0350290695570669,-0.0996634284647035
109.763908144,0.197124133905405,-0.0264100074307637,0
109.773903182,0.196902852761371,-0.0184552862761626,0.0498518911928378
109.783909317,0.196755006531831,-0.0119415454708261,0.049827526961118
109.793914135,0.196663891056207,-0.00683440236364586,-0.0498949055628457
109.803893247,0.196618428313404,-0.00239527367886201,0
109.813687467,0.196616528514524,0.00224846860078008,0
109.823911069,0.196663437757627,0.00747422542882313,-0.0985513062389154
109.833922386,0.196767768860664,0.0134564556362067,0
109.843906879,0.196932510487802,0.0189954811695542,0.0997512193719299
109.853913898,0.197147517250411,0.0230896826846737,0.0997658163175299
109.863895466,0.197394040618947,0.0255135988751878,0.0498810306452544
109.873903088,0.197657513425911,0.027057777936076,-0.0498104807964513
109.883912968,0.197935669742898,0.0292070898809423,-0.0504885289990354
109.89365176,0.198234314664044,0.0310313215176093,0.0498691528735137
109.903906919,0.198556108464786,0.0326369892328212,0.0984285150648509
109.913911771,0.198895540424908,0.0343351953096143,0
109.923904377,0.199242725090912,0.0345798677683945,0.0498739965453228
109.933904079,0.199586871791933,0.033772067923289,0.0996918476176833
109.943907795,0.199918281882306,0.0323022168401301,0
109.953907747,0.200233034613267,0.0308321496120026,0
109.963918189,0.200535245343909,0.0303743464790753,0
109.973660161,0.200833001279901,0.0299153157339957,0.0498839247705498
109.983906518,0.201133202516939,0.0300650308471814,0.0984838103679498
109.993908948,0.201441781685674,0.0317875526493788,0
110.003912821,0.201769153926871,0.0344972482184596,-0.0498712905048101
110.013902042,0.202131488412047,0.0387306045073666,0.0498638657046312
110.023908892,0.202543613844473,0.0440409014672221,0.0498421751131169
110.033906815,0.203012516648614,0.0496841855239037,0.0498961873199199
110.04389201,0.203536458786531,0.0553960559817122,0.100938533307959
110.053663172,0.204106940906981,0.0587702752789018,0.0498402018590336
110.063897874,0.204712208921004,0.0608608377563391,0
110.073898712,0.205338492823833,0.0627345502329917,0.0997337864395823
110.083892731,0.205966577281872,0.0615932978461784,0.0996869065853322
110.093902972,0.206570621168205,0.0577864486261078,0.0995982393416233
110.103915099,0.207123598821677,0.0516916349061349,0.0498487185079593
110.113905418,0.207604580304067,0.0439865266523274,0.0498685792113175
110.12390928,0.208003073397125,0.0363118286421874,0.0505503806615904
110.133630221,0.208320823970604,0.0284145462654108,-0.049861678840392
110.143906228,0.208571277601238,0.0223539099341565,0
110.153904588,0.208774035344494,0.0188301965112294,0.0498341935801105
110.163914205,0.20894803173994,0.0168356773718785,0.0498168692011435
110.173919523,0.209111000332773,0.0167178718354659,-0.0498828823009999
110.183902653,0.209282196051794,0.0184567972560712,0
110.19391555,0.209480062949039,0.0216793556620899,0
110.203902631,0.20971578268809,0.0258009620643086,0.0505506375128682
110.213639958,0.209988971651588,0.0285972939220879,0.0994367570989587
110.223957215,0.210289289521223,0.0303608689697243,0.0492256156483185
110.233895597,0.210603950453165,0.0319221894212094,0.0499901909428288
110.243903054,0.210926004371946,0.0326061267231526,-0.0497854588834644
110.253923459,0.211256981459531,0.0336890898093364,-0.0498341985982765
110.263911328,0.211600064911662,0.0346369489648607,0.0997977498608289
110.27390565,0.211949103589404,0.0343548048086068,0.0997768429621978
110.283897706,0.212286693026683,0.0325609715529558,0
110.293633919,0.212591475195102,0.0278032878207873,0.0498247231862684
110.303909486,0.212843086305829,0.0213297781278873,0.0491895219659289
110.313904118,0.21302383404238,0.0138359168261801,-0.0497913726517451
110.32393467,0.213120153086082,0.00482013149723501,0
110.333905618,0.213120243902522,-0.00547321737876656,0.0499242134681193
110.34390657,0.213010842535915,-0.0170101595634366,0
110.353908315,0.212779994834853,-0.0293604638019731,0
110.363912798,0.212423450402907,-0.0422126143451326,-0.101210159387768
110.373611503,0.211948271758439,-0.0526277476606585,-0.0498625540617686
110.383909395,0.211371074541919,-0.0607449471606412,0
110.393896844,0.210716039791259,-0.0676752869532775,-0.0997141049878548
110.403908348,0.210017639658879,-0.0697701700716408,-0.149596210140129
110.413892398,0.209320946588002,-0.0671319648094831,-0.149252092644064
110.423950004,0.208672203913563,-0.060719920869852,-0.0498074829552025
110.433911404,0.208105394127789,-0.051928859051399,0
110.443907568,0.207635830385598,-0.0426265181939274,0
110.453648412,0.207264074197183,-0.0325573304692272,0
110.463911915,0.206984542249498,-0.0232422373017054,0
110.473898035,0.206793427654147,-0.0146293190328909,-0.0997294042793794
110.4839078,0.206692016068488,-0.00559794131256331,-0.0498634713048852
110.493894563,0.206681488263948,0.00312450192721811,0.0498519961051426
110.503908632,0.206754508706618,0.010559388576815,0
110.513914808,0.206892889810306,0.0158208002506542,0.0995249813147186
110.523945738,0.207071511758245,0.0189498929416861,0.050613683680458
110.533614941,0.207266205221593,0.0194939512330192,-0.0499339378274189
110.543914047,0.207460773000097,0.0186975289668064,0
110.553910375,0.207645679686702,0.0175376823540392,0
110.563906922,0.207811401691191,0.014947668266871,0.0498574275354669
110.573909327,0.207944617386883,0.011001724731708,0.0997103506966398
110.583906628,0.208031432951318,0.00603606817386515,-0.0498891861610298
110.593895548,0.208065255579377,0.000810213904353718,-0.0995503261724428
110.603938483,0.208047663038769,-0.00427381997402384,0.101252011168073
110.613590739,0.207981081878689,-0.00900787096924237,0
110.623904041,0.207867815868476,-0.0131435698152845,-0.0981611293474434
110.633906089,0.207714065657642,-0.0171021353696285,-0.0498396189064543
110.643910139,0.207525668872262,-0.0206651200955976,0.0498527785202577
110.653906906,0.207300746372327,-0.0247442622648252,0
110.663898542,0.207031070586175,-0.0296820689169921,-0.0996767815291578
110.673913497,0.206706909359471,-0.0357223633604118,0
110.683909206,0.206316242375684,-0.0438455579404487,-0.0505761635366556
110.69362795,0.205842518168195,-0.0525065404828813,0
110.703901779,0.205266501532102,-0.0626744869353816,-0.0491558601111907
110.71391203,0.204571223861239,-0.0759111441423976,-0.0498368787169
110.723908678,0.203747754938271,-0.0884745348319964,-0.0498278631150829
110.733922848,0.202800776047081,-0.0997959400282857,-0.149633436623818
110.743899357,0.201752766335662,-0.107975362264035,-0.14966251040465
110.753909544,0.200642705306021,-0.111641083256431,-0.149488315386844
110.763909343,0.199518829822677,-0.112175644751193,-0.101155246623557
110.773623428,0.198431287657771,-0.10452962273423,-0.149524444881822
110.783914494,0.197427698935905,-0.0927862832661571,-0.0983179201886422
110.793906532,0.19654929382451,-0.0799080632062931,-0.0498054672829665
110.803934011,0.19582797810611,-0.0630836544211993,-0.0498469144236285
110.813909403,0.195287439622914,-0.0442215886497323,-0.0998700152370442
110.823901743,0.194944973275338,-0.0240287557376369,-0.0997192557570053
110.833907323,0.194806914487973,-0.00424697928677407,0.0498347864055934
110.843909781,0.194859999552383,0.0133655333629314,0.101128840054132
110.853626502,0.195070471832787,0.026759912712393,0.0997118990349346
110.863909027,0.195395177629657,0.035713137166692,0
110.873905672,0.195794704612624,0.043342818590238,0
110.883342405,0.196237475006906,0.0451133184498985,0.0997165332125976
110.893904138,0.196696901777791,0.0444378812530882,0.0484749607071992
110.903911711,0.197151531384393,0.044556742815562,0
110.913890207,0.197587415914118,0.0421821491242139,0
110.92391316,0.197995235488811,0.0399072705686677,0.0512512553995539
110.933345268,0.198363814297375,0.0342436597144585,0.149691270259527
110.943896016,0.198679521609798,0.0277389557098008,0
110.953916412,0.198934436349691,0.0225445405047808,-0.0997335270656911
110.963890925,0.199130297645638,0.0168011764380407,0.0498541372512925
110.973916385,0.19927045942482,0.0111244758885917,0.0497892493245113
110.983916963,0.199353076822513,0.00514013883645023,0
110.993949654,0.199373433208828,-0.00127882634121974,0
111.003905794,0.1993275145789,-0.00827417097440167,0
111.013346616,0.199212939428856,-0.0148083275980717,0.0498414451101628
111.02391086,0.199031273007951,-0.0203528737461819,-7.2459730600929e-07
111.033911364,0.19879438770919,-0.0251657292457429,-0.149628671815357
111.043902076,0.198528179478802,-0.0264657481572669,-0.0498881493128073
111.053897403,0.198265442234355,-0.0246508483412636,0
111.063895049,0.198035335733488,-0.0202915223143051,-0.0498298203683492
111.073907435,0.197859408223517,-0.0141446087293167,0.0498254726181806
111.083906528,0.197752281192938,-0.00689843829064686,0
111.093360079,0.197725215359293,0.00186469792396894,-0.0498540998606729
111.103906516,0.197789575129041,0.011167028840566,0
111.113905346,0.197954644948419,0.0216425763519707,0
111.12389679,0.198222216160383,0.0314079745396489,0.0498324451586239
111.133914025,0.198583077029023,0.0397788712831321,0.0996771353234453
111.143903011,0.199018041050404,0.0460152307969676,0.0498369659014789
111.153920889,0.199503697493507,0.0500808386539497,0.0499395974608752
111.163869057,0.200017957378687,0.0534749352007765,0.102587322380736
111.173359866,0.200543195528951,0.0524423168933085,0
111.18390599,0.201068740568643,0.0527192558964856,0
111.193199103,0.201589105341145,0.0530779542236458,0.0514751364836819
111.203276435,0.202096884161645,0.0480768309743146,0.0969089397092048
111.2137768,0.202578415801655,0.0461022124897416,0.0998426229174006
111.223249496,0.203017686463937,0.0422630810888323,0
111.233298159,0.203403448580036,0.0353735811926174,0
111.243403146,0.20373059323854,0.0297713128997716,0.0500967220577064
111.253201583,0.203995999643717,0.0235464360293694,0.0503466743237265
111.263207757,0.204196921244538,0.0167969917438714,0
111.273283148,0.204333309525226,0.0102379693975262,0
111.283906771,0.204408837116429,0.00465528274159574,0
111.293901218,0.204429292470662,-0.000341048429846687,0.0515400586549517
111.303252527,0.204402239276721,-0.0045081008926428,-0.0498599505811687
111.313899158,0.204339139739497,-0.00721925400134642,-0.0965754463111349
111.323901437,0.20425316955058,-0.00959797945110596,0.102553820225965
111.33334434,0.204152505282238,-0.0106238556864205,0
111.343897136,0.204040738130055,-0.0111683260563085,-0.0485034100398482
111.353901274,0.203922918740608,-0.0116388174809549,0.04983464941536
111.363905229,0.203807867587486,-0.0106789788057975,-0.0498353019937512
111.373909105,0.203709255537409,-0.00813402694276634,-0.0498761320650955
111.383896681,0.203645256578293,-0.0037702694495986,0
111.393908786,0.203633851351133,0.00224373595773134,0
111.403267091,0.203688718663726,0.00947376320625186,0
111.413348024,0.203818014088855,0.0162760095314223,0.0483397505446981
111.423893931,0.204024441308169,0.0237653780450075,0
111.433900143,0.204306442966516,0.0317087316632725,0.0498142185733462
111.443909931,0.204659123281141,0.0383607733326119,0.0497726105626424
111.453933175,0.205074925566233,0.0442369117169886,0
111.463916703,0.205544161087847,0.0489146082835221,0.0498698811940491
111.473926834,0.206052907564372,0.0518884299518957,0.0997847862521199
111.48390149,0.2065811403082,0.0542482360677807,0.102660127501786
111.49335188,0.207106682045408,0.0531431899776409,0.0513668681144643
111.503312763,0.207612717276947,0.0479510048191432,0.0484911823447521
111.513914305,0.208092670985676,0.0455478891799574,0
111.523893355,0.208550119800621,0.045118377449009,0.0498455089820149
111.53391774,0.208995193516283,0.0445384271011687,0.0498263888978413
111.543904466,0.209441383209108,0.0453652458834323,-0.0498498352047211
111.553919439,0.209902575509504,0.0472186834583169,0.0498356855637898
111.563911844,0.210386105257721,0.0507151975784421,0.15391551639933
111.573353861,0.210888196061057,0.0506097535259711,0
111.583911276,0.2113982715819,0.049362669547442,0.0485031717348431
111.593910896,0.211902946186637,0.0507823769535362,0.0513365336772801
111.603334019,0.212384604638398,0.0458640443805183,0.0498587616576633
111.613909014,0.212820140758116,0.0388608312502872,0.145378001973212
111.623909753,0.213184194765223,0.0318002115428111,-0.049863416845701
111.633905265,0.213456025769979,0.0218051139348701,-0.0498957245107846
111.643893355,0.213619939483662,0.0104713567037551,0.153783488932102
111.653356372,0.213659705249659,-0.00290294418878722,0
111.663903617,0.213561850809873,-0.01638713463522,-0.0970177531576313
111.673911143,0.213322871449886,-0.030695836288936,0
111.68392158,0.212947382694787,-0.0439322268402742,-0.0498355261489011
111.693918585,0.212443899969448,-0.0570309489549662,-0.0506542526445328
111.703605641,0.21182478201667,-0.0668283711727049,-0.0498611626985964
111.71391574,0.21110752267271,-0.0743004717522728,-0.0981907963287259
111.723914853,0.210315797984153,-0.0837058388818653,-0.0512785590709977
111.733360442,0.209479887579992,-0.083973462822332,-0.099764831261743
111.743903488,0.208637283086111,-0.0802056100870961,-0.145547389747997
111.75391223,0.207831518885072,-0.0765339725125397,-0.0996578776766441
111.763913874,0.207105808754022,-0.0667977670089305,-0.0498676235053266
111.773907093,0.206495906685022,-0.0539066328582277,-0.0498664268487785
111.783908918,0.20602794325813,-0.0388016957386968,-0.0498100179683198
111.793924781,0.205719186445854,-0.0226653255262316,0
111.803737135,0.20557853026522,-0.0057368385004733,7.66496654814568e-07
111.813365389,0.205607658817407,0.0110487159183689,-0.0494373207498912
111.823905732,0.205801367363945,0.026065427982875,0
111.833905575,0.206143047556345,0.0399887440298002,0.149633275060239
111.843896333,0.206600766390336,0.049525580831492,0.0997083343276699
111.853905536,0.207133557241477,0.0550718219570209,0
111.863891598,0.207701942064399,0.0568108943426286,0.0498327863651456
111.873914078,0.208270260406989,0.0568714203210937,0.154143657383395
111.883297256,0.208805569397125,0.0520880084361497,0.0512772890529158
111.893358971,0.209283106157613,0.0428761663250237,-0.0482810834354777
111.90394916,0.209691043867957,0.03606226827829,0
111.913916888,0.21002447127571,0.0293674539066345,0.0999778505900416
111.923895504,0.210276817205983,0.0208253147052372,0.0498789264793309
111.93390722,0.210440776230672,0.0118321954561779,-0.0498270862327612
111.943906634,0.210513592807442,0.00277442941619818,0
111.953905052,0.210496258804033,-0.00615160117035231,0.0498889889636923
111.963892934,0.210390645060971,-0.0150975745288349,0
111.973363454,0.210202484129626,-0.0223536248655229,-0.149553904179993
111.983894244,0.209943543280412,-0.0281129492837478,0
111.993907308,0.209624935804031,-0.0344932705846869,0.0996476713899324
112.00390653,0.209253254084396,-0.039255697288836,-0.0498581230927445
112.013905981,0.208839873950565,-0.0422218765296161,-0.149541428414005
112.023909409,0.208408694997021,-0.0425015964369239,-0.0498703905377603
112.033899137,0.207990132902752,-0.0397898858095678,0
112.04391227,0.207612783441966,-0.035311675536628,-0.0512217677614348
112.053365398,0.207302746610409,-0.0264092203999033,-0.0498682520067845
112.063906881,0.207084741353257,-0.0157499717899524,-0.0485340954928614
112.073909642,0.206979175346963,-0.0045138714220033,0
112.083275475,0.206997314010316,0.00794885579268232,0
112.093905825,0.207138122122034,0.0188755903766562,0
112.103897833,0.207386573192525,0.0287919634120434,0.0997946784394963
112.113888631,0.207713466341256,0.0347757626449129,0.1495084067605
112.12390513,0.208082342204163,0.0384666249819991,0
112.133366763,0.20846272434025,0.0376802686511845,-0.0498625291262756
112.143901737,0.208835819728035,0.0352542263093515,0
112.153901848,0.209186672874122,0.0329720822438192,0.0997309454395128
112.163897313,0.20949511550442,0.0275491225894745,0.099685354226623
112.173906569,0.209737785385319,0.0201089367293851,0
112.183915781,0.209897665610851,0.0115951953774523,0
112.193905422,0.209969675993179,0.00311687030424717,0
112.203908849,0.209959981410791,-0.00444859545544083,-0.0512260545241894
112.213370054,0.209883085719722,-0.0102341396335973,-0.0997057120622894
112.223909336,0.209755293634093,-0.0144839103875226,0.0485497988408786
112.233907653,0.209585620976231,-0.0190501832430036,0.0498747829455614
112.24390103,0.209374448200055,-0.0231739330443137,0
112.253897544,0.209122376580634,-0.0267830595646475,-0.0498405556815246
112.263906453,0.20883864176423,-0.0293393497634353,-0.150632862466548
112.273755489,0.208539757386696,-0.0298907492282625,0.0498554783654566
112.283905888,0.208240843667938,-0.0299380581554637,0
112.293369135,0.207952562912107,-0.0287978989982497,-0.154524085350815
112.303263867,0.207683374543886,-0.0251999030593979,0
112.313907473,0.207434998785506,-0.0234635431700592,0.0965737452993914
112.323913295,0.207198865798571,-0.0235619234347584,-0.0498902595411494
112.333893264,0.206964095108181,-0.0236923175433389,-0.0498780856270771
112.343903964,0.206725240520719,-0.0241521292095557,-0.0498200876663804
112.353906906,0.206480723040643,-0.0249125910992995,-0.0498915351761383
112.363889244,0.206227355412074,-0.0268710317113268,0.0512204944446587
112.37337336,0.205957639337902,-0.0282121607344779,-0.0498059673449677
112.38390856,0.205662567251288,-0.0303381749232919,-0.0485662035052216
112.393903715,0.205334785836675,-0.0358697078842089,0.0516145733660183
112.403226387,0.20496964243984,-0.0382602457177716,-0.0498507897662204
112.413905031,0.204569530571836,-0.0398035098055985,-0.144611521482326
112.423911178,0.204146315158445,-0.0443975203137605,-0.0517351792443188
112.433178112,0.20371385356663,-0.0433459874578636,0
112.443904931,0.203279666191671,-0.0429492537885134,0
112.453382382,0.202846095246788,-0.043126193291476,-0.0498358300344314
112.463912251,0.202416826642107,-0.0412185638291362,-0.04861706227732
112.47389126,0.202000748749881,-0.0402583942046237,-0.0498573256315411
112.483910945,0.201611711335477,-0.0366864636643103,-0.0498279675673901
112.493901737,0.201266635112515,-0.0322496429300974,-0.0511472654873319
112.503405561,0.200983016930418,-0.0245358074172406,-0.0498121932031502
112.51391885,0.200775499082898,-0.016133770438541,0
112.523892402,0.200652486940713,-0.00823733850139761,0
112.533381703,0.200615176974534,0.000316672400429708,0
112.543915496,0.200658827701954,0.0077137500687532,0
112.553919303,0.200773598887946,0.0142454383680487,0
112.563915213,0.200943732437856,0.0186601831470941,0.0498798453582967
112.573908968,0.201146609697895,0.0205564306499599,0.0498779415310177
112.583905641,0.201354664284701,0.0196992593031818,0.04985233757945
112.593909663,0.201540608574944,0.0166516943562219,0
112.603596338,0.201682547752806,0.0115539502461963,0
112.613378505,0.201765550606763,0.00487233143215014,0.0491245725027722
112.623893337,0.201781441459012,-0.00170542143723546,0
112.63358792,0.201731085037188,-0.00773273394850551,-0.0498187534338981
112.643907515,0.20162667714534,-0.0119270468937775,-0.0490688457441554
112.65390797,0.201488726847954,-0.014330354760629,0
112.663902631,0.20134014003958,-0.0143294567081879,-0.0498831867643415
112.673896296,0.201202304995868,-0.0123769074305641,7.45464589091346e-07
112.683891724,0.201092736885898,-0.00915348483208659,0
112.69339173,0.201023853836454,-0.00452625871614665,-0.0500290637338038
112.703822065,0.201002527006231,0.00017822011684871,0
112.713911386,0.201027510851944,0.0042188194267924,0.0496375830752435
112.723909292,0.201087271389729,0.00683394787659779,0.0500945815484055
112.733815363,0.201163533593299,0.00754813211265828,0
112.743893978,0.201238118439887,0.00663221151932551,0
112.753908279,0.201296794062251,0.00454906646263152,0
112.763908714,0.201329166804183,0.00157921551641114,0
112.773383863,0.201327550206695,-0.00220653172651313,-0.0498625765037573
112.783905302,0.201285043698339,-0.00662027929573885,0
112.793906303,0.201191685922065,-0.012541732879906,0.0996811362765282
112.80391072,0.201034141089632,-0.0193614943480874,0
112.813908984,0.200804404126937,-0.026279441075299,-0.0996961364815858
112.823913128,0.200508488987232,-0.0319745603958275,-0.0498323355750304
112.833917707,0.20016463400493,-0.0356232669800846,-0.0498663066966403
112.843908519,0.199796187835268,-0.0379011839411118,-0.0512171475977526
112.853385724,0.199426773111644,-0.0358758378688474,0
112.863910413,0.199078603129054,-0.0318326288498808,-0.0485834428749798
112.873908794,0.198773469841474,-0.0272034570470731,0
112.883907802,0.198534605016339,-0.0193002081463614,-0.0498734931801153
112.893901005,0.198387616007868,-0.00886090634942474,-0.0996924632565341
112.903910947,0.1983573590218,0.00363485313159542,0.0499032895627187
112.913881279,0.198460241369387,0.0171734942403369,0.0498685862163408
112.923905424,0.198700734057398,0.0314879813747029,7.63958654475155e-07
112.933386472,0.199074420523281,0.043465687393862,0.0498828049379712
112.943893903,0.199569547037091,0.0531791200570106,0.0485820752967554
112.953909813,0.200165833738291,0.0631511475890214,0.0498196221704676
112.963907732,0.200833443306091,0.068476132258026,0.199443009421709
112.973907282,0.201535183070361,0.0700716378117092,0.049843851851033
112.983912131,0.20223518430746,0.0685821273431455,0
112.993888359,0.202905527837628,0.0644079283715308,0.0996885012616045
113.003916071,0.203523596642129,0.0595540460449369,0
113.013397291,0.204067363672244,0.0495011179473651,0.0997614941784358
113.023905524,0.204513096912785,0.0384792878492908,0.0996648032120086
113.033406137,0.20483728981701,0.0255111741796966,0
113.043904669,0.205023298584325,0.0111821674261077,0.0486382902223927
113.053906064,0.205066523432947,-0.00230870545183849,0
113.063909591,0.20497711311184,-0.0143778222127766,-0.149550691745899
113.073907704,0.204778943409063,-0.0238948635691287,-0.0498726674659058
113.083902133,0.20449939404835,-0.031829815081496,0.0511736074861292
113.093392285,0.204158752798893,-0.0363691791961763,0
113.10390354,0.203771959292991,-0.0390190088305177,0
113.113907046,0.203358287158278,-0.0412873410312281,-0.149648508955256
113.123892106,0.202946684551824,-0.0394256395915321,-0.0997026607964846
113.133908444,0.202569719249403,-0.0346337949247587,0.0498158633608916
113.143907146,0.202253487761053,-0.0276912809875226,-0.0498713877876072
113.153901499,0.202016085945599,-0.0191671830166065,-0.049855052092728
113.163906752,0.201870151652591,-0.00999861710558152,0
113.173396578,0.201821162115235,-0.000248026184633589,0
113.183908903,0.201865190595394,0.00816402820554054,7.26272467891338e-07
113.193913893,0.201988666053597,0.0151855567497468,0.0498537783036085
113.20390902,0.202168903507099,0.0194235739302457,0.0498704204702934
113.213907037,0.202377004364179,0.0206844412397282,0
113.223892848,0.20258225782311,0.0188805778975444,0.0498497602405435
113.233909065,0.202754654211942,0.0142536838900199,0.0498338847746584
113.243901248,0.202867451231855,0.00748003235422014,-0.0511732319187736
113.253393789,0.202900400577875,-0.00142778910552534,0
113.263901919,0.202838894491698,-0.0111352163143394,0.0486338974852957
113.273895874,0.202672105426505,-0.0220239135517332,0.049847911070589
113.283904689,0.202398355214423,-0.0318254237019739,-0.0498276564421266
113.293906775,0.202035250023522,-0.0391074395107563,-0.150805652370462
113.30373998,0.201622647771462,-0.0411996983012118,-0.149600058659412
113.313901715,0.201211464527971,-0.0384669786490856,0
113.323908621,0.200846821088734,-0.0333941679320507,0
113.333396676,0.200560446526508,-0.0237794291087778,-0.0997568511667991
113.343898855,0.200371464736463,-0.0133348662749379,0.0972396730741018
113.353904537,0.200286976942488,-0.00320935602901015,0.049872512803446
113.363891459,0.20030730135228,0.00743486890497966,-0.0498581704611444
113.373903191,0.200435664313254,0.018571618224719,-0.0498110829835768
113.383908719,0.200679054262905,0.0301544922596154,0
113.393906148,0.20103884332528,0.0411829152521466,0.099674629286043
113.403915443,0.20150298948187,0.0518134295945533,0.153414125024549
113.413404086,0.202049098363082,0.0576610016733804,0.0498661101205107
113.423910614,0.20265593107036,0.0615802291465076,0.0486251553343114
113.433909857,0.203311848440088,0.0679781493509002,0.049862670870024
113.443907463,0.20401527985823,0.072927746096171,0
113.453905611,0.204770093710801,0.0780820916079767,0.049843712319351
113.463911918,0.205577269546107,0.0828213290222916,0.0996893783553497
113.473909375,0.20642683203073,0.0860427202804487,0.199429935134857
113.483910698,0.207298018979598,0.0893857492430744,0.102304055751154
113.493402176,0.208169210652961,0.0862135522601886,0
113.503954808,0.209026092904592,0.0822633721870834,0.0485726884266174
113.51392979,0.209857881403556,0.0843828101033567,0.155447958107527
113.523197641,0.210649857227481,0.0763455237595075,0.0499105337350333
113.533907164,0.211383064484925,0.0669527502420473,0.0481531211354959
113.543904116,0.212036212676549,0.0601140566235938,0.0997464544565484
113.553899631,0.212584892778208,0.0483574704431612,0.0996599021125293
113.563913946,0.213003837439347,0.0353366236096974,0.0511265457640583
113.573401856,0.213274035562585,0.0191239152762379,-0.0998083189922131
113.583894021,0.21338593470086,0.00291565814904176,0.0486216626731968
113.5939091,0.213333827675668,-0.0135989833697392,0.0995593070515589
113.603924069,0.213113546411213,-0.0302035297634705,-0.0997816856723333
113.613894508,0.212730197810305,-0.0474169653655613,-0.103670955618568
113.623159714,0.212201450498464,-0.058934209014195,-0.0498305748321614
113.633903938,0.21155095788043,-0.0673864822395039,-0.0480622214185935
113.643905351,0.210803474999216,-0.0802225406849694,-0.051129027053969
113.653405508,0.209986492387684,-0.0834542264414818,-0.0996798705871207
113.663911322,0.2091338921652,-0.0829022417226563,-0.0972794418941845
113.673904832,0.208287052474285,-0.0820908500168532,-0.0997444069628154
113.68390405,0.207492672129525,-0.0744445257566577,-0.0997724417532295
113.693892241,0.206799099290176,-0.0620849282117624,-0.0997530986178946
113.703895036,0.206251533198832,-0.0456206778430575,-0.0498401870168382
113.713897513,0.205886445221101,-0.0272549246660641,-0.0518053404706085
113.723142015,0.205726958236138,-0.00546687123164372,0
113.733408758,0.205779779757117,0.0148106587544666,0.048010542815574
113.743910293,0.206034550114514,0.0335202514880812,0.0486484463860837
113.753904099,0.206466788741771,0.0504071195674003,0.0498880619476799
113.763896367,0.207041990536315,0.0625183213344487,0.0498453394072152
113.773907901,0.207717392863118,0.0700062284341931,0.0997089669478876
113.7838965,0.208442124415827,0.0721477114174669,0.0997830437125243
113.793893037,0.209159274687885,0.068309912001158,0.0995176382573742
113.803934785,0.209810937900831,0.0607309889666304,0.102160564837616
113.813413071,0.210344745657367,0.0468583428702795,0.102596710472959
113.823371838,0.210721725994693,0.0282863581827549,0
113.83388696,0.210923877415015,0.0113979027094014,-0.0485904462394744
113.84389195,0.210955612234855,-0.00428382137630019,0
113.853906627,0.210838116737574,-0.0176094057755619,-0.0498208745354627
113.863905575,0.21060318419119,-0.0274902495947763,-0.0498967432395817
113.873889821,0.210288773746813,-0.0334422517035441,-0.0498550171935447
113.883905195,0.209934351865175,-0.0365206250866743,-0.0511294506342645
113.893390938,0.209576580764085,-0.0344704498869983,-0.0499221312858803
113.903877928,0.209245882773192,-0.0299366841276171,-0.0486589525487446
113.91388216,0.208963141523682,-0.0258425413418194,0
113.923559947,0.208737249383494,-0.0198692857347326,0
113.933883897,0.208565721296038,-0.0146500110876282,0.0490586260270187
113.94388423,0.208439498412196,-0.010824034509145,-0.0498701949743875
113.953877729,0.2083493073685,-0.00762147530594455,-0.0498674518788853
113.963878863,0.208287109810535,-0.00545545051766074,0.051083650088412
113.973396622,0.208242823013579,-0.00421184371627548,0
113.9835106,0.208204424002412,-0.00396263983173671,0
113.993881392,0.208161649248033,-0.00472105598960315,0
114.003885437,0.208108233256156,-0.00593741428277504,0
114.013885014,0.208042879457063,-0.00700530172196982,-0.0501982033459369
114.023748624,0.207969085638061,-0.00751888020286622,0
114.033880576,0.207892535221796,-0.00753894766530271,-0.0495326373962054
114.043878711,0.20781732596567,-0.00770118027711822,0
114.053392065,0.207742273727532,-0.00787374577358622,0.0498638702851081
114.063875079,0.207659879647643,-0.00893018513942403,-0.0486680186051507
114.073879776,0.207559314675219,-0.0115105250666807,0.0498386722603077
114.083881557,0.207429594581128,-0.0153628647001012,0
114.093158327,0.207263140904592,-0.0184793971711679,-0.0498434656491316
114.103886111,0.20705992248253,-0.0210447554254074,-0.0481145316425326
114.113881719,0.206827022188367,-0.0243527212121907,-0.0995960326897972
114.123908773,0.206572316176918,-0.0272093429361128,0
114.13339287,0.20629613658973,-0.0291485720197236,0.0998322276717133
114.143884063,0.205990064997738,-0.0316908208780667,-0.0486636903853948
114.153882097,0.205646816166943,-0.0361078024113569,-0.0997361179014658
114.163878602,0.20526810613422,-0.0392903516722793,-0.049875691060249
114.173873427,0.204861349780846,-0.0417471351880315,-0.0498499398806596
114.183880259,0.204433094255456,-0.0437718702711683,-0.0498421899795374
114.193878493,0.203985690627128,-0.0458802099770485,-0.0498707088011757
114.203873885,0.203515782496374,-0.0497582472476169,0
114.213395113,0.20301457782373,-0.05207384311731,0.0498366495474656
114.223881175,0.202473926015711,-0.0544761114781131,-0.0486600971445653
114.233885853,0.201898321987221,-0.0581495001912748,-0.19943234841361
114.243879713,0.201311021026455,-0.0599805511905919,-0.103699862299952
114.253116136,0.20074487901333,-0.0540869540340817,0
114.263877815,0.200229384602812,-0.0476183400944588,-0.0496105524900073
114.273214608,0.199787823138255,-0.0399437136851534,-0.100742508124957
114.283672614,0.199438706819101,-0.0295328025405057,-0.0493999950734815
114.293398444,0.199191737895157,-0.0197776949282248,0.0498635215787194
114.303668823,0.199043227897778,-0.0104298647572488,0.0491243038523192
114.313695554,0.198980041782894,-0.00282235122635048,-0.0510920543012801
114.323183922,0.198988149434183,0.00370353527308987,-0.0498547208223528
114.333694994,0.199054110414376,0.00858618529969432,0.0498831692950074
114.343172255,0.199159772965153,0.0112268516482628,0.0493217062474733
114.353910868,0.199281071032714,0.0112391693106866,0
114.363890947,0.199392633852437,0.00991622807262425,0.0517638371930115
114.373172991,0.199472078637545,0.00552237947770482,0
114.383905103,0.199503159616795,0.00030677852394374,0
114.393170656,0.199478213491696,-0.00521376397853308,0
114.40390189,0.199398901089048,-0.0101404482572481,-0.0498528186424462
114.413171158,0.199275399436046,-0.0137388626054281,0
114.423909617,0.199124017676748,-0.015557742606647,-0.0498733310286528
114.433163434,0.198964364751917,-0.0154145705575987,-0.0498585347800063
114.443907826,0.198815753873092,-0.0135918914332347,0
114.453167835,0.198692467105338,-0.0107100928966214,0
114.463914969,0.198601475512966,-0.00744202047612586,0
114.473164049,0.198543654871305,-0.0042256923629563,0.0498869886300731
114.483901473,0.198517018695651,-0.00108707254713592,0
114.493161806,0.198521915858666,0.00235910677642504,-0.0498266676229716
114.503912173,0.198564226073622,0.00652990396562475,0
114.5131686,0.198652558302146,0.0114572325400203,0
114.523906972,0.198793311135356,0.0167613433765804,0
114.533146759,0.198987419085177,0.0217038148204415,0
114.543905982,0.199227365944988,0.0253925056776464,0.0996050138453127
114.553167466,0.199495795001345,0.0271280858052562,0.049861053353432
114.563902882,0.199769843564027,0.0265814479786705,0
114.57317293,0.20002756920195,0.0240142331892575,0.0498376559013113
114.583909768,0.200250293589822,0.0197518464165682,0
114.593173695,0.200422621240444,0.0140751469520628,0
114.603913271,0.200531845834103,0.00715954724777331,0
114.613166129,0.200565758016265,-0.00111032291760079,0
114.623170103,0.200510464532213,-0.0103495115214698,0.0480819957610458
114.633903544,0.200351135900797,-0.0215938029419618,0.0498566621956148
114.643169362,0.200078604474382,-0.0326391631816694,-0.0996714907166104
114.653911197,0.199698102849648,-0.0424490983407645,-0.099718779210472
114.663167527,0.199229700401662,-0.0498951180615502,-0.0498601753266618
114.673908748,0.198700322681561,-0.0545832085265778,-0.0498322110488223
114.6831763,0.198137557372642,-0.0580262227433676,-0.102136213346332
114.693433436,0.197567378786678,-0.0543753956889847,-0.0961639036196013
114.703913579,0.197009959621504,-0.0552571649617487,0.0504697510707453
114.713189751,0.196475700829687,-0.0540200574591786,0
114.723159004,0.195970320657178,-0.0468652281348346,-0.0962561805702446
114.73390715,0.195504775199192,-0.0437036724626653,-0.0997489821170715
114.743150815,0.195096605097298,-0.0371218637522824,-0.0498624343715496
114.753903795,0.194762462467999,-0.029273091435159,0
114.763119166,0.194512069732666,-0.021510918596137,0
114.773143729,0.19434859381393,-0.0120146108794531,-0.0497502052496695
114.78316122,0.194271272252631,-0.00348446734892456,0.0480199249064367
114.793907639,0.194276242647499,0.0044890947128982,0.0999309815609393
114.80311677,0.194360854606629,0.0127635042467784,-0.0997137260558273
114.813906668,0.194531500339072,0.0220097994895079,-0.0497741252369675
114.823148893,0.194801757617208,0.0325230570324995,0.0996957001980723
114.833909313,0.195182047503208,0.0437261191929392,0.0498446966529983
114.843152654,0.195676444455001,0.0564851400068663,0
114.853438107,0.196285134166463,0.0662443387640008,0.0498340541003449
114.863160687,0.197001863371055,0.0773258447446739,0.151651647425006
114.873162746,0.197810358539422,0.0844011714453638,0.149632620745807
114.883151475,0.198689109296371,0.0904518391285694,0
114.893164327,0.19961953832635,0.091341070225758,0.0480442525630263
114.903904871,0.200584746697829,0.0971662406733035,0.149638173663423
114.913154174,0.201561876610975,0.0968523362635326,0.14956945369537
114.923904002,0.20252170925842,0.0937264133497059,0.0997311948227195
114.9331497,0.203435985545996,0.0880902713299938,0.0996947432551553
114.943906839,0.204283764597119,0.0780114335441231,0.0961054403019365
114.953899594,0.205054714522825,0.0762464746739324,0.0518122437543478
114.963150966,0.205751061439047,0.0664478284763418,-0.0498252136757035
114.973911177,0.206384440757549,0.0607757005655402,0
114.983103376,0.206963683134768,0.0550669795083846,0.249385197898798
114.993902086,0.207485279733806,0.0487415783399723,0.0497311733630259
115.0031531,0.207940938327809,0.0432471678533295,0
115.013442863,0.208330362996709,0.0347659487078032,0
115.023898282,0.208662164261155,0.0312826199387222,0
115.03314988,0.208946850119646,0.0264408897219618,0.0498516444416596
115.043899554,0.209191015688406,0.0224758410579582,0
115.053098253,0.209395206580559,0.0188763522600898,0.0518484194004524
115.063130254,0.209554021155814,0.0132094470172059,0.0995726645706658
115.073125614,0.209659756944583,0.00784999980767008,0
115.083126911,0.209710994909418,0.0028599483969244,-0.0996877810512117
115.093129848,0.209716968021543,-0.000994366866640461,0
115.10312629,0.209691108189587,-0.00370589165392896,0
115.113124454,0.209642870178044,-0.00577857258472336,0
115.123125271,0.209575542626258,-0.00780574929562038,0
115.133063184,0.209487233450391,-0.0101655029028607,0
115.143117285,0.209372313749907,-0.0131503456037155,0
115.153130222,0.209223344965448,-0.0169238592104624,0
115.163131975,0.209033587954206,-0.0208864087064943,-0.0490659240108065
115.173451482,0.208798906823657,-0.0257917324594592,0
115.183127374,0.208517871972778,-0.030803609077757,0
115.193128469,0.208192784608281,-0.0342394897113839,-0.0498451825521508
115.20313094,0.20783296008053,-0.0368162252222699,-0.049839429574335
115.213134643,0.207456232800461,-0.0372496854902489,-0.0498003657763012
115.223152807,0.207087151831852,-0.0352310209311806,-0.0998810599255502
115.233100167,0.206752827006515,-0.0305777805165071,-0.049883700162827
115.243141226,0.206475950342798,-0.0240897100804826,0.0497232307250364
115.253152794,0.206269765035733,-0.0167718871199687,0
115.263103516,0.206141145068262,-0.00867199311762856,0
115.273015133,0.206097518968625,0.000417423694549885,-0.0497475405648323
115.283146344,0.206149511419575,0.0104028814797819,-0.0496381143678202
115.293102145,0.206306481773744,0.0209695767410354,0.049873949704542
115.303138372,0.20656873578493,0.0308403839213128,0.0497803701102658
115.313131755,0.206924202635938,0.03908736041869,0.049826712740285
115.323149652,0.207350923898729,0.0448330572152422,0.0996245406923173
115.333148837,0.207821629618526,0.0479466669359157,0.0498734152964662
115.343142193,0.208309499603259,0.0485885554845679,0.0498744192757564
115.353140378,0.208792989717627,0.0474659430656353,0.0499172189303919
115.363116593,0.209257603336429,0.045018409746446,-0.0498328983851029
115.373148576,0.209693726973479,0.0416544776178963,0.0996896621732001
115.383120599,0.210090859756624,0.035799941358306,0.0961258375342259
115.393893912,0.210436408785737,0.031661141564706,0
115.403052324,0.210721920923478,0.0266043707845647,0
115.413063658,0.210946407816167,0.0195068429739137,0
115.423098267,0.211112953985843,0.0139116319404426,0.0497450227664945
115.4331078,0.211225254542233,0.00881115200332014,0.0498120485040828
115.443115139,0.211289325687666,0.00468591024520447,0
115.453108024,0.211318973796781,0.00238008469174175,-0.0997028130531127
115.463116357,0.211336930280444,0.00248583212380736,0.049832101466257
115.473116841,0.211368712356839,0.00505549996334292,0
115.483112261,0.211438019572383,0.00985300490264056,-0.049844315415672
115.493120755,0.211565811019553,0.0164698648738178,0.0498725072782195
115.503105166,0.211767300016168,0.024301889023111,0.0500022340680808
115.513061492,0.212050408597166,0.0325890900036357,0.0498350778000284
115.523112788,0.212419330210285,0.0413316611851297,0.0497337590117781
115.533109874,0.2128790415293,0.0508536339537482,0
115.543118103,0.213436673176424,0.0608233124066457,-0.0498475947456663
115.553112472,0.214095665796398,0.0703916076953495,0.099748909204286
115.563110078,0.214843940437679,0.0778190387036246,0.1499531104029
115.573060435,0.215647997101154,0.0807532040700862,0.14948478930631
115.583120536,0.216459849036089,0.0789121721262374,0.149129264045229
115.593118698,0.217230838203563,0.0731967569879933,0.0498483147860558
115.603123144,0.217923975072991,0.0644381698048587,0.0498730341693854
115.613111093,0.218519111547379,0.0543180514129743,0
115.623123521,0.219010356579156,0.0439135685904465,-0.0498470913553587
115.633113893,0.21939750587718,0.0332707755362399,0.0997257165538962
115.643119996,0.219675654810397,0.0219561434391606,0.150129988362178
115.653038354,0.219834970200844,0.00988840094618468,0
115.663113951,0.219873363053937,-0.00149242132083053,-0.0993131914059697
115.67311804,0.219805002849342,-0.0109692965825096,-0.0498790936550769
115.683104216,0.219654083908389,-0.018092062561376,-7.47106391571726e-07
115.693063206,0.219444153658273,-0.0230898797465332,-0.0499472240183798
115.703066915,0.219193147589063,-0.0267073782775941,-0.0499516529999355
115.713024135,0.218911049576698,-0.0296535271063434,0.0497222760831999
115.723119927,0.218598505054157,-0.0328406989798563,0.0497438475308494
115.733068451,0.218252780228685,-0.0361009143866407,-0.0999667739338896
115.743068183,0.217878354772138,-0.0382618579731472,-0.149572635057251
115.753067057,0.217487596406252,-0.0394205335259554,0
115.76306429,0.217090097565756,-0.0400057392762797,0.0498651001083445
115.773062633,0.216687658606117,-0.0404962592497686,-0.0996917854589401
115.783067571,0.216280039512534,-0.0410363422543469,-0.0997023172809837
115.793063801,0.215866883830582,-0.0418404148849518,0.0498492995591657
115.803069186,0.215443163642565,-0.0433407766062465,-0.0498544959375455
115.813063929,0.215000062750838,-0.045645500676431,-0.0995451844294658
115.823101926,0.214528759195344,-0.0490915553876166,-0.0498444772616697
115.833068077,0.214018028011314,-0.0540438486447628,-0.0499448155638995
115.843065886,0.213449829962754,-0.0609956932516136,0
115.853041094,0.212799759993072,-0.070271218423477,0
115.863070944,0.212044050162462,-0.0813997805565444,-0.0995766936819272
115.873067495,0.211169615346335,-0.0933967100693007,-0.149739033031561
115.883047426,0.210178312464903,-0.104234921737859,-0.149331878753477
115.893098443,0.20908169104922,-0.114243797618188,-0.149437815675885
115.903064174,0.207891523157418,-0.123581464453998,-0.0499318748687174
115.913067577,0.206613876225621,-0.131916711270941,-0.0996569636763468
115.923074594,0.205251814359867,-0.139945326556912,-0.149437360273226
115.933084386,0.203812617353489,-0.146736808860738,-0.0995632885794129
115.943103841,0.202312786571204,-0.151444181342503,-0.199213685448946
115.953104875,0.200780630786809,-0.153628622079805,-0.250347061434256
115.963017883,0.199253419738703,-0.150801173036541,-0.149692573702178
115.973087557,0.197767218900792,-0.144848578220957,-0.0994631206144169
115.983067451,0.19634926831996,-0.137447997570003,-0.0997768329776778
115.993073937,0.195020130991118,-0.127358991057538,-0.0996678242614631
116.003075541,0.193801058164571,-0.115071843079677,-0.149614082503009
116.013067202,0.192719469138388,-0.0998131243337605,-0.149810490271835
116.023042594,0.191808084220903,-0.0810266100580488,-0.0996786848450543
116.033073112,0.191098458069962,-0.0598032000852691,-0.149590168247104
116.043038856,0.19061224376356,-0.0372406362589951,0.0498487934534031
116.053075229,0.190353566506355,-0.0151146266401362,0.0498682624556749
116.063033164,0.190310037263212,0.005372333153878,-0.04986464873342
116.073070986,0.190460990374623,0.0234828663571598,0
116.083043641,0.190779940620346,0.0387077075497869,0.0501645660379487
116.092947195,0.191230352859793,0.0492532556659011,0.0997538121792951
116.103034484,0.191764554721602,0.0547333358019947,0.0993284322269133
116.1130238,0.192329212423022,0.0554816626865526,0.0996928692950204
116.123037697,0.192874366237915,0.0515546212531556,0
116.13302697,0.193360468276235,0.0443153517106195,0.0997339131799801
116.143032678,0.193760450853377,0.0349068633611122,-0.0498296659738339
116.153037064,0.194058957893336,0.0243134108828029,-0.0498576621927573
116.163031237,0.194246684035408,0.0127275988475668,0.149957134997942
116.172984591,0.194312842014993,0.000126362553161374,0.0497945604689691
116.183055139,0.194249214306789,-0.0125601079826925,-0.0499297109638395
116.192954292,0.194062020414051,-0.0238330964892368,-0.14976616134591
116.203028102,0.193773196752434,-0.0325610216267403,-0.0496647777008457
116.21303082,0.193408308151653,-0.0392900925847059,0.0498025546954928
116.223049089,0.192986570319567,-0.0442700081148989,-0.0498644218021828
116.233026668,0.192523091798429,-0.04763351249902,-0.0996850777536324
116.243053716,0.192033679669324,-0.0494930267293275,0
116.253012532,0.191533930897268,-0.0497893850444909,0
116.263007515,0.191040192287813,-0.0479781934467376,-0.149407986956684
116.273033376,0.190573366970869,-0.0442206077007704,-0.049864718139252
116.283003543,0.190155955778051,-0.0383808276805321,0
116.293030088,0.18980587661342,-0.030925960344507,0
116.303011355,0.189537194977559,-0.0220820817464027,-0.0499107497032219
116.313007077,0.189364743109275,-0.0116936014686076,-0.0995943682697719
116.323034202,0.189303055784474,-0.000271099521488773,0.0498463761600246
116.333010164,0.189359320281961,0.011379891207039,0.049854600899692
116.343033989,0.189530651184698,0.0224887395238198,-7.46539183718594e-07
116.352970484,0.189808202719253,0.0324670789644497,0.0498359769967772
116.36304125,0.190180228507447,0.0412472833311847,0.0498682844298819
116.372965082,0.190632925568052,0.0486123515896224,0.0498823924869337
116.383030193,0.191151938032468,0.0546098784832317,0.0997387068277273
116.392959102,0.191724796570644,0.0598257842197916,0.0500163630430056
116.402965297,0.192344571262771,0.0643017115647814,0
116.412961875,0.193011009110585,0.0690501647784994,0.0498626513104847
116.422961855,0.193725336887674,0.0736662683811969,0.0997273644350354
116.432958169,0.194484061471019,0.0776284462528256,0.0996773470418058
116.442968183,0.195278397045539,0.0806812211061909,0.099683722368606
116.452963068,0.196098081150445,0.0827430367976926,0.0498180838553423
116.46298263,0.196934453170145,0.0841335476420397,0.0997338254385887
116.472958216,0.197780343887312,0.0848383067882217,0.0998050885894744
116.482963501,0.198629596433939,0.084780261459588,0
116.492963243,0.199476375306879,0.0839052329614705,0.0995452539973008
116.502996227,0.200310446975822,0.081826467206711,0.149474129901045
116.512975128,0.201113877158575,0.0778547023507414,0.0998085637670893
116.522976253,0.201865985953012,0.0717978306923929,0.0498379573365616
116.532981594,0.202550298017197,0.0646276867463803,0.0499543908536105
116.542936088,0.203155943916902,0.0562360368468642,0.0498476246503589
116.55298418,0.203675164180525,0.0471382694432216,0.0993154369195468
116.56301532,0.204102444165131,0.0381353156495465,0.0498405406753972
116.572989908,0.204438088932604,0.029439291061522,-0.0498697240545931
116.583009042,0.204691045166492,0.0219345989196932,0.0499815528969944
116.592938896,0.204875661983238,0.0158565604343982,0
116.602966855,0.205007507434465,0.0112808840237457,0
116.612997019,0.205101935342535,0.00829851737031876,0.0497663120335584
116.623002123,0.205173770453982,0.0068571295695016,0
116.633001472,0.205239108468723,0.00712874359009284,-0.0498830495058351
116.642990504,0.205316262496912,0.00918871474718691,0.0498576297829881
116.653000044,0.205422869642182,0.0129184478315912,0
116.662947258,0.205574072782349,0.0179355621731729,-0.0498759155992076
116.672991284,0.205781423770121,0.0236976871450103,0.0993858415508468
116.683012116,0.206049563509842,0.0298259267579164,0.0499279658340644
116.692961683,0.206377059428021,0.0357109330055843,0
116.702942422,0.206761293332189,0.0411516911145243,0.0498925587269215
116.712946553,0.207199470625225,0.0462564022662294,0.0498175415216881
116.722957386,0.207687113558317,0.0508638078001478,0
116.732946605,0.208216749426146,0.0543812922948874,0.0996314912120638
116.742972922,0.208775584271972,0.0564715231494988,0.0996984066518781
116.752948707,0.209346298592278,0.0569272904196044,0.0499235660483405
116.762945081,0.209912545167671,0.0557486781014997,0
116.772953681,0.210461549448233,0.0533529381824432,0.0498280598295252
116.78295582,0.210980176888523,0.0494985474426857,0.0997241577091946
116.792950618,0.211451368783036,0.0438364543082294,0.0498752394936007
116.802947331,0.211856533847027,0.0364412786506168,0.049848409661293
116.812952889,0.212180277114192,0.0277706821819806,0
116.822968578,0.212412537534351,0.0184101822213159,0.0498599559160063
116.832950528,0.212548437292178,0.00881292198767823,0
116.842956908,0.212588693127305,-0.000387693811714247,0
116.852937501,0.212540688466431,-0.00849645136675697,0
116.862945394,0.212418861928111,-0.0147456255591432,0
116.872951476,0.212245569885131,-0.0183263936640963,-0.0498234235603373
116.882957696,0.212052108603534,-0.0185047889353913,-0.0997039373754126
116.892952319,0.211875458506886,-0.0150161987514788,0.0497971020634409
116.902980576,0.211751441057877,-0.00820075434596889,-0.0498678130517183
116.912947106,0.211711486170499,0.00141098558176957,-0.0997440297633411
116.922973529,0.211779650826297,0.0126204656870839,0.0498373420341494
116.932954118,0.211963983978946,0.023635809860574,0.0997095330664527
116.942973399,0.212252363950853,0.0327152604210075,0
116.952943869,0.212617953888662,0.0386487460215744,0.0499450848763701
116.962936953,0.213023930279087,0.0404311993145593,0.149543304912381
116.972946497,0.213426684128145,0.0380495244724265,0.0498607933153585
116.982934555,0.213784829525776,0.0320656661784337,0
116.992954588,0.214068256895019,0.0235993170389053,-0.0497861524341173
117.002962138,0.214257466806516,0.0134079592291938,0.0498458975752225
117.012958166,0.214336464053281,0.00170368729742898,0.0996493919551403
117.022974228,0.214291561150044,-0.0108812836563798,-0.0499097956371942
117.032936134,0.214119078116595,-0.0230595935998223,-0.0498456982280762
117.042977886,0.213830284926054,-0.0334666121734429,0
117.052938751,0.213449658291002,-0.0409638517791672,-0.0999302454376293
117.062933583,0.213012822711996,-0.0444377915514546,-0.149586784077388
117.072935565,0.212561044038777,-0.0441978158915961,-0.0498584724513188
117.082931817,0.212128944447507,-0.0412954754305292,0
117.09293302,0.211735239627151,-0.0371972521944568,0.0498601105005912
117.102929394,0.21138508953256,-0.0327768007910627,-0.0498536384604017
117.112933492,0.21107968814068,-0.02818537831501,-0.0996449228784564
117.122942232,0.210821020122373,-0.0235318344105062,0.0498571009543247
117.132932575,0.210609073031162,-0.0189516142080559,0
117.142939682,0.210442036164828,-0.0144850897013807,-0.0997477865912
117.152924775,0.210319484220834,-0.0101376829452707,0
117.162935523,0.210239324668546,-0.00628015262001742,0.0498305673611085
117.172934208,0.210193821927754,-0.00333172773791951,0
117.182934845,0.210172692372699,-0.00128457423648913,0
117.192935147,0.210168129236809,0.000131995002139903,-0.0498586544515035
117.202933006,0.210175332030003,0.0010264191638311,0
117.212976411,0.210188699974246,0.00125404287812651,0.0996767491705
117.222939454,0.210200420973634,0.000843934870972073,-0.0499586433805256
117.232934547,0.210205543341176,0.000133867855005509,-0.0997115971098534
117.24293891,0.21020309825791,-0.000872335161388198,0.0498464833134246
117.252937591,0.21018809398256,-0.00277172895697255,0.0498565677622672
117.262937908,0.210147666456043,-0.00606121465340932,0
117.272948361,0.21006680441021,-0.0107196025456155,-0.0498639604647633
117.282933941,0.209933316929794,-0.016489055977111,0
117.292947553,0.209737036613825,-0.0232149386189742,0
117.302943495,0.209468796361891,-0.0306919002267555,0
117.312942312,0.209123359465539,-0.0382711848086563,-0.0498838755638258
117.322931545,0.208703830006376,-0.0450532463189097,-0.0997127167101056
117.332941394,0.208222335898041,-0.0503325972349376,0
117.342936837,0.207696911701573,-0.0536407549406009,-0.0997197266348442
117.352939369,0.207149629421758,-0.0546518763338688,-0.0997482724932205
117.362929089,0.206604297617633,-0.0534601373566331,-0.0498645090831562
117.372935182,0.20608065051222,-0.0506629347302875,0
117.382926405,0.205591174902344,-0.0468233870663313,-0.0498520559251616
117.39293599,0.205144144937597,-0.0421887040496605,-0.0498479212071256
117.402928872,0.204747296741818,-0.0368089702022123,-0.0498554656200773
117.412935729,0.204407975140694,-0.0308949663860829,-0.0997395349135687
117.422922726,0.20412958729456,-0.0250780846277974,0.0499013654950568
117.432917072,0.203906881329963,-0.0201415693227476,0
117.44292959,0.203726617656373,-0.0166408450488236,0
117.452936753,0.203573736920515,-0.014505815603439,0
117.462919371,0.203436649579234,-0.0131642189495818,0
117.472926182,0.203310591700482,-0.0118689279143726,-0.0498517890026479
117.482920585,0.203199256612068,-0.00992582514843672,-0.049873599897629
117.492918649,0.203112149968754,-0.00701516717334558,0
117.502923038,0.203058936060396,-0.00337725228490489,-0.0498423295027317
117.512923659,0.203044588003022,0.000378468660477716,0.0498466600926675
117.52292631,0.203066506671955,0.00357886966099202,0.0498518911928038
117.532924832,0.203116169594256,0.00594456424005228,0
117.542917794,0.203185347332847,0.00771084740768884,0
117.55292814,0.203270412049893,0.00933786119363793,0
117.562931314,0.203372230804603,0.0111308010426341,-0.0498522775253547
117.572929158,0.203493039401901,0.012906903924841,0
117.582926869,0.203630311511912,0.0139309769870237,0.0498663490927856
117.592924532,0.203771594496942,0.0132622253555108,0.0498292999132429
117.60293711,0.203895691837472,0.0103781227095081,0.04986247886924
117.612921458,0.203979125048783,0.00536915581946276,0
117.622920018,0.20400298318425,-0.00112561950676274,0
117.632905921,0.203956630147398,-0.00821219953231924,0
117.642933247,0.203838630554416,-0.0150025762568604,-0.0498296784249779
117.65291601,0.203656427261269,-0.0208270308080079,-0.0997276736481805
117.662929479,0.203422168414508,-0.0255752201464197,0
117.672929777,0.203144570764285,-0.0298414099999677,0.0498987018420521
117.68291159,0.202825874047492,-0.0338453644239271,-0.0498558871952809
117.692929048,0.202467688149077,-0.0374751322843838,-0.049855852294927
117.702910875,0.202076398196524,-0.0402699130803668,-0.0498834712661604
117.71291726,0.201662764589205,-0.041804458956212,-0.0498083160291059
117.722929247,0.20123954098588,-0.0421103459619353,-0.0497948669658958
117.732941338,0.200819543737056,-0.0413854950497431,-0.0998030007098118
117.742910536,0.200412605448883,-0.0399534220311914,0
117.752923854,0.200021173842063,-0.0385639130502505,0.0498326643869299
117.762919426,0.199640984354691,-0.0375948151138228,-0.0498618455264577
117.772921034,0.199269383557165,-0.0364483089869217,-0.0498590305872809
117.782917735,0.198912079809043,-0.034334233611291,-0.0498784156028782
117.792911272,0.198583034055728,-0.0306087644936122,-0.0997248637560749
117.802914381,0.198300007180967,-0.0251899247512356,7.43458573203413e-07
117.8129543,0.198078151688621,-0.0186653790158071,0
117.822919095,0.197926611612054,-0.0114742737975708,-0.0499631951692072
117.832910916,0.197849164012564,-0.00409546659023947,0.0498826744799411
117.842907925,0.197844748026611,0.00299894730236559,0
117.852901263,0.197909114009773,0.00964128274834558,0
117.862910426,0.198037597794426,0.0157840782579148,0
117.872922242,0.198225126709109,0.0212104888159485,-0.0498042835801349
117.882930718,0.198462237973984,0.0252523082123314,0.0997630794242335
117.892911228,0.198729894744433,0.027054274252607,0.149768624666414
117.902903253,0.199002580413394,0.0266300764155101,0
117.912868524,0.19926135906196,0.024941801053524,-0.0498476444226089
117.92290613,0.199501488192026,0.0232367649638344,0
117.932907325,0.199726995970954,0.0220238138403191,0
117.942889867,0.199941606295548,0.0208380016513576,0.049833986891423
117.952915684,0.200143930188837,0.0192394041005526,0
117.96291592,0.200326895621754,0.0167548019227722,0.0498854828367466
117.97290309,0.200478815217317,0.0130345061691209,0.0997233099312578
117.982913027,0.20058754803631,0.00852227850924195,7.44988877760747e-07
117.992904947,0.200649276613373,0.00426738807351589,-0.0997761872560869
118.002899387,0.200672837590607,0.00112413116812565,-0.049912778716174
118.012881721,0.200671733127665,-0.000993569713685687,0.0498040691529597
118.022919466,0.200652946246447,-0.00286971441485288,0
118.032911145,0.200614254400891,-0.0052217047690777,0.049898763342085
118.042901851,0.200548604131395,-0.00819948280967105,0
118.0529098,0.200450275773002,-0.0114137954118106,0
118.062905528,0.200320286254633,-0.0140293963285374,0
118.072903528,0.200169775838805,-0.0149458383197718,-0.0498468096086479
118.08290874,0.200021321482205,-0.0132175689721404,-0.0996579919948056
118.092913592,0.199905291437748,-0.00859287664597973,-0.0498607035553225
118.102906378,0.19984948424566,-0.00179265165732152,0.0498375911626212
118.112919906,0.199869427085799,0.00592989049333068,0.0498582851429087
118.122904986,0.199968073801119,0.0136935722249308,0.0498619103561053
118.13291706,0.200143259558391,0.0213270461209842,0
118.142916636,0.200394863183626,0.0291714198107043,0
118.152906343,0.200726375324499,0.0372427608282953,-0.0498667306615356
118.162911857,0.201139540417038,0.0449033362837899,0.0498409866245017
118.172911892,0.201624691218788,0.0507531792598208,0.0996953885262059
118.182914714,0.202154749004068,0.0531735517427007,0.0996831244163493
118.192916911,0.202688429131698,0.0513193964311676,0.149647835154784
118.20290337,0.203180554765458,0.0453358723271295,0.0498644712611117
118.212913038,0.203594970992407,0.0366138237547303,0
118.222907176,0.203912970592766,0.0268919762999288,0
118.232906518,0.20413263518272,0.0174515371966502,-0.0498364178926034
118.242914559,0.204262130181398,0.00884715838834248,-0.0498202920348779
118.252920377,0.204309700963255,0.000672496478994608,0.0997458507667039
118.262907147,0.204275575126434,-0.00774304161664613,0.0498766260548124
118.272911631,0.204154907851564,-0.0163830571251975,-0.0498337776339786
118.282915291,0.203947780560313,-0.024591650137781,-0.049854326433855
118.292911827,0.203663070028845,-0.0316545321553679,-0.0498656358492125
118.302910951,0.203314827297875,-0.0372141307532555,0
118.312908139,0.202918924659494,-0.0410504970745465,-0.0498454390791554
118.322914713,0.202493662924414,-0.0429288467110157,-0.0996735108254899
118.332915237,0.20206004301632,-0.0427510013047454,0
118.342913937,0.201638676073096,-0.0404778029541047,0.04987509978401
118.352906804,0.20125082830655,-0.0356145718018199,-0.0499039724317689
118.362893639,0.200927107541638,-0.0269815536515152,-0.149615926421373
118.372899723,0.200711388289901,-0.0137830865297062,-0.0498426932632475
118.382898503,0.200651378770111,0.00377034497139915,0.0498098740473887
118.392917768,0.200786863225204,0.024669921543478,-0.0498042089495518
118.402918825,0.201145278543126,0.0475347091368938,0
118.412911108,0.201737240826779,0.0702640541344332,0.149604327979576
118.422913294,0.202550170995331,0.090616236636858,0.149493634704215
118.432920382,0.203550405934495,0.107143511840989,0.099724533844078
118.442910305,0.204692720980194,0.118868379558576,0.0997827591201815
118.452905575,0.20592601344157,0.12503931831495,0.149568922702605
118.462909507,0.207193407565118,0.125394763520103,0.199374714939263
118.472909894,0.208434450291955,0.119989366434103,0.149561803276859
118.482909661,0.209593213372161,0.109615059001229,0.0997019058210528
118.492911294,0.210626904933062,0.0958775278404164,0.0997750407952306
118.5028964,0.211509492497073,0.0801990767075065,0.0498441983047238
118.512915255,0.212231204135755,0.0642101977736094,0
118.522908347,0.212794463571778,0.048859855093114,0.0997675283075696
118.532903499,0.213207826841161,0.0345082535919187,0.0498616913077286
118.54290529,0.213484523151885,0.0218043265052607,-0.049831610916619
118.552912812,0.213644116434959,0.0111618353520193,-0.0498530180494957
118.562905712,0.21370776456922,0.00226175099671329,0.04985793611307
118.57291156,0.213689348623181,-0.0056884091264696,0.0498469019637171
118.582908588,0.213593980026826,-0.0132882218812675,-0.0498592474933206
118.592909782,0.213423607812014,-0.020681363474998,0
118.602909551,0.213180332841173,-0.027809210998305,0
118.612912327,0.212867352817606,-0.0344645940340777,-0.049882769999921
118.622898044,0.212491437544575,-0.0402275660225156,-0.0997187100797124
118.632910207,0.212062886779596,-0.045034884579381,-0.0498237671330097
118.642910208,0.211590192048651,-0.0493651397795575,0
118.652905208,0.211075830760338,-0.0534656370977638,0.04985807355151
118.662908602,0.210520965172509,-0.0569492593055739,-0.0996626091935077
118.672914644,0.209936308201016,-0.0588110006753275,-0.199378714230932
118.682912445,0.209344519148327,-0.0584071534270808,-0.0498721366601046
118.6929071,0.20876860575604,-0.0561354099613677,0
118.702912792,0.208221791470112,-0.0529605571942131,-0.04983681145811
118.712914325,0.20770901197213,-0.0494686796271186,0
118.722897878,0.207233155653458,-0.0454434296167331,-0.0498801990395418
118.732904147,0.206800605903022,-0.0404709625743097,-0.099659546107604
118.742907929,0.206423329628327,-0.0342287363836104,0
118.752903978,0.206116036960006,-0.0264922477637179,-0.0498518390784131
118.762908824,0.205893460962491,-0.0173283159472481,-0.0497567829982555
118.772943083,0.205768793017266,-0.00715544104388353,0
118.782910117,0.205750342889628,0.00357412107448034,0.0499531845593468
118.7929034,0.205840133606909,0.0143246084959472,0
118.80291508,0.206036906152579,0.0248988760909416,0
118.812906473,0.206338187642974,0.0350319384494331,0
118.822913053,0.206737473911828,0.0440470287066073,0.0498482350392208
118.832909113,0.207219244501262,0.0510632011584127,0.149585352440454
118.842910158,0.207758590107029,0.0554541561076996,0.0498506375228092
118.852910789,0.208328420564582,0.0573362540509633,0
118.862913002,0.208905478252355,0.0570289239156679,0.0997013751581044
118.872912146,0.209469076431145,0.0547863605589788,0.0997290780162923
118.882908803,0.210000975415607,0.0510738809291569,0
118.892890947,0.210489471334526,0.0464438169120308,0.0498397584152546
118.902914845,0.210930132367389,0.0416841977214891,0.0498388566043656
118.912897351,0.211323422234558,0.0371640268690816,0
118.922911366,0.211673283611121,0.033076804745348,0.049823169618404
118.932909755,0.211985368614151,0.0296471567569871,0.0498588738506681
118.942909439,0.21226616961619,0.0269461424899871,0
118.952908514,0.212524258023788,0.0251753213340083,0
118.962903511,0.212769526803565,0.0242315495258063,0
118.972910847,0.213008945546509,0.0237075689882706,0.0996547973131605
118.982914366,0.213243935528992,0.0232880715930633,0.0498744212057752
118.992902686,0.213474516924418,0.0229831365162883,-0.0997162140962098
119.002912896,0.213703564474107,0.0228543575755736,0.0498225001326544
119.012915658,0.213931900542656,0.0224938265339197,0.0997085858286873
119.022912956,0.214153442354415,0.0213911530462401,0
119.032912824,0.214359662981053,0.0195432330233283,0
119.042908598,0.214544221845472,0.0170861419656036,0
119.052908173,0.214701306352719,0.0139394301932775,0.0498366146739197
119.062915603,0.214823108095046,0.00996041232708058,0
119.072910432,0.214900537099832,0.00501505718062724,-0.0498696641921649
119.082909349,0.214923377874491,-0.00122048118379922,0
119.092913273,0.214876124008769,-0.00935156146829244,0.0997052085632592
119.102909937,0.214736341146407,-0.0196862267252218,0
119.112908507,0.214482493298821,-0.0316269053960501,-0.0498472533363283
119.122912672,0.2141037165389,-0.0439772775284092,-0.0498388815158127
119.132914901,0.21360266655754,-0.0554949834047482,-0.149270146583098
119.142951904,0.212991639691616,-0.0658349996518374,0
119.152915819,0.212285906127974,-0.0746136275042387,-0.0499412949168508
119.162916973,0.211501973470154,-0.0812616127079604,-0.149544755305888
119.172918253,0.210660476083049,-0.0858993621343351,-0.0997153536737994
119.182915825,0.209784084839935,-0.0884391017156836,-0.0498820231557825
119.192907344,0.208892658830896,-0.0889623893590279,-0.0498428503225763
119.202920327,0.208004436544077,-0.0876080677976254,-0.149537406436774
119.212910761,0.207140198118176,-0.0842517105527539,-0.14968132624402
119.222904411,0.206320743283247,-0.0791024453869925,-0.049867222885177
119.232905187,0.205558590127467,-0.0732422354762774,0
119.242911162,0.20485540411539,-0.0675004534895214,-0.0996339480655369
119.252920379,0.204207555590787,-0.0623500532864009,-0.099770839422501
119.262898892,0.203609168084816,-0.0579761748624654,0
119.272885295,0.203050066129657,-0.0545318028884204,0
119.282908752,0.202517994343471,-0.0520331982642543,-0.0497210239462541
119.292938812,0.2020066175037,-0.0499313870124142,-0.149497975607491
119.302917445,0.201518932549675,-0.0473543770561904,-0.0499272733163361
119.312909488,0.201060918582329,-0.0442197662858328,0
119.322914798,0.20063465427368,-0.0411153079094708,-0.0498635635684772
119.332905979,0.200238756697755,-0.0382132850901155,-0.0498830488118834
119.342903478,0.199870821146265,-0.035602252969257,-0.0498465504481839
119.352909295,0.199526593581299,-0.0336083107820127,0
119.362905967,0.199198571279539,-0.0324253223767106,7.45061738033856e-07
119.372909196,0.198878090343872,-0.0319378839257255,-0.0498459252625363
119.382908936,0.198559718777447,-0.0318798270102703,-0.0998668143345993
119.392877568,0.198241502098835,-0.0320312091863867,0
119.402885174,0.197919855719312,-0.0326440988035775,0.0498399253285495
119.412883543,0.197588425074273,-0.0337552547396323,-0.0498699330764744
119.422879111,0.197244955282629,-0.0345573251944979,-0.0498351899084796
119.432891419,0.19689700639689,-0.0341823910863954,-0.0498491421738708
119.442881387,0.196561229661779,-0.0318585614673136,-0.0498682195836584
119.452886043,0.19626000643917,-0.0271654459034115,-0.0498401620509638
119.462886968,0.196017769133357,-0.0201724481637595,-0.0498555830651666
119.472885436,0.195856569720571,-0.0113009095282449,0
119.482887585,0.195791743970131,-0.0013346191825446,0
119.492878435,0.195829886680589,0.00892412305927706,0.0498746083119117
119.502879349,0.195970152932239,0.0188671055523355,0
119.512888261,0.196207414179815,0.0281541615936168,0
119.522881611,0.196533299848825,0.0363178019046785,0.0498448935033187
119.532891943,0.196933903940055,0.0427464198760895,0.0498499446666695
119.542883565,0.197388311772851,0.0467991835711457,0.0498714970219935
119.552885253,0.19786957452494,0.0478811710749252,0.0498544613057021
119.562883408,0.198345927677006,0.0456612745264798,0.0997070132071139
119.572885479,0.198782810334918,0.0400940534771352,0.0498637061094074
119.582879543,0.199147653783032,0.031633747059799,0.0498549371508741
119.59288543,0.19941548372606,0.0212152821780103,0
119.60288202,0.199572011976846,0.00989511900979683,0
119.612886338,0.199613395091024,-0.00132041751146714,0.049849002612534
119.622884352,0.199545600547403,-0.0113654192308221,-0.0498586890263804
119.632884784,0.199386104368269,-0.019156214444287,-0.0997161542621145
119.642882894,0.199162504188278,-0.0240389748449679,0
119.65289593,0.198905056932956,-0.0259671593714237,0.0498558946739294
119.662882162,0.19864318000881,-0.0247940066605052,-0.0997262751195108
119.672892293,0.198409266975548,-0.020294059030255,-0.0997068736191275
119.682882416,0.198237293673514,-0.0128265681909015,0
119.69287881,0.198152908552349,-0.00348651890172146,0.0498609233320961
119.702879667,0.19816757287992,0.00643043877420842,0
119.712882668,0.198281542136466,0.0159922863103137,0
119.722885195,0.198487507011485,0.0244699137170802,0.049858567190989
119.732880864,0.198770896267083,0.0312434163934296,0.099726551513097
119.742881652,0.199112264643929,0.0361732252650071,0.0498317627595978
119.752889817,0.199494684631269,0.039807376332377,-0.0498450927208898
119.762885553,0.199908567459152,0.0426753795528702,0.0498876435701061
119.772876656,0.200347630571656,0.0447586735976221,0.0996624398472775
119.782895023,0.200804164795743,0.0461889261713712,0.0498395591171742
119.792882778,0.20127169186369,0.0471778677039618,-0.0498803337850098
119.802884791,0.20174723942588,0.0475961596410827,0.049758744633184
119.812921093,0.202225438703368,0.0472670011935135,0.0997188646602624
119.82288264,0.202692477778431,0.0456153674607795,0.100639076845862
119.832736236,0.203129313732601,0.0413914217548776,0.0498462788310039
119.842886065,0.203520447979148,0.0361619570566349,-0.0494800236193506
119.852887728,0.203858031120932,0.0308643626603162,0.0498634937473287
119.862882584,0.204137627793508,0.0247828495014815,0.0498475846141058
119.872890629,0.204353760006008,0.0181076809132311,0
119.882930096,0.204500641743908,0.011016573108356,0.0498161897175299
119.892905837,0.204574259008219,0.00376740627256564,0.0499165055132942
119.90290508,0.204575895623924,-0.00292059288426087,-0.0996872976701615
119.912910168,0.204515834501446,-0.00833012278479794,-0.0498442655811563
119.922909014,0.204409260397525,-0.0124575473270212,0
119.932898737,0.204266825957129,-0.0159437337737403,0
119.942920459,0.204090203246017,-0.0195849233264595,0.0498485689805626
119.952901243,0.203875078410782,-0.0236492464564177,-0.0498917623508675
119.962905648,0.203617568585878,-0.0277970311276499,0
119.972912942,0.203318812590762,-0.0315492137341755,-0.049843542991945
119.982909872,0.202986451047316,-0.0343040221867301,-0.0997414605154053
119.99290641,0.2026329562209,-0.0358626706449758,-0.0498646412521435
120.002905632,0.20226934969214,-0.0366081379810338,0.0498477243328915
120.012908956,0.20190070025696,-0.0369043625423186,0
120.022909376,0.20153112427136,-0.036458854435383,-0.0997102537538324
120.032908532,0.201171538626807,-0.0345909193408053,-0.0498654712574464
120.042905102,0.200839453726133,-0.0309877372544428,-0.0997276158879565
120.052904925,0.200551895654486,-0.026024746081543,0.0498654438256321
120.062900839,0.200319069747995,-0.0203342579554318,0
120.072912211,0.200145062339974,-0.0143121089265941,-0.0498363556200987
120.082908247,0.20003272154536,-0.00801826741706029,0
120.092915419,0.199984671269031,-0.00155082030333091,0
120.10290805,0.200001705444805,0.00495699401387671,0.0498625112848661
120.112912332,0.200083795847068,0.0116014921205233,0
120.122903804,0.20023368602728,0.0187055533299609,-0.0498741187839103
120.132904591,0.200457762113979,0.0263202892896486,0
120.14290713,0.200760179354355,0.0339511203636111,0.0997130451842631
120.152903906,0.201136761264734,0.0407395312821975,0
120.162913705,0.201575237842417,0.0460516182041892,0.0996907039923008
120.172907404,0.202057954717378,0.0495429857135779,0.0997221180794645
120.182911051,0.202565966069605,0.0513382150579092,0
120.192909789,0.203084841460179,0.0520202815370751,0.0498749500960682
120.202902678,0.203605936134529,0.0518706334260638,0
120.21290679,0.204122098568671,0.0507785320152022,0.0498307442652241
120.222912339,0.204621997346231,0.0483110857339462,0.149527337490918
120.232911554,0.205088550437362,0.0442000174875625,0.0498727298300877
120.242904856,0.205505666947251,0.0388676560167593,0
120.252905894,0.205865683566764,0.0331940762940238,0.049831458923703
120.262913931,0.206169849709374,0.0280367676566213,-0.0500114635256176
120.272842951,0.20642465420163,0.0232826587327313,0
120.282906244,0.206635323910231,0.0186646921441436,0.0497057802088191
120.292902618,0.206799061710699,0.0134597661691532,0.0498445819135778
120.30291035,0.206904574499414,0.00700961609957835,0.0996951270269349
120.312905378,0.206939273379231,-0.000211002708769327,0
120.322908359,0.206900354865345,-0.00685719941300197,-0.0498086867632361
120.332923601,0.206802004432226,-0.0113477857862795,-0.0498624065576213
120.342905314,0.206673433703627,-0.0125381889735282,-0.049891664990021
120.352908829,0.206551425866883,-0.0101660706804441,-0.0503518076370681
120.36270761,0.206472122162856,-0.00443712805674414,-0.0498501940956265
120.372910384,0.206462676406014,0.00316458254761107,0.0987084208198288
120.382910321,0.206536055309501,0.0116165914830737,0.0498440313602785
120.392914412,0.206695055027306,0.0202661094524764,0
120.402904687,0.20694126331929,0.0291086774993285,-0.0498777743604608
120.412904907,0.207276951899313,0.0377905090606104,0
120.422908286,0.207697209508544,0.0452095387441912,0.0996610675741858
120.432914503,0.208181576504931,0.0498701748609944,0.09971029086951
120.442908004,0.208694598942375,0.050656850060315,0.0997386619320259
120.452908532,0.209194411034085,0.04743403698361,0.0996946336065688
120.462910863,0.209643415295959,0.0411771997530899,0.0498586743967735
120.472906685,0.210017878974859,0.0334318586184267,-0.0498685288516955
120.482905363,0.210311868593105,0.0257092415217132,0
120.492905334,0.210532029072108,0.0188384571064096,0
120.502906544,0.210688659983451,0.0129426694578876,0.0498417141117112
120.512910591,0.210790950500879,0.00800852806784939,0.0498513976929227
120.522907915,0.2108488415245,0.00425434191286314,-0.0997185277360861
120.532908657,0.210876029111239,0.00185632303164913,0
120.542903318,0.210885959451616,0.000490568903428744,0.0498571486271007
120.552907422,0.210885839883455,-0.000480355716167894,-0.0498563032169018
120.562902721,0.210876352624065,-0.00164393861220836,0.0498652468159071
120.572903238,0.21085296798945,-0.00344167241117423,0
120.582905131,0.210807510881411,-0.00607630370126767,0
120.592913803,0.210731377719276,-0.00941252350906563,0.0498453618333769
120.602908924,0.210619224709528,-0.0129104032192838,-0.0498742759487157
120.612905999,0.210473270407677,-0.0158114646476151,-0.0997129332995436
120.622908112,0.210303008255485,-0.0177096748794966,0.0498393872239525
120.63291219,0.21011896726949,-0.0186033419955204,-7.45034655890067e-07
120.64290874,0.209930929732676,-0.0183688026067776,-0.0498722927512572
120.652905181,0.209751719964292,-0.0166293343069886,0
120.662904744,0.209598409497356,-0.0131182952334131,-0.0997015944866782
120.672906494,0.209489336835302,-0.00794829094364055,0.0497935863228231
120.682929337,0.209439248206164,-0.00152546162794456,0.0498287244488991
120.692916368,0.209458812540335,0.00595364855702228,-0.0998072399991269
120.702909628,0.209558203836845,0.0142573828673267,0
120.71291522,0.209743943830206,0.0226613046521044,0.0498508545680891
120.722910918,0.21001145916297,0.0300016474233385,0.0498663939829447
120.732910576,0.210343837451022,0.0352107785851287,0.0498619352906068
120.742908062,0.210715574172689,0.0376411703570872,0.0498749694814122
120.752902494,0.211096356642225,0.0369159724245439,0.0498431467255851
120.762912744,0.211454066461763,0.0331244115815452,0.0996956779366381
120.772904994,0.211758927684885,0.0267741758420252,0
120.782908489,0.211989436054485,0.0186836169611268,-0.0996738221993944
120.79291188,0.212132728679494,0.0093209374389229,0.0498443278742903
120.802912398,0.212175891238808,-0.00161514778090395,0.049857866624739
120.812910357,0.212100428183746,-0.0143929863069201,0.049872033854803
120.822905194,0.211888135199743,-0.0284172348018609,0
120.832909309,0.211532113268971,-0.0422036195855155,-0.0996968542125099
120.842907458,0.211043967259038,-0.053954329842955,-0.149236902118887
120.852953005,0.210450669083715,-0.063057331544428,-0.0498820431194906
120.862896541,0.209783509025038,-0.0691472676813804,-0.0499559150722634
120.872912231,0.20907054314078,-0.0723204274861367,-0.0996260579872127
120.882913019,0.208335908779311,-0.0734458662173266,0
120.892914376,0.207601468275051,-0.0723038385982947,-0.0997386589492168
120.902907198,0.20689025288799,-0.0687653133337372,-0.149682577864015
120.912898492,0.206227254276613,-0.0629240053582484,-0.0997100044734818
120.922906824,0.205631796314403,-0.0559749431340961,-0.0498484520276449
120.932900746,0.205107629246409,-0.0496078169799737,0
120.942906261,0.204639667904004,-0.0453775146510478,0.04984780906337
120.952903258,0.204199964965071,-0.0439573889614011,0
120.962905827,0.203760539202283,-0.0447956451153624,-0.0997352050751052
120.97289798,0.203304288494179,-0.0467567058607007,-0.0996918499710405
120.982909394,0.202825238303899,-0.0491293737285609,-0.0498253806626149
120.992909795,0.202321120556057,-0.0517524225552927,0.049862498817344
121.002906312,0.20179034935376,-0.0541039939816918,-0.0498404684843499
121.012915253,0.201238745376824,-0.0552533452897194,-0.149582625017744
121.022903682,0.200685427764263,-0.0540597949547361,-0.0996707982318707
121.032922746,0.200157144407686,-0.0503924103700851,-0.0498395541780489
121.042909507,0.199677286021071,-0.0448461325781495,0
121.052905481,0.199260996024602,-0.0380210885488291,-0.0498794511069241
121.06289933,0.198917251190713,-0.0304866214393108,-0.0498309782728448
121.072914749,0.198650981045808,-0.0227533083802349,0
121.082890854,0.19846237788015,-0.0151895665417843,0
121.092910501,0.198347254240251,-0.00825317992023885,-0.0995936581771952
121.102914143,0.198297122073438,-0.00260657252040334,0.049857692424024
121.112908749,0.198295127356558,0.000942558586519426,0.0997242994570143
121.122911201,0.198315970472161,0.00201641210155479,0
121.132901782,0.198335441550246,0.00124067302170303,0.0498626417247316
121.142907464,0.1983407792962,1.12144991328664e-05,-0.0498357677491993
121.152908828,0.198335665919246,-0.000232877537542738,-0.149553682574337
121.162908704,0.198336121456681,0.00101397302181507,-7.4506866720601e-07
121.172908543,0.1983559450907,0.00299436418721121,0.0996968565287082
121.182911117,0.198396015965826,0.00459440215394487,7.45176905694577e-07
121.192905353,0.198447818477636,0.00523288210475197,7.45634835805225e-07
121.202895646,0.198500592650002,0.00475810013868687,0
121.212907013,0.198542988378856,0.00313784916733426,0.0498233860174859
121.222907664,0.19856338734402,0.000504735155411485,0
121.232906927,0.198553083038557,-0.00273985110641636,-0.0498414526561471
121.242912428,0.198508577269241,-0.00619355003429896,0
121.252908996,0.198429199223416,-0.00965804083392111,0.049854463798454
121.26291227,0.198315417978533,-0.0128029860933605,0
121.272908004,0.198173152202111,-0.0148743616601649,-0.0995419431616092
121.282945812,0.198017431829491,-0.0152929565349078,-0.0498624888432729
121.292904926,0.197867340143133,-0.0139885137443674,0.0500157255986434
121.302881468,0.197738561631532,-0.0111796828581008,0
121.31290421,0.197643754490624,-0.00703061590643736,0
121.322906089,0.197597776212609,-0.00114492293163299,0
121.332909915,0.197620849500206,0.00701275703636889,-0.0498649500573567
121.342902024,0.197738002846479,0.0176075761467914,-0.0498484418829595
121.352912472,0.197973046045714,0.0300469487610444,0.0498291828745579
121.362912312,0.198339250944709,0.0429736214384956,0.0497551430159938
121.372952537,0.198834240212627,0.0551424253584572,0.0997629646336158
121.382901321,0.199441493381481,0.0652686242545698,0.149841457728053
121.392915364,0.200137186467149,0.0729078332259549,0.0498426359581569
121.402906208,0.200900006346581,0.0789974907285384,0.0498770377204038
121.412906453,0.20171643233508,0.0838293724488312,0
121.422906378,0.20257660804655,0.0874126499936984,0.0996852421962696
121.432911047,0.203465086908668,0.0889276944619154,0.149493918610982
121.442915614,0.204355983271975,0.0876206848424665,0.0997452919860802
121.452903747,0.205216860974517,0.0829619554427413,0.099704919427505
121.46291626,0.206015275974253,0.0753415224581486,0.149470004688265
121.472916284,0.206724635980347,0.0657571570529854,0
121.482909906,0.207330001294337,0.0551825611939331,-7.45428900855955e-07
121.492906334,0.207827738137742,0.0443837302032799,0.0498351550375812
121.502917796,0.208218026086034,0.0335883848970856,0.0498469792153869
121.512909179,0.208499601394639,0.0226451452203546,0.0498754185416815
121.522909534,0.208670741896251,0.0116248154190936,7.43592503512903e-07
121.532948597,0.208732555929995,0.000994055974977276,0
121.542909613,0.208690623094281,-0.00889827441378478,-7.46549394375685e-07
121.552908644,0.208554945954477,-0.0174969951742419,0
121.562906877,0.208340731062575,-0.0243308710999892,-0.0997354175330687
121.572903174,0.208068461622342,-0.0290171278206445,0
121.582909803,0.207760303602046,-0.0315776416384902,-0.0498149904121619
121.592919163,0.20743640389466,-0.0323527386134153,-0.0498577341766166
121.602908632,0.207113286714835,-0.031709424887466,0
121.612906366,0.206802621182421,-0.0300943260762331,-0.0498499670969386
121.622910577,0.206511341659846,-0.0280721198901077,-0.0498874845853857
121.63289297,0.206241554838737,-0.0261335830048956,0
121.642906752,0.205988769960703,-0.0248810195392285,0.049830405488651
121.652902468,0.205743698128029,-0.02455660339517,-0.0997200664163592
121.66290436,0.205497696632195,-0.0250475624069855,-0.0498565253820496
121.672901483,0.205242771551738,-0.0265012278802686,0.0498509891570736
121.682905596,0.204967639319072,-0.029097012812293,0
121.69290938,0.204660601516382,-0.0338597519759339,-0.0518733274019664
121.702127062,0.204316805247698,-0.0360402793027461,-0.0996701979671323
121.712917143,0.203939516149639,-0.0376722729634101,-0.0479957107495005
121.722901758,0.203534175229254,-0.0418276315501758,0
121.7329129,0.203103140993276,-0.0443138387284944,0
121.742907428,0.202647647195219,-0.0465242307808648,-0.0997398072851952
121.75290655,0.202172951806524,-0.0479446534710826,-0.0498506825943047
121.762908787,0.201688688969013,-0.048330978741029,0
121.772893874,0.20120694487519,-0.0472753319494303,-0.0997050463101878
121.782909557,0.200743145928019,-0.0463996384833146,-0.0519011339914405
121.792105329,0.200315540308452,-0.0400038246286644,-0.0497648018466254
121.802945433,0.199941634258233,-0.0326361237174205,0
121.812911526,0.199636506689071,-0.0263337540090428,0
121.822933037,0.199415285611267,-0.0170365495549445,-0.0996238531354199
121.832928447,0.199295487422517,-0.00615719336895449,-0.0499127262468656
121.842909832,0.19929228462156,0.00574595407890957,0.0498842206822355
121.85291606,0.199410335328962,0.0175152892586669,0.0498692601248612
121.86290374,0.199642483703591,0.0282421425205854,0.0498487783191833
121.872918482,0.199975246581843,0.0375009143853803,0
121.882924274,0.200393272035075,0.045172201976636,0
121.892897349,0.200877735997231,0.0504475964340155,0.0997659428989874
121.902912985,0.201401654460839,0.0526049886288887,0.0996491303533769
121.912909342,0.201930466661438,0.0514103510665729,0.0997168501632758
121.922911238,0.202429771668287,0.0471597118557388,0.0498214916748169
121.93292242,0.202874277653264,0.0428323184810635,0
121.942107849,0.203252007024396,0.0344309493214101,0
121.95288511,0.203561612020973,0.0277244316582256,0.0498062489328876
121.962127351,0.203807036339427,0.0225021257710207,0
121.972139625,0.203994879539163,0.0157027819808899,0
121.982891466,0.204133090710298,0.0117500610129764,0.0499255770228452
121.992111278,0.204229547680443,0.00839799773037942,0.0519344551595123
122.002090308,0.20429432254184,0.00550937344843914,-0.0479447258934918
122.012908066,0.204344124952063,0.00531467893661599,-0.049788789377039
122.022116531,0.204400755487398,0.00731387849369743,0.0519326101764551
122.032107877,0.204484550036819,0.0105519320921056,0
122.042102795,0.204611649187901,0.0154705920444659,-0.0499498195630496
122.052069837,0.204793373376387,0.0210556631802585,0.0499329515283771
122.0620712,0.205032097197828,0.0263352978557763,0.0997207068443053
122.072067466,0.205320016892511,0.030654862495829,0
122.082055975,0.205644727727463,0.0337042418925614,0.0498756835756601
122.092058799,0.205993809615698,0.0354880396763482,0
122.102061397,0.206354680937141,0.0358721828741042,0
122.112060178,0.20671130274092,0.0342653697726329,0.0499003874878798
122.122042833,0.207039352230269,0.0297626155925694,0.0998820363955063
122.132025656,0.207305527587756,0.0217676738509223,0.0499194707047095
122.142016929,0.207474141837464,0.0105494385897031,0.0498890371743333
122.152011638,0.20751636847752,-0.00289547752630147,-0.0498321911914275
122.162026009,0.207416205996002,-0.0174126620200729,-0.099800816476568
122.171993215,0.207168436030591,-0.0321696041060785,0.0997212874310282
122.182023671,0.206772889126415,-0.0466043197626979,-0.049892341530918
122.191978172,0.206237050704119,-0.0595843930104746,-0.0998628195777255
122.201992991,0.205583029315383,-0.0694291192342428,-0.0498412632356337
122.211983311,0.204848111523191,-0.0750910500922815,-0.0997862525748767
122.221977335,0.204082383939017,-0.075334136435948,-0.149948467728901
122.231931991,0.203345294942354,-0.0692705483875369,-0.0997473694297297
122.241969768,0.202697497141506,-0.0575523787868189,-0.0497592575018012
122.2519698,0.202192071368728,-0.041451249492669,-0.0499775140147293
122.26192007,0.20187053219585,-0.0216007492288377,-0.0499890731594807
122.271916085,0.201761216668396,0.000300660657043304,-7.43349869146096e-07
122.281966029,0.201876559227054,0.0224976437711312,0.0498376060950293
122.291922692,0.202211318185751,0.0434951351181038,0.0499871757999318
122.301912773,0.2027441455525,0.0614671522691108,0.0498825803369761
122.311911261,0.203439958600116,0.075361443053373,0.0997407790578098
122.321906527,0.204250903705994,0.0839770881109048,0.14958331033269
122.331908639,0.205119280174409,0.0866590606432853,0.09967144087183
122.341913891,0.205984723076183,0.0836265363697715,0.0997263769610186
122.351905131,0.206791517539914,0.0755351751886771,0.149644792473728
122.361903053,0.207494607929728,0.0638057149156617,0.0996752719754752
122.371911726,0.208068052636917,0.050786757620777,-0.0997231154430516
122.381900199,0.208510198136737,0.0383187183104697,-0.0498677915364584
122.391905924,0.208834204677923,0.0270702787509359,0.099642104815819
122.401913603,0.209051966561772,0.0168425570947866,0.0996986336317132
122.411907831,0.209171087938575,0.00763688859798906,0
122.421912309,0.209204694451598,0.000279666982244246,-0.0996801845885874
122.43191344,0.209176682846872,-0.0044635148228567,0
122.441898506,0.209115485765036,-0.0065197158721495,0
122.451887779,0.209046455831858,-0.00633149756837389,-0.0498864412599449
122.461885528,0.208988937983844,-0.0046463026686395,0
122.471878912,0.208953570977251,-0.00240944998300151,0.0498607463021068
122.48188285,0.208940755436691,-0.000344952262760649,0.0996710572795181
122.491886353,0.208946669365206,0.00166843620603215,-0.049855588050858
122.501882241,0.208974123144734,0.00441793715585744,-0.0996940082707291
122.511889188,0.209035040633175,0.00832107830585504,0
122.521880095,0.209140526853817,0.0128208370619611,0.0498351799232454
122.531896769,0.20929155456918,0.0169184471205547,0.0497859204909222
122.541907472,0.209479358972555,0.0199930170607309,0.0498357478355166
122.551904122,0.209691561919049,0.0219001447487638,0
122.561916363,0.209917556581717,0.0228856744364897,0
122.571909721,0.21014940354467,0.0231807723047585,0.0997267260657168
122.581912785,0.210381089087009,0.0230513322481475,-0.0498708290402876
122.591903,0.210610275261629,0.0227634002614038,-0.0498872966250689
122.601899763,0.210836060667239,0.0220456087388808,0.0996366583408459
122.611917498,0.211051507053642,0.020339724558382,0.0498503683534251
122.621901547,0.211242891444475,0.0172256172629795,0
122.631906994,0.211395838461018,0.0127536320091891,0
122.641905506,0.211498014576288,0.0070746133028451,0
122.651908566,0.211537341848367,0.000163393854469179,0.0498506676401357
122.661906871,0.21150128267641,-0.00786090724344078,0
122.671912283,0.211380094484506,-0.0166097078634234,-0.099686306006168
122.681911401,0.211169013277165,-0.0258027799767883,0
122.691903046,0.210864277225249,-0.0354072735455583,0.0498669975137158
122.701906515,0.210461040806192,-0.045273746441105,-0.099681432687833
122.711908554,0.209958552928631,-0.0548744683749245,-0.049848892957783
122.721908891,0.209363421056957,-0.0634340566013197,0
122.731912449,0.208689624720954,-0.0701621701406092,-0.149587764033299
122.741905574,0.207960410382063,-0.0741906344524557,-0.0997538040924479
122.751903443,0.207206480192759,-0.0751411253970126,-0.099781675686844
122.761890984,0.206458684183142,-0.0731773599938524,-0.0498418237349167
122.771908656,0.205742551519305,-0.069007716586154,-0.049835663146036
122.781898371,0.205078020091417,-0.0630701911257503,-0.0997116048746051
122.791907961,0.204481191530572,-0.0556941065328687,-0.0498360068972225
122.801905919,0.203963717581643,-0.0475181537472145,-0.0498534091401113
122.811908525,0.203530801655389,-0.0392320736312032,-0.0996875518183861
122.821910199,0.203178908195744,-0.0320279795168528,-0.0498716416981797
122.831901777,0.202890458189858,-0.0274037497844332,0.0997234994332984
122.841907268,0.202630913520446,-0.0266139140268826,0.0498265957137532
122.851913104,0.202357878453516,-0.0297380128056001,-0.0498639899803965
122.861903588,0.202036262700221,-0.0356756359072775,-0.0997174257520011
122.871911391,0.201644426847735,-0.0432929746247444,0
122.881897441,0.201170669329641,-0.0516515306446203,-0.0498394595106236
122.891917254,0.200611093401918,-0.060034983159181,-0.149456969719428
122.901911524,0.19996912419379,-0.0679916586364112,0
122.911913852,0.199251491536813,-0.0750397840852696,0
122.921908489,0.198468556257829,-0.0805288338520253,-0.149614527030109
122.931906958,0.197641470025553,-0.0832892313420345,-0.149556768004517
122.941909416,0.196802694421871,-0.0827351920623931,-0.099710350696569
122.951906664,0.195986790508451,-0.07902059885505,-0.0498688660407666
122.961903482,0.195222751353004,-0.0726668432448657,-0.0498665540400096
122.971901657,0.194533817486438,-0.0641707622855523,-0.149511991238505
122.981910399,0.19393889223813,-0.0542501705706599,-0.0498385800888078
122.991908172,0.193448460635164,-0.0438770146793565,0.0498487409371617
123.001912836,0.193061245016258,-0.0339557361905353,-0.0498520783576659
123.011908971,0.19276931878072,-0.0248193910155968,0
123.021904606,0.192565061459534,-0.0161615391295247,0.0498551916899923
123.031908521,0.192446095270822,-0.00720494728160725,-0.0498490526410632
123.041906619,0.192420948010343,0.00317039719330654,-0.100757269931702
123.051700272,0.192508842982643,0.0153637980703013,-0.0498634667185191
123.06190285,0.192728166065594,0.0283841122651163,0.0493304494262592
123.071912563,0.193082550919522,0.041449033119427,0.14949562207445
123.081911858,0.193557520100873,0.0524100113297372,0.0997540386200495
123.09190351,0.194130276678284,0.0611854498416007,0
123.101907909,0.194780987476364,0.0681536004071059,0.0498280970525869
123.111913935,0.195494059187711,0.0735899996242801,0.0498655315406343
123.121903312,0.196252449175621,0.0768985348579794,0.0498553412594292
123.131913425,0.197031990666617,0.0773136594428471,0.149556538927107
123.14190417,0.197798788699598,0.0741909667188752,0.14972824381424
123.151891446,0.198514179357737,0.0673081141813614,0.0498418586928474
123.16190907,0.199145280792984,0.0578121528049521,0.0498163241193979
123.1719066,0.1996712984992,0.0468955356907009,0.049834298225664
123.181917304,0.200083577644639,0.0356289452625061,0
123.191904304,0.200383795600392,0.0249248977825549,0.0498801697470016
123.201906839,0.200581814761235,0.0155344355851915,0
123.211905365,0.200694500794132,0.00817192517205416,7.44798264343679e-07
123.221913815,0.200745310272026,0.00348896930115708,0.0498439266005056
123.231909734,0.200764295423462,0.00213723721238404,-0.0997684634753721
123.241902021,0.200788029809698,0.00439594109648464,-0.0996914612436744
123.251913379,0.200852230268597,0.00955506856696663,0.0997699708908737
123.261889925,0.200979015602928,0.0161581890295351,0.0997340498946194
123.271908482,0.201175314922536,0.0231370889008119,-0.0498314141741755
123.281899317,0.201441974684483,0.0300571134361826,0
123.291899528,0.201776188059866,0.0362541150431267,0.0996888076285811
123.301903345,0.202167203016921,0.0410339514245762,0.0498292724107868
123.311909481,0.202597275499276,0.0446242634813218,-7.57137843559837e-07
123.321584254,0.203045449085689,0.0444130166479099,0.0497950478779422
123.331933187,0.203486588687207,0.0415559701697952,0.0981150881290039
123.341909289,0.203890075633849,0.0369790489855949,0.0998263556184279
123.351909652,0.204225299365001,0.0290168447351098,0
123.361915105,0.20447058129052,0.0195810329929243,0
123.371906489,0.204616858090052,0.00980476242299705,0.0498877940970101
123.381901585,0.204666543978592,0.000875567153114239,0
123.391901913,0.204634365426519,-0.00588568418389689,-0.04983723243921
123.401908342,0.204548790525346,-0.00929062073949357,-0.0498276961486342
123.411912499,0.204448454661218,-0.00881625794182372,-0.0503894393998663
123.421696145,0.204374336149996,-0.00431370040196832,0
123.431903555,0.204362219234915,0.00324648115635053,0.0493504655855627
123.44190054,0.204439929337639,0.0133820951848592,0
123.451908776,0.204629931006531,0.0255707184518757,0
123.461902772,0.20495140078052,0.0393044914248201,-0.0498557498015655
123.471908401,0.205416006095843,0.0533992863216401,0.0996821278451501
123.481907991,0.206019665197828,0.0662666440529811,0.149638252871482
123.491898337,0.206740672069397,0.0763770425708322,0.049863875272384
123.501904357,0.207546928495072,0.0830711570209842,0.0997080047720136
123.511898663,0.208402122291014,0.0860315811616457,0.0997117117815022
123.52190379,0.209267511338398,0.0850633543943788,0.0498743289005837
123.531890539,0.210102698324211,0.0798926723661453,0.0997385621636001
123.541897839,0.210864889344428,0.0701319184180826,0.0994621243969731
123.551940158,0.211508816568232,0.0562726050017225,0.0996616228339546
123.561907174,0.21199086674923,0.0384767084278379,0.0998819944960172
123.571905346,0.212277011285615,0.0179553083782612,-0.0498358026347394
123.581914505,0.212350104547161,-0.00332083406572713,0
123.591902734,0.212210603278319,-0.0238392861666262,0
123.6018986,0.211873697987675,-0.0421175342416951,-0.0996958523825708
123.611905199,0.211368148773763,-0.0569802721818405,-0.0498448062909284
123.621902317,0.210733880748366,-0.0675172374657514,-0.0997053553848817
123.631905907,0.210017756222244,-0.0731998582149179,-0.0996732268576045
123.641909472,0.209269359839083,-0.074026873988675,-0.0498523649973268
123.651906591,0.208537168108089,-0.0702000538857661,-0.149569495778612
123.661908697,0.207865413166409,-0.0624716388846817,-0.0997317754532665
123.67190215,0.207288012766944,-0.0521924039731647,0
123.68191318,0.206821331108399,-0.0411693730343955,0
123.691908704,0.206464355482185,-0.0307792927994674,0
123.701906826,0.206205940824036,-0.0215944289273097,0
123.711908228,0.206032477182587,-0.0136197468406084,0
123.721910283,0.205933498803759,-0.00634883477946862,0
123.731914077,0.205905463352663,0.000885527472898687,-0.0994979852268743
123.741952526,0.205951246760554,0.00836992046658776,0
123.751906467,0.2060727980669,0.0157803089872001,0.149874574117197
123.761910942,0.206266196731929,0.0227718469562311,0
123.771911477,0.206528349092978,0.0298692685543607,-0.0498637954758056
123.78190734,0.206863474513911,0.0374542529197116,0
123.791913676,0.207277516513274,0.0451788099361455,0
123.80190707,0.207767038514355,0.0517126916682751,0.0997046846601055
123.811914668,0.20831182164563,0.0567528369529578,0.102123199497084
123.821434392,0.208875269435949,0.0550176287933254,0.0997488873168934
123.831906498,0.209411724727469,0.0489578291471214,0.146128161325872
123.841904499,0.209877441437078,0.0415150645713094,0
123.851908446,0.210242106890241,0.0307449133690246,-0.0498424316541096
123.861909468,0.210492492475933,0.0191259387500197,0
123.871921809,0.210624881245161,0.00729993285725604,0.0997070154478638
123.881909843,0.210638493870553,-0.0042821069411795,0
123.891910676,0.210539286779034,-0.0146786896964684,-0.0996929291011749
123.901913044,0.210344873090138,-0.0229781058689577,-0.0498670977274802
123.911905451,0.210079844722258,-0.0295684346444619,0
123.92143084,0.209767762414708,-0.0325467859227636,-0.0498307167827597
123.931914824,0.209428603942778,-0.0336914297762591,-0.0972983896005391
123.941926172,0.209077245375889,-0.0355071019879466,0
123.95191051,0.208718615080657,-0.0365992822162004,0
123.961910131,0.208345846820651,-0.0386066938646202,0.0498629704884514
123.97190694,0.207946619029262,-0.0416555050825545,-0.0996797061646611
123.981916135,0.207512486619347,-0.0453775779759089,-0.0999022007079197
123.991868239,0.207040823627389,-0.0490910439979291,0.049864314158095
124.001912325,0.206530852776266,-0.0525992234640292,0
124.011902462,0.205987039054884,-0.0561742514682309,-0.152249434232062
124.02155942,0.205427191921116,-0.0553207874926978,-0.0997059064840713
124.03190291,0.204880598521317,-0.0514560749429963,0
124.041914782,0.204379784888552,-0.0461541030584945,-0.0996791680587193
124.051909022,0.203957234366269,-0.0368121994891123,-0.0498706115224813
124.061908447,0.203643774104054,-0.0246572064168099,-0.0498455463597861
124.071912442,0.203464005910287,-0.0109879928542012,-0.0514458535299791
124.081289628,0.20343081382572,0.00385709356436593,0.0498706818723169
124.09190578,0.203541122085617,0.0168408369524956,0.0967454790237244
124.101902247,0.203777947581463,0.0288769168952167,0
124.111910273,0.204118790167509,0.038406175167785,0
124.121746454,0.204540087671571,0.0447688856854149,0.0498524420300346
124.131911225,0.205014210501196,0.0479160222788403,0.0494563027960975
124.14190731,0.205506115696827,0.0480838547396029,0.149615178080578
124.151904244,0.205975551922598,0.0439705507807912,0.0498537035234681
124.161907457,0.206385533176114,0.0367093348447284,0
124.171909599,0.206709935197981,0.0274446651139506,0.049863875272384
124.181903823,0.20693432674448,0.0171653218736076,-0.0498586341776343
124.191908067,0.20705321533818,0.00654949773969062,0
124.201910393,0.207065359729474,-0.0041628071003767,0.0498497303337694
124.211910107,0.206969950704046,-0.0148395080302191,0
124.221881473,0.206768998727442,-0.0248448014365031,0
124.231900862,0.206473284365505,-0.0330639365042999,-0.0497625701299965
124.241918547,0.206106494184974,-0.0384806722651168,-0.149494120334986
124.251910071,0.205703316551692,-0.0403528568793509,-0.0498702328906634
124.261912065,0.205299698614605,-0.0389822671888869,0
124.271905239,0.204923859570229,-0.0352312521590874,-0.0498702852714528
124.281905562,0.204595302680256,-0.0298179860598521,0
124.291912417,0.204327285815528,-0.0233387998956376,-0.0498368114581086
124.301912787,0.204128358059514,-0.0163506486323906,-0.0500192307185932
124.311846676,0.204001347750872,-0.00944085273147448,0
124.321903161,0.203939631882533,-0.00382403918472381,0
124.331911154,0.203924620400779,-0.000618539029796143,0.0498423270111936
124.341908172,0.203927258002438,-0.000535187878237016,0.0498737520699099
124.35190356,0.203913920707431,-0.00363230668448293,0
124.361904994,0.203854623412219,-0.00924754276506464,0
124.371912099,0.203728890887362,-0.0162997501850021,0
124.38191003,0.203528546322977,-0.0234924022835605,-0.0498650124012708
124.391908009,0.203259138925616,-0.0295400994078434,-0.0996738869566032
124.401917202,0.202937532473227,-0.0337487087515852,-0.0498607434486688
124.411905631,0.202584245005014,-0.036052173336774,0
124.421907083,0.202216853818434,-0.036676399394305,7.45032048359293e-07
124.431906329,0.201850691417001,-0.0356531379758942,-0.0498551695314073
124.441906343,0.201503817442238,-0.0326315083542572,-0.0996967767809017
124.451908758,0.201197981987982,-0.0276022226600053,-0.0499252795457885
124.461878115,0.200952552144579,-0.0210536821394683,0
124.471876109,0.200777595726861,-0.0140103482522687,0
124.481875946,0.200672375567979,-0.00748096242217267,0
124.49190779,0.200627739474047,-0.00219656568000774,0
124.501876842,0.200628442286256,0.00139386886476177,0.0499404403883071
124.511873499,0.200655569054185,0.00318116135017657,0.0499124539080148
124.521853746,0.200691992041157,0.00365319712447252,-0.0498992328083592
124.531855696,0.200728567958806,0.00357358052479091,-0.0498543289265575
124.541853941,0.200763464348501,0.00337823814397195,0.0498541918288288
124.551855946,0.200796133566245,0.00309006051390407,0
124.561852981,0.200825262592321,0.00266355641233429,-0.0498461417775819
124.571859426,0.200849413963668,0.00192545586839176,0
124.581861962,0.200863789002208,0.000385950659595675,0.0498620450027818
124.591856526,0.200857131857603,-0.00234964397124793,0.099751823126761
124.601853353,0.200816816350868,-0.00580746163544202,0
124.611856652,0.200740981893154,-0.00860585486675611,-0.149544887213848
124.621855869,0.200644677601202,-0.00951273745130099,-0.0498642917148789
124.631852851,0.200550763302043,-0.0083739712397897,0.0498574375074764
124.641854817,0.200477206985824,-0.00579140618025932,0
124.651854244,0.200434927111009,-0.00226699586960109,0
124.661854095,0.200431868705203,0.00201029034440233,0
124.671853531,0.20047513148456,0.00695257538244962,0
124.68185974,0.20057095946014,0.0124297547814156,0
124.691856216,0.20072375995408,0.0187698308925725,-0.0517351148205978
124.701132845,0.200932712381765,0.0230415236409038,0
124.711856262,0.201184591486808,0.0249427619222592,0.144377215588569
124.721851308,0.201449488071769,0.0252222757114113,0.0997205722055071
124.731853918,0.201688977880022,0.0213240067770386,0
124.741604018,0.201870694993674,0.0149037321003577,-0.052109188894122
124.750988382,0.201974152805362,0.00593893188154078,0
124.760985387,0.201985799623936,-0.00376142454158285,0.0955566890943487
124.77185728,0.201895656020269,-0.0140116974339675,0
124.781113988,0.201703763756955,-0.0244904393342326,-0.104289363035881
124.79097872,0.201427363553966,-0.029193598472365,-0.048066776558678
124.801857659,0.201098181354938,-0.0335130311715838,-0.0991678265918849
124.81108799,0.200753440961618,-0.0348438778309135,0
124.821093366,0.200427934730239,-0.0300156469582579,0.0498474026974845
124.831090964,0.200153038755919,-0.0233569364262921,-0.149510332247601
124.841100505,0.199960629256544,-0.0131484319255451,-0.0478991708923532
124.851907531,0.199879333541796,-0.00177310192472639,0.04978347946351
124.861128864,0.199925116934652,0.0113512359609384,-0.0518637136497116
124.87113256,0.200097561382331,0.0227582669929286,0.0997233669062961
124.881126109,0.200380219575485,0.0324556560945696,0.14963443964205
124.891123105,0.200746367635994,0.0395721658156696,0
124.901128595,0.201171761268203,0.0448521483703331,0.0498789021596572
124.911113148,0.201642964010559,0.0491951669582466,-0.0498843290695596
124.921116762,0.202155082480957,0.0528653267199669,-0.0498423618921281
124.931118145,0.202700534712996,0.0552582857675152,0.200008946352111
124.941057647,0.203256981602744,0.054631544410272,0.199659477672605
124.951093933,0.203791842862248,0.0511572520807616,0
124.96107836,0.204281186264522,0.0463854106622458,0
124.971098357,0.20471975628455,0.0417910307102623,-0.0499967257125045
124.981021592,0.205114634485496,0.0377513476599182,0
124.991022923,0.205471935502589,0.033650221603034,0.0997927707575603
125.00100478,0.205787073190031,0.0288178197149391,0.0501264268759879
125.010914255,0.206045160322055,0.0220533815984217,0.0499061295272347
125.020983917,0.206227680722299,0.0136417276957073,0.0496558020002142
125.030994412,0.206319088355936,0.00423293927396184,0
125.040983394,0.206312337293951,-0.0054102364440232,-0.0498978394182853
125.050977167,0.206210976926583,-0.0142963284940024,0
125.060968666,0.206026621280397,-0.0217595257234778,-0.049843946642642
125.070981229,0.20577569802492,-0.0275061248876216,0
125.080917656,0.205477901870075,-0.0310736502581263,-0.0499985808463977
125.090923423,0.205156021263184,-0.032125762521823,-0.0498555531508889
125.100917061,0.204835405734467,-0.0307526911396907,-0.0498801316670815
125.110913272,0.204541279610958,-0.026972226165104,0
125.120914501,0.204296030260064,-0.0211381895529446,-0.0498642347724684
125.130909195,0.204118602000298,-0.0137230620824119,-0.0997109888563314
125.140914079,0.204021574809548,-0.00571859482887826,0.0498584225884906
125.150907449,0.204004240088387,0.00145627688732282,0.0498446392231432
125.160918162,0.204050706293273,0.00663966826705403,0.0498586017670489
125.17090593,0.204137023368072,0.00938822096509558,-0.0498839472314424
125.180906482,0.204238361058154,0.00964752531310908,0.0498261797441012
125.190917125,0.20433008187838,0.00751785830260557,0.0499291620249598
125.200876701,0.204388494334868,0.00328446995675795,0
125.210911688,0.204395753419852,-0.00228191199260963,-0.0497585794257044
125.220915382,0.204342767828378,-0.00846207514240841,0
125.230912311,0.204226506645131,-0.0146403407178947,0.0996656499954651
125.240924058,0.204049833994424,-0.0199366169945263,-0.0997381730689519
125.250906438,0.203827891392992,-0.0231170385942956,-0.149637156840988
125.26091424,0.203587720185623,-0.0236093944162852,0
125.270913533,0.203355535996013,-0.0219442217704271,0.0998993538704155
125.280876257,0.20314966925759,-0.0184816121441637,-0.0998962595375704
125.29087587,0.202986599826088,-0.0134224735227441,-0.149542362919248
125.300879011,0.202881182821643,-0.00755384431571018,0.0996553225754039
125.31088647,0.202835442869024,-0.00221831431444762,0.0997344598203825
125.320873733,0.202836828243617,0.00178469190546485,0
125.330906481,0.202871172420603,0.00476141227818217,-0.0498626064264284
125.340870309,0.202932040186105,0.00738595616606499,0
125.350887507,0.203018751402792,0.0100186479747522,0.0498411635788697
125.360875488,0.203132465032178,0.012916631192678,0
125.370878596,0.203276968926545,0.0162972846741954,-0.049784554065114
125.380903714,0.203458870732819,0.0203074600179764,0.0498504181993643
125.39088036,0.203683153949264,0.0247526497412441,0.149772947745939
125.400875772,0.203953232089105,0.0298900300164499,0
125.410870733,0.204280666798274,0.0367843958973981,-0.0995792924632901
125.4209018,0.204689877431309,0.046242188785756,-0.0498453518661946
125.43087453,0.20520568615558,0.0576747603620274,0.100422527604605
125.440759672,0.205835175440209,0.0677915508366704,0.149512337500801
125.450881301,0.206561976188904,0.0754778744227254,0.148501247783398
125.460902762,0.207355533057715,0.0811517001240853,0.0997070874817555
125.470881811,0.208185051578753,0.0835357675865414,0
125.480908937,0.20902676424281,0.0837463050649154,0.0498580763648224
125.490879905,0.209859818059594,0.0816785286047142,0.0998557866625205
125.500879365,0.210657919417457,0.076331135377495,0.0997063247478123
125.510880568,0.211386491374687,0.0674705452321177,0.149572123673823
125.520878139,0.212007247603211,0.0551729139066326,0.0998637775937983
125.530849398,0.212488229913093,0.0403728066452867,0
125.540846418,0.212813423070317,0.0248125023564661,0
125.550854778,0.212984613451485,0.0101153557949532,-0.0498342508666475
125.560854372,0.213015810643756,-0.00295428505715345,0
125.570855711,0.212925524993994,-0.0140997985832492,0.0497590550325955
125.580892562,0.212733276200783,-0.023115451862266,-0.0497892717005275
125.59088174,0.212462614284652,-0.029559149495578,-0.0997431148196369
125.600885549,0.212142300509187,-0.0331401167736606,-0.0498581308929609
125.610880111,0.211799865934429,-0.0344669041755501,0
125.620828895,0.211454915113665,-0.0340793045523982,-0.0498528657592074
125.630880893,0.211118253193365,-0.0330059855035612,-0.0496803450863621
125.640899132,0.21079247716219,-0.0323568907848145,0
125.650879495,0.210471160612602,-0.0326242960461703,0
125.660882323,0.210140539623059,-0.0344168019291225,-0.0996611347222157
125.670888928,0.209782499920327,-0.0383331174033663,0
125.680882956,0.209373853010128,-0.0447058421549609,0.0997637781554574
125.690877774,0.208888881726191,-0.0532797523953272,-0.0500403270085611
125.700808811,0.208312208389463,-0.0619730349422252,-0.149537967108381
125.710881116,0.207649213913464,-0.0690699200915826,-0.099102036794491
125.72093113,0.206922361424076,-0.0741967298203755,0
125.730899799,0.206163893099553,-0.0753734849108894,-0.149578256758284
125.740929084,0.205415045940008,-0.0720428603609864,-0.199258910742337
125.750915744,0.204721887168925,-0.0646520753176788,0
125.760913881,0.204122987339156,-0.0538540147522078,0.0498739740933887
125.770908061,0.203645220634276,-0.04074048968117,-0.100202678745163
125.780815322,0.203312192887455,-0.0248679032900614,-0.0996382790409063
125.790922383,0.203147506410364,-0.00721671625469945,-7.40938100715562e-07
125.800926531,0.203167055998563,0.0112819082177379,0.049860688595367
125.810920027,0.203373117994543,0.0294811904983871,7.46893690601307e-07
125.820877377,0.203755230690093,0.0458378464359286,0
125.830920594,0.204289900913321,0.0591055292305228,0.149474212063017
125.840889251,0.204938043093757,0.0681355622988782,0.199621953223845
125.850900137,0.2056512183101,0.0727501607548407,0
125.86079399,0.206386116055791,0.0728574568809386,0
125.870918409,0.207109698699171,0.0699259782133188,0.148649001382583
125.880916958,0.207793234277746,0.0650756189715862,0.0498822085019977
125.890907127,0.20841047689547,0.0573257131619816,0.0498161349614298
125.900932188,0.208940621611597,0.0478919117012938,0.0498366495473792
125.910914118,0.20936864994185,0.0372141006330187,0.0498603968776834
125.920929949,0.209684820301886,0.025898022662865,0.049888337474591
125.930900679,0.209886262351581,0.0148568636867779,0
125.940767658,0.209979546440357,0.00469959109075175,-0.0498256543775222
125.950912085,0.209980307776932,-0.00352908278207889,0
125.960907186,0.209908472378853,-0.0098137615383026,-7.45224607677644e-07
125.970907615,0.20978407641368,-0.0141240164556821,-0.0498444649198226
125.98091104,0.20962593761578,-0.0166917496829594,7.44816729357911e-07
125.990914095,0.209450133257483,-0.0178316022582439,0
126.000915794,0.209269220799178,-0.0177898538626962,0
126.01090459,0.20909450527279,-0.0166521904582232,-0.0501933064290052
126.020780622,0.208938427899902,-0.0140807592762051,-0.0498483523421651
126.030906884,0.208812857786004,-0.0106373014286967,0
126.040904927,0.208724359601574,-0.00706738823298448,0
126.050907163,0.208671508049543,-0.003944428924471,0
126.060908577,0.208645456625919,-0.00195188777702475,0.0498496831760809
126.070908923,0.20863246685868,-0.00134453584337961,0
126.080914182,0.208618558372928,-0.00199551824868175,-0.0498676114981246
126.090903492,0.208592567331366,-0.00376618185724347,0
126.100731501,0.208543922745651,-0.00665799537330126,0
126.1109115,0.208459354106673,-0.0109647271124929,0
126.120903476,0.208322742544456,-0.017050229724744,0.0498611228040199
126.130908671,0.208118397747278,-0.0242879246484691,-0.049830694458586
126.140913157,0.207836748920088,-0.0321107507414048,-0.099700958728197
126.150910261,0.207476131676356,-0.0399327280002062,0
126.160910048,0.207038218510935,-0.047556345191873,-0.0498589732446529
126.170908593,0.206525084096503,-0.0553512015135847,-0.0502791331809556
126.180741263,0.205940536933211,-0.0616578570697963,-0.0498451202568451
126.190912184,0.205291705541742,-0.0669847188214732,-0.0988684109349836
126.200911131,0.204589463996565,-0.0722949507738564,-0.0997376542808355
126.210906415,0.203846223595836,-0.0758183821735072,0
126.220905545,0.203073519874578,-0.0780723163790196,-0.0996866996794088
126.230910866,0.202284429768375,-0.0788876794454883,-0.0997620649538029
126.240895033,0.201496595552954,-0.0775623670675728,0
126.250914364,0.200732911113864,-0.0743423106106507,-0.150953325603433
126.260710821,0.200023444086463,-0.0665623954069106,-0.199392529478565
126.270916821,0.19940149966192,-0.0561599589037178,-0.0493712614250348
126.280906102,0.198889277935454,-0.0456747251465023,0.0498756904764913
126.29090845,0.198488387502114,-0.035189542829593,-7.44954910970459e-07
126.300908871,0.198185389639018,-0.0262851388285568,-7.45582716535941e-07
126.310894376,0.197963054662587,-0.0189205878909598,-0.0498506701325095
126.320910235,0.197806952073517,-0.0128295782685375,0
126.330903085,0.197706351364419,-0.00775974941666293,0
126.340662039,0.19765368302395,-0.00316995281629943,-0.0507815854501358
126.350537789,0.197644110279177,0.000957872940137929,0
126.360557433,0.197672740283496,0.00432648253614725,0.0489475827422264
126.37090818,0.197732242420093,0.00707104079219892,0.0491201340965807
126.380856266,0.197816274159673,0.00965769781858922,-0.049987849931586
126.390854655,0.197924879448189,0.0123897315973268,7.45177613725637e-07
126.400853057,0.198064029032971,0.0157820742918893,0
126.410861225,0.198240624622255,0.0199697525005753,-7.54999314704916e-07
126.420589712,0.19845816514851,0.0236200538705396,0
126.430859076,0.19871297494017,0.0262294940998501,0.0490863472062994
126.440902517,0.198990959747409,0.0277300895199749,0.0994606866809603
126.450908835,0.199268956552094,0.0265573734227803,0.049838704644951
126.460908982,0.199522278909284,0.0232360077247427,0.0498634588368462
126.470905368,0.19973359614735,0.0187359853830144,-0.0498566447451132
126.480908248,0.199896984864731,0.014122404858303,0.0498346768133759
126.49091345,0.200016158381792,0.0104302688382596,0
126.500591834,0.200102289958412,0.00782700924077258,-0.0498568342080181
126.51091264,0.20017269222673,0.00707970234072406,0
126.520915662,0.200246176611076,0.00823786914450422,0
126.530908025,0.200337411591854,0.0104515500757395,0.0498534141252948
126.540916224,0.200455213486362,0.0133889155610404,0
126.550854824,0.200604477599378,0.0166723494632707,0
126.560851956,0.200787588977072,0.0199682134135141,0.0498505104146576
126.570856551,0.201003876352753,0.0235322853426534,0.0506311166015145
126.580545306,0.201251018508625,0.0261602736165458,-0.0498545682261362
126.59085665,0.201527084414951,0.0283411379160717,0
126.600855935,0.201826644846276,0.0304011084168623,0.0997277933440932
126.610852858,0.202134991302285,0.030163433255538,0.0498581707827499
126.62085429,0.202429863892539,0.0276666971197954,0.0498522852363931
126.630853574,0.202688345054036,0.0231450052215153,0.049858033661878
126.6408527,0.202892727196411,0.0172389890312137,-0.0498517269170286
126.650854514,0.20303314103931,0.0108386928915441,0.0506795357615629
126.660527235,0.20310597343906,0.00395542961977107,0
126.670855621,0.203112254010366,-0.00238791442118368,-0.0490402732319582
126.680859428,0.203057421902181,-0.00812186550475854,0.0498543067561429
126.690855526,0.202949817471848,-0.0127845074194439,0
126.700857714,0.202801753666438,-0.0158398506987923,-0.0498483596437015
126.710858116,0.202632979432659,-0.0166087670159842,-0.0498653266170953
126.720853498,0.20246964834868,-0.0146619001384653,0
126.730860692,0.202339703660835,-0.0102563775866015,-0.101493574257287
126.740501666,0.202268129318787,-0.00347597538258541,0
126.750853735,0.202270208335544,0.00384113480131509,0.0490043951824641
126.760848745,0.202346285192039,0.0107027527313484,0.0498336755611088
126.770862219,0.202484354192325,0.0160556832052906,0.0497906310171007
126.780873928,0.202667803186415,0.0198217112618816,-0.0498814292427933
126.790851548,0.202880576900082,0.0219369257727055,0.0499047397078817
126.80085392,0.203106102787858,0.0222547148111878,0.0498625387135262
126.81084845,0.203325602251199,0.0211498095296479,0
126.820428878,0.203520109421109,0.0172830118344077,0
126.830850702,0.20367130140923,0.0118233732693623,0.0976622599848852
126.840848001,0.203761532334171,0.00543700732786426,0.0498518288817277
126.8508519,0.203780048069322,-0.00148949501828403,-0.0498422224519273
126.860852755,0.203731735352746,-0.00709752886294234,-0.0498193809715051
126.870866125,0.203637996529715,-0.0101637633986578,-0.0996406238984107
126.880866606,0.203528319306486,-0.0105340814540704,-0.0498867624889787
126.890853317,0.203427449821149,-0.00935227182843737,0.051032079143217
126.900405224,0.203345588839798,-0.00741772294698578,0.0498561037865171
126.9108528,0.203279099197172,-0.00613325891128385,0.0487653889033434
126.920852027,0.203220183303091,-0.00557038798208112,0
126.93086966,0.203167597520789,-0.00448118140033482,-0.0996950821703167
126.940854796,0.203130547266693,-0.00222589006669338,0
126.950855141,0.203123112037153,0.00125556081979415,-0.0498621201874797
126.960851567,0.203155654428883,0.00519259385652535,-0.0498558896881753
126.970854411,0.20322696012369,0.0084587286986005,0.204125621173316
126.980390224,0.203320926627581,0.00957393518511256,0.0997264866793722
126.990850881,0.203418405031401,0.00949284260017164,-0.0974499369460758
127.000853836,0.203515184475328,0.010274373972275,-0.0498459748226101
127.010854428,0.203623928954051,0.0123112427334442,-0.0498459822982102
127.02085738,0.203761452961041,0.0155912436494774,0
127.030850987,0.203935700177571,0.0189399818155956,0.099745842740693
127.040850119,0.204140115074145,0.0211086980171557,0.0498476419305762
127.050853865,0.204357934888747,0.0220281192231242,0.0509473569224996
127.060420936,0.204571223364315,0.0204830734081452,0.0497667218862518
127.070888968,0.204768315374236,0.0183054837446395,-0.0973980623561009
127.080895447,0.204946019192605,0.0167769810480105,0.049808204063517
127.090907385,0.205104163976856,0.0147775690022734,0.0996169584252024
127.100913903,0.205241843307464,0.0128240222766825,-0.0996982149390996
127.110909376,0.205360669955018,0.0110632444537139,0
127.120919044,0.205463165072678,0.00934391136503008,0.0996897670722815
127.130913062,0.205547582623976,0.00760210749288161,0
127.140369821,0.205611031970252,0.00540424008782819,0
127.150906279,0.205655630768772,0.00383504049582864,0
127.160902751,0.2056897765883,0.00351344061576914,-0.0499269883146288
127.170877069,0.205725796953487,0.00433192617686302,0.0498277036188276
127.180913334,0.205776460956612,0.00634035674826373,-0.049791084226653
127.190902369,0.205852764499478,0.00912369535592669,-0.0997880701405521
127.200897314,0.205958788702131,0.0115340198826205,0.149557496053994
127.210903099,0.206083453316965,0.0126574297531468,0.153788683452258
127.220347764,0.206204981406673,0.0112401440858005,-0.0498534465291715
127.230903648,0.20630826236952,0.00914375669101421,-0.0484948237443991
127.240908645,0.20639298509989,0.00782938637722686,-0.0996972579406842
127.250905831,0.206464867188615,0.0064464186666676,0.0498441259334448
127.260912934,0.206521941121913,0.00429319909540022,0.100071946454128
127.270833122,0.20655041901631,0.000480264458520347,-0.049892928214138
127.280897656,0.206531539073603,-0.00518023352209556,0
127.290906653,0.206446433438117,-0.0130427623909861,0.102605052242214
127.300333274,0.206278044926107,-0.0213356606108948,0
127.310907737,0.206019697098043,-0.0289353992941572,-0.145379249035665
127.320908934,0.205682679988266,-0.0364973504349415,-0.0997057918249886
127.330908208,0.205289732899092,-0.0410511981899013,0
127.340896604,0.204862162185742,-0.0436194951401823,0.0498563409045052
127.350907297,0.204417382733648,-0.0442771587368602,-0.0996908110103901
127.36090023,0.203976458462027,-0.0425390792596437,-0.0997200436273891
127.370905059,0.203566696350915,-0.0391734026394166,0
127.380308124,0.203216185215982,-0.0307492682703662,0
127.390907984,0.202951621043898,-0.0201945985620655,-0.0968022521307957
127.400908654,0.202800165782466,-0.008309605492159,-0.0498850478394973
127.410895863,0.202785529654783,0.00601529581084421,0.0498921526283239
127.420893388,0.202920379869177,0.0209677237254055,0.0498175041864659
127.430910842,0.203205198204825,0.0356194743236529,0.0498154906579024
127.440909176,0.203633331715911,0.0494739351076504,0
127.450902521,0.204194265234364,0.0638177863459109,0
127.460286504,0.204869949894169,0.0716887870130575,0.149525229687243
127.470907567,0.205628402716244,0.0755127978661376,0.193438536389418
127.480904709,0.206426888240697,0.0798399188352622,0.0498509465728037
127.490909119,0.207225325004503,0.0783554597145717,0.0498272779610739
127.500915762,0.207994863497885,0.074578290398704,0.0498912081480154
127.51089453,0.208715802789799,0.0688845610933929,0.0498716995940037
127.520908692,0.209372067705906,0.0615744006792272,0.0996512888361433
127.53090594,0.209947993367295,0.0546758038073311,0.0515743584619105
127.540241582,0.210429109006574,0.0428329751329493,0.0498574125774404
127.550904898,0.210804608237994,0.0310345474013765,0.0964957548355099
127.560907545,0.211070467814893,0.0214990469602508,0
127.570911372,0.211234728362029,0.0128497932132425,-0.103363744260562
127.580200361,0.211318376510994,0.00551813853948169,-0.0498692072594616
127.5909056,0.211345059282123,0.000507769006370078,0.0499067604578637
127.600179544,0.211328521320894,-0.0037248096450782,0.0498643291202289
127.610901784,0.211270577303095,-0.00802567143599188,0
127.6201765,0.211168032322318,-0.0125646799870199,0
127.630907413,0.211019212976771,-0.0170288663697797,0
127.640175517,0.210827471734298,-0.020804452613245,-0.0498376808115962
127.650914289,0.21060298087309,-0.0233140556961907,-0.0498780856271126
127.660166186,0.210361408163828,-0.02419738146138,-0.0498787998571703
127.670904373,0.210119273185097,-0.0236640096983984,-0.0498762025130552
127.680157311,0.209888337987946,-0.0223166667404899,0.0498268370903848
127.690915304,0.209672695906803,-0.0208048246266296,0
127.700154771,0.209472294339668,-0.0192051893237719,-0.0498836053290746
127.710903761,0.209288813805828,-0.0172544385140392,-7.4515931712892e-07
127.720152053,0.209127252466951,-0.0147126264865788,-0.0498398631430905
127.730909163,0.208994481798488,-0.0116058891109746,-0.0500400945390389
127.740077405,0.208896001041142,-0.00843767314873244,0.0518086641797562
127.750154332,0.208832097352774,-0.00485865819616844,0
127.760122742,0.208798607600232,-0.00205776085073617,0
127.770150647,0.208790949718608,0.000379574255329626,0
127.780118189,0.208806197357137,0.00255160417548466,-0.0498796638466441
127.790140086,0.208841954854626,0.00429164696524743,-7.4439881039153e-07
127.800135901,0.208892106310093,0.00509437120917271,0.0500272195051508
127.810070566,0.208943488118123,0.00435630688867912,0.0500327745105554
127.820064466,0.208978921255084,0.00203549310218976,0
127.830078366,0.208984213857013,-0.00137027089572095,-0.0498538805034829
127.840064542,0.208951515733029,-0.00546196758409219,-0.0500194166327722
127.850012253,0.208875335612394,-0.0102978527502267,0.0501321277950018
127.859953612,0.20874670101883,-0.0160914629029892,0
127.870009769,0.208553546325528,-0.0229792986663982,0
127.879993576,0.20828619670081,-0.0305812299574399,0
127.889978651,0.207942873353093,-0.0376178158057059,-0.0995612770566142
127.900023078,0.207532730583894,-0.0434253719871311,-0.0994924192978137
127.910022165,0.207072476301714,-0.0477854829495882,-0.0498921468051195
127.920008113,0.206577736034655,-0.0507304328257815,0
127.930017111,0.206058124036806,-0.0530231225987222,-0.0499682624183014
127.939962407,0.205519697057522,-0.0547489178822678,-0.100149549033769
127.949928961,0.204967971796272,-0.0556913219005752,-0.049863184938392
127.959958751,0.204406074226983,-0.0567050666589731,0
127.969940865,0.203833195445979,-0.0578829562119338,-0.0498617457889303
127.979955971,0.203248576017363,-0.0589183542347986,-0.0997845565729508
127.989925698,0.202655721975962,-0.0593563634509037,0
127.999932024,0.20206287015518,-0.0585517778150283,-0.0498629779691898
128.009922125,0.201484895625163,-0.0559240113968566,-0.149664517243978
128.019918452,0.200945148927925,-0.0508702728034056,-0.0998559839352977
128.029892812,0.200468981329401,-0.0435827533841162,0
128.039911325,0.200073804474527,-0.0350118403892856,0.0498326444627621
128.04990171,0.19976843298626,-0.0256757137574174,-0.049957800514104
128.059870096,0.199561348783381,-0.01521213835174,-0.0997880152131587
128.069885701,0.199464433750348,-0.0037956703024576,-0.0498052926658675
128.079889384,0.199485362166443,0.00767496662439989,0.0499273658175706
128.08985634,0.199617707738141,0.0177209638563754,0.0499280447055007
128.099859453,0.199839251037401,0.0249850407634348,0.0498625939586696
128.109852921,0.200117323129555,0.028759668404001,0.0498059130704548
128.11987909,0.20041500915909,0.0288720525345387,0
128.129857052,0.200694883450695,0.0252538493052535,0.0498922799508261
128.139863773,0.200919699331985,0.0179230523790437,0.0498388840402441
128.149863146,0.201053453721357,0.00726600019668704,0
128.159850227,0.20106492091068,-0.00615497095858733,0
128.169851532,0.200930425786018,-0.0214785926320112,0
128.179858582,0.200635169604398,-0.0377746897708768,-0.0498528136573086
128.189852036,0.200174912952157,-0.0539893669821981,-0.0997359383277294
128.199853157,0.19955567515707,-0.0692117857114457,-0.0498385327575879
128.20985857,0.19879022500812,-0.0829378681940732,-0.0996065760512222
128.21987355,0.197895226441244,-0.0949716583929337,-0.09967274610429
128.229865672,0.196890117351544,-0.10500049781716,-0.0499062533815671
128.239852936,0.195797380965161,-0.112183411467189,-0.0997081072311688
128.249865828,0.194646431621587,-0.11598017118468,-0.19931966715959
128.259862705,0.193476644531177,-0.11584528904613,-0.199541209322542
128.269853381,0.192330967766978,-0.111587233947948,-0.0498478888099457
128.279865185,0.191244623115876,-0.10441200941825,-0.0498518737456786
128.289854561,0.190242604372441,-0.0949479056534905,-0.0997573040281252
128.299855627,0.189346572514889,-0.0831471146145221,-0.099729309516977
128.309850465,0.188580002650731,-0.0689132047710619,-0.0498586270267435
128.319853799,0.187968434392807,-0.0520088501375583,-0.0498431817051781
128.329854834,0.187539598421314,-0.0323497090008462,-0.149590599245263
128.339850103,0.187321559777314,-0.0103301197252614,-0.049865229359431
128.349850657,0.187333039175719,0.0126495174528402,0.149505843670453
128.359857743,0.187574646768684,0.035107991701532,0.0997055298633777
128.36985133,0.188035222637428,0.0564720451122147,-0.049858891302991
128.379855809,0.188703978453993,0.0767185156770645,0.0498377107196146
128.389857895,0.189570096608026,0.0955663274156982,0.149564054198437
128.399855662,0.190615290954057,0.112169268582402,0.0997384873374803
128.409851959,0.191812816142896,0.12579094780755,0.149588108142887
128.419852299,0.193130686875253,0.136072991678966,0.149558704700005
128.429852627,0.194534366873233,0.142944435588029,0.149562954902786
128.439852299,0.195989575587011,0.146548567866434,0.149600871243577
128.449847558,0.197464595375869,0.147395420497115,0.0999585217336888
128.4598025,0.198930143852408,0.144556706137522,0.14954039673364
128.469850575,0.200356165626205,0.138652686145111,0.198917533859985
128.479852646,0.201710150452912,0.130252550097099,0.14954180969074
128.489853403,0.202961584982359,0.118893314608475,0.099714236810358
128.499851722,0.204087906887656,0.105678752105862,0.0996714383951177
128.509860917,0.205075954094618,0.0915475019698886,0.049840079837758
128.519857336,0.205919370874731,0.0769813830362099,0.0997522522461602
128.529852222,0.206614912402216,0.0621388838625346,0.0997388514923463
128.539851327,0.207161775159429,0.047464280018021,0
128.54984866,0.207564028934812,0.0335074362641663,0.0499333501794279
128.559819871,0.207830869874797,0.0205954953025288,0.0498566347734209
128.56984793,0.207975923806151,0.0094153073561465,0
128.579840108,0.208019366559495,0.000633435886350681,-0.0498380245758258
128.589854668,0.207988596791969,-0.00531180653992838,-0.0498281644125764
128.599850805,0.207913073608302,-0.00859267965267026,0
128.609854108,0.207816748010816,-0.00987986325017665,0.0498489178792656
128.619853171,0.207715452967542,-0.00976639675123663,0
128.629855233,0.207621409088595,-0.00837861652179661,-0.0498527211919034
128.639854011,0.207547873599068,-0.00565378249139791,0
128.649851748,0.207508353142199,-0.00169352665320137,0
128.659819062,0.207514062253067,0.00324779587156143,0
128.669855923,0.207573322619178,0.00884706825446381,0
128.679858705,0.207691354342483,0.0147838183646791,0
128.68985379,0.207868967452587,0.0205036619790085,0.0498611997328565
128.699856144,0.208101375072185,0.0255337285509274,0.0498433410691178
128.709858394,0.208379759580892,0.0296452888116351,0
128.719858763,0.208694358489429,0.0327142068851757,0
128.729855591,0.209033952020673,0.034548137359095,0.100003249485626
128.739799743,0.209383282205544,0.0345646993832358,0.0498532174581732
128.749855933,0.209725257829465,0.0330008004877352,0
128.759869757,0.210045608733344,0.0303599319374877,0
128.769853877,0.210332394048195,0.0263406987217909,0.0498958618369668
128.779853304,0.210571989324264,0.0209317708484393,0.149547342160248
128.789855965,0.210751073170701,0.0147054546573625,-0.0498378651482845
128.799860106,0.210866198443914,0.00884463722724337,-0.0498588464256668
128.809854049,0.210927948968921,0.00444172714910774,0
128.819726374,0.210954438985841,0.00185272780213075,0
128.829605945,0.210964543855785,0.00106190271424302,0
128.839863155,0.210975822288241,0.00195422234534297,0
128.849855998,0.211004116961852,0.00435658310396709,0
128.859907805,0.211063148471756,0.00802678232608492,0.0497186735704309
128.869910463,0.211165089787073,0.0129979004284665,0
128.879910608,0.21132314291344,0.0192727408224958,-0.0997045727316078
128.889911328,0.211550561274444,0.0266109174677944,0.0501816304014814
128.899780355,0.211851895110963,0.0332401382935941,0.049844781251832
128.909915354,0.212215497865112,0.037923731791136,0.0990792246102722
128.919907307,0.212615184240384,0.0403954358195588,0.100300807336862
128.929797176,0.213018632729689,0.0390582460983326,0
128.939908808,0.213396407788779,0.0351532355192308,0.0495795986541161
128.949908196,0.213725600152281,0.0296787855539106,0.0498544934448117
128.959908937,0.21398998732842,0.0227091895928595,-0.0498494387442973
128.969910353,0.21417983292786,0.0150373742205809,0
128.97970819,0.214287716105069,0.00617469532098243,0.0498749195863245
128.989902291,0.214303277053886,-0.00360148308945522,0.0493833986139764
128.999899111,0.214214998844527,-0.0142639527099386,0
129.009908608,0.214017907894298,-0.024843779362978,-0.0997108763984505
129.019898861,0.213718129468212,-0.0344099252896136,-0.0498095057893116
129.029926801,0.213329083368735,-0.0425943328045193,0
129.03990878,0.212865820318935,-0.0493100646670857,-0.0998076131540204
129.049906868,0.212343864972912,-0.0549642465757396,-0.0503936447816097
129.059694636,0.211778305651039,-0.0580480609377473,0
129.069908448,0.21118281203822,-0.0596397250323127,-0.0986105702836045
129.079917394,0.210572225924523,-0.0609244871285927,-0.0498602298272426
129.089906276,0.209964454623635,-0.0596262787121974,-0.0498672373922793
129.099912113,0.209380015236658,-0.056153864651797,-0.0997183061777076
129.109904237,0.208841491828329,-0.0505146573786258,-0.0997206669511642
129.11990975,0.20836984145522,-0.0431860037824922,-0.0498166703817257
129.129919551,0.207977110402217,-0.035902762699509,0
129.139631277,0.207661784151267,-0.0282779238215939,0.0498799894369034
129.149909457,0.207411837363148,-0.0221396736338372,-0.0491726405058639
129.159908738,0.207212847782604,-0.0179863838250614,-0.0498558096296652
129.169909058,0.207052116863214,-0.014756443543028,0.0498584771113959
129.179907269,0.206917740588959,-0.0126315285933583,-0.04985726299788
129.189908076,0.206799498695508,-0.0114311147320107,-0.049865812911312
129.199902858,0.206689168716966,-0.0110799074469537,0.0498415920318791
129.209913382,0.20657784175658,-0.0117120484923831,0.0505940009492296
129.219610655,0.206458350042824,-0.0123655977468467,0
129.229609541,0.206334286977228,-0.0114934801880929,-0.098277391215535
129.239901972,0.206225132192894,-0.00861542836401231,-0.0982633960069678
129.249903748,0.206159443690615,-0.00313696817068284,0.0498334339232328
129.259910254,0.20616236684911,0.00453412025443106,0
129.269912982,0.20625016796377,0.0133807742949341,-0.0498507050256085
129.279911604,0.206430000399054,0.0223930046811669,0.0997213501231326
129.289910482,0.206697972074882,0.031103349810267,0.101353538691541
129.299587066,0.207041973176318,0.0375708109602386,-0.049859581582263
129.30990857,0.207449316458696,0.0425991936296398,0.0490745130722863
129.319905073,0.20790750389068,0.0484798308251613,0.0508628012864709
129.329512215,0.208399697851852,0.0497721302349618,0.0498455413760646
129.339908495,0.208903116815609,0.0485700563687786,0.0977339314219333
129.349916364,0.209390728518939,0.0466225713157448,0.0498637859068569
129.359904598,0.209835386553764,0.0417015168413191,0.0504870360161129
129.36966562,0.210214302450627,0.0343955272720598,0.0507063882315578
129.379568714,0.210511744191922,0.0250684770594882,0.0492593653351259
129.389907381,0.210721732571899,0.0166139988678572,-0.0490143849531986
129.399911646,0.210849721641139,0.00938252756578326,0
129.409911097,0.210909417988687,0.00337938538719647,0
129.419906825,0.210917293056866,-0.0010698610167038,-0.0510226755786639
129.429453316,0.210888510530399,-0.00426265676569892,0.0510056712687601
129.439455559,0.21083396351362,-0.00638871627812171,0
129.44944833,0.210760768058976,-0.00794987987317247,-0.0497589171332623
129.459494104,0.210674659488037,-0.00881199122470807,0.048649492214433
129.469943843,0.210580161778274,-0.00964981272306191,-0.0496943349625512
129.479558391,0.210481042876065,-0.0103554889668636,-0.102311027827367
129.48943517,0.210378319556576,-0.0110104029464497,0.0503762194629791
129.499351091,0.210263117273667,-0.0128571272089061,0.0486813626956091
129.509916959,0.210114982589937,-0.0176607633887715,0
129.519356436,0.209909807609111,-0.024933178452787,0
129.529428833,0.209628489553547,-0.0323056132312739,-0.0496831029385173
129.539425259,0.209261471975266,-0.040998511544132,-0.0499152035938251
129.549404338,0.208809523581205,-0.0491079224698578,-0.0998751471118915
129.559391965,0.20828094852504,-0.0562338712182634,-0.0997439349731426
129.56939731,0.207685241368486,-0.0626802359030675,0
129.579396939,0.207027032035486,-0.0688561288328568,0
129.589397703,0.20630809173137,-0.0747664924952588,-0.0999937922670892
129.599339954,0.205535962754156,-0.0793755268468963,-0.150191219794159
129.609314041,0.204727221909759,-0.0814906215010855,-0.0497441105917155
129.619384164,0.203902547623757,-0.0819435757397087,-0.0993560417312479
129.629385217,0.203082517979019,-0.0809056967219554,-0.149622045077117
129.639376365,0.202285064672846,-0.0775715361696325,-0.0495065734238994
129.6495253,0.201520220802125,-0.0748546341430505,7.45285399289542e-07
129.659370264,0.200788428678109,-0.0721935281573977,-0.0502422759016466
129.669371063,0.200087485152179,-0.0683656820116555,-0.049867094778347
129.679365339,0.19942145173886,-0.0642064536696737,-0.149588362485945
129.689367666,0.198803574188108,-0.0585798325501757,-0.0997603014136776
129.699355031,0.198250458928769,-0.0514969461095139,0
129.70936296,0.197773877610547,-0.0436274364115279,-0.0997011930075187
129.719356574,0.197377842883405,-0.0357890127045652,0
129.729362845,0.197058101472192,-0.0286911567150095,0.0498500642951106
129.73935848,0.19680396506376,-0.0226866274644865,-0.0499447004836866
129.749326851,0.196605185505371,-0.0174026355578358,-0.0498845611700826
129.759346554,0.196456119896435,-0.0125951484011022,0
129.769317176,0.19635340439541,-0.00811527614143136,0
129.779339638,0.196293870498856,-0.00389959416293237,0
129.789311949,0.19627543289533,0.00015937542463298,-0.0499380882848512
129.799305989,0.196297052644525,0.00398366869003494,0
129.809331528,0.19635518426538,0.007063756889635,0.0490239088800218
129.819644665,0.196440720107246,0.00937039394336669,0.0500634619936212
129.829248175,0.196541811093801,0.0106794033274162,0
129.839249754,0.196650090759947,0.0110411736813609,-0.0498672194771294
129.8492432,0.196762579637589,0.0113373432211139,0
129.859245628,0.196876790846491,0.0111612908835478,0.0498691124808033
129.869237466,0.196985741456418,0.0100773683374747,0
129.879236559,0.197078246821587,0.00775093907192914,0
129.889228219,0.197140688564923,0.00404666716176089,0.0997392924780055
129.899230611,0.197159156095246,-0.000725315841388992,0
129.909230056,0.19712618091569,-0.00547287517700304,0
129.919480165,0.197048332813814,-0.00896696310114656,-0.0997123001008358
129.929229371,0.196946847796037,-0.0101253618995745,-0.101047248010509
129.939215414,0.196848506275511,-0.00869704420174429,0.0498803668775713
129.949218827,0.196772998613636,-0.00589678509643202,0.0494166303325948
129.959392757,0.196729524820023,-0.00247217672119984,0
129.969214425,0.196723565961734,0.0016238334599772,-0.0503227562520895
129.979206781,0.196761699495171,0.00627428697062847,0
129.989209342,0.196849019808946,0.0111507733845942,0
129.999171718,0.196984323983296,0.0154684737892677,0.0498727891595065
130.009202134,0.197158277787972,0.0184887903256218,0
130.019199138,0.197354606752439,0.019687249963421,0.0498752838226984
130.029193926,0.197551861194293,0.0186419243904246,0.0997220803143027
130.039196641,0.197727398691362,0.0157426809551923,0.0498665345351712
130.049188628,0.197866631408673,0.0122176469479277,-0.0499410907375257
130.05916209,0.197971329498401,0.00942538664983424,-0.0989113447222874
130.069349741,0.198056657693989,0.00842541823826744,0.04993195380975
130.079130894,0.198139575023819,0.00888725820581028,0.050280032326017
130.089180305,0.198232897036624,0.0104417903928831,7.44104405771517e-07
130.099156526,0.198348678475648,0.0134023493883141,7.43837078606251e-07
130.109213134,0.198501384010118,0.0179063029460973,0
130.119145366,0.198706604700229,0.0239149351479127,-7.48216533842318e-07
130.129128707,0.198977663646847,0.0307299994862527,-7.45142698188715e-07
130.139143094,0.199321134871395,0.0376969636815244,0.0498041213948535
130.149148765,0.199732359046175,0.0431740646028081,0.0985445563846389
130.159379399,0.200194818410787,0.0474212842329267,0.09915269428643
130.169261104,0.200686111990482,0.0501601969705778,0.0504156028817512
130.179156933,0.20118686341182,0.0503147667293666,0.0501559283875391
130.189140736,0.201686351037229,0.0498636900557704,0
130.199125597,0.202182574684344,0.0494995494536765,-0.0498880836436868
130.2091271,0.202675667050445,0.0487697499642017,0.0997666380646508
130.21911387,0.20315739776077,0.0466730863670456,0.14962531125096
130.229118765,0.203608739757612,0.0426778429354921,0.0997071301089053
130.239114222,0.204010969642081,0.037449095653831,-0.049875735383469
130.249110376,0.204357407510225,0.0320882611031397,-0.0499446745823969
130.25907794,0.204651570637854,0.0269208107935416,0.0498518562985998
130.269111563,0.204895855681098,0.0216554783597861,0.0497837280296456
130.279106199,0.205085292167213,0.0156684228890709,0
130.289098438,0.205209018490829,0.00837578793008566,0.049802867620038
130.299126761,0.205252980148766,-0.000181987281362679,0.0994515648043172
130.309150036,0.205205369355022,-0.00931569718408355,-0.0497732605709819
130.319159232,0.205066363715081,-0.0176808175747021,-0.099712128381532
130.329149236,0.204851767148182,-0.0240711345337828,-0.0498849487314781
130.339146852,0.204585239025051,-0.0280618829996811,0.0498710834683171
130.349142413,0.204290720954416,-0.029516638241116,0
130.359137426,0.203995184484061,-0.0278826790587686,-0.149613733803882
130.369135625,0.203733256640866,-0.0226983684678419,-0.0498575970601218
130.37913631,0.203541242446083,-0.01428773806704,0.0499031596863957
130.389115951,0.203447782976484,-0.00344588318872576,-0.0498661824439185
130.399131452,0.203472341522409,0.00889935856521957,0
130.409103166,0.203625656369489,0.0217881803186523,0.0498901579940303
130.419116985,0.203907789919177,0.0341600183272327,0.0498560763649361
130.42910266,0.204308839451065,0.0451499983582998,0
130.439121257,0.204810982767137,0.0539309493902405,0.0498856924886903
130.449089982,0.205386774702293,0.059517366231961,0.149977079112357
130.459066032,0.205998043245226,0.0608771108514998,0.14961676154527
130.469082889,0.206603885117975,0.058713825922904,0
130.479081225,0.20717321180284,0.0541615505327435,-0.0498710754703544
130.489076368,0.20768676294116,0.0477265826223752,0.0996919821787854
130.499084616,0.20812790529613,0.0395293991888439,0.0498623645525935
130.509073041,0.208477219410625,0.0293594124094931,0.0498419060310185
130.519089497,0.208715236847612,0.017452323926501,0.0497323773074968
130.52912198,0.208827119988436,0.00457887250465724,0
130.539132401,0.208807010749651,-0.00837109958635902,-0.0498480210607399
130.549124108,0.208659680183009,-0.0205753685742803,-0.0500298899905934
130.559062115,0.208396949538521,-0.0313919359796382,-0.049824190567499
130.569136401,0.208031455562347,-0.0412022062821465,7.45005862317209e-07
130.579063516,0.207572847688587,-0.0501915390219844,0
130.589086209,0.207030143995635,-0.0576331512554936,-0.049790639850501
130.599089294,0.206418698996103,-0.0633607817796838,-0.0998665542702696
130.609054633,0.205764929040086,-0.0659199236161316,-0.149886777791742
130.619046085,0.20510314885776,-0.0649238802400207,-0.0996214671170261
130.629072183,0.204465312021187,-0.0615628106937523,0
130.639040057,0.203872263744509,-0.0566021243388583,0
130.649038989,0.203335148385326,-0.0504345966494196,-0.0996091711935175
130.659060078,0.20286256206046,-0.0436381072844554,-0.0498660228338629
130.669034195,0.202462595440723,-0.0361395317986676,-7.4620384598428e-07
130.679029368,0.202140881269509,-0.0279857937669042,-7.4442528848288e-07
130.689051195,0.201902403806891,-0.019264872114468,-0.0498572312041841
130.699027801,0.201755614015274,-0.00952649677642368,-0.0499156945505
130.709026205,0.201712111938517,0.00130504980999092,-7.44890412391059e-07
130.719032302,0.201781720885503,0.0128537973514362,0.0498219569860296
130.729038797,0.201969349740562,0.0247137918282499,0
130.739036671,0.202276104696625,0.0365391407875135,0
130.749015004,0.202699263180536,0.0478027155117549,0.0999587718882851
130.758986673,0.20322976896669,0.0577511872878495,0.0997411182835803
130.76900869,0.203853922285296,0.0664181969477968,0
130.778986488,0.204558120618278,0.0735424459687207,0
130.789030105,0.205326346116151,0.0786739310508584,0.0997650227326212
130.798975234,0.206130713842877,0.0802674529242492,0.199790639178815
130.808992779,0.206928699111688,0.0771948475065746,0.149598391827742
130.818970596,0.207674252763306,0.0703055387662814,0.0499160643914879
130.828967641,0.20833304254638,0.0607527656494327,0.0498473506852076
130.838972993,0.208889453700673,0.0505835973458229,7.45081333769701e-07
130.848967016,0.209344682878548,0.0410403923313644,7.45086847584607e-07
130.85897222,0.209710229823077,0.0329144500552909,0.0500203024191864
130.86890055,0.210000784187817,0.0261772657103436,0.0500609870258421
130.878889554,0.210231611167437,0.0209675674127971,0
130.888901377,0.210420152876251,0.0178026066523324,0.0498704144719578
130.898883298,0.210587551927376,0.0169876555807708,0
130.908889973,0.210759712260642,0.0188478183490109,-0.0496424520427403
130.918968855,0.210966120857151,0.0236199897883234,-0.0498721211623907
130.928882734,0.211231941071303,0.0301780919554252,0.0500947815334677
130.93887305,0.21156679148416,0.0364905221291857,0.14958204905136
130.948880181,0.211961658353583,0.0415457998372847,0.0498530379903613
130.958873464,0.212397724680866,0.0446940509347093,0
130.968875979,0.212855351567875,0.0456949349514011,0.0497090685950595
130.978931804,0.2133142892224,0.0447431414206172,0.0994969514729642
130.98891858,0.213752120498855,0.0416180561040403,0
130.99893188,0.214146653507452,0.0362565855445217,0.0498411436475718
131.008923767,0.214477440272655,0.0289717915908218,0.0499006812173568
131.018913497,0.214725556750824,0.0197660550010626,0
131.0290226,0.21487471491119,0.00935270886526294,0.0498097467450386
131.038931294,0.214912777378289,-0.00211111606913379,-0.0500824282923455
131.048931407,0.214832685108815,-0.0140651837067099,0
131.058913281,0.214631727060309,-0.0261792983100831,-0.0498747923543151
131.068923396,0.214309308864972,-0.038403639027691,-0.0499167903953357
131.078888151,0.213864619363204,-0.0507969498533617,0
131.088880473,0.213295550225384,-0.0631383714330098,-0.0498422323347187
131.0988932,0.212601533148907,-0.0756224420573436,-0.100010456504741
131.108820016,0.211787673290215,-0.0869957848561438,-0.0499855318970734
131.1188406,0.210866193430067,-0.0964315668717421,-0.0498542342044459
131.128820249,0.209859019484226,-0.103492488764823,-0.199888081102876
131.138793468,0.208801221462752,-0.106054432757647,-0.149490452033393
131.148829949,0.207736902101075,-0.104463142690515,-0.14929175755955
131.158829899,0.206708152912188,-0.0993827893750527,-0.0497936634082095
131.168854511,0.205746805273501,-0.0916686017565455,-0.0498535938464296
131.17883009,0.204874763368356,-0.0820810960692307,-0.0999775143120721
131.188800624,0.20410960645614,-0.0705711613687117,-0.0500323422646439
131.198759125,0.203468348223447,-0.0570609784152434,-0.0996422442216135
131.208814,0.202967623640189,-0.0421841626558657,-0.0991530217886379
131.218871097,0.202619941525269,-0.0269881309149574,-0.0496544169856559
131.228894417,0.202425690717366,-0.0126734930943081,0
131.238908974,0.202365991629485,-0.00119786697664442,0.0498510217729043
131.248895341,0.202401732271004,0.0057912665784467,0.149540852764511
131.25891193,0.202481834080038,0.00791859854449558,0.0498342907536416
131.268903578,0.20256016946739,0.00635437562857449,-0.099763497312938
131.278901131,0.202608852971707,0.0027702614706702,-0.0498667580947671
131.288898788,0.202615561427251,-0.00182558733955794,0
131.299038215,0.202572090966101,-0.00732350892927472,0.0498339893821273
131.308907146,0.202469030038778,-0.0137300683004513,0
131.31889804,0.202299414212416,-0.0202846836852178,-0.0498891237566531
131.328893392,0.202063615360613,-0.0263951343724708,0.0498638278931096
131.338894425,0.201771606943377,-0.0307745601384261,7.44720803161848e-07
131.348902449,0.201447845432653,-0.0318412596394876,-0.199345696472401
131.358901656,0.201134551506439,-0.0283892282410699,-0.149458040599026
131.368916588,0.200879659472534,-0.0208264193446499,0.0996789886914103
131.378907804,0.20071789507872,-0.0106605467854331,0
131.388904882,0.200666573329186,0.000678797046523589,-0.0498495160026783
131.39890993,0.200731472462773,0.0119933374588171,0
131.408913237,0.200906540282697,0.0220054482992757,0.0997800281144462
131.41889567,0.201171267631066,0.0295822106245731,0.149674526463899
131.428898428,0.201497746412231,0.0346140247756368,-0.0498346842560584
131.43890345,0.201863817423691,0.0378821537795631,-0.0498392726291051
131.448904665,0.202255625758815,0.0396929763267884,0.0498713883070102
131.458896206,0.202657389414306,0.0394871362324971,0.0998062909040346
131.468885146,0.203044597734053,0.0365157521484922,0.0498595391975563
131.478894311,0.203387635259926,0.030686177346242,0.0498481453243587
131.488887822,0.203658403397189,0.0223965947184523,0.0498929981177405
131.498879005,0.203835224352016,0.0124423519663163,0
131.508833109,0.203906569678112,0.00181001641231611,-0.0498936297554685
131.518863446,0.203871396518217,-0.00862915283117266,-0.0497709658600507
131.528866803,0.203733695870813,-0.0187906668287365,0
131.538879236,0.203495286477013,-0.0290112848138331,0
131.548867983,0.20315343594122,-0.0395611417238255,0
131.558865331,0.202704613740213,-0.0500729989699324,0
131.56887233,0.202151758294495,-0.0593982027224356,-0.0992446821175596
131.578958728,0.201511102071824,-0.0669408623256341,-0.0997236020408668
131.588869229,0.200813148631596,-0.0710136229047432,-0.100176442215538
131.59886553,0.200097447941356,-0.0703902843587629,-0.0997456830897673
131.608862,0.199405851795788,-0.0661179608467077,-0.0499428008253016
131.618829997,0.198777438093925,-0.058046356459454,-0.0997653703010268
131.628850527,0.198245590632446,-0.0470873558071898,-0.0498239115345591
131.638842103,0.197835120938252,-0.0342708520183874,0
131.648853421,0.197560074412232,-0.0205345334056762,0
131.658781582,0.197425673040635,-0.00642909930892619,-0.0498349532856568
131.668861392,0.197431441179703,0.0072676018285585,0.0497199826130901
131.678835519,0.197571417069846,0.020221945651615,0.0499126088159835
131.688838234,0.197835411792918,0.0320504756742934,0
131.698845499,0.198212746447079,0.042929085229573,0.0498902029276662
131.708823749,0.19869337166971,0.0524781652868571,7.4296570994471e-07
131.718901823,0.199265265532999,0.0606038352185929,0.0992554315525975
131.72891512,0.19991098580711,0.0671668517613107,0.149524753893921
131.738906833,0.200608939074151,0.0715489277062148,0.049886293999854
131.748902201,0.201341040020636,0.0744612417449739,0.0498625391004409
131.758903436,0.202097910964213,0.0767569219465415,0.0498378726396067
131.768908701,0.202876677379559,0.0788254253657593,0
131.778900867,0.203674216969011,0.0801002855786731,0.0997129105672298
131.788908043,0.204478630385145,0.0796039407678066,0.199329905286643
131.798909683,0.205266997572709,0.0768620026699997,0.0997667828112474
131.808896287,0.206014966848843,0.0720285755390391,0
131.818897595,0.206706698402069,0.0659201516837618,0.0498419358500677
131.828901455,0.207333710557861,0.0590603915882478,0.0498403986709459
131.83890338,0.207888247898199,0.0519988203010984,0.100975041289689
131.848650669,0.208360646387735,0.0426847227623705,0.0498394644511789
131.85890954,0.208742205291339,0.0329752421832397,0
131.868902884,0.209028468082107,0.0238584186093022,0.0498818641228943
131.878898396,0.209219107785308,0.014432357493286,0
131.888905162,0.209317148108883,0.00541744817934004,-0.0498178374350358
131.898912942,0.209327535551096,-0.00323748523600185,0
131.908911536,0.209252377768432,-0.0119741508178022,0.0498568145658389
131.918911841,0.20908806571828,-0.0211394500001777,0
131.928913975,0.20882953720931,-0.0304696189591749,-7.43942136773094e-07
131.938941841,0.208477759250528,-0.0394037360092229,-0.100014087945268
131.948852943,0.208043867377942,-0.0466483676971171,-0.0998314117236719
131.958917145,0.207545943924675,-0.0519912485062426,-0.0497031631998249
131.968913966,0.207000869745859,-0.0562986965682393,0
131.978913437,0.206420178748877,-0.059323249225075,0
131.988906059,0.20581487383029,-0.0608794794970028,-0.149529856468895
131.998917864,0.205202319645481,-0.0605113044893111,-0.0996846890732001
132.008910764,0.204604363034815,-0.05805041161017,0.0498674489243835
132.018912797,0.204041605554712,-0.0534091639143449,-0.0498747225017538
132.028902781,0.203536606121884,-0.0462188529100787,-0.199505811823823
132.038903971,0.203117636424107,-0.0364238454143347,-0.0996870162175999
132.048907019,0.20280797484934,-0.025258008953898,0.0996370588185824
132.058918239,0.202612115863757,-0.0144185617270999,0.0997191788096124
132.068904805,0.202519635537494,-0.00460772484969165,-0.099736435123102
132.078912565,0.202519987510994,0.0042501233023066,-0.0997875408425373
132.088888891,0.202604570367078,0.0118844919540853,0.149620738431752
132.098904841,0.20275758555426,0.0176811572232106,0.0996585398411792
132.108898845,0.202958369509781,0.0216905361818382,-0.149508063017288
132.118912184,0.203191555551504,0.0242596927462639,0
132.12887521,0.203442989986868,0.0249067938947493,0.149566881033338
132.138911659,0.203689678353332,0.023018364459937,0.0497921466105153
132.148900382,0.203903936694337,0.0187301699496775,0
132.158911703,0.204064282576453,0.0127540529686076,0
132.168902023,0.20415903868311,0.00601209647698182,0
132.178888188,0.204184383131544,-0.000833884159051679,0
132.188872155,0.204142385906381,-0.00725217974800153,-0.0497839251860059
132.198916667,0.204039133001757,-0.0130785132063812,-0.0497526280834501
132.208913233,0.203880278403088,-0.018571518832539,0.0997608503813026
132.218906249,0.203667896103189,-0.0237668171730555,-0.0498751291463947
132.228905087,0.20340513566412,-0.0283542199251321,-0.0996858226394239
132.238910876,0.203100680509711,-0.0318940878559396,0.0997674202907018
132.248893502,0.202767623400009,-0.0338090651763361,-0.0999022549729101
132.258872015,0.202425813060266,-0.0332474102505825,-0.149433336426555
132.26891085,0.202102098418924,-0.0302330478829391,0
132.278905482,0.201820140293194,-0.0254143403737735,0.0498556653294545
132.28891021,0.201593827876626,-0.0193435063587559,0
132.298914541,0.201433094933195,-0.0123292558470065,-0.0506748891337081
132.308586255,0.201351236883764,-0.00344553519628423,-0.04987757663832
132.318905414,0.201364215676669,0.00661329169944269,0.0490640552497765
132.328908289,0.201485632422532,0.0181870274528658,0.050081607059735
132.338814845,0.201726309044837,0.0304991037711522,-0.0997178146847872
132.348906498,0.20209555987406,0.0432851702262729,0.0992506193538853
132.35890704,0.202596003125631,0.056258294500928,0.149527075880643
132.368911297,0.203220995747635,0.0683165450374746,0.0498461642044628
132.378910511,0.203962571153108,0.0797953565954708,0
132.388909468,0.204816756933837,0.0907346509781602,0.0498569566659746
132.398909353,0.205777159101946,0.100477919106528,0.149572258297278
132.408908224,0.206826190321434,0.108339067800164,0.150203303176386
132.418824188,0.207934713761241,0.112096837554213,0.0997222897571711
132.428905685,0.209067842458648,0.112263642350853,0.0993436975419386
132.438897558,0.210188223391698,0.10949627339647,0.149670710330539
132.448891286,0.211256191289737,0.102122555806698,0.0996669251790383
132.458905978,0.21223153437975,0.0910220781395917,0.149475959893938
132.468902926,0.213077692349519,0.0768229583361864,0.0997166030194734
132.47890443,0.213767874624535,0.0607022165046883,0.0498772878256475
132.488893616,0.214291171541978,0.0445139951747213,0
132.498808596,0.214653888573816,0.0291582043526241,0
132.508916479,0.214875002273056,0.0162065544644655,0
132.51890651,0.214979606511679,0.0059483845285931,0
132.528916625,0.214993970832092,-0.00182770151675194,0
132.538907646,0.214943050405075,-0.00720606150923917,0
132.548907084,0.21484991835494,-0.0102596775960959,0.049868596670471
132.55890182,0.214737916626035,-0.0108069489647646,-0.099670765870007
132.568914733,0.214633696713292,-0.00881529858346315,-0.100338377835356
132.578776346,0.21456271674514,-0.00478630552959052,0.0498684989223972
132.588909245,0.214537996869945,-0.000323227142932835,0.0495386395929138
132.598903994,0.214556210942983,0.00327658095884937,0
132.608905546,0.214603516369049,0.00528304281716775,0.0498383758436513
132.618910292,0.21466190507193,0.00550539738288133,0
132.628912983,0.214713665260347,0.0041200398190841,0
132.638905882,0.214744287698936,0.00152542388208458,0.0498759480327559
132.64890421,0.214744160355445,-0.00175747308285691,-0.100285501516693
132.658790887,0.214709340337896,-0.00538985237633184,-0.0498370281764408
132.668911049,0.214636326446718,-0.00972934440692443,0.0495627935050722
132.678908726,0.214513606953542,-0.0157259180526288,0.0498857124556339
132.688898363,0.214322007584662,-0.0234736109903345,0
132.698911082,0.214044079429908,-0.0325262690439709,-0.0499160082269744
132.708873546,0.213672289408201,-0.0416448833559957,-0.049845369308755
132.718914872,0.21321102392868,-0.049759410234678,-0.0497587433125878
132.728912161,0.212675179743881,-0.0567612468210855,-0.100782440398107
132.73870168,0.212087900035991,-0.0600441147867119,-0.149591773757861
132.748908308,0.211474528798121,-0.0610757275119738,0
132.758909775,0.210853675932234,-0.0619913066122424,0
132.768895525,0.210235495100749,-0.061205899719225,-0.0498498026085919
132.778911786,0.209629434852785,-0.0592717042077102,-0.149467602045951
132.788908284,0.209049304768921,-0.0560460567786129,-0.0498674069862229
132.798906437,0.208508813507571,-0.0516420887125318,0
132.808906414,0.208016559565376,-0.0472587174819021,-0.151465953294774
132.818655258,0.207575509555331,-0.0418856854528223,-0.0498568416868731
132.828905601,0.207178879909382,-0.0380401145469514,0.0492291956195551
132.838909424,0.206805038760638,-0.0377589090000897,0.0498406453108112
132.848911287,0.206423487032224,-0.0398363033089758,-0.0498577192184047
132.858908259,0.206008359103752,-0.0438450199185691,-0.0498649974387282
132.868907203,0.205546765696914,-0.0484889652956987,-0.0996982847209933
132.878910236,0.205038483935154,-0.0528296517133197,-0.099683024758256
132.888912242,0.204489906454032,-0.0574055314799298,-0.050554888998074
132.89863328,0.203906272111931,-0.0601412318553871,-0.0498678803909041
132.908907002,0.203287396956979,-0.0628902274308793,0.0491639920878277
132.918914308,0.202630793648479,-0.067309765243407,-0.0498899724698799
132.928892908,0.201942150315943,-0.0693739319510008,-0.149624420614756
132.938906092,0.201243884985685,-0.0685187367605988,-0.149480665795988
132.948903918,0.200571021189438,-0.0643352885589006,-0.149495261030091
132.958915248,0.199956590160604,-0.0576529714077466,0
132.96890612,0.19941783480944,-0.0508754571510283,0.0506223964323155
132.978611696,0.198954524364353,-0.0428699490685302,0
132.988908103,0.198560350816961,-0.0354261718343107,-0.0491204647482927
132.998910089,0.198235430005975,-0.0285639578045702,-0.0997593613404332
133.008897834,0.197989364984152,-0.0200311753521807,-0.0498585818220657
133.018908578,0.197834836766037,-0.0104250243615523,0.0498424341456213
133.028902802,0.1977808127054,-0.000153479127210517,-0.0498341388220684
133.038916876,0.197831765909923,0.0102660618829645,-0.0498546654422518
133.048902862,0.197986134559023,0.0203744961515207,0.152037764897514
133.058591422,0.198232624871683,0.028390012988429,0
133.068893026,0.198553655574624,0.034371779800737,0
133.078906041,0.198930874482687,0.0395574065343806,0.0996648928708003
133.088901854,0.199345152918096,0.0422853199116386,0
133.098909283,0.199776717969927,0.0430443399826505,0.0498664642578895
133.108896883,0.200205825744335,0.0417876423830753,0.0498970612562347
133.118892051,0.200611750732934,0.0382488204186897,0
133.128923952,0.200971837510029,0.0329905816353305,0.10132115273119
133.138573802,0.201261063146026,0.0242512803248022,0.0997737129244714
133.148910957,0.201456547971137,0.0140272131568066,-0.0490548342502296
133.158899656,0.201546178232678,0.00373174715057006,-7.44990367602744e-07
133.168912774,0.201531189694733,-0.00615792148502681,0
133.178912451,0.201422941012372,-0.0145339737936113,-0.0498472310661795
133.188915219,0.201240474683295,-0.020794177211907,-0.0498878981658927
133.198899188,0.201007333261306,-0.0247353930718936,-0.0498726494656613
133.208908067,0.200745943729388,-0.0271815719166592,0
133.218553973,0.200473085309322,-0.0272998641511363,0
133.228907268,0.200199968258957,-0.0263582696408499,0
133.238908773,0.199936568002437,-0.0251291147011762,0
133.248910858,0.199697295751412,-0.0216312434732433,-0.0996707484150501
133.258916276,0.199503780833752,-0.0159104083189046,-0.0997304446102357
133.268906385,0.19937915875229,-0.00839345118784571,0
133.278893399,0.199336103826978,-0.00045261390022487,0.0498469144236285
133.288909256,0.199370105174831,0.00652880394701205,0.101496787330407
133.298540945,0.199464378802852,0.0115545627947624,-7.4508692209645e-07
133.308908481,0.19960118747594,0.0149049797175062,-0.0489575023207483
133.318907513,0.199767942085807,0.0177652712489704,0.0501443535179024
133.328792999,0.199954441331865,0.019150734187982,0.0498790237904298
133.338897806,0.20015077087339,0.0196018131188251,-0.0495692884693002
133.348908202,0.200348735781918,0.0194096279184405,0
133.358905513,0.200539113021761,0.01793725078487,0.0996862561742873
133.368912742,0.200707562232734,0.0153393343609501,0.101671041695755
133.378519385,0.200839976762482,0.0113117930844426,-0.0499048756067794
133.388892381,0.200933567775004,0.00776036390797355,-0.0979021199100756
133.398888329,0.200998047180343,0.00559826750914358,0.0498081820957636
133.408911106,0.201045637952746,0.00437503864543699,0.0498088211245878
133.418906498,0.201085627443329,0.00407827202931029,-0.0498467722295776
133.428914333,0.201127216553916,0.00464629176154956,-0.0498415223449578
133.438911533,0.201178576672639,0.00566643142077858,0.049824750573708
133.448926102,0.201240611870563,0.00657544192754028,0.101959987394068
133.458469821,0.201307181059585,0.0066984082697816,7.46091162410534e-07
133.468898408,0.20137439453024,0.00680897988301364,-0.0979273890823543
133.478833509,0.201445837001521,0.00756618058476233,-7.44475795458149e-07
133.48891405,0.201525836492132,0.00824334359668117,0.0496690923146239
133.498907993,0.201611317870659,0.00841532745309945,0.0997360081618479
133.508908611,0.201694097270228,0.00798437690395171,7.4497900770438e-07
133.518910115,0.201771022351586,0.00773567944365499,-0.0996862786955699
133.528912997,0.201848844787791,0.00850752638071883,0
133.538449043,0.201937250296997,0.00951928474601138,0
133.548910081,0.202039202724477,0.0102866933894012,0.0487303891130437
133.55890992,0.202147725065174,0.0108805782839651,0.0516883357576151
133.568200052,0.202249088764038,0.00937744927682442,0
133.578195148,0.202328571312536,0.00602378438122803,0
133.588893213,0.202373739904068,0.00234879427666574,0.0498647605326947
133.598191159,0.202375537828729,-0.00218222097643212,-0.0498146267267597
133.608909049,0.202330060926888,-0.0069222288535994,-0.049908778873423
133.618169534,0.202237242944856,-0.0116780846302199,0.0498640976182372
133.628905027,0.20209654620354,-0.0164889363214042,0
133.638160555,0.201907612272587,-0.0210336058307211,0
133.648904879,0.201675877199899,-0.0245532831586401,-0.0498495861712411
133.658162055,0.20141650977949,-0.026160959638483,-0.0996899265468554
133.668908533,0.201152562414983,-0.0254144015628917,0
133.67815696,0.200908351234608,-0.0223494245896146,0
133.688909355,0.200705555551964,-0.0172731092554966,-0.0997067362742845
133.698157391,0.200562881604788,-0.0106700896877809,0
133.708900718,0.200492245915773,-0.00339619026293803,0.049941632612657
133.718122325,0.200495076890337,0.00378346953833945,0
133.72815965,0.200565111498336,0.00949273830513733,0
133.738904376,0.200692355461924,0.0150026419179782,0.0499907972782972
133.748104949,0.20086434367718,0.0195313973550106,0
133.758113413,0.201067534796378,0.0212124822797154,0.0497959083273178
133.768128309,0.20128908884636,0.0225597503249156,0
133.778080067,0.201517977525442,0.0227328745372367,-0.0499296723521016
133.788097727,0.201743051120336,0.0214888934013257,0.0995790488116002
133.798106144,0.201948315759342,0.0185538094539739,0.0499230761201836
133.808070082,0.202113614389353,0.0137461085493311,0.0500137112136993
133.818042305,0.202222360392505,0.00776959431606649,0
133.828038472,0.202268760678798,0.00185648818986258,-0.0498001593313836
133.838064255,0.202259530906218,-0.00292396493033269,0
133.848063839,0.202210207207973,-0.00598314392407025,-0.04986885405132
133.858058027,0.202139905290757,-0.00700421217529699,-0.0956993271789503
133.868901788,0.202064253791879,-0.00764858181160822,0.100072232700666
133.877985261,0.201987490211229,-0.00823078775020395,0.156219066593432
133.888049637,0.201906651910887,-0.00797135363957288,-0.0994991816650014
133.898027263,0.201827728325642,-0.00678614759891462,-0.0999527843313501
133.908000685,0.201771261154406,-0.00329101936880541,0
133.918019098,0.201761934809439,0.00238333841946474,0
133.928016685,0.20181896605621,0.00964531509420114,0.0498698412855184
133.938012773,0.201954780104705,0.017938606241915,0
133.948010482,0.202177626907874,0.0269003272020099,-7.45350674652798e-07
133.958004921,0.202492575427376,0.036228177119054,0.0999135471623994
133.967969365,0.202900700856296,0.0454040198713004,0
133.977997526,0.203400320062075,0.0543620904335252,0
133.987938884,0.203986285654088,0.0623327527756022,0.149673111004781
133.997982906,0.204646063812742,0.0686074852334392,0.0497743373688656
134.007971221,0.205360653919007,0.0731252016188512,0.0498744785848705
134.017974722,0.206107969388468,0.0751914155160112,0.149633432249147
134.027961801,0.206863773926194,0.0750188843677421,0.0499801602500984
134.037924564,0.207604584278622,0.0723688605031188,0
134.04793301,0.208309067564394,0.0674599666018854,0.199123256656257
134.057954145,0.208955779143931,0.0610085083848553,0.0997888707238754
134.067916979,0.209528259704692,0.0534516731222351,-0.0999138682465587
134.077913113,0.210022619377324,0.0457020188809215,0.0498670952334648
134.087911755,0.210442061334964,0.0381299925221756,0.0497774698886213
134.09794389,0.210786392754548,0.0304607775900081,0.0997437703381083
134.10790476,0.211051063813625,0.022379717873745,0
134.117904836,0.211233113094521,0.0141208549188396,-0.0498490875318611
134.127906759,0.211333509139591,0.00600781342123317,0.0498462040745113
134.137908291,0.211353290119941,-0.0020379239472082,0.049850328681042
134.14790826,0.211292747601723,-0.00991310725028243,-0.0996742033154084
134.15791525,0.211154958989622,-0.0174851156829024,-0.0498592353650306
134.167906188,0.210943081517225,-0.0249174355456636,0.149572826709316
134.17791393,0.210656643169724,-0.0321519597778959,-0.049850176447339
134.187908049,0.21029998248687,-0.0382250885174276,-0.0997183980895842
134.197912022,0.209892214332844,-0.0417910318772388,-0.099692064550938
134.207911274,0.209464027073247,-0.0423071772207129,-0.0997248587689761
134.217908669,0.209046212644395,-0.0402042057460348,0
134.227911214,0.208659945370579,-0.0365535223859733,0
134.237916641,0.208314850791995,-0.0323450657290287,-0.0498606013290363
134.247908893,0.208013119128896,-0.0280972153630699,0
134.257919485,0.207752826576253,-0.0241309328326312,0
134.26791376,0.207530383026993,-0.0205511707212923,-0.0997868001344606
134.277904018,0.207342121026785,-0.0174611397657895,0
134.287915423,0.207181131193802,-0.0154273759917554,0
134.29791468,0.207033409020267,-0.0151284372531923,0
134.307901586,0.206878771780924,-0.0168963840291411,0.0498596439127553
134.317912743,0.20669551406798,-0.0205389191194101,0
134.327908003,0.206467861600292,-0.02514294355822,-0.0498542641166216
134.337912964,0.206192649640225,-0.02938360643912,-0.049857163278649
134.347907061,0.205880217150867,-0.0320845600640116,-0.0498489205547339
134.35791503,0.205550892152244,-0.0325371364921771,-0.0997155487616339
134.367905575,0.205229522771208,-0.0306450097416319,-0.0498288640172711
134.377925147,0.204937681921847,-0.0270362270603377,0.0498150124876854
134.387921256,0.204688374274925,-0.0223743883006092,0.0499163955597559
134.397900175,0.20449075288906,-0.0164636000937927,-0.0997532751619038
134.407912356,0.20435924879909,-0.00885867324687897,-0.0498722433936831
134.417892887,0.204313643986133,0.000592618801243169,0
134.427909937,0.20437109974157,0.0113254182371429,0
134.437910334,0.204540349945448,0.0224752229949284,0.0498781829349661
134.447900567,0.204820393608629,0.0330244917455609,0
134.457911549,0.205200879905116,0.0420984022003282,0.0996462247147579
134.467912994,0.205662884809479,0.0491001728670549,0.0997038227208588
134.477912415,0.206182925883207,0.0538407456962516,0
134.487904735,0.206739255052686,0.0564704620805098,0
134.497899997,0.207311633874619,0.0568294071196553,0.149494200107137
134.507914033,0.207876371594906,0.0547914693472833,0.0498463162092974
134.517903407,0.208407650100476,0.0501978684391047,-0.04985297816795
134.527914471,0.208880350950355,0.0428814849075073,0.0996629702240769
134.537912621,0.209265674908628,0.032462857023457,0.0997466919929108
134.547906741,0.209529357152939,0.0187016815445387,0.0498557625513386
134.557911942,0.209639695841077,0.00237207084086153,0
134.567910789,0.209576808171899,-0.0151983658583524,-0.0498623296430996
134.577908629,0.209335778876096,-0.0326242425559788,-0.0498361239599218
134.587917991,0.208924088360984,-0.0488710157002544,0
134.597901163,0.208358723433095,-0.0629805130382295,-0.149682615314546
134.607902102,0.207665478797592,-0.0741377852811529,-0.099632143296029
134.617916568,0.206874825634889,-0.0824790941707169,0
134.627895016,0.206016481361039,-0.087727428351818,-0.0997681472339386
134.637904688,0.205121319269702,-0.0894587921440855,-0.0996363021225935
134.647909436,0.204226015522375,-0.0874553982784149,-0.0997619483346781
134.65789405,0.203373141654659,-0.0810347788651857,-0.199492360102387
134.667901958,0.202605925923148,-0.0706215550204676,-0.0497648252727526
134.677930216,0.201958156455092,-0.0579046797014418,0
134.687905203,0.201447644428432,-0.0439682349093949,-0.0996041531604797
134.697951096,0.201077873700159,-0.0303378647356895,0.0498520133231633
134.707906327,0.200840853033959,-0.0178826286192189,0
134.717903792,0.200721067047639,-0.00694461428935184,0
134.727904852,0.200701970991478,0.00238795346632368,-0.0499878301227749
134.737850573,0.20076869903247,0.0100976820198144,-0.0499962168063931
134.747848287,0.200903353456491,0.0154896174436511,0.0997033636561443
134.75785183,0.201078510851792,0.0178925670244624,0.149542355443346
134.767851042,0.201261254091002,0.0174720916425653,0
134.777869843,0.20142826740943,0.015636572139981,-0.0996781118651261
134.787857067,0.201574079744149,0.0137637659830722,0
134.797876666,0.201703636639267,0.0123603248115948,0
134.807854663,0.20182125652616,0.0111530888455283,0.0498923798120713
134.817861309,0.201926527138192,0.00972146314563732,0
134.827863961,0.202015776179237,0.00786939869159914,0
134.837851464,0.202083837637794,0.00552306341049833,0.0997665881520509
134.847852244,0.202126172733713,0.00307710069255742,0
134.857853578,0.202145386156636,0.00146992762289619,-0.0996956779366381
134.867854744,0.20215557496099,0.00148999608415032,-0.0498592674388378
134.877851792,0.202175183417186,0.00295564234318962,-7.4451507513356e-07
134.88786933,0.202214730918853,0.00479184484978505,0.0498572732780431
134.897850507,0.202271014156661,0.00584801919051567,0.0998070002260221
134.907849669,0.202331576324758,0.00571928892944685,0
134.917869761,0.202385510054439,0.0049300935767997,-0.0498439764335648
134.927854018,0.202430199637271,0.0042379636643202,0.0498908961022938
134.937855297,0.202470208029819,0.00423518225417181,-0.0498174615865686
134.947868715,0.202514965526828,0.00518328589531098,-0.0997123948307038
134.957854593,0.202573870098692,0.00655744180043421,0.0498915659545762
134.967853684,0.202646015797929,0.0071180936620095,0.0996468149534326
134.977867051,0.202716320649143,0.00593234945277645,0.049837526368367
134.987860622,0.202764703945625,0.0030851671560084,0
134.997856449,0.202777991283321,-0.000519893577418125,-0.0498368288972523
135.007867541,0.202754302476933,-0.00395349057449366,-0.0498006264060283
135.017877912,0.202698836618063,-0.00683315481955966,0.0498865535775574
135.027854518,0.202617728368717,-0.0091293768964771,-0.0499282183452536
135.03784821,0.202516520240886,-0.010932360379891,-0.0498774025971622
135.047845162,0.202399183444283,-0.0124915056037041,0.0995377611106683
135.057882444,0.202266262494609,-0.0139537709227253,0
135.067853844,0.202119986879189,-0.0147792374851114,-0.0998211674042965
135.077859798,0.201971012435519,-0.0141927864808913,0
135.087853893,0.201836130454125,-0.0118758832724431,0
135.097873412,0.201733333091795,-0.00778246464474911,-0.0498671151855226
135.107848661,0.201680521879085,-0.00199123732214766,0
135.117858201,0.201693538634063,0.00506088855773397,-0.0498039402812119
135.127869091,0.201781843044193,0.0127436483022261,0.050694307973396
135.137526415,0.201944183436012,0.0193941139309152,0.0997974386446037
135.147851195,0.202169378245748,0.0244975372762044,-0.0490440317456782
135.157856746,0.202442226477522,0.0287509297909533,0.0497597365895631
135.16788941,0.202745495558349,0.0308773060604621,0.099735953292165
135.177851318,0.203059604996714,0.03109184880894,0
135.187877535,0.203366963318824,0.0297521326688754,0
135.197854312,0.203654736727977,0.0272440654716709,0
135.207850954,0.203911120453753,0.0233061072509455,0.0498722977402167
135.217847301,0.204120695473878,0.0177142787156495,0.0996096040620611
135.227870888,0.204265759144498,0.0108353931389244,0
135.23752783,0.204333941742775,0.00287229483838372,-0.0498783432439473
135.247861155,0.20432317708522,-0.00467230166329061,0
135.257855557,0.204238964470102,-0.0116285469811961,0
135.267863029,0.204090584353699,-0.0173848198888317,0
135.277844329,0.203891463269083,-0.021562605337338,-0.0997562960078256
135.287853673,0.203659533986688,-0.0239722531984285,-0.0498561785727407
135.297843782,0.203412031317937,-0.0249262520469472,0.0997056716973445
135.307854467,0.203160989154305,-0.0246075203299725,0
135.317852533,0.202919665570927,-0.0224472698063443,-0.0996257501122273
135.327871306,0.202711665768602,-0.0176377818532266,-0.0501814940232706
135.337722334,0.202569206355422,-0.00939238669380783,-0.0499008170336093
135.34785257,0.202523994010483,0.0014967121380931,0
135.357868525,0.202599359404028,0.0141499997959542,0.049850754872966
135.3678539,0.202807012825902,0.0274679048916813,0
135.377841033,0.203147962354221,0.0403210611075371,0.0498579485783133
135.387852643,0.203613383364479,0.0519042958447307,0.149465994040466
135.397854107,0.204186726867879,0.0618932997373586,0.049857412577439
135.407851601,0.204851184866408,0.0704240244852062,0
135.417849402,0.205594876012548,0.0777396336160386,0.0498487186882859
135.427853748,0.206406144445721,0.0834166653349947,0.0995505647138104
135.437881209,0.207265862553123,0.0870095518673208,0.149567498975093
135.44785324,0.208146291282216,0.0880624188209019,0.100289485860515
135.457765424,0.209016914622377,0.0850453317682965,0
135.467869109,0.209848547501951,0.0792989169410754,0.0992809394290955
135.477851633,0.210609729241529,0.0709698323242418,0.249507103568125
135.487850191,0.211266601541149,0.0591351156546754,-0.0498086647878785
135.497870164,0.211793527387451,0.0454887211197515,-0.0498416120373223
135.50785519,0.21217660336166,0.0305447260438573,0.0997809467542224
135.51785572,0.212403980720305,0.0143306442335189,0.0997281374713893
135.527851329,0.212463160915713,-0.00267285302406368,0
135.53774616,0.212350816497601,-0.0191763783901521,-0.0996696649412924
135.547859199,0.212079482429812,-0.0336665070369648,-0.0495394227814243
135.557873189,0.21167320973414,-0.0459307991712768,0
135.567852198,0.211161188007911,-0.0548091511726476,-0.0499046447940793
135.577853219,0.210578121249436,-0.0597957114252537,-0.19922913185659
135.58787106,0.209964145912697,-0.0611205666897033,-0.0498516446656651
135.597854192,0.20935565044533,-0.0594360776879549,0
135.607848114,0.208776788179176,-0.0559643243689982,-0.0500860157829998
135.617761573,0.208241547317709,-0.0508635296103181,-0.0498419757133522
135.627853266,0.207759255538066,-0.045106959856292,-0.0992529720507263
135.637853592,0.207335257423244,-0.0395443812225228,0
135.647865649,0.206967878235542,-0.0342901661001225,0.0498582178295975
135.657852227,0.206649500907318,-0.029685339732388,-0.0498753786248842
135.667857403,0.206374416226206,-0.025306886832956,-0.09963357691541
135.677867344,0.206142980606451,-0.0208751965702145,0
135.687858644,0.205956886388683,-0.0164738448173935,0.0502547764078625
135.697707874,0.205816130794136,-0.0116990220528939,-0.049863800868896
135.707854741,0.205722951608908,-0.00658580863227563,-0.0494962418176198
135.717852462,0.205683462392592,-0.000999252020307835,0
135.727852566,0.205702968741875,0.00496615960957201,0.0498500944031805
135.737854057,0.205782793505808,0.0109668265575217,0
135.747869059,0.205922486148896,0.0168518121512871,-0.0497146105227136
135.757910161,0.206120775202903,0.0223997157363487,0.0497619903612293
135.767906067,0.206371309432303,0.027573077550895,0.101751329210649
135.777508703,0.206661167321353,0.0303164152573309,0
135.787859923,0.206976238816784,0.0315562635906606,-0.0490114962455217
135.797852834,0.207303152081712,0.0324063541315147,0.0997552580676492
135.807850775,0.207624069446086,0.0306649890897268,0.0996933500884136
135.8178561,0.207916552015361,0.0268088420116581,-0.0498600902037445
135.827848659,0.20816018955881,0.021086805927892,0.0498244991080023
135.83786797,0.208338538434305,0.0139590740291096,0.0996925928365731
135.847851778,0.208439414577744,0.00616504263932134,-0.0504114236896264
135.857646848,0.208460476060533,-0.00148205720925923,-0.0996304829165093
135.867867367,0.208409750329769,-0.00814835609951848,0
135.877846968,0.20829587828952,-0.0144184704264591,0.0498214968802351
135.887880742,0.208121188074198,-0.0205175490850874,0
135.897853334,0.207885396693101,-0.0264997485585691,-0.049925497028665
135.907852427,0.207591943443407,-0.0318879182475335,-0.099714331543198
135.917852391,0.207247668398457,-0.0366681135891904,0.04984267582256
135.927857298,0.206858402561242,-0.0413157493043947,0
135.937620955,0.206430915364125,-0.0452541137011457,-0.153832380328056
135.947302223,0.205978439714381,-0.0465649789270044,-0.0508411947242546
135.957232345,0.205517711402046,-0.0459560008055047,0
135.967232016,0.20506254613122,-0.0446287696270109,-0.049803241259762
135.977253056,0.204624211703058,-0.0423253562093312,-7.44727465456063e-07
135.987240894,0.204215663242521,-0.038467496406536,-0.0498900124099666
135.997238946,0.203855404551301,-0.0324182559470391,-0.0998207840532895
136.007218474,0.203568024940878,-0.0238104064775912,0
136.017217938,0.203379696630769,-0.0127155796672553,-0.0497989972371914
136.027240592,0.203313432104342,0.000260784586193395,-0.0498188953171553
136.037232059,0.203384916005032,0.014204641244421,0.049919779353766
136.047214266,0.203597150977845,0.0277297455996218,0.049907775705605
136.057210537,0.20393891411744,0.0396383632544774,0.0997473225852011
136.067206559,0.204389612750069,0.0494625682186175,0.0997165232402149
136.077209005,0.204928089705157,0.0575038474697426,-0.0998718758557982
136.087173919,0.205537812773883,0.0636084553927696,0.0498793038880266
136.097198887,0.206199615222661,0.0671252570620062,0.149415877383738
136.107193606,0.206881639410059,0.0672011640280779,0.0998683297362151
136.117166956,0.207541492702855,0.0628078897450229,0.0998521528233461
136.12716491,0.208135994869755,0.0543655861099918,0.0498557949587157
136.137166264,0.208628766804069,0.0427164155168178,0
136.147216798,0.208992539649459,0.0288914691782112,0.0498260902652002
136.157177794,0.209206929306273,0.0132932233051255,0.0500150508916924
136.167152425,0.209257548390898,-0.00350609170931151,-0.0998350664949897
136.177152516,0.209136896099073,-0.0207771821252271,0.0498601276028976
136.187150294,0.208842049024569,-0.0380540630955327,0.0498620848982719
136.1971496,0.208375925802811,-0.0542976659353936,-0.0997110963304047
136.207149701,0.207756127904377,-0.0676558208504842,-0.149036379442771
136.217220364,0.207018021789293,-0.0775356905308434,-0.149530302367616
136.227154168,0.20620506774183,-0.0834344911140529,-0.0500629199344662
136.237136929,0.205356293323779,-0.0850928136814161,0
136.247153076,0.204503304389555,-0.083891766041132,-0.0996435486796107
136.257150043,0.203677357846337,-0.0795286570220035,-0.199397234675092
136.267155061,0.202912573384729,-0.0719847759794603,-0.0498657460126399
136.27714536,0.202237999431454,-0.0620887638088891,0
136.287150599,0.201671075148616,-0.0508339344212993,-0.0498466253547074
136.297148347,0.201221168902066,-0.0388079946826944,-0.0498525018501603
136.307151527,0.200894879241143,-0.0262477553618025,-0.0498586740675983
136.317146799,0.200696254426355,-0.0135244242783947,0
136.327149029,0.200624424539587,-0.00118770521026978,0
136.337113804,0.200672539510483,0.0102553846293221,0.0498965509763123
136.3471323,0.200829360669844,0.020495931944295,0
136.357106864,0.201082315907601,0.0295492138587781,0.0499180174244457
136.367106679,0.201419587866611,0.0374678079014897,0.0498676659037464
136.37710171,0.201831478956549,0.0445340463797457,-0.0498707567033653
136.387099987,0.202309970772368,0.050566232832195,0
136.397074266,0.202841415873499,0.0544696733442848,0.149766929972992
136.407072748,0.203397880539821,0.0549736447773695,0.14958888613619
136.417070799,0.203940698175419,0.0518107860712326,0.0498514527468841
136.427073798,0.204434150662572,0.0456847939232175,0
136.437065136,0.204854135340896,0.0376096042526735,0
136.447061803,0.205185891620422,0.0282617581323217,0.0997331579590568
136.457060119,0.205419228714302,0.0181867980358835,0
136.467056152,0.205549524807544,0.0080131101794024,-0.049872764754075
136.477052622,0.205579430843603,-0.0016723193456432,0.049866686219805
136.487051092,0.205516086882567,-0.0103857578208519,0.0498580012515891
136.497051045,0.205371732065526,-0.0173630729421792,-0.0997205600921276
136.507048601,0.205168868675138,-0.0217008497208348,-0.0997288835041346
136.517046885,0.204937805346644,-0.0230759092334339,0.0498645464894267
136.527044399,0.20470744745544,-0.02173156306338,0
136.537041622,0.204503288458593,-0.017909665164828,-0.149614673680071
136.547037585,0.204349376188602,-0.01214116106023,-0.0498649625261401
136.557037552,0.204260514651914,-0.00585968719029349,0.0997100787078754
136.567037495,0.204232182972168,-0.000770699055046103,0.0996944591661326
136.577040446,0.20424509844041,0.00241773803719228,0
136.587028978,0.204280517141037,0.00415160489578603,-0.0997855402065594
136.597025082,0.204328066753068,0.00496642210207645,0
136.607026918,0.204379835352249,0.0048066960981319,0.0997327809287022
136.61702029,0.204424177641343,0.00344448302317324,-0.0498750243661388
136.627018814,0.204448697098622,0.000895192281503695,-0.0498716821327157
136.637013227,0.20444207516423,-0.00288393032009246,0.099739958938679
136.647012583,0.20439103646199,-0.00787517199622206,0.0498576696719752
136.657011783,0.204284583096054,-0.0134002903275181,-0.0997339680474184
136.667007553,0.2041230980589,-0.0184017498310842,-0.0997334243634564
136.677006862,0.203916638654443,-0.0224686690381609,0
136.687006521,0.203673747865803,-0.0249496017521222,0.0478283654258981
136.697854246,0.20339650472607,-0.0291740477937597,0
136.707119969,0.203086957172554,-0.0321135394458329,-0.0997170489609384
136.717852758,0.2027542817221,-0.0337214040104147,-0.0499137356755284
136.72709636,0.202413325220973,-0.0350240453953916,0
136.73711552,0.202079621871371,-0.0321873274700307,0
136.747087931,0.201769849978555,-0.0288319156617334,-0.149681749823497
136.757099647,0.201503441207134,-0.023709322579663,-0.0498620956328158
136.767084413,0.201295746936359,-0.0176741270462647,0.0998139491172091
136.777078595,0.201150330741931,-0.0115979759008106,0
136.78712443,0.201063323302141,-0.00584662091001037,7.43342860661026e-07
136.797124743,0.201033128513869,1.37613107860432e-05,-0.049863790488547
136.80712083,0.201063598478816,0.00631635962596677,-0.0498927884075574
136.817109521,0.201159359558762,0.012683232931921,0
136.827116742,0.201317211288398,0.0180403577987977,0.0498528283710538
136.837110318,0.201520181092903,0.0209879134031398,0
136.847118255,0.201737001311174,0.0202217681491089,0.0996784207751615
136.857116281,0.201924737038289,0.0150483046917333,0.149629218201941
136.867109398,0.202037834122174,0.00599420315563846,0
136.877079345,0.202044399699514,-0.00503453322455178,-0.0499458838335154
136.887072931,0.201937327052006,-0.0157100323766748,-0.149600549520643
136.897074319,0.201730278010603,-0.0247270218957099,-0.0498415298920816
136.907077664,0.201442669581097,-0.0321998143333731,0.0499906922072413
136.917019958,0.201088032138043,-0.038350720086852,0
136.927068798,0.200675995196845,-0.0432580077342625,-0.0497473904911824
136.937063146,0.200221003756519,-0.0465368123044353,-0.0499442576800839
136.947032981,0.199746925759762,-0.0466967022178041,-0.0498615837162683
136.957060431,0.19928719649371,-0.0432398233122475,-0.14942167670729
136.967051891,0.198881311628458,-0.0361587862413287,-0.0997553491153444
136.977050966,0.198564363011795,-0.0263698105614809,0
136.987042449,0.19835416440098,-0.0158583121852041,0.0498588809979792
136.997049335,0.198247222632998,-0.00642358621126282,0.0499182686134003
137.007017026,0.198225855983587,0.00113626377741979,0.0500287528431051
137.016979502,0.198269868559838,0.00702987386749893,0
137.027015314,0.198366441425793,0.0121512455007676,-0.0497726145757798
137.037012233,0.19851329119227,0.0173954375656777,0
137.046996096,0.198714015871587,0.0229146842271145,0
137.056986591,0.198970997298479,0.0284694517351847,0.0500539780282991
137.066916219,0.199281130851895,0.0332808750849524,0
137.076919359,0.199634377260384,0.0366010088741688,0.0996062924623367
137.086936669,0.20001389952001,0.0382855479971787,0.0996374222358887
137.096933554,0.200400631683682,0.0383546184365302,-0.0499217838558662
137.106909541,0.200779951404651,0.0369741202569835,0
137.116937104,0.201140245346948,0.0343382157281545,0.0997644968606452
137.126898243,0.201466327766053,0.0300865072575387,0.0998356599847932
137.136911558,0.201741206902185,0.0244105649868675,0
137.146924652,0.201955183724401,0.0184492946616488,0
137.156938219,0.202110684672063,0.0132549529036746,0
137.166929461,0.202220346525543,0.00965348366845676,0
137.176921621,0.20230359411691,0.00813311078004088,-0.0499188171500037
137.18690352,0.202382797760117,0.00868911902378186,0
137.196915381,0.202477322277283,0.0108706907062762,0.0996549516944694
137.206914344,0.202600329238599,0.0143702128137915,0.0498860736199541
137.216902849,0.202764546446052,0.0193998152715661,-0.0995979776265246
137.226936615,0.202988757597316,0.0263427706419482,-0.0498460246598016
137.236906376,0.203291494769843,0.0345116559124899,0.0998242668332778
137.246913498,0.203678192909616,0.0422422185522447,0.0497943099402523
137.256930678,0.204137365711283,0.0483810985799393,0.0997177947393696
137.266911711,0.204645728424192,0.051981014446181,0.0998163672187184
137.276909142,0.205175866537079,0.0528791098888631,0.0498109685171434
137.286929017,0.205704225747845,0.051973713258525,0.0498241679737785
137.296921145,0.20621596464273,0.0500450130494707,0
137.306916129,0.206704481028706,0.0474544151927712,-0.0498771955099172
137.316911872,0.207164612901793,0.0438824419272961,0.0996833186005405
137.326921408,0.207582361522663,0.0384246763757406,0.14954237521796
137.336914724,0.207933216016485,0.0304722604761085,0
137.346928706,0.208192029118742,0.0204562857643179,0.0499350296117291
137.356882298,0.208341678416249,0.0091886761118732,0
137.366915524,0.208375681515851,-0.00212795378822224,0
137.376913231,0.20829905351649,-0.0124119911678454,-0.0498735275538231
137.38690802,0.208127534832076,-0.0207585837022492,-0.0498410639226091
137.39691845,0.207883773503397,-0.0267153408633833,0
137.406923839,0.207592805404831,-0.03018785995988,-0.0498827992566196
137.41690723,0.207280355011988,-0.0309884791381853,0
137.426910629,0.206973445179877,-0.0289606626289481,-0.0498811447684796
137.436896673,0.206701447497124,-0.0238907054941084,-0.0498591552457015
137.446908888,0.206495672663713,-0.0158065757601069,-0.0498935457216256
137.456880849,0.206385566105177,-0.00517293468664534,-0.0498496856683563
137.466910647,0.206392204870788,0.00683676525644398,0.049783332810586
137.476909267,0.206522495697501,0.0188367849670758,0.0498512907387078
137.486911762,0.206768961573145,0.0295546192054506,0
137.496911532,0.207113655022823,0.0380452181034937,0.0498640398536158
137.506908062,0.207529725167908,0.0435204511509854,0.149637029587218
137.516901731,0.2079836375019,0.0456223899412705,0
137.526916208,0.208442544606721,0.0447083052369643,0
137.536910896,0.208878213358257,0.0411008856345911,0.0997518929829843
137.546907585,0.209264207906477,0.0348730085968097,0.0498178225005688
137.556925448,0.209576181002214,0.0266445997113977,0.0498496059159944
137.566909376,0.209797147621183,0.0172702141098223,-0.0500413898829378
137.576850582,0.209920292332561,0.0074421441090017,0
137.586868477,0.209945686127111,-0.00219350217325384,0.0497871883287274
137.596877449,0.209876363356273,-0.0112738493482133,0
137.606852569,0.209720388484542,-0.0190667421253166,-0.0498337203485309
137.616885616,0.209494872795684,-0.0247570488167806,-0.0498430770575501
137.62685698,0.209225138304864,-0.027789957150253,-0.0499367402216204
137.636852506,0.20893999377816,-0.0279147727910034,-0.0498316008793724
137.646865998,0.208666591113623,-0.0256415520871893,0
137.656861072,0.208426943090881,-0.0214242912724378,0
137.666861532,0.208238200969059,-0.0155962965950651,-0.0498369733697697
137.676868232,0.208114905489496,-0.0084707741469162,-7.45433785878352e-07
137.686851451,0.208068870879995,-0.000359853230766387,0
137.696854042,0.208107713531198,0.00820312063190173,-0.0498007134637785
137.706872879,0.208233109069102,0.0164135124948736,0
137.716854988,0.208435999308278,0.023005260482234,0.0998157762386784
137.726851312,0.208692718124294,0.0266835261930899,0.0996143210794658
137.736873974,0.208970176445568,0.027188616381801,7.44910371496753e-07
137.746855277,0.209236598254794,0.0248447096474094,0
137.756852308,0.209466532353037,0.0200588446902542,0
137.766872616,0.209638122948907,0.0131644989493342,0.0498590757993744
137.7768503,0.20972979589771,0.0041384892540357,0
137.786853042,0.209720811727199,-0.00674144125896598,0.0497997414721919
137.796872418,0.209594817965333,-0.0187229187365283,0
137.80689948,0.209345483897568,-0.0306568576996958,-0.0995260889754311
137.816909301,0.208980550094456,-0.0413018684328151,-0.0498346269988734
137.826907582,0.208519111901174,-0.0498050389598694,-0.0997270182209365
137.836905515,0.207984637877136,-0.0560204307110651,-0.049852369982342
137.846908264,0.207398665081018,-0.0604100225792112,-0.0498936322521369
137.856889955,0.206777377405503,-0.0632513543904508,0
137.866913869,0.206133283469368,-0.0646191396954681,-0.0497240299812004
137.87694196,0.205481634093234,-0.0643631588243507,-0.0997046502336561
137.886914569,0.20484597523867,-0.0614073716354192,-0.149853937066097
137.896903224,0.204255865336474,-0.0554950127392123,-0.0997283240868043
137.90691082,0.203736283034688,-0.0478379987251738,0.0498358649067587
137.91691053,0.203298755857552,-0.0396996457685977,-0.0498987517854799
137.926892911,0.202943001100272,-0.0317773516211722,0
137.936899917,0.202663546078161,-0.0243747544788298,0
137.946927049,0.202454673905327,-0.0174793307726712,-0.0498253854737742
137.956911431,0.202313758205693,-0.0107245665159535,-0.0499131621408805
137.966903371,0.202240436511294,-0.00410411148914994,-7.45154622017141e-07
137.976908839,0.202231686613767,0.00188451459899596,-7.44849901673168e-07
137.98690896,0.202278137335826,0.00656048525786902,7.44273474095625e-07
137.996929922,0.202363034633635,0.00929801916952647,0.0997225319829846
138.006906223,0.202464072270538,0.00987342594498279,-7.47948797284468e-07
138.016852624,0.202559739956456,0.00856309811849398,0
138.026904755,0.20263532166228,0.0061808845349473,7.43217138286775e-07
138.036902163,0.202683663841994,0.00341350584046812,0
138.046922588,0.202703652652139,0.000842522304674945,0.0498331773886232
138.056910548,0.202700521352637,-0.000848892280483719,-0.099798577367196
138.066904464,0.202686690191853,-0.0012044357899146,-0.0498476146820532
138.076913138,0.20267642951735,-0.000429747319312453,0.09969049966255
138.086908003,0.202678093724591,0.000961091549040713,0
138.096826269,0.202695567859269,0.00276977491096277,-0.0498775772503112
138.106898577,0.202733463114912,0.00496461898810097,0
138.116931077,0.202795380570818,0.00728105363910794,0
138.126903199,0.202879117840724,0.00901239801273939,0.0499221062908026
138.13690382,0.20297538288014,0.00954308819571146,0
138.146913209,0.203070075130951,0.0085480572972298,0
138.156904819,0.203146352565594,0.00584044183556874,0.0998139591091588
138.166892155,0.203186761003,0.00167298327801787,0
138.176845637,0.203179713220658,-0.00313429997655194,-0.0996352993041153
138.186906926,0.203124028706724,-0.00777250747212256,0
138.196902207,0.203023823380468,-0.0120454444964786,0.049840443570944
138.206912394,0.202883053952304,-0.015749789724731,0
138.216896769,0.20270891323333,-0.018299398939715,-0.0498951186623447
138.22689594,0.20251736707182,-0.0188625137261468,-0.0996377956126313
138.236910889,0.202331396620113,-0.0172903631974657,-0.0498637385270769
138.246892062,0.202171626859899,-0.0143804162013354,-0.0501610507290195
138.256788788,0.202045544159285,-0.0114890665523563,0.0497936969380777
138.266916012,0.201941570365708,-0.0105560001460776,0.0991191195723526
138.276907639,0.20183316956519,-0.0124967349306854,0
138.286897174,0.201691871080587,-0.0166992328764966,0
138.296913402,0.201499088669981,-0.0220492726916705,-0.0498244318848486
138.306909071,0.201250623306556,-0.0272860322273255,-0.0998594619320021
138.316883095,0.200954194983213,-0.0313874410710784,0
138.326912899,0.20062275433401,-0.0343297364508952,0
138.336772726,0.200271389192878,-0.0352221633569368,-0.0997927158254038
138.346896098,0.199918902834438,-0.0339849519858585,0
138.356906661,0.199587138378616,-0.0309142282578328,7.44668439450599e-07
138.366906562,0.199300294782797,-0.0250508828790576,-0.099766867663055
138.376894888,0.199086415645079,-0.0163143101792855,-0.0498426036572024
138.386911163,0.19897393351707,-0.00518244067180989,-0.049828983661153
138.396905256,0.198982713100098,0.0070936061321718,-7.45737267481864e-07
138.406892947,0.199115676422584,0.0187872127227484,0.100377896353061
138.416771809,0.199355950257377,0.0278255065397567,0.0498582306175189
138.426891278,0.199672140112609,0.0333181107038587,0.0495242628377361
138.4369053,0.20002676013937,0.035519011335022,0.0996245079774823
138.446908217,0.200383121995842,0.0343120547879381,0.0498752164635862
138.456897119,0.200712720528208,0.0307779921563146,-0.0997315040595485
138.466903681,0.200998542229996,0.02576951267797,0.0498382338493415
138.476903474,0.201228274547021,0.019482342211447,0.099657912538724
138.48691406,0.201388391281455,0.0121298021692751,0
138.496721457,0.201468662760205,0.00398549355251328,0
138.506914637,0.201468103452135,-0.0036686432592392,-0.0493914963586431
138.516908766,0.20139460272512,-0.0103631775170699,0
138.526908894,0.201260899417522,-0.0156269007524419,0
138.536909851,0.201082047754884,-0.0191929995173905,0
138.546923042,0.200876767884617,-0.0206179007496199,-0.049857562157897
138.556908749,0.200669712460818,-0.0193333815009928,-0.0498774244427705
138.566913976,0.200490275531034,-0.0153552201686167,-0.100861316267945
138.576680231,0.200366117001648,-0.00884059212088375,0
138.586911514,0.200313485454154,-0.00163252504414643,0.0985494117059808
138.596915539,0.200333082354562,0.00514898697015637,0
138.606906533,0.200416439546453,0.0110964167827156,0.049897682104976
138.616898357,0.200554820031583,0.0163133898742817,-0.0498377156859912
138.626913395,0.20074281928642,0.0210061183988237,0
138.636924703,0.200975495826755,0.0251044099405124,0.0998010627561234
138.646895072,0.201244447497127,0.0285749653683169,0
138.656664831,0.201539569300721,0.0303927869470436,0.0498209736409125
138.666908059,0.201852697947192,0.0316214714288174,0.0492793924460467
138.676897761,0.202179364318637,0.0333803954606795,0
138.68690267,0.202520125969454,0.0349717382085784,0
138.696901342,0.202878924316603,0.0369239049730815,0.049863723160405
138.706899097,0.203258472139803,0.0388621043267227,0
138.716912258,0.203656590621869,0.0402971466248691,0.0996618794289539
138.72690853,0.204064795195285,0.0413067944991748,0.101042706649843
138.736648394,0.204471827135829,0.0402398955741947,-0.0498513430797132
138.746909624,0.204869637129215,0.0385194316638853,0
138.756888175,0.20525145199695,0.036768322291986,0.0997423864448587
138.766902757,0.205604751086985,0.0330308192076579,0.0996356001976242
138.776902736,0.205912549342862,0.0278487508186777,0
138.786909733,0.206161920376244,0.0217891128178308,0
138.796895188,0.206348167134995,0.0155114297244267,0
138.806915186,0.206472233554559,0.00962662663062049,0.0505442076723955
138.8166224,0.206538073639382,0.00408861104973037,0
138.826899021,0.206553939683156,-0.000223586022042723,-0.0491575665403491
138.836906079,0.206533538492282,-0.00305247257223688,0
138.846890917,0.206492914968949,-0.00433903185148963,0
138.856905581,0.20644676001609,-0.00425080537778312,0
138.866915029,0.206407796365974,-0.00295616985418905,0
138.876911146,0.206387620167921,-0.000586239617253872,-0.0499089123565609
138.886893052,0.206396084457417,0.00260750543660489,0.0506162170435301
138.896610293,0.20643898580082,0.00614363093582446,0.0497791548091805
138.906923151,0.206519141993281,0.00994237909611801,-0.0491397941465759
138.916901308,0.206640726764195,0.0144994280532379,0
138.926903687,0.206808848337478,0.0191083915026964,-0.0498442157467389
138.936905262,0.207022970148829,0.0230311931130398,0.0498618604871443
138.946900861,0.207269407113587,0.0248906320670814,0.149529741756489
138.956909804,0.207520895843421,0.0238457371747162,0
138.966894436,0.20774616864822,0.0201587786938102,0
138.97661582,0.207918145058902,0.0134878427397051,0.099665211658648
138.9869032,0.208016043710468,0.00544083010050656,-0.0491354644366046
138.996908623,0.208028554752288,-0.0030774451610751,-0.049878448039712
139.006893425,0.207954524889273,-0.0114852446591972,0.0498333966123947
139.016917219,0.207798751131941,-0.0191803031163403,-0.04984715100677
139.0268965,0.207570859847514,-0.0256054553449814,0
139.036896152,0.207287181455169,-0.0299518227248875,-0.0498232171219656
139.046909184,0.206971443484097,-0.032199395532377,-0.101189444689471
139.056603668,0.206652611352524,-0.0306000106762839,0
139.066910667,0.206359397890755,-0.0264145493583927,-0.0490956066497791
139.076912642,0.206116158956383,-0.0209314105129813,-0.0498730865561108
139.086903041,0.205940929303432,-0.0136905439889521,0
139.096903851,0.205842468430176,-0.00604445162746591,0.0498045293828217
139.106922935,0.205819920022562,0.00125283792052205,0
139.116915058,0.205867539229141,0.00796993835706834,0
139.126906037,0.205979184113685,0.0142992740841683,0
139.136577051,0.206148691456089,0.0194888714468457,0.0498628504046201
139.146902814,0.206368898729989,0.0237892942531954,0.0489356553555775
139.156952407,0.206633406795487,0.0284181691800364,-0.0997088600271639
139.166902819,0.206937262255681,0.0318609568320867,0.0498961664542171
139.176935832,0.207270097836769,0.0335545943923844,0.0994921810348774
139.186946381,0.20760981584877,0.0329192089638465,0.0998359011797029
139.196910387,0.207927644386774,0.0295070129768352,0
139.206893317,0.20819839034817,0.0242740849879067,-7.58491657804405e-07
139.216556168,0.208404527744422,0.016806265400959,0.0498406951373107
139.226898983,0.208534610880489,0.00877149174562654,7.32399405140221e-07
139.236901844,0.208582989673515,0.000823013575616716,0
139.246900285,0.208551072223565,-0.00683680946690796,-0.049866237310092
139.256896964,0.208446286847807,-0.0135511865598031,0.0498530006013551
139.266900714,0.20828004267891,-0.0188094585959634,0
139.276911455,0.208069825108023,-0.0218818211796182,-0.0997363423694926
139.286895208,0.207842526736625,-0.0224474122757045,-0.101635329852542
139.296532512,0.207629383152259,-0.019381481299773,0
139.306908772,0.207454634220217,-0.0146680562031547,0.0489418704838929
139.316905585,0.207330549772464,-0.00962184749009669,0
139.326896686,0.207262313560064,-0.00386512431985884,-0.0498427705007538
139.336910418,0.207253228605921,0.00205785793806094,0
139.346905796,0.207303489465911,0.00772796213764753,0.0498714221898758
139.356903758,0.207407736380446,0.0126588131546576,0
139.366907312,0.207556684919765,0.0169537582130553,0.0508322920240671
139.376519169,0.20774029131579,0.0197213615945446,0.0498312846736027
139.386916756,0.207951298400195,0.0220189199552499,0
139.396912801,0.208189337066395,0.0255294470497344,0
139.406910964,0.208461739474632,0.0294803944617694,-0.0498986259999324
139.416895241,0.208778427279903,0.0340053318298787,0
139.42691819,0.209142091833758,0.0381355573886331,0.149498334247533
139.436903886,0.20954146810957,0.0407563419866286,0.0997419673847462
139.446911407,0.209956942223222,0.0423736273834065,0
139.456506022,0.210372081716353,0.0410062518615658,0
139.466906939,0.210776884044521,0.0387230932152338,0
139.476898422,0.211161738522435,0.036740750855271,0.0997219535165141
139.486904318,0.211511602764118,0.0323437929300065,0.0997163188059963
139.496896931,0.21180856615644,0.0264337210244987,0
139.506911063,0.212040455480056,0.019819209119946,0
139.516910882,0.212205226836625,0.0134791612559551,0.0498543989872002
139.526910931,0.212310036925926,0.00850359294646571,0
139.536480215,0.212371636478691,0.00519585677872332,-0.149530671230799
139.546915249,0.21241397649721,0.00413386694781514,0
139.556914385,0.21245610861866,0.00446289625313571,0.149653345523305
139.566903169,0.212503180510486,0.00503311512450128,0
139.576244258,0.212553398094811,0.00522331716902311,-0.0498799676273835
139.586892785,0.212607592614941,0.00549282280888999,-0.0482818371034101
139.596895531,0.212666831878178,0.0057881224235598,0
139.6068928,0.212723355150234,0.00459655732450823,0.101921643575124
139.616461177,0.212756766491608,0.000813796550028483,0
139.626909598,0.212739644751389,-0.0055325730143459,-0.0487963982566822
139.636894681,0.212643716638789,-0.0149570011221877,0.0498562486662272
139.646908724,0.212440517801364,-0.0269161148267713,0.0498213248824038
139.656907826,0.212105040529924,-0.0407851753140593,-0.0499001402526903
139.666890259,0.211625567393345,-0.0568881831264028,-0.103557802837052
139.676164345,0.211009572150676,-0.0672656434313208,-0.149455093161994
139.686904693,0.210279283612422,-0.076286417233761,-0.049153439660399
139.696449727,0.209462073035678,-0.0846811319555977,-0.0498593450669285
139.706902577,0.208585840158586,-0.0872252213803282,-0.146425223432188
139.716878305,0.207680185797142,-0.0905395762213631,-0.0996992911959109
139.726904651,0.206774860855076,-0.089034717589511,-0.0497628333850217
139.736915273,0.205896200009912,-0.0853150835765823,-0.0996485251663171
139.746916616,0.205067538388571,-0.0823130776058515,-0.155137760514698
139.756196582,0.204309096125852,-0.0717831445476345,-0.0498898826047189
139.766902558,0.203632884625064,-0.0629234589338477,0
139.776362793,0.203040168376142,-0.0552932353563751,-0.0498318573977522
139.786911473,0.202526526978743,-0.0463150049494861,-0.0968497173388922
139.796953073,0.202086529456031,-0.0422260092117337,0
139.806182389,0.201712793102208,-0.0346042190093346,0
139.816904053,0.20139614137466,-0.0292559801822567,-0.0998214336208625
139.826159839,0.201128333220916,-0.0248939307821657,-0.0997177669823409
139.836902421,0.200898303385912,-0.0222681335010828,0.0499080619175109
139.846138501,0.200683445708327,-0.0230159303039974,0.0511277266790567
139.856404487,0.200449445194072,-0.0261911273637864,-0.0498087543606854
139.866156996,0.200159138756151,-0.0332885841964175,-0.0494230331482554
139.876579216,0.199777857029115,-0.0426202219811092,0.0480468365695547
139.886909586,0.199274658763668,-0.0587024017845579,0
139.896143208,0.198629403710221,-0.0745973780011749,-0.207521483853456
139.906128586,0.197840971755864,-0.085337042703258,-0.14954604124545
139.91614547,0.196922469823766,-0.0975619511805672,0
139.926124917,0.19589009068705,-0.108033894429853,-0.0499031197245862
139.936125812,0.194763915665466,-0.115653234399769,-0.14960488915323
139.946119311,0.193577674351089,-0.119086614313773,-0.149579562873436
139.956123691,0.192382435961901,-0.116905985306726,-0.199527799513907
139.966108282,0.191240844001066,-0.108454854352433,-0.0998981661881075
139.976085647,0.190217464931331,-0.0934804740516995,-0.149513645302416
139.986114878,0.189370617922825,-0.0735122004091101,-0.0996067601359165
139.996106003,0.188745724508797,-0.0500283485298476,0.0499346655298635
140.006082896,0.18837165095887,-0.0241062848357688,-0.0499370963599103
140.016073049,0.188264393210592,0.00295645519165922,-0.0497832292118438
140.026111655,0.188430865087398,0.0301263832836689,0.0996726937992971
140.036080311,0.188867139654061,0.056493666055813,0.0499350081325268
140.046079536,0.189558923888455,0.0809224624409254,0.0498924247497095
140.056064936,0.19048434472002,0.102750467653787,0.0997665831608504
140.06606782,0.191612729417051,0.12096689987762,0.149636621011185
140.07605509,0.192902491677476,0.134699120832623,0.199613790651268
140.08604818,0.194304066342971,0.14329373197391,0.0499171515451249
140.096030114,0.195764787412703,0.146107033375039,0.149497811231489
140.106056895,0.197227480333266,0.143201902848011,0.299090033955846
140.116032513,0.198629169011027,0.134291684687496,0.149654895387586
140.126044608,0.199911663985087,0.120243817508002,0.0498684016522898
140.136027064,0.201033390152625,0.103111931136854,0.0500041398689081
140.145984883,0.201967744247738,0.0832562770047399,0.09997021681825
140.155974633,0.202694150482861,0.0613126820519176,0.149361600528954
140.166011845,0.20319565100131,0.0385112360178669,-0.0499113157318
140.175951694,0.203463491793975,0.0150860185291973,0
140.185997352,0.203497152730227,-0.00805452519420773,0.149787156318182
140.195921758,0.203302642410357,-0.0299425934322447,-0.0500762018947937
140.205908932,0.202900948385693,-0.0484367550573891,-0.199553196685909
140.215908185,0.202334564741286,-0.0621730101750844,-0.0996759595129018
140.225915389,0.201657086731065,-0.0707482714247635,-0.0498070446270014
140.235927068,0.200918263373181,-0.0748170698816563,-0.0498083015238826
140.245934066,0.200159347975018,-0.0751549823913965,-0.0498967032886791
140.255910278,0.199416425577508,-0.0717678679255316,-0.0997248159937787
140.265930871,0.198724219914845,-0.0649121644736931,-0.0498064350736929
140.275929406,0.198116940648152,-0.054881966541382,-0.0499215139134835
140.285903851,0.197628063494753,-0.0413940658015017,-0.099778869853762
140.295915378,0.197289640008077,-0.0250742956856836,-0.0996899687828331
140.305907646,0.197126482424087,-0.0072080135016607,0
140.315853583,0.197145925157238,0.0103678083020451,0.0999733243948629
140.325854744,0.197333290112333,0.0256626060668931,0.099638774131039
140.335867656,0.197659538428431,0.0381392915271171,0.0997093962347758
140.345854492,0.198096066331774,0.0483114872074046,0
140.355884028,0.198626559128247,0.0575494502861021,-0.049848908276876
140.365856264,0.199247157315122,0.0663837432687751,7.45211712633231e-07
140.375879904,0.199953960227065,0.0740793761601333,0.0997162368548845
140.38585464,0.200728624533417,0.0791801205788444,0.199679927184627
140.395853497,0.201535471729198,0.0802249440470243,0.149559634678728
140.405855084,0.202333159034233,0.0777763509735744,0.0997094605063164
140.415853531,0.203091001393067,0.0731844076036682,0
140.425863552,0.203797466911871,0.0681415227262194,-0.049818875669351
140.435867959,0.204454814993481,0.0632625254396862,0.0497991569784481
140.445885905,0.205064131527896,0.0579012588730233,0.0996047233150258
140.455888874,0.205614051175771,0.050978006061436,0.14973962519954
140.465862308,0.206082488721115,0.041820594805175,0.099887718932076
140.475853067,0.206448965601836,0.0311862752274181,-0.0498714022345973
140.485855656,0.206706006774561,0.0204982958668356,0
140.495874794,0.206859376885647,0.0108244582673957,0.049834734100165
140.505863715,0.206922583174218,0.00277292176145563,-0.0498802813839268
140.515864583,0.206914807006572,-0.00315756531160156,0
140.525885112,0.206859364305561,-0.00668575703478121,0
140.535880189,0.206780987527952,-0.00777497220693278,-0.0499305596652233
140.545854772,0.206704100754079,-0.00654261181500033,0
140.555860348,0.206650265103613,-0.00349023404952982,-0.0498604246593366
140.565852223,0.206634304969695,0.000619807506522032,0.0997683935963895
140.575848568,0.206662653952411,0.00522999935274498,0.0498582156588224
140.58585056,0.206738896259261,0.010352021682921,-0.149545881568981
140.595850951,0.206869719054937,0.0159507869774569,0
140.60585341,0.207057957458553,0.0211048270159445,0.0996912994091446
140.615854479,0.207291890053086,0.0244278171311042,0.0498405506406895
140.625859134,0.207546653626,0.0250234000760181,0.0498169690548707
140.635869673,0.207792738260147,0.0228144496997242,0.0498733454477267
140.645851703,0.208002773085819,0.0181719141514162,0
140.655850991,0.208155837055475,0.0118402461256928,0.0498014994853551
140.665872815,0.208239827979609,0.00482317557836189,-0.0498513827385495
140.675852368,0.208252307208555,-0.00212200913241955,-0.0499049979986786
140.685852405,0.208197431107167,-0.00859586584714898,0.0498494437286528
140.695854523,0.208080371367521,-0.0145167365146927,0
140.70585195,0.207907102981988,-0.0195483767245444,0
140.715852024,0.207689452684424,-0.0229006808767831,-0.0498057662876318
140.725871646,0.207448638312642,-0.0238191908318492,-0.09970728689119
140.735852494,0.207213057672767,-0.021957214200967,-0.0499011232486006
140.745853086,0.207009901554518,-0.017740961545416,0.0498194805396566
140.755866679,0.206857986786319,-0.0119653432279615,0.0498425512465638
140.765858007,0.206770535808505,-0.00479321543467286,-0.099793315088755
140.775849758,0.206762203583624,0.00381231876658035,-0.0498312224139937
140.785867476,0.206846818282683,0.0133633779162894,0.0996968017020244
140.795852182,0.207029503534778,0.0229795718525188,0
140.80585629,0.207306152670243,0.0317462126978949,-0.0498193038065057
140.815866438,0.207664880362744,0.0387101536768506,0.0498585668634514
140.825854785,0.208080297484998,0.0422885250678611,0.14965289308505
140.835854518,0.208510146784882,0.0412568268116162,0.149566305187875
140.845854337,0.208905415538172,0.0358415195208708,-7.4523795041831e-07
140.85584969,0.209226804132444,0.0272297083784108,-0.0997169399163337
140.865852572,0.209449961645305,0.0165213392899187,0.0995898284284957
140.875873749,0.209557628405144,0.00432293744069743,0.049855279217089
140.885851788,0.209536417004936,-0.00882793441432258,-0.0998209303498496
140.895851449,0.209381266579795,-0.022066125037514,7.44269384924533e-07
140.905872981,0.209094626856798,-0.0349026736293699,7.44962657509171e-07
140.91585401,0.20868312372146,-0.0467161302987081,0
140.925859898,0.208160915437956,-0.0563160151121965,-0.0498595794317493
140.9358518,0.20755692787761,-0.0621540962860964,-0.199182803914356
140.945883491,0.206916367110641,-0.0633768670352486,-0.149552057333033
140.955853357,0.206289291859123,-0.0601750659749582,0
140.965854069,0.205714636261933,-0.0537406953606914,-0.0498601354336299
140.975850924,0.20521460870302,-0.0457300173445097,0.0498532299212788
140.985854406,0.204800020504027,-0.0367526434043811,-0.0498461891232525
140.995854385,0.204479428634034,-0.0267919886355964,-0.0996483807623834
141.0058664,0.204263859388203,-0.0157596185303694,0.0498564004397825
141.015853749,0.204164246286544,-0.00373054158153837,-0.0498783725616021
141.025856954,0.204189283795268,0.00895512997197093,-0.0498160556241506
141.03586931,0.204343488236761,0.0215400118917839,0
141.045854478,0.204620030700034,0.0325957114019293,0.0997839474289831
141.055854265,0.204994912062321,0.0405618786254472,0.14944440065965
141.065870344,0.205431911827309,0.0450609627341115,0.0498541397440119
141.075854237,0.205896130055296,0.0465479704707911,-0.0498874820892952
141.085856949,0.206362247726661,0.0456663811179509,0.0498116780929653
141.095871557,0.206810248619377,0.0428848818640486,0.0997342723135147
141.105851858,0.207219727037008,0.0380798006934566,0
141.115853908,0.207571172562843,0.0313920666453788,0.0498158042498926
141.12586752,0.207848060032464,0.0233164189081941,0.0498549820204198
141.135853841,0.208037499378807,0.0142927091755639,0.049884155082165
141.145855458,0.208133741817317,0.00529352349521256,0
141.155870853,0.208143459902133,-0.00237310194853024,-0.0997039745337249
141.165856443,0.208086277440841,-0.00785781522617866,-0.0499008934912936
141.175852385,0.207986448715741,-0.0111420235035873,0.0498169740327338
141.185871635,0.207863267701148,-0.0127661940879455,0
141.19591391,0.207730339393891,-0.0131739901054095,-0.0497738006795919
141.205904188,0.20759935904614,-0.0125193550173052,0
141.215897012,0.207480163845606,-0.0109341277037471,0.0498745553552733
141.225896272,0.20738076304662,-0.00845175470371915,-0.0498440013501657
141.235901351,0.207311092079368,-0.00484808746961703,-0.049798545140203
141.245918871,0.207283691735299,-0.000131579465171678,0
141.25591118,0.20730845919677,0.00514414717334792,-0.0498749969237065
141.265910778,0.207386533047183,0.00986549797208406,0.0498461293182416
141.275914665,0.207505803537472,0.0127111788944279,0.0498644637800371
141.285906908,0.207640707432809,0.0126068909284881,0.049866221904464
141.29591009,0.207757883679516,0.00916733468634293,0.0498106130681765
141.305924656,0.207824216828392,0.00280262480240263,0
141.315909605,0.207813934816291,-0.0056443538193349,-0.0499002391940166
141.32590645,0.207711432513111,-0.0152244054458965,0
141.335937747,0.207509018262155,-0.0257026789073734,0
141.345601805,0.207205209127579,-0.035169973700252,-0.0499096407465999
141.355915777,0.206806391472472,-0.0431595557681946,0
141.365898223,0.206329224743014,-0.0502599761898774,-0.0998199146455315
141.375893531,0.205802310032105,-0.0532404809611883,-0.0996810290907633
141.385903812,0.205264117562741,-0.0522413811048802,-0.0498115309008054
141.395910611,0.204756590127218,-0.047245048417128,-0.0996805856362387
141.40590949,0.204318948337014,-0.0387704951268286,-0.099670539227058
141.415918455,0.203980876108918,-0.0281663815286746,0.049857133362922
141.42590856,0.203755646901175,-0.0169574920652795,0.0498746800913012
141.435910489,0.203641861350994,-0.00626365674743914,-0.0505838676446572
141.445620305,0.203632179296602,0.00369660845158213,-0.049847866213702
141.455913277,0.20371580382617,0.0119037661879225,0.049178567895925
141.465895322,0.203873528358426,0.0180885193990548,0.0997330822468902
141.475908574,0.204077489143844,0.021234047804426,0
141.48591692,0.204298667927479,0.0217268024567964,0
141.495912524,0.20451211101385,0.0198503191174675,0
141.505890577,0.204695151392872,0.0156742765393719,0.0996529222122216
141.515923606,0.20482577024697,0.00951414318045699,-0.0498249275234452
141.525902574,0.204885548397657,0.00169945127374606,-0.049890475027855
141.535909012,0.204859734470653,-0.00763548610772526,0.100143035054364
141.545815868,0.204733500717961,-0.0182140173089947,0
141.55591848,0.204495281674157,-0.029291531128729,-0.0496142174560274
141.565912555,0.204144837985116,-0.0400396684775649,-0.0996908159941163
141.575922105,0.203694343160808,-0.0491387969068955,-0.049876371574065
141.585903911,0.203162486802739,-0.056277120438367,-0.0498764994099904
141.595913111,0.202569306908462,-0.061251305752972,0
141.605916616,0.20193668248984,-0.0638445099163811,-0.0997341027223212
141.615908054,0.201292739571821,-0.0632571103250256,-0.149588167988435
141.625913245,0.200671753523059,-0.0593089849308248,-0.0498446516817725
141.635912132,0.200106318011164,-0.0525291943043202,-0.0498166206031796
141.645928579,0.199620364154306,-0.0438671483170127,0
141.655911469,0.199229004128743,-0.0339434652188139,-0.0498955281425532
141.665911961,0.198942058922435,-0.0231693568964404,-0.0498567123539005
141.675910409,0.198765641550332,-0.0120947765495022,0
141.685904527,0.198700253304014,-0.00125401858284637,0.0498430621079451
141.695914826,0.198740555639675,0.00896441793118976,0
141.705893789,0.198879445402718,0.0184744670865396,-0.0498718193287076
141.715907708,0.199109913480149,0.0270278432583994,0.049774756362656
141.725925658,0.199420863618223,0.0342377374789629,0.0996618296216328
141.735917151,0.199794991536683,0.0396890127812636,0.0498793606395874
141.745915816,0.200214253254585,0.0435290267348131,0
141.755911431,0.200665323085346,0.0461863860351864,0
141.765904481,0.201137457452603,0.0475189611217101,0.0498546828912956
141.775911484,0.201615704826286,0.0469223829313393,0.049831160154543
141.785913975,0.202076350592333,0.043625023461626,0.0997776899352187
141.795897543,0.202487597119066,0.0369948523963303,0.0997451253889265
141.805906559,0.202815973286434,0.0274279866882752,0.0498288865451332
141.81590795,0.203036442295889,0.0162060185054298,0
141.825914299,0.203140219091126,0.00487995356331241,-0.0995934760344452
141.835931126,0.203134154464959,-0.00548586772367121,-0.0498806288890714
141.84590365,0.203030560155658,-0.0148894331987364,0.0499039264659316
141.855911145,0.202836663306749,-0.0237666560708969,0.049872530265283
141.865896247,0.202555402978795,-0.0320374615287187,0
141.87590567,0.202196089481276,-0.0385505660716937,-0.0498422025197471
141.885901009,0.201784208079565,-0.0417688175400484,-0.199448265548927
141.895902612,0.20136084085952,-0.0407517556127079,-0.0996312572603412
141.905916592,0.200968537932703,-0.0362223645708966,0.0498344875187294
141.91591077,0.200636098066051,-0.0304050727658248,0
141.925360804,0.200377335251969,-0.0218968192915615,0
141.935859637,0.200199281330281,-0.0130934692226639,0
141.945862103,0.200108902124488,-0.00419055943101523,-0.0498548601477104
141.95585932,0.200115471470068,0.00591320415276737,-0.0498765992080749
141.965853069,0.200227112787657,0.016362457193282,0
141.975856018,0.2004426665851,0.0259165757046328,0.0498595046341679
141.985850889,0.200745387803615,0.0331413796799781,0.149639772479937
141.995845751,0.201105153916154,0.0371971803335517,0.0498425412804728
142.005855814,0.201489514606399,0.038430029680283,0
142.015840681,0.201873559669509,0.0375886215209398,0.0498545809576796
142.025855609,0.20224127933115,0.0354475593921504,0
142.035851186,0.202582883233964,0.0325382109901033,0.0498268619901558
142.04586653,0.202892398900755,0.0292076955445247,0.049848698750945
142.055853341,0.203167100087438,0.0258438158666245,0
142.06585191,0.203408897381499,0.0228818334822425,0.0498154782138803
142.075869134,0.203625098129879,0.0209712528987891,0
142.08585977,0.203828487273523,0.0205544450772423,-0.0499680200540772
142.095823823,0.204035255688963,0.0215262850296186,0.0498320591964828
142.105868903,0.204259209573676,0.0236323610334887,0.0497846012937544
142.11585203,0.204508569507641,0.0264469633189545,0
142.12585333,0.204787736981496,0.0294954866644176,0.0498469094397057
142.135854903,0.205098563981462,0.0326642617223997,0.0498543092489501
142.145853234,0.205441019080174,0.035807817146901,0
142.155849359,0.205814521805862,0.0387844113122605,0.0498162643851024
142.165868412,0.206217295976215,0.0415403037911257,0.0498690057154001
142.175843369,0.206645079055265,0.0437599114712689,0.0498901322308984
142.185854254,0.207091874652813,0.0452652987099184,0.0497928055358932
142.195868276,0.207551512452258,0.0462679039112765,0
142.205859814,0.208017489980585,0.0464527131880072,0.049890059839052
142.215854147,0.208479910385633,0.0452309799305845,0.0498431093520434
142.225864511,0.208922322029109,0.0420677683139526,0.0498497579440912
142.235855877,0.209321338529152,0.0362977654837052,0.0498680928559112
142.245858887,0.20964807320015,0.0274495829320209,0
142.255815848,0.209869231408437,0.0150233309937686,0.099735289872364
142.265853592,0.209948460271488,-0.000764153379835328,0.0995074669152821
142.275856331,0.209853917405619,-0.0188361858509499,-0.049814216419917
142.285869892,0.20957142952464,-0.0371759224807119,-0.0997352649320668
142.295851041,0.209110595616635,-0.0536015585784703,-0.0498874696090592
142.305856502,0.208500116077939,-0.0664089660938355,-0.0996341394229783
142.315866045,0.20778141989463,-0.0747992590399316,-0.0997004353426013
142.325858197,0.207004004112397,-0.0784526906420238,-0.100218239144013
142.335764396,0.206220340719341,-0.0761751621397803,-0.149450844351779
142.3458732,0.205479358013644,-0.0695969458220742,0.0496048847700229
142.355864864,0.204821409536946,-0.0599425365321358,-0.0499026591807271
142.365854025,0.204281656681139,-0.0463705625291051,-0.199501171373765
142.375856503,0.203894385990638,-0.0298009933811469,0
142.385854913,0.203685610350234,-0.0114660908664486,0.0498775691532771
142.395847379,0.203665168789922,0.00713427783388893,-0.0498178028696445
142.405869772,0.203828401915146,0.0247621342448878,0.0501036950908814
142.415748033,0.204157951455831,0.0398349983824021,0.099791843522748
142.425853295,0.204624445521526,0.0513821389203508,0.0495595499328553
142.435866888,0.205191701258359,0.0599335168578752,0.099713025834666
142.445852315,0.205823057123837,0.064662322568951,0
142.455856271,0.206484261189859,0.0658244169366516,0.0497988684674767
142.465874784,0.207141024471394,0.0635966521543263,0.149593192258446
142.475852328,0.207755943471347,0.0575427960068535,0
142.485856381,0.208290821431456,0.047927596964015,0.0501644322742447
142.49572859,0.208708564945634,0.0341768838020572,0.149614040616743
142.505849552,0.208974125713558,0.0175570494125481,0
142.51585081,0.209061851756464,-0.000539590932661924,0
142.525871835,0.2089633218712,-0.0186159506228347,0
142.535850784,0.208689533228022,-0.0346396964252457,-0.0996657072215468
142.54588035,0.20827023298568,-0.0470314970618564,-0.0997032866148349
142.555851907,0.207748850470413,-0.0549703548020739,-0.0998575389992484
142.565850726,0.207172454331429,-0.058591458051425,-0.0500895169513579
142.575758194,0.206582512090693,-0.0579602313625384,0
142.5858698,0.206012144170725,-0.0543496804251753,-0.0496178023777649
142.595853429,0.205490342490375,-0.0483576277174343,-0.0997934932712937
142.605852694,0.205045818821957,-0.039257079779315,-0.0498132330596964
142.615869825,0.204704557235708,-0.0280616633897376,-0.0498421625732612
142.625857771,0.204484443085097,-0.015718837987916,-0.0498943512901956
142.635853977,0.204390429588094,-0.00365871708754489,0.0498303682275667
142.645867583,0.204411232844014,0.0066685503299066,0.100494951439927
142.655697538,0.204522757373347,0.0144363851862629,0.0498865535775574
142.66585456,0.204699772542695,0.0199692728971477,-0.0494161269356711
142.675874785,0.204925682325003,0.0245948922637227,0
142.685851415,0.205191593037033,0.0282567620686586,0.0498987343052422
142.695856883,0.205490311713822,0.0310643969929495,0
142.705869229,0.20581343435806,0.0329525931372823,0
142.715848007,0.206149071089351,0.033245578064422,0.049896981352143
142.725852029,0.206477774095406,0.0314993561700171,0.150882282862947
142.735673224,0.206773552660782,0.0268251850075912,0.0498499895272632
142.745853965,0.207014329729116,0.0207253942873634,-0.0494166989079475
142.755850539,0.207191735469817,0.0147717542937267,0
142.765873779,0.20731005750253,0.00940299080900964,0
142.77585186,0.207379807707348,0.00519257451347846,0
142.785851004,0.207413790731915,0.00221646440925625,-0.0498115586487242
142.795869228,0.207424175491087,0.000261020640375349,0.0498479908162667
142.805853742,0.207419011859397,-0.000991355627365064,0.100794852915591
142.815653895,0.207404561850121,-0.00122133704665194,-0.0498206106660538
142.825867473,0.207394568348285,0.000420290715169029,-0.0987271370356076
142.835852927,0.207413051315726,0.0045263826835198,0
142.845854968,0.20748503939954,0.010670723894446,0
142.85587381,0.207626688630342,0.0177966470258165,0
142.865853892,0.207840953190864,0.0245514352245185,0.0998159339822118
142.87585251,0.208117194389262,0.0297462415412508,0.0498456458996558
142.885857571,0.208435987458112,0.033334941251796,0.0504005479696474
142.895635656,0.208776664398948,0.0343117322113655,0.0498228559289535
142.905870101,0.209122652028344,0.0351637606143949,-0.0511329563186385
142.915135436,0.209462349994902,0.0330518330699072,0
142.925856954,0.209783254157293,0.0301345102399647,0.0997305792767711
142.935130936,0.210064904594405,0.0248515261076307,0.0498602700728022
142.945854467,0.2102802228737,0.0169734776543974,0.0997191460545619
142.955128878,0.210404339216076,0.00722984762865335,0
142.965851613,0.210424799192288,-0.00300105927328633,-0.14962350753614
142.975120784,0.210344342321184,-0.0126780817462473,0
142.985853412,0.210171214749494,-0.0217160180031542,0.049879111756293
142.995110743,0.209910240011658,-0.0303038273231252,-0.049851873973184
143.005854293,0.20956511150536,-0.0384388397972312,-0.0499249583966323
143.015082345,0.209142554801886,-0.0455991787501887,0
143.025857847,0.208652965870875,-0.0514257323759027,-0.0497866811858417
143.035109416,0.208112648008366,-0.0553460945407065,-0.099712669050272
143.045857088,0.207546085987747,-0.0565907610912197,-0.149625308181448
143.055101181,0.20698129881146,-0.057791061203211,-0.103985697092293
143.065034511,0.206437802361434,-0.0531454067057952,0.0997264866793722
143.075097651,0.20591857828063,-0.0489984059171968,0
143.085855994,0.205417582885601,-0.04935107681647,-0.14964683943853
143.09508644,0.204932110019223,-0.0477441945929247,-0.0498630802068585
143.10585238,0.204462871541263,-0.0463883113377458,0
143.114998103,0.204008441596726,-0.0465977545698578,-0.0518032814715517
143.125100124,0.203565969890327,-0.0436343378001782,-0.0993861826504478
143.135063192,0.20313291472531,-0.04311245074317,0
143.145080522,0.202704565965723,-0.042966272302569,0
143.155052988,0.202274027707101,-0.043607681929721,-0.0501413553023642
143.164966229,0.20183739637992,-0.0440672416495373,-0.100121049115056
143.174970506,0.201396317628336,-0.0439748558684024,-0.0496346050395518
143.185054361,0.200954023670554,-0.043971024017733,0.0496217120517255
143.195064458,0.200512765982333,-0.0439883145531747,-0.100121193195322
143.204972148,0.200077873790795,-0.0427949865084976,-0.0999731191653853
143.215011746,0.199659122061492,-0.0406242071274849,-0.0497695612332108
143.225006108,0.199264010050171,-0.0383323343921583,0
143.235023089,0.198892040569979,-0.0364421574838665,0
143.244969756,0.198536491645803,-0.0351904029444257,-0.0499595470419062
143.254980864,0.198189718425855,-0.0344951930993414,0.0499648620332194
143.264925408,0.197848117576639,-0.0336002308290654,-0.0498887750745648
143.274966951,0.197518181289285,-0.0313783300025366,-0.149047652453842
143.284994554,0.197218381290582,-0.0274661941559694,-0.0499711152814008
143.294920404,0.196970135875105,-0.0216211054306228,0
143.304956107,0.19678679044861,-0.0148707385339044,0.0497570498668617
143.314959701,0.196672136729015,-0.00794662404381422,0.0499636232868843
143.324912552,0.196628204082944,-0.000394090794532915,-0.0498406702240124
143.334965377,0.196664252676265,0.00845727698658265,-0.0497797521180371
143.34494271,0.196797604677235,0.0191924660515467,0.0499426591494484
143.354930199,0.197047426844725,0.0316511335811203,0
143.3649352,0.197430389648844,0.0455339177977659,0
143.374924451,0.197957843471721,0.0601229385568368,0.0499633929536139
143.384891737,0.198630235296703,0.0737212387726308,0.0996898517930662
143.39492812,0.199432538730399,0.0852150394439504,0.149433896318038
143.40490901,0.200336008004959,0.0937851280379432,0.0998688298789797
143.414896089,0.201305237259721,0.0985581280680714,0.0998457435151138
143.424881596,0.202304468693797,0.0996691012349996,0.0498563007240019
143.434895493,0.203298559881637,0.0971604287675445,0.149332646628328
143.444912441,0.204250674182574,0.0913891700431181,0.149750712345819
143.454870417,0.205124051607671,0.082137862318011,0.0500005014166959
143.464853869,0.205888620450061,0.070061357531723,0.049902048272494
143.474851188,0.206523931548462,0.0564141422700715,0.0996390755831023
143.484868031,0.207017702232545,0.0420897566449519,0.0497790662011961
143.494881622,0.207367007641015,0.0281892620870551,0
143.504852462,0.207581048595665,0.0156070518229012,-0.0498883649316689
143.514868172,0.207678938762626,0.00506119820770154,0
143.524865766,0.207682339894,-0.00335520829281781,0.0997244091699059
143.534865208,0.207611844541607,-0.0095819090729544,-0.0996776683681156
143.544872179,0.207490640263758,-0.0134373395964089,-0.0997176622702246
143.554863597,0.207343119397233,-0.0153452163934294,0
143.564854657,0.207184004814771,-0.0164690975756189,0.0996095025405621
143.574883701,0.207013406350983,-0.0179231575607513,0
143.584859404,0.206825456582327,-0.0198921458996742,-0.149703418160919
143.594865035,0.206615934739785,-0.0224093655932908,0
143.604868717,0.20637706057204,-0.0261718378222361,0.0997630263488475
143.614854181,0.206092782052468,-0.0315379202815584,-0.0498802271392537
143.624858229,0.205746632936116,-0.0381132631963004,-0.0995417642863383
143.634887759,0.20532923702139,-0.045555869490437,-0.0498359545787626
143.644865499,0.204835184355137,-0.0535911879265466,0
143.65486307,0.204258736375698,-0.0618614206148085,0
143.664868901,0.203597745490287,-0.0698713234491452,-0.0997520875836682
143.674854408,0.20286191513212,-0.07611454451162,-0.0997533200708328
143.684859992,0.202076132704531,-0.0791040669200027,-0.04981632163046
143.694869563,0.201278634971585,-0.0778525300725309,-0.149533800677386
143.704863991,0.200518770770814,-0.0715052173127828,-0.199570091781368
143.714854298,0.199849622152471,-0.0602245864920282,-0.0498094630835448
143.724881902,0.199313200358405,-0.0459575831629721,0
143.734855176,0.198930430138454,-0.0304723430892622,0.049904181231783
143.744861819,0.198704365472686,-0.014965604737624,0
143.754870527,0.198630888306703,9.02144144844289e-05,-0.0498754315955052
143.764853253,0.198706168988199,0.0146800666447434,-0.0498851209417667
143.774858078,0.198924306887448,0.0281099947933601,0.0497795077125949
143.78488321,0.19926921097518,0.0393670640070486,0.0997301303901136
143.794853668,0.199711474558837,0.047261758077032,0.0499178012879573
143.804857974,0.200213253438993,0.0511517383122573,0.0996493521194269
143.814865766,0.200735128158812,0.0515034352629904,0.0997359832210497
143.82485254,0.201243042274586,0.0490816521341076,0.0498888499599208
143.834851823,0.201716076856019,0.0452355660513031,-0.0497794679485763
143.844882513,0.202149109441233,0.0414027357268197,-0.0498510315278429
143.854853042,0.20254418204049,0.0374096034779932,0.0499376255833294
143.864849049,0.202896049635822,0.0321170546929216,0.149564562721622
143.874852827,0.203186516229182,0.0247380530490162,0.0496343337890218
143.884937591,0.203393001053496,0.0156177280194432,0
143.894910253,0.20349976765322,0.00543937624022925,0
143.904908632,0.203501631059404,-0.00489916430655523,-0.0498396786958793
143.914916327,0.203401754609565,-0.0146947128532514,0
143.924916363,0.203207623197514,-0.0236433607593055,0
143.934906383,0.202929122503958,-0.0313130445457366,0
143.944920839,0.202581222149412,-0.0370453654891802,-0.0498657958900833
143.95490168,0.202188389418528,-0.0398316708584119,-0.0997719839889042
143.964908041,0.201785098497967,-0.0389430079251204,-0.099676534935018
143.974908171,0.201409276480961,-0.03457721196774,0
143.984915449,0.201093298110626,-0.0274011804545104,0
143.994915647,0.200861048020646,-0.0180901237390188,0
144.004903332,0.200731714833875,-0.00682459359467182,0
144.014923864,0.200724500071067,0.00633797385951792,-0.0996780868818479
144.024909661,0.200858514424102,0.0210294863603985,0
144.034911057,0.201144820473643,0.0359810909150986,0.0996994656520231
144.0449117,0.201578209607848,0.0497543855156369,0.0997889456253977
144.054895011,0.202139109825087,0.0611843928273865,0.049859651736178
144.064909461,0.202801760472541,0.0699829186525204,0.0996385899293697
144.074909121,0.203539755657118,0.0762083136729078,0.0497822838948724
144.084938301,0.204328124593764,0.0801008904178794,0
144.094901555,0.20514116742214,0.0811133603244698,0.149913587793154
144.104891523,0.205946597479484,0.0781418106916569,0.0996762783740761
144.114907948,0.206704503196568,0.071258283857268,0.0996125546335211
144.124910864,0.207373141363097,0.0605409507625645,0.0498912930251151
144.134893325,0.207914436921497,0.0461006983805922,0
144.144901902,0.20829474217625,0.0283294455939141,0.0497997265487942
144.154915449,0.208481652594029,0.0074723846526901,0.0996926450225622
144.16490516,0.208444214214333,-0.0159642594323188,0.0498712805270724
144.174908547,0.208162477590701,-0.0402253433312336,-0.0996260131923211
144.184921647,0.207639044152472,-0.0631195009649921,-0.0997844267547021
144.194893406,0.206901043263765,-0.0823875091666866,-0.149669980613984
144.204907445,0.205992464036544,-0.0966691201607446,-0.0498010821286825
144.214914985,0.204965574837606,-0.105669802013256,-0.0996820306154663
144.224912833,0.203878498647387,-0.108512487624415,-0.149647183820071
144.234903728,0.202796546610191,-0.104482327031044,-0.149607672635851
144.244906855,0.201789476702115,-0.0935301112442866,-0.0996388311254887
144.25491764,0.200924643194398,-0.0764059370370319,-0.0997001312829271
144.264908611,0.200261223792549,-0.0540997245836926,-0.199453591774011
144.274914048,0.199842843028935,-0.0287832033252757,0.0499009369081677
144.284889827,0.199686100389735,-0.00321043020614499,0.149714405995657
144.294893816,0.199778699378236,0.0204133542162498,0.0498076596045286
144.304908762,0.200094754000922,0.0414865570239882,-0.0498254478873227
144.314905604,0.200608919562249,0.0600170687915127,0.0498484643118776
144.32491131,0.201295248300244,0.0756065241030254,0.149483472181103
144.334916338,0.20212186160474,0.0879563528953503,0.0997347790558773
144.344905968,0.203053905495314,0.0968846868338603,0.0498724180107733
144.35490898,0.204058842463892,0.102379847031603,0.0995128943091389
144.364945358,0.20510553517812,0.10523879549584,0.199467676721532
144.374903976,0.206163091758877,0.105283456947999,0.0999210573275466
144.38490289,0.207206733139231,0.102971581997986,0
144.39489936,0.208222048082014,0.0996159528058255,0.0997170418084559
144.404901254,0.209198889223649,0.0950426415282495,0.149436837683514
144.414916239,0.210124505137325,0.0893834701507838,0.0997723601299916
144.42488853,0.21098542131139,0.0826245804883185,0.0500142153118677
144.434852497,0.211771730091082,0.0746023000634234,0.0498990789173938
144.44487049,0.212476121487165,0.0659316550717187,0.0996970037410658
144.454854731,0.213090510483834,0.0565930930693385,0.0997919817376246
144.464853836,0.21360704084718,0.0465430264172619,0
144.474874861,0.2140223079233,0.0370684804168556,0.0505418864651236
144.484581954,0.214338332202924,0.0270014723758128,0.0499171215573639
144.494849897,0.21456166330606,0.0179997367616382,-0.0491866779292777
144.504853628,0.214703216998642,0.0106528698848527,0
144.514853073,0.214774754537272,0.00399601618199929,0
144.524851465,0.214783128678899,-0.00230090014835358,0.0498134076112673
144.534869698,0.21472869828184,-0.00863431654385125,0.0498474003660564
144.544854141,0.214610419242591,-0.0147689559739734,-0.0499016576923795
144.554850924,0.21443359643474,-0.0199616283543152,-0.0996650472833887
144.564862938,0.21421101107306,-0.0239449431742322,-0.0498512705808932
144.574852346,0.213954663521546,-0.0275134100169305,-0.0503216892779986
144.584677086,0.213665856295,-0.0311407554606789,0.0498170337678738
144.594867514,0.213331376069354,-0.0364857114060127,0.0494205773539533
144.604852516,0.212929741378528,-0.0443958337561596,-0.0498725671465065
144.614860395,0.212443775448171,-0.0530246321049053,-0.099587489652594
144.624876746,0.211867963949593,-0.0619253484383342,-0.0997357567274393
144.634854857,0.211205611421984,-0.0703668722908507,-0.0499224374439173
144.644849655,0.210462532812714,-0.0780173094142141,-0.0996195909341281
144.654872784,0.209643866617394,-0.0854219874946142,-0.0498490302112465
144.664851677,0.208753920339563,-0.0922762201073204,0
144.674852009,0.207800259253719,-0.0974328325639764,-0.0996045292891686
144.684872631,0.206803222080711,-0.0999264831414115,-0.19938261875339
144.694855535,0.205801377250113,-0.0980471035552004,-0.149734318343257
144.704849742,0.20484452420976,-0.0910060329760768,-0.149467726733366
144.714868377,0.203980087891116,-0.0800703755734164,-0.0498368861864308
144.724856937,0.203242540591939,-0.0665404957604357,-0.0498898334753261
144.73485404,0.202650231966995,-0.051712204468787,-0.0498219225729467
144.744870141,0.202207613694615,-0.0370189643102253,0.049851283261439
144.754855158,0.201909811293588,-0.0229297403831235,-0.0498948548726363
144.764853494,0.201749400598341,-0.00954506695863665,-0.0996667333520748
144.774863467,0.201718830644454,0.00263183351752296,-0.0498573826614143
144.784852464,0.201802034557903,0.0122982927539726,0.0997463078210938
144.794855814,0.201964702380699,0.0177241948180579,0.0996183439212822
144.804870492,0.202156837986048,0.0180515363664141,0.0498645186415407
144.814851922,0.202325662851448,0.0135029251004225,0
144.824849139,0.202426608160097,0.00505321171969341,0
144.834867424,0.20242680542073,-0.00609942263114356,0
144.844849563,0.202304617121319,-0.018927434901751,-0.049892598671223
144.854852278,0.202048543397624,-0.0323981388627064,0
144.864870566,0.201655973885954,-0.0457551996237613,-0.0498496981296933
144.874854032,0.201133359150529,-0.057971233300426,-0.0499095405011349
144.884848039,0.200497855137919,-0.0677292088289467,-0.0996262151211176
144.894870628,0.19977765094,-0.0744118117465802,-0.099687967817056
144.904852385,0.199009295509253,-0.077306220080487,-0.0997886094311303
144.9148545,0.198232773333109,-0.076098813194865,-0.0996377607641051
144.924866512,0.197486244197422,-0.0715370872357413,-0.0498639251453752
144.934850846,0.196802292984911,-0.0640397492405397,-0.0997704832508211
144.944854164,0.196206239975435,-0.054407550616625,-0.0996223102949797
144.954868077,0.195713204476074,-0.0441480459733228,0
144.96485103,0.195323417415944,-0.0343484424612519,0.099491293647241
144.974911668,0.195024738343893,-0.0259031680984054,-0.0498182132891743
144.984865425,0.194804981177871,-0.0183044326965773,-0.0999889237927505
144.994855505,0.194659677721815,-0.0108768645179891,0
145.004855953,0.194587546913172,-0.00376349339362225,0
145.014869347,0.194584355759667,0.00271592355354865,0
145.024851649,0.194641853694908,0.00818486934816904,0
145.034853973,0.194747927312449,0.0122369629628871,0.0498057508989843
145.044871052,0.194886830387958,0.0147859372531085,0.0996910428825319
145.054857403,0.195043696773276,0.016288943346519,-0.0499009019446411
145.064852282,0.195212303511422,0.0175251401861087,-0.0996355354817597
145.074871977,0.195394454988391,0.0188778425988057,0.0997218915453032
145.084849524,0.195589808298308,0.0198982733494626,0.0499037116653735
145.094852082,0.195792024579232,0.0201198223998436,-0.0498036387835813
145.104869776,0.195992612212948,0.0194949637719619,0.0996864056699373
145.114856592,0.196182011776958,0.018050013901868,0.0997779312828877
145.124855936,0.196353362678793,0.0164773892575442,-0.0498260728360932
145.134868129,0.196511749661749,0.0161289550461999,-0.0498772098734315
145.144846956,0.196675796941701,0.0178717563691452,0
145.154849379,0.1968688496937,0.0219062120188202,0
145.164667315,0.197109985928244,0.0270372381033373,0.0498421451329804
145.174854463,0.197409731913085,0.0326902438024975,0.0493765977196737
145.184861017,0.197770122969899,0.0388626240250789,0.0498173822252742
145.194869491,0.1981875684211,0.0443015406067992,0.0498740863532272
145.204853289,0.198655811419729,0.049035998192591,0.049882728264332
145.214857702,0.199167710299569,0.0529555744963556,0.0498047975855902
145.224872776,0.199715954854937,0.056263659167015,0.0498602398003377
145.234855526,0.200292861053187,0.0587266143450039,0.049900955925188
145.244854283,0.200889401110557,0.0599968263446106,0.0498197668003016
145.254869596,0.201493641735426,0.0604726396516416,0.150486202805395
145.264731581,0.20209143378976,0.0589707180187827,0.0498888324866908
145.27485566,0.202672234279875,0.0567119951254657,0
145.28487326,0.203233708591027,0.0561608760929555,0.0506089685051037
145.294557334,0.203778697552213,0.0538611357330275,0.0499024693693816
145.304854161,0.204309902611856,0.0516804265349193,0.0491298984417374
145.314852436,0.204827557080143,0.0508814235947538,0
145.32485188,0.205327415023224,0.0484443696144214,0.0498543940017806
145.334852306,0.205796438174663,0.0441718162002416,0.149438338272437
145.344868558,0.206211588044779,0.0376031202010971,0.0996955008334201
145.354854991,0.206548601543063,0.029160301018979,0
145.364860354,0.206794554834049,0.0201918964786198,0
145.374869584,0.206952734132981,0.0122109245114211,-0.0498662593127439
145.384855764,0.207038717276134,0.00608103635359765,0.0499069702855909
145.394848683,0.207074227760312,0.00231745952941915,0
145.404864446,0.207085086586906,0.00129807276630484,-0.0997134739668871
145.414847912,0.207100188214824,0.00303224158560435,0.0498859962482153
145.424851945,0.207145693512566,0.0071366038169614,0.0995732544831451
145.434875304,0.207243115777015,0.0135120218634211,-0.0498355087301377
145.444859693,0.20741603864098,0.0223869622219743,-0.0998016371417901
145.454856866,0.207690442250645,0.0333242613985118,0.0498294119720582
145.464869889,0.208082863643119,0.0450117212974219,0.0498665585808021
145.474852156,0.208590464671386,0.0554438751867117,0.0998052469202952
145.484850579,0.209190670525624,0.0627406631547012,0.0996127636181373
145.494871455,0.209846488766539,0.0660821991091095,0.0498411087678566
145.50485578,0.210512658201324,0.0647122771459038,0.0998124753320017
145.514850698,0.21113939107672,0.0581833286594288,0.149442571439305
145.524871891,0.21167726216612,0.0473004331947328,0
145.53485417,0.212085563967718,0.0329080570098591,-0.0499209665394321
145.54484509,0.212334541337481,0.0156955768199919,0.0996346842254673
145.554868915,0.212399706935398,-0.00368554397359568,0
145.564856497,0.212260788417009,-0.024642344686572,0
145.574856972,0.211907154345189,-0.0458940729966907,-0.0498147536538823
145.584872282,0.211342182519133,-0.0662248684335163,-0.149578600824133
145.59485488,0.210582795518942,-0.0843242668286611,0
145.60487563,0.209655414864913,-0.0991982901892609,-0.0498142633703671
145.614870862,0.208597244328084,-0.109919836394617,-0.299488481872664
145.624851467,0.207459674130027,-0.115102758574214,-0.199589316926921
145.634853672,0.206297167773021,-0.11532774719822,0.0498127477833453
145.644868058,0.205151205783412,-0.112178434576661,-0.0498484345826662
145.654855933,0.204053345446047,-0.10570948842567,-0.19956458290322
145.66485327,0.203038579246811,-0.0955314476058067,-0.149803006730692
145.674823884,0.202145778181294,-0.0815165319488846,-0.0498595869115056
145.684851057,0.201408429003919,-0.06463102959528,-0.0497623863498441
145.694861032,0.200850756675901,-0.0459557531661224,-0.0996284228850673
145.704867359,0.200488564769909,-0.0262952497962677,-0.0997459206148461
145.714853606,0.200325046948501,-0.00721219650476284,0.0994302806389473
145.724923549,0.200343915586492,0.00943293811615496,0.149054492550442
145.734921931,0.200514350216321,0.0231558101729269,-0.0498862558190131
145.744910944,0.200806739910963,0.0342127788018657,-0.0498539550255271
145.754922276,0.201198617595767,0.0429607461093345,0.0498469268835815
145.76491381,0.201666077958648,0.0489536465359759,0.0997723583748309
145.774909403,0.202177060346195,0.0514697101817485,0.0997564837606472
145.784904267,0.202694980986839,0.0504248294225436,0.0497951927322362
145.79493335,0.203186764458036,0.0466782685929098,0.0498810424583563
145.804893751,0.203628055490025,0.0410184296341406,0.0998156627596584
145.814911955,0.204006255461417,0.0347531862974689,-0.0498501365709356
145.824895628,0.204323184447705,0.0292329153393869,-0.049845239864026
145.834915498,0.204591017340423,0.0249071060285483,0.0498376060808896
145.844902534,0.20482149857675,0.0214528642651666,0.049844891011453
145.854919181,0.205020153636626,0.0184480363564673,0.0996750278521201
145.864909178,0.205190581872633,0.016167168196797,0
145.87491297,0.20534339658628,0.0160721892554639,-0.0517221123061306
145.88418684,0.2055004161047,0.0173251362714608,0
145.894912044,0.205689883268633,0.0211689829751148,0
145.904899978,0.205938892170383,0.028911898588752,0
145.914900127,0.206267776697313,0.037398873659401,0.0996561867628685
145.924910554,0.206687265174059,0.0466603968556062,0.0498726450148328
145.934892678,0.207200637061129,0.0559734778265904,0
145.944909543,0.207806678141404,0.064806754857236,0.0996105175475693
145.954912578,0.208498061812695,0.0725899147957788,0.0498315860124043
145.964918866,0.209259153193096,0.0784020465210299,0.0997114902025551
145.974911906,0.210066050056939,0.0814263906772874,0.0996964006452109
145.984921221,0.210887872765792,0.0811503651118848,0.0498726444765946
145.994904756,0.211688477134068,0.0770657124881557,0.149687232727645
146.004904616,0.212427907339399,0.068967451970248,0.149512486962805
146.014911507,0.21306829177274,0.0577816565052005,0
146.024906451,0.213583646498842,0.0447784761504718,0.0498608235967321
146.034908798,0.213963739990858,0.0314230550946417,0.0498215018590017
146.044919824,0.214212527821251,0.0191427124104198,-0.0498452373721611
146.054912342,0.214346662080839,0.00895670368967321,0
146.064887427,0.214391371724715,0.00133737699718836,-0.0498630997602877
146.074909019,0.214373405176679,-0.00384008974054786,0
146.084897802,0.214314530088973,-0.00721431408744673,0.0498300569424634
146.094918956,0.214229047206291,-0.00941281101919613,-0.0498358549552218
146.104905411,0.21412620224651,-0.0109380035355,-0.0499211977189115
146.114892361,0.214010578031785,-0.0123443808376875,0.049781136435257
146.124935012,0.213878949223739,-0.0143784883231169,0.0498121135718262
146.134909506,0.21372276174614,-0.0171582563816824,-0.0499268019657141
146.144906175,0.213536278888745,-0.0201398025907723,-0.0498522725403617
146.154910526,0.213319945151726,-0.0238466774386061,-0.0517049011758962
146.164190254,0.213076417677131,-0.0257187168235814,0
146.174898206,0.212805887669846,-0.028546782596123,0
146.184173619,0.212505956900937,-0.0315478501720614,-0.049839686214712
146.194903978,0.212174748572213,-0.0347033805568143,-0.0498619207076098
146.20417047,0.211811998570746,-0.0378914493866427,-0.0498486588763097
146.214906149,0.211416837322144,-0.0412896092392598,0
146.224169532,0.210986245115615,-0.0449857259852105,-0.0498397858188162
146.23491218,0.210516851493526,-0.0489722315482327,-0.0498898152060986
146.244155501,0.210007487614031,-0.0549802304609092,-0.103602662398517
146.254160361,0.209458582066193,-0.05727020959174,0
146.264021647,0.208869749268831,-0.0586149658043207,0
146.274912833,0.208242176629558,-0.0639576414994603,-0.14885066724708
146.284117352,0.207584475372761,-0.0665559413906896,-0.0997326034177575
146.294908226,0.206911364424967,-0.0672474180553259,0
146.304145189,0.206237655045279,-0.0665490265083207,0
146.314906961,0.205580468079319,-0.0637393211069209,-0.19981350054679
146.324105579,0.20496539333765,-0.060289291381422,-0.155450252357479
146.33414951,0.204420348435736,-0.050177286998003,0
146.34413015,0.20396061469157,-0.0403330334875734,0
146.354908653,0.203583069225944,-0.0344785340802476,0
146.364102801,0.203271986963394,-0.0300228861146007,-0.051864059801373
146.374133841,0.203005873596088,-0.0255720055818189,0
146.38411175,0.20276031800788,-0.0246775948708909,0.0997578829004661
146.394124167,0.202512560429723,-0.0254635687451363,-0.0996755758857392
146.404118284,0.202250880254019,-0.0268420768588728,-0.149642991456716
146.41411347,0.201976006022242,-0.0279986507361644,0.0498468919956991
146.424121164,0.201690826603181,-0.0290832809180842,-0.0498524096274652
146.434114435,0.201394312338514,-0.0303818885372183,-7.455664890459e-07
146.444107525,0.201083603211015,-0.0317691881730345,0.0498590433878014
146.45411244,0.200758991954584,-0.0327993292230633,-0.149918145505525
146.464060041,0.200429174069902,-0.0325555441028342,-0.049924175972276
146.474084355,0.200108795394983,-0.0308577756250846,0
146.484100337,0.199810775112474,-0.0283984392180331,-0.0999853342378352
146.494028908,0.199542401218882,-0.0254695628164639,-7.46445393386455e-07
146.504063165,0.199302330610734,-0.0231616745755035,0.0499095180164814
146.51400639,0.19907968928196,-0.0220937418969635,0
146.524057436,0.198860582347842,-0.0221261480789506,7.44615562180017e-07
146.534018275,0.198636903351111,-0.0225839712171231,-0.0998923663931421
146.544020551,0.198409735933278,-0.022618868333546,-0.0498895139533625
146.554004066,0.19818484737594,-0.0221812768003786,0.0499424039943227
146.563985475,0.197966888427735,-0.0211828697591258,0
146.57399111,0.197761464426018,-0.0193460218492994,-0.0499886095196815
146.583931945,0.197581003583299,-0.0158280453119192,-0.0498725596629684
146.593983994,0.19744501615215,-0.0103024938462261,-0.0497401986664427
146.603978031,0.197374478905643,-0.00306345927465414,-0.0500169574781726
146.613919159,0.197383945586039,0.00495558450109275,0
146.623991843,0.197473659042198,0.012135371969161,0.0996851921876337
146.633924062,0.197626712525151,0.0172073294454549,0.100072748985801
146.643919272,0.197816556878002,0.019598255489027,-0.0498720757316642
146.65391714,0.198018541975807,0.0197488663091324,-0.0498674339604496
146.663914211,0.198211434255172,0.0175496195132047,0.0498716890922347
146.673910373,0.198369415607796,0.0124117151820944,0.0997377470465479
146.683908274,0.198459594870461,0.00400495495219498,-7.44654819393613e-07
146.693921203,0.198449558080502,-0.00722448896763605,0
146.703918721,0.198315029616872,-0.0202698116220191,0.049870442414481
146.713914637,0.198044294939645,-0.0335879240837378,-0.0498937554413106
146.723902813,0.197643805451894,-0.0452225072542661,-0.0998577767747758
146.733884667,0.197141200113101,-0.0532310782834961,-0.149535111464959
146.743906537,0.196578985653689,-0.0569926217932262,-0.0498970054191988
146.753867756,0.196002311479464,-0.0562742482284156,0.0498429250701281
146.763911009,0.195453249030682,-0.0512891560423413,-0.149287422571299
146.773904669,0.194974635122001,-0.0422651892691566,-0.14958174984943
146.783908496,0.194608051457719,-0.0296046457282881,0.0498445146372642
146.793908802,0.194382419851434,-0.0148579764146569,0.0498571184051088
146.803907572,0.194310905658196,0.000788061771396684,-0.0498381117630756
146.813915505,0.19439818636924,0.0166411468172759,0
146.823877764,0.194643232555237,0.0319493459858289,0.0499343979530101
146.83388363,0.195036154903553,0.0456176662382033,0.0497725474926981
146.843910522,0.195557080223511,0.0570669473686697,0.099612004350958
146.853902932,0.196178595357145,0.0657029741602287,0.0499156908685613
146.863885832,0.196869517500284,0.0709592224368542,0.0997007942350741
146.873904555,0.197597894972699,0.0731719739947068,0.149335680929902
146.88391627,0.198335184188722,0.0731650268641199,0
146.893918754,0.199062234380198,0.0717260695864744,-0.0499455952514694
146.90387962,0.199767076820002,0.0687052253576997,0.149859237362642
146.913879312,0.200433629015854,0.0635930426329143,0.149577558321513
146.923877767,0.201038819834752,0.0563595364431479,0
146.933885029,0.201561141952187,0.0473911863122216,0.0997199218050752
146.943875404,0.201986531575624,0.037429574954514,0.0497930958127548
146.95390952,0.202310650138997,0.0276950413062088,-0.0498500345879044
146.963877023,0.20254047724002,0.0189969794642546,0
146.973879424,0.202690017995188,0.0115437386377237,-0.0498565478186813
146.983876029,0.202771340538298,0.00493446204060221,0.099766819546447
146.99386781,0.202788649927158,-0.00134455218623729,0.149463180756207
147.00388938,0.202744431543457,-0.00674207465800727,-0.149283727155215
147.013905219,0.202653556219727,-0.0100394937746163,-0.0999168725938298
147.023847897,0.202544058136285,-0.0104918608561053,0.0499828379206187
147.033853396,0.20244426272231,-0.0084192806323833,-0.0498258286684843
147.043859233,0.202375577082672,-0.00462228399829404,0
147.053870453,0.202351738200046,0.000161323462299794,0.0498729343856155
147.063851668,0.202378802331506,0.00532824558373379,0
147.073855046,0.202458221019441,0.0105631180471773,0
147.083865159,0.202590207199475,0.0157438442506846,0
147.09387241,0.202773371280566,0.0205976554437344,0
147.103854681,0.203001944486116,0.0245206907538218,0.0499057962723967
147.113851979,0.20326328411341,0.0267626636030768,7.45156447886825e-07
147.12385204,0.203537127077983,0.0266780365866737,0.0997047422223886
147.13385281,0.203796867014592,0.0239326296138626,0.0996826136016237
147.143857311,0.204015905819151,0.0190046761813152,-0.0498568644254891
147.153851689,0.204176939233976,0.0129135942955199,0
147.163851078,0.204274097214628,0.00655664292908866,0
147.173883766,0.204308282409993,0.000483462206863635,0
147.183895419,0.204283787895963,-0.00503877205651155,0
147.193879433,0.204207528801862,-0.00980168669759762,-0.0499606040873775
147.20385307,0.204088169253641,-0.0137059579589516,0
147.213859003,0.203933689655404,-0.0167837863260533,0.0997133720563
147.22385217,0.203752508632528,-0.0186455306951621,-0.0996650223782096
147.233867805,0.20356061492354,-0.0184547085944737,-0.0994877783414206
147.243896619,0.203382594167296,-0.0158718765373706,0
147.253926379,0.203242247713496,-0.011341707655748,0
147.263914057,0.203155562237483,-0.0055405119526422,0.0501953557009061
147.273790396,0.20313219088988,0.00127850029270445,0
147.283918832,0.203181138348176,0.00902370961434085,-0.0495436763388064
147.293915697,0.203313795762005,0.0180162152275482,0.0498541868435237
147.303919084,0.203541467192813,0.0280084076343171,0.0498719989317684
147.313908507,0.203873762534241,0.0389795831164319,0
147.323898864,0.204320270687971,0.050760656549034,0.0498035696232751
147.333929086,0.204890020268773,0.0633763163944598,0.0498252261247746
147.343910442,0.205588530786852,0.0763717803154175,0.0499366351808374
147.353896018,0.206414930413049,0.088493242181907,0.0498726549931165
147.363902989,0.207357736090355,0.0987506462701972,0.149508157680177
147.373903448,0.208390677055754,0.105858232575448,0.199367120691951
147.38390807,0.209475438607543,0.109065934979151,0.0997146811794085
147.393902136,0.210571852660832,0.108466052338389,0.0498636333897845
147.403904533,0.211644376009885,0.104399882570461,0.149526059347485
147.413907071,0.212660365525662,0.0972447589431652,0.0997308685612966
147.423899975,0.213588827947138,0.0870731494415912,0.049859474374144
147.433905202,0.214401665774777,0.0741479652459151,0.099641522303389
147.443913496,0.215072789806693,0.0595566898982506,0.100933589749577
147.453662379,0.215578337838631,0.041496914256882,0.0997359632685051
147.463908066,0.215902502763586,0.0230923407815337,0
147.473890793,0.216045459268189,0.00609773749173203,-0.0997437284585808
147.48390093,0.216024413999966,-0.00900336160971714,0
147.493920064,0.215865128498597,-0.0215094066256397,-7.44985910802944e-07
147.503902868,0.215594184182223,-0.0314495876028407,-0.0998130933641603
147.513899034,0.215236798131368,-0.0390160993691759,-0.0498029298097416
147.523923405,0.214813060921207,-0.0450667143877226,0.0498140045443499
147.53391512,0.214334738900446,-0.0501077008321264,0
147.543912059,0.213811475426538,-0.0538313171453701,-0.0999588470452226
147.553865107,0.213260804823202,-0.0551496343197584,-0.149563904633525
147.563911932,0.212708489744147,-0.0540398661396268,-0.0994763947135084
147.5739117,0.212177489620927,-0.0515114715627201,0.0498565478186104
147.583910938,0.211678311515295,-0.0483196642012509,-0.0498448634792138
147.593915693,0.211210903396482,-0.0453650506606616,-0.0498676638733719
147.603905486,0.210771257832338,-0.0428208918939683,0
147.613909524,0.210354749720685,-0.0406443403831078,-0.0498868748063578
147.623892633,0.209958893426383,-0.0384535704859697,-0.049848212783202
147.633911874,0.209585587945075,-0.0359571119580434,-0.0995937365712017
147.643915607,0.209238925108532,-0.0332274051790737,0
147.653947327,0.208919861830298,-0.0306818252224655,0.0498821336365758
147.663904355,0.20862563383598,-0.0281560079444529,0
147.67390794,0.208357850652094,-0.0247801265837825,-0.0997064271910308
147.683904848,0.208130019087702,-0.0196320221414748,-0.0498471860517593
147.693910702,0.207965155985619,-0.012135550046423,-0.0498292750113366
147.703915099,0.20788718368525,-0.00257810231448987,0
147.713900559,0.207913620089021,0.00829459281753693,0.0498508992181292
147.72391667,0.208053088572406,0.0195954626449043,-0.0497968340624726
147.733923846,0.208305985661458,0.0305626446658097,0.0997372382355844
147.743910835,0.208664163132691,0.0403512394825166,0.0499015028523273
147.753905134,0.209112255398715,0.0483360563627609,0
147.76390931,0.20963081054746,0.0541510114354701,0.049869372854325
147.773898698,0.210194927111515,0.0570399726230988,0.0997228981441717
147.783906649,0.210771458216554,0.0562790898537772,0.0995839749530008
147.793923934,0.211321929167701,0.0519218757603855,0.0996481666472285
147.803918686,0.211810520715381,0.0445740067988007,0.0499007521017803
147.813905224,0.21221257532401,0.035378702293272,-0.0498815996030586
147.823907648,0.21251770425113,0.0256502889834627,0.0498767089863966
147.833896146,0.212725348250356,0.0160252201623853,-0.0498351450518413
147.843915243,0.212838330365925,0.00658477466464493,0
147.853907227,0.212857116709537,-0.00311344078824166,0.0498881984647491
147.863901561,0.212776104148257,-0.013557373258548,0
147.873910997,0.212585918133069,-0.024741728158189,0.0497763466717326
147.88393279,0.212280496925665,-0.0360371880108208,-0.0498511212543657
147.89391218,0.211865131740859,-0.0461356355804926,-0.149746671606646
147.903908253,0.211358916244145,-0.0539522254217773,-0.0997189166774671
147.913910168,0.210786195784301,-0.0596648026276653,0
147.923903084,0.210165928598957,-0.0637783285416312,-0.0498465678915845
147.933913477,0.209510418170979,-0.0666242227161556,-0.0497409281770491
147.943948876,0.208830393288226,-0.0685931702700868,-0.0996833934939735
147.953918442,0.208138214200487,-0.0692847355383607,-0.0499588755043729
147.963906621,0.207447626203959,-0.0682983534434381,-0.0499099355390544
147.973896354,0.206773755705649,-0.0657351953439209,-0.149579136527728
147.983904557,0.206133057974525,-0.0617253065713049,-0.0498409618396068
147.993901315,0.205538943354978,-0.0567375865211359,0
148.003909036,0.204998052116451,-0.0512482919159336,-0.0498327391027818
148.013910175,0.204513523456792,-0.0454912379263976,-0.0997380932551042
148.023903179,0.204088493800104,-0.0395859342166045,-0.0997099618220755
148.033909959,0.203721813323022,-0.0343639786207665,0.0498560713792555
148.043902675,0.203401231547134,-0.0307072710501647,0.0996537166569662
148.053921031,0.203107327911114,-0.0291281477937276,-0.101170844120325
148.063613667,0.202827086858997,-0.0275098680451545,-0.149694843544354
148.07390341,0.202557615301595,-0.0263250079336938,-0.0492056550479405
148.08387722,0.202293648665507,-0.0270663266687514,0.0498433386774425
148.093907716,0.202016172220618,-0.0298612902746232,0.0497828804292123
148.10390582,0.201695568827113,-0.0356423624163113,-0.0498363979614462
148.113914808,0.201303072196657,-0.0438743476863386,-0.0498417265688416
148.123911072,0.200817851445312,-0.0537545968508494,-7.45725436958396e-07
148.133896909,0.20022894241317,-0.0640077415777196,-0.0997097801223143
148.143910743,0.199537717672305,-0.0735179651748483,-0.149416297359394
148.15391644,0.198757147230295,-0.0816403485428437,-0.0498626862203583
148.163907287,0.197905192850492,-0.0877381481208357,-7.45181526556392e-07
148.173913126,0.1970026750321,-0.0912102147300762,-0.0996844098568639
148.183912347,0.196080527032205,-0.0909969464628707,-0.199561906795157
148.193898606,0.195184057378505,-0.0858196924829946,-0.14957714977404
148.203910449,0.19436429606832,-0.0758984410905589,-0.0498119866601258
148.213915802,0.193664783407101,-0.062372596032429,0
148.223902189,0.193117359345315,-0.0458845955814851,-0.0498705621430761
148.233909188,0.192747394976186,-0.0269901501665223,-0.0996412457460224
148.243915616,0.192577193945238,-0.00628365564925441,-7.45043447126896e-07
148.25390958,0.192621719400008,0.0153581962194692,0.0498907304653275
148.263900621,0.192884127573475,0.0376722986327107,0
148.273403776,0.193356110573325,0.0566609165405845,0.0498389637238734
148.283906982,0.194017706324376,0.0721449828624374,0.0972544890634185
148.293908666,0.19483543551097,0.0872602205499878,0.149428663362794
148.303924956,0.195764479150581,0.096082705516643,0.149577740662318
148.313906689,0.196756899665794,0.100344417441465,0.0498844164189302
148.323913088,0.197770176611865,0.100590794732319,0.0996904298914844
148.333910242,0.198769072959535,0.097718029897248,0.149577486355592
148.343911145,0.199724347343676,0.0923527112447986,0.0997348080647905
148.353905193,0.200615660895592,0.0854791276904327,0
148.363911902,0.201433994605186,0.0793444959316011,0.0506999839707436
148.373571499,0.202176074031999,0.0701932289208907,0.149586230520268
148.38390879,0.202837640742274,0.0609802511316972,0.0980546442727645
148.393908911,0.203416254523128,0.0540480087889625,0
148.403905351,0.203918415046951,0.0470517590528455,0
148.413947762,0.204359117712075,0.0418085185919427,0.0498283910104973
148.423915957,0.204755028839938,0.0380600781491232,0
148.433911601,0.205118942984572,0.0351058363794835,0.0498966492537846
148.44389889,0.205456546416219,0.0323392665770611,0.0498909368560286
148.453896822,0.205765250374092,0.0289697203082814,0.0498228285435628
148.463911431,0.206036304131647,0.0248837290945998,0.100253718801955
148.473788131,0.206260220318585,0.0198986684848185,0
148.483913681,0.206434322273347,0.0151647207260238,-0.0494585923313782
148.493948355,0.206565944485319,0.0116496402324434,0
148.503917108,0.206667355001313,0.00910040425611033,-0.0499590238655341
148.513906339,0.206747570207856,0.0069420673042626,0.0498675312267111
148.523912008,0.206806160942855,0.00433164075317868,0.0997163437369606
148.533904843,0.206834196542785,0.000874737714736421,0
148.543898434,0.20682364382346,-0.00296794316059037,-0.0497953792415259
148.553928715,0.206774766828834,-0.00649219287669713,-0.0498207824297797
148.563912096,0.206693711269587,-0.00952970487977759,-0.0498736353753747
148.573920869,0.206584247501303,-0.0126768422619827,0
148.583908564,0.206440219198954,-0.017018803223296,0.0498684569980932
148.593915099,0.206243969635332,-0.0233278594241734,0.0498405282188937
148.603914297,0.205973528271853,-0.0314674393332437,0
148.613906188,0.205614901255019,-0.0401647095469807,-0.0997511994132179
148.623905813,0.205170574838309,-0.0478499838691605,-0.0997025565531462
148.633907308,0.204657847985653,-0.0535333374141139,-0.0996797485639263
148.643911659,0.204099595134136,-0.0571334801276937,-0.0498513353830448
148.653908704,0.203515098624761,-0.0591274082028418,0
148.663909854,0.202917153695051,-0.0598611732659604,0
148.67391155,0.202317704794542,-0.0590802324918476,-0.0997809500555668
148.68389526,0.201736411262126,-0.05582722066713,-0.149575706231655
148.693909845,0.201201255566611,-0.0498883330295042,-0.0996588239441178
148.703905456,0.200738135940093,-0.0420933077174781,0
148.713907094,0.200359505210951,-0.0337399226595776,0.0498660772597922
148.723900939,0.200063489890132,-0.0257982753674914,0
148.733918884,0.199843235541935,-0.0183031148156348,0
148.743913727,0.199697193533587,-0.0104764561125797,-0.049876027280627
148.753910378,0.199633795532419,-0.00140104218632435,-0.0498697983871575
148.763907718,0.199669181108723,0.00927522019421136,-0.0498965144182112
148.773893365,0.199819142136982,0.0209890186099038,0
148.783908684,0.200088981756313,0.0323964160735821,0.0996196406992381
148.793911282,0.200467650905041,0.0421208971462774,0.0997114796605317
148.803908313,0.200931384072385,0.0493420570245603,0.0997188319079783
148.813909287,0.201454393608128,0.0543074632893204,0
148.823912973,0.202017786410951,0.0577344133871128,-7.44951968817941e-07
148.833912135,0.202609246303479,0.0599046817806009,0.049881515428588
148.84390167,0.203215202943945,0.0602905803184479,0.0997097646206244
148.853912108,0.203815056282003,0.0584234850463036,0.149471356556656
148.863914026,0.204384394525452,0.0544661496767729,0
148.873898781,0.204903653405162,0.0488962632674306,0.0498653943793075
148.883909484,0.205362097703972,0.0426663917158321,0.0996479525331381
148.893910861,0.20575749664949,0.0367703971795345,-0.0498886777238866
148.90389561,0.206096995495073,0.031808790519458,0
148.913919571,0.206393949514445,0.0281746529876436,0.0498439665761818
148.923899664,0.206660602774869,0.025531935694502,0
148.933908843,0.206904314321729,0.0233123810022639,0.049826777478571
148.943910918,0.20712711275245,0.0211515310025912,0.0498824773341117
148.953897752,0.20732711035015,0.0187493886919764,0
148.963890564,0.207501718901232,0.0161242417922613,0.0497865800090169
148.973925163,0.207650037167587,0.0136261668861376,0
148.983905041,0.207774439504973,0.0118655828748975,-0.0514368372343239
148.993310031,0.20788004992536,0.00984182156981268,0.049991185962453
149.003850483,0.207970738986268,0.00809315821069771,0
149.013919958,0.208046849325282,0.00673827068936742,0
149.023910676,0.208105909996783,0.00498911669269544,0.051369810900858
149.033330119,0.208143688883535,0.00255260640166975,0
149.0439029,0.208156942275749,7.76231273513239e-05,-0.0484572945180497
149.053906924,0.20814528611949,-0.0024309100954701,0
149.063919444,0.208108283856863,-0.005104760359201,0.0497917636958232
149.07393225,0.208043061629145,-0.00809698129473403,-0.0498840645274972
149.083907717,0.207946439184268,-0.0113559347010615,0
149.093897031,0.207816342879788,-0.0147651923784585,0
149.103900958,0.207651235134634,-0.0182225200558971,0
149.113915051,0.207451564108859,-0.0213922781521927,0
149.123907445,0.207223250799882,-0.0236198380375764,-0.0997193327035087
149.133913105,0.206979213312312,-0.024419370048362,-0.04985171921447
149.143908687,0.206734833070057,-0.0239245325780172,0
149.153897684,0.206501091600969,-0.0225874513037344,0
149.163910949,0.206283032951167,-0.0216527499770247,0
149.173191116,0.206083335741674,-0.0188566271467509,0
149.183858123,0.205906896528418,-0.0154706793740429,-0.0482572052465644
149.19385293,0.205763683441994,-0.0119891397056577,-0.0498492370646757
149.203860062,0.205667090487363,-0.00673387496038794,0
149.213866133,0.205628917035435,-0.000554109121147947,0
149.223849597,0.205656014103692,0.00610900138488315,0.0498858472329041
149.233853393,0.205751019234455,0.0129731397796162,0
149.243867516,0.205915709364976,0.020095575356808,0
149.253853188,0.206152926621998,0.0274516950048577,0
149.2638544,0.206464383208642,0.0353572074223043,0
149.273444662,0.206845626431925,0.0408872378641499,0.0997080573776311
149.283854566,0.207282134753206,0.0444053891527006,0.0977053800112927
149.293854926,0.207751952147554,0.0475796357720036,0.0498498574379088
149.303856555,0.208233822104542,0.0479361671574996,-0.0498558320652125
149.313854518,0.208710655932748,0.0464898032605135,0.0498609311752281
149.323853504,0.209163476329362,0.0431395988557646,0.150723374160397
149.333700538,0.209566805274431,0.0369752525595217,0.100592616914865
149.343677947,0.209896490116139,0.0285693794876058,0
149.353851869,0.210142516296951,0.0206155982937916,-0.0493897536771998
149.36386627,0.210312684473332,0.0141773932475318,0
149.37384783,0.21042600689941,0.00962077661751841,0
149.383851056,0.210504953635187,0.00726808054320123,0
149.393865968,0.210571500338719,0.00707907047233161,0.0498515846235575
149.403852352,0.210646544219109,0.00904113612703359,0
149.413855627,0.210752229566871,0.0133007114677464,-0.0498166156253886
149.423867688,0.210912762428175,0.0198559308045515,0
149.433852374,0.211149283591619,0.0279991441076298,0
149.443851643,0.21147229606406,0.0376541721887462,0.0516244655480947
149.453166788,0.2118765518621,0.0450554428161354,0.103444246345537
149.463129445,0.212340865969692,0.0462979782558634,0.0963999071623882
149.473853144,0.212834288322381,0.0475446427991762,0.0962060421992174
149.483857641,0.213326380644383,0.0499674226927009,0
149.493090998,0.2137955543049,0.0451077651328137,-0.0498779733492343
149.503848355,0.214228117076333,0.0392156602707582,0.096041908833301
149.513854618,0.214609813372811,0.0360902672673143,0.103509940771011
149.523113922,0.214923416538419,0.0272111215951326,-0.0498556902581894
149.533853968,0.215154018117484,0.0182831015161259,0
149.543117444,0.215289142961825,0.00806332048300624,0.0996848784299032
149.553858635,0.215315322158661,-0.00336069904903062,0
149.563105999,0.215221967444045,-0.0160533895592418,-0.103561664244946
149.573114436,0.215006201283933,-0.026684298839093,-0.0480524351903592
149.583855861,0.214668271925567,-0.0401485701387174,0.0499998118999154
149.593056139,0.214205570422352,-0.0525638094834338,0
149.603852562,0.213617169143906,-0.0645550336218114,-0.149311939136253
149.613089762,0.212912299216021,-0.0753727065240949,-0.0996958148330199
149.623855184,0.212109517386186,-0.0842498746088441,-0.0499438214925695
149.633053821,0.211230329748586,-0.0906221260685377,-0.0997317783842317
149.643850593,0.210297490910997,-0.0947733366741703,-0.14956633510192
149.653053369,0.209334905852652,-0.10044853567358,-0.103567478411984
149.663105313,0.208363382482193,-0.0967041649439052,-0.0497576582028051
149.673092421,0.207397046062723,-0.0960191274322419,-0.0998284208417808
149.683081514,0.20644528509276,-0.0942052270220439,-0.149697705292053
149.693074418,0.205514637498984,-0.0920757765569897,-0.0997816889793913
149.703066772,0.204605126942719,-0.0903669217575549,0
149.713071757,0.203707539530213,-0.0898402225902309,-0.0997061004165561
149.72306748,0.202808258884037,-0.0906362120991942,-0.0997315360443995
149.733067364,0.201895213453109,-0.0926554169613447,-0.0499811391582728
149.743016335,0.200959889406111,-0.0948351803548901,-0.0997653303719847
149.753055899,0.199999597131353,-0.0969886302967675,-0.149463763276019
149.763029608,0.199018829470084,-0.0989728776442054,-0.0999940930042195
149.772998705,0.198025800233234,-0.0996681494911653,-0.0499527949158359
149.782990379,0.197029376362097,-0.0993320860954212,-0.0998290105346613
149.792974788,0.196041534236827,-0.0975334610072717,-0.149651002069774
149.802978612,0.195079854818188,-0.0939574582920684,-0.099820817635398
149.812952212,0.194164506254565,-0.0883544806152774,-0.0997413926589659
149.822972243,0.193313327935569,-0.0814141539927585,-0.099855093920546
149.832923077,0.192538595176086,-0.0735726729088996,-0.0499635770173919
149.84292811,0.191845121460165,-0.0653391209474293,-0.0498145794403555
149.852938932,0.191230776805375,-0.0576954355204124,0
149.86293816,0.19069063291063,-0.0504304552001784,-0.0997022198610694
149.872940269,0.190222100275853,-0.0432626070760115,-0.0996094946007434
149.882958116,0.189824517420523,-0.0363603763445259,7.43380166603335e-07
149.892985411,0.189493251368853,-0.0303272083111155,0
149.902970045,0.189217611481033,-0.0254601289559541,-0.0498507224722117
149.912986754,0.188984014596781,-0.0219026171272312,0.0498271259298371
149.92298086,0.188779322261684,-0.0194089776058934,0
149.932982379,0.18859591995894,-0.0171843311767454,-0.0998515278545223
149.942952289,0.188436126611675,-0.0143470219213471,0
149.952948957,0.18830945902668,-0.0104715976555971,-0.0498517792589854
149.962953208,0.188226685035165,-0.00568326405510266,-7.45090796717996e-07
149.972948078,0.188195798741167,-0.00034735000447591,0
149.982968652,0.188219732670602,0.00499464422272191,0
149.99294214,0.188295661967424,0.00988359767146945,0.0998296825349267
150.002944302,0.188417163958428,0.0143116780336784,0.0498522702812638
150.012942862,0.188581905861129,0.0190864888077539,-0.0998568017099035
150.022914527,0.188798325434379,0.0249852781090918,0
150.032907973,0.189080739711943,0.0320168981112121,0.0498010741352167
150.04293581,0.189439344812245,0.0396783914265569,0
150.05293685,0.189875453333384,0.0471684181641717,0.149707966042043
150.062916537,0.190381804098606,0.0537765672522657,0.0998724520711555
150.072904244,0.190949231239677,0.0597916072756245,0.0498747779559934
150.082908233,0.191577139734612,0.0663883584489556,0
150.09290919,0.192277326765477,0.0746449222843681,-0.0499943490923714
150.102852115,0.193065849256549,0.0836518545264547,0.0998464721913584
150.112881481,0.193948045946768,0.0922515673944765,0.1994008534414
150.122853737,0.194911030236483,0.099247399298502,0.0998489230689899
150.132853431,0.195930210043189,0.103277616697712,0.0996319889853796
150.142869173,0.196978176763728,0.104899633096357,0.149543065675
150.152856091,0.198028481738139,0.103989379381801,0.0498665286538715
150.162864475,0.199057475809258,0.100574681986546,0.0995377397647027
150.172890479,0.200043433940034,0.0953624907406867,0.0997736013562624
150.182851353,0.200963474277468,0.0875110384619483,0.0499183897934431
150.192864709,0.201791399549812,0.0766761738431019,0.199250449344027
150.202868148,0.20249828553067,0.0634783632176257,0.0997598422817995
150.212854493,0.203060318319207,0.0485260492863799,-0.0499055689698456
150.222847808,0.203467819496556,0.0330779179401382,0
150.232879014,0.203722687781635,0.0180889901238805,0.049832574728212
150.242856734,0.203829760761359,0.00356323593000143,0
150.25289501,0.203794009497757,-0.0103825642555899,0
150.262850386,0.203622175384765,-0.023497053176055,0
150.272865028,0.203324772922884,-0.0351949547793898,-0.0498561162508415
150.282849864,0.202918294660943,-0.0448419642706552,0
150.292877539,0.202427372619657,-0.0516637739119894,-0.149590090545224
150.302846236,0.201885206618876,-0.0551056241861435,-0.149726268830275
150.312855724,0.201326462265125,-0.0554437454230017,0.0498376060950293
150.322852843,0.20077596539359,-0.0538734026157451,0
150.332866851,0.200248394763459,-0.050940665090975,-0.0997063003151506
150.342853212,0.199757133294665,-0.046505151701932,-0.0498057986295608
150.352886534,0.19931737636852,-0.0406591203431957,-0.0498069301791261
150.362872141,0.198943181251312,-0.0336863022336613,-0.0499353687009121
150.372853674,0.198644757255738,-0.0258411233369127,0
150.382845547,0.198427046003408,-0.0176883955615728,0
150.392869536,0.198290708771176,-0.00957829010494145,0
150.402853303,0.198235405912091,-0.00140254759926881,0
150.412850998,0.198262683819618,0.00701507737699045,-0.0498183330409826
150.422867949,0.198375810202454,0.0156256641519282,0
150.432851743,0.198575208743776,0.0239004103339665,0.0498957544727715
150.442851539,0.1988534262034,0.0308985650486034,0
150.452866309,0.199193630113247,0.0358526356576116,0.0997062404925759
150.46285192,0.199570492576406,0.0380920000469456,0.0997533680734188
150.472857241,0.19995512469593,0.0375963350863376,0
150.482873409,0.200323227185778,0.0350976399994859,0
150.492876583,0.200657756354472,0.0311380205215983,0.049911323227087
150.502850467,0.200945273227743,0.0258391872133943,0.0498789296066923
150.512866615,0.201174282533722,0.0195905822210863,0
150.522855388,0.20133718127742,0.0128994411613776,0.0498899957341143
150.532852213,0.201432085579198,0.00643678856870055,0.0498238243956119
150.542867529,0.201465995197844,0.00142659405925083,0
150.552854036,0.201460620061064,-0.00066268483391737,-0.149675548334003
150.562852484,0.201452751471259,0.00100943099734687,-0.0997152645521831
150.572852607,0.201480807238534,0.00573537686948284,0.099710023866987
150.582852405,0.201567458555554,0.0117654829089226,0.049845441570897
150.592856368,0.201716161146694,0.0176037720470402,0.0498122077688404
150.602869213,0.201919829880695,0.0226725852415716,0.0498521406704003
150.612857142,0.202169630400106,0.0270276091311112,0
150.622854737,0.202459990811648,0.0309190257630123,0
150.632877792,0.202788649393248,0.0345947963237798,0
150.642853839,0.203151855671996,0.0375545375451875,0.0499180624082804
150.652852153,0.203538777283364,0.0389810704475104,0.149493208845978
150.66286317,0.203931840813315,0.0388610314185569,0.0498631471381444
150.672848811,0.204315868038168,0.0377067002246739,-0.0498696616979282
150.682856917,0.204685739037812,0.0363474641139489,0.0498006935648191
150.692870247,0.205043596464688,0.0355095754114303,0
150.702755197,0.205392318512029,0.0344361247680627,0.0498862964957547
150.712857327,0.205731874045317,0.0331215614288192,0.0495706201848836
150.722869559,0.206058537588614,0.0317171947102223,0
150.732839584,0.206365655181336,0.0293249795751056,0.0997638797932369
150.742858534,0.206644713872216,0.0261510485208036,0.049778290839733
150.75287033,0.20688948019189,0.0228070730485083,-0.0498709283031982
150.762852072,0.20710070795388,0.0197871632450985,0.049894633418502
150.772854369,0.207284907633879,0.017662886444311,0.0500701793652224
150.782766047,0.20745244623296,0.0166966406786848,-0.0498587787791648
150.792852779,0.207618813899794,0.0174815620878008,0.0496453266214851
150.802850441,0.207803552813667,0.0203471201072365,-0.0497599575990709
150.812890905,0.20802653205624,0.0250121923160888,0.0498507000408555
150.822851793,0.208303830476473,0.0310071942716604,0.0499505977749885
150.832852554,0.208645486784766,0.037516113038685,-0.0498110556111252
150.842869064,0.209054800678035,0.0439647015873154,0.0996810639694449
150.852858136,0.209525026227477,0.049560938784771,0.100450458741547
150.862721266,0.210038694446099,0.052340256814522,0
150.872868059,0.210572350736136,0.052607145387755,0.049527020421593
150.882853636,0.211097800961689,0.050434999102385,0.0997782907335052
150.892854147,0.211580349066476,0.0440677283860449,0
150.902870823,0.211979912921458,0.03364385034485,0.0997261703880296
150.912850531,0.21225310441721,0.0189411809554777,0.0997922048497208
150.922853975,0.212358417419551,0.00067931153914944,0
150.932870657,0.212266704319817,-0.0195031031307668,-0.0498703401467273
150.94284745,0.211968482614684,-0.0397715328032745,-0.0998019037850187
150.952851867,0.211472020970853,-0.0585334256461921,-0.0497930460805687
150.962871961,0.210796379388964,-0.0752352188945292,-0.0498512780580464
150.972853286,0.209967209834186,-0.0891001674154976,-0.149722634091906
150.982850631,0.209016276547225,-0.0992998495679004,-0.099591498333615
150.99287671,0.207978886843153,-0.10623523390017,-0.0498466476330341
151.002853908,0.20689122373636,-0.109296666929765,-0.0997323540293697
151.012872153,0.205793451569469,-0.108832892766578,-0.20107678407749
151.022688895,0.204732524723163,-0.102040025914343,-0.199607130682139
151.032853105,0.203754594709596,-0.0912789685226321,-0.0494324555911686
151.042859477,0.2028913748037,-0.0798914903520169,0
151.052869617,0.202155445734266,-0.0672054197498292,-0.0498751746283894
151.062851014,0.201547835168172,-0.0544746091162842,-0.0499011367003034
151.072850753,0.201066981160966,-0.0417723917536995,-0.0498539774594053
151.08285135,0.200712373297574,-0.0291341513089857,-0.0498450478691812
151.092854672,0.200484183958048,-0.0167220671190567,0
151.102635566,0.200381540309724,-0.00417187134408897,-0.0498686360986838
151.112849129,0.200400769655849,0.0074598423350269,0
151.122850055,0.200532337210547,0.0179187035194606,0.0996877784515874
151.132853513,0.200759222281834,0.0264724699491229,0.0498137062451693
151.14286656,0.201062223537646,0.0334034796237879,0
151.152851522,0.201427225367982,0.0391214767359229,-0.0498830063873047
151.162855257,0.201844210882313,0.0434716026176745,0.0497575763858993
151.172890008,0.202298330468434,0.0466020062987419,0.151358589966682
151.182617988,0.202765193796856,0.0460285121712259,0.0499395374314794
151.192856078,0.203217338964441,0.0427824263203792,0
151.202873708,0.203631782645322,0.0386385105109068,0.0498666034713384
151.21285135,0.203989926491781,0.0322224707547747,0.0499054166034178
151.222853429,0.204275578620933,0.024254399740682,0
151.232869648,0.204475458293601,0.0152164671325803,0.0498578416939013
151.242851916,0.20457988494107,0.00542751655383584,0
151.25285426,0.204583925106053,-0.00459228440355109,0
151.262601346,0.204489189941702,-0.0139228012120912,0
151.272884312,0.204305050673789,-0.0216653283547686,-0.0490995957401019
151.28290867,0.204049225099235,-0.0279102270974424,-0.0497983113523053
151.292907005,0.203746212765057,-0.0312967560426893,-0.0498492917047417
151.302910886,0.20342322062477,-0.0319584827470568,0
151.31290654,0.20310705797081,-0.0299583669562792,-0.0498582053642578
151.322909526,0.202824094029024,-0.0253467603469336,-0.0498501938933115
151.332908394,0.202600075770978,-0.0186614737439265,-0.0506341060741705
151.342601419,0.202456614284836,-0.00974631763754815,-0.0498543067561061
151.352908299,0.202405150344127,-0.000656666716478588,0.0981896891740889
151.36291086,0.202443277750901,0.00773651670368809,0.0498765068948228
151.372899302,0.20255981107276,0.014977617260422,-0.0497728788930375
151.382943784,0.20274332321918,0.0211175061459946,0
151.39291239,0.2029824375816,0.0259110352361598,0.0499313797839701
151.402913116,0.203260749284275,0.0286790490725635,0.049865508664566
151.412908101,0.20355589555861,0.0295515231000235,0.0505951048724686
151.422620483,0.203843131995416,0.0272554979044465,0.0996707907781983
151.432915745,0.204101213857725,0.0234956273545488,0
151.442904836,0.204319725594632,0.0200322974416915,-0.0498813625357029
151.452904802,0.204501640593128,0.0168745103666813,0
151.462912821,0.204657350544931,0.0147467248436218,0
151.472916964,0.204796754439668,0.0134257567256455,0.049854974816034
151.482912458,0.204925860805894,0.0126214253724238,0.0498807910879921
151.49290625,0.205049047721165,0.0125478908897477,-0.0506498371369178
151.502598235,0.20517287578777,0.0127829966471137,0
151.512908111,0.205304731443264,0.0135825831806923,0.0490799539209453
151.522913686,0.205448812090831,0.0150548326848704,0
151.532914814,0.205605929009505,0.0162800784194344,0
151.542913183,0.20577440547034,0.0171787757536949,0.0498681502204475
151.552909167,0.205949407516032,0.0174552494720597,0
151.562906043,0.2061233858293,0.0168499889555827,0
151.572909227,0.206286408306143,0.0152701942735212,0
151.582586065,0.206423903588547,0.0114802850026877,0.0997142617399532
151.592908298,0.206516003341012,0.00597680544101858,0.0981096679341985
151.602912071,0.206545388171802,-0.000430928265505437,-0.14956076856953
151.61290869,0.206507384606778,-0.00693207840074969,-0.0498585992739205
151.622910553,0.206406757126682,-0.0131030057791213,0
151.632911939,0.20624528191953,-0.0194823178293468,0.0498747424596186
151.642902562,0.206017266453297,-0.0264122378566723,0.0498485392527921
151.652914158,0.205716978553641,-0.0340423676065674,-0.101555793854771
151.662538839,0.205348801093238,-0.0394076827476983,-0.0499020382824451
151.672894933,0.204929582511387,-0.0424192965384038,0
151.6828857,0.204485701562853,-0.0439595888202763,-0.149686285544289
151.692878554,0.204051110749087,-0.0412656989240138,-0.099728436714564
151.702881779,0.203660549387179,-0.0355487665442333,0.0498394320655821
151.712884727,0.203339915975667,-0.0277027842426119,0
151.722887091,0.203106346545137,-0.0181888575340405,0
151.732885077,0.202976132458886,-0.00703683036356034,-0.101555433226754
151.742523291,0.202968169936752,0.00605754644701394,-0.049851963702738
151.752885922,0.203097288506453,0.0194931949533325,0.0979486828096073
151.762882552,0.203365036980531,0.0330778087046913,0.0497993006773232
151.772907918,0.203759572260027,0.0447331615595473,0
151.782904132,0.204260665553348,0.0539900828956401,0.0498499172518646
151.792909883,0.204839480008453,0.0597582727120916,0.099679290173212
151.80291007,0.205456185852213,0.061166138883938,0.0997215873524721
151.812907186,0.206062637821055,0.0587727008508882,0.101613197567391
151.822535254,0.206609610920589,0.0495778292835695,0.0498512930123554
151.832908599,0.2070542644602,0.0370763764174831,0.0489501621642667
151.842904876,0.207364842693343,0.0234627856673903,0.0498603195855376
151.852906391,0.207523468367717,0.00813841407828718,-0.0498363805291178
151.862912274,0.207527671182896,-0.00681840130822197,-0.049839765888918
151.87291243,0.207387059165227,-0.0205534725348521,0
151.882915357,0.207116538365843,-0.0326658558470198,0
151.892908906,0.206733857162763,-0.0435653010115957,-0.0508630503652414
151.902518906,0.206262503852762,-0.0500373982847249,-0.0996941950148406
151.912911853,0.205732961736856,-0.053136508679931,-0.0489061681518104
151.922906547,0.205179175789803,-0.0549562237004242,-0.0499021132076962
151.932892598,0.204634895444935,-0.052391722977621,-0.0997573271124833
151.942896835,0.204131850158664,-0.0469246427416555,-0.0498561287152089
151.952892071,0.203696427319388,-0.0392751989116609,0
151.962883944,0.20334685247702,-0.0301152952480082,-0.0498686540360942
151.972886222,0.20309429755879,-0.0205221909580041,0
151.982470958,0.202944884035415,-0.00966392877073179,0
151.992887607,0.202901005598834,0.000894602506199982,0
152.002883143,0.202963144827273,0.0115559581731557,0.0498563907632066
152.012886676,0.2031321140037,0.0223641586085704,-0.0498607313418667
152.022880471,0.203410368242413,0.0333117963430098,0
152.03288836,0.203798406027625,0.0439165762722185,0.0996885185901011
152.042884557,0.204288879210988,0.0533349003559819,0.0497956279228955
152.052912132,0.204866371911996,0.0624190728264512,0.0509515823168185
152.062453751,0.205510370156428,0.066512162232172,0.0499099016596848
152.072889759,0.206195127080034,0.067365841203621,0.0487975111171898
152.082886789,0.206886858949645,0.0674053376028016,0.149611837569278
152.092883324,0.207542800078744,0.0614902100829358,0.0996989373015833
152.102888934,0.208116795047803,0.0512554977621207,0.0498341562194004
152.112891316,0.208568319667924,0.0375607625431936,0.0498604075610103
152.122886093,0.208867903588541,0.0215200062944358,-7.4554925510426e-07
152.132878139,0.20899843622469,0.0044136305432695,7.61383093296527e-07
152.142457267,0.208954283519875,-0.0129080345030753,7.43989792235717e-07
152.152906856,0.208739904854602,-0.0293497668165079,-0.0500359430959543
152.16238457,0.208369421823543,-0.0436663042297391,0
152.172896087,0.207867049012437,-0.0536109118981093,-0.0485947743743419
152.182903161,0.207269401449168,-0.061970521880493,-0.149427190750605
152.192914358,0.206626506311422,-0.0636570441572151,-0.0996463867407033
152.202915705,0.205995462052062,-0.059830960516166,-0.0996932108380847
152.212917353,0.205429707907372,-0.0525326548963381,-0.102098500355244
152.222447605,0.204969399489892,-0.0397872428852356,0
152.23290391,0.204634497909573,-0.0265340482318184,0.0974443655979965
152.242912387,0.204426385977251,-0.0147802386749931,-0.049854321448489
152.252904108,0.204338890209586,-0.00305062455722777,-0.0498621077199668
152.262909163,0.20436538332132,0.00790285590385575,0.049916854168426
152.272879251,0.204496750886374,0.0177139897992985,0
152.282906137,0.204719609514773,0.0259414842576804,0
152.292907217,0.205016306051076,0.0329879365181106,0
152.302370813,0.205361709011007,0.0352372456967522,0.149541219086308
152.312910124,0.205721153399685,0.033974322769265,0.145677637617075
152.322904226,0.206059317811823,0.0317869034912636,0
152.332904705,0.20635671921628,0.0278474230171097,-0.099766130760216
152.34289275,0.206615946695139,0.0246666647079557,-0.0498527909829194
152.352905517,0.206850072539771,0.0225728427250832,0.0996200885884677
152.362910577,0.207067805955708,0.0209911529073996,0
152.37289941,0.207269767404948,0.0197742443356908,0.0513487081060723
152.382328715,0.207451784961064,0.0169532408223308,0.049892673566939
152.392884234,0.207608574939012,0.013979248813775,0.0485002745107443
152.402886978,0.20773917403472,0.0121440377701344,-0.0498372473765395
152.412891284,0.207851541309881,0.0109631896934657,-0.0997288157583359
152.422882981,0.20795839400872,0.0107033867187003,0.0498869996040847
152.432878381,0.208065470938456,0.0103432320878102,0.0498549371508046
152.442882932,0.208165258143658,0.00886060523928906,0.099692824440363
152.452881603,0.208242711592112,0.0062375316820183,0
152.462318073,0.20828648545139,0.00262979938607853,-0.0498406354049662
152.472886994,0.208295321757082,-0.000518625542237262,0
152.482882865,0.208275820024988,-0.00285605385203228,0
152.492877864,0.208238226755813,-0.00408605991015888,-0.0498577366695876
152.502881693,0.208194103615647,-0.00425829109117061,0
152.512881291,0.208153046340826,-0.00366061229394419,0.0498474101734775
152.522884664,0.208120880494089,-0.00256099635346645,-0.0498156449646226
152.532897017,0.208101786139528,-0.00113084363722365,0
152.54229193,0.208098933910817,0.00052201485869301,0
152.552883498,0.208112219379583,0.00184923292114704,0
152.562880254,0.208137006517349,0.00264761763931685,0.04981532390823
152.572899353,0.208165213710347,0.00252462526154459,-0.0498430645037965
152.582884969,0.208187510926188,0.00144655279219515,0.0498626837268182
152.592895898,0.208194139768351,-0.000516503358487011,0.0498553684008424
152.602884747,0.208177180973682,-0.00298544057164232,-0.0997437254377774
152.612888912,0.208134451813206,-0.00567689353310705,0
152.62224904,0.208067251943977,-0.00792758238129759,0.0498804161297688
152.632878647,0.207975981542213,-0.00996519216899855,-0.0483060903507056
152.642890253,0.207861558289831,-0.0124284196452248,0
152.652884699,0.207727337932513,-0.014203352171122,-0.0498642193980362
152.662886481,0.207577544821453,-0.0156307936688787,0
152.672880097,0.207414793992048,-0.0168437933225849,0.049843951516986
152.68289084,0.207240595532906,-0.0177995843773135,-0.0997035530808284
152.692881316,0.207058780606808,-0.0189585046413787,-0.0515470478866367
152.702234262,0.206873873177139,-0.018712894560567,0
152.712890886,0.206684343633196,-0.0193020332284037,-0.048693035641027
152.722711141,0.206478627778267,-0.0227476535656356,-0.0502157868145484
152.732746821,0.206232667702594,-0.0285858215125893,0
152.742721712,0.205906609167296,-0.0394576041539978,0
152.752705323,0.205445153031172,-0.0561436382566705,0
152.762722043,0.204783717818618,-0.079444510461685,-0.0997078280514048
152.772705535,0.203856245979701,-0.112173380195585,-0.204566074066577
152.782218704,0.20259671145172,-0.146071724741633,-0.199119667854077
152.792735477,0.200930437805285,-0.193152072746259,-0.150719182035675
152.802065276,0.198763304933011,-0.247209643290647,-0.0996306471790046
152.812751033,0.19598239934626,-0.30477178432934,-0.241488519965688
152.822709888,0.192471409696989,-0.39332767956063,-0.399477900281601
152.832718873,0.188128495173225,-0.479705102819703,-0.498392641824004
152.842715949,0.182874400147965,-0.589032220389452,-0.614083380424371
152.852203257,0.176651565202779,-0.6893835521996,-0.613185910373989
152.862228875,0.169422509908274,-0.753505527108085,-0.728128597004247
152.872744011,0.161173993532815,-0.882033003336091,-0.85446064090416
152.882066504,0.151925066422342,-0.972297888676596,-0.897711660157415
152.892736588,0.141735253126528,-1.05556844111594,-1.0915582738173
152.90216249,0.130712377807633,-1.13607872187875,-1.19656082924258
152.912735657,0.119014736378218,-1.19279690944867,-1.14617863314761
152.922170714,0.106846630056866,-1.23196362324661,-1.2004845555668
152.93266936,0.0944571394056255,-1.23572932086508,-1.34659884617606
152.942162831,0.082141784893817,-1.24443169601929,-1.48532821339851
152.952136796,0.0702312450070171,-1.1610646868775,-1.45432937121155
152.962045218,0.0590570474572899,-1.03929661534671,-1.16610431212888
152.972658201,0.0489034182483468,-0.949326630453951,-0.892610639373661
152.982152047,0.0399690992335931,-0.850738829403411,-0.768933351346197
152.992108925,0.0323559320815422,-0.695448327745601,-0.599056825135135
153.002125193,0.0260788082480658,-0.564592644300522,-0.499374439030617
153.012075653,0.0210828643219849,-0.441010154112782,-0.448668689910377
153.022126111,0.0172582003184914,-0.331103277952629,-0.348230595211853
153.03211873,0.014446535827029,-0.24076546933804,-0.0997460901923002
153.042118623,0.012444693783568,-0.171789668325497,0.0499902678843294
153.052064352,0.0110200840391042,-0.125133037922865,0
153.06211633,0.00994231995516467,-0.100197137213288,0
153.07205477,0.00901710138380803,-0.0916425742592382,-0.0997237786158036
153.082113315,0.00810974477234336,-0.0929418364278558,-0.198853769902512
153.092111467,0.00715299513195086,-0.0986220101123248,-0.199480925446184
153.102106955,0.00613793180607881,-0.102926149644224,-0.199445223370403
153.112108686,0.00509475837668814,-0.103305413737242,-0.199412900673659
153.122107413,0.00407177621745464,-0.0989162966767743,-0.0997573636635285
153.132098934,0.00311739707487793,-0.0902925582648005,-0.0999140186073676
153.142066323,0.00226963517337904,-0.0783925345768385,-0.0998756274419841
153.152065516,0.00155216610506204,-0.0650141685463564,0
153.162001683,0.000973554318306413,-0.0511462184235538,-0.0499145321178283
153.172041411,0.000530474616185247,-0.0380605739284518,-0.0498369396665218
153.182008679,0.000212076567961928,-0.0264859414938213,0
153.192010966,1.56215079789801e-06,-0.016719576421024,0
153.202000289,-0.000122174683212467,-0.00916277540937519,0
153.211956101,-0.000181190641716774,-0.00367863598049726,0
153.221971899,-0.000195642966346922,-5.69425880411541e-05,0
153.231932742,-0.000182328163355683,0.00207707787674,0
153.241925039,-0.000154198740681459,0.00309958303315704,0
153.251877466,-0.000120507835244288,0.00334385524514697,0
153.261929634,-8.730627076361e-05,0.0031138845420534,0
153.27192212,-5.80910970028699e-05,0.00264218067109996,0
153.281926558,-3.44707846893623e-05,0.00206583574906182,0
153.291926137,-1.67660835594484e-05,0.00149862721931397,0
153.301921265,-4.50617253696214e-06,0.000998104237817991,0
153.311922056,3.19192793351276e-06,0.000593147959856446,0
153.321917808,7.35473614766402e-06,0.000289455226509674,0
153.33191382,8.97864851046798e-06,7.88737914239344e-05,0
153.341907066,8.93136471387599e-06,-5.35311208706898e-05,0
153.351907424,7.90836847810443e-06,-0.000125211934370695,0
153.361911481,6.42657321577331e-06,-0.000153288044163979,0
153.371921231,4.84049114679939e-06,-0.00015289116403583,0
153.381904464,3.36982277235342e-06,-0.000135577047546403,0
153.391908491,2.1306774474541e-06,-0.000110035218643987,0
153.401937816,1.16544850486318e-06,-8.31064430065937e-05,0
153.411908216,4.68571441594798e-07,-5.79858419543507e-05,0
153.421916008,6.99622101606833e-09,-3.66684797274223e-05,0
153.431906224,-2.64725109341574e-07,-2.0063129986399e-05,0
153.441912503,-3.94196057441043e-07,-8.00930648676705e-06,0
153.451908032,-4.24925719903185e-07,5.33497633087498e-08,0
153.461884802,-3.93130540016662e-07,4.91085261522808e-06,0
153.471909503,-3.26701443734424e-07,7.37454225000117e-06,0
153.481892715,-2.4558134026381e-07,8.18444648816465e-06,0
153.491916025,-1.62959135011229e-07,7.93289682283316e-06,0
153.50190249,-8.68458597406603e-08,7.0675909972173e-06,0
153.51189763,-2.17373234032901e-08,5.82880030160513e-06,0
153.521918544,2.98237218514588e-08,4.37762071282463e-06,0
153.531916455,6.5897499563095e-08,2.7129130596865e-06,0
153.541916805,8.40772652894106e-08,7.42922954565558e-07,0
153.551910909,8.07518384036994e-08,-1.66722441768948e-06,0
153.561900892,5.07593074777603e-08,-4.66054392532025e-06,0
153.571917135,-1.24880566492819e-08,-8.35844265094008e-06,0
153.581887766,-1.16299832622662e-07,-1.27476659398308e-05,0
153.59190546,-2.67292546445869e-07,-1.76254536926632e-05,0
153.601905655,-4.69124208217065e-07,-2.25758108709286e-05,0
153.61192555,-7.19262311904899e-07,-2.67711611972183e-05,0
153.621912927,-1.00474211204606e-06,-2.89120119338711e-05,0
153.631908638,-1.2970135906366e-06,-2.70907822544663e-05,0
153.641899935,-1.54620579369198e-06,-1.8903559701625e-05,0
153.651929174,-1.67547298817121e-06,-1.51631919951086e-06,0
153.661903206,-1.57653713756231e-06,2.83671604576266e-05,0
153.671930258,-1.10809902901673e-06,7.38248537123387e-05,0
153.68191154,-9.9424806986015e-08,0.000137452388716451,0
153.691908381,1.63794169940258e-06,0.000219286392243725,0
153.701914052,4.28685388530999e-06,0.000317317941750627,0
153.711913376,7.98588553754117e-06,0.000424195680810332,0
153.72191659,1.27718441101545e-05,0.000525778247693887,0
153.731912807,1.85011513235822e-05,0.000600085251086672,0
153.741877587,2.47501440068388e-05,0.000610008042014498,0
153.75190801,3.06983859552993e-05,0.000511959674281946,0
153.761908541,3.50051846922314e-05,0.000249982622548429,0
153.771907737,3.56979701610115e-05,-0.000245147988061418,0
153.781909174,3.01020697523278e-05,-0.0010437036555187,0
153.791878569,1.48543397988485e-05,-0.00220272428541857,0
153.801904865,-1.39429244171409e-05,-0.00376112117899108,0
153.811875968,-6.03583011048039e-05,-0.00570137545107098,0
153.821906401,-0.000127979190751226,-0.00791615078969548,0
153.831902614,-0.000218892250652584,-0.0102137105198121,0
153.84190423,-0.000332231227181977,-0.0121685659399682,0
153.851902601,-0.000462263411260659,-0.0132716318061581,-0.0499093977390462
153.86188218,-0.000597371223823783,-0.0130175626611054,-0.0498386410610273
153.871908914,-0.000722696844355611,-0.0113835746408255,0
153.881909144,-0.0008253496633467,-0.00872472440675941,0
153.891905771,-0.000897163910682196,-0.00543079339823742,0
153.901902964,-0.000933931969008227,-0.00183974934084268,0
153.911890107,-0.000933930079665362,0.00184097247472239,0
153.921877733,-0.000897158969090261,0.00542308910318747,0
153.931913049,-0.000825343881091423,0.00877305178883584,0
153.941764196,-0.000722693999294441,0.0114021219139739,0
153.951906445,-0.000597376742425184,0.0129268464293629,0.0494958518996453
153.961909065,-0.000462284371392094,0.013245139972067,0.0498171791220773
153.971921377,-0.000332276166553658,0.0121781481970456,0
153.9818886,-0.000218970633253979,0.0102127300703133,0
153.991913662,-0.000128100356359878,0.00789979802035738,0
154.001944926,-6.05297088235179e-05,0.00569844039647698,0
154.011907351,-1.41675112877432e-05,0.00376190126012353,0
154.021911299,1.45818149253417e-05,0.0021983269678717,0
154.031907666,2.97997205426952e-05,0.00104106598365649,0
154.04191055,3.54023548400513e-05,0.000248794450383029,0
154.051914516,3.47773137923448e-05,-0.000239102905400489,0
154.061872774,3.06293290834001e-05,-0.000491093893654012,0
154.071895273,2.49648860390676e-05,-0.000572734478756354,0
154.08190055,1.91587312353875e-05,-0.000580309251175889,0
