t_s,vx_raw,vx_filt
0.000119872999999604,0,-3.39689881215434e-14
0.0108820939999998,0,-3.30529293997006e-14
0.0201391009999998,0,-2.52181545647543e-14
0.0308905819999996,0,-7.08312615997333e-15
0.04012774,0,2.51581085361803e-14
0.0508834199999999,0,7.53121371968051e-14
0.0601159679999999,0,1.464640656906e-13
0.0708799979999997,0,2.39884195977274e-13
0.0801158559999999,0,3.53509813521897e-13
0.0900941879999997,0,4.79991273039037e-13
0.10013465,0,6.04366668059399e-13
0.110094929,0,7.01545109708382e-13
0.120096517,0,7.33941654332718e-13
0.130096921,0,6.49819532118832e-13
0.14009677,0,3.83152084166801e-13
0.150086162,0,-1.43899960007266e-13
0.16009728,0,-1.01452567385555e-12
0.170097727,0,-2.30523772515151e-12
0.180097647,0,-4.06665058602635e-12
0.190093236,0,-6.29564826761312e-12
0.200091907,0,-8.89816545243533e-12
0.21009131,0,-1.16430414917637e-11
0.220092948,0,-1.41094246060805e-11
0.230094334,0,-1.56331712351713e-11
0.240092858,0,-1.52617078551397e-11
0.250099422,0,-1.17318784299971e-11
0.260095363,0,-3.49115756151589e-12
0.270098947,0,1.12112807097277e-11
0.280090545,0,3.41317673589401e-11
0.290098467,0,6.6702626870414e-11
0.300090656,0,1.09532289819172e-10
0.310098216,0,1.61710023573485e-10
0.320092238,0,2.19909765590112e-10
0.330094609,0,2.773217966676e-10
0.340098447,0,3.22493893410999e-10
0.350091857,0,3.38238231620625e-10
0.360097141,0,3.00857800561961e-10
0.370090884,0,1.80064010667545e-10
0.380089855,0,-5.99124700783183e-11
0.390086754,0,-4.57388829349166e-10
0.40009318,0,-1.04774970739411e-09
0.410099907,0,-1.85466686610854e-09
0.420100168,0,-2.87736343344635e-09
0.430093708,0,-4.07355676630754e-09
0.440100929,0,-5.33827673106271e-09
0.450146602,0,-6.47967761432375e-09
0.460046357,0,-7.19431943411376e-09
0.470046729,0,-7.04623734904983e-09
0.480087401,0,-5.45643789421142e-09
0.490048786,0,-1.712153260223e-09
0.500094354,0,4.99199920991062e-09
0.510050589,0,1.54663133400752e-08
0.520052293,0,3.0375640772281e-08
0.530050456,0,5.00108410838143e-08
0.540079817,0,7.39703913184497e-08
0.550043022,0,1.00749370385198e-07
0.560045687,0,1.2724865631357e-07
0.570035472,0,1.48241353633813e-07
0.580038673,0,1.55867635896899e-07
0.590070637,0,1.39273887791046e-07
0.600077251,0,8.45661888318851e-08
0.61004421,0,-2.46918282492168e-08
0.620046512,0,-2.06148168846871e-07
0.630078331,0,-4.76165180173183e-07
0.640049553,0,-8.45808940115944e-07
0.650050809,0,-1.31502169666138e-06
0.66004971,0,-1.86480494634295e-06
0.670039217,0,-2.44749703246776e-06
0.680046646,0,-2.97564986790033e-06
0.690045539,0,-3.31063039271394e-06
0.700084387,0,-3.25291672415485e-06
0.710039488,0,-2.53712353816521e-06
0.720046792,0,-8.36028940090282e-07
0.730042441,0,2.22082716869543e-06
0.740003507,0,7.00724953555118e-06
0.750033449,0,1.38317858668371e-05
0.760000535,0,2.28332368940969e-05
0.770033129,0,3.38348576936428e-05
0.779999749,0,4.61558565223608e-05
0.789984879,0,5.83859224070379e-05
0.799987136,0,6.81395636731861e-05
0.809987598,0,7.1822681563433e-05
0.819949436,0,6.44642976454202e-05
0.829990533,0,3.96912253691475e-05
0.839996551,0,-1.00489160256893e-05
0.849947851,0,-9.28839180685303e-05
0.859989173,0,-0.000216379090738425
0.869969132,0,-0.000385705400546677
0.879991907,0,-0.000600973012449447
0.889997204,0,-0.000853649071941284
0.899992819,0,-0.00112209527732479
0.909953196,0,-0.0013664528895854
0.919994873,0,-0.00152338689261152
0.929989529,0,-0.00150158784679538
0.939947533,0,-0.0011794184626288
0.949972424,0,-0.000406660868018474
0.959996015,0,0.000987081420911276
0.969983287,0,0.00317423873952837
0.979996519,0.00199417490512133,0.0063006118130783
0.989986289,0.00697961170226336,0.0104547075603314
1,0.0129621364176273,0.0156507662297525
1.009990377,0.0199417471885681,0.0218316952390425
1.019995274,0.0269213616847992,0.0288823518681896
1.030009772,0.0348980613052845,0.036641062279844
1.039983678,0.043871846050024,0.0449064183859675
1.049997588,0.0528456345200539,0.0534440178365757
1.05998731,0.0628165006637573,0.0619973353930419
1.06993431,0.0747815519571304,0.070307568057586
1.079985337,0.0837553441524506,0.0781489872899192
1.089998083,0.0887407809495926,0.0853690824857335
1.099991413,0.0947232991456985,0.0919062142562174
1.10997875,0.0987116545438766,0.0977772725814962
1.119966144,0.103697091341019,0.103052589382089
1.129929455,0.108682528138161,0.107833829054973
1.139954124,0.111673787236214,0.112240193070537
1.149988432,0.115662142634392,0.116398298498651
1.159948452,0.119650483131409,0.120430680633267
1.169937256,0.121644660830498,0.124444317342425
1.179946559,0.12663009762764,0.128518022958041
1.189932859,0.131615534424782,0.132691854385977
1.199944361,0.13560388982296,0.136967518260058
1.209922169,0.141586408019066,0.141317609714388
1.219946054,0.145574763417244,0.145696959207318
1.229930415,0.149563103914261,0.150052593120679
1.239931003,0.154548555612564,0.154327886294214
1.249931546,0.159533977508545,0.158464618841783
1.259948497,0.163522332906723,0.162410702794814
1.269947704,0.167510688304901,0.166130774279459
1.279914346,0.170501947402954,0.169612733157271
1.289953543,0.173493206501007,0.172868272973493
1.299930328,0.175487384200096,0.175927651453695
1.309928807,0.177481561899185,0.178828509562627
1.319956344,0.181469917297363,0.181602171352335
1.329945878,0.183464080095291,0.184265999055205
1.33995802,0.187452435493469,0.186825175587787
1.349924744,0.189446598291397,0.189279574554387
1.359948046,0.191440790891647,0.191630263735569
1.369927729,0.193434953689575,0.193880304208074
1.379931865,0.195429131388664,0.196029814043919
1.389961543,0.197423309087753,0.198070555805025
1.399929464,0.200414568185806,0.199984056441512
1.409913973,0.202408745884895,0.201746089614066
1.419931635,0.203405827283859,0.203335227798529
1.429908936,0.204402923583984,0.204736660431327
1.439920501,0.206397086381912,0.205939055000231
1.449911381,0.207394182682037,0.206932715201614
1.459909012,0.207394182682037,0.207711931217506
1.469914839,0.208391264081001,0.208275112585765
1.479910296,0.208391264081001,0.208621505030977
1.489928423,0.209388345479965,0.208749831385799
1.499909289,0.209388345479965,0.20866152285349
1.509912626,0.209388345479965,0.208367215529289
1.519914485,0.207394182682037,0.207891141439747
1.529904837,0.208391264081001,0.207269188894613
1.53991722,0.205400019884109,0.206544094014735
1.54991473,0.205400019884109,0.205759691174937
1.559905993,0.205400019884109,0.204954697285126
1.569914791,0.204402923583984,0.204163076235446
1.5799081,0.203405827283859,0.203420160775323
1.589910039,0.202408745884895,0.202764523167478
1.599913928,0.201411664485931,0.202233509744128
1.609906887,0.200414568185806,0.201855624737277
1.619906566,0.202408745884895,0.201644325824785
1.62991638,0.201411664485931,0.20160060183316
1.639911545,0.201411664485931,0.201721384876803
1.649906672,0.201411664485931,0.202001825513289
1.659907676,0.201411664485931,0.20243015373542
1.669915865,0.203405827283859,0.202983190385342
1.679907608,0.203405827283859,0.203628077172143
1.689908371,0.204402923583984,0.204328061342897
1.699911204,0.205400004982948,0.2050463790717
1.709909838,0.206397086381912,0.205748973760115
1.719894218,0.206397086381912,0.206408115881537
1.729908377,0.207394182682037,0.207003652517109
1.739891103,0.208391278982162,0.207522459915541
1.749900169,0.207394182682037,0.207959166983861
1.759892884,0.209388360381126,0.208315783604523
1.769904222,0.207394182682037,0.208599033298502
1.779912754,0.209388360381126,0.20881669393627
1.789898887,0.209388360381126,0.20897547894384
1.799911175,0.208391278982162,0.209082952823596
1.80991124,0.209388360381126,0.209148046938197
1.819891923,0.208391278982162,0.209177374195835
1.829888749,0.209388360381126,0.209172464514463
1.839911776,0.208391278982162,0.209129128406676
1.849890314,0.209388360381126,0.209037605115097
1.859892335,0.208391278982162,0.208883582334548
1.869890871,0.209388360381126,0.208650283166626
1.879910645,0.208391278982162,0.208321900926843
1.889896226,0.207394182682037,0.207886064387436
1.899897928,0.208391278982162,0.207333005772648
1.909890033,0.206397086381912,0.206655655792885
1.919915594,0.206397086381912,0.205852189214073
1.929899184,0.204402923583984,0.204925871756064
1.939902155,0.204402923583984,0.20388224863912
1.949881632,0.203405827283859,0.202728907256893
1.959884028,0.202408745884895,0.201480334999967
1.969883215,0.200414568185806,0.200163706525656
1.979888399,0.198420390486717,0.198818643185817
1.989890662,0.197423309087753,0.197490372444406
1.999883297,0.196426212787628,0.196223429377775
2.009884722,0.195429131388664,0.195061600111813
2.019888089,0.193434953689575,0.194050530021858
2.029884563,0.193434953689575,0.193236771294518
2.039890458,0.192437872290611,0.19266495048427
2.04989362,0.191440790891647,0.192376055363252
2.059892732,0.191440790891647,0.192403279492623
2.069894035,0.191440790891647,0.192764601574011
2.079909256,0.192437872290611,0.193456747801134
2.089910617,0.1944320499897,0.194454174679224
2.099911335,0.195429131388664,0.195714470288832
2.109891126,0.196426212787628,0.197185385298356
2.119892696,0.199417471885681,0.198807726560129
2.129915679,0.200414568185806,0.200517823631342
2.139911563,0.202408730983734,0.202252112006495
2.149850792,0.204402923583984,0.203949859336516
2.159912979,0.205400004982948,0.205554032157522
2.169911503,0.208391278982162,0.207012896345713
2.179911814,0.21038544178009,0.208286176433577
2.18990778,0.209388360381126,0.209355484769319
2.199913884,0.21038544178009,0.210226582498129
2.20990857,0.211382538080215,0.210919883521905
2.219891232,0.211382538080215,0.211462359568517
2.229910588,0.211382538080215,0.211884454091128
2.239912977,0.212379619479179,0.212216195356351
2.249844332,0.212379619479179,0.212484541847878
2.259912635,0.213376700878143,0.212715306864904
2.269891205,0.212379619479179,0.212936435955363
2.279914175,0.211382538080215,0.213175466886377
2.289894453,0.213376700878143,0.213449290051726
2.299893507,0.213376700878143,0.213757596697893
2.309889823,0.214373797178268,0.214087634721092
2.319923918,0.214373797178268,0.214422320651107
2.329907958,0.215370878577232,0.214745301995182
2.339892422,0.215370878577232,0.215044595571139
2.349918336,0.215370878577232,0.215315109172863
2.359894756,0.214373797178268,0.21555631954087
2.369890229,0.216367959976196,0.215765238905943
2.379891641,0.216367959976196,0.215933981154352
2.389891276,0.216367959976196,0.216055970370627
2.39989495,0.215370878577232,0.216130349336818
2.409907112,0.215370878577232,0.216156772780285
2.419899966,0.216367959976196,0.216127248277154
2.429891316,0.216367959976196,0.216025661942659
2.439889566,0.216367959976196,0.215835162954311
2.449846389,0.215370878577232,0.215544444003151
2.459914128,0.216367959976196,0.215149253804372
2.469907597,0.214373797178268,0.214653318641496
2.479896458,0.213376700878143,0.214067435145401
2.48989127,0.213376700878143,0.213402711223796
2.499914439,0.213376700878143,0.212665705961558
2.509910774,0.212379619479179,0.211863192707755
2.519907688,0.211382538080215,0.211009766565592
2.529895622,0.209388360381126,0.210128846925562
2.539891942,0.208391278982162,0.20924543776825
2.549909093,0.208391278982162,0.208376816739029
2.559895315,0.207394182682037,0.20752994831393
2.569890375,0.206397086381912,0.206705282969616
2.579891767,0.206397086381912,0.205900165114203
2.589918616,0.205400004982948,0.205111804293816
2.599885989,0.204402923583984,0.204341152461152
2.609910257,0.203405827283859,0.203593751449877
2.619910222,0.202408745884895,0.202876203518211
2.62989749,0.202408745884895,0.202192138912125
2.639909633,0.201411664485931,0.201541537369374
2.649887784,0.201411664485931,0.20092333398329
2.659929311,0.200414568185806,0.200338646352454
2.669919314,0.199417471885681,0.199791975445888
2.679939789,0.199417471885681,0.199289025885821
2.689919003,0.198420405387878,0.198833709513058
2.699916371,0.198420405387878,0.198426879300171
2.709938489,0.198420405387878,0.198066724230373
2.719936889,0.197423309087753,0.197750802769547
2.729937373,0.197423309087753,0.197477095762873
2.739914879,0.197423309087753,0.197242801373045
2.749890968,0.197423309087753,0.197044881435927
2.759915323,0.196426212787628,0.196882412711822
2.769914895,0.197423309087753,0.196756828531994
2.779916929,0.196426212787628,0.196671385774232
2.789917751,0.196426212787628,0.196631150454226
2.79990973,0.196426212787628,0.19664079727872
2.809916098,0.195429131388664,0.19670013930828
2.819910993,0.197423309087753,0.196799972083253
2.829913705,0.197423309087753,0.196923551907807
2.83990328,0.197423309087753,0.19705520522814
2.849882184,0.196426212787628,0.19718578852535
2.859912956,0.197423309087753,0.197308682706061
2.869918449,0.197423309087753,0.197414465484529
2.87991115,0.198420390486717,0.197492365821106
2.889909422,0.197423309087753,0.197536048360555
2.899928624,0.197423309087753,0.197545986775397
2.909909915,0.198420390486717,0.197527216978665
2.919915803,0.197423309087753,0.197489073686252
2.929929124,0.196426212787628,0.197445488647262
2.939915191,0.196426212787628,0.197407742267497
2.949878142,0.198420390486717,0.19737604039228
2.959897826,0.198420390486717,0.197344264253236
2.969909182,0.197423309087753,0.197313885165952
2.979920942,0.196426212787628,0.197298574890645
2.989913402,0.197423309087753,0.197315477896505
2.999920475,0.197423309087753,0.197377446160393
3.009924366,0.197423309087753,0.197493863769278
3.019908254,0.197423309087753,0.197673191023747
3.029889144,0.198420405387878,0.197923048806567
3.039905109,0.198420405387878,0.198251617289583
3.049890713,0.197423309087753,0.198668855052081
3.059921873,0.198420405387878,0.199180762899993
3.069911274,0.199417486786842,0.199780496301583
3.079907751,0.200414568185806,0.200446837160301
3.08991644,0.20141164958477,0.201150185799341
3.099915134,0.202408730983734,0.201859868755326
3.109906568,0.202408730983734,0.202549357291844
3.119905547,0.203405827283859,0.203197354309473
3.12991297,0.204402923583984,0.203786617213524
3.139908306,0.204402923583984,0.204304933447182
3.149899578,0.204402923583984,0.204745967048676
3.159903951,0.205400004982948,0.205106271631611
3.16988234,0.205400004982948,0.205382589224115
3.179921248,0.206397086381912,0.205573490307885
3.189893578,0.205400004982948,0.205682770748807
3.199894823,0.205400004982948,0.205719328155531
3.209900396,0.206397086381912,0.205693438695311
3.21988126,0.205400004982948,0.20561587528326
3.229878788,0.204402923583984,0.20549834119682
3.239895135,0.205400004982948,0.205348396976071
3.2498981,0.206397086381912,0.205166594407896
3.259879583,0.204402923583984,0.204953595667451
3.269898563,0.205400004982948,0.204716647115135
3.279901073,0.204402923583984,0.204468735568545
3.289897247,0.204402923583984,0.204226872438996
3.299893043,0.203405827283859,0.204010567145095
3.309901096,0.203405827283859,0.203837510247476
3.319878475,0.203405827283859,0.203718735259237
3.32989126,0.204402923583984,0.203658208032664
3.339876341,0.203405827283859,0.203657932701696
3.349880374,0.203405827283859,0.203721846496531
3.359888692,0.203405827283859,0.203853148005398
3.369891516,0.203405827283859,0.204048957758645
3.379876208,0.204402923583984,0.204297571804432
3.389889277,0.205400004982948,0.204581034122832
3.399896935,0.205400004982948,0.204883248162026
3.409916911,0.204402923583984,0.205196013728274
3.419893407,0.206397086381912,0.205516676076954
3.42989969,0.205400004982948,0.205844175247668
3.439879626,0.206397086381912,0.206178865359534
3.449881781,0.206397086381912,0.20652217436265
3.459894576,0.207394182682037,0.206876100374134
3.469882257,0.207394182682037,0.207245155652489
3.479881432,0.206397086381912,0.20763674152488
3.489891519,0.207394182682037,0.208054582999511
3.499881801,0.208391278982162,0.208490407793646
3.509893904,0.209388360381126,0.208924422676409
3.519906511,0.209388360381126,0.209333439035402
3.52989256,0.209388360381126,0.209696436658348
3.539876191,0.21038544178009,0.209994043476216
3.549896456,0.21038544178009,0.210207653156908
3.559901034,0.21038544178009,0.210321235484529
3.569893631,0.21038544178009,0.210322260050878
3.579881219,0.211382538080215,0.210202062531624
3.589895506,0.21038544178009,0.209959868528966
3.599892271,0.209388360381126,0.209606661780391
3.60989435,0.209388360381126,0.209162282428397
3.619878589,0.208391278982162,0.208649507632956
3.629881345,0.209388360381126,0.208092665247685
3.639892502,0.207394182682037,0.20752163141359
3.649889613,0.206397086381912,0.206974065494146
3.659890777,0.206397086381912,0.206489955077813
3.669885599,0.205400004982948,0.20610432209813
3.679895615,0.205400004982948,0.20584391132738
3.689885456,0.205400004982948,0.205725837624595
3.699878414,0.205400004982948,0.205757640562804
3.709881006,0.206397086381912,0.205939701822879
3.719893193,0.205400004982948,0.206268522394404
3.729890322,0.206397086381912,0.206736863025199
3.739882478,0.206397086381912,0.207329502490364
3.749879459,0.208391278982162,0.208020083451473
3.759896349,0.208391278982162,0.208773355080743
3.769893407,0.21038544178009,0.209550710235298
3.779896539,0.21038544178009,0.210315750153501
3.7899137,0.211382538080215,0.211037998418201
3.799896861,0.211382538080215,0.211692858935385
3.809901326,0.211382538080215,0.212257144988849
3.819876706,0.213376700878143,0.21270338263615
3.829896989,0.213376700878143,0.213000028755891
3.839880994,0.214373797178268,0.213119500485337
3.849884992,0.213376700878143,0.213046690617604
3.859905456,0.213376700878143,0.212781872479585
3.869898422,0.212379619479179,0.212338283013865
3.879893357,0.211382538080215,0.211737039788497
3.889897226,0.211382538080215,0.211001801685436
3.899891657,0.211382538080215,0.210158054871908
3.909883149,0.209388360381126,0.209239167096003
3.919902158,0.208391278982162,0.208290699580329
3.929896843,0.206397086381912,0.207365635489886
3.939921102,0.205400004982948,0.20651356569564
3.94992165,0.205400004982948,0.205770733378841
3.959878089,0.205400004982948,0.20515790174152
3.9698865,0.204402923583984,0.204686618833686
3.979877817,0.204402923583984,0.204365466390622
3.98988212,0.203405827283859,0.204200710539958
3.99989563,0.203405827283859,0.204192483908555
4.009893521,0.204402923583984,0.204330360851124
4.019884656,0.204402923583984,0.204593641678928
4.029897905,0.204402923583984,0.204955245429258
4.039894986,0.206397086381912,0.2053843358922
4.049897075,0.206397086381912,0.205850861705069
4.05987983,0.205400004982948,0.206331296750842
4.069905244,0.206397086381912,0.206805612178593
4.079911728,0.207394182682037,0.207248645522407
4.089880862,0.208391264081001,0.207629561250666
4.099898687,0.208391264081001,0.207919940587054
4.109882926,0.208391264081001,0.208100523563302
4.119884481,0.208391264081001,0.208161861238805
4.129881179,0.209388345479965,0.208103232387216
4.139877644,0.207394182682037,0.207933989790905
4.149897248,0.207394182682037,0.207672065384401
4.15988378,0.207394182682037,0.207336816365797
4.169894662,0.207394182682037,0.20694513429241
4.179899619,0.206397086381912,0.206514402734755
4.189900404,0.205400004982948,0.206064007273797
4.199882336,0.205400004982948,0.20561106041988
4.209880548,0.205400004982948,0.205166566475965
4.219881401,0.204402923583984,0.204736976785337
4.229884113,0.204402923583984,0.204326932318697
4.239898775,0.203405827283859,0.203939074289822
4.249721271,0.203405827283859,0.203572144555908
4.259905622,0.204402923583984,0.203221293902315
4.269888033,0.202408745884895,0.202883257546394
4.279894002,0.203405827283859,0.202561173872562
4.289880764,0.201411664485931,0.202263792615463
4.299897503,0.202408745884895,0.202001650418299
4.309881785,0.201411664485931,0.201784023051822
4.319891528,0.201411664485931,0.201617781609053
4.329906895,0.200414568185806,0.201505332671864
4.339900691,0.202408745884895,0.201441518895711
4.349903083,0.201411664485931,0.201416051669352
4.359896125,0.200414568185806,0.201418923348927
4.369881123,0.201411664485931,0.201438415797058
4.379882166,0.201411664485931,0.201455891767214
4.38988548,0.201411664485931,0.201446897722564
4.399890675,0.202408745884895,0.201386324656315
4.409880951,0.201411664485931,0.201254135613657
4.419882211,0.201411664485931,0.201039494508023
4.429895274,0.201411664485931,0.200741040461807
4.439899595,0.200414568185806,0.200366169809226
4.44990095,0.199417471885681,0.199929362075611
4.459882309,0.199417471885681,0.199446775303559
4.469881902,0.199417486786842,0.198932133546112
4.479893508,0.198420405387878,0.198398880204231
4.489884146,0.198420405387878,0.197864330319489
4.499898517,0.196426212787628,0.197350221648735
4.509879106,0.196426212787628,0.196877974438534
4.519897779,0.196426212787628,0.196462204206955
4.529882412,0.196426212787628,0.196110010958982
4.53987989,0.195429131388664,0.195825743289999
4.549899079,0.196426212787628,0.195614447044527
4.559891653,0.195429131388664,0.195483870055584
4.569877188,0.195429131388664,0.195446212995955
4.579775059,0.1944320499897,0.195515490137771
4.589879515,0.195429131388664,0.1957002698989
4.59989404,0.195429131388664,0.195998165274809
4.609894916,0.196426212787628,0.196395905036175
4.619894311,0.197423309087753,0.196873717497452
4.629886822,0.197423309087753,0.197411625323123
4.639890381,0.198420390486717,0.197994049104219
4.649905996,0.198420390486717,0.198610457555576
4.65976911,0.199417471885681,0.199253704868849
4.669887018,0.199417471885681,0.199917613510454
4.679880501,0.200414568185806,0.200593979189796
4.689889398,0.201411664485931,0.201270478319106
4.699896998,0.202408730983734,0.201932309491255
4.709887654,0.202408730983734,0.202566494165511
4.719892458,0.203405827283859,0.203163832281623
4.729903571,0.203405827283859,0.203717448797617
4.739884189,0.204402923583984,0.204220777057959
4.749898271,0.204402923583984,0.204666463600697
4.759783634,0.204402923583984,0.205045026858658
4.76990842,0.206397086381912,0.205343439415852
4.779882458,0.206397086381912,0.205549121110646
4.789881987,0.206397086381912,0.205659576314942
4.799893969,0.205400004982948,0.205687296004727
4.809876333,0.206397086381912,0.205655971733295
4.819880819,0.204402923583984,0.205594387092292
4.829881286,0.205400004982948,0.205530186094087
4.839885803,0.205400004982948,0.205484293575865
4.849898682,0.205400004982948,0.205470733763672
4.859910221,0.205400004982948,0.205500088435268
4.869894018,0.205400004982948,0.205580989742088
4.879895655,0.205400004982948,0.205719408112409
4.889891258,0.205400004982948,0.205916878149754
4.899879656,0.206397086381912,0.206168872963006
4.909889143,0.206397086381912,0.206465947551515
4.91989699,0.206397086381912,0.206796416949096
4.929879861,0.206397086381912,0.207145468782078
4.939885842,0.208391278982162,0.207492284732259
4.949893541,0.207394182682037,0.20781210438666
4.959893851,0.209388360381126,0.208082331930122
4.969901312,0.207394182682037,0.208286554921893
4.979894274,0.209388360381126,0.208414274647193
4.989893381,0.208391278982162,0.208459333965625
4.999894792,0.208391278982162,0.208419917243788
5.009898288,0.208391278982162,0.208297616661859
5.019893679,0.209388360381126,0.208096931070448
5.029896482,0.208391278982162,0.207830440819709
5.039897344,0.205400004982948,0.207521601011204
5.049893849,0.208391278982162,0.207195631928999
5.059881425,0.206397086381912,0.206871286448489
5.069898949,0.206397086381912,0.20656359168916
5.079881531,0.206397086381912,0.206286595688382
5.089881514,0.206397086381912,0.206053136397314
5.099885241,0.205400004982948,0.205876610196651
5.10989702,0.204402923583984,0.205769177908469
5.119893265,0.205400004982948,0.205733508029524
5.129903853,0.205400004982948,0.20575711291686
5.139892602,0.207394182682037,0.205817189064926
5.149902817,0.205400004982948,0.205892220578032
5.15988755,0.205400004982948,0.20596752590726
5.169907801,0.207394182682037,0.206031190363129
5.179879643,0.205400004982948,0.206072599487012
5.189895283,0.205400004982948,0.206083840771748
5.199893984,0.206397086381912,0.206054957706161
5.2098965,0.207394182682037,0.20597249933601
5.219890655,0.206397086381912,0.205829498989823
5.229894104,0.206397086381912,0.205635199548208
5.239896219,0.204402923583984,0.205414026124327
5.249897547,0.204402923583984,0.205194939545781
5.259903921,0.205400004982948,0.204999992322657
5.269896268,0.204402923583984,0.204842139159844
5.279896184,0.204402923583984,0.204729222873889
5.289895224,0.205400004982948,0.204665911925244
5.299893223,0.205400004982948,0.204657357043053
5.309893966,0.204402923583984,0.204715747487277
5.319892873,0.203405827283859,0.204859045116526
5.329899542,0.204402923583984,0.205099015951953
5.339892654,0.205400004982948,0.20543148542255
5.349894832,0.206397086381912,0.205839215109867
5.359876287,0.206397086381912,0.206302187024749
5.369895282,0.206397086381912,0.206803689683781
5.379880936,0.207394182682037,0.207328611193377
5.389924075,0.207394182682037,0.207859582654221
5.399909883,0.207394182682037,0.208373968134309
5.409918024,0.209388360381126,0.208840782368696
5.419907254,0.21038544178009,0.209223319298322
5.429910754,0.21038544178009,0.209490754862223
5.439891164,0.21038544178009,0.209628834030029
5.449908991,0.209388360381126,0.209640955331197
5.459895045,0.209388360381126,0.209541260873215
5.469911867,0.209388360381126,0.209346322782218
5.479910452,0.209388360381126,0.209071804607686
5.48990805,0.208391278982162,0.208733782513855
5.499911307,0.209388360381126,0.208350427189533
5.509895726,0.207394182682037,0.207943688679374
5.51991827,0.207394182682037,0.207539264048425
5.529896263,0.206397086381912,0.20716174811629
5.539907968,0.206397086381912,0.206828428947439
5.549912188,0.206397086381912,0.206546545370216
5.559894376,0.206397086381912,0.206314987885691
5.569910518,0.206397086381912,0.206128953943584
5.579906563,0.206397086381912,0.205984895895796
5.589905646,0.206397086381912,0.205884492910528
5.599904568,0.204402923583984,0.205835043987054
5.609916471,0.206397086381912,0.205843606514961
5.619925951,0.204402923583984,0.205910059769588
5.629913316,0.206397086381912,0.206024289213333
5.639898771,0.206397086381912,0.206167523930376
5.649921866,0.207394182682037,0.206319344926466
5.659913698,0.206397086381912,0.206466733355896
5.669899033,0.206397086381912,0.206606269167161
5.679899275,0.206397086381912,0.20673841424823
5.689907502,0.206397086381912,0.206860602632622
5.699907634,0.208391278982162,0.206965790883051
5.709913092,0.206397086381912,0.207047856212296
5.719918211,0.208391278982162,0.207107344401634
5.729916847,0.207394182682037,0.207153682334877
5.73991581,0.206397086381912,0.207205138172751
5.749912162,0.206397086381912,0.207282376330333
5.7598969,0.207394182682037,0.207397924986933
5.769897815,0.207394182682037,0.207553092147822
5.779921147,0.207394182682037,0.207742097912321
5.789914099,0.208391278982162,0.207955443807413
5.799920794,0.207394182682037,0.208181287832654
5.809905582,0.208391278982162,0.208405011557655
5.819916796,0.208391278982162,0.208607234294255
5.829932877,0.208391278982162,0.208763240432267
5.839924559,0.209388360381126,0.208844235853534
5.84991638,0.209388360381126,0.208820942805235
5.859909855,0.209388360381126,0.208670104200314
5.869911907,0.208391278982162,0.208379175999997
5.879916886,0.208391278982162,0.207945696087557
5.889918428,0.207394182682037,0.207374237466982
5.899911579,0.207394182682037,0.206674983867964
5.909916798,0.205400004982948,0.205863846105688
5.91956837,0.205400019884109,0.204961266762254
5.929916351,0.204402923583984,0.203990707337463
5.939908701,0.203405827283859,0.202980355322198
5.949912349,0.201411664485931,0.201964900973545
5.959915182,0.200414568185806,0.200981497114887
5.969910661,0.200414568185806,0.20006316493601
5.97992875,0.198420390486717,0.199236837447926
5.989913071,0.198420390486717,0.198524044958657
5.999929284,0.197423309087753,0.197939711907759
6.009906603,0.198420405387878,0.19749257633247
6.019928646,0.196426212787628,0.197189547783306
6.029906684,0.196426212787628,0.19703718294996
6.039912072,0.196426212787628,0.19703616337384
6.049908789,0.196426212787628,0.197175284833424
6.059908427,0.197423309087753,0.197430279421551
6.06990792,0.197423309087753,0.197766401763019
6.079926174,0.198420390486717,0.198142629315591
6.089908866,0.199417471885681,0.198516849139954
6.099918022,0.199417471885681,0.198852843850532
6.109914423,0.199417471885681,0.19912593972176
6.119906639,0.199417471885681,0.199322751423622
6.129906166,0.199417471885681,0.199436865850033
6.139912152,0.199417471885681,0.199464747596875
6.149930865,0.200414568185806,0.199404680924089
6.159920446,0.199417471885681,0.199260152123231
6.169910714,0.199417471885681,0.199043718918956
6.179906742,0.199417471885681,0.198777298365919
6.189905743,0.198420405387878,0.198491240582235
6.199909483,0.196426212787628,0.198220416709375
6.209905245,0.197423309087753,0.197992766666339
6.219917154,0.198420405387878,0.197820233866542
6.229909369,0.198420405387878,0.197704771457807
6.239918419,0.197423309087753,0.19765119628083
6.249906894,0.197423309087753,0.197670897792142
6.259908974,0.197423309087753,0.19777626086135
6.269908326,0.197423309087753,0.197974846290029
6.279917422,0.197423309087753,0.198265764591639
6.289904153,0.198420405387878,0.198636803511904
6.299912921,0.200414568185806,0.199066312327521
6.309918976,0.199417471885681,0.199532717121176
6.319915093,0.199417471885681,0.200021480632221
6.329655474,0.200414568185806,0.200520663761919
6.339804193,0.201411664485931,0.20101466889855
6.349906984,0.201411664485931,0.201485709387559
6.359878056,0.202408745884895,0.201918047565595
6.369911742,0.202408745884895,0.202300060816704
6.379914227,0.203405827283859,0.202625764600105
6.389915799,0.202408745884895,0.202896022208221
6.39990898,0.203405827283859,0.203116919160336
6.409913383,0.203405827283859,0.203296619108021
6.419903096,0.203405827283859,0.20344455962948
6.429909387,0.203405827283859,0.203571505821218
6.439910511,0.203405827283859,0.203687625638762
6.449916211,0.204402923583984,0.203801015576961
6.459914241,0.203405827283859,0.203919113147143
6.469919442,0.204402923583984,0.204050174056382
6.479907221,0.203405827283859,0.20420200524668
6.489913991,0.204402923583984,0.204379110556523
6.499917524,0.204402923583984,0.204580750007346
6.509909829,0.204402923583984,0.204801155949541
6.519917852,0.205400004982948,0.205030601448741
6.529908734,0.205400004982948,0.20525743155446
6.539919322,0.205400004982948,0.205471241704576
6.54992337,0.205400004982948,0.205663462332333
6.559905201,0.206397086381912,0.205825563538286
6.569909562,0.205400004982948,0.20594903387981
6.579914281,0.206397086381912,0.206025995955906
6.589906468,0.206397086381912,0.206049314340959
6.599920626,0.206397086381912,0.206014997211767
6.609909073,0.206397086381912,0.205925699234009
6.619911123,0.206397086381912,0.205792737201701
6.629875901,0.205400004982948,0.205636540972353
6.639908277,0.205400004982948,0.205483977648627
6.649907909,0.205400004982948,0.205363463178057
6.659915117,0.204402923583984,0.205301298686889
6.669908145,0.205400004982948,0.20531866932516
6.679911265,0.205400004982948,0.205430099064417
6.689907258,0.205400004982948,0.20564556563445
6.699913807,0.204402923583984,0.205970674294132
6.709917512,0.206397086381912,0.206400723749765
6.719907256,0.206397086381912,0.206916516089284
6.729909941,0.207394182682037,0.207487326262082
6.739908903,0.208391278982162,0.20807613400064
6.74990851,0.209388360381126,0.208645076790118
6.759903056,0.209388360381126,0.209161849060726
6.769904509,0.21038544178009,0.209603826752705
6.779910797,0.209388360381126,0.209957920995836
6.789909279,0.21038544178009,0.210216640982167
6.799903011,0.211382538080215,0.210374638350208
6.809909402,0.21038544178009,0.210431199838929
6.819894625,0.21038544178009,0.210393503129974
6.82991142,0.21038544178009,0.210274026755377
6.839906662,0.21038544178009,0.210087261494729
6.84990904,0.209388360381126,0.209849448021408
6.859912265,0.209388360381126,0.209577083257599
6.869918102,0.209388360381126,0.20928386774165
6.879904371,0.209388360381126,0.208981049172699
6.889914202,0.208391278982162,0.208680868749452
6.899895943,0.208391278982162,0.208397564208758
6.909882102,0.208391278982162,0.208145660070406
6.91990969,0.207394182682037,0.207939215868461
6.929909174,0.207394182682037,0.20779041515876
6.939903398,0.207394182682037,0.207705894956086
6.949913444,0.208391278982162,0.207685868621345
6.959902477,0.207394182682037,0.207728547035864
6.969911595,0.207394182682037,0.207833216981032
6.979892357,0.207394182682037,0.207996710154475
6.989915224,0.208391278982162,0.208208587099093
6.999911947,0.208391278982162,0.208451743796101
7.009917076,0.208391278982162,0.208706019362722
7.019912113,0.209388360381126,0.208949856561012
7.029909749,0.209388360381126,0.209161741862174
7.039904383,0.209388360381126,0.209323183732155
7.049909177,0.208391278982162,0.209418380874811
7.059868861,0.21038544178009,0.209429657071107
7.06991184,0.209388360381126,0.209336952730724
7.079912725,0.21038544178009,0.209124388251773
7.089909494,0.209388360381126,0.208787664302136
7.099907808,0.208391278982162,0.208337284828023
7.109906994,0.208391278982162,0.207796341690241
7.119907921,0.207394182682037,0.20719661602028
7.129888891,0.206397086381912,0.206576502929004
7.13986557,0.205400004982948,0.2059774734717
7.149905777,0.205400004982948,0.205438299369018
7.159888145,0.204402923583984,0.204991496363999
7.169938623,0.204402923583984,0.204662521772366
7.179841385,0.203405827283859,0.204468411075046
7.189905322,0.204402923583984,0.204415329538354
7.199881487,0.204402923583984,0.204498658362461
7.209912002,0.203405827283859,0.204705484098399
7.219860722,0.204402923583984,0.205012972893263
7.229883626,0.205400004982948,0.205384237803239
7.239905735,0.207394182682037,0.205772769434351
7.24991117,0.206397086381912,0.206136163155407
7.259846131,0.206397086381912,0.20644548384371
7.269910625,0.206397086381912,0.206681840298164
7.279845733,0.207394182682037,0.206828725249346
7.289910706,0.206397086381912,0.206869827179488
7.299806255,0.207394182682037,0.206790050253549
7.309905754,0.207394182682037,0.206577440618426
7.319906444,0.207394182682037,0.206228953887294
7.32984622,0.206397086381912,0.205757619704036
7.339898644,0.204402923583984,0.205193184269546
7.349907408,0.204402923583984,0.20457331262541
7.359843837,0.204402923583984,0.203934040334357
7.369917156,0.203405827283859,0.203309322505318
7.379841758,0.202408745884895,0.202734968911388
7.389846392,0.201411664485931,0.202246979870896
7.399911363,0.201411664485931,0.201874861176632
7.409916859,0.201411664485931,0.201637135082677
7.419877082,0.200414568185806,0.201541106633362
7.429908888,0.201411664485931,0.201582542210131
7.439877634,0.201411664485931,0.201745109261477
7.449914815,0.202408730983734,0.202003626547699
7.459820882,0.202408730983734,0.202330117902978
7.469916097,0.202408730983734,0.202697866238369
7.479882423,0.203405827283859,0.203081380810448
7.489916698,0.204402923583984,0.203456797067101
7.499877118,0.203405827283859,0.203805879790144
7.509915632,0.204402923583984,0.204117502053653
7.519882646,0.204402923583984,0.204384334085151
7.529907529,0.204402923583984,0.204600284218922
7.539812361,0.205400004982948,0.204760191961914
7.549908037,0.204402923583984,0.204860587266132
7.559913145,0.204402923583984,0.204898981248895
7.569912615,0.206397086381912,0.204871769268303
7.579879938,0.205400004982948,0.204778728828199
7.589909612,0.204402923583984,0.204631505095995
7.599879311,0.204402923583984,0.20445281957025
7.609913655,0.203405827283859,0.204267481908451
7.619819712,0.204402923583984,0.204095362958329
7.629907685,0.204402923583984,0.203951150438414
7.639910398,0.203405827283859,0.203849151701694
7.649906599,0.203405827283859,0.203804874405871
7.659909095,0.204402923583984,0.203831747828196
7.669910328,0.203405827283859,0.203940599308011
7.679879267,0.203405827283859,0.204140289376229
7.689915106,0.203405827283859,0.204432680051948
7.69982193,0.205400004982948,0.204807073958497
7.709901548,0.205400004982948,0.205243369388451
7.71989299,0.205400004982948,0.205720170320444
7.729911474,0.205400004982948,0.206216329162837
7.739883698,0.207394182682037,0.206706358411381
7.749914811,0.208391278982162,0.207162068580533
7.759907538,0.207394182682037,0.207562272082723
7.76995474,0.207394182682037,0.207896549096226
7.779791361,0.208391278982162,0.20815821185762
7.78990577,0.208391278982162,0.208338623777586
7.799881628,0.208391278982162,0.208428346725198
7.809911966,0.209388360381126,0.208420015128427
7.819922743,0.208391278982162,0.208311788120979
7.829916329,0.209388360381126,0.208111499043674
7.839927622,0.207394182682037,0.207838861466107
7.849910134,0.206397086381912,0.20752158884437
7.859796539,0.206397086381912,0.207183733964646
7.869900914,0.207394182682037,0.206836329038744
7.87991413,0.206397086381912,0.206480460408434
7.889916158,0.206397086381912,0.206115922228616
7.899909002,0.206397086381912,0.205746108921162
7.909937781,0.205400004982948,0.205380417001297
7.91994892,0.205400004982948,0.2050353770936
7.929926407,0.203405827283859,0.204731669514661
7.939831276,0.203405827283859,0.204485387374544
7.949917129,0.205400004982948,0.204299791979175
7.959908794,0.205400004982948,0.204170486922536
7.969915659,0.203405827283859,0.204099933331357
7.979888763,0.203405827283859,0.204100158490532
7.989912787,0.204402923583984,0.204182259213235
7.999915478,0.202408730983734,0.20434837203381
8.009901151,0.204402923583984,0.204587278373568
8.019793141,0.205400004982948,0.20487232802316
8.029918529,0.205400004982948,0.205168529957717
8.039915747,0.206397086381912,0.20544402726971
8.049912493,0.205400004982948,0.205676031248103
8.059883376,0.205400004982948,0.205849189742183
8.069922004,0.206397086381912,0.205949524945425
8.079891502,0.206397086381912,0.20596223704735
8.089908623,0.206397086381912,0.205876328480552
8.099787258,0.206397086381912,0.205689723143184
8.109905777,0.205400019884109,0.20541110523771
8.119918775,0.204402923583984,0.205057184264151
8.129920416,0.205400004982948,0.204646549313068
8.139899041,0.203405827283859,0.204196413900051
8.149913151,0.203405827283859,0.203721892645393
8.159886628,0.203405827283859,0.203233499648963
8.169906189,0.202408745884895,0.202736529247873
8.179781499,0.203405827283859,0.202234739232033
8.189905273,0.20141164958477,0.201735549653773
8.199891322,0.20141164958477,0.201252668893439
8.209911774,0.200414568185806,0.200803326418299
8.219895015,0.200414568185806,0.200403805491091
8.229907311,0.199417486786842,0.200066912535667
8.23986766,0.200414568185806,0.199801065508371
8.249910084,0.199417471885681,0.199612057978794
8.259780549,0.199417471885681,0.199505984252545
8.269926242,0.199417471885681,0.199489218265277
8.279914292,0.198420405387878,0.199565317682229
8.289901439,0.200414568185806,0.199731387086281
8.299916584,0.200414568185806,0.199979135187862
8.30990685,0.200414568185806,0.200301993957451
8.319919044,0.200414568185806,0.200699174123892
8.329897934,0.200414568185806,0.201171481323791
8.339811483,0.202408730983734,0.201715543575271
8.349893806,0.202408730983734,0.202324401742475
8.359917519,0.202408730983734,0.202991892172594
8.369903206,0.203405827283859,0.203711696751375
8.379916047,0.204402923583984,0.204472518779261
8.389917206,0.204402923583984,0.205256159040499
8.399913983,0.206397086381912,0.206037433279192
8.409892825,0.206397086381912,0.206784998804622
8.419796819,0.208391278982162,0.207464932105476
8.429907507,0.208391278982162,0.208046364696924
8.439909982,0.207394182682037,0.208504563232157
8.449893099,0.209388360381126,0.208816802187306
8.459900338,0.209388360381126,0.208958185584309
8.46990571,0.21038544178009,0.208907168298131
8.4799129,0.209388360381126,0.208655973289084
8.489891862,0.209388360381126,0.208217024591678
8.499774567,0.206397086381912,0.207621538658706
8.509914192,0.207394182682037,0.206910026163109
8.51991105,0.205400004982948,0.20612205222678
8.529903864,0.206397086381912,0.205293732308623
8.539909519,0.204402923583984,0.204462153455721
8.549892925,0.202408745884895,0.203668002662908
8.559913152,0.203405827283859,0.202950318404373
8.569911281,0.201411664485931,0.202340468018117
8.579779849,0.201411664485931,0.20186117878964
8.589908276,0.200414568185806,0.20152469782244
8.599909698,0.201411664485931,0.201329619439083
8.609909207,0.201411664485931,0.201262744408354
8.619721402,0.201411664485931,0.201305981125796
8.629905962,0.200414568185806,0.201440587177579
8.639891446,0.202408745884895,0.201645135141334
8.649901675,0.202408745884895,0.201895528256827
8.659785944,0.202408745884895,0.202171472876231
8.669908991,0.202408745884895,0.202460623203252
8.679913268,0.202408745884895,0.202755511844991
8.689911705,0.203405827283859,0.203048831528688
8.699901158,0.203405827283859,0.203332547598442
8.70991554,0.203405827283859,0.203599687273069
8.719916932,0.204402923583984,0.203845002856196
8.729901725,0.204402923583984,0.204065967335013
8.739778783,0.203405827283859,0.204264202783043
8.749911814,0.205400004982948,0.204443425975493
8.75990958,0.204402923583984,0.204607852507335
8.76989537,0.204402923583984,0.204763633670518
8.779906524,0.204402923583984,0.20491663198227
8.789922742,0.205400004982948,0.205067746679173
8.799894097,0.205400004982948,0.205213622305095
8.809911334,0.205400004982948,0.205351395958034
8.819804344,0.205400004982948,0.205480914240845
8.829908958,0.205400004982948,0.205603139075983
8.83992878,0.206397086381912,0.205718716317797
8.849905348,0.205400004982948,0.205829337842793
8.859908162,0.205400004982948,0.205937915223696
8.869907552,0.205400004982948,0.206043573537826
8.879909454,0.207394182682037,0.206138046410327
8.889908036,0.205400004982948,0.20621011865547
8.899805262,0.207394182682037,0.206251654602815
8.909910975,0.206397086381912,0.206260113735135
8.919906973,0.205400004982948,0.206239017040529
8.92991169,0.206397086381912,0.206193776988424
8.939916178,0.206397086381912,0.206126814631449
8.949935455,0.205400004982948,0.206038490758593
8.959906,0.206397086381912,0.205928518255438
8.969917724,0.207394182682037,0.2057978331063
8.979794245,0.205400004982948,0.205656182121088
8.989912538,0.205400004982948,0.205526101689543
8.999901451,0.203405827283859,0.205433813669978
9.009907096,0.205400004982948,0.205394565767899
9.019920237,0.205400004982948,0.205406514361228
9.029906984,0.205400004982948,0.205456845857763
9.039924277,0.205400004982948,0.205529567215318
9.049902308,0.206397086381912,0.205608564458106
9.059463491,0.205400004982948,0.205680188932893
9.06990608,0.205400004982948,0.205734366824286
9.079908763,0.205400004982948,0.205760555017875
9.089909,0.206397086381912,0.205744070900735
9.099907523,0.206397086381912,0.205669647603642
9.109858659,0.205400004982948,0.205528533778668
9.119870071,0.205400004982948,0.205320160105048
9.129852981,0.205400004982948,0.205048539981771
9.13940976,0.204402923583984,0.204720044227538
9.149907387,0.204402923583984,0.204342488440678
9.15991011,0.204402923583984,0.203924089990355
9.169907719,0.202408745884895,0.203473458301781
9.179911035,0.203405827283859,0.202997808823171
9.18992023,0.202408745884895,0.202500555445077
9.199909808,0.203405827283859,0.201984744031006
9.209912039,0.201411664485931,0.201460900627737
9.219465166,0.200414568185806,0.200949921282076
9.22991638,0.200414568185806,0.200476796401504
9.239914167,0.200414568185806,0.200064019720232
9.24990874,0.198420390486717,0.199730812827879
9.259374912,0.199417471885681,0.199491108005495
9.269916378,0.200414568185806,0.19935122212907
9.279911028,0.198420390486717,0.199314859328603
9.289909012,0.199417471885681,0.199387348205041
9.29946086,0.198420390486717,0.19957108269895
9.309913652,0.199417471885681,0.199858691886417
9.319909872,0.201411664485931,0.200231868060631
9.329903704,0.200414568185806,0.200668657305111
9.339907808,0.200414568185806,0.201150296945637
9.349907579,0.202408745884895,0.201658766152719
9.359416508,0.202408745884895,0.202174698090435
9.369904535,0.202408745884895,0.202681328663338
9.37945471,0.203405827283859,0.203165624005349
9.389907498,0.203405827283859,0.203615611345755
9.399920351,0.203405827283859,0.204018170998995
9.409910066,0.205400004982948,0.20435756607612
9.419910899,0.204402923583984,0.204617638858573
9.429905749,0.205400004982948,0.204786665462081
9.439909447,0.205400004982948,0.204859887317704
9.449906404,0.204402923583984,0.20483994062786
9.45945673,0.204402923583984,0.204733961989681
9.469902492,0.204402923583984,0.204547345059145
9.479911244,0.205400004982948,0.204281971008518
9.48990937,0.204402923583984,0.203942771251248
9.499919084,0.204402923583984,0.203545923533136
9.509897076,0.202408745884895,0.203120582744012
9.519911949,0.202408745884895,0.202702468023934
9.529891123,0.202408745884895,0.202325347124097
9.539456042,0.201411664485931,0.20201766039474
9.549909735,0.201411664485931,0.201802288026834
9.55968016,0.201411664485931,0.201694907657573
9.569907498,0.201411664485931,0.201703111685965
9.579910946,0.201411664485931,0.201827280012674
9.58990781,0.201411664485931,0.202060402517215
9.599893252,0.202408745884895,0.202386845115229
9.609906279,0.202408745884895,0.202782856587761
9.619464134,0.203405827283859,0.203219141465672
9.629907431,0.203405827283859,0.20366333818503
9.639918059,0.205400004982948,0.204082995892955
9.649905367,0.205400004982948,0.204452338762355
9.659906885,0.204402923583984,0.20475947873289
9.66990823,0.205400004982948,0.20500531984991
9.679916002,0.205400004982948,0.205197053074039
9.689908114,0.205400004982948,0.205345516877376
9.699457086,0.205400004982948,0.20546498153184
9.709902051,0.205400004982948,0.205571176317918
9.7199238,0.206397086381912,0.205679914603262
9.729918314,0.205400004982948,0.205808634562125
9.739913148,0.205400004982948,0.205976550977476
9.749902591,0.205400004982948,0.206199093891816
9.759914658,0.207394182682037,0.206482876283932
9.769904736,0.206397086381912,0.206828825341398
9.77945992,0.206397086381912,0.207236714581973
9.789905259,0.208391278982162,0.207703121607174
9.799914695,0.207394182682037,0.20821942771123
9.809903945,0.209388360381126,0.208773906709891
9.819907172,0.208391278982162,0.209352791282579
9.829921693,0.209388360381126,0.209937917659127
9.839909414,0.21038544178009,0.210502582683499
9.849905664,0.212379619479179,0.21101263092568
9.859465061,0.211382538080215,0.211435961033585
9.869903643,0.212379619479179,0.211750529596755
9.879901675,0.212379619479179,0.211944856993213
9.889333435,0.212379619479179,0.212016767818761
9.899906518,0.212379619479179,0.211973257925735
9.909918642,0.211382538080215,0.211828899616296
9.919910978,0.211382538080215,0.211601335956403
9.929913196,0.212379619479179,0.211307557500114
9.939459454,0.211382538080215,0.21096721738518
9.949913765,0.209388345479965,0.210607318599306
9.959318494,0.209388360381126,0.210255946656723
9.969912633,0.209388345479965,0.209929814711599
9.979901927,0.209388360381126,0.209629656337118
9.989914084,0.209388360381126,0.209344479188878
9.999912915,0.209388360381126,0.209058029299372
10.009903774,0.209388360381126,0.208754994175666
10.019458668,0.208391278982162,0.208425904875215
10.029903964,0.207394182682037,0.208067055232696
10.039905654,0.207394182682037,0.20767432138543
10.049901219,0.207394182682037,0.207237615072662
10.059420359,0.207394182682037,0.206742706375098
10.069894358,0.206397086381912,0.206177974087346
10.079909834,0.206397086381912,0.205539723489698
10.08990507,0.204402923583984,0.204833625173949
10.09945935,0.204402923583984,0.204072337926301
10.109901203,0.203405827283859,0.203271856765448
10.119913269,0.202408745884895,0.202450310787712
10.129902619,0.201411664485931,0.201627567311491
10.139907207,0.200414568185806,0.200822627269055
10.149900055,0.200414568185806,0.200051055085551
10.159625143,0.199417471885681,0.199326022167701
10.169907389,0.199417471885681,0.198662623818244
10.179460364,0.197423309087753,0.198081191575093
10.189904048,0.197423309087753,0.197605292908792
10.199903715,0.196426212787628,0.197255327366354
10.209909775,0.196426212787628,0.197042560151042
10.219907896,0.197423309087753,0.196967178654477
10.22989914,0.197423309087753,0.197022790252284
10.239906883,0.197423309087753,0.197204673950777
10.249909082,0.197423309087753,0.197513926043084
10.259461168,0.197423309087753,0.19795491985309
10.269305993,0.197423309087753,0.198528719170838
10.279894805,0.199417471885681,0.199226376389259
10.289909413,0.199417471885681,0.200027435488309
10.299903219,0.201411664485931,0.200903844967379
10.309904605,0.202408745884895,0.201825718216847
10.319909796,0.202408745884895,0.202766837745334
10.329909562,0.203405827283859,0.203705205192158
10.33946272,0.204402923583984,0.204617867814516
10.349906638,0.205400004982948,0.205477131233626
10.359913486,0.206397086381912,0.206251319818974
10.369457261,0.208391278982162,0.206909344390378
10.379906864,0.207394182682037,0.207428380935022
10.38990342,0.208391278982162,0.207798646901904
10.399904311,0.208391278982162,0.208021753357726
10.409908726,0.207394182682037,0.20810681115049
10.419461675,0.209388345479965,0.20806693405183
10.429906701,0.208391278982162,0.207919937023012
10.439907237,0.207394182682037,0.20769294499815
10.449914081,0.207394182682037,0.207421261056689
10.459923863,0.207394182682037,0.207142250138464
10.469619105,0.205400004982948,0.206891464041984
10.479907519,0.206397086381912,0.206697622588962
10.489911484,0.206397086381912,0.206577070091409
10.499460802,0.205400004982948,0.206533748129061
10.509908449,0.207394182682037,0.206561703413498
10.519905117,0.205400004982948,0.206647384952427
10.529911807,0.207394182682037,0.206771832068929
10.53990709,0.207394182682037,0.206913016706567
10.549900342,0.206397086381912,0.207050034211566
10.559916776,0.207394182682037,0.207164292329466
10.569872108,0.207394182682037,0.207236810027992
10.579462633,0.208391278982162,0.207249955675957
10.589909456,0.207394182682037,0.207194007604857
10.599905489,0.207394182682037,0.207070932785644
10.609909062,0.206397086381912,0.206891595374416
10.619902521,0.207394182682037,0.20667033693674
10.629901846,0.205400004982948,0.206422027771616
10.639905029,0.206397086381912,0.206159999264347
10.649907227,0.206397086381912,0.205894564584012
10.659464686,0.205400004982948,0.20563581527659
10.669914001,0.205400004982948,0.20539649227758
10.679905234,0.204402923583984,0.205189415765066
10.689908642,0.204402923583984,0.205021867443322
10.699902935,0.205400004982948,0.204891985305001
10.709908899,0.205400004982948,0.204792326771381
10.719908476,0.204402923583984,0.204717966023978
10.729906506,0.204402923583984,0.204668653753356
10.739464278,0.204402923583984,0.204643802718432
10.749905885,0.204402923583984,0.204638265077214
10.759906437,0.204402923583984,0.204641594448542
10.769906132,0.205400004982948,0.204639591435001
10.779905704,0.204402923583984,0.204618337192704
10.789903398,0.204402923583984,0.204567018864162
10.799916457,0.204402923583984,0.204475857532364
10.809915544,0.204402923583984,0.204333343117805
10.819463452,0.204402923583984,0.204126966102215
10.829905433,0.204402923583984,0.203846363822202
10.839908889,0.203405827283859,0.203486476716696
10.849907304,0.203405827283859,0.203048264383653
10.85990354,0.203405827283859,0.20253839884156
10.869900709,0.20141164958477,0.201970553891889
10.879907104,0.20141164958477,0.201364181991397
10.889913048,0.20141164958477,0.200740502363559
10.899466814,0.200414568185806,0.200123239098508
10.909906453,0.198420405387878,0.199541016806645
10.919909645,0.198420405387878,0.199021661109686
10.929919806,0.198420405387878,0.198583130617185
10.93990375,0.198420405387878,0.198232449293632
10.949895403,0.198420405387878,0.197972270702179
10.959907094,0.197423309087753,0.197806948480083
10.969909796,0.197423309087753,0.197742720919283
10.979466251,0.197423309087753,0.197783233589588
10.989911468,0.197423309087753,0.197925587272031
10.999914469,0.198420405387878,0.198159511820928
11.00991376,0.198420405387878,0.198469736005621
11.019903364,0.199417471885681,0.198840427470764
11.029902453,0.199417471885681,0.199259342827752
11.039908919,0.199417471885681,0.199719342940417
11.04990996,0.199417471885681,0.200214880545372
11.059466958,0.200414568185806,0.20073496633573
11.069911845,0.201411664485931,0.201259394945214
11.079907439,0.202408745884895,0.201762456983389
11.089906665,0.203405827283859,0.202221889202917
11.09990572,0.202408730983734,0.20262692204169
11.109912188,0.203405827283859,0.202979220563756
11.11991149,0.202408730983734,0.203286936711229
11.129909598,0.203405827283859,0.203557172381789
11.139467055,0.204402923583984,0.203792032421697
11.149911622,0.204402923583984,0.203992112945976
11.159911649,0.203405827283859,0.204162071729296
11.169912281,0.205400004982948,0.20431030135535
11.179911643,0.204402923583984,0.204447881909308
11.189916964,0.203405827283859,0.204589282781054
11.199907893,0.204402923583984,0.204746664104557
11.209913449,0.205400004982948,0.204922803857402
11.219467451,0.205400004982948,0.205114329813828
11.229919371,0.205400004982948,0.205319891609175
11.239911498,0.204402923583984,0.205541396265125
11.249893177,0.206397086381912,0.205778322689119
11.259906329,0.206397086381912,0.206025678508623
11.269910776,0.205400004982948,0.206278267753892
11.279866308,0.206397086381912,0.20653078629237
11.289900894,0.207394182682037,0.206773853913948
11.299468787,0.207394182682037,0.206996680792444
11.309902206,0.207394182682037,0.207193902599946
11.319907092,0.207394182682037,0.207367514502567
11.329894386,0.207394182682037,0.207523997016306
11.339915963,0.208391278982162,0.207671893754771
11.349917886,0.207394182682037,0.207822365554606
11.359922396,0.207394182682037,0.207988580540771
11.369902983,0.208391278982162,0.20818107461552
11.379470068,0.208391278982162,0.20840544275891
11.389903795,0.208391278982162,0.208664798659242
11.399908925,0.208391278982162,0.208960268518889
11.409896073,0.208391278982162,0.209286812035708
11.419909131,0.21038544178009,0.209629662747939
11.429919826,0.21038544178009,0.209968121719688
11.439910916,0.21038544178009,0.210284340856505
11.449901031,0.21038544178009,0.210566897179414
11.459470317,0.211382538080215,0.210808179803623
11.469901037,0.211382538080215,0.211003766538635
11.479911822,0.21038544178009,0.211153957623768
11.489917367,0.211382538080215,0.211260954086733
11.499908032,0.211382538080215,0.211324340140027
11.509908981,0.212379619479179,0.211342778599047
11.519888746,0.21038544178009,0.211319274240339
11.529901631,0.211382538080215,0.211260752036662
11.539470021,0.21038544178009,0.211171891240357
11.549902445,0.211382538080215,0.2110510417836
11.559912454,0.211382538080215,0.210892121048283
11.56989897,0.21038544178009,0.210689869937738
11.579909458,0.211382538080215,0.210443269475881
11.589904341,0.21038544178009,0.21015719302895
11.599912708,0.21038544178009,0.209844934155983
11.609903466,0.208391278982162,0.209527526440017
11.619475783,0.209388360381126,0.209226945481045
11.629902889,0.208391278982162,0.20895940985909
11.63991051,0.208391278982162,0.208733658903603
11.64990307,0.208391278982162,0.208551246569283
11.659909407,0.209388360381126,0.208408663484148
11.669907407,0.208391278982162,0.208303867754
11.679909392,0.207394182682037,0.208240639943617
11.689909588,0.208391278982162,0.20822416962762
11.699469355,0.207394182682037,0.208254429985175
11.709909515,0.208391278982162,0.208323890503933
11.719913098,0.208391278982162,0.208418274603321
11.729901921,0.208391278982162,0.208519195483329
11.7399112,0.21038544178009,0.208608944219813
11.749901078,0.208391278982162,0.208677768294865
11.759174456,0.207394182682037,0.208726030455488
11.769912636,0.208391278982162,0.208753523662655
11.779471539,0.209388360381126,0.2087492269456
11.789946866,0.208391278982162,0.208694794364205
11.799914399,0.209388360381126,0.208572747599748
11.8099055,0.208391278982162,0.208370447870734
11.819912158,0.209388360381126,0.208082810726608
11.829909107,0.207394182682037,0.207715320251363
11.839915343,0.206397086381912,0.207282146498947
11.849904515,0.207394182682037,0.206797952141646
11.859345806,0.206397086381912,0.206273718960861
11.869854088,0.206397086381912,0.205721600029523
11.879852073,0.204402923583984,0.205159288339022
11.889854621,0.204402923583984,0.204607008932124
11.899848184,0.204402923583984,0.204082063977365
11.909852247,0.203405827283859,0.203598468355808
11.91984942,0.202408730983734,0.203168677726386
11.929854404,0.203405827283859,0.202801822622529
11.939422003,0.202408730983734,0.202503475724787
11.949875354,0.20141164958477,0.202278079653629
11.959525475,0.202408730983734,0.202127301955854
11.969848313,0.20141164958477,0.202046876611309
11.979848756,0.202408730983734,0.202027202007569
11.989853945,0.202408730983734,0.202056461317058
11.999852414,0.201411664485931,0.202123799455436
12.009845141,0.202408745884895,0.202218819146442
12.019422474,0.202408745884895,0.202328948918547
12.029853021,0.202408745884895,0.202440202452454
12.039850166,0.202408745884895,0.202538951214119
12.049847525,0.203405827283859,0.202612351574535
12.059746167,0.202408745884895,0.202650346034801
12.069850677,0.202408745884895,0.202646853134553
12.079853868,0.203405827283859,0.202597710277615
12.089854221,0.202408745884895,0.20250079161976
12.099421327,0.202408745884895,0.202358387806014
12.109858861,0.202408745884895,0.202176595576585
12.119856511,0.201411664485931,0.201962993195431
12.129862065,0.202408730983734,0.201725133211719
12.139848854,0.20141164958477,0.201471026125454
12.149851859,0.200414568185806,0.201210132191024
12.15984395,0.201411664485931,0.200950727724913
12.169853933,0.200414568185806,0.200697427565233
12.179423721,0.200414568185806,0.200452668580522
12.189851766,0.200414568185806,0.200218087031573
12.19984666,0.199417471885681,0.199994405780077
12.209852805,0.200414568185806,0.19978111591507
12.219849588,0.199417471885681,0.199577258839779
12.229851878,0.198420390486717,0.199381993367681
12.239854385,0.200414568185806,0.199192326196707
12.249861336,0.199417471885681,0.199004637309661
12.259425403,0.198420390486717,0.198821365399674
12.269846692,0.199417471885681,0.198652315555172
12.279845646,0.198420390486717,0.198511841784151
12.289848436,0.197423309087753,0.1984169986396
12.299848841,0.198420390486717,0.198382424069633
12.309760045,0.198420390486717,0.198415600731455
12.319847651,0.198420390486717,0.198518826022208
12.329846979,0.198420390486717,0.198692439969615
12.339424475,0.198420390486717,0.198933956486417
12.349851634,0.199417471885681,0.199235735871725
12.359851679,0.199417471885681,0.199585229580861
12.369844183,0.199417471885681,0.199966638302167
12.379852622,0.200414568185806,0.200360277382517
12.389852603,0.201411664485931,0.200742626395651
12.399850803,0.201411664485931,0.201091432488008
12.409849265,0.200414568185806,0.201389721128775
12.419424729,0.202408745884895,0.201622552636782
12.42985434,0.202408745884895,0.201774825515853
12.439848705,0.201411664485931,0.201835737677685
12.449852491,0.202408730983734,0.201800952089809
12.459854072,0.20141164958477,0.20167003641332
12.469850073,0.20141164958477,0.201444567242984
12.479849124,0.201411664485931,0.201126928257899
12.489853845,0.201411664485931,0.200721099651459
12.499428229,0.200414568185806,0.200236697945984
12.5098497,0.200414568185806,0.199692185327245
12.51984983,0.198420390486717,0.199114375276345
12.529854167,0.198420390486717,0.198533849351792
12.539855096,0.197423309087753,0.19797840245986
12.549852736,0.197423309087753,0.197469210976655
12.559853024,0.197423309087753,0.197021812299921
12.569844931,0.197423309087753,0.196651437577472
12.57942461,0.195429131388664,0.196378358752842
12.589858005,0.195429131388664,0.19622496356239
12.599852531,0.196426212787628,0.196206796593772
12.609845004,0.195429131388664,0.196329049241081
12.619848868,0.196426212787628,0.196588206943218
12.629850965,0.197423309087753,0.196973454699613
12.639848539,0.198420390486717,0.197471854181097
12.649843206,0.197423309087753,0.198076148452
12.659427037,0.198420390486717,0.198784841773367
12.66985048,0.198420390486717,0.199593389155501
12.679853954,0.200414568185806,0.200485846124854
12.689846414,0.201411664485931,0.201433752923719
12.699859476,0.202408745884895,0.202401284224363
12.709852299,0.204402923583984,0.203351939938399
12.71984863,0.204402923583984,0.204254828086751
12.729845007,0.204402923583984,0.205087291394851
12.739429252,0.205400004982948,0.205829231372095
12.749849316,0.207394182682037,0.206456258809228
12.759850856,0.207394182682037,0.20694271181287
12.769844785,0.208391278982162,0.207271071454341
12.779856701,0.208391278982162,0.207438992539872
12.789852816,0.207394182682037,0.207461609713807
12.799855132,0.207394182682037,0.207367826084477
12.809854695,0.206397086381912,0.207191621482302
12.819429053,0.207394182682037,0.206964450811453
12.829849983,0.207394182682037,0.206714684062599
12.839851645,0.206397086381912,0.206473428673919
12.849851131,0.205400004982948,0.206276846954594
12.859849174,0.205400004982948,0.206159014364424
12.869845634,0.205400004982948,0.206142537140681
12.879855395,0.205400004982948,0.206234215532218
12.889852819,0.206397086381912,0.206425320364801
12.899041119,0.206397086381912,0.206695018232195
12.909647625,0.207394182682037,0.207015775781223
12.919643376,0.207394182682037,0.207358490697285
12.929651191,0.207394182682037,0.207695241523767
12.939636644,0.208391278982162,0.207998924714451
12.949655137,0.208391278982162,0.208243009170496
12.959845271,0.209388360381126,0.208404619973416
12.969854627,0.209388360381126,0.208470161804013
12.979430107,0.208391278982162,0.208439952509128
12.989854489,0.208391278982162,0.208326833607703
12.999851935,0.208391278982162,0.20815008367078
13.00985262,0.208391278982162,0.207932335018365
13.01985153,0.207394182682037,0.207700436542348
13.029854244,0.206397086381912,0.207483185105843
13.039848492,0.207394182682037,0.20730406374156
13.049855102,0.207394182682037,0.207177680163978
13.059430603,0.206397086381912,0.207113400508222
13.069853641,0.207394182682037,0.2071179231532
13.079850979,0.207394182682037,0.207195249365919
13.089846974,0.206397086381912,0.20734786330542
13.099850564,0.207394182682037,0.207575070395484
13.109156199,0.207394182682037,0.207868459099818
13.11985373,0.208391278982162,0.208211138596356
13.129857525,0.209388360381126,0.208582256249909
13.13943163,0.209388360381126,0.20896446836797
13.149868883,0.208391278982162,0.209348136470878
13.159867093,0.21038544178009,0.20972729972628
13.169845224,0.209388360381126,0.210094259738644
13.179850311,0.21038544178009,0.210438232816503
13.189850654,0.212379619479179,0.210746928856745
13.199848513,0.21038544178009,0.211012586176211
13.209852583,0.211382538080215,0.211236068638059
13.219436037,0.211382538080215,0.211422556159316
13.229130194,0.212379619479179,0.211578081547199
13.239848426,0.21038544178009,0.211710794528339
13.24984446,0.212379619479179,0.211828904295077
13.259852883,0.211382538080215,0.211936467990757
13.269852791,0.211382538080215,0.212032167908006
13.279134263,0.212379619479179,0.212108368579655
13.289129547,0.212379619479179,0.212151809485807
13.29943139,0.212379619479179,0.212148723440822
13.309852816,0.212379619479179,0.2120893352247
13.319845887,0.211382538080215,0.211968030216545
13.329133673,0.211382538080215,0.211779397981328
13.339848716,0.212379619479179,0.211514265221163
13.349738986,0.211382538080215,0.211162464184292
13.359853067,0.21038544178009,0.210718547410512
13.369854569,0.211382538080215,0.210182695735702
13.379434756,0.209388360381126,0.209560879032433
13.389162458,0.207394182682037,0.208864264162438
13.399927532,0.209388360381126,0.208102478310895
13.409173496,0.207394182682037,0.207281106383301
13.419918322,0.207394182682037,0.206409835103543
13.429910823,0.205400004982948,0.205509178005744
13.43990387,0.204402923583984,0.204608915585175
13.44991151,0.203405827283859,0.203741787136657
13.459152011,0.203405827283859,0.202938460902378
13.469909091,0.20141164958477,0.202227097150913
13.479895161,0.20141164958477,0.201632906378477
13.489899693,0.20141164958477,0.201175793823277
13.499140165,0.199417486786842,0.200869535899567
13.50916788,0.200414568185806,0.200719440399822
13.519908906,0.200414568185806,0.200718223812624
13.529142,0.200414568185806,0.200846626797553
13.539487297,0.200414568185806,0.201076279458672
13.54916428,0.202408730983734,0.201371239598716
13.559142671,0.202408730983734,0.201694059453597
13.569893133,0.202408730983734,0.202015758946479
13.579140609,0.202408730983734,0.202319848425003
13.589717175,0.202408730983734,0.202598335350354
13.599156521,0.203405827283859,0.202846695641274
13.609147033,0.202408730983734,0.203061985732395
13.619154914,0.203405827283859,0.20324157506256
13.629114087,0.204402923583984,0.203382574649267
13.639913672,0.204402923583984,0.203487295279511
13.649134513,0.202408730983734,0.203569466843953
13.659914964,0.202408730983734,0.203647924541924
13.669150607,0.204402923583984,0.203732810205328
13.679157336,0.203405827283859,0.203822487802743
13.689144854,0.204402923583984,0.203910991252586
13.699164295,0.203405827283859,0.203992780752988
13.709145556,0.205400004982948,0.204063565525278
13.719146847,0.204402923583984,0.204123891229802
13.729166379,0.203405827283859,0.204182908996028
13.739911935,0.203405827283859,0.204253048985291
13.749142807,0.204402923583984,0.204339415106259
13.759140425,0.205400004982948,0.204438247665533
13.769142028,0.203405827283859,0.204544362268262
13.77948839,0.205400004982948,0.204654386242707
13.789901784,0.204402923583984,0.20476455008511
13.799142273,0.205400004982948,0.204871036369142
13.809154193,0.204402923583984,0.204971644167681
13.818967125,0.204402923583984,0.205063560285939
13.829119618,0.205400004982948,0.205138625384478
13.83912852,0.205400004982948,0.205182794285207
13.849910123,0.205400004982948,0.205181286671709
13.859140242,0.205400004982948,0.205123081037658
13.869115297,0.205400004982948,0.205002381060979
13.879124092,0.204402923583984,0.204818589933564
13.889116042,0.205400004982948,0.204574915503404
13.899123646,0.204402923583984,0.204278269488612
13.909130959,0.203405827283859,0.20394039396714
13.919123864,0.203405827283859,0.203574785240406
13.929126907,0.203405827283859,0.203191835175513
13.939112367,0.203405827283859,0.20279986371494
13.949123142,0.202408745884895,0.202410493935472
13.959124311,0.201411664485931,0.202040229158269
13.969165548,0.201411664485931,0.201705333711069
13.979124838,0.201411664485931,0.2014163121692
13.989128198,0.200414568185806,0.20117697323874
13.999119003,0.20141164958477,0.200985230094021
14.00911878,0.20141164958477,0.200835548176389
14.019112853,0.20141164958477,0.200725694670745
14.029121366,0.199417471885681,0.200661245617905
14.039124191,0.200414568185806,0.200649942501454
14.049114927,0.200414568185806,0.200692429817191
14.05912376,0.200414568185806,0.200779851457169
14.069123297,0.201411664485931,0.200896999711487
14.079125948,0.201411664485931,0.201027217033824
14.08911661,0.201411664485931,0.201158002418713
14.099120689,0.200414568185806,0.201282343539489
14.109119569,0.201411664485931,0.201393389014697
14.11912681,0.201411664485931,0.201479255261223
14.129104824,0.202408745884895,0.201524757545763
14.139127107,0.202408730983734,0.201518980230907
14.149005878,0.202408730983734,0.201463655430035
14.159125218,0.201411664485931,0.201377220607973
14.169097272,0.200414568185806,0.201290521874892
14.179119029,0.200414568185806,0.201235136382344
14.189109032,0.200414568185806,0.201231692511303
14.19907317,0.202408730983734,0.201286869186487
14.209095008,0.20141164958477,0.201401305728361
14.219072576,0.20141164958477,0.201578971722124
14.229105973,0.202408730983734,0.201828658674728
14.239105789,0.20141164958477,0.202161447566264
14.249066908,0.20141164958477,0.202586629032636
14.2591049,0.202408730983734,0.203103249083631
14.269079328,0.204402923583984,0.203695080972344
14.27908573,0.204402923583984,0.20433700430364
14.289095355,0.206397086381912,0.205006477343955
14.299074515,0.205400004982948,0.205691286721313
14.309115544,0.205400004982948,0.206388697483188
14.319105404,0.207394182682037,0.207096270896793
14.329070077,0.206397086381912,0.207803730595846
14.339073753,0.208391278982162,0.208489968472945
14.349029621,0.209388360381126,0.209122803443443
14.359101822,0.211382538080215,0.209665895914649
14.369111332,0.21038544178009,0.210092107413421
14.37906567,0.211382538080215,0.210392071047838
14.389107396,0.21038544178009,0.21057318436625
14.399062374,0.209388360381126,0.210651869289648
14.409100821,0.211382538080215,0.210642978366044
14.419100994,0.21038544178009,0.210555337731727
14.42906496,0.211382538080215,0.210397113627762
14.43911187,0.21038544178009,0.210182851338876
14.449048546,0.21038544178009,0.20993666762024
14.459035587,0.208391278982162,0.209689937294441
14.469049455,0.208391278982162,0.209471670535907
14.479040145,0.209388360381126,0.209297608815657
14.489096527,0.208391278982162,0.209168084810927
14.499102199,0.21038544178009,0.209074335976523
14.509040872,0.208391278982162,0.209006608260187
14.519028007,0.209388360381126,0.208958877811807
14.529010606,0.208391278982162,0.208927711156053
14.539048321,0.208391278982162,0.208908039166689
14.549051115,0.208391278982162,0.208888598032134
14.559043153,0.21038544178009,0.208851146459259
14.56905382,0.209388360381126,0.208778977385147
14.579028752,0.208391278982162,0.208667112308861
14.589051543,0.208391278982162,0.208521244339642
14.599012635,0.208391278982162,0.208349500259428
14.609024332,0.208391278982162,0.208158849803819
14.619024533,0.207394182682037,0.207956028239646
14.629053264,0.208391278982162,0.207747543286261
14.639042912,0.207394182682037,0.207539941847684
14.649034473,0.207394182682037,0.207341514068074
14.659056413,0.206397086381912,0.207161324340896
14.668976247,0.207394182682037,0.207005404191472
14.679047539,0.206397086381912,0.20687522744416
14.689029288,0.207394182682037,0.206769674202296
14.699028777,0.206397086381912,0.206687795776063
14.708996221,0.206397086381912,0.206629739078049
14.719045114,0.206397086381912,0.206594522811594
14.729015473,0.206397086381912,0.206577321787668
14.739019308,0.207394182682037,0.206570262731172
14.749045687,0.206397086381912,0.206566825208575
14.75902216,0.206397086381912,0.206564695795702
14.769049255,0.205400004982948,0.20656191136923
14.779021921,0.207394182682037,0.206550335141119
14.788985355,0.206397086381912,0.206515801627124
14.79901978,0.206397086381912,0.206443783077252
14.809035871,0.207394182682037,0.206322909309708
14.819046029,0.206397086381912,0.206147928995746
14.82902661,0.205400004982948,0.205922321547591
14.838983211,0.204402923583984,0.205652735307335
14.849016772,0.206397086381912,0.205339191135397
14.85899892,0.205400004982948,0.204975511827506
14.868988475,0.205400004982948,0.204559972358523
14.879004813,0.203405827283859,0.204101691551021
14.889027061,0.203405827283859,0.203616144303696
14.898981794,0.202408730983734,0.20311623870242
14.908976419,0.202408730983734,0.20260663279522
14.918973272,0.202408730983734,0.202083714064358
14.928978662,0.202408730983734,0.201541143339684
14.938971183,0.202408730983734,0.200979662986241
14.948983184,0.199417471885681,0.200414609937563
14.958972687,0.199417471885681,0.199871812761991
14.96896849,0.199417471885681,0.199375545641466
14.978969226,0.198420390486717,0.198942617860438
14.988975249,0.198420390486717,0.198583465898245
14.998987418,0.198420390486717,0.198303291320994
15.008977401,0.198420390486717,0.19810432964536
15.018977001,0.197423309087753,0.197989116175346
15.028984293,0.197423309087753,0.197959395223445
15.039001063,0.197423309087753,0.198010630631827
15.048985214,0.198420405387878,0.198128728490756
15.058988821,0.198420405387878,0.198293056515166
15.068965894,0.198420405387878,0.198482072369443
15.079002826,0.199417486786842,0.198676665918333
15.088972524,0.199417486786842,0.198862953580994
15.098988064,0.199417486786842,0.199036217379839
15.108967832,0.198420405387878,0.199200968896454
15.118987514,0.199417486786842,0.199364601350162
15.128988636,0.199417471885681,0.199531191210041
15.138976959,0.199417471885681,0.199700630263132
15.148911799,0.199417471885681,0.199869057292066
15.158975649,0.200414568185806,0.20002795129658
15.168923506,0.200414568185806,0.200165931398661
15.178952964,0.200414568185806,0.200273424548469
15.188919042,0.200414568185806,0.200345120490797
15.198921238,0.200414568185806,0.200379072527418
15.208923799,0.200414568185806,0.200375201817131
15.218910976,0.200414568185806,0.200334580163688
15.228910695,0.200414568185806,0.200259500543078
15.238949371,0.200414568185806,0.200154311957009
15.248976226,0.200414568185806,0.200026961290733
15.258915431,0.199417486786842,0.199889815950763
15.268926701,0.199417486786842,0.199756954628399
15.27892098,0.199417486786842,0.199639011225433
15.288910648,0.199417486786842,0.199540600492392
15.29893185,0.199417486786842,0.199461445651046
15.308896851,0.199417486786842,0.199398462592832
15.31893913,0.199417486786842,0.199347466523609
15.328903836,0.199417486786842,0.199304548233253
15.338933264,0.199417486786842,0.19926719394036
15.348937237,0.199417486786842,0.199235219545538
15.358903536,0.199417486786842,0.199211562577664
15.368916412,0.199417486786842,0.199202927352211
15.378908728,0.199417486786842,0.199220214394176
15.388917112,0.198420405387878,0.199277269852391
15.398924977,0.199417471885681,0.199386419632454
15.408906211,0.199417471885681,0.199554496434794
15.418912511,0.199417471885681,0.199783094882641
15.428908841,0.200414568185806,0.200070271749086
15.438904795,0.200414568185806,0.200412321695079
15.448916451,0.200414568185806,0.200805650778857
15.458910553,0.201411664485931,0.201246170322477
15.468937047,0.201411664485931,0.201727611516227
15.478913431,0.201411664485931,0.202240183017376
15.488903795,0.203405827283859,0.202768400313317
15.498915216,0.203405827283859,0.203292270689828
15.508914358,0.204402923583984,0.203793466756415
15.518907954,0.204402923583984,0.204260256409252
15.528908366,0.204402923583984,0.204687570851574
15.538911213,0.204402923583984,0.205072457993726
15.548910685,0.206397086381912,0.205409030321685
15.558909158,0.205400004982948,0.205689612849657
15.568907062,0.205400004982948,0.205908249719763
15.578928121,0.207394182682037,0.206060104985574
15.588909257,0.206397086381912,0.206143479614616
15.59891066,0.206397086381912,0.206165843540659
15.608930441,0.206397086381912,0.206144629246336
15.618912277,0.206397086381912,0.206103938507088
15.628917909,0.205400004982948,0.206072100278915
15.638928568,0.205400004982948,0.206076959921999
15.648926458,0.205400004982948,0.206138350429969
15.65892949,0.205400004982948,0.206262508156151
15.668948667,0.207394182682037,0.206442026494126
15.678909269,0.206397086381912,0.206662534074463
15.688907249,0.207394182682037,0.206910911685553
15.698902653,0.206397086381912,0.207177357264061
15.70893039,0.206397086381912,0.207450236630974
15.718931014,0.208391278982162,0.207709253540921
15.728907652,0.208391278982162,0.207926483042451
15.738913041,0.209388360381126,0.208077004407787
15.748913827,0.208391278982162,0.208149068046378
15.75890171,0.209388360381126,0.208147626158521
15.768895103,0.207394182682037,0.208092756287566
15.778907387,0.206397086381912,0.208011571743842
15.788903176,0.207394182682037,0.20792327982634
15.798910498,0.208391278982162,0.207830152024803
15.80890968,0.208391278982162,0.207724639144819
15.818902849,0.206397086381912,0.207600646425346
15.828908214,0.208391278982162,0.207454511497345
15.83891743,0.207394182682037,0.207282393557365
15.848924836,0.206397086381912,0.207082086600602
15.858902821,0.206397086381912,0.206851410986283
15.868917263,0.207394182682037,0.206583246998068
15.878916077,0.207394182682037,0.206269170686102
15.888910246,0.206397086381912,0.205910486153872
15.898921734,0.205400004982948,0.205523536170004
15.908921558,0.204402923583984,0.205133935572717
15.918966158,0.205400004982948,0.204767350596659
15.928920751,0.203405827283859,0.204445605528726
15.938905276,0.203405827283859,0.204184979085288
15.948916988,0.204402923583984,0.203992293155441
15.958871167,0.204402923583984,0.203866398775533
15.968864099,0.203405827283859,0.203806217270905
15.978864016,0.203405827283859,0.203813414180819
15.988852695,0.203405827283859,0.203887064596505
15.99885557,0.204402923583984,0.204019556844453
16.00887192,0.204402923583984,0.204199069246303
16.018855171,0.204402923583984,0.20441480085218
16.028866833,0.205400019884109,0.204659878995648
16.038869998,0.204402923583984,0.204932141352034
16.048854629,0.204402923583984,0.205231611615528
16.058867776,0.204402923583984,0.205552105291681
16.068848278,0.206397086381912,0.205873643646734
16.078881986,0.207394182682037,0.206166430456872
16.088867882,0.206397086381912,0.206404136144522
16.098852179,0.206397086381912,0.206571163579048
16.108868825,0.207394182682037,0.206659103734825
16.118867527,0.206397086381912,0.206663292177302
16.128854469,0.206397086381912,0.206582316519068
16.138856435,0.207394182682037,0.206416624810755
16.148855439,0.206397086381912,0.206170233343414
16.158884134,0.206397086381912,0.205855506327634
16.168859389,0.205400004982948,0.205494282168811
16.178799613,0.204402923583984,0.205113755035762
16.188854397,0.205400004982948,0.204740647306902
16.198883588,0.204402923583984,0.204399749092077
16.208866587,0.203405827283859,0.204116275087396
16.21885052,0.203405827283859,0.203913581855975
16.228904504,0.203405827283859,0.203807054375357
16.238853794,0.204402923583984,0.203802958239844
16.248874694,0.204402923583984,0.203904580227735
16.258867685,0.204402923583984,0.204120187955786
16.268854663,0.203405827283859,0.204464747158958
16.278864549,0.204402923583984,0.204952567658563
16.288858222,0.204402923583984,0.205587229093773
16.298886009,0.206397086381912,0.206356498052368
16.308859417,0.207394182682037,0.2072348504924
16.318852407,0.208391264081001,0.208191195596393
16.328869918,0.208391264081001,0.209194351522874
16.338864464,0.209388345479965,0.210210282907953
16.348870543,0.211382538080215,0.211195742639662
16.358885364,0.212379619479179,0.212098330673278
16.368867921,0.213376700878143,0.212863883871722
16.378852587,0.213376700878143,0.213443001162267
16.388853615,0.215370893478394,0.213793826664914
16.398872401,0.214373797178268,0.213886060106923
16.408857646,0.213376700878143,0.21370440137159
16.4188502,0.214373797178268,0.213245443695194
16.428875124,0.213376700878143,0.212514961742729
16.438869584,0.212379619479179,0.211532285126288
16.448882887,0.21038544178009,0.210333681268658
16.458867498,0.208391278982162,0.208967713282657
16.468845852,0.208391278982162,0.207487126775228
16.478902993,0.206397086381912,0.205946867886807
16.488896728,0.203405827283859,0.204407137917783
16.49891299,0.202408745884895,0.202929746603891
16.50890054,0.201411664485931,0.201569165460994
16.518905429,0.199417471885681,0.200368930175569
16.528899414,0.199417471885681,0.199362277936942
16.538901926,0.198420390486717,0.198573456315844
16.548911125,0.197423309087753,0.198020305002886
16.558907886,0.197423309087753,0.197714934450425
16.568886656,0.196426212787628,0.197660798910602
16.57891049,0.197423309087753,0.19784857452738
16.588906557,0.198420390486717,0.198254766906815
16.598939061,0.198420390486717,0.19884589602528
16.608908308,0.199417471885681,0.199583439266756
16.618913793,0.201411664485931,0.200426234531266
16.628928014,0.201411664485931,0.201335086641408
16.638900893,0.201411664485931,0.202276445015645
16.648939976,0.203405827283859,0.203218034830005
16.658913027,0.204402923583984,0.204123787121532
16.668821884,0.205400004982948,0.204956711801118
16.678906504,0.206397086381912,0.205685174255549
16.688919791,0.206397086381912,0.206286701665983
16.69891292,0.207394182682037,0.206748629884332
16.708906016,0.207394182682037,0.207067377323701
16.718914189,0.206397086381912,0.207246621353254
16.728907438,0.207394182682037,0.207291836241094
16.738907616,0.207394182682037,0.207205126502333
16.748934193,0.208391278982162,0.20698820229408
16.758932809,0.207394182682037,0.206652102922615
16.768829436,0.206397086381912,0.206224303729185
16.778904018,0.205400004982948,0.205746307936441
16.788908332,0.204402923583984,0.205263803835409
16.798919808,0.203405827283859,0.204815203488284
16.80890316,0.205400004982948,0.2044243075897
16.818910364,0.204402923583984,0.204104269344735
16.828906479,0.203405827283859,0.2038683582791
16.838912994,0.203405827283859,0.203732634503947
16.848909424,0.202408730983734,0.203708906518584
16.85890989,0.203405827283859,0.203796933051965
16.868916628,0.203405827283859,0.203980973542195
16.87890886,0.204402923583984,0.204232046816622
16.888890543,0.205400004982948,0.204514888999409
16.898923457,0.205400004982948,0.204797514021986
16.908915,0.204402923583984,0.205057431650492
16.918911745,0.205400004982948,0.205278544026421
16.928909211,0.205400004982948,0.205444500994931
16.938901459,0.206397086381912,0.205538150562365
16.948915193,0.205400004982948,0.20554611813674
16.958914957,0.205400004982948,0.20546092120943
16.968907054,0.206397086381912,0.205279562029522
16.978906144,0.205400004982948,0.205005361118419
16.988906906,0.204402923583984,0.204651757691352
16.998904927,0.204402923583984,0.204240058909848
17.008919091,0.203405827283859,0.203793513410004
17.018893003,0.202408730983734,0.203332592870677
17.028905677,0.203405827283859,0.202871039834822
17.03890534,0.203405827283859,0.20241756253755
17.048909082,0.20141164958477,0.201984186183408
17.058910608,0.20141164958477,0.201589126560848
17.068904125,0.20141164958477,0.201251265341147
17.078913357,0.200414568185806,0.200986443889607
17.088909289,0.200414568185806,0.2008065334379
17.098930136,0.200414568185806,0.200717002552474
17.108910632,0.201411664485931,0.200716710390746
17.118907837,0.201411664485931,0.200803766148698
17.128913586,0.200414568185806,0.200982145052029
17.138903231,0.199417471885681,0.201258487229604
17.148908527,0.202408745884895,0.201630347191822
17.158907735,0.201411664485931,0.202081693281626
17.168906501,0.202408745884895,0.20258839237472
17.178909459,0.203405827283859,0.203122099209623
17.188911149,0.204402923583984,0.203653019528677
17.198911143,0.204402923583984,0.204156071210749
17.208904266,0.204402923583984,0.204614418658924
17.218906986,0.205400004982948,0.20501691961601
17.228905233,0.205400004982948,0.205355139215441
17.238895579,0.205400004982948,0.205622834415168
17.248906543,0.206397086381912,0.205815456785729
17.258913842,0.207394182682037,0.2059324468508
17.268913043,0.205400004982948,0.20598370987649
17.278911512,0.205400004982948,0.205989672853464
17.288910517,0.205400004982948,0.205970758693689
17.29891316,0.206397086381912,0.20593913643747
17.308911227,0.205400004982948,0.205900310509528
17.318895675,0.205400004982948,0.205856367174443
17.328914727,0.205400004982948,0.205804137710636
17.338905024,0.207394182682037,0.20573484334354
17.348915017,0.205400004982948,0.205641882446668
17.358911239,0.204402923583984,0.205526319715764
17.368901118,0.205400004982948,0.205389615277378
17.37890609,0.205400004982948,0.20522550965467
17.388897945,0.205400004982948,0.205022981076645
17.398904679,0.205400004982948,0.204773786500269
17.408904029,0.205400004982948,0.204478149961783
17.418909564,0.204402923583984,0.204148712436915
17.428907677,0.203405827283859,0.203810060796894
17.438901811,0.202408745884895,0.203490937572189
17.448907373,0.202408745884895,0.203212647769157
17.458912331,0.203405827283859,0.202982403146153
17.468903322,0.203405827283859,0.202797813492925
17.478897556,0.203405827283859,0.202658371029226
17.488914078,0.202408745884895,0.202573313460875
17.498908463,0.201411664485931,0.202559203565381
17.508905972,0.201411664485931,0.202628373478858
17.518906149,0.202408730983734,0.202777231183611
17.52890178,0.204402923583984,0.20298615353356
17.538896782,0.203405827283859,0.203232360938378
17.548908967,0.203405827283859,0.203501555187428
17.558913024,0.204402923583984,0.203788135462043
17.568904322,0.203405827283859,0.2040908823817
17.578913348,0.204402923583984,0.204409545988607
17.588908826,0.204402923583984,0.204741081575628
17.598909665,0.205400004982948,0.205078214355313
17.608905717,0.206397086381912,0.205413048407977
17.618908569,0.205400004982948,0.205743199672285
17.628909248,0.206397086381912,0.206073965415063
17.638909625,0.206397086381912,0.206415239735346
17.648907807,0.207394182682037,0.206779685427731
17.658932156,0.206397086381912,0.20718329025156
17.668918612,0.207394182682037,0.207642762105332
17.678906527,0.207394182682037,0.208169452508778
17.688895325,0.208391278982162,0.208764791130552
17.698913156,0.209388360381126,0.209419675474963
17.708909261,0.21038544178009,0.210117791886519
17.718900221,0.211382538080215,0.210841707278427
17.728912337,0.21038544178009,0.211576740427249
17.73890196,0.212379619479179,0.212307668810681
17.748902501,0.213376700878143,0.213013888078096
17.758921266,0.213376700878143,0.213671304981092
17.768933013,0.214373797178268,0.214256107729545
17.77895017,0.215370878577232,0.214745611672126
17.788944992,0.215370878577232,0.215120628781937
17.798929974,0.215370878577232,0.215368497642102
17.808892884,0.215370878577232,0.215481875899884
17.818903234,0.215370878577232,0.215454893715826
17.828908872,0.216367959976196,0.215282135960547
17.838908835,0.215370878577232,0.214963223949904
17.84890982,0.214373797178268,0.214507791017316
17.85891081,0.214373797178268,0.213934217598546
17.868916872,0.213376700878143,0.213265889283073
17.878916125,0.211382538080215,0.212528582468678
17.888906665,0.211382538080215,0.211744556874527
17.898913306,0.211382538080215,0.210926826150933
17.908900486,0.209388345479965,0.21008110404765
17.918907594,0.21038544178009,0.209211176407379
17.928904866,0.208391278982162,0.208323567567021
17.93890549,0.207394182682037,0.207431371874234
17.948903766,0.206397086381912,0.206553117890925
17.958908461,0.205400004982948,0.205707718189702
17.96890874,0.204402923583984,0.204910438163047
17.97890181,0.204402923583984,0.204170844556076
17.98889489,0.204402923583984,0.203495068438932
17.998904261,0.202408730983734,0.202892156265292
18.008904632,0.202408730983734,0.202376404431261
18.018899905,0.200414568185806,0.201961507533769
18.028904049,0.201411664485931,0.201651551808181
18.038905711,0.201411664485931,0.201436567101922
18.048908799,0.201411664485931,0.201296551733599
18.058904164,0.201411664485931,0.20120886664024
18.068898587,0.201411664485931,0.201152753896673
18.07891021,0.201411664485931,0.201111410655352
18.08889343,0.200414568185806,0.201072035581761
18.098905726,0.201411664485931,0.201022884691235
18.108894836,0.201411664485931,0.200951592344121
18.118905746,0.201411664485931,0.200848977416142
18.128919932,0.200414568185806,0.200713284060233
18.138906812,0.201411664485931,0.200549734531789
18.148912913,0.200414568185806,0.200369389830925
18.158904803,0.199417471885681,0.200188537728829
18.168908284,0.199417471885681,0.200023108867787
18.178902291,0.200414568185806,0.199881789404944
18.188909282,0.200414568185806,0.199768109824167
18.198904575,0.199417486786842,0.199688668218435
18.208894468,0.199417486786842,0.19965546478754
18.218902304,0.199417486786842,0.199680865339903
18.228908974,0.199417486786842,0.199772900969331
18.238904511,0.198420405387878,0.199932010051135
18.248904241,0.200414568185806,0.200146451273032
18.25891732,0.201411664485931,0.20039301667354
18.268913278,0.201411664485931,0.200648557278014
18.278910179,0.200414568185806,0.200900828741906
18.288913942,0.201411664485931,0.201147170294757
18.298902288,0.201411664485931,0.201387879666903
18.308927804,0.201411664485931,0.201623636033305
18.318908303,0.201411664485931,0.201854356001476
18.328908996,0.202408745884895,0.202076844430052
18.338899137,0.202408745884895,0.202285220534367
18.348914166,0.202408745884895,0.202474182366402
18.358906277,0.202408745884895,0.202639927745131
18.368915346,0.202408745884895,0.202777516085036
18.378907791,0.203405827283859,0.202878733263345
18.388911653,0.202408745884895,0.202933222479241
18.39890755,0.203405827283859,0.202930406978064
18.408914409,0.203405827283859,0.202861085399105
18.418905241,0.203405827283859,0.202721542450941
18.428917815,0.202408745884895,0.202517690156459
18.438908497,0.202408745884895,0.20226400267468
18.448906382,0.201411664485931,0.201978448874594
18.458910491,0.201411664485931,0.201677123966352
18.468912342,0.201411664485931,0.201370892824511
18.478905161,0.201411664485931,0.201066375991249
18.488912483,0.201411664485931,0.200771038153781
18.498906214,0.200414568185806,0.200498231420133
18.508911026,0.199417486786842,0.200266710379071
18.518852976,0.199417486786842,0.200093023766501
18.528854388,0.199417486786842,0.199983056352853
18.53885539,0.200414568185806,0.199930368187942
18.548851636,0.200414568185806,0.199922542213349
18.558853418,0.200414568185806,0.199950337522046
18.568855302,0.200414568185806,0.200013224361468
18.578856885,0.199417471885681,0.200118801877445
18.588854883,0.199417471885681,0.200276115920248
18.598862633,0.199417471885681,0.20048542276756
18.608853748,0.20141164958477,0.200732223459937
18.618854291,0.20141164958477,0.200992216190912
18.628854196,0.202408730983734,0.201243467128252
18.638855763,0.201411664485931,0.201475641291567
18.648853832,0.201411664485931,0.201690070050049
18.658853427,0.201411664485931,0.201892191062926
18.66885509,0.202408730983734,0.202084320033742
18.678849263,0.202408730983734,0.202265305373336
18.688860908,0.202408730983734,0.202434384620088
18.698861316,0.203405827283859,0.20259395453527
18.708850236,0.202408745884895,0.202751241765618
18.718850845,0.202408745884895,0.202917487715151
18.728860218,0.202408745884895,0.203101867424279
18.738853288,0.203405827283859,0.203305240774004
18.748855243,0.203405827283859,0.203520197810235
18.75885102,0.204402923583984,0.20373606161895
18.768659777,0.203405827283859,0.203943680805537
18.778854857,0.204402923583984,0.204136232833703
18.788854514,0.204402923583984,0.204307541194613
18.798857378,0.204402923583984,0.204452022361028
18.808859801,0.204402923583984,0.204565075749677
18.818854406,0.205400004982948,0.204642712669965
18.828876225,0.205400004982948,0.204684479331098
18.838854027,0.204402923583984,0.204698409430438
18.848849849,0.204402923583984,0.204700055885935
18.858856047,0.204402923583984,0.204705442048217
18.868756213,0.204402923583984,0.204725585666731
18.878855993,0.204402923583984,0.204764950528554
18.888853316,0.204402923583984,0.204820973242535
18.898853316,0.205400004982948,0.204884575768901
18.908854238,0.205400004982948,0.204944348375189
18.91885198,0.204402923583984,0.204991914888239
18.928852052,0.205400004982948,0.205022075090688
18.938856529,0.205400004982948,0.205030535790291
18.948852705,0.205400004982948,0.205015954252847
18.958858884,0.204402923583984,0.204982409354801
18.968852295,0.205400004982948,0.204937030946083
18.978855608,0.204402923583984,0.204886680059613
18.988856265,0.205400004982948,0.204837518116125
18.998851666,0.204402923583984,0.204796006632983
19.008846927,0.204402923583984,0.20476856067097
19.018852875,0.205400004982948,0.20475972303014
19.028863984,0.203405827283859,0.204771378698663
19.038854335,0.204402923583984,0.204800285878984
19.048852587,0.205400004982948,0.204833909893021
19.05885321,0.205400004982948,0.204853898247244
19.06885696,0.204402923583984,0.204844789257637
19.078853511,0.205400004982948,0.204796388725241
19.088851148,0.205400004982948,0.204702752434356
19.098852827,0.204402923583984,0.204564590567596
19.10885279,0.204402923583984,0.204389922549988
19.118857062,0.204402923583984,0.204190324490149
19.128850968,0.204402923583984,0.203979229017839
19.13885359,0.203405827283859,0.20377336859923
19.148855031,0.203405827283859,0.203591791168182
19.158853666,0.203405827283859,0.203452104630313
19.168856362,0.203405827283859,0.203368858965046
19.178878641,0.203405827283859,0.203355028611021
19.188852839,0.202408745884895,0.203422317873327
19.198852821,0.203405827283859,0.203577375821323
19.208856035,0.204402923583984,0.203818984965372
19.218858891,0.203405827283859,0.204141384615962
19.228856351,0.204402923583984,0.204537129772091
19.238850912,0.205400004982948,0.204995623288185
19.248857417,0.204402923583984,0.205502766109182
19.258852721,0.206397086381912,0.20604063542593
19.26885112,0.206397086381912,0.206586174349366
19.278866678,0.207394182682037,0.207113239877
19.288845003,0.208391278982162,0.2075971572567
19.298864983,0.208391278982162,0.208019649613729
19.308852187,0.208391278982162,0.208371976568878
19.318854203,0.209388360381126,0.208653999206781
19.328857531,0.208391278982162,0.208872002038154
19.33885514,0.208391278982162,0.209035297984417
19.348878267,0.21038544178009,0.209151519394652
19.358853564,0.208391278982162,0.209227037651922
19.368854155,0.21038544178009,0.209271027572667
19.378852301,0.209388360381126,0.209297727097567
19.388853944,0.208391278982162,0.209326674342328
19.398852516,0.209388360381126,0.209377982498119
19.408852371,0.208391278982162,0.209464925226424
19.418852646,0.209388360381126,0.209590075302638
19.428852665,0.21038544178009,0.209746074561539
19.438850852,0.21038544178009,0.209922290535657
19.448857046,0.209388360381126,0.210112173237345
19.458852609,0.21038544178009,0.210312233547615
19.468856696,0.21038544178009,0.210516746371028
19.478853383,0.209388360381126,0.21071489807809
19.488858732,0.211382538080215,0.210887893610177
19.498852823,0.211382538080215,0.211008918460495
19.508855272,0.212379619479179,0.211051625182581
19.51884865,0.21038544178009,0.210999714019835
19.528852044,0.211382538080215,0.210847519973312
19.538853213,0.21038544178009,0.21059458078728
19.548854944,0.21038544178009,0.210242270803955
19.558854416,0.21038544178009,0.209793863963134
19.56885213,0.209388360381126,0.20925667829059
19.578856733,0.209388360381126,0.208644892053974
19.588854097,0.208391278982162,0.207981529075761
19.598856501,0.206397086381912,0.207297974352938
19.60885274,0.206397086381912,0.206627902211982
19.618846033,0.206397086381912,0.206000289264537
19.628852094,0.204402923583984,0.205438781696297
19.638848112,0.205400004982948,0.204962856965882
19.648858781,0.204402923583984,0.204587631573668
19.658848875,0.204402923583984,0.204325858800275
19.668851542,0.203405827283859,0.204189139685984
19.678850845,0.204402923583984,0.204185428821192
19.688851859,0.203405827283859,0.204316569845495
19.698846357,0.204402923583984,0.204577036469088
19.708854739,0.204402923583984,0.204952535394722
19.718846653,0.205400004982948,0.205419920731968
19.72885109,0.206397086381912,0.205950040999822
19.738846672,0.206397086381912,0.206512660137411
19.748852114,0.207394182682037,0.207080063213238
19.758848914,0.207394182682037,0.207627312333203
19.76885319,0.208391278982162,0.208131054123547
19.778848385,0.208391278982162,0.208568736710663
19.788849401,0.209388360381126,0.208918738334844
19.798848558,0.209388360381126,0.209161883144247
19.808864981,0.209388360381126,0.209283467471384
19.818868857,0.209388360381126,0.209273544863792
19.828855049,0.209388360381126,0.209125777839861
19.838850399,0.208391278982162,0.208836396811576
19.848859219,0.209388360381126,0.208403411213271
19.858844386,0.208391278982162,0.207828796788455
19.868872941,0.207394182682037,0.20712367798388
19.878854288,0.206397086381912,0.206309819086678
19.888844892,0.205400004982948,0.205415855104024
19.89885211,0.204402923583984,0.204473113826605
19.908846146,0.203405827283859,0.203513103624933
19.918857614,0.202408745884895,0.202566030938432
19.928854889,0.201411664485931,0.201659696729498
19.93885487,0.201411664485931,0.200819462744105
19.948875146,0.199417471885681,0.200070017902208
19.958850512,0.198420390486717,0.199434435818216
19.968851517,0.198420390486717,0.198927375407845
19.978858976,0.198420390486717,0.19854991632218
19.98884705,0.198420390486717,0.198292363561367
19.998851599,0.198420405387878,0.198141014886535
20.008846486,0.198420405387878,0.198083752730739
20.018850735,0.197423309087753,0.198112055336741
20.028852302,0.198420405387878,0.198218344084992
20.038854282,0.197423309087753,0.198391511194968
20.04885375,0.198420405387878,0.198613471337372
20.058858854,0.199417471885681,0.198858326482356
20.068852176,0.199417471885681,0.19909717114697
20.078856456,0.199417471885681,0.199305081090661
20.088853147,0.199417471885681,0.199462915250373
20.098851183,0.199417471885681,0.19955443901869
20.108856231,0.199417471885681,0.199563157907828
20.118854882,0.200414568185806,0.199471874312377
20.12885342,0.199417471885681,0.199266638860491
20.138855614,0.200414568185806,0.198942782352241
20.148852433,0.198420405387878,0.198509305662298
20.158852321,0.198420405387878,0.197989044085951
20.168853801,0.197423309087753,0.197414413993234
20.178854801,0.197423309087753,0.196823575525028
20.18885493,0.195429131388664,0.196259002247678
20.198853358,0.195429131388664,0.195763712076261
20.208854285,0.195429131388664,0.195375619039446
20.218855155,0.1944320499897,0.195125745593291
20.228910119,0.1944320499897,0.195038194606509
20.238909894,0.1944320499897,0.195127271353678
20.248910405,0.195429131388664,0.195395230014313
20.258900863,0.195429131388664,0.195834319799232
20.268916886,0.195429131388664,0.196429107562594
20.278913063,0.196426212787628,0.197153944483746
20.288904258,0.198420390486717,0.19796988385165
20.298909835,0.199417471885681,0.198829532689978
20.308915001,0.200414568185806,0.199687973709212
20.318931082,0.201411664485931,0.2005114187712
20.328909803,0.201411664485931,0.201280498477104
20.338844883,0.201411664485931,0.201987549669756
20.348901303,0.202408745884895,0.202628339094807
20.358845943,0.203405827283859,0.203195062544224
20.368903691,0.204402923583984,0.203677372838888
20.378880382,0.204402923583984,0.204068955001071
20.388952678,0.204402923583984,0.20437189023562
20.398844901,0.204402923583984,0.204594942217131
20.408911115,0.204402923583984,0.204748375657727
20.418844506,0.203405827283859,0.204837812512156
20.428883678,0.205400004982948,0.20485829164455
20.438844869,0.205400004982948,0.204795065653353
20.448913656,0.205400004982948,0.204633867297627
20.458878796,0.204402923583984,0.20437030524303
20.468914948,0.204402923583984,0.204010683785716
20.478879794,0.203405827283859,0.203568284589419
20.48891139,0.203405827283859,0.203060288181722
20.498877949,0.202408745884895,0.202506404834884
20.508913019,0.201411664485931,0.201927548095689
20.518900965,0.202408745884895,0.201344148161518
20.528902073,0.200414568185806,0.200777634413384
20.538908476,0.200414568185806,0.200253321351277
20.548912118,0.199417471885681,0.199798942432736
20.558901637,0.199417471885681,0.199440947873688
20.568905123,0.198420390486717,0.199201972901219
20.578903559,0.198420390486717,0.19909762593439
20.588904465,0.199417471885681,0.199133469891644
20.598905193,0.199417471885681,0.199307170182238
20.608908053,0.199417471885681,0.199614351055136
20.618901018,0.199417471885681,0.200050240088185
20.628904428,0.200414568185806,0.20060585804583
20.638918337,0.201411664485931,0.201265485105278
20.648905982,0.201411664485931,0.202008256052121
20.658903408,0.201411664485931,0.202807610214879
20.668904609,0.205400004982948,0.203627725207179
20.678905447,0.205400004982948,0.20442939547019
20.688916861,0.205400004982948,0.205184733150108
20.698901184,0.205400004982948,0.205881595791124
20.708904013,0.206397086381912,0.206514329967556
20.718906265,0.207394182682037,0.207075682976826
20.728910686,0.208391278982162,0.207557995428059
20.738905335,0.207394182682037,0.207958543725841
20.748845352,0.209388360381126,0.208281230160873
20.758901284,0.209388360381126,0.208537296185134
20.768903159,0.207394182682037,0.208747604747135
20.778902568,0.208391278982162,0.208937004182212
20.788910963,0.208391278982162,0.209121709993089
20.798906059,0.21038544178009,0.209305127843797
20.808904722,0.209388360381126,0.209485772789813
20.818909596,0.21038544178009,0.209666585366921
20.828905593,0.208391278982162,0.209856351843611
20.838911511,0.21038544178009,0.210063151449522
20.848906387,0.209388360381126,0.210287621715916
20.858906186,0.21038544178009,0.210521214052749
20.868905349,0.211382538080215,0.210748126601324
20.878901995,0.211382538080215,0.210951074755777
20.888893968,0.211382538080215,0.211118536616768
20.898922025,0.21038544178009,0.211245854548034
20.908950178,0.212379619479179,0.211330424822772
20.918906315,0.21038544178009,0.211369032472424
20.928901763,0.212379619479179,0.211358732589069
20.938847286,0.211382538080215,0.211298700867107
20.948854827,0.211382538080215,0.211193096097223
20.958845135,0.211382538080215,0.211052285849251
20.968848262,0.21038544178009,0.210891016426511
20.978844839,0.21038544178009,0.210724645105563
20.988853122,0.21038544178009,0.21056448061951
20.998852551,0.21038544178009,0.210415910278703
21.008852947,0.209388360381126,0.210279094386682
21.018847043,0.211382538080215,0.210149470765455
21.028851437,0.209388360381126,0.210020696552699
21.038852919,0.21038544178009,0.20988877464478
21.048849573,0.209388360381126,0.209752183460191
21.058852461,0.209388360381126,0.209609411188298
21.068881668,0.209388360381126,0.20945658872389
21.078893046,0.209388360381126,0.209286596215115
21.089451828,0.209388360381126,0.209091052423801
21.098461942,0.209388360381126,0.208863998494442
21.108577249,0.208391278982162,0.208604778543654
21.118534753,0.208391278982162,0.208317576744505
21.128487052,0.208391278982162,0.208008947615885
21.138676111,0.206397086381912,0.207685912990748
21.148577074,0.207394182682037,0.207351871219352
21.158549507,0.207394182682037,0.207002849328374
21.168493027,0.207394182682037,0.20663197369744
21.178879668,0.206397086381912,0.206238242111148
21.188879806,0.206397086381912,0.205830424050904
21.198876944,0.205400004982948,0.205426069198654
21.208881373,0.204402923583984,0.205048085159088
21.218877731,0.203405827283859,0.204717231489774
21.228880771,0.204402923583984,0.20444276077022
21.23887818,0.205400004982948,0.204221410225599
21.248881676,0.204402923583984,0.204048512777789
21.258878598,0.203405827283859,0.203927999516656
21.268901294,0.203405827283859,0.203869424930712
21.278879671,0.203405827283859,0.203878552974674
21.288882819,0.202408745884895,0.203950627160497
21.298900232,0.204402923583984,0.204066273975232
21.308886804,0.205400004982948,0.204194137370596
21.318887518,0.204402923583984,0.204303262041619
21.328864707,0.204402923583984,0.204372578174064
21.338903091,0.204402923583984,0.204388816406173
21.348895076,0.204402923583984,0.204341228357659
21.35889908,0.204402923583984,0.204220038924019
21.368883726,0.203405827283859,0.204016238110357
21.378885927,0.203405827283859,0.203718967466769
21.388899191,0.205400004982948,0.203314673184214
21.398897406,0.203405827283859,0.20279617221193
21.40889767,0.202408730983734,0.202173914452021
21.418883451,0.20141164958477,0.201474976332137
21.428920658,0.200414568185806,0.200733529286308
21.438881556,0.199417486786842,0.19998285498876
21.448893298,0.198420405387878,0.199249587033092
21.458885074,0.199417471885681,0.198550853944426
21.468880325,0.199417471885681,0.197900380126768
21.478881392,0.197423309087753,0.197321800059179
21.488880979,0.195429131388664,0.196852939427815
21.498880785,0.1944320499897,0.196531292454659
21.508882724,0.195429131388664,0.196373228442338
21.518883005,0.197423309087753,0.196367441636424
21.528884804,0.197423309087753,0.196488957256272
21.538885698,0.196426212787628,0.19671796928633
21.548883761,0.197423309087753,0.197045387683493
21.558887897,0.196426212787628,0.197466773179653
21.568902969,0.196426212787628,0.197972823781801
21.578906894,0.199417471885681,0.198540561286433
21.588909524,0.199417471885681,0.199134733398576
21.598785032,0.200414568185806,0.199719902630291
21.608903025,0.201411664485931,0.200270660211683
21.618912395,0.200414568185806,0.200775334654511
21.628920988,0.200414568185806,0.201232375075815
21.638916442,0.202408745884895,0.201641012268607
21.648906446,0.202408745884895,0.201998190705935
21.658901124,0.202408745884895,0.202304456135346
21.668908605,0.203405827283859,0.202568257476783
21.678912699,0.202408745884895,0.202805970064707
21.688906238,0.202408745884895,0.203038779287233
21.698924536,0.203405827283859,0.203286111276537
21.708908959,0.202408745884895,0.203560503846728
21.718931852,0.204402923583984,0.203866196983626
21.728909232,0.204402923583984,0.204201192670526
21.738912104,0.204402923583984,0.204562672578066
21.748896481,0.204402923583984,0.204949168786576
21.758901871,0.205400004982948,0.205356888283623
21.768902258,0.205400004982948,0.205776850906821
21.778899448,0.206397086381912,0.206195587121841
21.788899907,0.206397086381912,0.206596942289044
21.798900695,0.207394182682037,0.206963935280331
21.808896977,0.207394182682037,0.207280993483496
21.818906738,0.207394182682037,0.207535581727558
21.828922771,0.207394182682037,0.207716901279993
21.83890865,0.208391278982162,0.207813255721299
21.848897163,0.208391278982162,0.207813611786284
21.85890869,0.208391278982162,0.207713586032637
21.868897081,0.207394182682037,0.207519437553774
21.87890315,0.207394182682037,0.207246163329169
21.888904223,0.207394182682037,0.206913537871088
21.898900469,0.206397086381912,0.206545093732121
21.908896541,0.206397086381912,0.206168317482652
21.918900627,0.205400004982948,0.205812925492479
21.928889471,0.205400004982948,0.205507974443438
21.938883643,0.203405827283859,0.205277208661294
21.948873961,0.205400004982948,0.205132078892273
21.958883857,0.204402923583984,0.205068593940967
21.968887531,0.205400004982948,0.20507175018271
21.978877955,0.205400004982948,0.205122304685223
21.98888109,0.205400004982948,0.205202183735946
21.998886838,0.205400004982948,0.205297558624269
22.008881929,0.205400004982948,0.20539862046768
22.018880822,0.204402923583984,0.205496348923924
22.028876153,0.206397086381912,0.205577834348451
22.038880764,0.206397086381912,0.2056269833519
22.048881373,0.205400004982948,0.205632191264548
22.058878249,0.205400004982948,0.20558937923686
22.068898199,0.205400004982948,0.205496655453973
22.078884429,0.205400004982948,0.205349968789014
22.08846034,0.205400004982948,0.205143794696792
22.098895097,0.204402923583984,0.204872977939717
22.108892869,0.205400004982948,0.204533193610013
22.118893401,0.205400004982948,0.204124084432203
22.128887741,0.203405827283859,0.203656450561687
22.138901419,0.203405827283859,0.203154197760568
22.148899948,0.202408730983734,0.202648159051439
22.158892736,0.202408730983734,0.202170575249549
22.168879552,0.20141164958477,0.20175359452739
22.17888614,0.200414568185806,0.20142717123008
22.188618946,0.20141164958477,0.201214388320247
22.198885407,0.20141164958477,0.201130209095773
22.20889629,0.200414568185806,0.201185819070821
22.218880741,0.200414568185806,0.201388970043577
22.228885366,0.201411664485931,0.201737450283717
22.238884531,0.201411664485931,0.202214811593996
22.248895318,0.202408745884895,0.202791081073437
22.258882254,0.204402923583984,0.203426161968784
22.268897421,0.204402923583984,0.204077839507572
22.27887954,0.205400004982948,0.204711201243036
22.288830992,0.205400004982948,0.205302357366559
22.298884193,0.205400004982948,0.205835842041207
22.308892746,0.206397086381912,0.206298864404445
22.318890392,0.207394182682037,0.206678068931742
22.328893826,0.207394182682037,0.20696306380123
22.338880546,0.208391264081001,0.207153008551261
22.348994779,0.208391264081001,0.207262457234503
22.358877814,0.206397086381912,0.20732377712819
22.368889193,0.207394182682037,0.207380537866901
22.378885836,0.206397086381912,0.207475210264809
22.388912052,0.206397086381912,0.207639609085662
22.398890582,0.208391264081001,0.207889918482803
22.408896926,0.208391264081001,0.208229633758213
22.418889764,0.208391264081001,0.20865872813309
22.42889785,0.208391264081001,0.209177012081356
22.438896733,0.209388345479965,0.209779014342202
22.448891709,0.209388360381126,0.210448350472875
22.458877014,0.21038544178009,0.211154390148664
22.468915683,0.211382538080215,0.211850287019265
22.478895778,0.213376700878143,0.212475675598563
22.488893008,0.214373797178268,0.212967633283373
22.498880562,0.213376700878143,0.213274478504129
22.508896106,0.214373797178268,0.213361728304745
22.518893239,0.213376700878143,0.213209927414392
22.528899376,0.213376700878143,0.212811690780952
22.538880657,0.212379619479179,0.212169720239704
22.548890952,0.212379619479179,0.211295972514419
22.558897232,0.211382538080215,0.210214566135345
22.568893385,0.209388360381126,0.20896682568113
22.578898958,0.207394182682037,0.207611310127698
22.588897185,0.205400004982948,0.206215315110663
22.59889834,0.204402923583984,0.204843290284897
22.608882173,0.202408745884895,0.203548778799137
22.618896646,0.202408745884895,0.202371236993858
22.628881362,0.201411664485931,0.20133795350164
22.638882758,0.200414568185806,0.200470213001312
22.648882616,0.198420390486717,0.199786472546467
22.658898494,0.198420390486717,0.199296794899715
22.668859836,0.198420390486717,0.19899479719029
22.678881206,0.199417471885681,0.198857530867509
22.688892608,0.199417471885681,0.198854747133971
22.698879638,0.199417471885681,0.19896002749427
22.708898774,0.198420390486717,0.199155075819583
22.718902467,0.199417471885681,0.199425049374438
22.728894853,0.199417471885681,0.199751954838631
22.738898069,0.199417471885681,0.200111764839662
22.748914223,0.201411664485931,0.200474348119771
22.758907394,0.201411664485931,0.200808040249485
22.768921437,0.201411664485931,0.201088125812533
22.778905548,0.201411664485931,0.201300586268481
22.788904809,0.201411664485931,0.201438960636478
22.798916809,0.201411664485931,0.201499920526728
22.808907155,0.202408730983734,0.201481696804813
22.818914684,0.201411664485931,0.20138676284172
22.828904811,0.20141164958477,0.201224829598522
22.838910754,0.20141164958477,0.201012114753445
22.848913308,0.200414568185806,0.200769324072906
22.8589126,0.200414568185806,0.200519341351078
22.868904789,0.200414568185806,0.200284213482212
22.878927311,0.199417486786842,0.200083614449562
22.888910066,0.199417486786842,0.199933020243715
22.898913041,0.199417486786842,0.1998398799839
22.908907403,0.199417486786842,0.199801450263139
22.918909029,0.200414568185806,0.199806793965486
22.928905235,0.200414568185806,0.199842980438883
22.938911928,0.200414568185806,0.199903016879756
22.948922947,0.199417471885681,0.199989110788415
22.958913641,0.199417471885681,0.200107423015096
22.968916821,0.200414568185806,0.200259592009214
22.978929587,0.200414568185806,0.200440214328797
22.988920203,0.200414568185806,0.200640273400988
22.998911398,0.201411664485931,0.200850004734799
23.008919659,0.201411664485931,0.201061357978127
23.018904447,0.201411664485931,0.201271554255391
23.028509618,0.201411664485931,0.201483917533649
23.038910871,0.200414568185806,0.201703394068715
23.048913026,0.202408745884895,0.201929372920042
23.058913662,0.203405827283859,0.202155004531995
23.068920795,0.202408745884895,0.202376991398674
23.078913046,0.202408745884895,0.202602712643432
23.088917251,0.203405827283859,0.20284676919057
23.098915812,0.202408745884895,0.203126055629369
23.108907337,0.203405827283859,0.203457055941669
23.118494916,0.202408730983734,0.203851080536839
23.128908668,0.204402923583984,0.204308464286737
23.138906279,0.205400004982948,0.204818137529271
23.148917791,0.205400004982948,0.205365203422044
23.158911797,0.205400004982948,0.205937449885015
23.168916048,0.206397086381912,0.206523134580589
23.178919186,0.207394182682037,0.207106914423295
23.188912305,0.207394182682037,0.20767080079719
23.198910009,0.208391278982162,0.208196501036627
23.208914497,0.209388360381126,0.208666865921484
23.218904897,0.209388360381126,0.209069450597339
23.228911398,0.209388360381126,0.209399878024609
23.238910038,0.209388360381126,0.209659960808513
23.248917373,0.209388360381126,0.209852011822988
23.258915244,0.21038544178009,0.209974637251307
23.268906369,0.21038544178009,0.210023961446745
23.278910653,0.21038544178009,0.20999898219477
23.288911444,0.21038544178009,0.209905809937671
23.298917626,0.209388360381126,0.209758131442113
23.308899919,0.209388360381126,0.209573763777912
23.318905458,0.209388360381126,0.209369681476468
23.328917082,0.208391278982162,0.209159146475397
23.338906632,0.209388360381126,0.208950612207054
23.348911862,0.209388360381126,0.20874945088908
23.358900989,0.208391278982162,0.208563624915618
23.368907144,0.208391278982162,0.208406539041817
23.378909193,0.207394182682037,0.208292920954659
23.38892308,0.207394182682037,0.208231444088183
23.398914867,0.208391278982162,0.208219131034321
23.408912146,0.208391278982162,0.208242685190906
23.418908928,0.208391278982162,0.208285481590229
23.428907317,0.208391278982162,0.208332516410029
23.438913534,0.208391278982162,0.20837097850006
23.448910476,0.208391278982162,0.208389390121191
23.458910806,0.208391278982162,0.208376914887649
23.468909011,0.207394182682037,0.208321765007621
23.478406465,0.209388360381126,0.208208953821857
23.488907314,0.208391278982162,0.208022938538668
23.498913876,0.208391278982162,0.207755442229291
23.508932843,0.207394182682037,0.207409475396157
23.518911639,0.207394182682037,0.206997053649324
23.528913396,0.206397086381912,0.206535843752139
23.538906916,0.206397086381912,0.206047155333093
23.548913543,0.205400004982948,0.205554925908399
23.558914946,0.204402923583984,0.205083941369896
23.568930266,0.205400004982948,0.204656804505146
23.578611392,0.203405827283859,0.204293113186008
23.588917231,0.204402923583984,0.204010378853979
23.598913239,0.203405827283859,0.203823625269411
23.608915472,0.203405827283859,0.203744619384723
23.618912708,0.203405827283859,0.203780424700382
23.628912386,0.203405827283859,0.203931043563511
23.638906959,0.204402923583984,0.204188659902602
23.648905389,0.204402923583984,0.204539808319995
23.65890536,0.205400004982948,0.204969293922631
23.668906925,0.205400004982948,0.205463470251932
23.678796083,0.205400004982948,0.206010526097221
23.688901238,0.206397086381912,0.206596748861885
23.698908112,0.207394182682037,0.207203007659416
23.70890831,0.207394182682037,0.207805737205065
23.718908294,0.209388360381126,0.208380180806998
23.728899348,0.209388360381126,0.208905038559042
23.738928429,0.209388360381126,0.209367677174811
23.748446661,0.209388360381126,0.209763707081281
23.758903387,0.21038544178009,0.210091198422984
23.76890638,0.21038544178009,0.21034759767651
23.778900536,0.211382538080215,0.210532054221698
23.78890207,0.21038544178009,0.21064923245937
23.798910082,0.211382538080215,0.210710633283106
23.808928759,0.21038544178009,0.210733312245286
23.818909893,0.21038544178009,0.21073708268554
23.828438639,0.21038544178009,0.210739872691956
23.838902138,0.21038544178009,0.210753501890784
23.848914766,0.211382538080215,0.210783497455452
23.858906906,0.21038544178009,0.210832701309243
23.868903007,0.21038544178009,0.210903241629836
23.878909821,0.21038544178009,0.210992833813994
23.888924888,0.211382538080215,0.211090676863555
23.89892504,0.21038544178009,0.211178308757229
23.908444008,0.212379619479179,0.211233004244645
23.918908312,0.21038544178009,0.211231433636132
23.928905557,0.212379619479179,0.211152706586855
23.938899399,0.211382538080215,0.210981262124051
23.948906487,0.211382538080215,0.21071133412695
23.958921512,0.21038544178009,0.210349320245025
23.968897088,0.21038544178009,0.209911515184672
23.978910532,0.209388345479965,0.209421050882207
23.988445776,0.208391264081001,0.208905049308122
23.998902446,0.208391264081001,0.208390210892146
24.008909408,0.207394182682037,0.207898947548317
24.018912079,0.207394182682037,0.207448172396094
24.028921103,0.206397086381912,0.207048966986794
24.038905455,0.205400019884109,0.206704135934333
24.048909056,0.205400019884109,0.206402122561941
24.058916676,0.207394182682037,0.206113880367777
24.068443866,0.205400019884109,0.205800885406501
24.078901849,0.206397086381912,0.205426911417679
24.088906478,0.205400004982948,0.204963714351091
24.098909794,0.205400004982948,0.204393968248629
24.108906325,0.203405827283859,0.203713336769118
24.118910689,0.203405827283859,0.202928071023121
24.128911136,0.202408730983734,0.202050886676225
24.138893067,0.20141164958477,0.201100303509762
24.148449612,0.200414568185806,0.200101867596774
24.158905301,0.198420405387878,0.199086897705361
24.168911754,0.198420390486717,0.19808822889627
24.178904768,0.196426212787628,0.197136289701751
24.188914261,0.196426212787628,0.196257495792631
24.198908841,0.1944320499897,0.195473015746404
24.208909202,0.195429131388664,0.194797363405618
24.218901459,0.1944320499897,0.194240337833029
24.228446162,0.193434953689575,0.193811983320108
24.238905411,0.193434953689575,0.193523719982266
24.248907618,0.193434953689575,0.193385420580144
24.258892339,0.192437872290611,0.19340349481031
24.268923575,0.193434953689575,0.193578474601302
24.278907021,0.193434953689575,0.193901990352163
24.288911803,0.1944320499897,0.19435711267007
24.298896753,0.195429131388664,0.194922233040031
24.308446897,0.1944320499897,0.195574846576184
24.318909317,0.195429131388664,0.19628906405064
24.328923019,0.197423309087753,0.197028673404606
24.338904731,0.198420390486717,0.197748233213194
24.348905324,0.198420390486717,0.198402952383783
24.358926657,0.199417471885681,0.198955033130692
24.368905339,0.199417471885681,0.19937340358057
24.378897133,0.201411664485931,0.199634232013321
24.388447522,0.200414568185806,0.199726828345041
24.398901458,0.199417471885681,0.199658784643077
24.408892968,0.199417471885681,0.199451300613233
24.418911054,0.199417471885681,0.199129854760843
24.428903957,0.198420405387878,0.198720415272184
24.438909528,0.198420405387878,0.19824937395856
24.448907034,0.198420405387878,0.19774401879824
24.458924834,0.197423309087753,0.197235617693171
24.46845007,0.196426212787628,0.196761867756176
24.478907879,0.195429131388664,0.196362751193349
24.488914407,0.1944320499897,0.196070362415622
24.498906458,0.195429131388664,0.195898558193179
24.50890428,0.196426212787628,0.195841087124886
24.518924596,0.196426212787628,0.195881878920764
24.528897944,0.196426212787628,0.196008291276975
24.53890488,0.196426212787628,0.196216970581751
24.54845213,0.195429131388664,0.19651121390471
24.558896345,0.196426212787628,0.196892566977802
24.568906902,0.197423309087753,0.197353267024485
24.578906349,0.197423309087753,0.197876167418395
24.588923193,0.199417471885681,0.198439673234298
24.598910991,0.199417471885681,0.199024044221201
24.608896682,0.199417471885681,0.199616819347224
24.618923865,0.200414568185806,0.200212451321354
24.628451321,0.200414568185806,0.200807736496063
24.638905956,0.200414568185806,0.20139715960767
24.648910181,0.202408745884895,0.201968270275395
24.658909582,0.202408745884895,0.202501210642761
24.668915597,0.204402923583984,0.202975298394467
24.678912317,0.204402923583984,0.203379061656101
24.688909333,0.203405827283859,0.203717467291493
24.698909988,0.203405827283859,0.204008601037038
24.708462539,0.204402923583984,0.204272365462542
24.718905697,0.204402923583984,0.204524112375742
24.728897554,0.204402923583984,0.204775491995632
24.738901647,0.205400004982948,0.205035595404529
24.748900303,0.205400004982948,0.205312131770235
24.758912889,0.206397086381912,0.205615071551393
24.768907628,0.204402923583984,0.205958600309306
24.778925364,0.205400004982948,0.206354561882662
24.78845854,0.206397086381912,0.206801114083531
24.798912656,0.208391278982162,0.20728096381331
24.80890622,0.207394182682037,0.207771875168286
24.818908862,0.208391278982162,0.208255207704231
24.828904892,0.208391278982162,0.208714957074114
24.838910897,0.209388360381126,0.209134292146523
24.848900017,0.209388360381126,0.209495235491329
24.858902975,0.209388360381126,0.209779210662416
24.868403061,0.21038544178009,0.209966194823684
24.878904753,0.211382538080215,0.210036832420077
24.888910298,0.21038544178009,0.209980546909835
24.898908862,0.209388360381126,0.209800748461902
24.90892499,0.21038544178009,0.209510716452842
24.918914163,0.208391278982162,0.209128035905053
24.928912499,0.209388360381126,0.208672637689218
24.93890664,0.208391278982162,0.208166773348483
24.948456299,0.207394182682037,0.207636503256636
24.958902737,0.206397086381912,0.207110257888941
24.968915055,0.207394182682037,0.206613936272999
24.978910892,0.205400004982948,0.206169899961167
24.988905513,0.205400004982948,0.20579800752407
24.998899581,0.204402923583984,0.205511615906998
25.008913075,0.205400004982948,0.20531212477879
25.018903139,0.205400004982948,0.205189746782758
25.028408674,0.205400004982948,0.205130465923626
25.03890159,0.204402923583984,0.2051214098175
25.048916624,0.205400004982948,0.205149603642606
25.058909119,0.205400004982948,0.205199662978603
25.068929992,0.204402923583984,0.20525467816538
25.078899545,0.205400004982948,0.20529533441653
25.088908844,0.206397086381912,0.205298952555175
25.098904117,0.206397086381912,0.205246776664491
25.108410208,0.204402923583984,0.205133321508642
25.118906224,0.205400004982948,0.204964898107007
25.12891171,0.204402923583984,0.204751402890981
25.138912431,0.204402923583984,0.204501867348966
25.148909103,0.204402923583984,0.204223605921532
25.158909952,0.204402923583984,0.203923462207927
25.168912501,0.204402923583984,0.203612303558124
25.178917322,0.203405827283859,0.20330993588107
25.188401972,0.20141164958477,0.203043567087469
25.198897085,0.202408730983734,0.202836780635985
25.208918447,0.203405827283859,0.202700421979267
25.218908446,0.202408730983734,0.202636857131314
25.228893221,0.202408730983734,0.202648103269433
25.238901567,0.203405827283859,0.202737151706099
25.248907436,0.202408730983734,0.20290769841494
25.25890579,0.202408730983734,0.203163539641553
25.268392898,0.203405827283859,0.203503606933816
25.278259748,0.203405827283859,0.203917885661714
25.28890136,0.204402923583984,0.204388236673309
25.298423532,0.205400004982948,0.204891688249071
25.308906272,0.205400004982948,0.205405229162867
25.318905092,0.205400004982948,0.205908584119557
25.32890827,0.207394182682037,0.206382793012873
25.3388992,0.206397086381912,0.206810309660618
25.348379278,0.207394182682037,0.207177019937461
25.358905597,0.208391278982162,0.207472575214144
25.368904658,0.207394182682037,0.207691972021334
25.37828741,0.208391278982162,0.207837262092461
25.388900649,0.208391278982162,0.207916844573413
25.398904109,0.208391278982162,0.207946258382657
25.408909586,0.207394182682037,0.207948970747349
25.418909491,0.207394182682037,0.207951553092697
25.4283856,0.207394182682037,0.207975434919624
25.43891117,0.207394182682037,0.20803135073228
25.448903767,0.208391278982162,0.208118721454306
25.458915969,0.208391278982162,0.208229749852829
25.468908497,0.208391278982162,0.208355562983025
25.478301702,0.208391278982162,0.208489229748319
25.488908236,0.208391278982162,0.208624491356067
25.49890905,0.208391278982162,0.208753000605208
25.508388955,0.208391278982162,0.208861549528568
25.51890816,0.21038544178009,0.208932127127243
25.528905776,0.209388360381126,0.208949039751362
25.53889714,0.209388360381126,0.208908127969181
25.548918516,0.208391278982162,0.208817770812394
25.558914306,0.208391278982162,0.208691754745444
25.568906638,0.208391278982162,0.208541813222196
25.578243718,0.207394182682037,0.208373577964309
25.588384102,0.209388360381126,0.208185736605662
25.598895226,0.207394182682037,0.207973604489277
25.608906467,0.208391278982162,0.207734464753614
25.618911044,0.207394182682037,0.207469447519538
25.628908584,0.207394182682037,0.207183303669644
25.638348302,0.207394182682037,0.20688468757952
25.64890638,0.206397086381912,0.206586845355312
25.658909451,0.205400004982948,0.206305882382148
25.668365972,0.206397086381912,0.206055030419518
25.678561113,0.206397086381912,0.205842541978367
25.688901136,0.205400004982948,0.205676908260902
25.69890586,0.205400004982948,0.205569945308644
25.708909068,0.205400004982948,0.205533582294041
25.718920069,0.204402923583984,0.205575407797887
25.728905748,0.205400004982948,0.205694086823945
25.738904676,0.205400004982948,0.205875854467513
25.748362852,0.206397086381912,0.206096105380717
25.75890314,0.207394182682037,0.206326353358171
25.768908744,0.206397086381912,0.206543054011629
25.778772498,0.206397086381912,0.206730891966221
25.788907381,0.206397086381912,0.206877041863432
25.798922968,0.207394182682037,0.206964695501929
25.808897908,0.207394182682037,0.206974102566308
25.818906675,0.208391278982162,0.206890151448759
25.82836596,0.206397086381912,0.206710237878835
25.838903691,0.206397086381912,0.206444749966189
25.84890613,0.206397086381912,0.206110219604522
25.858908824,0.205400004982948,0.205724218725352
25.868906608,0.204402923583984,0.205303022763273
25.878924086,0.205400004982948,0.204857740523559
25.888908361,0.204402923583984,0.204393878906446
25.898908842,0.204402923583984,0.203916748040544
25.908338468,0.203405827283859,0.203435943465408
25.918901129,0.202408745884895,0.202964791792663
25.928907661,0.202408745884895,0.20251588073669
25.938904543,0.202408745884895,0.202097710794475
25.948907803,0.201411664485931,0.201716191617199
25.958922476,0.201411664485931,0.201376833603629
25.968914334,0.201411664485931,0.201084850650701
25.97894926,0.200414568185806,0.200845692304487
25.988330935,0.201411664485931,0.200665889396843
25.998891171,0.199417471885681,0.200552771049881
26.008911046,0.199417471885681,0.200510282013791
26.01891309,0.199417471885681,0.200529471601234
26.028909355,0.20141164958477,0.200582897091112
26.038925403,0.20141164958477,0.200632415784936
26.048912506,0.20141164958477,0.200644273902345
26.058905279,0.20141164958477,0.200598959875436
26.068337112,0.200414568185806,0.200492477850503
26.078917436,0.200414568185806,0.200332076504681
26.088910382,0.199417486786842,0.200129198757953
26.098906496,0.200414568185806,0.199893527463923
26.108952052,0.200414568185806,0.199633219814071
26.11890547,0.200414568185806,0.199362441139715
26.128913459,0.198420405387878,0.199108038267539
26.138896045,0.198420405387878,0.198905756674205
26.148339449,0.197423309087753,0.198788109530662
26.158905532,0.197423309087753,0.198772496507086
26.168898967,0.199417471885681,0.198855600099001
26.178921165,0.199417471885681,0.19901902260202
26.188901428,0.199417471885681,0.199242220476747
26.198908008,0.199417471885681,0.199509808941713
26.208905856,0.200414568185806,0.199810958136477
26.218908866,0.200414568185806,0.200139120313171
26.228335823,0.199417471885681,0.200492319940748
26.238906347,0.199417471885681,0.200866234349681
26.248907117,0.202408745884895,0.201244133736592
26.258910247,0.202408745884895,0.201599693850871
26.268911327,0.202408745884895,0.201911687492563
26.278922076,0.202408745884895,0.20217250478264
26.288910786,0.202408745884895,0.202385589204369
26.298913598,0.202408745884895,0.202559885210529
26.30831297,0.202408745884895,0.20270523715531
26.318912695,0.202408745884895,0.202828599039806
26.328913161,0.203405827283859,0.202932204898206
26.338906709,0.204402923583984,0.203017525954269
26.34891699,0.202408745884895,0.203093607532047
26.358908167,0.202408745884895,0.203177804893816
26.368921837,0.202408745884895,0.203284765035258
26.378924819,0.203405827283859,0.203416583403897
26.388319229,0.203405827283859,0.203563155527511
26.398918059,0.204402923583984,0.203708721686219
26.408900731,0.203405827283859,0.203838159400259
26.418906859,0.204402923583984,0.203939336622521
26.428908347,0.204402923583984,0.204003138499155
26.438909841,0.204402923583984,0.20402537786503
26.448894514,0.204402923583984,0.204009444076515
26.458911814,0.204402923583984,0.203967114798133
26.468319181,0.203405827283859,0.203917450477981
26.478922662,0.203405827283859,0.203882216154788
26.48890885,0.203405827283859,0.20387879386579
26.498903361,0.203405827283859,0.203915472152009
26.508921039,0.204402923583984,0.203991430789193
26.518924716,0.204402923583984,0.204101245612942
26.528899234,0.204402923583984,0.20424124722168
26.538188637,0.203405827283859,0.204411191214496
26.548319002,0.204402923583984,0.20460866397837
26.558895266,0.205400004982948,0.204824196111146
26.568908314,0.205400004982948,0.205045093940385
26.578905808,0.205400004982948,0.20526287705399
26.58890902,0.205400004982948,0.205475285984768
26.598913291,0.206397086381912,0.205684336133252
26.608899799,0.205400004982948,0.205895758087895
26.61890879,0.205400004982948,0.206117151749714
26.628313027,0.206397086381912,0.206352116697336
26.638911305,0.206397086381912,0.206596849851053
26.648904145,0.207394182682037,0.206843124138203
26.658906411,0.206397086381912,0.207082425336891
26.668929242,0.207394182682037,0.207306105531201
26.678914981,0.207394182682037,0.20750304954523
26.688910783,0.208391278982162,0.207660333760138
26.69890611,0.207394182682037,0.207767105420543
26.708297642,0.208391278982162,0.207816642873766
26.718907179,0.207394182682037,0.20780548651553
26.728909015,0.208391278982162,0.207732427714171
26.738905455,0.208391278982162,0.207600075498742
26.748910303,0.206397086381912,0.207417692041695
26.758919909,0.207394182682037,0.207198621956551
26.768912964,0.207394182682037,0.206954782637399
26.778273011,0.207394182682037,0.206698535387705
26.788294927,0.206397086381912,0.206449029586175
26.798899944,0.205400004982948,0.206232147687474
26.808905902,0.205400004982948,0.20607232872821
26.818896337,0.206397086381912,0.205985035122242
26.828907733,0.205400004982948,0.205977333230819
26.838899817,0.205400004982948,0.206050982741323
26.84890204,0.207394182682037,0.206202580965284
26.85890708,0.206397086381912,0.206427313053792
26.868255841,0.205400004982948,0.206723704489937
26.878916795,0.206397086381912,0.207087565877378
26.888232891,0.207394182682037,0.207501815038123
26.898905335,0.208391278982162,0.207936870147059
26.908915642,0.209388360381126,0.208360653070195
26.918908551,0.208391278982162,0.208748179078489
26.928236776,0.209388360381126,0.209083402184543
26.938905441,0.209388360381126,0.209355142950156
26.948229607,0.209388360381126,0.209554070958356
26.958899003,0.209388360381126,0.209671010310211
26.968899534,0.211382538080215,0.20969678341186
26.978906496,0.209388360381126,0.20962774261463
26.988253405,0.21038544178009,0.209471853474931
26.998904679,0.209388360381126,0.209248752671778
27.008905668,0.208391278982162,0.208986247454264
27.018252271,0.209388360381126,0.208715514289484
27.028234258,0.207394182682037,0.208467095240121
27.038897981,0.208391278982162,0.208268392966469
27.048899651,0.207394182682037,0.208140727008407
27.058248732,0.208391278982162,0.208098038868529
27.068905888,0.207394182682037,0.208148126630365
27.078919613,0.208391278982162,0.208293465302339
27.088904183,0.207394182682037,0.208530121348554
27.098893965,0.209388360381126,0.208846038485001
27.108233241,0.208391278982162,0.209221431965132
27.118903591,0.209388360381126,0.209630224237482
27.128905648,0.21038544178009,0.210040289291068
27.13824645,0.211382538080215,0.210417008426486
27.14892396,0.21038544178009,0.210730779319372
27.158242985,0.211382538080215,0.210959905490011
27.168916966,0.21038544178009,0.21108682575185
27.178937731,0.211382538080215,0.211093454160816
27.188210402,0.212379619479179,0.210961322956357
27.198882959,0.21038544178009,0.210678227423146
27.208882354,0.21038544178009,0.210242467293118
27.218188832,0.21038544178009,0.209659626157528
27.228874593,0.209388360381126,0.208941184609497
27.238897988,0.207394182682037,0.208106181659496
27.248202623,0.207394182682037,0.20717775631179
27.258897132,0.206397086381912,0.206178157032021
27.268204772,0.206397086381912,0.205131008161921
27.278723984,0.204402923583984,0.204069020881673
27.288885422,0.201411664485931,0.203036024022127
27.298187338,0.201411664485931,0.202076011690068
27.308877155,0.201411664485931,0.201220258068749
27.31889771,0.199417471885681,0.200486202626242
27.328894746,0.199417471885681,0.199880866328814
27.338178511,0.199417471885681,0.199400486247015
27.34819431,0.199417471885681,0.199032813790595
27.358884273,0.198420405387878,0.198763449854335
27.368900366,0.198420405387878,0.198578501224703
27.378885756,0.198420405387878,0.198462516678571
27.388886585,0.198420405387878,0.19839729012064
27.398183479,0.199417486786842,0.198364506059126
27.408878945,0.198420405387878,0.198351266578381
27.418190437,0.198420405387878,0.198353556959122
27.428200227,0.198420405387878,0.198373932243379
27.438883053,0.198420405387878,0.198417487945766
27.448892468,0.198420405387878,0.198490057314092
27.458188851,0.198420405387878,0.198597228494136
27.46887839,0.198420405387878,0.198742750681199
27.47818102,0.198420405387878,0.198926227929727
27.488894212,0.199417486786842,0.199141363660445
27.498891255,0.198420405387878,0.199376100746038
27.50819982,0.200414568185806,0.19961347091539
27.51888302,0.200414568185806,0.199834717432459
27.528891859,0.200414568185806,0.200026334832283
27.538893436,0.200414568185806,0.200184758236352
27.548896508,0.200414568185806,0.200314984453569
27.558185572,0.200414568185806,0.200427168672619
27.568883832,0.200414568185806,0.200533762944955
27.578898568,0.200414568185806,0.200647011946913
27.5881598,0.200414568185806,0.200776569155522
27.598879839,0.201411664485931,0.200928317648619
27.608162404,0.200414568185806,0.201105521802527
27.618878008,0.20141164958477,0.201309537341602
27.628899037,0.200414568185806,0.201537367246642
27.638169438,0.202408730983734,0.201778696641928
27.648873578,0.202408730983734,0.202017773233496
27.658179426,0.202408730983734,0.20224033154194
27.668196828,0.202408730983734,0.202437913169314
27.678897603,0.203405827283859,0.202607203245867
27.688178741,0.203405827283859,0.202751158717522
27.698161517,0.202408730983734,0.202881986609348
27.70888086,0.203405827283859,0.203019288417558
27.718885432,0.202408745884895,0.203184450071064
27.728896932,0.203405827283859,0.203396194110963
27.738887901,0.203405827283859,0.203668206738286
27.748164616,0.203405827283859,0.204008468803673
27.758885068,0.204402923583984,0.204418690461739
27.768171673,0.204402923583984,0.204893686741777
27.778898059,0.204402923583984,0.205420664450305
27.788915051,0.206397086381912,0.205977219579392
27.798102158,0.207394182682037,0.206533608733756
27.808910441,0.206397086381912,0.207061062379138
27.818909818,0.207394182682037,0.207534819527131
27.828186893,0.209388345479965,0.207931142244739
27.838913035,0.207394182682037,0.208229408815185
27.848912129,0.208391264081001,0.208414493650077
27.858170195,0.209388345479965,0.208473255152839
27.868910819,0.209388345479965,0.208396032131797
27.878174256,0.209388345479965,0.208186046776142
27.888912858,0.207394182682037,0.207864957591334
27.898297077,0.206397086381912,0.207466527746108
27.908228937,0.207394182682037,0.207023289488631
27.918911149,0.207394182682037,0.206561446982571
27.928169689,0.205400004982948,0.206107337314863
27.938938806,0.206397086381912,0.205691647628695
27.948170281,0.205400004982948,0.205348150862234
27.958918669,0.203405827283859,0.205111596319291
27.968169063,0.204402923583984,0.205010109307787
27.978909706,0.204402923583984,0.205055399159794
27.988169095,0.205400004982948,0.20524214589509
27.998493596,0.205400004982948,0.205555006372202
28.008879666,0.206397086381912,0.205975370629711
28.018168556,0.205400004982948,0.206484167650813
28.02887961,0.207394182682037,0.207059766556169
28.038185012,0.206397086381912,0.207674034655898
28.048877248,0.208391278982162,0.208289687380416
28.058168288,0.209388360381126,0.208860871050071
28.068230551,0.21038544178009,0.209340396753647
28.07891427,0.21038544178009,0.209690564663008
28.088911826,0.209388360381126,0.209887918702737
28.098172517,0.211382538080215,0.209920042795034
28.108877702,0.209388360381126,0.20978283634887
28.11816946,0.21038544178009,0.209481196217759
28.12887971,0.208391278982162,0.20902791280273
28.138168737,0.209388360381126,0.20844068846995
28.148230835,0.208391278982162,0.207742311144288
28.158914569,0.206397086381912,0.206963606799799
28.168151131,0.205400019884109,0.206140749946
28.178915921,0.204402923583984,0.205304990731915
28.18818819,0.205400019884109,0.204476003862819
28.198792471,0.203405827283859,0.20366617640082
28.208168389,0.203405827283859,0.202888783173535
28.218908168,0.202408745884895,0.202161793685604
28.228176453,0.201411664485931,0.201508307592219
28.238904528,0.200414568185806,0.200954552079177
28.248145821,0.200414568185806,0.200524973696871
28.258157703,0.200414568185806,0.200239193630959
28.268141993,0.199417471885681,0.200112977537037
28.278913147,0.200414568185806,0.200158840886983
28.288145187,0.199417471885681,0.20038463205674
28.298938187,0.200414568185806,0.20079116141463
28.308227343,0.200414568185806,0.201368735497226
28.318878941,0.201411664485931,0.202093933747139
28.328903533,0.203405827283859,0.20292950279008
28.338156703,0.204402923583984,0.203830500534942
28.348902577,0.204402923583984,0.204753459140375
28.358137212,0.205400004982948,0.205658876856265
28.36890977,0.207394182682037,0.206507931664562
28.378153449,0.207394182682037,0.207263512533371
28.388234759,0.208391278982162,0.207895060515052
28.398878271,0.208391278982162,0.208380045668104
28.408930395,0.209388360381126,0.208702710431785
28.41888306,0.209388360381126,0.20885452301578
28.428892455,0.209388360381126,0.208836669264543
28.438891391,0.209388360381126,0.208662101235197
28.448928887,0.208391264081001,0.208355777803336
28.458904613,0.208391264081001,0.207952820792242
28.468149992,0.207394182682037,0.207495396236038
28.478912492,0.206397086381912,0.207028928973208
28.488146921,0.206397086381912,0.206596798817045
28.498911111,0.206397086381912,0.206236567517927
28.50803735,0.205400019884109,0.20598081289344
28.518908386,0.205400019884109,0.205857813146224
28.52807577,0.204402923583984,0.205887431240065
28.5389048,0.205400019884109,0.206074280573364
28.548076428,0.205400004982948,0.206403095936008
28.55890214,0.207394182682037,0.206840215041656
28.568101265,0.207394182682037,0.207341477830098
28.578121544,0.208391278982162,0.207861900171086
28.588130337,0.208391278982162,0.208361363889748
28.59812879,0.209388360381126,0.208805896303501
28.608133113,0.209388360381126,0.209168010021278
28.618119689,0.209388360381126,0.209426817894281
28.628127869,0.21038544178009,0.209567185324305
28.638130847,0.209388360381126,0.2095796885958
28.648120163,0.21038544178009,0.209461699751319
28.658132163,0.209388360381126,0.209218467895018
28.668130361,0.208391278982162,0.208862923124359
28.678130646,0.208391278982162,0.20841145826306
28.688132581,0.208391278982162,0.207879413376387
28.698125932,0.206397086381912,0.207281235864686
28.708147504,0.207394182682037,0.20663103612701
28.718120287,0.206397086381912,0.205943227432506
28.72815109,0.205400004982948,0.205236898745188
28.738131097,0.204402923583984,0.204538297642855
28.748132275,0.203405827283859,0.203877039494369
28.7581226,0.202408730983734,0.203279481667894
28.768133564,0.203405827283859,0.202763978259658
28.778108119,0.202408745884895,0.20234277998813
28.78812868,0.201411664485931,0.202027535186677
28.798110494,0.201411664485931,0.201828848930586
28.80810678,0.20141164958477,0.201750976457284
28.818104772,0.200414568185806,0.201788072408771
28.828102058,0.202408730983734,0.201921945604416
28.838101245,0.202408730983734,0.202124102675216
28.848098343,0.202408730983734,0.202363761635035
28.858070597,0.203405827283859,0.202614445568107
28.868108567,0.202408730983734,0.202855783879547
28.878052772,0.203405827283859,0.203072379921988
28.888102124,0.203405827283859,0.20325150571095
28.898084985,0.203405827283859,0.203382609654273
28.908050589,0.203405827283859,0.203457593719428
28.918092195,0.204402923583984,0.203470762297981
28.928085294,0.203405827283859,0.203421250499106
28.938051015,0.203405827283859,0.20331539072255
28.948088141,0.203405827283859,0.203165056886475
28.958088066,0.202408730983734,0.202984505823423
28.968064285,0.203405827283859,0.20278813405259
28.978099944,0.202408730983734,0.202590190097541
28.988909186,0.202408730983734,0.202406140921959
28.998024613,0.202408730983734,0.202252740767314
29.008111031,0.20141164958477,0.202146474576111
29.018079558,0.20141164958477,0.202100038167407
29.028103053,0.202408730983734,0.2021178616717
29.03810354,0.202408730983734,0.202197044760519
29.048100851,0.202408730983734,0.202333600089106
29.058109638,0.202408730983734,0.202526092606459
29.068106919,0.20141164958477,0.202772766745016
29.078105942,0.203405827283859,0.203064858125481
29.088008049,0.203405827283859,0.203384105332747
29.098113471,0.203405827283859,0.203707309298948
29.108101868,0.204402923583984,0.204010370565688
29.118112533,0.205400004982948,0.204270934442628
29.128108836,0.203405827283859,0.204472761654591
29.138104569,0.204402923583984,0.204604343293282
29.148113094,0.205400004982948,0.204652118200736
29.158083657,0.205400004982948,0.204601787444368
29.168056517,0.205400004982948,0.20444799874703
29.178075756,0.203405827283859,0.204199421352493
29.188063299,0.203405827283859,0.203872681117675
29.198108951,0.204402923583984,0.203482944342775
29.208055293,0.203405827283859,0.203044077830173
29.218097699,0.202408730983734,0.202575426783154
29.228057714,0.202408730983734,0.202102983972293
29.238053704,0.201411664485931,0.201655846700602
29.24804867,0.200414568185806,0.201262721249591
29.257971803,0.200414568185806,0.200946578392841
29.268103476,0.200414568185806,0.200719545157332
29.278053898,0.200414568185806,0.200582872859371
29.288033546,0.200414568185806,0.200530407395836
29.298053271,0.200414568185806,0.200551544779117
29.30805453,0.200414568185806,0.200632452851124
29.318052741,0.200414568185806,0.200755770519373
29.3280803,0.200414568185806,0.200899080229475
29.338025136,0.201411664485931,0.201033854957128
29.348057221,0.201411664485931,0.201128000886788
29.358034403,0.201411664485931,0.201151254239199
29.368046527,0.201411664485931,0.201078782071561
29.378028954,0.202408745884895,0.200893588997753
29.388049836,0.201411664485931,0.200592183437765
29.398040225,0.200414568185806,0.200189849079779
29.408063588,0.200414568185806,0.199718949896068
29.418054839,0.198420390486717,0.19922259929194
29.428058359,0.198420390486717,0.198747029743873
29.438032663,0.198420390486717,0.198334467742704
29.44804538,0.197423309087753,0.198020883437597
29.458051803,0.198420390486717,0.197837745736192
29.468028417,0.197423309087753,0.197814367648054
29.478059164,0.196426212787628,0.197977515613011
29.488032676,0.197423309087753,0.198343713158243
29.498006243,0.198420405387878,0.198910343988027
29.508007277,0.198420405387878,0.199654524838509
29.518007279,0.20141164958477,0.20053717938135
29.528044422,0.202408730983734,0.201511435969495
29.538001608,0.202408730983734,0.202534768898453
29.54805089,0.204402923583984,0.203575202623796
29.558039685,0.203405827283859,0.204608458944734
29.5680025,0.206397086381912,0.205612025282523
29.578050664,0.207394182682037,0.20656330987454
29.58800908,0.207394182682037,0.207445015453364
29.598024728,0.208391278982162,0.208248926788848
29.607989661,0.209388360381126,0.208973166024273
29.617983358,0.21038544178009,0.209621026216163
29.628003358,0.209388360381126,0.210202753051088
29.637984143,0.21038544178009,0.210732278590986
29.647981932,0.21038544178009,0.211218724940878
29.65798855,0.212379619479179,0.211661698682803
29.667983106,0.212379619479179,0.212055504727875
29.67801049,0.212379619479179,0.212396971552348
29.687978361,0.213376700878143,0.212689017772516
29.698005552,0.212379619479179,0.212939989398302
29.707978891,0.213376700878143,0.213161348975653
29.717989873,0.212379619479179,0.21336356456505
29.727964891,0.214373797178268,0.213552635515934
29.73795083,0.213376700878143,0.21373102423922
29.747996447,0.214373797178268,0.213901539262411
29.757994495,0.213376700878143,0.214068804614081
29.768012453,0.213376700878143,0.214235604714911
29.77798305,0.214373797178268,0.214396681540699
29.787952144,0.214373797178268,0.214536580559888
29.797974086,0.215370878577232,0.214634315332175
29.808001155,0.215370878577232,0.214671174357762
29.817976539,0.214373797178268,0.214636759647891
29.827923046,0.215370878577232,0.214529635096227
29.837944279,0.214373797178268,0.214355433607753
29.847958712,0.213376700878143,0.214125109241325
29.85799505,0.214373797178268,0.213850597811548
29.867985161,0.213376700878143,0.213541654042241
29.87795072,0.213376700878143,0.213207600139751
29.887996428,0.213376700878143,0.212859807123793
29.897941385,0.212379619479179,0.212513367599257
29.907976639,0.211382538080215,0.212186383892111
29.917951201,0.212379619479179,0.211895241922419
29.927953761,0.209388345479965,0.211649491720218
29.937956094,0.212379619479179,0.211447360081342
29.947948636,0.211382538080215,0.21127569479223
29.957955991,0.211382538080215,0.21111833246469
29.967942912,0.211382538080215,0.210963853923858
29.977946989,0.21038544178009,0.210806397119904
29.987958125,0.21038544178009,0.210642396357403
29.997939546,0.21038544178009,0.210466042245568
30.00796831,0.21038544178009,0.210267539698545
30.017945299,0.21038544178009,0.210035623231834
30.027948653,0.21038544178009,0.209761874184377
30.037954614,0.209388360381126,0.209444396558469
30.047950257,0.209388360381126,0.209088354764582
30.057947148,0.207394182682037,0.208702089719288
30.067951423,0.208391278982162,0.208290063069251
30.077969271,0.207394182682037,0.207847799566502
30.087938791,0.208391278982162,0.207364058532913
30.097940771,0.207394182682037,0.20682898813454
30.107952511,0.206397086381912,0.206241824187579
30.117954921,0.205400004982948,0.205611670661607
30.127953402,0.205400004982948,0.204952687791331
30.137946471,0.203405827283859,0.204280135959592
30.147950294,0.203405827283859,0.203607017673486
30.157943617,0.204402923583984,0.202942348327754
30.167942325,0.202408730983734,0.202297388832059
30.177950602,0.202408730983734,0.201694311676232
30.187952635,0.200414568185806,0.201166427009671
30.197950499,0.199417471885681,0.200749497520555
30.207923732,0.199417471885681,0.200468801299416
30.217946525,0.200414568185806,0.200330548738586
30.227929706,0.200414568185806,0.200325117369136
30.237944868,0.200414568185806,0.200436667310582
30.247943196,0.201411664485931,0.20065001345356
30.257924296,0.200414568185806,0.20095369873745
30.267929647,0.200414568185806,0.201338239208476
30.277946647,0.201411664485931,0.201788483755546
30.287923376,0.201411664485931,0.202276959707773
30.297931224,0.203405827283859,0.202763866903435
30.30793375,0.204402923583984,0.203204301229093
30.317930694,0.203405827283859,0.203559519119456
30.327927446,0.204402923583984,0.203802530020452
30.337951678,0.204402923583984,0.20391614117161
30.347930643,0.204402923583984,0.203891953904596
30.357935426,0.203405827283859,0.203730685638777
30.367944123,0.203405827283859,0.2034387199364
30.377929906,0.203405827283859,0.20302354185321
30.387932253,0.203405827283859,0.202494561666245
30.397923385,0.202408745884895,0.201869159987928
30.407933944,0.201411664485931,0.201177101567544
30.417929245,0.199417471885681,0.200457631692352
30.427945808,0.199417471885681,0.199749974267786
30.43792349,0.199417471885681,0.199085727709027
30.447930953,0.197423309087753,0.198488999390547
30.457929078,0.198420405387878,0.197978337245817
30.467933221,0.197423309087753,0.197567292301996
30.477927365,0.196426212787628,0.197265849703741
30.487930946,0.196426212787628,0.197078472575303
30.497936202,0.196426212787628,0.196998568310596
30.507929572,0.196426212787628,0.197005931274651
30.517929093,0.198420405387878,0.197069964311523
30.527928882,0.197423309087753,0.197159072318604
30.537920891,0.197423309087753,0.197250185831641
30.54793877,0.198420405387878,0.197331074331772
30.557919639,0.197423309087753,0.197399866595722
30.567914737,0.197423309087753,0.197464677749549
30.577944029,0.197423309087753,0.197539432652946
30.587918211,0.197423309087753,0.197638394081203
30.597925045,0.197423309087753,0.197773112962503
30.607958758,0.197423309087753,0.197950213315423
30.61791067,0.198420405387878,0.198169791021011
30.627917433,0.198420405387878,0.198426939198529
30.637942431,0.198420405387878,0.19871506406349
30.647916407,0.198420405387878,0.199025788125034
30.65792385,0.199417486786842,0.199345581177363
30.667944229,0.200414568185806,0.199655921643698
30.67792161,0.200414568185806,0.199939908622174
30.687920996,0.200414568185806,0.200189056705159
30.697952202,0.200414568185806,0.200403969435396
30.70793019,0.201411664485931,0.200591699641522
30.717919638,0.200414568185806,0.200765083597087
30.727946268,0.200414568185806,0.200941270937917
30.737915677,0.200414568185806,0.201135240520093
30.747919772,0.201411664485931,0.201353279944331
30.757946888,0.201411664485931,0.201592770729865
30.767914417,0.202408745884895,0.201846830450779
30.777914579,0.202408745884895,0.202109864194446
30.787962306,0.202408745884895,0.202381476286348
30.797917316,0.202408745884895,0.202666183394451
30.807919313,0.202408745884895,0.202968940434645
30.817922179,0.202408745884895,0.203289066953795
30.827911725,0.204402923583984,0.203616487276163
30.837915684,0.204402923583984,0.203935610377349
30.847906741,0.204402923583984,0.204234385639522
30.857928575,0.204402923583984,0.204508224830332
30.867913756,0.203405827283859,0.204755049818114
30.877926652,0.205400004982948,0.204966887222068
30.887938104,0.205400004982948,0.20512736851537
30.897913814,0.206397086381912,0.205219284534719
30.907917863,0.205400004982948,0.205234552964281
30.917922695,0.206397086381912,0.205178949624709
30.927919862,0.204402923583984,0.205071724487844
30.937913768,0.204402923583984,0.204939984345351
30.94793969,0.204402923583984,0.204808812360888
30.95791447,0.204402923583984,0.204694563372446
30.967909044,0.204402923583984,0.204604829195383
30.977929842,0.204402923583984,0.204540774575611
30.987922805,0.204402923583984,0.204499022645759
30.997916323,0.204402923583984,0.204473045313688
31.007913756,0.204402923583984,0.204454115297622
31.017915364,0.204402923583984,0.204431947802155
31.027920049,0.204402923583984,0.204395209621591
31.037940612,0.205400004982948,0.204333425742423
31.047913897,0.204402923583984,0.204241820911707
31.057911639,0.204402923583984,0.204125312677044
31.067947487,0.204402923583984,0.203997760833331
31.077922973,0.203405827283859,0.203879013080744
31.087925764,0.203405827283859,0.203790802920496
31.097920076,0.203405827283859,0.203751123429821
31.107917249,0.203405827283859,0.203770630682726
31.117917805,0.203405827283859,0.203852052279344
31.127937997,0.204402923583984,0.203991063911255
31.137917232,0.203405827283859,0.204178567008052
31.147921166,0.204402923583984,0.204401798907201
31.157942473,0.204402923583984,0.204643138268247
31.167933601,0.205400019884109,0.204880842169661
31.177917081,0.205400004982948,0.205093397708564
31.187924289,0.206397086381912,0.205265265938704
31.197924697,0.205400004982948,0.205391776453305
31.207920678,0.205400004982948,0.205479495732971
31.217921136,0.205400004982948,0.205540846252354
31.227924121,0.205400004982948,0.205588166128031
31.237908964,0.205400004982948,0.205630963214652
31.247931465,0.205400004982948,0.205674813805047
31.257916469,0.206397086381912,0.205721716499905
31.26792814,0.205400004982948,0.205773097516945
31.277917722,0.205400004982948,0.205831439560335
31.28791648,0.205400004982948,0.205896533031411
31.297916042,0.206397086381912,0.205961608491371
31.307913537,0.206397086381912,0.206015985425291
31.317937154,0.206397086381912,0.206051716576187
31.327914012,0.206397086381912,0.2060677937499
31.337920219,0.206397086381912,0.206070720748125
31.347946596,0.205400004982948,0.206072786637217
31.35791407,0.206397086381912,0.206087920064142
31.367917924,0.206397086381912,0.206128862390214
31.377949024,0.205400004982948,0.206208030848353
31.387924311,0.206397086381912,0.206336521355917
31.397915389,0.205400004982948,0.206519680973931
31.407969861,0.207394182682037,0.206754333961119
31.417911232,0.206397086381912,0.207030213579086
31.427914209,0.207394182682037,0.207333015744083
31.437917162,0.207394182682037,0.207645305512805
31.447915329,0.209388360381126,0.207948205278189
31.457926527,0.207394182682037,0.20822685144003
31.467938504,0.209388360381126,0.208473371290129
31.477916114,0.209388360381126,0.208686345036973
31.487916059,0.208391278982162,0.208872196992053
31.497945226,0.209388360381126,0.20904457738231
31.507925424,0.208391278982162,0.20921896953174
31.517926175,0.21038544178009,0.209408880491128
31.52790004,0.208391278982162,0.209625963851134
31.537915195,0.21038544178009,0.209879833950007
31.547916528,0.209388360381126,0.210176009036833
31.557911576,0.21038544178009,0.210514437696061
31.567916501,0.21038544178009,0.21088850741098
31.577914073,0.211382538080215,0.21128454685709
31.587911005,0.211382538080215,0.211683285018635
31.597920943,0.212379619479179,0.212062222867834
31.607917891,0.212379619479179,0.212397982064398
31.617918757,0.212379619479179,0.212667763703633
31.62791121,0.214373797178268,0.212850396171317
31.637913014,0.212379619479179,0.212930079122257
31.647916565,0.213376700878143,0.212899277856098
31.657924189,0.213376700878143,0.212757117751958
31.667918347,0.212379619479179,0.212508726924687
31.677933276,0.212379619479179,0.212165552610075
31.687942156,0.212379619479179,0.211743903572247
31.697905519,0.211382538080215,0.211265445662895
31.70790749,0.21038544178009,0.210757982417243
31.717916774,0.21038544178009,0.210252100353839
31.727899269,0.208391278982162,0.209775762347554
31.737913488,0.209388360381126,0.209348895345303
31.747915008,0.208391278982162,0.208980074181774
31.757914309,0.208391278982162,0.208667550978747
31.767905264,0.208391278982162,0.208401801987466
31.777903355,0.208391278982162,0.208168283964331
31.787913155,0.208391278982162,0.207951890292917
31.797935075,0.207394182682037,0.207740731396432
31.807914094,0.207394182682037,0.207525565081032
31.817908111,0.207394182682037,0.207296452248002
31.827908302,0.207394182682037,0.207042140654762
31.837904288,0.206397086381912,0.206752393441355
31.847909448,0.207394182682037,0.206419521880468
31.857907774,0.206397086381912,0.20604064060428
31.867907906,0.205400004982948,0.205620784087697
31.877910336,0.204402923583984,0.205170322696091
31.887915673,0.204402923583984,0.2046965991678
31.897910754,0.204402923583984,0.20419888029648
31.907896324,0.205400004982948,0.203673111605968
31.917906888,0.203405827283859,0.203123804318951
31.927883588,0.202408745884895,0.202571153134384
31.937882127,0.202408745884895,0.202046624440309
31.947895653,0.200414568185806,0.201584542242594
31.957895251,0.200414568185806,0.201214367062261
31.967881201,0.200414568185806,0.200953023515339
31.977879735,0.201411664485931,0.200803324449543
31.987893045,0.200414568185806,0.200760786293065
31.997875115,0.200414568185806,0.200819478352737
32.007877653,0.200414568185806,0.200970349232533
32.017899695,0.200414568185806,0.201196127387642
32.027883761,0.201411664485931,0.201468313018661
32.037877606,0.202408745884895,0.201749294295367
32.047880511,0.202408745884895,0.202000168230191
32.057880198,0.202408745884895,0.202188389147932
32.067893342,0.203405827283859,0.202290714830811
32.07789494,0.202408730983734,0.202294743395526
32.088047041,0.202408730983734,0.202199516176728
32.097908493,0.202408730983734,0.202012806658883
32.107881857,0.20141164958477,0.201747780365786
32.117911643,0.20141164958477,0.201420214590978
32.127881934,0.201411664485931,0.201046028913681
32.137924823,0.200414568185806,0.200641454830207
32.147893773,0.200414568185806,0.20022418802362
32.157915243,0.199417471885681,0.199812531843313
32.167881962,0.199417471885681,0.199423484772369
32.177891708,0.199417471885681,0.19907204097888
32.187881875,0.198420390486717,0.198772669852511
32.197917488,0.198420390486717,0.198540005884127
32.207894809,0.198420390486717,0.198387117599474
32.217879027,0.198420390486717,0.19832501816168
32.227876081,0.198420390486717,0.198364464377587
32.237879619,0.197423309087753,0.198515838337222
32.247883666,0.198420390486717,0.198784249556257
32.257878305,0.199417471885681,0.199164961620135
32.267897974,0.199417471885681,0.19964567334979
32.277881789,0.199417471885681,0.20021045876086
32.287880018,0.200414568185806,0.200837676665292
32.297894119,0.201411664485931,0.201496162726846
32.307878107,0.202408745884895,0.202146791662381
32.31788744,0.203405827283859,0.202748734116329
32.327899179,0.202408745884895,0.203264579681334
32.337875187,0.205400004982948,0.203661181592728
32.347882101,0.204402923583984,0.203912277225166
32.357901273,0.204402923583984,0.204004875640338
32.367881973,0.203405827283859,0.203939356415031
32.377891039,0.204402923583984,0.203722235464273
32.387896535,0.203405827283859,0.203362209959369
32.397879666,0.203405827283859,0.202872022286767
32.407879821,0.202408730983734,0.202270667567717
32.41790092,0.20141164958477,0.201583016001392
32.427876468,0.20141164958477,0.20083777030345
32.437882301,0.199417471885681,0.200065889790604
32.44790027,0.199417471885681,0.199298890707413
32.457877468,0.198420390486717,0.198566385995374
32.467876097,0.198420390486717,0.197896177879059
32.477877855,0.196426212787628,0.197316276011262
32.487816865,0.197423309087753,0.196854277961105
32.497875807,0.196426212787628,0.196536162132317
32.507905122,0.195429131388664,0.196386558127175
32.517879779,0.195429131388664,0.196424670469273
32.527877664,0.196426212787628,0.196656695865779
32.537901548,0.196426212787628,0.197073633685891
32.547881459,0.197423309087753,0.197654381755343
32.557876496,0.198420390486717,0.198369003327488
32.567882412,0.199417471885681,0.199182576951226
32.577874134,0.200414568185806,0.20006022159369
32.587911452,0.201411664485931,0.20097134657925
32.597892645,0.202408745884895,0.201892501212345
32.607895579,0.203405827283859,0.202809440829201
32.617893371,0.203405827283859,0.203717565343452
32.627878066,0.204402923583984,0.204618391057789
32.637880509,0.206397086381912,0.205514826322934
32.647882556,0.205400004982948,0.206410540708759
32.657901032,0.207394182682037,0.207309418959113
32.66788483,0.207394182682037,0.208211074085289
32.677879762,0.209388360381126,0.209107656701842
32.687907464,0.21038544178009,0.209985956340627
32.697885968,0.209388360381126,0.210830984657011
32.7078781,0.211382538080215,0.211623374340596
32.717896652,0.213376700878143,0.212334892092553
32.727879882,0.214373797178268,0.212935702191794
32.737888163,0.213376700878143,0.213408629128097
32.747903636,0.214373797178268,0.213753766143552
32.757886175,0.213376700878143,0.213982426247711
32.76788534,0.214373797178268,0.21410972334581
32.777897412,0.214373797178268,0.214150894488529
32.787885471,0.213376700878143,0.214121082491947
32.797879854,0.215370878577232,0.214035623033656
32.807906987,0.213376700878143,0.213911830880276
32.817877215,0.213376700878143,0.213770624121927
32.827880664,0.212379619479179,0.213631013311964
32.837892957,0.213376700878143,0.213501025244494
32.847912465,0.213376700878143,0.213375298885305
32.857888252,0.214373797178268,0.213241845008407
32.867908804,0.213376700878143,0.213092739662858
32.877894455,0.212379619479179,0.212929666284219
32.887907248,0.212379619479179,0.212759143593531
32.897897356,0.211382538080215,0.212582725978091
32.907906682,0.213376700878143,0.212391367782558
32.917882228,0.212379619479179,0.212169249987229
32.92790263,0.212379619479179,0.211903266262152
32.937883065,0.211382538080215,0.211587859089903
32.947882136,0.212379619479179,0.211224114057442
32.957895413,0.21038544178009,0.210819829129316
32.967888249,0.21038544178009,0.21038921722747
32.977878705,0.209388345479965,0.209948126513112
32.987876937,0.209388345479965,0.209508482197894
32.997912501,0.21038544178009,0.20907826326769
33.007876618,0.208391278982162,0.208668080183579
33.017900201,0.207394182682037,0.208294889611602
33.027878339,0.207394182682037,0.207974674680241
33.037878086,0.208391278982162,0.207714353105441
33.047893328,0.206397086381912,0.207513204395161
33.057878264,0.207394182682037,0.207365747037084
33.067882823,0.206397086381912,0.207259460703711
33.077898378,0.208391278982162,0.207174083306899
33.087875199,0.207394182682037,0.207088026979804
33.097881681,0.206397086381912,0.206985683842293
33.10789761,0.206397086381912,0.206855457144699
33.117881076,0.207394182682037,0.206682822588675
33.1278771,0.206397086381912,0.206450600127892
33.13790111,0.206397086381912,0.206144104619098
33.147880645,0.206397086381912,0.205753576414489
33.157883484,0.205400004982948,0.20527549475022
33.1678949,0.205400004982948,0.204714284450845
33.177881865,0.203405827283859,0.204081836435082
33.187887583,0.203405827283859,0.203393435510396
33.19789406,0.202408730983734,0.20266252292645
33.207875988,0.202408730983734,0.201899297629702
33.217879763,0.20141164958477,0.2011142047267
33.227896516,0.20141164958477,0.200323422723399
33.23788726,0.198420405387878,0.199552116782611
33.247876059,0.198420405387878,0.198829809626753
33.257906127,0.197423309087753,0.19818002267065
33.267884842,0.197423309087753,0.197614216064409
33.277877156,0.197423309087753,0.197133548127985
33.287900433,0.196426212787628,0.196734239431012
33.297778173,0.196426212787628,0.196411188503381
33.307881377,0.196426212787628,0.196158562909433
33.317895945,0.195429131388664,0.195970103272583
33.32787709,0.195429131388664,0.195837942460404
33.337877403,0.196426212787628,0.195750084755725
33.347885359,0.195429131388664,0.195692009806642
33.357876958,0.196426212787628,0.195651320146056
33.367879724,0.195429131388664,0.195620418448657
33.377899096,0.195429131388664,0.195596130462877
33.387670452,0.195429131388664,0.195576438279642
33.397879191,0.195429131388664,0.195557061501212
33.407900709,0.195429131388664,0.195530601026549
33.417880896,0.196426212787628,0.195488345032556
33.42787834,0.196426212787628,0.19542619248023
33.437904667,0.1944320499897,0.195350861921212
33.447879918,0.195429131388664,0.195277181074881
33.457886509,0.195429131388664,0.195220297579435
33.467908102,0.195429131388664,0.195194441190173
33.477880591,0.1944320499897,0.195215294271354
33.48786449,0.195429131388664,0.195297736908852
33.497871395,0.195429131388664,0.19545261265589
33.507853784,0.195429131388664,0.195687506191527
33.517856119,0.195429131388664,0.1960073415084
33.527871332,0.195429131388664,0.196410680065361
33.537854512,0.197423309087753,0.19688560776471
33.547853163,0.197423309087753,0.197411874429302
33.557865824,0.197423309087753,0.197966879217469
33.567850985,0.198420405387878,0.198526641284423
33.577854696,0.200414568185806,0.199064859314826
33.587868224,0.200414568185806,0.199559802665376
33.597852562,0.200414568185806,0.200004245654794
33.607858274,0.200414568185806,0.20040693801451
33.617873337,0.200414568185806,0.200785748804967
33.627861416,0.200414568185806,0.201158960989383
33.637865309,0.20141164958477,0.201538384641869
33.647869228,0.202408730983734,0.201927928782216
33.657851496,0.202408730983734,0.202328715114083
33.667857134,0.203405827283859,0.202745325164586
33.677866654,0.202408745884895,0.20318781930641
33.687852782,0.203405827283859,0.203668091454918
33.697851997,0.203405827283859,0.204193021031183
33.707869723,0.204402923583984,0.204759514838256
33.717854717,0.206397086381912,0.205355299698815
33.727852236,0.206397086381912,0.205966840833926
33.737869228,0.206397086381912,0.20658797201559
33.747849125,0.206397086381912,0.207218888907858
33.757854306,0.208391264081001,0.207858282596775
33.767867732,0.208391264081001,0.208500553908848
33.777856403,0.208391264081001,0.209138165637297
33.787852608,0.209388345479965,0.209760000532324
33.797877426,0.211382538080215,0.210348537729362
33.807854108,0.211382538080215,0.210885338315365
33.817855161,0.21038544178009,0.211358562813243
33.827881258,0.211382538080215,0.211759651436261
33.837853822,0.212379619479179,0.212074724403255
33.847853543,0.213376700878143,0.212285471801836
33.857854641,0.211382538080215,0.21237718122335
33.867852642,0.212379619479179,0.212339708072934
33.877915228,0.213376700878143,0.212163007408036
33.887894404,0.213376700878143,0.211841986502792
33.897920604,0.21038544178009,0.211386885412501
33.907906734,0.21038544178009,0.210820732220621
33.917911933,0.21038544178009,0.210166319219932
33.92790713,0.21038544178009,0.20944211996785
33.937916837,0.209388345479965,0.208670662192182
33.947897185,0.206397086381912,0.207884379832931
33.957917224,0.207394182682037,0.207119180276022
33.967904301,0.206397086381912,0.206405652531484
33.977918827,0.205400019884109,0.205769111479757
33.987790862,0.204402923583984,0.205231241017811
33.997912372,0.204402923583984,0.204806193571007
34.007906439,0.204402923583984,0.204497318326984
34.017904516,0.204402923583984,0.204299525296516
34.027904379,0.203405827283859,0.204203235559277
34.037900898,0.203405827283859,0.20419339379156
34.047915119,0.205400004982948,0.20424639200838
34.057933951,0.204402923583984,0.204334481177719
34.06790124,0.204402923583984,0.204434169506093
34.077904128,0.204402923583984,0.20452724383447
34.087897628,0.204402923583984,0.204596218072289
34.097911687,0.205400019884109,0.204622549709372
34.107905817,0.205400019884109,0.204590649022323
34.117903755,0.204402923583984,0.204494076861575
34.127906024,0.205400019884109,0.204337605367393
34.137913907,0.203405827283859,0.20413525600441
34.147934317,0.203405827283859,0.203905552699805
34.15789098,0.204402923583984,0.203665061706467
34.167909906,0.203405827283859,0.203427802525727
34.177923522,0.203405827283859,0.203210185761969
34.187916249,0.202408745884895,0.203031903472489
34.197905913,0.202408745884895,0.202911097608423
34.207911739,0.202408745884895,0.202858713008492
34.217907082,0.202408745884895,0.202875664790455
34.227907821,0.202408730983734,0.20295261858354
34.237932013,0.204402923583984,0.203072366572085
34.24789915,0.203405827283859,0.203217607602784
34.257897927,0.203405827283859,0.203379141234858
34.267927744,0.203405827283859,0.203555529259326
34.277902259,0.203405827283859,0.203747058732997
34.287913807,0.203405827283859,0.203950690579417
34.297903256,0.205400004982948,0.204158677009015
34.307903525,0.204402923583984,0.204363562558854
34.3178925,0.204402923583984,0.204564407930197
34.327904954,0.204402923583984,0.204765102798462
34.337918919,0.204402923583984,0.204967441169837
34.347914379,0.205400004982948,0.205166857949502
34.357930496,0.204402923583984,0.205352151827226
34.367909153,0.206397086381912,0.205506658069237
34.377914492,0.206397086381912,0.20561241365326
34.387937276,0.206397086381912,0.205658941086397
34.397906696,0.205400004982948,0.205649030255403
34.407894092,0.205400004982948,0.20559508903674
34.417916484,0.206397086381912,0.205512631973369
34.427907105,0.205400004982948,0.20541993906717
34.437903442,0.205400004982948,0.205340924292802
34.447934339,0.204402923583984,0.205302889235967
34.45790638,0.205400004982948,0.20532999780143
34.467909619,0.204402923583984,0.205438553315044
34.477934817,0.204402923583984,0.205633616923389
34.487894149,0.206397086381912,0.20590534030932
34.49789188,0.206397086381912,0.206231534185115
34.507903136,0.206397086381912,0.206586653683293
34.517909806,0.207394182682037,0.206947031375548
34.527894137,0.208391278982162,0.20729284288678
34.53792497,0.207394182682037,0.207612556633097
34.54776058,0.208391278982162,0.207904967998809
34.557894208,0.208391278982162,0.208176404394427
34.567931045,0.207394182682037,0.208437110117621
34.577910345,0.208391264081001,0.208695397444479
34.587905606,0.208391264081001,0.208950727069184
34.597644385,0.209388345479965,0.209192205085648
34.607920404,0.209388345479965,0.209402523849714
34.617914433,0.209388345479965,0.209562263627845
34.627780289,0.209388345479965,0.20965092172981
34.63791014,0.21038544178009,0.209646386911096
34.647910942,0.209388345479965,0.209527252062308
34.657903062,0.209388345479965,0.209275772410147
34.667918336,0.21038544178009,0.208879254756773
34.677892526,0.209388360381126,0.208335510222504
34.687899457,0.208391278982162,0.207661263374006
34.697774566,0.206397086381912,0.206892931419313
34.707779626,0.206397086381912,0.206078093463065
34.717900399,0.204402923583984,0.205266195534595
34.727904141,0.203405827283859,0.204501537424832
34.737895191,0.203405827283859,0.203816251822599
34.747908845,0.203405827283859,0.203227684819805
34.757915335,0.202408730983734,0.202743479767941
34.767899291,0.202408730983734,0.202367354138211
34.77792621,0.202408730983734,0.202101392798987
34.787780585,0.20141164958477,0.201947390787312
34.797931285,0.20141164958477,0.201905869358676
34.807899452,0.20141164958477,0.201971419773502
34.817902026,0.202408730983734,0.202129684789161
34.827902273,0.203405827283859,0.202361395960369
34.837932315,0.202408730983734,0.202651091826581
34.847914095,0.202408730983734,0.202990288691165
34.85791508,0.203405827283859,0.203371443583828
34.867738577,0.203405827283859,0.203782178370631
34.8778949,0.203405827283859,0.204203939484416
34.88789688,0.205400004982948,0.204611415320667
34.897907103,0.205400004982948,0.204975745733535
34.907659043,0.206397086381912,0.205273342967912
34.91790172,0.205400004982948,0.20549293338693
34.927931459,0.205400004982948,0.205634654646803
34.937912439,0.205400004982948,0.205702774273357
34.947736735,0.206397086381912,0.20570001140907
34.957911736,0.206397086381912,0.205630021241258
34.967914953,0.205400004982948,0.205504004501601
34.977913359,0.205400004982948,0.205342069234976
34.987899964,0.204402923583984,0.205167775611429
34.997892716,0.204402923583984,0.205000767980835
35.007732767,0.204402923583984,0.204851027643749
35.017929145,0.204402923583984,0.204717027544911
35.027727615,0.205400004982948,0.204588915253582
35.037909444,0.205400004982948,0.204456722867951
35.047927074,0.204402923583984,0.204319771564302
35.057901349,0.203405827283859,0.204188156525553
35.0679206,0.203405827283859,0.204073674976016
35.07771574,0.204402923583984,0.20398062334262
35.087901066,0.204402923583984,0.203906855029371
35.097895304,0.204402923583984,0.203852360867445
35.107799888,0.203405827283859,0.203824783216378
35.117910164,0.203405827283859,0.203836533747364
35.127919461,0.203405827283859,0.203897337650356
35.137896648,0.203405827283859,0.204008610431417
35.147901128,0.203405827283859,0.204160839049681
35.157909404,0.204402923583984,0.204332647186908
35.167931532,0.205400004982948,0.204494391631118
35.177918257,0.205400004982948,0.204618021752926
35.187779154,0.204402923583984,0.204685816993248
35.197929847,0.204402923583984,0.204689277579291
35.207942746,0.205400004982948,0.204622508839083
35.217903359,0.205400004982948,0.204482210346843
35.227902739,0.203405827283859,0.204273076715722
35.237907257,0.204402923583984,0.204006761212814
35.247907143,0.204402923583984,0.203696949816951
35.257896911,0.203405827283859,0.20336089494613
35.267775418,0.203405827283859,0.203023149263635
35.277900366,0.201411664485931,0.202713187508631
35.287894296,0.202408745884895,0.202457740281374
35.297928093,0.202408745884895,0.202275205195521
35.307906267,0.201411664485931,0.202176900911791
35.317907309,0.202408745884895,0.202169489908944
35.327928348,0.202408745884895,0.202255669108418
35.33791808,0.201411664485931,0.202435616033916
35.347776926,0.202408730983734,0.202705164325445
35.357928939,0.203405827283859,0.203052042070497
35.367908391,0.202408730983734,0.203456890602466
35.377902009,0.204402923583984,0.203895358756993
35.387897874,0.204402923583984,0.204339024005325
35.397908725,0.204402923583984,0.204758281591014
35.407909356,0.206397086381912,0.205125136216136
35.417936459,0.205400004982948,0.205416492803403
35.427776411,0.205400004982948,0.205617185719191
35.437898163,0.206397086381912,0.205717931122705
35.447928994,0.206397086381912,0.205713816605083
35.457919115,0.205400004982948,0.205607494263762
35.467911418,0.205400004982948,0.205409239675326
35.477897686,0.204402923583984,0.20513118416663
35.487905872,0.205400004982948,0.204782153777781
35.49789944,0.205400004982948,0.204369502648245
35.507777371,0.203405827283859,0.203906416815041
35.517905417,0.203405827283859,0.203413912067398
35.527902176,0.203405827283859,0.202915907938272
35.537928779,0.202408730983734,0.202437529073591
35.547909539,0.20141164958477,0.20200614605146
35.557911831,0.20141164958477,0.201648023549127
35.567908459,0.20141164958477,0.201383986336618
35.577905089,0.20141164958477,0.201230183198807
35.58778512,0.200414568185806,0.201200864361179
35.597897588,0.200414568185806,0.201306211782416
35.607911285,0.20141164958477,0.201546261825555
35.617909041,0.20141164958477,0.201908676898997
35.627898096,0.202408730983734,0.202371706805842
35.63790682,0.202408730983734,0.202907297636903
35.647904026,0.204402923583984,0.203483457419317
35.65792478,0.204402923583984,0.204069082779339
35.667787103,0.204402923583984,0.204639236245668
35.67792257,0.206397086381912,0.205176204255526
35.687909507,0.205400004982948,0.205669487922445
35.697908903,0.206397086381912,0.206116419307195
35.707897555,0.206397086381912,0.206519664921899
35.717939471,0.206397086381912,0.206883017234027
35.727898953,0.207394182682037,0.207208098186596
35.737898541,0.207394182682037,0.207493247370011
35.747777949,0.207394182682037,0.207734572280566
35.757910635,0.207394182682037,0.207925230764899
35.767913495,0.209388360381126,0.208054353503943
35.777923888,0.207394182682037,0.208111034468804
35.787899189,0.208391278982162,0.208088305229777
35.797906714,0.208391278982162,0.207982009946831
35.807927578,0.207394182682037,0.20779001210741
35.81790674,0.208391278982162,0.207513147195511
35.827780072,0.207394182682037,0.207156638458933
35.837896926,0.207394182682037,0.206733261117607
35.847907608,0.205400004982948,0.206264157216593
35.857904672,0.206397086381912,0.205774386418697
35.867932677,0.204402923583984,0.205288084489776
35.877906922,0.204402923583984,0.204825386637377
35.887908906,0.204402923583984,0.204399319849514
35.89790663,0.203405827283859,0.204014907088006
35.907776779,0.204402923583984,0.203671535208015
35.917902794,0.203405827283859,0.203367137430133
35.927906646,0.202408745884895,0.203101523236967
35.937908261,0.203405827283859,0.202874910321286
35.94790964,0.202408745884895,0.202685631990233
35.957894239,0.202408745884895,0.202530993535687
35.967902133,0.202408745884895,0.202407349912271
35.977932958,0.203405827283859,0.202310778815771
35.987779138,0.202408745884895,0.202242372964766
35.997910195,0.201411664485931,0.202211588855197
36.007898428,0.201411664485931,0.202229685803453
36.017894155,0.202408745884895,0.202299714382109
36.027905581,0.202408745884895,0.202414783488734
36.037932694,0.202408745884895,0.202563241912548
36.047907703,0.203405827283859,0.202732957682069
36.057899598,0.203405827283859,0.202914896351593
36.067754432,0.203405827283859,0.203107534909142
36.077924976,0.202408745884895,0.203316983923607
36.087897331,0.202408745884895,0.20354889501759
36.09790935,0.204402923583984,0.203798699747635
36.107911611,0.204402923583984,0.204052025119538
36.117898916,0.203405827283859,0.204292742034877
36.127907658,0.205400004982948,0.204505685995357
36.137903429,0.204402923583984,0.204675680389986
36.147772288,0.205400004982948,0.20478978322271
36.157910996,0.204402923583984,0.204839100619054
36.167896803,0.205400004982948,0.204817785696095
36.177901186,0.205400019884109,0.204723375348315
36.187908909,0.205400019884109,0.204561220989712
36.197896442,0.205400019884109,0.204350382583887
36.207902951,0.203405827283859,0.204125538566181
36.217905526,0.204402923583984,0.203931852399013
36.227771713,0.202408745884895,0.203816070565604
36.23786317,0.203405827283859,0.203818262875185
36.247893442,0.202408745884895,0.203964621712023
36.257915822,0.204402923583984,0.204263184830352
36.26793269,0.204402923583984,0.204705926876791
36.27790738,0.205400004982948,0.20527570955123
36.287924128,0.205400004982948,0.205951596820982
36.297898634,0.205400004982948,0.206707569642496
36.307762155,0.207394182682037,0.207506414557246
36.317908803,0.208391264081001,0.208297308781255
36.327901339,0.209388345479965,0.209021868157639
36.337903181,0.21038544178009,0.209623079082179
36.34791115,0.211382538080215,0.210052982972223
36.357922535,0.211382538080215,0.210280237850138
36.367906502,0.21038544178009,0.210294537419549
36.37790917,0.209388345479965,0.210101913874089
36.387777052,0.21038544178009,0.209713827982354
36.397903158,0.209388360381126,0.209141895933519
36.407902696,0.209388360381126,0.208402020252568
36.417875078,0.207394182682037,0.207519727652605
36.427911033,0.207394182682037,0.206531049165928
36.43790159,0.205400004982948,0.205481029294478
36.447907367,0.204402923583984,0.204421753877394
36.457930617,0.201411664485931,0.203406329023208
36.46777586,0.201411664485931,0.202476455277603
36.477911651,0.201411664485931,0.201651830917851
36.487925812,0.201411664485931,0.200932476044986
36.497904098,0.201411664485931,0.20031221835839
36.507892645,0.199417471885681,0.199791336009371
36.517928681,0.199417471885681,0.199379128673919
36.527905633,0.198420390486717,0.199087701757775
36.537915846,0.198420390486717,0.198924740606125
36.547776811,0.198420390486717,0.198889048982434
36.557911517,0.199417471885681,0.198970054323506
36.567904524,0.199417471885681,0.199152628205931
36.577892821,0.199417471885681,0.19942344081586
36.587931048,0.199417471885681,0.199772512456073
36.597894682,0.199417486786842,0.200188909669792
36.607910129,0.200414568185806,0.200654796422266
36.617927514,0.20141164958477,0.201143406231211
36.627771806,0.202408730983734,0.201623969709959
36.637905604,0.202408730983734,0.20207015764564
36.647926759,0.202408730983734,0.202464693444118
36.657917605,0.203405827283859,0.202798007151276
36.667895409,0.203405827283859,0.203066582478413
36.677934283,0.203405827283859,0.203273852572481
36.687893329,0.203405827283859,0.203429755513705
36.697910865,0.203405827283859,0.203547563670296
36.707801625,0.203405827283859,0.203640446186477
36.717909362,0.204402923583984,0.203720156185694
36.727900668,0.203405827283859,0.203798896022759
36.737907953,0.203405827283859,0.2038901384053
36.747902881,0.204402923583984,0.204005500708884
36.757954586,0.203405827283859,0.204152692460643
36.767897777,0.204402923583984,0.204335629965292
36.777902395,0.204402923583984,0.204553917886735
36.787799465,0.204402923583984,0.204802938405589
36.79791326,0.205400004982948,0.205074555351059
36.807904191,0.206397086381912,0.20535984142735
36.817899055,0.204402923583984,0.205653971786003
36.827894066,0.205400004982948,0.205954195411508
36.837895057,0.206397086381912,0.206251007811502
36.84790724,0.206397086381912,0.206525855975221
36.857908953,0.207394182682037,0.20675691884142
36.86777054,0.207394182682037,0.206925386900945
36.877863886,0.207394182682037,0.207020000113175
36.887907699,0.207394182682037,0.207038875926861
36.897546812,0.206397086381912,0.206987528228463
36.90791692,0.207394182682037,0.206874455943824
36.917906799,0.207394182682037,0.206709503183394
36.927909682,0.206397086381912,0.206507464456439
36.937914249,0.206397086381912,0.206290098821686
36.947760489,0.205400004982948,0.206082264918226
36.957900588,0.205400004982948,0.205905711498156
36.967908802,0.204402923583984,0.205772699318586
36.977893296,0.206397086381912,0.205681697725638
36.987880967,0.205400004982948,0.205620213891898
36.997905743,0.206397086381912,0.205573439217413
37.007911664,0.204402923583984,0.205529660064757
37.017881161,0.205400004982948,0.205477417021634
37.027761029,0.206397086381912,0.205401280179496
37.037902867,0.205400004982948,0.205285753062765
37.047900618,0.205400004982948,0.205122318475662
37.05789801,0.204402923583984,0.204909335941808
37.067907872,0.205400004982948,0.204647607837674
37.077897596,0.204402923583984,0.20433960346315
37.087913461,0.204402923583984,0.203992332284906
37.097905865,0.203405827283859,0.203618511951474
37.107776356,0.203405827283859,0.203234552503645
37.117904904,0.202408730983734,0.202857745020481
37.127912466,0.20141164958477,0.202502337415623
37.137896865,0.202408730983734,0.202174173233385
37.147893958,0.202408730983734,0.201870238568594
37.157907021,0.202408730983734,0.201586952148897
37.167932037,0.201411664485931,0.201329266974077
37.177911724,0.199417471885681,0.201110019436454
37.187772538,0.200414568185806,0.20093811003219
37.197929001,0.201411664485931,0.200808548629886
37.207911464,0.201411664485931,0.200707460923708
37.217906371,0.201411664485931,0.200625518926839
37.227895341,0.200414568185806,0.200565449350463
37.237899282,0.200414568185806,0.200539783856706
37.247914141,0.199417471885681,0.200562771199407
37.257921326,0.200414568185806,0.20064154360163
37.267808509,0.200414568185806,0.200771601290357
37.277905582,0.202408730983734,0.200940465950084
37.287896311,0.201411664485931,0.201138241624096
37.29789825,0.200414568185806,0.201364691699009
37.307909518,0.20141164958477,0.201623740778597
37.317897007,0.20141164958477,0.201913372214648
37.327693214,0.202408730983734,0.202222806676219
37.337906426,0.20141164958477,0.202534398413235
37.347777151,0.204402923583984,0.202825185376764
37.357908457,0.203405827283859,0.203072403862451
37.367903095,0.204402923583984,0.203263394924331
37.377927466,0.203405827283859,0.203401053504481
37.387892724,0.203405827283859,0.20350107652754
37.397906496,0.203405827283859,0.203584931706448
37.407924057,0.203405827283859,0.203673561273387
37.417907185,0.203405827283859,0.203784069125584
37.427776689,0.203405827283859,0.203927665550166
37.437934481,0.205400004982948,0.204109847477958
37.447896497,0.203405827283859,0.204335211183259
37.45791,0.204402923583984,0.204610140525437
37.467929684,0.203405827283859,0.204936655340919
37.477912259,0.205400004982948,0.205303939763422
37.487906277,0.205400004982948,0.205686822985181
37.497925041,0.207394182682037,0.206052775250474
37.507780004,0.206397086381912,0.206372605640558
37.517903631,0.207394182682037,0.206627528751063
37.52792586,0.207394182682037,0.206810507001747
37.537916355,0.206397086381912,0.206924887600973
37.547907802,0.207394182682037,0.206980497375424
37.557924943,0.206397086381912,0.206988483914314
37.567892021,0.208391278982162,0.206960021608622
37.577905649,0.206397086381912,0.206909978473393
37.587781454,0.207394182682037,0.206859996798847
37.597893997,0.206397086381912,0.206836686722248
37.60791351,0.206397086381912,0.206867130040623
37.617898205,0.206397086381912,0.206973814962931
37.627909516,0.207394182682037,0.207171118542686
37.63791631,0.207394182682037,0.207466852278853
37.647940947,0.207394182682037,0.207865914556142
37.657908999,0.209388360381126,0.208371892187632
37.667795466,0.207394182682037,0.208987808473212
37.677910249,0.209388360381126,0.209713298118788
37.687907933,0.21038544178009,0.210538174950605
37.697890815,0.21038544178009,0.211440375870809
37.707902624,0.212379619479179,0.212387200277461
37.717916492,0.213376700878143,0.213336344619691
37.727918894,0.214373797178268,0.214240048635176
37.737930612,0.215370878577232,0.215050568188834
37.747785786,0.216367959976196,0.215723973043086
37.757908441,0.215370878577232,0.216221921149648
37.767908237,0.217365056276321,0.216509683905638
37.777933019,0.217365056276321,0.216555208055696
37.787900253,0.216367959976196,0.216333912441301
37.797906811,0.217365056276321,0.215833256945113
37.807931372,0.216367959976196,0.215056237254897
37.817906881,0.214373797178268,0.214026669647672
37.827811313,0.212379619479179,0.212788238852347
37.837916935,0.211382538080215,0.211394179465236
37.847894798,0.209388360381126,0.209897319741454
37.857895679,0.209388345479965,0.208347374857507
37.867903073,0.206397086381912,0.206794400972201
37.877897585,0.205400019884109,0.205292050407135
37.887899071,0.203405827283859,0.203895581162794
37.897902652,0.201411664485931,0.202656142983165
37.907773399,0.200414568185806,0.201612867537856
37.917898924,0.199417471885681,0.20078440051381
37.92791232,0.200414568185806,0.200165727349582
37.937907684,0.199417471885681,0.199733885734627
37.947926239,0.200414568185806,0.199458656707269
37.957907977,0.198420390486717,0.199310699202557
37.967904473,0.200414568185806,0.199263727256362
37.977912434,0.198420390486717,0.199293963260053
37.987787221,0.199417471885681,0.199378746888824
37.997899451,0.199417471885681,0.199493499318362
38.007909568,0.199417471885681,0.199610189998054
38.017908308,0.20141164958477,0.199700477953965
38.02790152,0.200414568185806,0.19974408723715
38.037909175,0.200414568185806,0.199737655515098
38.047917358,0.199417471885681,0.199695165344228
38.057905301,0.199417486786842,0.199640024632961
38.067809628,0.198420405387878,0.199595174143301
38.077916847,0.199417486786842,0.199574785499017
38.087908463,0.199417486786842,0.199581106091618
38.097912497,0.200414568185806,0.199608820362919
38.107904686,0.200414568185806,0.199654197948323
38.11791259,0.199417471885681,0.199722454642767
38.127912012,0.199417471885681,0.199826737485221
38.137897551,0.199417471885681,0.199979952349551
38.147790163,0.199417471885681,0.200187150158086
38.15792867,0.200414568185806,0.200442233156282
38.167903959,0.201411664485931,0.200730227220247
38.177901514,0.201411664485931,0.201035225129161
38.187908421,0.201411664485931,0.201347643674178
38.19790308,0.201411664485931,0.201664464465102
38.207893363,0.201411664485931,0.201983976525696
38.217914963,0.202408745884895,0.202300411941808
38.227793495,0.202408745884895,0.20260252132384
38.237900152,0.203405827283859,0.202876226131804
38.247915666,0.203405827283859,0.20310892183975
38.257906656,0.203405827283859,0.203293048292879
38.267899786,0.203405827283859,0.203426520185992
38.277912562,0.203405827283859,0.20351017299964
38.287922695,0.204402923583984,0.203546249354941
38.297916549,0.203405827283859,0.203540560031097
38.307811737,0.203405827283859,0.203504295474435
38.317903207,0.203405827283859,0.203451391861269
38.327917955,0.203405827283859,0.203395196792999
38.337914949,0.202408745884895,0.203346811094903
38.347904483,0.203405827283859,0.20331220605945
38.357903556,0.203405827283859,0.203290547716328
38.367908779,0.203405827283859,0.203277573394984
38.377912514,0.203405827283859,0.203270048680224
38.387786278,0.203405827283859,0.203267393949875
38.39751241,0.203405827283859,0.203271849642848
38.407912277,0.203405827283859,0.203288508712243
38.41790656,0.202408730983734,0.203323850574047
38.427912845,0.203405827283859,0.20338136638044
38.437918913,0.203405827283859,0.203458138736708
38.447903921,0.203405827283859,0.203546292086344
38.457914566,0.203405827283859,0.203635406235967
38.467788638,0.203405827283859,0.203712080166376
38.477911716,0.204402923583984,0.203759507044284
38.487921073,0.203405827283859,0.203759984271853
38.497431731,0.203405827283859,0.203696733585665
38.507903149,0.204402923583984,0.203552750420595
38.517903299,0.204402923583984,0.20331363936462
38.52791337,0.203405827283859,0.202976083311535
38.537905116,0.203405827283859,0.202552935455969
38.547795986,0.201411664485931,0.202070996587257
38.557906357,0.202408745884895,0.201565183305952
38.567912969,0.200414568185806,0.201073853820797
38.577893375,0.199417471885681,0.200634602209463
38.587905995,0.200414568185806,0.200277118477568
38.597590506,0.200414568185806,0.200020302647441
38.607904545,0.199417471885681,0.199878307319445
38.617910247,0.198420390486717,0.19986318346274
38.627789115,0.200414568185806,0.199978530331818
38.637920644,0.199417471885681,0.200215823406848
38.647908104,0.201411664485931,0.200558654863135
38.657909567,0.200414568185806,0.20098843225377
38.667907263,0.201411664485931,0.201486550356084
38.677904215,0.202408745884895,0.202033406384983
38.687906562,0.202408745884895,0.202608616297129
38.697873142,0.203405827283859,0.203192844474615
38.707814884,0.203405827283859,0.20376770468744
38.717911272,0.205400004982948,0.204315460291015
38.727928645,0.203405827283859,0.204820233659482
38.737899492,0.206397086381912,0.205267133303863
38.747900971,0.205400004982948,0.205640961622642
38.757910325,0.206397086381912,0.205928785758297
38.767910502,0.207394182682037,0.206124029898078
38.777909813,0.206397086381912,0.206231001296489
38.78781124,0.206397086381912,0.206267305302929
38.797942528,0.205400004982948,0.206258760948504
38.807906088,0.206397086381912,0.20623045241506
38.817912508,0.206397086381912,0.206202690636257
38.827905372,0.206397086381912,0.206194033101512
38.837911809,0.205400019884109,0.206224310658054
38.847910253,0.206397086381912,0.206311965079283
38.857915956,0.205400019884109,0.206469259946298
38.867815264,0.206397086381912,0.206698979255214
38.87791119,0.206397086381912,0.206992389300204
38.887898709,0.207394182682037,0.207329744469526
38.897897955,0.208391264081001,0.207684834336384
38.907925326,0.208391278982162,0.208032623653831
38.917905294,0.207394182682037,0.208353868986593
38.927897837,0.209388360381126,0.208631920773295
38.937908932,0.209388360381126,0.208850059294746
38.947814728,0.208391278982162,0.208995016672398
38.957903698,0.21038544178009,0.209059093573072
38.967909079,0.209388360381126,0.20904112879776
38.977905545,0.209388360381126,0.208950428184989
38.987903202,0.208391278982162,0.208807046140978
38.997879508,0.208391278982162,0.208635584124118
39.00785349,0.208391278982162,0.20845873725363
39.017895308,0.208391278982162,0.208295408766948
39.027828136,0.207394182682037,0.208161614325522
39.037890035,0.208391278982162,0.20806981297376
39.047898173,0.208391278982162,0.208028969060295
39.057911853,0.207394182682037,0.208047716899859
39.067895421,0.207394182682037,0.208133815307739
39.077908588,0.208391278982162,0.208288397205517
39.087912965,0.208391278982162,0.208504136760681
39.097918592,0.208391278982162,0.208768647445196
39.107804827,0.209388360381126,0.209066640175491
39.117910978,0.209388360381126,0.209381080633964
39.127911868,0.21038544178009,0.209696292807462
39.137901244,0.208391278982162,0.209999382368369
39.147910081,0.21038544178009,0.21027502460051
39.157887317,0.21038544178009,0.210499216460088
39.167958291,0.211382538080215,0.210641608566959
39.177909917,0.211382538080215,0.210674264254573
39.187814615,0.211382538080215,0.210579487227298
39.197904205,0.211382538080215,0.21035458991336
39.207910739,0.209388360381126,0.210012608363447
39.217905453,0.21038544178009,0.209577695030402
39.227909304,0.208391278982162,0.20907891632265
39.23790895,0.209388345479965,0.208547281557334
39.247908518,0.207394182682037,0.208015419990076
39.257906224,0.207394182682037,0.207516617618316
39.267817222,0.206397086381912,0.207081215968422
39.277903811,0.206397086381912,0.206732342855629
39.287911448,0.206397086381912,0.206484332385878
39.297915176,0.205400004982948,0.206343361840022
39.307912337,0.205400004982948,0.206306041744086
39.317910457,0.205400004982948,0.206354525409211
39.327914552,0.207394182682037,0.206454851058045
39.337900969,0.206397086381912,0.20656418330061
39.347831382,0.207394182682037,0.206641005878022
39.357907545,0.207394182682037,0.206651156126779
39.367911046,0.207394182682037,0.20657183335625
39.377908622,0.206397086381912,0.206394261213997
39.387918432,0.205400004982948,0.20612018623938
39.397912463,0.206397086381912,0.205753753224051
39.407920858,0.206397086381912,0.205299350005315
39.417909049,0.205400004982948,0.20476931067638
39.427786726,0.203405827283859,0.204189441404523
39.437905429,0.203405827283859,0.203592823906648
39.447907118,0.202408730983734,0.203009324000272
39.457915058,0.202408745884895,0.202460760141808
39.467904011,0.201411664485931,0.201961151493802
39.477907689,0.201411664485931,0.201517627651075
39.487908931,0.201411664485931,0.201131693838314
39.497913716,0.200414568185806,0.200802005282958
39.507821245,0.200414568185806,0.200525953684715
39.517896786,0.200414568185806,0.200298759541563
39.527909457,0.200414568185806,0.20011408900341
39.537892804,0.200414568185806,0.199967607775043
39.547910072,0.200414568185806,0.199860932514182
39.557902353,0.199417486786842,0.199803393698625
39.567898716,0.199417486786842,0.199808921242922
39.577911213,0.199417486786842,0.199889206412635
39.587839241,0.199417486786842,0.200048189519247
39.597913312,0.199417486786842,0.200279002372527
39.607917637,0.20141164958477,0.200563314489114
39.617333477,0.20141164958477,0.200877189056765
39.627906529,0.20141164958477,0.201201138511257
39.637912217,0.20141164958477,0.201524236078182
39.647910939,0.20141164958477,0.2018400160538
39.657911722,0.202408730983734,0.202141026985171
39.667823994,0.202408730983734,0.202417503864275
39.677904012,0.203405827283859,0.202660330986078
39.687918645,0.203405827283859,0.202865834810066
39.69791139,0.203405827283859,0.203039913022463
39.707910955,0.202408730983734,0.203197579897536
39.717890627,0.202408730983734,0.203355172089424
39.727904639,0.202408730983734,0.203518933630243
39.737905379,0.204402923583984,0.203678981085721
39.747811364,0.204402923583984,0.203815170447464
39.757907183,0.204402923583984,0.203909740891454
39.76790848,0.204402923583984,0.203955166051988
39.777901347,0.203405827283859,0.203953551518173
39.787912426,0.203405827283859,0.203910380025149
39.797904079,0.204402923583984,0.203827897804757
39.807903428,0.203405827283859,0.203704685895797
39.817898777,0.204402923583984,0.203540055478246
39.827815716,0.204402923583984,0.203339296871822
39.837912419,0.202408730983734,0.203118423297945
39.847911111,0.202408730983734,0.202901657540381
39.857904756,0.20141164958477,0.202710031476889
39.86790816,0.20141164958477,0.202549932536414
39.8779097,0.203405827283859,0.202409181139131
39.887928729,0.203405827283859,0.202265817247792
39.897908387,0.202408730983734,0.202104488847091
39.90782014,0.202408730983734,0.201924918036201
39.917915239,0.20141164958477,0.201738726055861
39.927916178,0.201411664485931,0.201562564502213
39.937905642,0.201411664485931,0.201412651439661
39.947908752,0.201411664485931,0.201303053857176
39.957893804,0.201411664485931,0.201247391538548
39.967903755,0.202408745884895,0.201262328865178
39.97790299,0.200414568185806,0.201371211660971
39.987816691,0.200414568185806,0.201600868450336
39.997349314,0.201411664485931,0.201969798312779
40.007388376,0.201411664485931,0.202479164462286
40.017903817,0.202408745884895,0.203111569330998
40.02790164,0.204402923583984,0.203833645579052
40.037903252,0.205400004982948,0.204604121514286
40.047910798,0.205400004982948,0.205385345446682
40.057911101,0.206397086381912,0.20614847635165
40.067822748,0.206397086381912,0.206870446335488
40.077717874,0.207394182682037,0.207528608811821
40.087402426,0.208391278982162,0.208097570750924
40.097402746,0.208391278982162,0.208550039411397
40.107348715,0.209388360381126,0.208859575646988
40.117901735,0.21038544178009,0.209004483841028
40.127909511,0.208391278982162,0.208973356511358
40.137922875,0.208391278982162,0.208764766187173
40.14785029,0.209388360381126,0.208380031146656
40.157905466,0.208391278982162,0.207822341142101
40.167891945,0.207394182682037,0.207103542401666
40.177914182,0.206397086381912,0.206246581146369
40.187912773,0.205400004982948,0.205282011286106
40.197611103,0.205400019884109,0.204246025719824
40.207552066,0.203405827283859,0.203183339808588
40.217908856,0.201411664485931,0.202148859199223
40.22782173,0.200414568185806,0.20120057884697
40.237912056,0.199417471885681,0.200387898970578
40.247910775,0.199417471885681,0.199744798576928
40.257913586,0.198420390486717,0.199289529911722
40.267910172,0.198420390486717,0.199026164678354
40.277221218,0.199417471885681,0.198946271697391
40.287868353,0.199417471885681,0.199034575927338
40.297743464,0.197423309087753,0.199274763463932
40.30769777,0.199417471885681,0.19964515063131
40.317870417,0.199417471885681,0.200109879757518
40.327853237,0.201411664485931,0.200619372796902
40.337852198,0.202408745884895,0.201120796429103
40.347869929,0.201411664485931,0.201570250843012
40.357852537,0.202408745884895,0.20193712697026
40.367850465,0.202408745884895,0.202200196539256
40.377868221,0.202408730983734,0.202344031363746
40.387765134,0.202408730983734,0.202357556626821
40.397833696,0.203405827283859,0.202233761842042
40.407870337,0.202408730983734,0.201973442753859
40.417850968,0.202408745884895,0.20159044696492
40.427854365,0.201411664485931,0.20111307915698
40.437867336,0.200414568185806,0.200581358185445
40.447856039,0.199417471885681,0.200040874306492
40.457852542,0.199417471885681,0.199535100969847
40.467801485,0.198420390486717,0.199100550188933
40.4778494,0.198420390486717,0.198765221367123
40.487854698,0.198420390486717,0.198548269832912
40.497872898,0.198420390486717,0.198461624319359
40.507857264,0.197423309087753,0.198511813207517
40.517851578,0.199417471885681,0.198699092055822
40.527872762,0.198420390486717,0.199017697405483
40.537852518,0.198420390486717,0.199457218773279
40.547768538,0.200414568185806,0.199999924458101
40.557868329,0.200414568185806,0.200619561423918
40.567854413,0.202408745884895,0.20128728873009
40.577862099,0.202408745884895,0.201979965172326
40.587868485,0.202408745884895,0.202684723690381
40.597849103,0.202408745884895,0.203395001765061
40.607853557,0.204402923583984,0.204100977811551
40.617867204,0.204402923583984,0.204785197118405
40.627771019,0.205400004982948,0.205424959244271
40.637852132,0.207394182682037,0.205996538938901
40.647867382,0.206397086381912,0.206481676042422
40.6578508,0.207394182682037,0.206872813665419
40.667854026,0.207394182682037,0.207172143664426
40.677870014,0.206397086381912,0.207387265233244
40.687851004,0.208391278982162,0.207526092030933
40.697854426,0.208391278982162,0.207596172821349
40.707804081,0.208391278982162,0.207612219334351
40.717853378,0.207394182682037,0.207602376353054
40.727854295,0.207394182682037,0.207604948807054
40.737869224,0.206397086381912,0.207658979142389
40.747854448,0.207394182682037,0.207794554320786
40.75785414,0.207394182682037,0.208027391098548
40.767869561,0.208391278982162,0.208359756465823
40.777857479,0.209388360381126,0.208786063138894
40.787772202,0.208391278982162,0.209299079081652
40.797876055,0.209388360381126,0.209890213779986
40.807863347,0.21038544178009,0.210544031190988
40.817853452,0.21038544178009,0.211235136771594
40.827866126,0.212379619479179,0.211929115942027
40.83785266,0.213376700878143,0.212586733220654
40.847850774,0.214373797178268,0.213173393398788
40.857867515,0.214373797178268,0.213669322678417
40.867776515,0.213376700878143,0.21407186809481
40.877856456,0.213376700878143,0.214386355191031
40.887853486,0.214373797178268,0.21461224648523
40.897853741,0.215370878577232,0.214737814064666
40.907850821,0.215370878577232,0.214747347859259
40.91785613,0.215370878577232,0.214631845677325
40.927853815,0.214373797178268,0.214394178565308
40.937858831,0.214373797178268,0.214047549352123
40.947807511,0.212379619479179,0.213609835846686
40.957854494,0.212379619479179,0.213094917186194
40.967850152,0.213376700878143,0.212505968754635
40.977878603,0.212379619479179,0.211839728732639
40.987849512,0.211382538080215,0.211097670194674
40.997852684,0.21038544178009,0.210290850100482
41.00785093,0.209388360381126,0.209437034748696
41.017856048,0.208391278982162,0.208556487986885
41.027776381,0.207394182682037,0.207668726925795
41.037852304,0.206397086381912,0.206789850868176
41.047850668,0.206397086381912,0.205931376818055
41.057851909,0.205400004982948,0.205102889369506
41.067853142,0.204402923583984,0.204316915537309
41.077870624,0.203405827283859,0.203590498463004
41.087855558,0.202408745884895,0.202941870381213
41.097862126,0.202408745884895,0.202385853416983
41.10780777,0.201411664485931,0.201931605168219
41.117852634,0.201411664485931,0.201582419461448
41.127850298,0.201411664485931,0.201336072732053
41.137869741,0.201411664485931,0.201186960629852
41.147855822,0.200414568185806,0.201128731318828
41.157852403,0.201411664485931,0.201153552299382
41.167870503,0.200414568185806,0.201249470823225
41.177854166,0.201411664485931,0.201398697388413
41.187779278,0.202408730983734,0.201578401176416
41.19787797,0.20141164958477,0.201765703151581
41.207856895,0.202408730983734,0.201942025073529
41.217853175,0.202408730983734,0.202093278506632
41.227869695,0.202408730983734,0.202210238607073
41.237854391,0.20141164958477,0.202288078725208
41.247858717,0.203405827283859,0.202322629951291
41.257865491,0.202408730983734,0.202310096975013
41.267778751,0.202408730983734,0.202251639315859
41.277852235,0.202408730983734,0.20215494202416
41.287855527,0.201411664485931,0.202031416855985
41.297776775,0.202408745884895,0.201892854918258
41.307772781,0.201411664485931,0.201749960683619
41.317292853,0.200414568185806,0.201611215446772
41.32785104,0.20141164958477,0.201477901962673
41.337851932,0.202408730983734,0.201341753287382
41.347781617,0.20141164958477,0.201193131317005
41.357877738,0.20141164958477,0.20103059778984
41.367853047,0.200414568185806,0.200861436787755
41.37785362,0.200414568185806,0.200695789497382
41.387869319,0.200414568185806,0.200540898922418
41.397858042,0.200414568185806,0.200399264763422
41.407849326,0.200414568185806,0.200270574795124
41.417851575,0.201411664485931,0.200156021528091
41.427781386,0.200414568185806,0.200064965131494
41.437852352,0.198420390486717,0.20001725714182
41.447866416,0.199417471885681,0.20003309466703
41.457854625,0.199417471885681,0.200119318221559
41.467852928,0.200414568185806,0.200266368480141
41.477871764,0.201411664485931,0.200455789521255
41.487851936,0.201411664485931,0.200671811627248
41.497851657,0.200414568185806,0.200909373679494
41.507817818,0.201411664485931,0.201172243989678
41.517853215,0.201411664485931,0.201466638329535
41.527850254,0.201411664485931,0.201798230731019
41.537873055,0.202408745884895,0.202171139226334
41.547852595,0.202408745884895,0.202587459250878
41.55785534,0.203405827283859,0.203048580515175
41.567873201,0.203405827283859,0.203556911180397
41.577856849,0.203405827283859,0.204115325826737
41.58778648,0.205400004982948,0.204724292141946
41.597872069,0.205400004982948,0.205381917734733
41.607852776,0.205400004982948,0.206086906667241
41.617852605,0.206397086381912,0.206836526722532
41.627868846,0.207394182682037,0.207620954253497
41.637858032,0.209388360381126,0.208423339902294
41.647850997,0.209388360381126,0.209227120237298
41.6578706,0.209388345479965,0.210021628609783
41.66778634,0.211382538080215,0.210799706377851
41.677852701,0.211382538080215,0.211554155182457
41.687872228,0.211382538080215,0.212277173117781
41.697854738,0.213376700878143,0.212957661101078
41.707852719,0.213376700878143,0.213579228735811
41.717880168,0.214373797178268,0.214123109398043
41.727851264,0.215370893478394,0.214572346625137
41.737851976,0.214373797178268,0.214914968542397
41.747825123,0.215370893478394,0.215143839363222
41.757852339,0.215370878577232,0.215253442665103
41.76785091,0.215370878577232,0.215239053185056
41.777869807,0.216367959976196,0.215099740521769
41.787854725,0.214373797178268,0.21484263706739
41.797850826,0.214373797178268,0.214483172978633
41.807870762,0.214373797178268,0.214039806897186
41.817854566,0.213376700878143,0.213530889433392
41.827819458,0.212379619479179,0.212974620105954
41.837870706,0.212379619479179,0.212386438343047
41.847852971,0.212379619479179,0.211777445145594
41.857851879,0.211382538080215,0.21115881737226
41.867867493,0.21038544178009,0.210546661359754
41.877849389,0.208391278982162,0.209959110454105
41.887853007,0.21038544178009,0.209407992422247
41.897852248,0.208391278982162,0.208896632931268
41.907790527,0.208391278982162,0.208424886142474
41.917851379,0.208391278982162,0.207992043243818
41.92785506,0.207394182682037,0.207597591209599
41.937852035,0.207394182682037,0.207242464602999
41.947852996,0.206397086381912,0.206928152146423
41.957848687,0.207394182682037,0.206654965745215
41.967865541,0.206397086381912,0.206423412674984
41.977854777,0.206397086381912,0.206237331862379
41.987793451,0.205400004982948,0.206103478531905
41.997876582,0.206397086381912,0.206027480441796
42.007852609,0.206397086381912,0.20601265536333
42.017854388,0.205400004982948,0.206062901211794
42.027871863,0.206397086381912,0.206182968361348
42.037851741,0.206397086381912,0.206376028827874
42.047853774,0.206397086381912,0.206643739335151
42.0578704,0.205400004982948,0.206984776681251
42.067792903,0.207394182682037,0.207387872042968
42.077854243,0.208391278982162,0.207828671527158
42.087867086,0.208391278982162,0.208277284228583
42.097857636,0.209388345479965,0.20870772730858
42.107850693,0.208391278982162,0.209100574650305
42.117874218,0.21038544178009,0.209440648611888
42.127858683,0.21038544178009,0.209716779963258
42.137852182,0.21038544178009,0.209926595382986
42.147827778,0.21038544178009,0.210079928327551
42.157854544,0.21038544178009,0.210196913585967
42.167852626,0.21038544178009,0.210304531554137
42.177872229,0.209388360381126,0.210432530887966
42.187855072,0.21038544178009,0.210606884103085
42.197850794,0.21038544178009,0.210844170006989
42.207877052,0.211382538080215,0.211151664873215
42.217852679,0.21038544178009,0.211530154902944
42.227795785,0.211382538080215,0.211972696590192
42.237867851,0.212379619479179,0.212460639396021
42.247850321,0.212379619479179,0.212963689395682
42.257878728,0.214373797178268,0.213444407662717
42.26785321,0.213376700878143,0.213863782651751
42.277853287,0.215370878577232,0.214185973537151
42.287854166,0.215370878577232,0.214382999397985
42.297852894,0.214373797178268,0.21444008269474
42.307832056,0.214373797178268,0.214355592557999
42.317856914,0.214373797178268,0.214134583033102
42.327885828,0.214373797178268,0.213785254728215
42.337850255,0.212379619479179,0.213319588338619
42.347853095,0.213376700878143,0.212751380155779
42.357852497,0.211382538080215,0.212092764920486
42.367869891,0.212379619479179,0.211354242867987
42.377853161,0.21038544178009,0.210547954043558
42.387799188,0.209388360381126,0.20968998928632
42.397868093,0.208391278982162,0.208797502864481
42.407859351,0.208391278982162,0.207884270902383
42.417853509,0.206397086381912,0.206960969473665
42.427869889,0.206397086381912,0.20603724206495
42.437853655,0.206397086381912,0.205123990837164
42.447855405,0.203405827283859,0.204238299533042
42.457867435,0.203405827283859,0.203404115686375
42.467801153,0.201411664485931,0.202644369727049
42.477851513,0.201411664485931,0.201972015558392
42.487870955,0.201411664485931,0.201386192135117
42.497850439,0.201411664485931,0.200875908519508
42.50785573,0.200414568185806,0.200428595731393
42.517870876,0.201411664485931,0.200037077667206
42.527851293,0.198420390486717,0.199702517325803
42.537857916,0.198420390486717,0.199429505101101
42.547833996,0.199417471885681,0.199214634408152
42.557854104,0.199417471885681,0.199043085848946
42.567850928,0.199417471885681,0.198897281974549
42.577882203,0.199417471885681,0.198765972982985
42.587158457,0.198420390486717,0.198647439260339
42.597107538,0.197423309087753,0.198545696876279
42.607169201,0.198420390486717,0.19846110047041
42.617092982,0.198420390486717,0.198384583570764
42.627133659,0.199417471885681,0.198302179469104
42.637094427,0.198420405387878,0.198204694836689
42.647085799,0.198420405387878,0.198093503599068
42.657049847,0.197423309087753,0.197978640360027
42.667075841,0.197423309087753,0.197871820248377
42.677847452,0.197423309087753,0.197779518554221
42.687850351,0.197423309087753,0.197699889522204
42.697851515,0.198420405387878,0.197624737941936
42.70780338,0.197423309087753,0.197545243759106
42.71785515,0.197423309087753,0.197456280637468
42.727850725,0.197423309087753,0.197355515448383
42.737854148,0.197423309087753,0.197241360517151
42.747850523,0.197423309087753,0.19711380351376
42.75790316,0.197423309087753,0.196976821826253
42.767913825,0.196426212787628,0.196839720219659
42.777910255,0.196426212787628,0.196714657591189
42.787861304,0.196426212787628,0.196611510153547
42.797902176,0.196426212787628,0.196535140073268
42.807909708,0.196426212787628,0.196486207539931
42.817913188,0.196426212787628,0.196462778922727
42.827905527,0.195429131388664,0.196460064139264
42.837917201,0.196426212787628,0.196467008963886
42.847897179,0.196426212787628,0.196463833446262
42.857906913,0.197423309087753,0.196426048049352
42.867869814,0.197423309087753,0.196334005456668
42.877927674,0.196426212787628,0.196181815210042
42.887892725,0.196426212787628,0.195979352590712
42.897906073,0.195429131388664,0.19574746507729
42.907910967,0.195429131388664,0.195511490112755
42.917907078,0.1944320499897,0.195295347753821
42.927910293,0.195429131388664,0.195117052716759
42.937922994,0.1944320499897,0.194987823264151
42.947872328,0.195429131388664,0.194914415365462
42.957225774,0.1944320499897,0.19490178430806
42.967909527,0.1944320499897,0.194953266845047
42.977893392,0.195429131388664,0.195068177155249
42.987899834,0.195429131388664,0.195242043243988
42.997905977,0.195429131388664,0.195470813733082
43.007911669,0.195429131388664,0.19575249541353
43.017937493,0.196426212787628,0.196084971982693
43.027866587,0.196426212787628,0.196465340961303
43.037896192,0.197423309087753,0.196892138522952
43.047899029,0.196426212787628,0.197366536281739
43.057894198,0.197423309087753,0.197888574469782
43.067913592,0.198420390486717,0.198451082426437
43.077932304,0.199417486786842,0.199039257558274
43.087915462,0.199417486786842,0.199636058892834
43.097906734,0.200414568185806,0.200225763527339
43.107873547,0.201411664485931,0.200794690778255
43.117852511,0.201411664485931,0.201333372766404
43.127855265,0.201411664485931,0.201837801947213
43.137877615,0.201411664485931,0.202304670793945
43.147858583,0.203405827283859,0.202724692538431
43.157853329,0.203405827283859,0.203083369195764
43.167869998,0.203405827283859,0.203368077231564
43.177877709,0.203405827283859,0.203571159009011
43.187811621,0.204402923583984,0.203687936374112
43.197863094,0.204402923583984,0.203717737037384
43.207855725,0.203405827283859,0.203668021796656
43.217860845,0.202408730983734,0.203552357430785
43.22787035,0.204402923583984,0.20338209891261
43.237852102,0.204402923583984,0.203166079575284
43.247854091,0.202408730983734,0.202920708291164
43.257868558,0.202408730983734,0.202673046549762
43.267811958,0.202408730983734,0.202452531977144
43.277672369,0.20141164958477,0.202284043152895
43.287150986,0.200414568185806,0.202183074511558
43.297855109,0.202408730983734,0.202148592287784
43.307856025,0.202408730983734,0.202162544928348
43.317853471,0.203405827283859,0.202201326806484
43.327854967,0.202408730983734,0.20224891225394
43.337148935,0.202408730983734,0.202301476646867
43.347814104,0.201411664485931,0.202362476621057
43.357646796,0.201411664485931,0.202432276256946
43.367850789,0.203405827283859,0.202500263530559
43.37715209,0.203405827283859,0.202548758203461
43.387854146,0.203405827283859,0.202566258332686
43.397851366,0.202408745884895,0.202555761899054
43.407147937,0.202408745884895,0.202531729110199
43.417856275,0.202408745884895,0.20251224381605
43.427138417,0.201411664485931,0.202512740828383
43.43785372,0.202408745884895,0.20254098302215
43.447851127,0.203405827283859,0.20259565079247
43.457147026,0.203405827283859,0.202673666382956
43.467857647,0.202408745884895,0.202779613823348
43.477139978,0.202408745884895,0.202925358461724
43.487851519,0.203405827283859,0.203122409055503
43.497133234,0.202408745884895,0.203377395800889
43.507819723,0.203405827283859,0.203690468721196
43.517136912,0.204402923583984,0.204053857261147
43.527851041,0.204402923583984,0.204454557016929
43.537156522,0.204402923583984,0.204878643622003
43.547848116,0.205400004982948,0.205310853401327
43.557123807,0.206397086381912,0.205733683524432
43.567851914,0.206397086381912,0.206131615796672
43.577151795,0.206397086381912,0.206495517832835
43.587822831,0.206397086381912,0.20682091354529
43.597158235,0.207394182682037,0.207102970282027
43.607854427,0.207394182682037,0.207334940045712
43.617079825,0.208391278982162,0.207511491425812
43.627849707,0.208391278982162,0.207634403795539
43.637138906,0.207394182682037,0.207716722423025
43.647850568,0.207394182682037,0.207780021072714
43.657108572,0.207394182682037,0.207845843114832
43.667821476,0.207394182682037,0.207928863170135
43.677116039,0.208391278982162,0.208035339875352
43.687855595,0.208391278982162,0.208166565779417
43.697107755,0.208391278982162,0.208324509599759
43.707850994,0.208391278982162,0.208514291984715
43.717119044,0.207394182682037,0.208740791039012
43.72785365,0.208391278982162,0.209000623174803
43.73711538,0.21038544178009,0.209277388662224
43.747822801,0.209388360381126,0.209548211436569
43.757122296,0.21038544178009,0.209793943119849
43.767848888,0.21038544178009,0.210002863546638
43.777108014,0.21038544178009,0.210170879536594
43.787854461,0.21038544178009,0.210301103587093
43.797124323,0.21038544178009,0.210401585563073
43.807853837,0.21038544178009,0.210482473488402
43.817116717,0.21038544178009,0.210553781160465
43.827822185,0.211382538080215,0.210624889538939
43.837120365,0.209388360381126,0.210705575420911
43.847853675,0.211382538080215,0.210804404257209
43.85711453,0.21038544178009,0.210925615241724
43.867854538,0.21038544178009,0.211068304294604
43.877074749,0.211382538080215,0.211225188056658
43.887850748,0.211382538080215,0.211382299107949
43.897850733,0.212379619479179,0.211523723519458
43.907123702,0.212379619479179,0.211638990049184
43.917456016,0.212379619479179,0.211729415536067
43.927854679,0.211382538080215,0.21180960705497
43.937112099,0.212379619479179,0.211902759174518
43.947090522,0.212379619479179,0.21203607684364
43.957855064,0.211382538080215,0.212239835600964
43.967090524,0.212379619479179,0.212544241916311
43.977860681,0.211382538080215,0.212972168628238
43.987091651,0.212379619479179,0.213531157296487
43.997066739,0.213376700878143,0.214206924193907
44.00805937,0.214373797178268,0.214962232964506
44.017098887,0.215370893478394,0.215741448011796
44.027855442,0.216367959976196,0.216476236197584
44.037117301,0.218362152576447,0.217092215144328
44.047090061,0.218362152576447,0.21751924094885
44.057861199,0.218362152576447,0.217701527904365
44.067108795,0.218362152576447,0.217601068939631
44.077109901,0.218362152576447,0.217196818293269
44.086975782,0.218362152576447,0.216487038649702
44.097854175,0.215370878577232,0.215493915066399
44.107852217,0.214373797178268,0.214261197958744
44.117053607,0.213376700878143,0.212844430898319
44.12785217,0.211382538080215,0.211304802903438
44.137063227,0.208391278982162,0.20970683353225
44.147828544,0.207394182682037,0.208110713458509
44.157101475,0.207394182682037,0.206564606691175
44.167849629,0.204402923583984,0.205107584409883
44.177098689,0.203405827283859,0.203775551080448
44.187852464,0.201411664485931,0.202598730284704
44.197052203,0.201411664485931,0.201595249328298
44.207096854,0.201411664485931,0.200770794902355
44.217827473,0.199417471885681,0.200125277953745
44.22709864,0.199417471885681,0.19965709127463
44.237853346,0.199417471885681,0.199360962861069
44.247072072,0.198420390486717,0.199226051607915
44.257852287,0.198420390486717,0.199234417013028
44.267094881,0.199417471885681,0.199357472382788
44.27709858,0.199417471885681,0.199556110201121
44.28708851,0.200414568185806,0.199786420874994
44.297856644,0.200414568185806,0.200006499725821
44.306976306,0.199417471885681,0.200179927068137
44.317067035,0.20141164958477,0.200274134824252
44.32707537,0.200414568185806,0.200259718995743
44.3378525,0.200414568185806,0.200114030024989
44.347013751,0.200414568185806,0.199823035181868
44.357083794,0.199417471885681,0.199380594270826
44.367072039,0.199417471885681,0.198788088961261
44.377074096,0.199417471885681,0.198055857502092
44.387073002,0.197423309087753,0.197207708451265
44.397077197,0.196426212787628,0.196282975272607
44.407062491,0.195429131388664,0.195331632640193
44.41707373,0.193434953689575,0.194406965991806
44.427073526,0.193434953689575,0.193558768812081
44.437101176,0.19243785738945,0.192828648563061
44.447070659,0.191440775990486,0.19224907371324
44.457077683,0.19243785738945,0.191843974068898
44.467073322,0.191440775990486,0.191631519372868
44.477092819,0.190443694591522,0.191627222757381
44.487076455,0.191440790891647,0.1918403622257
44.497076422,0.191440790891647,0.192267383770199
44.507078832,0.192437872290611,0.192890067310022
44.517065575,0.193434953689575,0.19367723198284
44.527080423,0.1944320499897,0.194587712203747
44.537076249,0.196426212787628,0.195575232538682
44.547097065,0.197423309087753,0.196596000467021
44.557083057,0.197423309087753,0.197615961544325
44.567078232,0.198420390486717,0.19861065870368
44.577075809,0.199417471885681,0.199558417355602
44.587060596,0.200414568185806,0.200435353271675
44.597067119,0.202408730983734,0.201216668343339
44.60705449,0.202408730983734,0.20188340769345
44.617040391,0.203405827283859,0.202429859304253
44.62702841,0.203405827283859,0.202866647032439
44.637057201,0.202408730983734,0.20321828716302
44.647075005,0.202408730983734,0.20351369161552
44.657059363,0.203405827283859,0.203773153586281
44.667074418,0.204402923583984,0.204003203465514
44.677063793,0.204402923583984,0.204202914138327
44.687060147,0.205400004982948,0.204373543083307
44.697055906,0.203405827283859,0.204523521115068
44.707030932,0.205400004982948,0.20466607253568
44.717028063,0.204402923583984,0.204814585452527
44.727057545,0.204402923583984,0.204980773394789
44.737056484,0.204402923583984,0.205171410634709
44.747035833,0.206397086381912,0.205384745893149
44.757060625,0.205400004982948,0.205614396767749
44.767055825,0.205400004982948,0.20585544898386
44.777056744,0.206397086381912,0.206103605345094
44.787059227,0.205400004982948,0.206351451145766
44.797043614,0.207394182682037,0.206587238212377
44.807037058,0.206397086381912,0.206796357264227
44.817054995,0.207394182682037,0.206964413500575
44.827055217,0.207394182682037,0.207079545953431
44.837066149,0.207394182682037,0.207134270552729
44.847056903,0.207394182682037,0.207127078240437
44.857061343,0.207394182682037,0.207062611530453
44.867059407,0.206397086381912,0.206950449562091
44.877031634,0.207394182682037,0.206802416310775
44.887055513,0.206397086381912,0.206630873759712
44.897056641,0.206397086381912,0.206449085981664
44.907057648,0.206397086381912,0.206270752912156
44.917002048,0.205400004982948,0.20610843824431
44.927001857,0.206397086381912,0.205971936315126
44.937048879,0.206397086381912,0.205868965413218
44.947003397,0.204402923583984,0.205807973018243
44.957060971,0.206397086381912,0.20579627035584
44.967005057,0.206397086381912,0.205837291171582
44.976969401,0.205400004982948,0.205934756750506
44.987005358,0.205400004982948,0.206094404912394
44.997003329,0.206397086381912,0.206317914223155
45.007003916,0.205400004982948,0.206598191929553
45.017003583,0.207394182682037,0.206918675852458
45.027000731,0.206397086381912,0.207254171755961
45.036933806,0.208391278982162,0.207573567588619
45.046989007,0.208391278982162,0.207844928743597
45.057005125,0.208391278982162,0.208042260517492
45.067002006,0.208391278982162,0.208149269764109
45.077012721,0.208391278982162,0.208157999776471
45.086979021,0.209388360381126,0.208067969248122
45.096994927,0.207394182682037,0.207888628601296
45.107008145,0.207394182682037,0.20763852812774
45.11700528,0.207394182682037,0.207338371005114
45.12700543,0.207394182682037,0.207006858018588
45.137011717,0.206397086381912,0.20666288391114
45.147001463,0.207394182682037,0.206328394802928
45.1569881,0.204402923583984,0.206028840994379
45.167011006,0.205400004982948,0.205788120362
45.177005734,0.205400004982948,0.20562016342196
45.186987577,0.204402923583984,0.205525969259597
45.197007367,0.206397086381912,0.205495829093467
45.207007014,0.206397086381912,0.205515374867923
45.217005898,0.204402923583984,0.205574276279644
45.227011421,0.206397086381912,0.205667254588247
45.236967917,0.205400004982948,0.205788938908266
45.246988143,0.204402923583984,0.205930638676952
45.25695687,0.206397086381912,0.206075226183286
45.26700563,0.207394182682037,0.206195638863093
45.276958675,0.206397086381912,0.206265287111897
45.287001944,0.207394182682037,0.206268968365741
45.296949404,0.205400004982948,0.206204190788122
45.306981501,0.205400004982948,0.20607453202616
45.316965583,0.207394182682037,0.205881745702018
45.326951296,0.205400004982948,0.205627167056282
45.336954297,0.205400004982948,0.205318411940912
45.346959682,0.205400004982948,0.204969408510915
45.356926466,0.205400004982948,0.20459887202839
45.366953699,0.203405827283859,0.204232216157952
45.37695259,0.203405827283859,0.203898577014191
45.386961479,0.203405827283859,0.203622443960895
45.396950959,0.203405827283859,0.203419913096982
45.406959686,0.203405827283859,0.203301721032542
45.416986592,0.202408730983734,0.203276096682227
45.426934463,0.203405827283859,0.203347219982052
45.437007702,0.203405827283859,0.203513083686742
45.447010288,0.204402923583984,0.203767964311627
45.457007352,0.203405827283859,0.204106882613952
45.466993037,0.204402923583984,0.204525537673492
45.477023893,0.204402923583984,0.205015820574684
45.487006715,0.205400004982948,0.205562317924675
45.497007064,0.206397086381912,0.206142649542761
45.50700879,0.207394182682037,0.206731962705848
45.516983382,0.207394182682037,0.207309372911729
45.526985041,0.207394182682037,0.207860218939215
45.537011646,0.209388360381126,0.208373232038897
45.547008124,0.208391278982162,0.208839548995666
45.556966623,0.21038544178009,0.209255135783763
45.567014411,0.21038544178009,0.209624147685257
45.577003689,0.21038544178009,0.209963275635924
45.586951106,0.209388360381126,0.210301673222777
45.597016597,0.21038544178009,0.210672158299386
45.606967028,0.21038544178009,0.211101073356152
45.617026683,0.211382538080215,0.21160412549028
45.626953138,0.212379619479179,0.212187692891952
45.636944367,0.211382538080215,0.212851297993184
45.646954404,0.213376700878143,0.213585814381524
45.656953133,0.213376700878143,0.21436875446367
45.666951197,0.215370893478394,0.215163470520543
45.676957996,0.216367959976196,0.215924071211163
45.686962209,0.217365056276321,0.216604140645515
45.696948384,0.217365056276321,0.217164866501213
45.706970862,0.218362137675285,0.217578201119527
45.717012607,0.218362137675285,0.217827160952787
45.726960596,0.217365056276321,0.217905172296032
45.736985621,0.218362152576447,0.217812193555055
45.746944995,0.218362152576447,0.217551747972625
45.756973393,0.217365056276321,0.217134170806057
45.766956353,0.216367959976196,0.216579372249158
45.776985853,0.215370878577232,0.215912278544651
45.786953159,0.215370878577232,0.215155850330971
45.796985705,0.214373797178268,0.214329132671261
45.806950216,0.213376700878143,0.213449871754387
45.816949897,0.212379619479179,0.212535995942923
45.826967075,0.212379619479179,0.21160557019581
45.836922971,0.21038544178009,0.210678799074664
45.846944581,0.209388360381126,0.209779039192845
45.856976966,0.208391278982162,0.208928429246964
45.866969604,0.207394182682037,0.20814164374686
45.876934864,0.208391278982162,0.207423958006853
45.886953614,0.206397086381912,0.206775970379346
45.896982933,0.205400004982948,0.206198230470152
45.906955263,0.205400004982948,0.205687804057177
45.916972556,0.205400004982948,0.205233389231037
45.926964764,0.204402923583984,0.204817005179566
45.936932173,0.205400004982948,0.204418520889586
45.946970265,0.203405827283859,0.204019402259783
45.956945937,0.204402923583984,0.203604745784884
45.966914476,0.203405827283859,0.203163969320024
45.976905693,0.202408730983734,0.202691785756469
45.986897859,0.202408730983734,0.202187037145962
45.996913987,0.202408730983734,0.201650831401621
46.006939608,0.201411664485931,0.201089297681522
46.016947982,0.200414568185806,0.200516954075245
46.026898438,0.199417471885681,0.199953932500042
46.036936572,0.198420390486717,0.199418100936901
46.046894237,0.199417471885681,0.198918330341227
46.056907422,0.198420390486717,0.198455189397252
46.066934728,0.198420405387878,0.198027554235047
46.076942795,0.197423309087753,0.19763714348625
46.086935613,0.197423309087753,0.19728831852487
46.096938004,0.197423309087753,0.196987068431131
46.106943422,0.196426212787628,0.196741734101091
46.116945071,0.195429131388664,0.196561383370872
46.126929953,0.197423309087753,0.196450360013205
46.136952007,0.196426212787628,0.196408098159649
46.146932147,0.196426212787628,0.196435430149672
46.156923736,0.196426212787628,0.196536789422355
46.166888563,0.195429131388664,0.196715631704943
46.176881983,0.196426212787628,0.196966983045337
46.186880256,0.197423309087753,0.197272392179839
46.196886926,0.197423309087753,0.197602717600586
46.206886167,0.198420390486717,0.19792515622217
46.216855729,0.199417471885681,0.198209783777656
46.22688924,0.198420390486717,0.198436231510249
46.236850417,0.199417471885681,0.198597107629293
46.246886736,0.198420390486717,0.198695922257864
46.256871832,0.198420390486717,0.198742330029999
46.266863415,0.199417471885681,0.198747302297179
46.276859631,0.199417471885681,0.198723347586657
46.286893275,0.198420405387878,0.198689545968905
46.296867136,0.198420405387878,0.198671853989882
46.306863203,0.198420405387878,0.198696955458908
46.31688325,0.197423309087753,0.198785763787077
46.326855552,0.198420390486717,0.198947398138746
46.336863539,0.198420390486717,0.199174572803634
46.346889335,0.199417471885681,0.19944420961486
46.356865117,0.200414568185806,0.199723421060584
46.366868698,0.200414568185806,0.19997865300967
46.376883855,0.200414568185806,0.200183314089617
46.386855551,0.200414568185806,0.200319248816623
46.396866245,0.200414568185806,0.200373919200858
46.406852634,0.200414568185806,0.20033766246822
46.416854592,0.201411664485931,0.200203954987586
46.42686457,0.200414568185806,0.199974201932665
46.436928779,0.199417471885681,0.199661868143218
46.446911813,0.199417471885681,0.199289286968332
46.45692114,0.198420405387878,0.198880850001025
46.46693527,0.198420405387878,0.198458767291517
46.476923777,0.198420405387878,0.19804224494306
46.486918794,0.197423309087753,0.197649618912659
46.496952033,0.197423309087753,0.197300380299779
46.506916088,0.196426212787628,0.197014047074348
46.516920968,0.196426212787628,0.196806799963963
46.526932975,0.196426212787628,0.196688141218896
46.536914786,0.197423309087753,0.19666122327395
46.546905389,0.196426212787628,0.196727960833933
46.556943638,0.196426212787628,0.196892215837011
46.566896375,0.196426212787628,0.197155709268555
46.576900144,0.197423309087753,0.197511893234696
46.586924363,0.198420405387878,0.197945719479748
46.596954134,0.198420405387878,0.198439445275551
46.606936089,0.199417471885681,0.19897814368434
46.616942714,0.199417471885681,0.199551281195553
46.626921212,0.199417471885681,0.200150661780644
46.636922776,0.200414568185806,0.200764982035272
46.646930343,0.202408730983734,0.201376500175963
46.656919221,0.202408730983734,0.201966682828934
46.666925749,0.203405827283859,0.202525873263054
46.676955604,0.202408730983734,0.203056727238707
46.686914232,0.202408730983734,0.203567630517573
46.696909479,0.204402923583984,0.204061383248763
46.706948418,0.204402923583984,0.204530955171519
46.71691782,0.205400004982948,0.20496493320839
46.726917979,0.205400004982948,0.205353526740797
46.736945864,0.206397086381912,0.205691354547045
46.746913669,0.205400004982948,0.205978509015369
46.756918305,0.206397086381912,0.20621868228058
46.766936574,0.205400004982948,0.206414372145414
46.776915814,0.207394182682037,0.206563094248318
46.78690723,0.207394182682037,0.206659859521282
46.796884682,0.206397086381912,0.20670462529807
46.806913741,0.206397086381912,0.206704203125079
46.816920952,0.206397086381912,0.206665968115317
46.826913883,0.207394182682037,0.206593835998503
46.836914206,0.206397086381912,0.206491666267402
46.846917186,0.206397086381912,0.206367382802929
46.856947555,0.205400004982948,0.20623109698262
46.866928317,0.206397086381912,0.206089721485684
46.876921001,0.205400004982948,0.205944507685401
46.886947281,0.206397086381912,0.205792704398711
46.896921618,0.205400004982948,0.205630658080023
46.906914022,0.206397086381912,0.205457061916891
46.91695228,0.205400004982948,0.205276396738496
46.926921055,0.204402923583984,0.205099919101008
46.93691344,0.204402923583984,0.20494013750536
46.946929108,0.205400004982948,0.20480386887093
46.956921603,0.205400004982948,0.204694227700139
46.966920557,0.205400004982948,0.20462006478595
46.976949485,0.204402923583984,0.204602146233954
46.986917009,0.203405827283859,0.204669230536267
46.996919658,0.204402923583984,0.204846281869253
47.006916467,0.204402923583984,0.205144879654663
47.016925416,0.205400004982948,0.205561987613129
47.026918792,0.206397086381912,0.206084214488393
47.036943158,0.207394182682037,0.206694949674125
47.046923489,0.206397086381912,0.207380627705227
47.056907028,0.207394182682037,0.208128498981892
47.066935275,0.208391278982162,0.208917535137308
47.076918317,0.209388360381126,0.209713378488739
47.086907541,0.211382538080215,0.210471787515959
47.096942307,0.211382538080215,0.211147314647272
47.106924534,0.212379619479179,0.211701470507586
47.116961619,0.212379619479179,0.212105977663848
47.126945972,0.212379619479179,0.212341893466558
47.136913667,0.212379619479179,0.212396527280688
47.146923763,0.213376700878143,0.212261221226869
47.156896083,0.212379619479179,0.21193424012405
47.166918298,0.212379619479179,0.211426287290314
47.176907426,0.211382538080215,0.210763352796831
47.186911391,0.21038544178009,0.209986637673999
47.196921595,0.209388360381126,0.209150323116242
47.206923012,0.207394182682037,0.208316336921321
47.216939976,0.207394182682037,0.207546344620561
47.226921188,0.206397086381912,0.206895012084176
47.23692201,0.205400004982948,0.206407260523774
47.246938085,0.205400004982948,0.206115750931532
47.256916247,0.206397086381912,0.20603899250899
47.266943713,0.204402923583984,0.206183358177796
47.276923189,0.206397086381912,0.206543322596522
47.286899113,0.205400004982948,0.207097149479315
47.296912693,0.207394182682037,0.20780346247033
47.306913895,0.209388360381126,0.208603149422818
47.316922418,0.209388360381126,0.209428772971253
47.326936426,0.211382538080215,0.210216048239425
47.336911079,0.211382538080215,0.210910784813012
47.346917998,0.211382538080215,0.211471261175218
47.356936898,0.212379619479179,0.211865834597307
47.36692169,0.213376700878143,0.212070647951012
47.376910054,0.212379619479179,0.212073398713666
47.386921592,0.212379619479179,0.211877045161379
47.396923591,0.212379619479179,0.211498398967676
47.40691062,0.21038544178009,0.210965510338026
47.416946285,0.21038544178009,0.21031351774439
47.426899241,0.209388360381126,0.209578412937112
47.436898449,0.208391278982162,0.208793315882515
47.446899186,0.208391278982162,0.207987855796849
47.45691303,0.206397086381912,0.207188646350611
47.466920883,0.206397086381912,0.206418905352625
47.476949904,0.205400004982948,0.205696660126954
47.486913691,0.205400004982948,0.205035020519659
47.496915531,0.203405827283859,0.204444135411422
47.506947477,0.204402923583984,0.203930580858934
47.516915671,0.203405827283859,0.203496607586003
47.526921185,0.202408730983734,0.203141752593703
47.536942694,0.203405827283859,0.202862796356676
47.546916064,0.202408745884895,0.20265339387282
47.556920417,0.202408745884895,0.202506087543306
47.56690175,0.201411664485931,0.202411542932777
47.576914337,0.202408745884895,0.202353855187858
47.586917466,0.202408745884895,0.202308762897563
47.596904142,0.203405827283859,0.202249078503472
47.606912738,0.202408745884895,0.202153837104885
47.616904771,0.202408745884895,0.202013734237118
47.626899567,0.202408745884895,0.201830602616855
47.636926325,0.201411664485931,0.201615083997954
47.646908875,0.201411664485931,0.201383799940612
47.656902134,0.201411664485931,0.201155826350694
47.666910828,0.201411664485931,0.200952111374219
47.676907813,0.200414568185806,0.200797439349637
47.686932313,0.200414568185806,0.200719205206448
47.696909858,0.199417471885681,0.200741170166521
47.706900021,0.199417471885681,0.200874321334528
47.716916211,0.201411664485931,0.201109701164462
47.72691172,0.201411664485931,0.201420958043809
47.73691484,0.202408745884895,0.201775462482709
47.746936095,0.202408745884895,0.202143884918242
47.756908305,0.202408745884895,0.202503552094841
47.766912231,0.202408745884895,0.20283616689373
47.776930892,0.203405827283859,0.20312303116289
47.78689987,0.203405827283859,0.203343480801645
47.796938988,0.204402923583984,0.203478263055575
47.806905022,0.204402923583984,0.203515621481862
47.816912761,0.203405827283859,0.203456477542153
47.826914854,0.203405827283859,0.203313630771716
47.836910767,0.202408745884895,0.2031049664948
47.846897246,0.202408745884895,0.202845744109358
47.856917975,0.203405827283859,0.202544941049458
47.86691465,0.202408745884895,0.202209322159851
47.876904442,0.201411664485931,0.20184972979384
47.886906742,0.202408745884895,0.20148147738822
47.896916737,0.201411664485931,0.201123884826132
47.906894051,0.201411664485931,0.200803908415568
47.916904635,0.199417471885681,0.200556828746712
47.9268973,0.199417471885681,0.200418147205612
47.936905528,0.200414568185806,0.200412620469407
47.946920919,0.200414568185806,0.200551659816513
47.956909108,0.199417471885681,0.20083728123391
47.96691331,0.201411664485931,0.201261779507296
47.976901764,0.201411664485931,0.201805723031898
47.986911024,0.202408745884895,0.202441043302329
47.996901742,0.202408745884895,0.203134325473712
48.006903029,0.203405827283859,0.203845586959798
48.016914799,0.205400004982948,0.20452721757908
48.026905717,0.206397086381912,0.20513052783947
48.036910227,0.205400004982948,0.205616889165346
48.046903754,0.205400004982948,0.205959880529264
48.056899046,0.207394182682037,0.206137917794133
48.066911897,0.206397086381912,0.20613249992231
48.076905337,0.207394182682037,0.205935182944283
48.086881168,0.205400004982948,0.20555305562575
48.096913468,0.205400004982948,0.205007565735465
48.106903516,0.204402923583984,0.204329195294154
48.116911653,0.203405827283859,0.203552859310863
48.126906438,0.202408745884895,0.202714749947329
48.136903335,0.201411664485931,0.201848603126036
48.146908969,0.202408745884895,0.200984615529465
48.156952482,0.200414568185806,0.200155581743145
48.166902983,0.199417471885681,0.199404276147162
48.176896157,0.197423309087753,0.198780764339089
48.186909094,0.198420390486717,0.198331403876815
48.196909847,0.197423309087753,0.198091771361014
48.206904383,0.197423309087753,0.198086564053306
48.216851757,0.197423309087753,0.1983291348883
48.22685471,0.198420390486717,0.198818825514734
48.236858082,0.199417471885681,0.199541114944034
48.246849584,0.199417471885681,0.20047059615779
48.256856387,0.200414568185806,0.201570466600198
48.266851829,0.202408745884895,0.202787757387039
48.276831612,0.205400019884109,0.204054355677011
48.286856244,0.205400019884109,0.205298883436351
48.296860713,0.206397086381912,0.206457567895669
48.306857558,0.208391264081001,0.207474954603022
48.316850913,0.209388345479965,0.208303711994795
48.326853556,0.209388345479965,0.208909974280883
48.33685243,0.21038544178009,0.209277259489813
48.346850177,0.209388345479965,0.209405683593353
48.356851195,0.21038544178009,0.209309463463328
48.366855354,0.209388360381126,0.209015368500595
48.37685441,0.208391278982162,0.208561836678519
48.386857205,0.207394182682037,0.207994244335629
48.396851718,0.207394182682037,0.207356884683703
48.406853741,0.207394182682037,0.206690005844366
48.416860955,0.205400004982948,0.206033638952365
48.426852267,0.204402923583984,0.205428099017785
48.436849232,0.204402923583984,0.20490635278781
48.446856578,0.205400004982948,0.204489343252668
48.456852974,0.203405827283859,0.204191530691873
48.466856199,0.203405827283859,0.204025605117548
48.476854346,0.203405827283859,0.203998106801949
48.486855041,0.204402923583984,0.204104958526671
48.49686292,0.204402923583984,0.204334726200929
48.506855676,0.203405827283859,0.204673069799762
48.516855018,0.205400004982948,0.205100671591957
48.526850961,0.206397086381912,0.205591556599229
48.536851901,0.206397086381912,0.206120139356236
48.546851308,0.206397086381912,0.206668246149534
48.556856981,0.207394182682037,0.2072233539351
48.566851022,0.208391278982162,0.207775038708029
48.576852095,0.208391278982162,0.208316525487529
48.586852606,0.208391278982162,0.208846272108331
48.596814936,0.209388360381126,0.20936444147956
48.606852733,0.21038544178009,0.20986960402524
48.616853093,0.21038544178009,0.210360973565687
48.626862737,0.21038544178009,0.210840911474466
48.636856107,0.211382538080215,0.211312417501696
48.64685216,0.211382538080215,0.211775537727673
48.656857669,0.212379619479179,0.212226618001472
48.666848701,0.212379619479179,0.212659091761735
48.676877798,0.213376700878143,0.213064553226278
48.686854523,0.213376700878143,0.213434243516636
48.696852234,0.214373797178268,0.213761111814479
48.706849701,0.213376700878143,0.21404129707017
48.71685558,0.214373797178268,0.21427252778454
48.726852229,0.214373797178268,0.214450856366175
48.736858482,0.214373797178268,0.214569764507184
48.746854273,0.215370893478394,0.214621732524511
48.756819367,0.214373797178268,0.214601075962875
48.766856349,0.215370893478394,0.214506860532772
48.776855148,0.213376700878143,0.214343348852106
48.786854462,0.214373797178268,0.214116676062919
48.796854898,0.214373797178268,0.213831653218113
48.806852679,0.213376700878143,0.213493874343938
48.816856717,0.213376700878143,0.213113049258268
48.826851757,0.212379619479179,0.212702136760173
48.836794002,0.212379619479179,0.212274717972183
48.846858354,0.211382538080215,0.211842999474426
48.856852222,0.211382538080215,0.21141618008214
48.866854648,0.21038544178009,0.210998940342656
48.87685586,0.211382538080215,0.21059119410461
48.886852924,0.21038544178009,0.210191641725564
48.896848925,0.208391278982162,0.209801135354854
48.906855008,0.21038544178009,0.209419258432635
48.916852468,0.208391278982162,0.209040727292329
48.926851126,0.209388360381126,0.208658251486172
48.936848584,0.207394182682037,0.208265344571938
48.946855084,0.208391278982162,0.207855255951661
48.956914452,0.207394182682037,0.207420126109344
48.966906455,0.206397086381912,0.206951834891712
48.976898911,0.206397086381912,0.206440746170897
48.986914294,0.206397086381912,0.205873851878561
48.99692014,0.206397086381912,0.205239128667841
49.006914886,0.204402923583984,0.204533700351512
49.016911657,0.203405827283859,0.203765430452846
49.026913492,0.203405827283859,0.202946670853834
49.036889155,0.202408730983734,0.202090609892299
49.046912656,0.200414568185806,0.201212633224052
49.056906361,0.200414568185806,0.200328496517692
49.066909439,0.200414568185806,0.199451639843415
49.076856911,0.198420405387878,0.19859724660424
49.086911215,0.197423309087753,0.197786130068355
49.096908543,0.196426212787628,0.197040177551269
49.106902558,0.195429131388664,0.196374232002655
49.11691198,0.196426212787628,0.195791941716325
49.126912877,0.195429131388664,0.19528926206952
49.136914406,0.195429131388664,0.194862859197964
49.146910172,0.1944320499897,0.194515504559124
49.156793669,0.193434953689575,0.194254519975474
49.166911331,0.193434953689575,0.194084548891966
49.176911103,0.1944320499897,0.19400116519852
49.186904802,0.193434953689575,0.193991878815167
49.196918605,0.1944320499897,0.194040667161959
49.206913937,0.1944320499897,0.194130976911731
49.216909396,0.1944320499897,0.194248821106363
49.226911725,0.1944320499897,0.194384971006189
49.236826862,0.193434953689575,0.194532561411926
49.246908397,0.195429131388664,0.194681647902391
49.256909301,0.196426212787628,0.194820144419238
49.266905437,0.195429131388664,0.194945295488028
49.276914654,0.1944320499897,0.195071319927284
49.286912212,0.195429131388664,0.195222659882317
49.296904337,0.1944320499897,0.195423149431125
49.30690777,0.195429131388664,0.195689926002469
49.316805825,0.195429131388664,0.196030326982585
49.326905173,0.195429131388664,0.196440123946632
49.336913266,0.198420390486717,0.196904275973341
49.346908219,0.197423309087753,0.197404237374431
49.356849093,0.197423309087753,0.19792678886626
49.366910989,0.197423309087753,0.198461511500762
49.376903517,0.199417471885681,0.198991163451791
49.386903433,0.199417486786842,0.199489779207588
49.396803233,0.20141164958477,0.199930193916699
49.40691897,0.20141164958477,0.200294872722614
49.41690957,0.200414568185806,0.200583915279593
49.426908148,0.20141164958477,0.200813931908933
49.436906222,0.199417471885681,0.201009119135721
49.446905992,0.200414568185806,0.201189549463933
49.456904514,0.20141164958477,0.201361559325306
49.466907642,0.202408730983734,0.201519138000441
49.476807643,0.201411664485931,0.201654850833691
49.486911501,0.202408730983734,0.201767128876232
49.496911126,0.20141164958477,0.201860051236679
49.50690439,0.20141164958477,0.201939609414588
49.516908818,0.202408730983734,0.202009042797908
49.526909664,0.20141164958477,0.202067121826448
49.536906516,0.203405827283859,0.202110646410568
49.546912196,0.202408745884895,0.202139841265302
49.556832792,0.201411664485931,0.202162704934087
49.566903622,0.202408730983734,0.202191671943124
49.576911827,0.202408730983734,0.202237725938959
49.58691203,0.20141164958477,0.202309670806385
49.596909545,0.202408730983734,0.202413063505711
49.606918549,0.202408730983734,0.202547315797919
49.616904106,0.203405827283859,0.202707467682029
49.626905735,0.203405827283859,0.202890626251878
49.636806916,0.202408730983734,0.203100517024329
49.646905755,0.203405827283859,0.203344888918678
49.656914359,0.203405827283859,0.203629675408935
49.66691587,0.203405827283859,0.203956399528937
49.676848823,0.204402923583984,0.204321406721206
49.686901315,0.204402923583984,0.204715583467704
49.696923305,0.205400004982948,0.205125959911357
49.706914979,0.205400004982948,0.205538054258746
49.716798825,0.205400004982948,0.205936572563027
49.726899452,0.206397086381912,0.206303444855688
49.736902196,0.207394182682037,0.206617495714129
49.746913751,0.206397086381912,0.206858770814835
49.756899019,0.207394182682037,0.207011331797699
49.766905868,0.207394182682037,0.20706227599045
49.776902014,0.207394182682037,0.207002600251765
49.786906141,0.207394182682037,0.206830172655118
49.796811527,0.206397086381912,0.206551017104583
49.806906628,0.206397086381912,0.206177624422638
49.816903925,0.205400004982948,0.205725498354033
49.826901459,0.205400004982948,0.205210344810121
49.836904877,0.204402923583984,0.204646924153308
49.846906414,0.205400004982948,0.20405056440099
49.856912335,0.203405827283859,0.203442325087891
49.866908708,0.202408745884895,0.202852161197278
49.876840348,0.201411664485931,0.202313018619911
49.88691773,0.202408745884895,0.20185187986344
49.896910507,0.201411664485931,0.201489019446702
49.90691516,0.200414568185806,0.201242270257327
49.916910076,0.200414568185806,0.201125283365608
49.926752756,0.201411664485931,0.201142058478648
49.93691187,0.201411664485931,0.201288057837508
49.946919575,0.200414568185806,0.201555171281865
49.956812696,0.202408730983734,0.201931350182765
49.966907369,0.202408730983734,0.202399039446856
49.976911076,0.202408730983734,0.202937950881045
49.986912357,0.203405827283859,0.203525930199946
49.996849204,0.203405827283859,0.204135701691671
50.006907341,0.206397086381912,0.204734583202334
50.016920116,0.206397086381912,0.205293023038806
50.026892098,0.204402923583984,0.205794652003232
50.036817186,0.206397086381912,0.206232553882101
50.046909565,0.206397086381912,0.206597411792306
50.05690197,0.207394182682037,0.206874935329606
50.06690319,0.207394182682037,0.207051474882222
50.076902511,0.208391278982162,0.207120158303193
50.086910087,0.207394182682037,0.207086455720079
50.096903337,0.207394182682037,0.206970623008589
50.10691397,0.205400004982948,0.206802928533898
50.116816775,0.206397086381912,0.206612603229331
50.126922658,0.207394182682037,0.206420534368352
50.136899103,0.205400004982948,0.206243069831285
50.14690632,0.207394182682037,0.206098543194594
50.156906439,0.205400004982948,0.206009515106763
50.166905328,0.205400004982948,0.206001637440144
50.176902765,0.205400004982948,0.206097357154474
50.186916334,0.205400004982948,0.206307937814193
50.196840524,0.206397086381912,0.206629998159461
50.206903282,0.207394182682037,0.20704768406622
50.216902398,0.208391278982162,0.207540522477164
50.226907562,0.207394182682037,0.208091937773322
50.236950301,0.208391278982162,0.208689547786106
50.24691335,0.208391278982162,0.209317586835194
50.256899478,0.21038544178009,0.209951023468809
50.266906119,0.211382538080215,0.210558358272844
50.276820058,0.211382538080215,0.211110965661666
50.286903769,0.211382538080215,0.211589003490861
50.296898437,0.212379619479179,0.211979161564037
50.306908697,0.212379619479179,0.212271282179937
50.316847387,0.212379619479179,0.212458123821819
50.326909212,0.213376700878143,0.212535849443283
50.336908938,0.213376700878143,0.212506705280713
50.346905583,0.212379619479179,0.212383943014491
50.356822891,0.211382538080215,0.212190978061202
50.366911998,0.212379619479179,0.211953194695925
50.376912585,0.212379619479179,0.21169385094741
50.386911543,0.211382538080215,0.211438861497513
50.396910927,0.21038544178009,0.211219372557361
50.406903971,0.211382538080215,0.211066281631879
50.416906178,0.21038544178009,0.211005327064013
50.426906461,0.21038544178009,0.21105609968928
50.436782668,0.21038544178009,0.211229170900955
50.446906234,0.211382538080215,0.21152227115502
50.456910919,0.212379619479179,0.211921925550803
50.466906773,0.211382538080215,0.212409259206881
50.476909583,0.212379619479179,0.212960970316152
50.486906638,0.213376700878143,0.213544541808608
50.496908497,0.214373797178268,0.214117460728143
50.506906158,0.214373797178268,0.214632459278975
50.516782894,0.215370893478394,0.215041713556301
50.526907497,0.216367974877357,0.215299637237227
50.536904285,0.216367974877357,0.215369205902246
50.546908631,0.215370893478394,0.215228755337395
50.556907476,0.215370893478394,0.214872057288524
50.56690307,0.214373797178268,0.214303448002981
50.576908919,0.213376700878143,0.213533464528131
50.586908875,0.214373797178268,0.212577579091593
50.596780783,0.212379619479179,0.211461776050152
50.60690945,0.21038544178009,0.210230631402816
50.616901909,0.208391278982162,0.208945398279668
50.626922005,0.206397086381912,0.207671175901525
50.636916699,0.206397086381912,0.20646386379399
50.64691218,0.205400004982948,0.205366206026031
50.656911412,0.203405827283859,0.204411785172299
50.666906721,0.203405827283859,0.203626794151224
50.67677572,0.202408730983734,0.203027538947918
50.686908059,0.200414568185806,0.202617098511409
50.696907289,0.202408730983734,0.202379514388812
50.706905164,0.202408730983734,0.20227809618054
50.716900419,0.202408730983734,0.202264787957572
50.726903466,0.203405827283859,0.202292046928162
50.736901068,0.202408730983734,0.202320217407048
50.746910922,0.202408730983734,0.202320009583059
50.756772139,0.202408730983734,0.202269577541839
50.766909223,0.203405827283859,0.202152118741574
50.776905812,0.202408730983734,0.201959754195833
50.786918131,0.203405827283859,0.201700049796051
50.796906542,0.200414568185806,0.201398686667094
50.806901988,0.200414568185806,0.201092820532999
50.816908603,0.200414568185806,0.200817293075887
50.826919204,0.199417486786842,0.200594916829577
50.836771959,0.200414568185806,0.200434153349893
50.846908249,0.200414568185806,0.200331090847775
50.856910287,0.200414568185806,0.200275521401161
50.866914572,0.200414568185806,0.200257182380683
50.876912913,0.200414568185806,0.20026835814355
50.886901169,0.200414568185806,0.200304349470734
50.896909666,0.200414568185806,0.200363286904171
50.906917582,0.200414568185806,0.200445389340801
50.916778386,0.200414568185806,0.200551715260231
50.926675583,0.201411664485931,0.200683733125257
50.936911328,0.200414568185806,0.200845011076041
50.946910937,0.200414568185806,0.201041023103271
50.956844734,0.201411664485931,0.201274362360672
50.966918033,0.200414568185806,0.201540568319306
50.976908473,0.201411664485931,0.201825875010519
50.986906194,0.202408730983734,0.202105680500478
50.99676681,0.203405827283859,0.202349316690539
51.006915674,0.203405827283859,0.202531589347044
51.016912699,0.203405827283859,0.202642389338041
51.026679043,0.202408730983734,0.202688216493504
51.036914015,0.202408730983734,0.202685813692628
51.046903281,0.203405827283859,0.202654430808948
51.056918085,0.202408730983734,0.202614354007004
51.066910905,0.202408730983734,0.202588672902872
51.076758038,0.202408730983734,0.202601248055138
51.086913003,0.201411664485931,0.202671729963623
51.096917235,0.202408730983734,0.202809813590803
51.106909217,0.202408730983734,0.203011009385058
51.116914205,0.203405827283859,0.203257724260274
51.126932929,0.203405827283859,0.203524418204399
51.136913694,0.204402923583984,0.203783200289284
51.146906531,0.204402923583984,0.204009027045596
51.156757724,0.204402923583984,0.204183720090432
51.166908542,0.204402923583984,0.204296654236379
51.176910926,0.205400004982948,0.20434381120106
51.186924661,0.204402923583984,0.204329387505094
51.19690579,0.204402923583984,0.204267388669677
51.206916878,0.204402923583984,0.20417915027281
51.216912015,0.203405827283859,0.204089151745354
51.226906411,0.204402923583984,0.204021351819252
51.236758327,0.203405827283859,0.203996884650472
51.246909297,0.202408730983734,0.204031316335786
51.256914821,0.204402923583984,0.204128407944228
51.26691295,0.204402923583984,0.204278029592591
51.276863335,0.204402923583984,0.204463439934662
51.286853704,0.204402923583984,0.20466752461404
51.296850983,0.205400004982948,0.204873009898198
51.306855668,0.205400004982948,0.205063600962045
51.316735326,0.205400004982948,0.205227716086821
51.326856191,0.205400004982948,0.205359850128103
51.336851728,0.205400004982948,0.205458479830887
51.346852922,0.206397086381912,0.205524603400955
51.356853,0.205400004982948,0.205563597878612
51.366852867,0.205400004982948,0.205586399731495
51.376862994,0.205400004982948,0.205605928632486
51.386853645,0.205400004982948,0.205632514777493
51.396733502,0.205400004982948,0.205672058692392
51.406856516,0.205400004982948,0.205725406572618
51.416861078,0.206397086381912,0.205788822971622
51.426850834,0.205400004982948,0.205856855887686
51.436856602,0.206397086381912,0.205925007064922
51.446854947,0.205400004982948,0.205989658687191
51.456851737,0.206397086381912,0.206046670316873
51.466849145,0.206397086381912,0.20609137331547
51.476677878,0.205400004982948,0.206120050370435
51.486860288,0.207394182682037,0.206130347351177
51.496852187,0.205400004982948,0.206122009719534
51.506852692,0.206397086381912,0.20609798543561
51.51685667,0.205400004982948,0.206061934188712
51.526847195,0.206397086381912,0.206014742892852
51.536857389,0.206397086381912,0.205955278730067
51.546851946,0.206397086381912,0.205885353001682
51.556692989,0.205400004982948,0.205813595460063
51.566851676,0.205400004982948,0.205752888069448
51.576853169,0.206397086381912,0.205715156654975
51.586849332,0.205400004982948,0.205711210740294
51.596848551,0.206397086381912,0.205754063106242
51.606851346,0.205400004982948,0.205860193583703
51.616852132,0.205400004982948,0.206047150567823
51.626849496,0.206397086381912,0.206328485030956
51.636676092,0.205400004982948,0.206709653308004
51.646850748,0.207394182682037,0.207185963356225
51.656855067,0.207394182682037,0.20774247085092
51.666855769,0.208391278982162,0.208357243390857
51.676854562,0.209388360381126,0.209005638424071
51.68685184,0.209388345479965,0.209663377555122
51.696857436,0.209388345479965,0.210306269919242
51.706851903,0.21038544178009,0.210904465159693
51.716660851,0.212379619479179,0.211418398285051
51.72684833,0.212379619479179,0.211805008309915
51.736852285,0.213376700878143,0.212029729760145
51.746852244,0.212379619479179,0.212074497259259
51.756854338,0.212379619479179,0.21193845575935
51.766858602,0.212379619479179,0.211634386914724
51.77685361,0.21038544178009,0.21118486130232
51.786855955,0.211382538080215,0.210617886840218
51.796657614,0.21038544178009,0.209964258005662
51.806855144,0.209388345479965,0.20925999538022
51.816854399,0.208391278982162,0.208547926623401
51.826853666,0.207394182682037,0.207873676591108
51.836852452,0.206397086381912,0.207279157117436
51.846854443,0.206397086381912,0.206796614122643
51.856853842,0.206397086381912,0.206446362460964
51.866853954,0.205400004982948,0.206238868559604
51.876653427,0.206397086381912,0.206176775359094
51.886852764,0.205400004982948,0.206255308786753
51.896858874,0.206397086381912,0.20646232349419
51.906850617,0.207394182682037,0.206779406304859
51.916843622,0.206397086381912,0.207185600526858
51.926869411,0.207394182682037,0.20765882935055
51.936868685,0.208391278982162,0.208172810601011
51.946874663,0.209388360381126,0.208697870111013
51.956665708,0.208391278982162,0.20920620091137
51.966855159,0.21038544178009,0.209672914473999
51.976852978,0.21038544178009,0.210074778920123
51.98685105,0.21038544178009,0.210392455734344
51.996850572,0.21038544178009,0.210611430903616
52.006852792,0.211382538080215,0.21071940375366
52.016852738,0.211382538080215,0.210707057807719
52.026854623,0.211382538080215,0.210573783585377
52.036666748,0.21038544178009,0.21033190004062
52.046851087,0.209388360381126,0.210004071054891
52.056854541,0.21038544178009,0.209616319719745
52.066865941,0.208391278982162,0.209194142726472
52.076859139,0.208391278982162,0.20876121561257
52.086854176,0.208391278982162,0.208336209460003
52.096854984,0.208391264081001,0.207932523733262
52.106847543,0.206397086381912,0.207561861095637
52.11663728,0.207394182682037,0.207233415355588
52.126846459,0.205400019884109,0.206948433770449
52.136855874,0.207394182682037,0.206696606568104
52.146852082,0.206397086381912,0.206458249200867
52.156845345,0.207394182682037,0.206212472196658
52.166855171,0.206397086381912,0.205946396804549
52.176855797,0.205400019884109,0.205659171111932
52.186843952,0.205400019884109,0.205358380647856
52.196643086,0.204402923583984,0.205052863257337
52.206854118,0.205400019884109,0.204748433460638
52.216853339,0.204402923583984,0.204449010487715
52.226851513,0.204402923583984,0.204160379240772
52.236847574,0.203405827283859,0.203891189712716
52.246854821,0.203405827283859,0.203649743985733
52.256845965,0.202408745884895,0.203439057795316
52.266843475,0.203405827283859,0.203252709248459
52.276641661,0.203405827283859,0.203075408645899
52.286852173,0.202408745884895,0.202888419158996
52.296858381,0.203405827283859,0.202673504660629
52.306854314,0.202408745884895,0.20241444128217
52.316876974,0.202408745884895,0.202099098273253
52.326856286,0.202408745884895,0.201721091332358
52.336844425,0.201411664485931,0.201281247476355
52.346855529,0.201411664485931,0.200789000979355
52.356643066,0.199417486786842,0.200261052221664
52.366844681,0.199417486786842,0.199715786123534
52.376850844,0.199417486786842,0.199167109843557
52.386854727,0.199417486786842,0.198625293827228
52.396852677,0.197423309087753,0.198103195248094
52.406847337,0.197423309087753,0.19761703719412
52.416852088,0.197423309087753,0.197181463445683
52.426852056,0.196426212787628,0.196807803705336
52.436621622,0.196426212787628,0.196505257905007
52.446851869,0.195429131388664,0.196279475661954
52.456844587,0.196426212787628,0.196129669340137
52.4668551,0.196426212787628,0.196049443557316
52.476844742,0.196426212787628,0.196032666928434
52.486854256,0.195429131388664,0.196077869470554
52.496851788,0.196426212787628,0.196185977065239
52.506846337,0.196426212787628,0.196356709799265
52.516619092,0.196426212787628,0.196588934463481
52.52685256,0.196426212787628,0.196881019570422
52.536842719,0.197423309087753,0.197228577234439
52.546848083,0.198420390486717,0.197624922111802
52.556853755,0.198420390486717,0.198066971214553
52.566853344,0.198420390486717,0.19856007379979
52.576845552,0.198420390486717,0.199115195723374
52.586846407,0.199417471885681,0.199741010828595
52.596596861,0.200414568185806,0.200438658786709
52.606851589,0.200414568185806,0.201201677307727
52.616518269,0.201411664485931,0.202015813559871
52.626850193,0.203405827283859,0.202857535478352
52.636854551,0.203405827283859,0.203696831872528
52.646855744,0.204402923583984,0.204502133489975
52.656855152,0.205400004982948,0.205241348021358
52.666858511,0.205400004982948,0.205880983717837
52.676598687,0.207394182682037,0.206386685451447
52.686851702,0.208391264081001,0.206728521768688
52.696853023,0.207394182682037,0.206891693620236
52.706852625,0.207394182682037,0.206882640932864
52.716458481,0.206397086381912,0.20672420567366
52.726856018,0.206397086381912,0.206446356077055
52.736855192,0.206397086381912,0.206079994742651
52.746854071,0.205400004982948,0.205655918253197
52.756593181,0.205400004982948,0.205205649892229
52.76685325,0.205400004982948,0.204762167360921
52.776856553,0.203405827283859,0.204361169023007
52.786855404,0.202408730983734,0.204036896013442
52.796859196,0.202408730983734,0.203809163503467
52.806845171,0.204402923583984,0.203674193676125
52.816643155,0.204402923583984,0.203612107897055
52.826853466,0.203405827283859,0.203603171009296
52.836573609,0.203405827283859,0.203634584916959
52.846854249,0.204402923583984,0.203696859031416
52.85685667,0.203405827283859,0.203781928297762
52.86685252,0.203405827283859,0.203883239417144
52.876856874,0.203405827283859,0.203991385101533
52.886867125,0.205400004982948,0.204090742955541
52.896856715,0.205400004982948,0.204166579186222
52.906860698,0.203405827283859,0.204216282639916
52.916571753,0.204402923583984,0.204249106529908
52.926852738,0.203405827283859,0.204275793772441
52.93685419,0.204402923583984,0.204301179460531
52.946855323,0.203405827283859,0.20432225738787
52.956855323,0.204402923583984,0.204327674960146
52.966858324,0.205400004982948,0.20430004337617
52.976854576,0.205400004982948,0.204225232595547
52.986853624,0.203405827283859,0.204102330778079
52.996574352,0.203405827283859,0.20394128219538
53.006854513,0.204402923583984,0.20375220176765
53.0168801,0.203405827283859,0.203542084353731
53.026857508,0.204402923583984,0.203320047597309
53.036853772,0.202408730983734,0.203101679250193
53.046849512,0.203405827283859,0.202908296303613
53.056853355,0.202408730983734,0.202763430026363
53.066854327,0.201411664485931,0.20268875921571
53.076574591,0.202408730983734,0.20269771908158
53.08687059,0.202408730983734,0.202790348637871
53.09686279,0.202408730983734,0.202954418684079
53.106857289,0.203405827283859,0.20316887385171
53.11684505,0.203405827283859,0.203407175142031
53.126853323,0.203405827283859,0.203640952866757
53.13684395,0.204402923583984,0.203841856666036
53.146851133,0.204402923583984,0.203983500990164
53.156575327,0.204402923583984,0.204045403013187
53.16685289,0.204402923583984,0.204015475469861
53.176853217,0.203405827283859,0.203888845316166
53.186854426,0.204402923583984,0.203664584300476
53.19685231,0.204402923583984,0.203345760931352
53.206856727,0.202408730983734,0.202944150887471
53.216854405,0.202408730983734,0.20248026541915
53.226850779,0.202408730983734,0.201977130435702
53.236578219,0.201411664485931,0.201457992020618
53.246854062,0.200414568185806,0.2009474857452
53.256852365,0.200414568185806,0.200469175930915
53.266858156,0.200414568185806,0.200042923601159
53.276853177,0.200414568185806,0.19968820237576
53.28684862,0.198420405387878,0.199428953434529
53.296852172,0.198420405387878,0.199290290740009
53.306852677,0.198420405387878,0.199287902956127
53.316580827,0.198420405387878,0.199420276551793
53.326535079,0.200414568185806,0.199668762304436
53.336852606,0.200414568185806,0.200005516509643
53.346844534,0.200414568185806,0.200404355556754
53.356878916,0.200414568185806,0.200844454399919
53.366852367,0.20141164958477,0.201306085624185
53.376858341,0.20141164958477,0.201766792252397
53.386853477,0.202408730983734,0.202201087862774
53.396578494,0.203405827283859,0.202582844202772
53.406852254,0.204402923583984,0.202892198062564
53.416851683,0.204402923583984,0.203126139029696
53.426851186,0.202408730983734,0.203303860503836
53.436853184,0.203405827283859,0.203458973233331
53.446852979,0.203405827283859,0.203626165555005
53.456854927,0.203405827283859,0.203834920205661
53.466852237,0.203405827283859,0.204108302565043
53.476584186,0.204402923583984,0.204460937764041
53.486856316,0.205400004982948,0.20489966411448
53.496852665,0.205400004982948,0.205429182534322
53.506851131,0.204402923583984,0.206054589864305
53.51684618,0.206397086381912,0.206774080129412
53.52685177,0.207394182682037,0.207571008799458
53.536855418,0.208391278982162,0.208415985789031
53.546854155,0.209388345479965,0.209274055301163
53.556583956,0.211382538080215,0.210110918339786
53.566860945,0.211382538080215,0.210900189309642
53.576848654,0.211382538080215,0.211628381580207
53.586857115,0.212379619479179,0.212291537520195
53.596854306,0.212379619479179,0.212887777637184
53.606857406,0.214373797178268,0.213413839052461
53.616851049,0.213376700878143,0.213866997666762
53.626855489,0.215370878577232,0.214248468826026
53.636587442,0.214373797178268,0.214565672231046
53.646858702,0.214373797178268,0.21483199353327
53.656853752,0.214373797178268,0.215061252312189
53.666855287,0.215370878577232,0.215260605633786
53.676850397,0.215370878577232,0.215429577646084
53.686853719,0.215370878577232,0.215563756185504
53.696851997,0.216367959976196,0.215657855592548
53.70685227,0.216367959976196,0.215709524605363
53.716586038,0.215370878577232,0.215723970850442
53.726874595,0.214373797178268,0.215711495092036
53.736854208,0.215370878577232,0.215676533235035
53.746854618,0.216367959976196,0.215611283545892
53.756858292,0.215370878577232,0.215501800329396
53.766851656,0.215370878577232,0.215336111070308
53.776855329,0.216367959976196,0.215106658477396
53.786852531,0.214373797178268,0.214812566587047
53.796588259,0.214373797178268,0.214460548847666
53.806854609,0.212379619479179,0.21405787736868
53.816867791,0.214373797178268,0.213602617454642
53.82687477,0.214373797178268,0.213084256390331
53.836847638,0.212379619479179,0.212496078727655
53.846852057,0.211382538080215,0.211842246175013
53.856849074,0.212379619479179,0.211133059488239
53.866849584,0.21038544178009,0.210382861912625
53.876590677,0.208391278982162,0.209611706440891
53.886848065,0.208391278982162,0.208838604398947
53.896852763,0.208391278982162,0.208072592433159
53.906853034,0.208391278982162,0.207315807696115
53.91685859,0.206397086381912,0.206574393687581
53.926868884,0.205400004982948,0.205862578747784
53.936854601,0.205400004982948,0.20519711829907
53.946851278,0.204402923583984,0.204592402402253
53.956590666,0.203405827283859,0.204059879856322
53.966851434,0.203405827283859,0.203606228704501
53.976854271,0.203405827283859,0.203231368288039
53.986851008,0.203405827283859,0.202931464490815
53.996878211,0.202408730983734,0.202704262214035
54.006853544,0.202408730983734,0.202550179981857
54.016846978,0.202408730983734,0.202469202795834
54.026856375,0.20141164958477,0.202457551153685
54.036589489,0.202408730983734,0.202504161792475
54.046851918,0.203405827283859,0.202589733170476
54.056854234,0.202408730983734,0.202692533588018
54.066853702,0.202408730983734,0.202793411012167
54.076855176,0.203405827283859,0.202873821470223
54.086857762,0.203405827283859,0.202915209665709
54.096852947,0.202408730983734,0.202902776457322
54.106853104,0.203405827283859,0.202826078002981
54.116593973,0.203405827283859,0.202678081181498
54.12685489,0.203405827283859,0.202459495973369
54.136851764,0.202408730983734,0.202184533839695
54.146847543,0.201411664485931,0.201880108450141
54.156851808,0.201411664485931,0.201578186734802
54.166852324,0.201411664485931,0.201308709692916
54.176851949,0.200414568185806,0.201097753450548
54.186850288,0.200414568185806,0.200966362865673
54.196594647,0.201411664485931,0.200928200650265
54.206847433,0.200414568185806,0.200990863688365
54.216854215,0.200414568185806,0.201157927753228
54.226845005,0.200414568185806,0.201424948518566
54.236846022,0.201411664485931,0.201773339418292
54.246848541,0.202408730983734,0.202170192827473
54.256852726,0.203405827283859,0.202575757424324
54.26685178,0.203405827283859,0.202953916807093
54.276596665,0.203405827283859,0.203278491630313
54.286854973,0.204402923583984,0.203533426550704
54.296853916,0.203405827283859,0.203711367480464
54.306850472,0.203405827283859,0.203810983704938
54.316851994,0.204402923583984,0.203831900748429
54.326843569,0.204402923583984,0.203773915531309
54.336850793,0.204402923583984,0.203643145964632
54.346846193,0.203405827283859,0.203457146467064
54.356597407,0.202408745884895,0.203242216125444
54.366844639,0.202408745884895,0.203023874711243
54.376857209,0.203405827283859,0.202819276774584
54.386851545,0.202408730983734,0.202639011982666
54.396877356,0.202408730983734,0.202492638011919
54.406854279,0.202408730983734,0.202389755864196
54.416854273,0.202408730983734,0.202339050069139
54.426853473,0.20141164958477,0.202347736779651
54.436599857,0.202408730983734,0.202418606001646
54.446852697,0.202408730983734,0.202547172489775
54.456853865,0.202408730983734,0.202722860263146
54.466850849,0.203405827283859,0.202931667205009
54.476847397,0.203405827283859,0.203159187334889
54.486853744,0.203405827283859,0.203394254903072
54.496844386,0.203405827283859,0.203629522532305
54.506850402,0.204402923583984,0.203859203435718
54.516601238,0.203405827283859,0.204078110864995
54.526853151,0.204402923583984,0.204280809366181
54.536852756,0.204402923583984,0.20445967854814
54.546852044,0.204402923583984,0.20460466071889
54.556850986,0.205400004982948,0.204704856201069
54.566852911,0.204402923583984,0.204750844182077
54.576853984,0.204402923583984,0.2047352992045
54.586855019,0.205400004982948,0.204650778092707
54.59660397,0.205400004982948,0.204491445362052
54.606852871,0.204402923583984,0.204260194223866
54.616855815,0.204402923583984,0.20397198569193
54.626854298,0.204402923583984,0.203651991349392
54.63685873,0.202408730983734,0.203333514743692
54.646853435,0.202408730983734,0.203052545073397
54.65685606,0.20141164958477,0.202836978522997
54.66685653,0.203405827283859,0.202699085879132
54.676606229,0.202408730983734,0.202638623829847
54.686859272,0.20141164958477,0.202649707676436
54.696852429,0.202408730983734,0.202719516334908
54.706852704,0.203405827283859,0.202824239629891
54.716847327,0.203405827283859,0.202934443480713
54.726851467,0.203405827283859,0.203025027988159
54.736844385,0.203405827283859,0.203079751967346
54.746853998,0.203405827283859,0.203090806896216
54.756606886,0.203405827283859,0.203057742138056
54.766851665,0.202408730983734,0.202985917944309
54.776850766,0.203405827283859,0.202883194163059
54.786853511,0.203405827283859,0.202758730196004
54.796860736,0.201411664485931,0.202625060670107
54.806854398,0.20141164958477,0.202494005478026
54.816851826,0.202408730983734,0.202366192245091
54.826856392,0.202408730983734,0.202228549462338
54.836607962,0.202408730983734,0.202062419507046
54.846860303,0.202408730983734,0.201851938675697
54.856853614,0.202408730983734,0.201589036331095
54.866856344,0.201411664485931,0.201276653743264
54.876903752,0.200414568185806,0.200927683403115
54.886857391,0.200414568185806,0.200558259817582
54.896858437,0.201411664485931,0.200183107695272
54.906848504,0.199417471885681,0.199819245265623
54.916610972,0.199417471885681,0.199489784457886
54.926853902,0.199417471885681,0.1992208380609
54.936865312,0.198420390486717,0.199037667616257
54.946850231,0.198420390486717,0.198962196490389
54.956853688,0.198420390486717,0.199008744224448
54.966851826,0.198420390486717,0.199180199463684
54.976852458,0.199417471885681,0.199467004981699
54.986851074,0.200414568185806,0.199850222404516
54.996608098,0.200414568185806,0.20030884639033
55.006855887,0.201411664485931,0.200826419670476
55.016860636,0.200414568185806,0.201392051404976
55.026854401,0.20141164958477,0.201994858113394
55.036854381,0.202408730983734,0.202616070105475
55.046850453,0.204402923583984,0.20322834277998
55.056855921,0.204402923583984,0.203805313056999
55.066853382,0.205400004982948,0.204332652529757
55.076612363,0.204402923583984,0.204811832218767
55.086853004,0.204402923583984,0.205254226220029
55.096855941,0.205400004982948,0.205669539397954
55.106853334,0.205400004982948,0.206057666591462
55.11685264,0.207394182682037,0.206409135966293
55.126859668,0.207394182682037,0.206712816144832
55.136854552,0.207394182682037,0.206965734137855
55.146852134,0.207394182682037,0.207177227932543
55.156616283,0.207394182682037,0.207366134737201
55.166890014,0.206397086381912,0.207554800979337
55.176890281,0.208391278982162,0.207762214920552
55.186854041,0.207394182682037,0.208001133760543
55.19685519,0.207394182682037,0.208278834029966
55.206848008,0.209388360381126,0.208595935663142
55.216853701,0.208391278982162,0.208947112166464
55.226851161,0.208391278982162,0.209323666321077
55.236615989,0.209388360381126,0.209710149090027
55.246852953,0.209388360381126,0.210079195211333
55.256854675,0.211382538080215,0.210392864539246
55.26687269,0.211382538080215,0.210611053752096
55.276851107,0.21038544178009,0.210701102108422
55.286854467,0.212379619479179,0.210641430052341
55.296858903,0.211382538080215,0.210423816799604
55.306856986,0.209388360381126,0.210057385169172
55.316618178,0.21038544178009,0.209565199696699
55.326855909,0.209388360381126,0.208977274858361
55.336854358,0.209388360381126,0.2083314411449
55.346851278,0.207394182682037,0.207677471244589
55.356854605,0.205400004982948,0.207073078982692
55.366854221,0.205400004982948,0.20656946270896
55.376856549,0.206397086381912,0.206198504961385
55.386850676,0.204402923583984,0.205972542571005
55.396619097,0.206397086381912,0.205889445621139
55.406856583,0.206397086381912,0.205937418809699
55.4168513,0.205400004982948,0.206102155356402
55.42685868,0.206397086381912,0.206369927543668
55.436872795,0.205400004982948,0.206722929950385
55.446851986,0.207394182682037,0.207133804685616
55.456852282,0.207394182682037,0.207565054893555
55.466857504,0.209388360381126,0.207975249262848
55.476626075,0.208391278982162,0.208328791074597
55.486854286,0.209388360381126,0.208602117007786
55.496848006,0.208391278982162,0.208783059111107
55.506852428,0.209388360381126,0.208866510912431
55.516852791,0.208391278982162,0.208850654703362
55.5268486,0.209388360381126,0.208735215852661
55.536855241,0.209388360381126,0.208523118994473
55.546851741,0.208391278982162,0.208225534386272
55.556623157,0.208391278982162,0.207864927445951
55.566853613,0.206397086381912,0.207471889111948
55.57685924,0.207394182682037,0.207077941255013
55.586858335,0.206397086381912,0.206710336036408
55.596851316,0.206397086381912,0.206392191485931
55.60685241,0.205400004982948,0.206143431663359
55.616853701,0.206397086381912,0.205979396634858
55.626855397,0.204402923583984,0.205909351500098
55.636620358,0.205400004982948,0.20593326784819
55.646852672,0.205400004982948,0.206036715710967
55.656855267,0.206397086381912,0.206190510348713
55.666851042,0.207394182682037,0.206358058687836
55.676856871,0.206397086381912,0.206505673193235
55.686853425,0.206397086381912,0.206607292346222
55.696859488,0.206397086381912,0.206640316372723
55.706852913,0.207394182682037,0.206581061169426
55.716624582,0.206397086381912,0.206406946257087
55.726852191,0.207394182682037,0.206101940624832
55.736853697,0.206397086381912,0.205661732538641
55.746848456,0.205400004982948,0.205097589739456
55.756857723,0.204402923583984,0.204435006567942
55.766853431,0.203405827283859,0.203706914041935
55.776852281,0.202408730983734,0.202946257266615
55.786853344,0.202408730983734,0.20218127600693
55.796627652,0.20141164958477,0.201435477543715
55.80685547,0.200414568185806,0.200730387017175
55.816850995,0.200414568185806,0.200086595171543
55.826850547,0.199417486786842,0.199523955074972
55.836861009,0.198420405387878,0.199061808188604
55.84685207,0.198420405387878,0.198716181637285
55.856855768,0.198420405387878,0.198496213157763
55.86684878,0.198420390486717,0.198404774329573
55.876630654,0.198420390486717,0.198441774262559
55.886857036,0.198420390486717,0.19860609426384
55.896845492,0.198420390486717,0.198894817083337
55.906853289,0.199417471885681,0.19930110051079
55.916845769,0.199417471885681,0.199813415354634
55.92685192,0.199417471885681,0.200414982601751
55.936845068,0.201411664485931,0.201081023690221
55.94687516,0.201411664485931,0.201778161738881
55.956626062,0.202408745884895,0.202467822007382
55.966856774,0.203405827283859,0.203109029577531
55.976851855,0.203405827283859,0.203660072499279
55.98685588,0.205400004982948,0.204081197428469
55.996852848,0.205400004982948,0.204340509433121
56.006851476,0.204402923583984,0.204421218410337
56.016853217,0.204402923583984,0.204321604341354
56.026853059,0.205400004982948,0.204049374767379
56.036262447,0.203405827283859,0.203621054100098
56.046852507,0.203405827283859,0.203063612311537
56.056853666,0.202408730983734,0.202411376589231
56.066852926,0.201411664485931,0.201701642121745
56.07685637,0.201411664485931,0.200972256358682
56.086294665,0.199417471885681,0.200260413521015
56.096856698,0.198420390486717,0.199599235634454
56.106852644,0.199417471885681,0.19901138960555
56.116622199,0.198420405387878,0.198508333148647
56.126857506,0.197423309087753,0.198096036181795
56.136380011,0.198420405387878,0.197777649148283
56.146853401,0.197423309087753,0.197554281656251
56.156858517,0.197423309087753,0.19742777040631
56.166870135,0.197423309087753,0.197401429839274
56.176849119,0.197423309087753,0.197478738761659
56.186851804,0.196426212787628,0.197661224704209
56.196617694,0.198420405387878,0.197944176848817
56.206862747,0.197423309087753,0.198314154442506
56.216853878,0.198420390486717,0.198749734617742
56.226851409,0.199417471885681,0.199221822017541
56.236557233,0.199417471885681,0.199695287963709
56.246852869,0.200414568185806,0.200132537266165
56.256855755,0.201411664485931,0.200497072058023
56.266851013,0.200414568185806,0.200757810045473
56.276627629,0.201411664485931,0.200890929446639
56.286847644,0.202408745884895,0.200879878424956
56.296877521,0.201411664485931,0.200720642518499
56.306851446,0.200414568185806,0.200427292621833
56.316852396,0.200414568185806,0.200028614068586
56.326870465,0.199417471885681,0.199560826672724
56.336245042,0.198420390486717,0.19906245371247
56.346853804,0.198420390486717,0.198569310203239
56.356625575,0.197423309087753,0.198110166716773
56.366856602,0.198420390486717,0.197706330985267
56.376854348,0.196426212787628,0.1973745431918
56.386853256,0.196426212787628,0.197127431862719
56.396860083,0.196426212787628,0.196968535637765
56.406910234,0.197423309087753,0.196889584243329
56.416900999,0.197423309087753,0.1968765823616
56.426908293,0.196426212787628,0.196918217170425
56.436494373,0.197423309087753,0.197007570907957
56.446906864,0.197423309087753,0.197139995532904
56.456912013,0.197423309087753,0.197313908075274
56.466892579,0.196426212787628,0.197530642677014
56.476954694,0.198420390486717,0.1977894404545
56.486897096,0.198420390486717,0.198085509688963
56.496892141,0.198420390486717,0.198415146817295
56.506929373,0.198420390486717,0.198778739744368
56.516626056,0.199417471885681,0.199177746153776
56.526900497,0.200414568185806,0.1996135782688
56.536661119,0.200414568185806,0.200092328919182
56.546907057,0.200414568185806,0.200628669332119
56.556907923,0.200414568185806,0.201242158775972
56.566894372,0.202408745884895,0.201949648632581
56.576908984,0.202408730983734,0.202762673231665
56.586918699,0.203405827283859,0.203689498631022
56.596621326,0.204402923583984,0.204734974020691
56.606904145,0.205400004982948,0.205898012583739
56.616911645,0.206397086381912,0.207169261745873
56.62690347,0.207394182682037,0.208527692392119
56.636926489,0.209388360381126,0.209936340972667
56.646897515,0.211382538080215,0.211341648194026
56.656894142,0.213376700878143,0.212679818872657
56.666908098,0.215370893478394,0.213888632448992
56.676598754,0.215370893478394,0.214919338765984
56.686905923,0.216367974877357,0.215741921549627
56.696905533,0.216367974877357,0.216342068955576
56.70689733,0.217365056276321,0.216715789781581
56.716868323,0.217365056276321,0.216867306809366
56.726889907,0.217365056276321,0.216810334001275
56.736892604,0.216367959976196,0.216568680887711
56.746898941,0.216367959976196,0.216173251792846
56.756637666,0.216367959976196,0.215658921937852
56.7669077,0.213376700878143,0.215063305811746
56.776904786,0.214373797178268,0.21442142148785
56.786911941,0.213376700878143,0.213758147693079
56.796910392,0.213376700878143,0.213088356352375
56.806862768,0.212379619479179,0.212422875067456
56.816900084,0.211382538080215,0.211771994312518
56.826905856,0.211382538080215,0.211144935364716
56.836632348,0.21038544178009,0.210549020756695
56.846909492,0.21038544178009,0.209990996832687
56.856911305,0.208391278982162,0.209477703691799
56.866901808,0.209388360381126,0.209013306947881
56.876913349,0.208391278982162,0.208596929769883
56.886915424,0.208391278982162,0.208224575937057
56.896909658,0.207394182682037,0.207891388246562
56.906911898,0.208391278982162,0.207591666999988
56.916628133,0.207394182682037,0.20732070496863
56.926904981,0.206397086381912,0.207077222031842
56.936910401,0.207394182682037,0.206861201461174
56.946908109,0.206397086381912,0.206671131694221
56.956904586,0.207394182682037,0.206505954973125
56.966905057,0.206397086381912,0.206369098282528
56.976893689,0.206397086381912,0.206270612441623
56.98690227,0.205400004982948,0.20622468834643
56.996608095,0.206397086381912,0.206243682046808
57.006914127,0.205400004982948,0.206333683533852
57.016896855,0.206397086381912,0.206492732703372
57.026913032,0.207394182682037,0.206711572564445
57.036907307,0.207394182682037,0.206979609109453
57.046911955,0.206397086381912,0.207290938782862
57.056903388,0.207394182682037,0.207641378156673
57.066906441,0.207394182682037,0.208020605946423
57.076608866,0.208391278982162,0.208408814661613
57.086915561,0.209388360381126,0.208779443524367
57.096914733,0.209388360381126,0.209105746695898
57.106908965,0.21038544178009,0.209367735194067
57.11690293,0.209388360381126,0.209556030906671
57.126897479,0.21038544178009,0.209671696785561
57.136899139,0.209388360381126,0.209723561316858
57.146906408,0.21038544178009,0.209725678967133
57.15661728,0.208391278982162,0.209694766747684
57.166910409,0.21038544178009,0.209646028824331
57.176898588,0.209388360381126,0.209591013611624
57.186907193,0.209388360381126,0.209539840349009
57.196937526,0.209388360381126,0.209502255603062
57.206916018,0.208391278982162,0.209484658625994
57.216916594,0.209388360381126,0.209485556784921
57.226930665,0.208391278982162,0.209491999669229
57.236582859,0.21038544178009,0.209479697038571
57.246917649,0.209388360381126,0.209418411194185
57.256925512,0.21038544178009,0.20928044457463
57.266904426,0.209388360381126,0.209047500540749
57.276911774,0.209388360381126,0.208713794684191
57.286930203,0.208391278982162,0.2082857707117
57.296880617,0.207394182682037,0.207778546223275
57.306905659,0.207394182682037,0.207210307595719
57.316594666,0.206397086381912,0.206598347354665
57.326915863,0.206397086381912,0.205959037244226
57.336893446,0.204402923583984,0.205308735713961
57.346909217,0.205400004982948,0.204662638135319
57.356863924,0.203405827283859,0.204033871812001
57.366910471,0.203405827283859,0.203433841854806
57.376907371,0.202408730983734,0.202870910728914
57.386904761,0.202408730983734,0.202348502215193
57.396593969,0.202408730983734,0.201866426849898
57.406909598,0.20141164958477,0.201425342457429
57.416899981,0.20141164958477,0.201030352783801
57.426894115,0.200414568185806,0.200691056337897
57.43689723,0.200414568185806,0.200419254910048
57.446892167,0.199417486786842,0.200225460945709
57.456915508,0.200414568185806,0.200115309056616
57.466931236,0.199417486786842,0.200088323177546
57.476595334,0.200414568185806,0.200138933239837
57.486905733,0.200414568185806,0.20025842273524
57.496905231,0.200414568185806,0.200437904376176
57.506902639,0.200414568185806,0.200669840842611
57.516954834,0.201411664485931,0.200946964566029
57.526928382,0.201411664485931,0.201262721249804
57.536907854,0.201411664485931,0.201613386116878
57.546911004,0.201411664485931,0.20199669726785
57.556599247,0.202408745884895,0.202407099355883
57.566907168,0.203405827283859,0.202834285469336
57.576906488,0.202408730983734,0.203266488073871
57.586907397,0.203405827283859,0.203690794510069
57.596911906,0.204402923583984,0.204089414714774
57.606932326,0.204402923583984,0.204440121482488
57.616887425,0.205400004982948,0.204721234771513
57.62689343,0.205400004982948,0.204916295514464
57.636595262,0.205400004982948,0.20501752007391
57.646910273,0.205400004982948,0.205027029019412
57.656905396,0.205400004982948,0.204956001866894
57.666903139,0.204402923583984,0.204823039814832
57.676896916,0.204402923583984,0.20465019941279
57.686912464,0.204402923583984,0.204457663654312
57.696908422,0.204402923583984,0.204261912149784
57.706909091,0.204402923583984,0.204078300825902
57.716570128,0.203405827283859,0.203923721496985
57.726916359,0.202408730983734,0.2038137165901
57.736910217,0.203405827283859,0.20375372229199
57.746895733,0.204402923583984,0.203734747721299
57.756905752,0.203405827283859,0.20374001066546
57.76690372,0.204402923583984,0.203753424114432
57.776905037,0.204402923583984,0.203763608957183
57.786896416,0.203405827283859,0.203766366557642
57.796573419,0.203405827283859,0.203763189791706
57.806912096,0.203405827283859,0.203754599122811
57.81691069,0.203405827283859,0.20373493242871
57.826916232,0.204402923583984,0.203692586557675
57.836907846,0.204402923583984,0.203615827807056
57.846900292,0.203405827283859,0.203500401383967
57.856911628,0.203405827283859,0.203351199754838
57.866893241,0.202408745884895,0.20317674428194
57.8765756,0.203405827283859,0.202983024868259
57.886914071,0.203405827283859,0.202773172295063
57.896931091,0.202408745884895,0.202552839998186
57.906897804,0.202408745884895,0.202333264478272
57.916915484,0.201411664485931,0.202127898587611
57.926901156,0.202408730983734,0.201947687411783
57.936916696,0.20141164958477,0.201800023925162
57.946906413,0.20141164958477,0.201689846063641
57.956577952,0.202408730983734,0.201620071451872
57.966907388,0.202408730983734,0.20159521460795
57.976892125,0.200414568185806,0.201626768688072
57.986897347,0.201411664485931,0.20172965583417
57.996864637,0.201411664485931,0.201912176520477
58.006911553,0.201411664485931,0.202171110068662
58.016909078,0.203405827283859,0.20249316046054
58.02689729,0.202408745884895,0.202860164365761
58.036555085,0.202408745884895,0.20325301577152
58.046907416,0.204402923583984,0.203649378110441
58.056893806,0.203405827283859,0.204022201888668
58.066904902,0.204402923583984,0.204342171730059
58.076905921,0.205400004982948,0.204579357230094
58.08690108,0.205400004982948,0.204707306075788
58.096910384,0.205400004982948,0.204710169122537
58.106902501,0.205400004982948,0.204586751760762
58.116555009,0.204402923583984,0.204350465998123
58.126910037,0.204402923583984,0.204026526992221
58.136900361,0.204402923583984,0.203648775918428
58.146907298,0.202408730983734,0.203258265346597
58.156898678,0.202408730983734,0.202898952473699
58.166903067,0.202408730983734,0.202609677579579
58.176898466,0.202408730983734,0.202420808650853
58.186900564,0.201411664485931,0.202356084230706
58.196551538,0.201411664485931,0.202431085057237
58.206179138,0.203405827283859,0.20264916649437
58.216912086,0.202408730983734,0.203003790762152
58.226911143,0.202408730983734,0.203483209451588
58.236910077,0.203405827283859,0.204067041602887
58.246909312,0.205400004982948,0.204721621874257
58.256912057,0.205400004982948,0.205405142615835
58.266913632,0.206397086381912,0.206076657599364
58.276558083,0.206397086381912,0.206699192707621
58.286911436,0.208391278982162,0.207239114657621
58.296905942,0.208391278982162,0.207669136249761
58.306918036,0.207394182682037,0.20797300174139
58.316941133,0.208391278982162,0.208143154107261
58.326912892,0.209388360381126,0.208175706495607
58.336916306,0.209388360381126,0.208074792509185
58.34689345,0.207394182682037,0.207861059696887
58.356530124,0.207394182682037,0.207569631539665
58.366911518,0.206397086381912,0.20723844077374
58.376910803,0.207394182682037,0.206899494116979
58.386893394,0.205400004982948,0.206577630370755
58.396898382,0.206397086381912,0.206290836329636
58.40690895,0.206397086381912,0.206050273843797
58.416906913,0.205400004982948,0.205863591199862
58.426912383,0.205400004982948,0.205737293951794
58.436544895,0.205400004982948,0.205674034527933
58.446879277,0.205400004982948,0.205669983446167
58.456884107,0.206397086381912,0.20571620767112
58.466883397,0.205400004982948,0.205802804583186
58.476884127,0.205400004982948,0.205920664992609
58.486898609,0.206397086381912,0.20605842009671
58.496886695,0.206397086381912,0.206201387032736
58.506879495,0.206397086381912,0.206335400501183
58.516513334,0.206397086381912,0.20644921074814
58.526879603,0.206397086381912,0.206533086240993
58.536883614,0.206397086381912,0.206576509620359
58.54688224,0.207394182682037,0.20656783301027
58.556920276,0.206397086381912,0.206497436724924
58.566877695,0.207394182682037,0.206361968382243
58.576887709,0.206397086381912,0.206167185115889
58.586899839,0.205400004982948,0.205928121786054
58.596517526,0.205400004982948,0.205663825765806
58.60688504,0.205400004982948,0.205390349881039
58.616883671,0.205400004982948,0.205119582472944
58.626882881,0.205400004982948,0.204863587436247
58.636713638,0.204402923583984,0.204638885119965
58.646896267,0.203405827283859,0.204465101890017
58.656883059,0.203405827283859,0.204356335264443
58.66688271,0.204402923583984,0.204312818558182
58.676491305,0.204402923583984,0.20432190075862
58.686878772,0.205400004982948,0.204367008392009
58.696884076,0.204402923583984,0.20443685438664
58.706885761,0.204402923583984,0.204528557304916
58.71688,0.204402923583984,0.204643558764093
58.726899233,0.204402923583984,0.204781714951003
58.73688283,0.204402923583984,0.204937548052806
58.74688965,0.205400004982948,0.205098700284161
58.756487523,0.206397086381912,0.205249358595768
58.766886575,0.205400004982948,0.205378875202654
58.776885368,0.205400004982948,0.205486601595135
58.786885734,0.205400004982948,0.205577838328074
58.796883719,0.205400004982948,0.205657546851904
58.806882967,0.205400004982948,0.205727049554313
58.816881147,0.206397086381912,0.205783647978845
58.826882415,0.206397086381912,0.205824453234525
58.836492381,0.206397086381912,0.205853127217423
58.846882495,0.206397086381912,0.205884252680632
58.856897507,0.205400004982948,0.205942572609081
58.86687773,0.204402923583984,0.206055480590256
58.876882857,0.206397086381912,0.206240954193513
58.886883144,0.206397086381912,0.206502341108507
58.896883289,0.207394182682037,0.20683494476715
58.906881609,0.207394182682037,0.207235043442205
58.916497192,0.206397086381912,0.207702121130833
58.926884034,0.207394182682037,0.208231729356643
58.936882753,0.209388360381126,0.208806974008019
58.946879807,0.208391278982162,0.209399355003798
58.956894489,0.21038544178009,0.209974035363153
58.966883768,0.211382538080215,0.210493496867878
58.976286003,0.211382538080215,0.210924234293043
58.986730073,0.211382538080215,0.211243257092432
58.996497257,0.212379619479179,0.211438448604725
59.0067211,0.211382538080215,0.211507219017235
59.016721279,0.212379619479179,0.211456358511758
59.026727283,0.211382538080215,0.21130182899269
59.036736111,0.21038544178009,0.211067035031766
59.046880511,0.211382538080215,0.210777936773965
59.056882082,0.21038544178009,0.210459833318588
59.066899141,0.21038544178009,0.210139255414223
59.076471294,0.208391264081001,0.209843822628409
59.086881575,0.209388345479965,0.209595551556649
59.096881268,0.208391264081001,0.209403691489781
59.106881167,0.209388345479965,0.209263287451882
59.116880827,0.209388345479965,0.209159290192054
59.126107905,0.209388360381126,0.209073638553751
59.136883641,0.209388345479965,0.208991603771936
59.146883812,0.208391278982162,0.20890375671199
59.156474144,0.208391278982162,0.208802530780436
59.166883613,0.208391278982162,0.208676252195093
59.176901825,0.209388360381126,0.208507450465591
59.186904806,0.208391278982162,0.20827834968518
59.196897539,0.208391278982162,0.207977262347098
59.206910899,0.207394182682037,0.207599604294597
59.216915758,0.207394182682037,0.207145085153699
59.226219469,0.206397086381912,0.206615154739571
59.236496174,0.205400004982948,0.206010738619713
59.246911956,0.206397086381912,0.205330256156564
59.25691645,0.205400004982948,0.204573194227999
59.266896407,0.204402923583984,0.203749232264354
59.276769776,0.203405827283859,0.202883607295394
59.286911755,0.201411664485931,0.202014503675523
59.296905634,0.200414568185806,0.201184597243618
59.306899805,0.200414568185806,0.200431307593809
59.316476305,0.198420390486717,0.199781548729106
59.326236324,0.199417471885681,0.199250242226069
59.33690095,0.199417471885681,0.198842039453023
59.346902722,0.197423309087753,0.198557237039833
59.356906206,0.197423309087753,0.198392499068121
59.366904289,0.198420390486717,0.198333736144569
59.376903348,0.198420390486717,0.198354466627288
59.386909019,0.198420390486717,0.198422611196327
59.396472035,0.198420390486717,0.198505665423986
59.406905099,0.198420390486717,0.198570920256259
59.416896068,0.200414568185806,0.198586687299897
59.426098526,0.198420390486717,0.198529161568049
59.43691346,0.198420390486717,0.198387611564655
59.44690397,0.199417471885681,0.198161755494355
59.456920891,0.198420390486717,0.197860803968081
59.466931836,0.197423309087753,0.197506821233778
59.476479966,0.196426212787628,0.197131631004729
59.486896935,0.196426212787628,0.196766832912492
59.496908571,0.197423309087753,0.196438223655113
59.506901484,0.196426212787628,0.19617060335666
59.516911299,0.195429131388664,0.195994463040759
59.526539271,0.195429131388664,0.195943414358542
59.536909269,0.195429131388664,0.196045697771911
59.546908977,0.195429131388664,0.19631837380765
59.55648118,0.196426212787628,0.196764979478059
59.566912888,0.197423309087753,0.197376313839917
59.57691744,0.198420390486717,0.198135587564629
59.586911603,0.199417471885681,0.199025440747467
59.596921964,0.198420390486717,0.200030520022875
59.60690571,0.201411664485931,0.201132001063921
59.616913038,0.201411664485931,0.20230102893073
59.626705308,0.203405827283859,0.203498133444793
59.636472194,0.205400004982948,0.204676599993634
59.646908886,0.206397086381912,0.205789276925638
59.656902661,0.207394182682037,0.20679709970106
59.666935622,0.207394182682037,0.207672331199892
59.676917114,0.208391278982162,0.208394674183914
59.686900898,0.209388360381126,0.208946155404656
59.696201893,0.21038544178009,0.209311854417566
59.706906306,0.209388360381126,0.209485531525424
59.716451481,0.21038544178009,0.209472503225144
59.726931087,0.209388360381126,0.209288548809534
59.736906926,0.209388360381126,0.208958701099871
59.746910636,0.208391278982162,0.208515600383048
59.756928198,0.207394182682037,0.207995581580965
59.766907266,0.206397086381912,0.207431845665182
59.776913603,0.207394182682037,0.206847972915885
59.786928702,0.206397086381912,0.206259052238777
59.796457972,0.205400004982948,0.205678597998197
59.806914373,0.205400004982948,0.20512163642607
59.816907447,0.204402923583984,0.204603643156738
59.82690955,0.204402923583984,0.204140297150554
59.836909702,0.202408730983734,0.203746408313795
59.846927683,0.203405827283859,0.203431062596407
59.856907808,0.203405827283859,0.203193994547688
59.866909679,0.203405827283859,0.20302962338831
59.876455412,0.202408745884895,0.202933443718461
59.886914497,0.202408745884895,0.202901595605074
59.896912377,0.203405827283859,0.202926349765992
59.906919487,0.202408745884895,0.202995544908935
59.916893026,0.203405827283859,0.203094828696409
59.926916846,0.203405827283859,0.203208982004957
59.936897263,0.203405827283859,0.20332393395452
59.946907715,0.203405827283859,0.20342845032287
59.956461684,0.203405827283859,0.203513139185856
59.966908549,0.204402923583984,0.203569657796445
59.976907914,0.203405827283859,0.203592963625071
59.98690914,0.204402923583984,0.203584126269941
59.996904712,0.203405827283859,0.203551141219327
60.006903146,0.203405827283859,0.203507714240042
60.016909186,0.202408745884895,0.203468542207341
60.026901419,0.203405827283859,0.203442168401126
60.036191171,0.203405827283859,0.203427766756863
60.046908022,0.202408730983734,0.203417026300049
60.056911178,0.204402923583984,0.203395861512327
60.066898515,0.203405827283859,0.203347424333214
60.076906267,0.203405827283859,0.203258001783421
60.08626649,0.202408745884895,0.203118185380827
60.096913107,0.203405827283859,0.202918272052741
60.106911947,0.203405827283859,0.202647369841756
60.116182123,0.202408745884895,0.202299058958303
60.126909616,0.202408745884895,0.201875870986461
60.136909443,0.202408745884895,0.201390038761204
60.146896492,0.201411664485931,0.200865727223267
60.156907562,0.199417471885681,0.200339827024258
60.166906673,0.199417471885681,0.199854201631523
60.176906143,0.198420390486717,0.199443961536143
60.186919703,0.199417471885681,0.199131547903187
60.196184832,0.198420390486717,0.198928581607656
60.206909027,0.198420390486717,0.198839711644831
60.216906276,0.199417471885681,0.198864222581253
60.226902004,0.198420390486717,0.198997921615562
60.236902746,0.198420390486717,0.199233982481262
60.246908389,0.200414568185806,0.199560190072332
60.256920454,0.199417471885681,0.199959349035002
60.266920728,0.199417471885681,0.200411792337248
60.276182752,0.202408745884895,0.200893737211586
60.286908744,0.201411664485931,0.201379829592233
60.296903605,0.202408745884895,0.201851671081968
60.306665956,0.202408745884895,0.202300912817188
60.316666969,0.202408745884895,0.202725954616836
60.326154415,0.202408745884895,0.203126414799053
60.336667474,0.203405827283859,0.203496780969236
60.346920819,0.203405827283859,0.203823270822652
60.356155531,0.205400004982948,0.204086688644975
60.366910993,0.205400004982948,0.204271538823945
60.376916316,0.204402923583984,0.204376434173533
60.386902915,0.204402923583984,0.204415473092502
60.396908418,0.203405827283859,0.204409282348774
60.406916163,0.204402923583984,0.204374747669479
60.416170103,0.204402923583984,0.20432101224008
60.426906958,0.205400004982948,0.204254064259716
60.436177435,0.204402923583984,0.204185717783507
60.446911776,0.204402923583984,0.204138857518643
60.456905235,0.203405827283859,0.204144688428394
60.466180543,0.204402923583984,0.204235489074924
60.476909316,0.203405827283859,0.204438875140705
60.486913494,0.204402923583984,0.20477426911799
60.49617435,0.204402923583984,0.205249711514077
60.506911255,0.205400004982948,0.205859954472969
60.516182819,0.207394182682037,0.206588323793134
60.52690518,0.207394182682037,0.207413758581542
60.536913564,0.208391278982162,0.208318034987565
60.546157725,0.208391278982162,0.209285635359917
60.556907017,0.21038544178009,0.210297967527847
60.566909732,0.211382538080215,0.211330231158298
60.576160161,0.213376700878143,0.212355311399278
60.586908307,0.213376700878143,0.213351229322317
60.596185996,0.214373797178268,0.214304736124338
60.606910341,0.215370878577232,0.215208842042757
60.616177465,0.215370878577232,0.21605854016224
60.626909786,0.216367959976196,0.216846236041474
60.636956221,0.217365056276321,0.217557037379358
60.646134618,0.218362152576447,0.218168068073436
60.65616182,0.21935923397541,0.218653446862041
60.666909544,0.21935923397541,0.218991407776397
60.676135558,0.21935923397541,0.219168762592246
60.686897693,0.21935923397541,0.219180482549722
60.696140884,0.220356315374374,0.219028636570938
60.706910945,0.218362152576447,0.218724757406834
60.716134793,0.218362152576447,0.218290295161707
60.726151608,0.217365056276321,0.217750955644002
60.736154999,0.217365056276321,0.217131119447681
60.746136513,0.216367974877357,0.216453128926808
60.756135532,0.215370893478394,0.215738299173116
60.766151767,0.214373797178268,0.215005215959676
60.776136546,0.214373797178268,0.214266205724857
60.786911979,0.213376700878143,0.213526893613125
60.796153263,0.212379619479179,0.212788593595813
60.806906682,0.212379619479179,0.212049432640136
60.816152968,0.211382538080215,0.21130548723338
60.826908233,0.21038544178009,0.210553277780873
60.836149755,0.21038544178009,0.209791041511997
60.84614398,0.209388360381126,0.209020161967279
60.856159758,0.207394182682037,0.208246777290196
60.866902049,0.208391278982162,0.207479567224897
60.87613328,0.205400004982948,0.206726248274682
60.886908804,0.206397086381912,0.205991266364916
60.896138405,0.205400004982948,0.20527454819443
60.906158572,0.204402923583984,0.204573866439354
60.916145173,0.203405827283859,0.203886841556593
60.926909538,0.204402923583984,0.203209970157685
60.936150673,0.202408730983734,0.202541330251906
60.946910511,0.202408730983734,0.201885690881213
60.956884027,0.201411664485931,0.201255423043821
60.966146102,0.199417471885681,0.200667101512776
60.976157786,0.200414568185806,0.200134889775414
60.986123795,0.199417471885681,0.199665699204015
60.996114117,0.199417471885681,0.199261145920514
61.006121377,0.198420390486717,0.198920866739159
61.016120415,0.199417471885681,0.198643171112075
61.026129161,0.198420390486717,0.198426983716227
61.0361224,0.197423309087753,0.198273774929567
61.046119975,0.198420390486717,0.198184209729084
61.056122708,0.197423309087753,0.198153473181754
61.066120386,0.198420390486717,0.198170579670774
61.07612533,0.198420390486717,0.198220457047907
61.086123484,0.198420390486717,0.198287698062206
61.09612287,0.198420390486717,0.198359622266387
61.106118913,0.199417471885681,0.19842762392435
61.116125231,0.198420390486717,0.198489695730967
61.126124888,0.197423309087753,0.198550329826729
61.136118559,0.198420390486717,0.198612567830397
61.146123014,0.198420390486717,0.19867009661597
61.156118283,0.200414568185806,0.198709952660949
61.166125546,0.199417471885681,0.198724621959984
61.176126435,0.198420390486717,0.198721820163264
61.186120032,0.198420390486717,0.198721464822309
61.196121653,0.198420390486717,0.198744980417734
61.206131881,0.198420405387878,0.198808489603323
61.216124421,0.198420405387878,0.198920827525993
61.226125218,0.199417471885681,0.199083423296869
61.236125804,0.199417471885681,0.199293180839602
61.246130064,0.199417471885681,0.19954698048468
61.256130823,0.199417471885681,0.199842547528877
61.266116761,0.199417471885681,0.200174426648134
61.27612502,0.200414568185806,0.200529106651506
61.286121984,0.201411664485931,0.200884734317847
61.29607895,0.201411664485931,0.201217024050739
61.306098322,0.201411664485931,0.201505173212396
61.316076973,0.202408730983734,0.201732962303366
61.326068649,0.202408730983734,0.201889422117774
61.336069216,0.202408730983734,0.201972039809364
61.346103628,0.20141164958477,0.201987430274699
61.356080252,0.20141164958477,0.201945565085687
61.366104689,0.202408730983734,0.201852751836104
61.376074486,0.202408730983734,0.201712452842167
61.386105568,0.201411664485931,0.201532483217412
61.396075213,0.201411664485931,0.20132789547051
61.406108001,0.201411664485931,0.201118036878952
61.416107785,0.200414568185806,0.200924082033416
61.426080301,0.200414568185806,0.200766657413375
61.43607754,0.200414568185806,0.200661817410049
61.446100539,0.200414568185806,0.200618932052322
61.456110166,0.201411664485931,0.200642805167351
61.4661057,0.200414568185806,0.200738484448844
61.476104218,0.200414568185806,0.200913339119495
61.486102649,0.200414568185806,0.201172322573881
61.496107117,0.201411664485931,0.20151158610063
61.506112625,0.201411664485931,0.201916996274677
61.516111318,0.202408730983734,0.202366335090006
61.526102642,0.203405827283859,0.20283282246712
61.536108324,0.203405827283859,0.203290393810953
61.546082232,0.204402923583984,0.203718607409759
61.55610587,0.203405827283859,0.204103727166263
61.566105763,0.204402923583984,0.204435083487651
61.57610878,0.205400004982948,0.204700995150016
61.586102543,0.205400004982948,0.204891110689236
61.596085121,0.204402923583984,0.205001437752198
61.606104876,0.206397086381912,0.205034318444257
61.616109345,0.205400004982948,0.204998707162647
61.626019157,0.204402923583984,0.204913334352662
61.636038414,0.204402923583984,0.204803307749256
61.646058442,0.204402923583984,0.204691108860891
61.656052494,0.204402923583984,0.204592092454815
61.666050357,0.204402923583984,0.204515379120441
61.676045754,0.204402923583984,0.204465852905383
61.686015706,0.204402923583984,0.204445732066626
61.696042974,0.205400004982948,0.204456910979073
61.706055067,0.203405827283859,0.204504001503966
61.716048532,0.203405827283859,0.20459141183361
61.726029407,0.204402923583984,0.204713078261944
61.736048768,0.205400004982948,0.204848044790801
61.74604814,0.205400004982948,0.204968655274874
61.756045947,0.205400004982948,0.205051171003431
61.766050196,0.205400004982948,0.205080060692242
61.776058939,0.204402923583984,0.205046419606874
61.786048429,0.205400004982948,0.204943498910191
61.796048528,0.204402923583984,0.204763534665093
61.806059045,0.205400004982948,0.204498688641768
61.816087034,0.204402923583984,0.204144937235215
61.826021851,0.204402923583984,0.203706397251533
61.836021813,0.203405827283859,0.203197492007303
61.84604665,0.202408745884895,0.202641529787868
61.856027528,0.201411664485931,0.202065404679956
61.866059884,0.201411664485931,0.201492618837959
61.876060602,0.201411664485931,0.200940720930241
61.886053345,0.200414568185806,0.20042532663815
61.896063291,0.200414568185806,0.199965035724753
61.906057389,0.198420390486717,0.199581591649098
61.916064955,0.199417471885681,0.19929488871438
61.926038498,0.198420390486717,0.199117691512924
61.936059003,0.198420390486717,0.199053655636761
61.946080358,0.198420390486717,0.199095764739579
61.956011832,0.200414568185806,0.199226441089964
61.965985044,0.199417486786842,0.199424748629795
61.975991135,0.199417486786842,0.199674394378765
61.985998687,0.199417486786842,0.199962342717714
61.995987365,0.199417486786842,0.200271037649535
62.006001314,0.200414568185806,0.200572498673707
62.016006899,0.20141164958477,0.200828677847354
62.025992477,0.20141164958477,0.200998666011934
62.036000981,0.202408730983734,0.201048204877581
62.045966806,0.202408730983734,0.200958315729377
62.056001675,0.200414568185806,0.200731042146836
62.06600387,0.200414568185806,0.20038605766866
62.076006183,0.199417471885681,0.199949448979626
62.085990323,0.200414568185806,0.199446238634216
62.096003279,0.199417471885681,0.198902764441042
62.105995067,0.198420390486717,0.198353089393742
62.116000665,0.197423309087753,0.197839591706421
62.125999359,0.197423309087753,0.197407008341659
62.136002057,0.195429131388664,0.197095688507077
62.146021598,0.196426212787628,0.196934500211293
62.156023431,0.196426212787628,0.196935247437704
62.165992078,0.197423309087753,0.197094636264783
62.176003984,0.197423309087753,0.19740220161706
62.185993329,0.197423309087753,0.197846272765983
62.196003793,0.198420405387878,0.198414181912466
62.206009076,0.199417486786842,0.199090914319215
62.216009962,0.199417471885681,0.199860436007767
62.22599696,0.200414568185806,0.200706048614159
62.236010112,0.202408745884895,0.201608788865839
62.246008358,0.201411664485931,0.202548196724895
62.256019349,0.204402923583984,0.203503209198688
62.265995495,0.204402923583984,0.204452285029756
62.276013326,0.205400019884109,0.205375840291946
62.285991077,0.205400019884109,0.206256152954086
62.296017541,0.207394182682037,0.207072515689921
62.305993782,0.208391264081001,0.207799970614866
62.316011606,0.209388345479965,0.208416031096454
62.325992708,0.209388345479965,0.208909257709038
62.336009384,0.209388345479965,0.209282165569086
62.346010596,0.21038544178009,0.20954867425785
62.356005,0.208391264081001,0.209730027956686
62.366022924,0.209388345479965,0.209847616551374
62.376013823,0.21038544178009,0.209914960176973
62.386009561,0.21038544178009,0.209939033240853
62.396008295,0.209388345479965,0.209927992119968
62.406012509,0.209388360381126,0.209891897758485
62.416009852,0.209388360381126,0.20983625304663
62.426012857,0.209388360381126,0.209757436247957
62.436025585,0.21038544178009,0.209643916176611
62.446018449,0.209388360381126,0.209481994867253
62.456009474,0.21038544178009,0.209262307071244
62.466008318,0.208391278982162,0.208983343734557
62.476017893,0.208391278982162,0.208649524374878
62.485991755,0.208391278982162,0.208265188600021
62.496020785,0.208391278982162,0.207832384499785
62.506014971,0.207394182682037,0.207355021388267
62.516029303,0.207394182682037,0.20684270991006
62.526025122,0.206397086381912,0.206311530338214
62.536008178,0.204402923583984,0.205781517725172
62.546529226,0.205400004982948,0.205269232516277
62.556022941,0.204402923583984,0.204781661228426
62.566018191,0.205400004982948,0.204319069120164
62.576023805,0.204402923583984,0.203883991004044
62.586014095,0.203405827283859,0.20348835181577
62.5960236,0.202408745884895,0.203151998276958
62.606019677,0.202408745884895,0.202893722943519
62.616026217,0.202408745884895,0.202723681506481
62.626025307,0.202408745884895,0.202642157882735
62.636031481,0.203405827283859,0.202643157389858
62.646073128,0.202408745884895,0.202720148097235
62.656019401,0.202408745884895,0.202868744646856
62.666030917,0.202408745884895,0.203082490474828
62.676049517,0.202408745884895,0.203345829611121
62.686026274,0.204402923583984,0.203631068664744
62.696036704,0.204402923583984,0.203903643981275
62.706019169,0.204402923583984,0.204132270106934
62.715993548,0.204402923583984,0.20429404959569
62.72603096,0.204402923583984,0.204372515869312
62.736033226,0.204402923583984,0.20435438589523
62.745986398,0.205400004982948,0.20422935912103
62.756049399,0.205400004982948,0.203995881600176
62.766036717,0.203405827283859,0.203669078349831
62.776028549,0.203405827283859,0.203280259334053
62.786038985,0.201411664485931,0.202866366495712
62.796044387,0.202408745884895,0.202458036945803
62.806037921,0.202408745884895,0.202074852883361
62.816036878,0.201411664485931,0.201729816384752
62.826041487,0.201411664485931,0.201434679920247
62.836036064,0.200414568185806,0.201199211512785
62.846059426,0.200414568185806,0.201026789606913
62.856035478,0.200414568185806,0.200910121498857
62.865986408,0.201411664485931,0.200831013082912
62.876041272,0.201411664485931,0.200766982528061
62.886047176,0.201411664485931,0.200701078842182
62.896030801,0.200414568185806,0.200627369180908
62.906047139,0.200414568185806,0.200548441478815
62.916033466,0.200414568185806,0.200469028174717
62.926054995,0.200414568185806,0.200392353542781
62.936049186,0.200414568185806,0.200320461132391
62.946033145,0.200414568185806,0.200255813737402
62.95604486,0.199417471885681,0.200201469830124
62.966052524,0.200414568185806,0.200158464545523
62.976036893,0.200414568185806,0.200124312117966
62.986047507,0.200414568185806,0.200096577605341
62.996044013,0.200414568185806,0.200077578811836
63.006055986,0.200414568185806,0.200076266294574
63.016041666,0.199417471885681,0.200107212555302
63.026060904,0.200414568185806,0.200186531812056
63.036050018,0.200414568185806,0.200328419196356
63.045940504,0.199417471885681,0.200544641102332
63.056052967,0.201411664485931,0.200842727975756
63.066056031,0.200414568185806,0.201223957771382
63.076051159,0.201411664485931,0.201683628069472
63.086048465,0.201411664485931,0.202209633055941
63.095919555,0.202408745884895,0.202779459844669
63.106053222,0.203405827283859,0.203359845759688
63.1159155,0.205400004982948,0.203912212210297
63.12591606,0.204402923583984,0.204403203280817
63.136053453,0.204402923583984,0.204810489936127
63.145917138,0.206397086381912,0.205119212050924
63.155920418,0.205400004982948,0.205320111650826
63.165912995,0.205400004982948,0.205412327306663
63.175908677,0.205400004982948,0.205401790340389
63.185917315,0.205400004982948,0.205296575963941
63.195908319,0.205400004982948,0.205105722789167
63.205905964,0.204402923583984,0.204840044466601
63.215923111,0.204402923583984,0.204510779882677
63.225905455,0.204402923583984,0.204127185436623
63.235905138,0.204402923583984,0.203698128943752
63.245927804,0.202408730983734,0.203236154565239
63.255914727,0.202408730983734,0.202755880493873
63.265937526,0.202408730983734,0.202267799028334
63.275915764,0.20141164958477,0.201776461204016
63.285909754,0.20141164958477,0.201282843316415
63.295907412,0.201411664485931,0.200786820172571
63.305912786,0.200414568185806,0.200291016194075
63.315910829,0.199417471885681,0.199803360329562
63.325927136,0.199417471885681,0.199334308326239
63.335920975,0.199417471885681,0.198893865899871
63.345916881,0.198420390486717,0.198493495068209
63.355929094,0.198420390486717,0.198148718048588
63.365905031,0.197423309087753,0.197878194885867
63.375896123,0.197423309087753,0.197700274211799
63.385902275,0.197423309087753,0.1976292948593
63.395920902,0.196426212787628,0.197672607312058
63.405919343,0.197423309087753,0.197826725272784
63.415904174,0.198420390486717,0.19807512853783
63.425920006,0.198420390486717,0.198393085977409
63.435922749,0.198420390486717,0.198754525169352
63.445944674,0.199417471885681,0.19913349135581
63.455912207,0.199417471885681,0.199503367604001
63.465919196,0.200414568185806,0.199838367201234
63.475948099,0.200414568185806,0.200116527515396
63.485919321,0.200414568185806,0.200322083113788
63.495908529,0.201411664485931,0.200446339526856
63.50593995,0.201411664485931,0.200490007745278
63.51590897,0.200414568185806,0.200467158642288
63.525903967,0.200414568185806,0.200404150650802
63.535917927,0.199417471885681,0.200331926488438
63.545922384,0.200414568185806,0.200277792756198
63.555918183,0.199417471885681,0.200261386789042
63.565880967,0.201411664485931,0.200295613867567
63.575902459,0.200414568185806,0.200392129573698
63.585911588,0.200414568185806,0.200567082495281
63.595897402,0.200414568185806,0.200840220233797
63.605919855,0.200414568185806,0.201228344608582
63.615891718,0.201411664485931,0.201739357444419
63.62590413,0.201411664485931,0.202369240493293
63.635903532,0.203405827283859,0.203101834272117
63.645921485,0.204402923583984,0.203912821021183
63.655929469,0.205400004982948,0.204778211439709
63.665922291,0.204402923583984,0.205679852104454
63.675922364,0.206397086381912,0.206600494956619
63.685948599,0.207394182682037,0.207515454637577
63.695913561,0.208391264081001,0.208391850298677
63.705922199,0.209388345479965,0.20919332608105
63.715897419,0.21038544178009,0.209884305961824
63.725922238,0.211382538080215,0.210434506897397
63.73592093,0.212379619479179,0.210825732934158
63.745898655,0.21038544178009,0.211057564963499
63.755908633,0.211382538080215,0.211144362996652
63.765903092,0.211382538080215,0.211106257488823
63.775911008,0.211382538080215,0.210965782890229
63.785909357,0.211382538080215,0.210751081191269
63.79591929,0.209388345479965,0.210497257246941
63.805928842,0.21038544178009,0.210241322507475
63.815903984,0.209388345479965,0.210015310050211
63.825918415,0.21038544178009,0.209844758750204
63.835931367,0.208391278982162,0.209750587232278
63.845922162,0.209388360381126,0.20974720791229
63.85591372,0.209388360381126,0.20983777655094
63.865945749,0.21038544178009,0.21001423037181
63.875909981,0.21038544178009,0.210263365563521
63.885909672,0.21038544178009,0.21057247071832
63.89591267,0.211382538080215,0.210930782069827
63.905907648,0.21038544178009,0.211328331936652
63.915923291,0.212379619479179,0.2117537480945
63.925923253,0.211382538080215,0.212192556076118
63.935920458,0.213376700878143,0.212627560843805
63.945939721,0.213376700878143,0.213041609896847
63.955911737,0.213376700878143,0.21342175426719
63.965905248,0.213376700878143,0.213759854402554
63.975903644,0.213376700878143,0.214047262517431
63.985906761,0.214373797178268,0.214269081580416
63.995928565,0.215370893478394,0.21440483431497
64.005897097,0.215370893478394,0.214437168157684
64.015903734,0.214373797178268,0.214361029412886
64.025944412,0.213376700878143,0.214183032869635
64.035914956,0.213376700878143,0.213911140426784
64.04589572,0.214373797178268,0.213546479646192
64.05592669,0.213376700878143,0.213086446108635
64.065915167,0.212379619479179,0.212532443121783
64.075940944,0.212379619479179,0.211891688348167
64.08591738,0.211382538080215,0.211175674498053
64.095921233,0.21038544178009,0.210400419534486
64.105917449,0.209388360381126,0.209585624740441
64.115935728,0.208391278982162,0.208751092845962
64.125899051,0.208391278982162,0.20791398134301
64.135912292,0.207394182682037,0.207090455059878
64.14591731,0.205400004982948,0.206298721672975
64.155908468,0.205400004982948,0.205556486431015
64.165895698,0.205400004982948,0.204876421865671
64.175915857,0.204402923583984,0.204268551654564
64.185908066,0.203405827283859,0.203745301548275
64.195894607,0.202408745884895,0.203319726255764
64.205865529,0.203405827283859,0.202999304135639
64.215888565,0.202408745884895,0.202784314905285
64.22589601,0.202408745884895,0.202670659383789
64.235926871,0.202408730983734,0.202650495757116
64.245910134,0.202408730983734,0.202710772271184
64.255908956,0.203405827283859,0.202833791585101
64.265930545,0.202408730983734,0.203000076944643
64.275896249,0.203405827283859,0.203189930294404
64.285909987,0.203405827283859,0.203382759759989
64.295929423,0.204402923583984,0.203558554073715
64.305896321,0.203405827283859,0.203701923846608
64.315907923,0.203405827283859,0.203802500349378
64.325928105,0.204402923583984,0.203850695089376
64.335909861,0.203405827283859,0.203835674128146
64.345906162,0.204402923583984,0.203747089308964
64.355922688,0.204402923583984,0.203578141285504
64.365906924,0.203405827283859,0.203330160813281
64.375899905,0.202408745884895,0.203013531822803
64.385926599,0.203405827283859,0.202642282461996
64.395902731,0.201411664485931,0.202230089458556
64.405909963,0.202408745884895,0.201790077302127
64.415899022,0.201411664485931,0.20133548919581
64.425911263,0.201411664485931,0.200882263038755
64.435898891,0.200414568185806,0.200451887158487
64.44589919,0.199417471885681,0.200070214636492
64.455920607,0.199417471885681,0.199761794292257
64.465908363,0.199417471885681,0.199544503384105
64.4759138,0.199417471885681,0.199429291478303
64.485913186,0.198420390486717,0.199422024204275
64.49590304,0.200414568185806,0.199523221957608
64.505901148,0.199417471885681,0.199729526094519
64.51589752,0.200414568185806,0.200038184012413
64.525891501,0.199417471885681,0.200447986961779
64.535912933,0.201411664485931,0.200955390982387
64.545894237,0.201411664485931,0.201552477344692
64.555909645,0.201411664485931,0.202228166958099
64.565900953,0.203405827283859,0.202967571482398
64.575912895,0.204402923583984,0.203752358162228
64.585879952,0.204402923583984,0.204566393327866
64.595913024,0.204402923583984,0.205397767014124
64.605910941,0.205400004982948,0.206230928697948
64.615914224,0.207394182682037,0.207038494804016
64.625900634,0.208391278982162,0.207783687134384
64.635902593,0.208391278982162,0.208430001775358
64.64590943,0.21038544178009,0.208948240404431
64.655911069,0.209388360381126,0.209320283617906
64.665894037,0.209388360381126,0.209540183908471
64.675917453,0.209388360381126,0.209608996166591
64.685902179,0.21038544178009,0.20952879794834
64.695919772,0.21038544178009,0.209305166039644
64.70591573,0.209388360381126,0.208955403303001
64.715879824,0.208391278982162,0.208511767318654
64.725909834,0.207394182682037,0.208015346892511
64.73591672,0.207394182682037,0.207506558653377
64.745903587,0.206397086381912,0.207019402915906
64.755909678,0.206397086381912,0.206580002769153
64.765893399,0.206397086381912,0.206207404867667
64.775916217,0.205400004982948,0.20591608102392
64.785903311,0.204402923583984,0.205715747502971
64.795908084,0.205400004982948,0.205605561941125
64.805903538,0.205400004982948,0.205570461409009
64.815911102,0.205400004982948,0.205584969932629
64.82590897,0.205400004982948,0.205618164053761
64.835890529,0.206397086381912,0.205636328876989
64.845905955,0.205400004982948,0.205606566399997
64.855912331,0.206397086381912,0.205500713057726
64.865891091,0.205400004982948,0.205297584921006
64.875914497,0.205400004982948,0.204984122434369
64.885910308,0.205400004982948,0.204555870603408
64.895898859,0.204402923583984,0.204018383692182
64.905897607,0.204402923583984,0.203389633794738
64.915910484,0.202408745884895,0.202700644437775
64.925911894,0.202408745884895,0.201992644442449
64.93591571,0.200414568185806,0.201311433974243
64.94590902,0.200414568185806,0.200700786342652
64.955909701,0.199417471885681,0.20019662261051
64.965909013,0.199417471885681,0.199823730746721
64.975909653,0.199417471885681,0.199595622290695
64.985898454,0.199417471885681,0.199517003847067
64.995910263,0.198420405387878,0.199585915654726
65.005907651,0.199417471885681,0.199791461225371
65.015912537,0.200414568185806,0.20011114727869
65.025908927,0.200414568185806,0.200514682250698
65.035911911,0.20141164958477,0.200970715122336
65.045911337,0.20141164958477,0.20145049420092
65.055915574,0.20141164958477,0.20192775221894
65.065909014,0.202408730983734,0.202375427049523
65.075895962,0.203405827283859,0.202763762108173
65.085909554,0.203405827283859,0.203064332731355
65.095910005,0.204402923583984,0.203256631440446
65.105913564,0.203405827283859,0.203332471769234
65.115926213,0.203405827283859,0.203295961829585
65.125832449,0.203405827283859,0.203159221009259
65.135839062,0.202408730983734,0.202937752104418
65.145815882,0.203405827283859,0.202647897440204
65.155823721,0.203405827283859,0.202308713940728
65.165811753,0.202408730983734,0.201949219663286
65.176101845,0.200414568185806,0.201611306431362
65.185872448,0.201411664485931,0.201341084329808
65.195851795,0.200414568185806,0.20117840729572
65.205913939,0.200414568185806,0.201152940979313
65.215897399,0.200414568185806,0.201282017660538
65.225896494,0.201411664485931,0.201568355625871
65.235847867,0.202408745884895,0.202002572438319
65.245894893,0.201411664485931,0.202569090052394
65.255909111,0.203405827283859,0.203247659996415
65.265885434,0.203405827283859,0.204010821931928
65.275904052,0.205400004982948,0.204824340474677
65.285903984,0.205400004982948,0.205651196471046
65.295890235,0.206397086381912,0.206454542767407
65.305910894,0.208391278982162,0.207199058145235
65.315915628,0.208391278982162,0.207855418269888
65.325910038,0.209388360381126,0.20840726543385
65.33590492,0.208391278982162,0.208853315767332
65.345908658,0.209388360381126,0.20920229165281
65.355897095,0.209388360381126,0.20946603193708
65.365908494,0.209388360381126,0.209655940143259
65.37590679,0.21038544178009,0.209782557863049
65.385906551,0.21038544178009,0.209858026669274
65.39589757,0.21038544178009,0.209901189573071
65.405893842,0.208391278982162,0.209938431581161
65.415911418,0.209388345479965,0.209994580161773
65.425894002,0.209388345479965,0.210081311453689
65.435932686,0.21038544178009,0.21019452127884
65.445901952,0.211382538080215,0.210321759903621
65.455910364,0.21038544178009,0.210453149029279
65.465909511,0.211382538080215,0.210588021046744
65.475937397,0.209388345479965,0.210733465333822
65.485899476,0.21038544178009,0.210896129049604
65.495911845,0.21038544178009,0.211072481050337
65.505917396,0.212379619479179,0.211246727026209
65.515908238,0.212379619479179,0.211400426436278
65.525908608,0.211382538080215,0.211524817873253
65.535915542,0.212379619479179,0.211624250946314
65.545891497,0.21038544178009,0.211710873665593
65.555893275,0.211382538080215,0.211795811312412
65.565913407,0.211382538080215,0.21188062706794
65.575923185,0.212379619479179,0.211955509191188
65.585908905,0.212379619479179,0.21200548874127
65.595908652,0.212379619479179,0.212018239823243
65.605907902,0.211382538080215,0.211987106750108
65.615910062,0.212379619479179,0.211908268864502
65.6259102,0.211382538080215,0.211777485536134
65.63593091,0.211382538080215,0.211589172444972
65.645909281,0.211382538080215,0.21133527271447
65.655919921,0.211382538080215,0.211005370877674
65.665913489,0.211382538080215,0.210590854752445
65.675909474,0.21038544178009,0.210090665583765
65.685911514,0.209388360381126,0.209513485971198
65.695910512,0.209388360381126,0.208875046912642
65.705923884,0.208391278982162,0.208195670668508
65.71589283,0.206397086381912,0.207499060661166
65.72589638,0.207394182682037,0.206807967483502
65.7359307,0.205400004982948,0.206140229417584
65.745906594,0.206397086381912,0.205510020058464
65.755894778,0.204402923583984,0.204931276683905
65.76589917,0.203405827283859,0.204417701547009
65.775898166,0.204402923583984,0.203977723377065
65.785907422,0.203405827283859,0.203612090264453
65.795908755,0.202408745884895,0.203316577013568
65.805923543,0.203405827283859,0.20308185481088
65.815915045,0.203405827283859,0.202893249851807
65.825914887,0.202408745884895,0.20273586258736
65.835912183,0.203405827283859,0.202598714051951
65.845904042,0.202408745884895,0.202475554627826
65.855904033,0.202408745884895,0.202365194774017
65.865903092,0.202408745884895,0.202270168450711
65.875907949,0.201411664485931,0.202193768529945
65.88589265,0.202408730983734,0.202136749875354
65.895908952,0.202408730983734,0.202096301162059
65.905901318,0.20141164958477,0.20206859830824
65.915909956,0.202408730983734,0.202049700276651
65.925908017,0.202408730983734,0.202034858668039
65.935901933,0.201411664485931,0.202020285567524
65.94590957,0.201411664485931,0.202002189617066
65.955905564,0.202408745884895,0.201971852653304
65.965896194,0.202408745884895,0.201916104683957
65.975892916,0.202408745884895,0.201824694483336
65.985906275,0.201411664485931,0.201695530829038
65.995912857,0.201411664485931,0.201532684002213
66.005901179,0.201411664485931,0.201341166743037
66.015911395,0.200414568185806,0.201123735524096
66.025911447,0.201411664485931,0.200879639933036
66.035913066,0.201411664485931,0.200606593095913
66.045886838,0.200414568185806,0.200307276158794
66.055907474,0.199417471885681,0.199992448629518
66.065904606,0.199417471885681,0.199675303131954
66.075893625,0.199417471885681,0.199364804498704
66.085915704,0.199417471885681,0.199065712410661
66.095907609,0.199417471885681,0.198783779784685
66.105904882,0.199417486786842,0.198532017406662
66.115910877,0.198420405387878,0.198335201029493
66.125906712,0.196426212787628,0.198227026278437
66.135893355,0.197423309087753,0.198236781445135
66.145897662,0.198420405387878,0.198376828048886
66.155907008,0.198420405387878,0.198643581793807
66.165905443,0.199417486786842,0.199026450302074
66.175903831,0.199417486786842,0.199514165186925
66.18590723,0.199417486786842,0.200096029616265
66.195896245,0.200414568185806,0.200758306546908
66.205901507,0.200414568185806,0.201478647954749
66.215915888,0.202408730983734,0.202222868322655
66.225901421,0.204402923583984,0.202948523010243
66.235697875,0.203405827283859,0.203615976709077
66.245920847,0.204402923583984,0.204195881040823
66.255906386,0.205400004982948,0.204667230649301
66.265916872,0.205400004982948,0.205015864653156
66.27590184,0.205400004982948,0.2052365094516
66.285907172,0.205400004982948,0.205332051028455
66.295912015,0.205400004982948,0.205310155999638
66.305912256,0.205400004982948,0.205181169950832
66.315899173,0.205400004982948,0.204958471093171
66.325906783,0.204402923583984,0.204659738756314
66.335906478,0.204402923583984,0.204306204483983
66.345906769,0.204402923583984,0.203920837698023
66.355909229,0.203405827283859,0.203528989906357
66.365909546,0.202408730983734,0.2031583689194
66.375918177,0.202408730983734,0.202833853341452
66.385912221,0.202408730983734,0.202571888057231
66.395902966,0.202408730983734,0.202380583642824
66.405909309,0.202408730983734,0.202263852896175
66.415920135,0.202408745884895,0.202225415345356
66.425905659,0.201411664485931,0.202269908770071
66.43591049,0.201411664485931,0.202398381411451
66.44590845,0.202408745884895,0.202600750262891
66.455904752,0.203405827283859,0.202854508609775
66.465909388,0.203405827283859,0.203132545656158
66.475900501,0.203405827283859,0.203411245953231
66.485903177,0.204402923583984,0.203672766644494
66.49590761,0.203405827283859,0.203904603793704
66.505901886,0.204402923583984,0.20409814764147
66.515912885,0.203405827283859,0.204245188528078
66.525918906,0.205400004982948,0.204335228424244
66.535910777,0.205400004982948,0.204359071938564
66.545895618,0.204402923583984,0.204317562925639
66.55590365,0.203405827283859,0.204223707227684
66.565902187,0.204402923583984,0.204094187365438
66.575915384,0.204402923583984,0.203943263365323
66.58589862,0.203405827283859,0.203785361180985
66.595902067,0.203405827283859,0.203636794049364
66.605906459,0.203405827283859,0.203512339615758
66.6158954,0.203405827283859,0.203422953835079
66.625898391,0.203405827283859,0.203376969220815
66.635905716,0.203405827283859,0.203381897138072
66.645678573,0.202408745884895,0.203444002952055
66.655851854,0.203405827283859,0.203564181724037
66.665852897,0.203405827283859,0.20373399939359
66.675854365,0.203405827283859,0.203935876211528
66.685854197,0.204402923583984,0.204144952986199
66.695855334,0.204402923583984,0.204331674295235
66.70585226,0.205400004982948,0.204466905013776
66.715850309,0.205400004982948,0.204528833094745
66.725852124,0.204402923583984,0.204508247930535
66.735850255,0.204402923583984,0.204407328043469
66.745856799,0.204402923583984,0.204233463681652
66.755852593,0.204402923583984,0.203996041233031
66.765853717,0.203405827283859,0.203707385089749
66.775848911,0.203405827283859,0.203382376676913
66.785853873,0.203405827283859,0.203036494047577
66.795853787,0.203405827283859,0.202687249903874
66.805857255,0.201411664485931,0.20235736757116
66.815850931,0.201411664485931,0.202071383265004
66.825857386,0.201411664485931,0.201846547932612
66.83584746,0.202408730983734,0.201689467439834
66.845851837,0.202408730983734,0.201603423530812
66.855845298,0.20141164958477,0.201598250795226
66.865851875,0.20141164958477,0.201692052322305
66.87585223,0.20141164958477,0.201904527929226
66.885855834,0.201411664485931,0.202249510298721
66.895849234,0.202408730983734,0.202730325155626
66.905854432,0.203405827283859,0.203339049905273
66.915853145,0.203405827283859,0.204059608218334
66.925853804,0.205400004982948,0.204870881619569
66.935851526,0.204402923583984,0.205747509304627
66.945845346,0.206397086381912,0.206657496355277
66.955851147,0.207394182682037,0.207558509900614
66.965848738,0.209388360381126,0.208400168823916
66.975849974,0.21038544178009,0.209134516096462
66.985845093,0.21038544178009,0.209727720758719
66.995853141,0.21038544178009,0.210164674336278
67.005845078,0.211382538080215,0.210445830666727
67.015853462,0.21038544178009,0.210583231879396
67.025851172,0.21038544178009,0.210597070857319
67.035851629,0.211382538080215,0.210511253871109
67.045842487,0.21038544178009,0.210352855105997
67.055853738,0.21038544178009,0.210154963260485
67.065846432,0.209388360381126,0.209955727729786
67.075857667,0.208391278982162,0.209791596768381
67.085845426,0.209388360381126,0.209687966210054
67.095851572,0.209388360381126,0.209654474435698
67.105847392,0.208391278982162,0.209687092117933
67.115851906,0.21038544178009,0.209770191084577
67.125842555,0.21038544178009,0.209879973583447
67.135858076,0.21038544178009,0.20999351003533
67.145846492,0.209388360381126,0.210094567393251
67.155855144,0.21038544178009,0.210170061690621
67.165843114,0.21038544178009,0.210205423263997
67.175880562,0.21038544178009,0.210185790090691
67.185866426,0.21038544178009,0.21009937092191
67.195853785,0.21038544178009,0.209939303130826
67.205843751,0.209388345479965,0.20970423498134
67.215854807,0.21038544178009,0.209397771277177
67.225844821,0.208391278982162,0.209028134843916
67.235855081,0.208391278982162,0.208606653301376
67.245847497,0.209388360381126,0.208144913165626
67.255850672,0.207394182682037,0.207656961449311
67.265848802,0.206397086381912,0.20716233256724
67.27579998,0.207394182682037,0.206681663817769
67.285846153,0.206397086381912,0.206233758399371
67.295851757,0.205400004982948,0.205838962379746
67.305845162,0.205400004982948,0.205519196556067
67.315854999,0.204402923583984,0.205292894630081
67.325846641,0.205400004982948,0.205171027383746
67.335850624,0.204402923583984,0.205156500914403
67.345849796,0.204402923583984,0.205244067366055
67.355852473,0.205400004982948,0.205418051752309
67.365847808,0.206397086381912,0.205653301670218
67.375853531,0.205400004982948,0.205922317257797
67.385845826,0.206397086381912,0.206199792336433
67.395850579,0.206397086381912,0.206461146476324
67.405844923,0.207394182682037,0.206682188442863
67.415851588,0.206397086381912,0.206841752393712
67.425867727,0.207394182682037,0.206922518751487
67.435866298,0.207394182682037,0.206910458684863
67.446673614,0.207394182682037,0.206797228232316
67.455847329,0.207394182682037,0.206584465481781
67.465853885,0.206397086381912,0.206286167940176
67.475842021,0.206397086381912,0.205927772346255
67.485852798,0.204402923583984,0.20554165066575
67.495849543,0.205400004982948,0.205159849961525
67.505847498,0.204402923583984,0.204808740076634
67.515847383,0.205400004982948,0.204510219706405
67.525850819,0.203405827283859,0.204286274487536
67.535846202,0.203405827283859,0.204158468070358
67.545852775,0.204402923583984,0.204141906624843
67.55585043,0.203405827283859,0.204242510262211
67.565851702,0.204402923583984,0.204458618671709
67.575843897,0.204402923583984,0.204781516955666
67.585849197,0.205400004982948,0.205196229179678
67.595880235,0.205400004982948,0.205684073480712
67.605877978,0.206397086381912,0.20622463251055
67.615888455,0.206397086381912,0.20679619555357
67.625875293,0.207394182682037,0.2073750994861
67.635877503,0.208391278982162,0.20793575270552
67.645874901,0.208391278982162,0.208453160187032
67.655755928,0.208391278982162,0.208904510269226
67.665879444,0.209388360381126,0.209266381074328
67.675870162,0.21038544178009,0.209513350338916
67.68588694,0.21038544178009,0.209623790535377
67.695874258,0.21038544178009,0.209588053899162
67.705878427,0.209388360381126,0.209411510543258
67.715877716,0.209388345479965,0.209111293608874
67.725885951,0.208391278982162,0.208710626110962
67.735873536,0.208391278982162,0.208234381013892
67.745880939,0.207394182682037,0.207706748330627
67.755697989,0.207394182682037,0.207150507781971
67.765878802,0.206397086381912,0.206587403057539
67.775879685,0.205400004982948,0.20603781407167
67.785883331,0.205400004982948,0.205517952941559
67.795877278,0.204402923583984,0.205036818254471
67.805882804,0.204402923583984,0.204595232851445
67.81588146,0.204402923583984,0.204186784953403
67.825879677,0.204402923583984,0.203801963199911
67.835883484,0.203405827283859,0.203434259512965
67.845878346,0.203405827283859,0.203083104590625
67.855887297,0.203405827283859,0.202753742647268
67.865883376,0.201411664485931,0.202456694731743
67.875873275,0.202408745884895,0.202204069521357
67.885889583,0.201411664485931,0.202003855999579
67.895874858,0.202408745884895,0.201858591984667
67.905880978,0.201411664485931,0.201768253631099
67.915879691,0.201411664485931,0.201732009901446
67.92587587,0.201411664485931,0.201746188072603
67.935882669,0.202408745884895,0.201802443197228
67.945893565,0.201411664485931,0.201890182382824
67.955878539,0.201411664485931,0.201998122963284
67.965883775,0.202408745884895,0.202111238281603
67.975876791,0.202408745884895,0.202209951715155
67.985881846,0.202408745884895,0.202274541150245
67.995888777,0.201411664485931,0.202287213690277
68.005885961,0.203405827283859,0.202229609870439
68.015883761,0.202408745884895,0.202084047732841
68.025882309,0.202408745884895,0.201840199831844
68.035880682,0.201411664485931,0.20149828090933
68.045880759,0.201411664485931,0.201066295057644
68.055887589,0.200414568185806,0.200556638694311
68.065880571,0.200414568185806,0.199984561841385
68.075890867,0.198420405387878,0.199366923886553
68.085883662,0.199417471885681,0.198719616578176
68.095882253,0.198420390486717,0.198057278760375
68.105880935,0.197423309087753,0.197397605640986
68.115887596,0.196426212787628,0.196763307749754
68.125875488,0.196426212787628,0.196178688731475
68.135884473,0.195429131388664,0.195666987560782
68.145882927,0.1944320499897,0.19524931729251
68.155899433,0.195429131388664,0.194942084224503
68.165874708,0.1944320499897,0.194756422039725
68.175883613,0.195429131388664,0.194701935805505
68.185883113,0.193434953689575,0.194789208979529
68.195632717,0.1944320499897,0.195025571981167
68.205877519,0.195429131388664,0.195407907136142
68.215879991,0.195429131388664,0.195921636714854
68.225878368,0.195429131388664,0.196543334753473
68.235878693,0.197423309087753,0.197239335638253
68.245880369,0.198420390486717,0.197966121432936
68.255880731,0.199417471885681,0.198678467617506
68.265889791,0.199417471885681,0.19933827371282
68.275877944,0.199417471885681,0.199915716230862
68.285879653,0.201411664485931,0.200384835562021
68.295878664,0.201411664485931,0.20072345990327
68.305879633,0.200414568185806,0.200918015987886
68.315893186,0.201411664485931,0.200963100925021
68.325882994,0.201411664485931,0.20085742469896
68.335880604,0.200414568185806,0.200604188280338
68.34588922,0.200414568185806,0.200211966742438
68.355885242,0.199417486786842,0.199692066476181
68.365879807,0.200414568185806,0.199057474971172
68.375876081,0.199417471885681,0.198328446946728
68.385882085,0.197423309087753,0.197540439182087
68.395887508,0.196426212787628,0.196743338204917
68.405880664,0.195429131388664,0.195991239174935
68.415883576,0.195429131388664,0.195333690538124
68.425886306,0.1944320499897,0.194813942744008
68.435876231,0.1944320499897,0.194470535765362
68.445900402,0.193434953689575,0.19433734004609
68.45563187,0.193434953689575,0.194439917365984
68.465877505,0.193434953689575,0.194788841747546
68.475883113,0.1944320499897,0.195373464360941
68.485882224,0.196426212787628,0.196161236566185
68.495881484,0.197423309087753,0.197105459309736
68.505879769,0.199417471885681,0.198158111404862
68.515877159,0.199417471885681,0.199280700971529
68.525883444,0.200414568185806,0.200447451140652
68.535889846,0.20141164958477,0.201640282489372
68.545877526,0.203405827283859,0.202842780174761
68.555633062,0.203405827283859,0.204038863674608
68.565885898,0.205400004982948,0.20521256650519
68.57587955,0.206397086381912,0.20634663244174
68.585885657,0.207394182682037,0.207422916646014
68.595878706,0.208391278982162,0.208423634483967
68.605881183,0.209388360381126,0.209331192701937
68.615881007,0.21038544178009,0.210128298755525
68.625877882,0.211382538080215,0.210800037096647
68.635882317,0.211382538080215,0.211336938295413
68.645895328,0.211382538080215,0.21173537019666
68.655850581,0.213376700878143,0.211995447183122
68.665882534,0.212379619479179,0.21212314616934
68.675881837,0.213376700878143,0.212136604571235
68.685881111,0.211382538080215,0.212068499605405
68.695883267,0.211382538080215,0.211960146341569
68.705878382,0.211382538080215,0.211850639664757
68.715881402,0.211382538080215,0.211769506806843
68.725881676,0.211382538080215,0.211736075163365
68.735877103,0.212379619479179,0.211762301726419
68.745879787,0.211382538080215,0.211857307518339
68.755894362,0.211382538080215,0.212029362369017
68.765887358,0.211382538080215,0.212281152318303
68.775882203,0.211382538080215,0.21260215862251
68.785878985,0.213376700878143,0.212964761865591
68.795889139,0.214373797178268,0.213329606626273
68.805891391,0.213376700878143,0.213658118223022
68.815879779,0.214373797178268,0.213919692021962
68.825881347,0.214373797178268,0.214090341242843
68.835877888,0.213376700878143,0.214150054553191
68.845879991,0.215370878577232,0.214080716589353
68.855879601,0.214373797178268,0.213867672517493
68.865880283,0.214373797178268,0.213506621231637
68.875881283,0.213376700878143,0.213008166507142
68.885890053,0.212379619479179,0.212396115016884
68.895881241,0.211382538080215,0.211701950877486
68.905881505,0.21038544178009,0.210957677637421
68.915886507,0.209388360381126,0.210189073414791
68.925876062,0.209388360381126,0.209411389538354
68.935875378,0.209388360381126,0.208630946890047
68.945886699,0.207394182682037,0.207852290520895
68.955879458,0.207394182682037,0.207082785462834
68.965879977,0.206397086381912,0.206331873108372
68.97587675,0.205400004982948,0.205610112074754
68.985881411,0.204402923583984,0.204927814059942
68.995886593,0.204402923583984,0.20429174790851
69.005885866,0.204402923583984,0.203705000435431
69.015880143,0.203405827283859,0.203172488155084
69.025881785,0.202408730983734,0.202705406551239
69.035881112,0.201411664485931,0.202317876141444
69.045879198,0.201411664485931,0.202018220056078
69.055877698,0.201411664485931,0.201802574476528
69.065879514,0.201411664485931,0.201654677207215
69.075887021,0.201411664485931,0.20154928236579
69.085876391,0.202408745884895,0.201456873141359
69.095880335,0.201411664485931,0.201350156726604
69.105878517,0.201411664485931,0.201208943157861
69.115880579,0.201411664485931,0.201019979851378
69.125879541,0.201411664485931,0.200776124411295
69.13588265,0.201411664485931,0.2004790985648
69.145882218,0.200414568185806,0.200143309248971
69.155885863,0.199417471885681,0.199795388196233
69.165881698,0.199417471885681,0.199467832233574
69.175880917,0.199417471885681,0.199192838133849
69.185881474,0.198420405387878,0.199000981836081
69.195881517,0.197423309087753,0.198918803301523
69.205878129,0.198420390486717,0.198960721948969
69.215885289,0.198420390486717,0.199122714454568
69.225881581,0.199417471885681,0.199384106594622
69.235886182,0.199417471885681,0.199713591499581
69.245879634,0.200414568185806,0.200074576139591
69.255889546,0.201411664485931,0.200430461648644
69.265887813,0.201411664485931,0.200751893514311
69.275874164,0.200414568185806,0.201021407095764
69.285880191,0.201411664485931,0.201229450322178
69.295880687,0.202408745884895,0.201368784784245
69.305882407,0.201411664485931,0.201436752164769
69.315880803,0.201411664485931,0.201438945366988
69.325890495,0.201411664485931,0.201386394018244
69.335905957,0.201411664485931,0.201291447622691
69.345891525,0.201411664485931,0.201167438428028
69.355880538,0.200414568185806,0.20102923048614
69.36588022,0.200414568185806,0.200890413269074
69.375886032,0.201411664485931,0.20075949108618
69.385878975,0.200414568185806,0.200641411013823
69.395877015,0.200414568185806,0.200541597397286
69.405879736,0.200414568185806,0.200465755819368
69.415881223,0.200414568185806,0.200417969817308
69.425876908,0.200414568185806,0.200400943698624
69.435878076,0.200414568185806,0.200416984562575
69.445889748,0.200414568185806,0.200468337986392
69.455880751,0.200414568185806,0.200556825034147
69.465887054,0.200414568185806,0.200682736935344
69.475879316,0.200414568185806,0.200842960607999
69.485888665,0.201411664485931,0.201029666652162
69.495884737,0.201411664485931,0.201232275452859
69.505881099,0.201411664485931,0.201441528221089
69.515876133,0.202408730983734,0.201651889740172
69.525885157,0.20141164958477,0.201862453163277
69.535882914,0.202408730983734,0.202076454416849
69.54587594,0.202408730983734,0.202299420622072
69.555888546,0.202408730983734,0.202538539585213
69.56588497,0.202408730983734,0.202801822148687
69.575875977,0.203405827283859,0.203095596302854
69.5858841,0.203405827283859,0.203424144008122
69.595882428,0.203405827283859,0.203791350718462
69.605885793,0.204402923583984,0.204200305714274
69.615892808,0.204402923583984,0.204652093261681
69.625879769,0.204402923583984,0.20514504001
69.635878711,0.205400004982948,0.205671767707802
69.645879622,0.205400004982948,0.20621543571702
69.65588216,0.207394182682037,0.206749322990551
69.665878043,0.208391278982162,0.207242746060084
69.675889672,0.207394182682037,0.207671179685886
69.685883225,0.208391278982162,0.208020578398372
69.695883604,0.208391278982162,0.20828373598652
69.705883126,0.208391278982162,0.208456926216985
69.715438847,0.208391278982162,0.20853833065318
69.725897835,0.209388360381126,0.208527031021357
69.735878236,0.208391278982162,0.208425251144196
69.745878598,0.209388360381126,0.208242526230938
69.755882004,0.207394182682037,0.207997754553537
69.76587977,0.207394182682037,0.207716272227819
69.775881789,0.207394182682037,0.207422900319433
69.785874899,0.206397086381912,0.207137091746971
69.79588137,0.206397086381912,0.206871022288686
69.805885812,0.207394182682037,0.206628916528943
69.815473136,0.206397086381912,0.206411312279259
69.825903475,0.206397086381912,0.206221493107924
69.83590311,0.205400004982948,0.206066101821827
69.845877806,0.205400004982948,0.205949859009051
69.855874012,0.206397086381912,0.205870891781713
69.865885131,0.205400004982948,0.205821894035964
69.87588539,0.205400004982948,0.205793191717979
69.885888294,0.205400004982948,0.205771245478441
69.89548934,0.207394182682037,0.205738082939371
69.905879789,0.205400004982948,0.205678542657472
69.915881552,0.205400004982948,0.205586407611437
69.925892045,0.205400004982948,0.205460458335377
69.935894433,0.205400004982948,0.205298526639518
69.945882782,0.205400004982948,0.205097546309547
69.955876082,0.204402923583984,0.204855692251654
69.965881706,0.204402923583984,0.204571378514522
69.975883738,0.205400004982948,0.204241800270019
69.985883343,0.204402923583984,0.20386765843097
69.995881563,0.202408745884895,0.203458804469339
70.00587614,0.202408745884895,0.203028869385967
70.015882567,0.203405827283859,0.202585315019592
70.025877695,0.202408745884895,0.202130540022986
70.035882222,0.201411664485931,0.201669917189921
70.045893607,0.201411664485931,0.201213446935562
70.05587683,0.200414568185806,0.200772213721959
70.065883726,0.200414568185806,0.200356061083038
70.075887989,0.199417471885681,0.199972275410971
70.085880855,0.199417471885681,0.19962376633837
70.095889343,0.200414568185806,0.199309244805985
70.105884972,0.200414568185806,0.199030607252132
70.11588279,0.197423309087753,0.198802203287356
70.125881167,0.197423309087753,0.198646033261938
70.13588065,0.199417471885681,0.198576576843801
70.145879331,0.197423309087753,0.198596034975141
70.155885081,0.199417471885681,0.198699729332663
70.16587955,0.199417471885681,0.19888101205716
70.175469284,0.199417471885681,0.199137050700183
70.185891717,0.199417471885681,0.199472931921958
70.195875085,0.198420405387878,0.199897510749384
70.205876546,0.199417471885681,0.200412259672472
70.215885689,0.201411664485931,0.201002273807884
70.225895403,0.202408730983734,0.201640039654678
70.235882165,0.202408730983734,0.2022982889592
70.245884803,0.203405827283859,0.202957886203039
70.255879818,0.203405827283859,0.203607289227372
70.265855123,0.203405827283859,0.204237947281953
70.275880174,0.205400004982948,0.204838565093571
70.285855134,0.205400004982948,0.205393746222159
70.295850358,0.206397086381912,0.205888586895669
70.305881903,0.206397086381912,0.20631290758455
70.315877777,0.207394182682037,0.206662756878833
70.325880819,0.207394182682037,0.206942023016993
70.33585905,0.206397086381912,0.20716290162966
70.345879527,0.207394182682037,0.207341178590118
70.355879706,0.207394182682037,0.207490073800569
70.365882431,0.208391278982162,0.207620284941538
70.375875549,0.207394182682037,0.207744633172753
70.385882183,0.207394182682037,0.207879127634765
70.395873616,0.208391278982162,0.208038848378708
70.405880148,0.207394182682037,0.20823494250337
70.415873152,0.208391278982162,0.208473764301894
70.425889554,0.208391278982162,0.208755296835214
70.435875363,0.208391278982162,0.209072055200948
70.445876311,0.209388360381126,0.209408483433575
70.455874438,0.21038544178009,0.209742327614777
70.465879974,0.21038544178009,0.210050935572093
70.475872241,0.209388360381126,0.210316297494609
70.485881106,0.211382538080215,0.210522663531074
70.495895023,0.21038544178009,0.210653734188672
70.505894126,0.211382538080215,0.210695058069563
70.51587431,0.21038544178009,0.210636684490582
70.525877218,0.21038544178009,0.210472394734542
70.535878152,0.211382538080215,0.210198366415045
70.545885988,0.21038544178009,0.209816688431748
70.555875297,0.208391278982162,0.209339816334995
70.565878578,0.208391278982162,0.208785333178957
70.575870869,0.208391278982162,0.208166079658997
70.585883124,0.207394182682037,0.207488565518976
70.595878712,0.207394182682037,0.206758089458262
70.605880788,0.206397086381912,0.205983785985623
70.615873024,0.205400004982948,0.205182115886678
70.625875293,0.203405827283859,0.204375934342942
70.635875602,0.203405827283859,0.2035874804863
70.64588212,0.202408730983734,0.202831468879622
70.655881286,0.202408730983734,0.202114475365117
70.66588012,0.20141164958477,0.201438994654749
70.675880739,0.20141164958477,0.200808033892312
70.685878461,0.200414568185806,0.200228822908777
70.695879012,0.199417486786842,0.199714220356261
70.705887507,0.198420405387878,0.199279012041544
70.715876283,0.198420405387878,0.198932186600625
70.725880053,0.199417486786842,0.198672865155603
70.735873139,0.198420405387878,0.198495009671982
70.745882951,0.198420405387878,0.198394289095877
70.755880815,0.198420405387878,0.198369250699513
70.765876331,0.198420405387878,0.198419511733314
70.77587622,0.198420405387878,0.19854497506206
70.7858783,0.197423309087753,0.198743449266455
70.795881698,0.198420405387878,0.19900406452289
70.805883423,0.200414568185806,0.19930319000928
70.815879958,0.200414568185806,0.199612351558645
70.825877615,0.200414568185806,0.199911975821342
70.835887965,0.200414568185806,0.200196920352432
70.845876,0.200414568185806,0.20047282717593
70.855877009,0.200414568185806,0.200750036880871
70.865878521,0.200414568185806,0.201037644169732
70.875878591,0.20141164958477,0.20133885697088
70.885880104,0.202408730983734,0.201651469679212
70.895873962,0.20141164958477,0.201973377676822
70.905880175,0.202408730983734,0.202305213803247
70.915876707,0.202408730983734,0.20264748751852
70.925878496,0.202408730983734,0.202997515402604
70.935873226,0.203405827283859,0.203347482638517
70.945886541,0.203405827283859,0.203683712768405
70.95587336,0.204402923583984,0.203988636662618
70.965881524,0.204402923583984,0.204244411138829
70.97587629,0.205400004982948,0.204437202549582
70.98587595,0.205400004982948,0.20456246736486
70.995879902,0.205400004982948,0.20463014853209
71.005879465,0.203405827283859,0.20466455699945
71.015874521,0.203405827283859,0.204693457578199
71.025880461,0.205400004982948,0.204733868109547
71.035880706,0.204402923583984,0.204789950353664
71.04588321,0.205400004982948,0.204861337052121
71.055877641,0.204402923583984,0.204948539536133
71.065877453,0.205400004982948,0.205052750538158
71.07587701,0.204402923583984,0.205173987349131
71.085876228,0.204402923583984,0.20530756975115
71.095884386,0.205400004982948,0.205438969603736
71.1059112,0.206397086381912,0.205543775247039
71.115869827,0.207394182682037,0.205598350146951
71.125876017,0.205400004982948,0.205593681707331
71.13587559,0.205400004982948,0.205538276248943
71.145880588,0.205400004982948,0.205448942145229
71.155885801,0.205400004982948,0.205342558177522
71.16590642,0.204402923583984,0.205233830511926
71.175880389,0.205400004982948,0.205133433254661
71.185888156,0.206397086381912,0.205048877098398
71.195890216,0.204402923583984,0.204991824961111
71.205882232,0.204402923583984,0.204981074865077
71.215881376,0.203405827283859,0.205033024173509
71.2258832,0.204402923583984,0.205148544051609
71.235881519,0.206397086381912,0.205309235660272
71.245440438,0.205400004982948,0.205487043137761
71.255877851,0.205400004982948,0.205655649277143
71.265894014,0.207394182682037,0.205793583154629
71.275878399,0.205400004982948,0.205886153184597
71.285607691,0.205400004982948,0.205926639205854
71.295882375,0.207394182682037,0.205911769888211
71.305876261,0.205400004982948,0.205840901093
71.315879857,0.206397086381912,0.205720291004574
71.32588039,0.206397086381912,0.20556453270624
71.335850789,0.204402923583984,0.205396314682001
71.345612055,0.204402923583984,0.205241567321309
71.355853002,0.205400004982948,0.205119566895136
71.365887193,0.204402923583984,0.205039414726361
71.375883342,0.205400004982948,0.205003839058549
71.385886359,0.204402923583984,0.205012179274724
71.395884221,0.203405827283859,0.205058509359127
71.405851196,0.206397086381912,0.205126252340758
71.415884489,0.205400004982948,0.205190011606617
71.425854668,0.205400004982948,0.205226268306095
71.435877703,0.206397086381912,0.205220189337957
71.445829735,0.206397086381912,0.205168971266487
71.455881029,0.204402923583984,0.205085952361007
71.46587775,0.204402923583984,0.204996282977965
71.475882006,0.204402923583984,0.204923917979975
71.485883415,0.205400004982948,0.20488403422203
71.495884103,0.205400004982948,0.204887036387897
71.505883233,0.204402923583984,0.204945880181062
71.515852045,0.204402923583984,0.205075871833464
71.525896496,0.205400004982948,0.2052879899981
71.535877223,0.204402923583984,0.205584702541197
71.545886326,0.205400004982948,0.205958090283279
71.555880803,0.207394182682037,0.206388927412769
71.565876735,0.207394182682037,0.206853485536598
71.575851288,0.207394182682037,0.207334442170884
71.585886598,0.207394182682037,0.207823100630402
71.595855098,0.208391278982162,0.208313264193047
71.605852353,0.209388360381126,0.208797556871337
71.615891138,0.209388360381126,0.209270314581812
71.625877887,0.209388360381126,0.209730582334989
71.635884756,0.209388360381126,0.210178715801724
71.645891864,0.21038544178009,0.21060927931658
71.655878334,0.211382538080215,0.211008215598601
71.665893966,0.211382538080215,0.21135706800324
71.675882294,0.211382538080215,0.21163791821327
71.685881672,0.212379619479179,0.211834105637394
71.695884782,0.212379619479179,0.21193105367283
71.705882746,0.211382538080215,0.211918864429929
71.715418985,0.212379619479179,0.211791691003169
71.72540615,0.211382538080215,0.211545421199104
71.735850677,0.212379619479179,0.211179092645372
71.745852703,0.21038544178009,0.210698793321292
71.755884901,0.21038544178009,0.210118754802136
71.765879909,0.209388360381126,0.20945817997882
71.775893179,0.209388360381126,0.208738809671374
71.785877649,0.208391278982162,0.207986801600674
71.795884844,0.206397086381912,0.207234488145992
71.805881592,0.206397086381912,0.20651616922176
71.815636351,0.205400004982948,0.205861254840672
71.825880687,0.205400004982948,0.205292012294669
71.835884332,0.204402923583984,0.20482531982812
71.845483034,0.205400004982948,0.204475301365396
71.855880195,0.203405827283859,0.204256457417937
71.865880551,0.203405827283859,0.204183006487699
71.875872701,0.203405827283859,0.204261501394263
71.88588881,0.203405827283859,0.204483087697401
71.895876479,0.205400019884109,0.20482193727202
71.905881003,0.205400004982948,0.205241378824176
71.915854637,0.206397086381912,0.205704252825839
71.925881787,0.206397086381912,0.206180249124477
71.935874704,0.206397086381912,0.20664698172462
71.945443904,0.206397086381912,0.207085430498878
71.955882361,0.208391264081001,0.207474225318716
71.965882999,0.208391264081001,0.207791142983603
71.975878401,0.208391264081001,0.208020935108941
71.985875468,0.208391278982162,0.208159330581573
71.995883863,0.208391278982162,0.20821085687654
72.005872952,0.208391278982162,0.208185865397833
72.015881638,0.207394182682037,0.20809801441279
72.025880045,0.207394182682037,0.207959381329593
72.035879882,0.208391278982162,0.207775603112991
72.04564568,0.208391278982162,0.207548748603915
72.055877363,0.206397086381912,0.207285137227434
72.065869735,0.207394182682037,0.206996115984625
72.075879067,0.207394182682037,0.206694288790931
72.085875079,0.206397086381912,0.206395541766777
72.095880901,0.205400004982948,0.206121304671339
72.105873717,0.205400004982948,0.205892780850939
72.115879831,0.205400004982948,0.205723343301142
72.125870114,0.205400004982948,0.205616636526755
72.135881188,0.206397086381912,0.205570121408902
72.145860075,0.205400004982948,0.205581312609701
72.155888353,0.205400004982948,0.205651424481339
72.165872851,0.204402923583984,0.205781167712438
72.175880487,0.205400004982948,0.20596135136547
72.185870765,0.206397086381912,0.20616760026041
72.195888545,0.207394182682037,0.206366027682125
72.205879218,0.206397086381912,0.206525047176382
72.215880813,0.207394182682037,0.206622053661226
72.225878182,0.206397086381912,0.20664293529412
72.235877781,0.206397086381912,0.206578853159336
72.245875303,0.206397086381912,0.206421939221371
72.255876946,0.206397086381912,0.206162780895976
72.265878563,0.206397086381912,0.205792521164952
72.27587706,0.205400004982948,0.205307115184809
72.285876341,0.204402923583984,0.204708613898282
72.29588219,0.204402923583984,0.204002228675039
72.305873363,0.203405827283859,0.203194436402267
72.315890669,0.202408730983734,0.202294670677093
72.325875175,0.202408730983734,0.201317808331369
72.33587647,0.199417471885681,0.200285907620579
72.345876874,0.199417471885681,0.199226229240248
72.355877959,0.198420390486717,0.198166412534102
72.365877379,0.197423309087753,0.19713418905428
72.375877656,0.195429131388664,0.196159733999167
72.385873197,0.195429131388664,0.195273454375534
72.395885048,0.193434953689575,0.194501234971945
72.405880502,0.193434953689575,0.193860503213125
72.415881087,0.193434953689575,0.193357925057503
72.425878048,0.192437872290611,0.192991023660134
72.435875209,0.193434953689575,0.192752244763434
72.445876991,0.192437872290611,0.192632842281735
72.455884119,0.191440790891647,0.192624066848005
72.465870237,0.193434953689575,0.192713193836168
72.475878587,0.193434953689575,0.192882525562773
72.485874293,0.193434953689575,0.193116919105796
72.495881838,0.193434953689575,0.193409590872133
72.505879184,0.1944320499897,0.19376118503291
72.515878004,0.193434953689575,0.194177530937824
72.525877464,0.1944320499897,0.194666099559687
72.535888711,0.1944320499897,0.19522975519264
72.545893301,0.195429131388664,0.195861664345056
72.555897053,0.197423309087753,0.196545308917899
72.565876748,0.196426212787628,0.19725974802985
72.575888415,0.198420390486717,0.197983832447564
72.585868341,0.198420405387878,0.198695816118928
72.595878741,0.200414568185806,0.199374088053147
72.605871927,0.199417471885681,0.200000794596773
72.615880909,0.201411664485931,0.20056349895549
72.625883091,0.201411664485931,0.2010552380955
72.635884094,0.20141164958477,0.201475875413072
72.645876747,0.202408730983734,0.201832246083144
72.655884968,0.20141164958477,0.202135778435995
72.665869381,0.202408730983734,0.202398790040405
72.675882446,0.202408730983734,0.202630573967258
72.68587408,0.202408730983734,0.202835691965414
72.695880308,0.202408730983734,0.203012978097303
72.705877236,0.204402923583984,0.203155166933977
72.715877142,0.203405827283859,0.203254446734262
72.725879038,0.203405827283859,0.203310078631103
72.73588104,0.203405827283859,0.203328940720508
72.745874605,0.202408730983734,0.203320324889418
72.75588161,0.204402923583984,0.203291485757499
72.765870833,0.203405827283859,0.203249064142139
72.775882886,0.203405827283859,0.203204898604039
72.785874567,0.203405827283859,0.203178115392429
72.7958805,0.202408730983734,0.203191906354686
72.80587997,0.202408730983734,0.203267260311545
72.815597648,0.202408730983734,0.20341454166818
72.825872793,0.203405827283859,0.203627833277959
72.835881762,0.204402923583984,0.203887156039248
72.845872919,0.204402923583984,0.20416734893141
72.855893994,0.205400004982948,0.204447348285599
72.865892305,0.204402923583984,0.204715028419383
72.8758983,0.204402923583984,0.204965362052069
72.885892909,0.205400004982948,0.205193494400259
72.895891184,0.205400004982948,0.205390818195357
72.905893358,0.205400004982948,0.205546829688282
72.915900546,0.206397086381912,0.205651656273124
72.925897563,0.206397086381912,0.205699451143606
72.935894428,0.205400004982948,0.205692827879876
72.945896674,0.206397086381912,0.205643139949872
72.955895425,0.204402923583984,0.205566546895533
72.965890174,0.205400004982948,0.205478304576943
72.975890705,0.205400004982948,0.205387633984233
72.985895081,0.205400004982948,0.20529817200869
72.995894328,0.206397086381912,0.205213804393302
73.005893622,0.205400004982948,0.205145788434945
73.015898798,0.204402923583984,0.205115736165161
73.025898008,0.204402923583984,0.20514891660982
73.035895328,0.204402923583984,0.205262762658895
73.045891364,0.205400004982948,0.205460713220651
73.055893576,0.205400004982948,0.205733722978486
73.06589642,0.206397086381912,0.206065397225011
73.075898708,0.207394182682037,0.206438252905152
73.08590011,0.206397086381912,0.206840068466044
73.095896718,0.206397086381912,0.207264035335166
73.105888133,0.207394182682037,0.207700331969181
73.115897818,0.208391278982162,0.208129897235925
73.125887769,0.208391278982162,0.208527266484925
73.13589781,0.21038544178009,0.208867571543388
73.145893214,0.208391278982162,0.209132897270413
73.155896722,0.21038544178009,0.209314499573201
73.165895051,0.21038544178009,0.209412558318306
73.175894313,0.208391278982162,0.209437606529524
73.185891267,0.209388360381126,0.209407027235895
73.19589986,0.209388360381126,0.209336432252474
73.20589854,0.209388360381126,0.209237507922903
73.215895382,0.209388360381126,0.209122020432179
73.225892214,0.209388360381126,0.209005101463691
73.235908861,0.208391278982162,0.208906212671669
73.245889838,0.208391278982162,0.208846140809014
73.255891394,0.208391278982162,0.208840961638041
73.26589778,0.207394182682037,0.208896550648855
73.275893506,0.209388360381126,0.209004676572001
73.285897205,0.209388360381126,0.209144548625367
73.295906889,0.209388360381126,0.209291293218802
73.305892062,0.21038544178009,0.209423802458297
73.315891623,0.209388360381126,0.20952844361279
73.32589685,0.209388360381126,0.209599036745067
73.335904894,0.209388360381126,0.209632071135358
73.34589437,0.21038544178009,0.209622613555283
73.355896114,0.209388360381126,0.209566297683071
73.365890734,0.21038544178009,0.209463524123378
73.375895439,0.209388360381126,0.209321965129739
73.385895717,0.209388345479965,0.209157339051679
73.395890337,0.208391278982162,0.208990966094366
73.405898161,0.208391278982162,0.208843798871627
73.415895427,0.208391278982162,0.208730493869255
73.425889359,0.208391278982162,0.208657097158905
73.435896445,0.209388345479965,0.20862337673241
73.445902645,0.208391278982162,0.208628330982226
73.455888391,0.208391264081001,0.208673548269108
73.465278237,0.209388345479965,0.208761767366225
73.475881959,0.208391278982162,0.20889589216623
73.485884969,0.208391278982162,0.209078413207427
73.495898772,0.21038544178009,0.209308544853963
73.505895048,0.209388345479965,0.209583645332191
73.515894119,0.21038544178009,0.20990492116334
73.525904512,0.21038544178009,0.210279503976781
73.535900787,0.209388345479965,0.210717534341469
73.545892673,0.211382538080215,0.211225450511554
73.555902274,0.211382538080215,0.211800610407713
73.565425671,0.211382538080215,0.212431121432955
73.575886758,0.213376700878143,0.21309566390546
73.585899883,0.214373797178268,0.213764879374898
73.595884692,0.214373797178268,0.214408713958129
73.605883392,0.215370893478394,0.215002352315449
73.615905304,0.215370893478394,0.215526043308358
73.625899665,0.216367974877357,0.215963297790155
73.635899383,0.216367974877357,0.21630053114856
73.645889896,0.216367974877357,0.216527185162459
73.655851421,0.217365056276321,0.216635297278311
73.665613491,0.217365056276321,0.216621381062403
73.67531918,0.216367974877357,0.216490766342962
73.685852003,0.215370893478394,0.21625651921807
73.695854238,0.215370878577232,0.215930204722497
73.705850554,0.215370878577232,0.21551353906828
73.715890197,0.215370878577232,0.214998682828061
73.725885985,0.214373797178268,0.214374499855981
73.735877275,0.214373797178268,0.213632291856481
73.745883945,0.213376700878143,0.212769865474703
73.75585203,0.211382538080215,0.21179407280107
73.765839884,0.21038544178009,0.210717890980797
73.775848888,0.21038544178009,0.209554562823307
73.785875756,0.208391278982162,0.208317811566678
73.795881402,0.207394182682037,0.207026529531962
73.805886098,0.205400004982948,0.205705693134562
73.815852829,0.204402923583984,0.204383094967409
73.825883146,0.203405827283859,0.20308667112515
73.835885105,0.201411664485931,0.201844500197497
73.845876143,0.200414568185806,0.200684247219186
73.855879917,0.200414568185806,0.199631464607486
73.865896063,0.198420390486717,0.1987114547465
73.875849336,0.196426212787628,0.197950180267379
73.885888692,0.197423309087753,0.197367087563339
73.895879375,0.196426212787628,0.196968596033701
73.905850772,0.196426212787628,0.1967498183192
73.915849998,0.196426212787628,0.1966977677769
73.925881481,0.196426212787628,0.196792168807682
73.935847693,0.197423309087753,0.197006772066778
73.945882154,0.197423309087753,0.197312907418561
73.955886339,0.196426212787628,0.197681838317165
73.965880246,0.198420405387878,0.198081227202017
73.975850957,0.199417486786842,0.198472946827326
73.985882049,0.199417486786842,0.198820852313308
73.995881614,0.199417486786842,0.19910001235513
74.005852193,0.200414568185806,0.199298840710513
74.01588515,0.200414568185806,0.199419904529427
74.025850149,0.199417486786842,0.199482281940969
74.035850751,0.198420405387878,0.199517482011539
74.045879015,0.198420405387878,0.199555930850426
74.05588218,0.200414568185806,0.199615361879878
74.065881952,0.199417471885681,0.199702451034838
74.075880833,0.199417471885681,0.199820714800948
74.085876819,0.200414568185806,0.199972584929538
74.095852223,0.200414568185806,0.200159517471102
74.10588555,0.199417471885681,0.200384037357715
74.115880482,0.199417471885681,0.200645758299216
74.125880495,0.201411664485931,0.200932684644692
74.135856373,0.202408745884895,0.20122239293675
74.145878747,0.202408745884895,0.20149597024614
74.155892998,0.201411664485931,0.201749220602747
74.165876973,0.202408745884895,0.201990877397278
74.175888944,0.202408745884895,0.202235837138643
74.185879024,0.201411664485931,0.202501209118091
74.195882268,0.202408745884895,0.202800953877084
74.205887852,0.203405827283859,0.203140123276437
74.215858105,0.203405827283859,0.20351637548912
74.225881,0.203405827283859,0.203924688223828
74.235849354,0.204402923583984,0.204357362222756
74.24588161,0.204402923583984,0.204802057139438
74.25587702,0.205400019884109,0.20524199722813
74.265885984,0.205400019884109,0.205657287670258
74.275887273,0.206397086381912,0.206026364402865
74.285853968,0.207394182682037,0.206329300754929
74.295852623,0.206397086381912,0.206553392019846
74.305883256,0.206397086381912,0.206694790675669
74.315878667,0.207394182682037,0.206753807763427
74.325879964,0.207394182682037,0.206733237145842
74.335852161,0.206397086381912,0.206642349676136
74.345881127,0.206397086381912,0.206497230208647
74.355874297,0.206397086381912,0.20631593985624
74.365880384,0.206397086381912,0.206116122256765
74.375882511,0.205400004982948,0.205916015172824
74.385886019,0.205400004982948,0.205733211770418
74.395851841,0.205400004982948,0.205580798948227
74.405885009,0.205400004982948,0.205465813253298
74.4158534,0.205400004982948,0.205391071882294
74.425879547,0.204402923583984,0.205356256760031
74.435877407,0.205400004982948,0.205355544763535
74.445848794,0.205400004982948,0.205375769709328
74.455851164,0.206397086381912,0.205400530467779
74.465220784,0.205400004982948,0.20541784432511
74.475853264,0.205400004982948,0.205423703864346
74.485883273,0.205400004982948,0.205419117285746
74.495852939,0.205400004982948,0.205406019991513
74.505885196,0.205400004982948,0.205386033176877
74.515880026,0.205400004982948,0.205360723679326
74.52588248,0.205400004982948,0.205332010107924
74.535891049,0.205400004982948,0.205302677821348
74.545874546,0.205400004982948,0.205276956732731
74.555854317,0.204402923583984,0.205259778980364
74.565325083,0.204402923583984,0.205251998968378
74.575883091,0.206397086381912,0.205245475845541
74.585884221,0.205400004982948,0.205227277959903
74.595897454,0.205400004982948,0.205189183167344
74.605853063,0.205400004982948,0.205130786527734
74.6158544,0.204402923583984,0.205056356415362
74.625880041,0.205400004982948,0.204970752628145
74.635880778,0.204402923583984,0.204876995275957
74.645308672,0.205400004982948,0.204776725320569
74.655882058,0.204402923583984,0.204672170081544
74.66550934,0.205400004982948,0.204568240275658
74.675265738,0.203405827283859,0.204473371346078
74.685261698,0.204402923583984,0.204396360421261
74.695883773,0.204402923583984,0.204341689898102
74.705882366,0.203405827283859,0.204308472865842
74.715882177,0.205400004982948,0.204291618702115
74.72530483,0.204402923583984,0.204285225272753
74.735852034,0.204402923583984,0.20428826960431
74.745854684,0.203405827283859,0.204304753954335
74.755883306,0.204402923583984,0.204337009346767
74.765695798,0.203405827283859,0.204380050463237
74.775875321,0.205400004982948,0.204420946176449
74.785882509,0.204402923583984,0.20444331781552
74.795878444,0.204402923583984,0.204433237243162
74.805311219,0.205400004982948,0.204381536950574
74.815852293,0.203405827283859,0.204284120190761
74.825882153,0.204402923583984,0.204140461752878
74.835913367,0.204402923583984,0.203950401951197
74.845910643,0.204402923583984,0.203715868616733
74.855810564,0.203405827283859,0.203446194236903
74.865846848,0.203405827283859,0.203159023484184
74.875814307,0.202408730983734,0.202876604185702
74.885308701,0.202408730983734,0.202621081681312
74.895814038,0.202408730983734,0.202411011741354
74.905787319,0.20141164958477,0.20225997855329
74.915880751,0.202408730983734,0.202175622014463
74.925876256,0.201411664485931,0.202158797307469
74.935882398,0.201411664485931,0.202202714089945
74.945851865,0.202408745884895,0.202290728351613
74.955881067,0.203405827283859,0.202398225593108
74.965306875,0.203405827283859,0.202502881226464
74.9758819,0.202408730983734,0.202594484679558
74.985880747,0.202408730983734,0.202674151888097
74.995884521,0.202408730983734,0.202745786351765
75.005878078,0.203405827283859,0.202810399098056
75.015888999,0.202408730983734,0.202867218933551
75.025879059,0.203405827283859,0.202916288005872
75.035875358,0.203405827283859,0.20295989561232
75.045314313,0.203405827283859,0.203005470129416
75.055883044,0.202408730983734,0.203067214139654
75.065870004,0.202408730983734,0.203161036509029
75.075887128,0.202408730983734,0.203295170564906
75.085872827,0.204402923583984,0.203465466873023
75.095880807,0.204402923583984,0.203661826082642
75.105885424,0.203405827283859,0.203879201753837
75.115856393,0.203405827283859,0.20411877280802
75.125316438,0.204402923583984,0.204379379930012
75.135883602,0.204402923583984,0.204652471180137
75.145881699,0.204402923583984,0.204923270708943
75.15588161,0.205400004982948,0.205171749241739
75.165896067,0.206397086381912,0.205375016467089
75.175902645,0.206397086381912,0.205515487498011
75.185886481,0.205400004982948,0.205588631453657
75.195875493,0.205400004982948,0.205601366516997
75.205313891,0.206397086381912,0.205565168094447
75.215854326,0.206397086381912,0.20549567813851
75.225852517,0.204402923583984,0.205417259129292
75.235882966,0.205400004982948,0.205360252254877
75.245878532,0.205400004982948,0.205353089433676
75.255881727,0.204402923583984,0.205419244460333
75.265852598,0.205400004982948,0.205575818325457
75.275833651,0.205400004982948,0.205830641337462
75.285314827,0.205400004982948,0.206181514855787
75.29587466,0.206397086381912,0.206616117107931
75.305833956,0.206397086381912,0.207111302640985
75.315870204,0.207394182682037,0.207633381370213
75.325881974,0.209388360381126,0.208141181776131
75.335871541,0.208391278982162,0.208593896327991
75.3459077,0.208391278982162,0.208956589140248
75.355906623,0.21038544178009,0.209197580835072
75.365346053,0.208391278982162,0.209286384800767
75.375907195,0.21038544178009,0.2091955225976
75.385880617,0.209388360381126,0.208902890258198
75.395892691,0.209388360381126,0.208396549540998
75.405905408,0.208391278982162,0.207679725057199
75.415906046,0.207394182682037,0.206772253057847
75.425883106,0.205400004982948,0.205708398305165
75.435882406,0.204402923583984,0.204530642580249
75.445347028,0.204402923583984,0.203284057724694
75.455866029,0.20141164958477,0.202017014056764
75.465866143,0.201411664485931,0.200783309543852
75.475872989,0.198420405387878,0.199639402465212
75.485869806,0.198420405387878,0.198638275030644
75.495838422,0.196426212787628,0.197822752590018
75.505906821,0.196426212787628,0.197219864356834
75.515910034,0.196426212787628,0.196838035518855
75.525351347,0.196426212787628,0.196669204817133
75.535910083,0.197423309087753,0.196695667057844
75.54590908,0.196426212787628,0.19689778479665
75.555913459,0.197423309087753,0.19725759023867
75.565907115,0.196426212787628,0.197756018647743
75.575909392,0.198420405387878,0.198366818445108
75.585903855,0.199417486786842,0.199054195389902
75.595912578,0.200414568185806,0.199778724774782
75.605348538,0.20141164958477,0.200506954231016
75.615913129,0.20141164958477,0.201217521662699
75.625875751,0.20141164958477,0.201900477322203
75.635916119,0.202408730983734,0.202550269018214
75.645894357,0.202408730983734,0.203157946834872
75.655317602,0.204402923583984,0.20370805902999
75.66590073,0.205400004982948,0.204183097183284
75.675887805,0.204402923583984,0.204573134448757
75.685343516,0.204402923583984,0.204879063622014
75.695909661,0.205400004982948,0.205105656851805
75.705905974,0.205400004982948,0.205256363077862
75.71590665,0.205400004982948,0.205335069098817
75.725893115,0.205400004982948,0.205348142987267
75.735908459,0.205400004982948,0.205304020154977
75.745906224,0.205400004982948,0.205212837655934
75.755909638,0.204402923583984,0.205085942195195
75.765358182,0.205400004982948,0.204933744715317
75.775897653,0.205400004982948,0.204765658109142
75.785911936,0.204402923583984,0.204594534426201
75.795908899,0.203405827283859,0.204437447896966
75.805914167,0.203405827283859,0.204307271874037
75.815884643,0.204402923583984,0.204204003306105
75.825876362,0.204402923583984,0.204116197896594
75.835886959,0.204402923583984,0.204029864947676
75.845326813,0.204402923583984,0.203935744139693
75.85538728,0.204402923583984,0.20383254725791
75.86573892,0.202408745884895,0.203726326451842
75.875740442,0.203405827283859,0.203623367044119
75.885740087,0.203405827283859,0.203521823842822
75.895738495,0.204402923583984,0.203412600121069
75.905768141,0.203405827283859,0.203288181088301
75.915915507,0.202408745884895,0.203147659235716
75.925299247,0.203405827283859,0.20299278549032
75.935914045,0.202408745884895,0.202823014849703
75.945910588,0.202408745884895,0.202634833691821
75.955911279,0.202408745884895,0.202421433547754
75.965908399,0.203405827283859,0.202174127020329
75.975894784,0.202408745884895,0.201889588699025
75.985903193,0.201411664485931,0.201576438511338
75.995910444,0.200414568185806,0.201251942596884
76.005305686,0.200414568185806,0.200931320137635
76.015890379,0.201411664485931,0.20062126559446
76.025909444,0.200414568185806,0.200324022798764
76.035912087,0.200414568185806,0.200045236479067
76.045889182,0.199417486786842,0.199796225036851
76.055912805,0.199417471885681,0.199590531178684
76.065909416,0.198420390486717,0.199438501360259
76.075914639,0.198420390486717,0.199340982893066
76.085309815,0.200414568185806,0.199285940458305
76.095911743,0.200414568185806,0.199255917609399
76.105894017,0.199417471885681,0.199242564984438
76.115909752,0.198420390486717,0.199251317375635
76.125906289,0.199417471885681,0.199292392945965
76.135909267,0.199417471885681,0.199372592332912
76.145907681,0.199417471885681,0.199495675959776
76.155908977,0.199417471885681,0.199664581980161
76.165308116,0.200414568185806,0.19988142804184
76.175897463,0.200414568185806,0.200149188584022
76.1859214,0.199417471885681,0.2004736671625
76.195908988,0.200414568185806,0.20085909022246
76.205915127,0.201411664485931,0.201301200064705
76.215908936,0.202408745884895,0.201788374348066
76.225891764,0.201411664485931,0.202308214388309
76.235910957,0.202408745884895,0.202847916751819
76.245285117,0.203405827283859,0.203388686432296
76.255910814,0.204402923583984,0.203905065095682
76.26590081,0.204402923583984,0.2043708969921
76.275895471,0.205400004982948,0.204764500179448
76.285895918,0.205400004982948,0.205070905572787
76.295912707,0.205400004982948,0.205282916614791
76.305911775,0.205400004982948,0.205399977035916
76.31575128,0.204402923583984,0.205423692951602
76.325283108,0.206397086381912,0.205352704299985
76.335911514,0.205400004982948,0.205183515603869
76.345911053,0.206397086381912,0.204918623979764
76.35589437,0.204402923583984,0.204574024706734
76.365908825,0.203405827283859,0.204178054493717
76.375914559,0.203405827283859,0.203761246356276
76.385893782,0.203405827283859,0.203347247664471
76.395900071,0.202408745884895,0.202952159403044
76.405287263,0.203405827283859,0.202587849704586
76.415909661,0.203405827283859,0.202267548116766
76.42591122,0.201411664485931,0.20201341043071
76.435910118,0.201411664485931,0.201856468679996
76.445903556,0.200414568185806,0.201825862362415
76.455905768,0.201411664485931,0.201937351998626
76.465909726,0.202408745884895,0.202189845890446
76.475911729,0.202408730983734,0.202570961473068
76.485267372,0.203405827283859,0.203064995742859
76.495901125,0.203405827283859,0.203656892635235
76.505909195,0.204402923583984,0.204332497598518
76.51591267,0.204402923583984,0.205076733033842
76.525898069,0.205400004982948,0.205870013168168
76.53589481,0.206397086381912,0.206684573029399
76.545909483,0.208391278982162,0.207485118429849
76.555900861,0.208391278982162,0.208235695343602
76.565268077,0.209388360381126,0.20890686272948
76.5759052,0.21038544178009,0.209478581403432
76.585900383,0.209388360381126,0.209940728960267
76.595907644,0.21038544178009,0.210290341239843
76.605904856,0.21038544178009,0.210525823623992
76.615907102,0.211382538080215,0.210644845804161
76.625895205,0.211382538080215,0.210648611932952
76.63590585,0.211382538080215,0.210548556436984
76.645269485,0.21038544178009,0.210370097346207
76.655933321,0.209388360381126,0.210149211734783
76.665904367,0.21038544178009,0.209923967871665
76.675904937,0.208391278982162,0.209728250512522
76.685912677,0.21038544178009,0.20958957649265
76.695901499,0.209388360381126,0.209530307057442
76.705908174,0.209388360381126,0.209571662142232
76.715910068,0.209388360381126,0.209734749462991
76.72527013,0.209388360381126,0.210036830815177
76.73589502,0.209388360381126,0.210486372490765
76.745884323,0.21038544178009,0.211077885029588
76.75590716,0.212379619479179,0.211790381670917
76.765912854,0.212379619479179,0.212593541773091
76.77590628,0.213376700878143,0.213455368132688
76.785912889,0.213376700878143,0.214342672791317
76.795904916,0.215370878577232,0.215216380840196
76.805210081,0.215370878577232,0.216028993566861
76.815903508,0.217365056276321,0.216726382121902
76.825893463,0.218362152576447,0.217253579317216
76.835901694,0.218362152576447,0.217564335128682
76.845903029,0.218362152576447,0.217628907572303
76.855234174,0.217365056276321,0.217434394885523
76.865909696,0.217365056276321,0.216979552433436
76.875907456,0.217365056276321,0.216271011803648
76.8852446,0.215370893478394,0.215324922323483
76.895910372,0.215370893478394,0.214169903579064
76.905906648,0.213376700878143,0.212848300209112
76.915891896,0.21038544178009,0.211415120315887
76.925116715,0.209388360381126,0.209929819347686
76.935216393,0.208391278982162,0.208445124929622
76.945910187,0.206397086381912,0.207003624974658
76.955203844,0.206397086381912,0.20564103988827
76.965249965,0.203405827283859,0.204389971745866
76.97590779,0.202408730983734,0.203279381599882
76.98589264,0.202408730983734,0.202329110967751
76.995907713,0.200414568185806,0.201546800623761
77.005908344,0.201411664485931,0.200929455618562
77.015908966,0.200414568185806,0.2004668424959
77.025202437,0.199417471885681,0.200145428040855
77.03590678,0.199417471885681,0.199947762441337
77.04525202,0.200414568185806,0.199848917639604
77.055909319,0.199417471885681,0.199818295400346
77.065907002,0.200414568185806,0.199824677248037
77.075904566,0.200414568185806,0.199839838135737
77.085903092,0.200414568185806,0.199842663830694
77.095210288,0.200414568185806,0.199823007440854
77.10591075,0.199417471885681,0.199781736952163
77.115909277,0.200414568185806,0.19972718786885
77.125233316,0.199417471885681,0.199671994001944
77.135911561,0.199417471885681,0.199631471596048
77.145906842,0.199417486786842,0.19962067078344
77.155222192,0.199417471885681,0.199651119607343
77.165911832,0.199417471885681,0.199729612619918
77.175907574,0.199417471885681,0.199857495037534
77.185188788,0.199417471885681,0.200028988421588
77.195907148,0.200414568185806,0.200229865162805
77.205254154,0.200414568185806,0.200439243900307
77.215906251,0.200414568185806,0.2006334698039
77.225185114,0.201411664485931,0.20078852641329
77.235193317,0.201411664485931,0.200882771766001
77.245903323,0.201411664485931,0.200901795764657
77.255208457,0.201411664485931,0.200841851231075
77.265185469,0.201411664485931,0.200710809158831
77.275076488,0.200414568185806,0.200528025275113
77.285202805,0.200414568185806,0.200321634896975
77.295905055,0.199417471885681,0.200122895336367
77.305188735,0.199417471885681,0.19995967657795
77.315898639,0.199417471885681,0.19985114393373
77.325198773,0.199417471885681,0.199805735412031
77.335895656,0.199417471885681,0.199822049865091
77.345196071,0.200414568185806,0.199891140106007
77.355087618,0.200414568185806,0.200001534342942
77.365235462,0.199417471885681,0.200144486127104
77.375905245,0.200414568185806,0.200313050096238
77.38519256,0.20141164958477,0.200499132135385
77.395891731,0.200414568185806,0.200696599796077
77.405191367,0.201411664485931,0.20090531946873
77.415909611,0.201411664485931,0.201130935516196
77.425904491,0.201411664485931,0.201384350361472
77.435189452,0.202408730983734,0.201682109520817
77.445223433,0.200414568185806,0.202044820990382
77.455191139,0.201411664485931,0.202489322029109
77.465197483,0.203405827283859,0.203018194304306
77.475908869,0.203405827283859,0.203619561622056
77.485187357,0.203405827283859,0.2042744817761
77.495171232,0.206397086381912,0.204960244003219
77.505910047,0.205400004982948,0.205653891692515
77.515165775,0.206397086381912,0.206337731347934
77.525205407,0.207394182682037,0.206999347332752
77.535908316,0.207394182682037,0.207629132344338
77.545170852,0.209388360381126,0.208220894124281
77.555181982,0.208391278982162,0.208774417207815
77.565909752,0.209388360381126,0.209296129711379
77.575188008,0.21038544178009,0.209796554680936
77.585898815,0.21038544178009,0.210289708780132
77.595171235,0.209388360381126,0.210792914222189
77.605172679,0.211382538080215,0.211320139817985
77.615185956,0.211382538080215,0.21187516496937
77.62517227,0.212379619479179,0.212452251114383
77.635169956,0.213376700878143,0.21304027968373
77.64517289,0.212379619479179,0.213625162380514
77.655168085,0.214373797178268,0.21418809761186
77.665165275,0.214373797178268,0.214702625407562
77.675177739,0.215370878577232,0.215136181355925
77.685171502,0.216367959976196,0.215455374699489
77.695179406,0.216367959976196,0.215632987569444
77.705148261,0.215370878577232,0.215653373728928
77.715303154,0.216367959976196,0.215511503606656
77.725170094,0.215370878577232,0.215209950450455
77.735909084,0.215370878577232,0.214759227615613
77.745177781,0.214373797178268,0.214178783112379
77.755589433,0.214373797178268,0.213497100606795
77.765216177,0.212379619479179,0.212751812428444
77.775168868,0.211382538080215,0.211986585066719
77.785172299,0.21038544178009,0.211242696266078
77.795903731,0.21038544178009,0.210551059051546
77.805157125,0.21038544178009,0.209931811752751
77.815457352,0.208391278982162,0.209399506682994
77.825157968,0.209388360381126,0.208965509040458
77.835194745,0.207394182682037,0.208635954897194
77.845150925,0.208391278982162,0.208409003300742
77.85514415,0.207394182682037,0.208272599758373
77.865167636,0.208391278982162,0.208204131671123
77.875142932,0.208391278982162,0.2081735522435
77.885168244,0.208391278982162,0.208149100121408
77.895155914,0.207394182682037,0.208100917896147
77.905138192,0.208391278982162,0.207999249035489
77.915148806,0.208391278982162,0.207813135611896
77.925186767,0.207394182682037,0.207514213805326
77.9359135,0.208391278982162,0.207080949914753
77.945150132,0.207394182682037,0.20650255398302
77.955049331,0.206397086381912,0.205784303026869
77.965151604,0.204402923583984,0.204947855998341
77.975148877,0.204402923583984,0.204023809695815
77.985145781,0.203405827283859,0.203045341986122
77.995147143,0.203405827283859,0.202050270094668
78.00512769,0.200414568185806,0.201086846634493
78.015169895,0.199417486786842,0.200211888762948
78.025156047,0.198420405387878,0.19947892185829
78.035150959,0.197423309087753,0.198925805044742
78.045920848,0.197423309087753,0.198567427100055
78.055137277,0.198420405387878,0.198394067249914
78.065154045,0.199417471885681,0.198379077213188
78.075144275,0.198420405387878,0.198493372940335
78.085153562,0.198420405387878,0.198713966884855
78.095170704,0.198420405387878,0.199020475977617
78.105153066,0.199417471885681,0.199388036014056
78.115133493,0.200414568185806,0.199786354006841
78.125151238,0.200414568185806,0.200185434452427
78.135134192,0.202408745884895,0.200563287943497
78.145150752,0.201411664485931,0.200913539075433
78.155134951,0.200414568185806,0.201248046373659
78.165156252,0.201411664485931,0.201588051571557
78.175056373,0.201411664485931,0.201951608758909
78.185151268,0.201411664485931,0.202347520742404
78.195154021,0.202408745884895,0.202772828987548
78.205132712,0.204402923583984,0.203213697475946
78.21512409,0.204402923583984,0.203655015536016
78.225129582,0.204402923583984,0.204092320998753
78.235131605,0.203405827283859,0.204533057633393
78.245141167,0.204402923583984,0.204985929952645
78.255132127,0.205400004982948,0.205450172121036
78.265135208,0.205400004982948,0.205913886037416
78.275131298,0.207394182682037,0.206358846434711
78.285140626,0.207394182682037,0.206768019965205
78.29512563,0.207394182682037,0.207133468316614
78.305133905,0.206397086381912,0.207457004281126
78.315151487,0.207394182682037,0.207741125798586
78.325131576,0.208391278982162,0.207980829172208
78.335147617,0.208391278982162,0.208165560924423
78.34513683,0.208391278982162,0.208286121620965
78.355138532,0.208391278982162,0.208337446107589
78.365135898,0.209388360381126,0.208318743261255
78.375137972,0.207394182682037,0.208235054771211
78.385135112,0.208391278982162,0.208096279366349
78.395150135,0.207394182682037,0.20791224827668
78.405135884,0.208391278982162,0.207690284415582
78.415135582,0.207394182682037,0.207437699042179
78.425135598,0.206397086381912,0.207163772797307
78.435137515,0.206397086381912,0.206875773705372
78.445131785,0.207394182682037,0.206574129829255
78.455152574,0.206397086381912,0.206255879659757
78.465004148,0.205400004982948,0.205921082865935
78.475133396,0.205400004982948,0.205571642579211
78.485117942,0.205400004982948,0.205206504274191
78.495137197,0.205400004982948,0.204822467432775
78.505119889,0.203405827283859,0.204417987783433
78.515130056,0.204402923583984,0.203992089893433
78.525037497,0.204402923583984,0.203542388163113
78.53511984,0.203405827283859,0.203070165481276
78.545113852,0.202408730983734,0.202585916452683
78.555121602,0.202408730983734,0.202107361707346
78.565109773,0.20141164958477,0.201655004234409
78.575119221,0.20141164958477,0.20125017185314
78.585116968,0.199417471885681,0.200912496979316
78.595120127,0.200414568185806,0.200653773311962
78.605003923,0.200414568185806,0.200473111014927
78.615003029,0.199417471885681,0.200358464016585
78.625112989,0.200414568185806,0.200289260241877
78.635112142,0.200414568185806,0.200237725835953
78.645110865,0.200414568185806,0.200173278362379
78.655117646,0.200414568185806,0.20006789397763
78.665118538,0.200414568185806,0.199899084718964
78.67512154,0.200414568185806,0.199652365057656
78.685120744,0.200414568185806,0.199324975192929
78.695118179,0.199417471885681,0.198929810103246
78.705009689,0.198420405387878,0.198495617322629
78.714999238,0.198420405387878,0.198061870752108
78.725118848,0.196426212787628,0.197671720587577
78.735119577,0.196426212787628,0.197363576893761
78.745110654,0.197423309087753,0.197163139134849
78.755118663,0.196426212787628,0.197083051477526
78.765110004,0.196426212787628,0.197127008109985
78.775124608,0.196426212787628,0.197288772010874
78.785120767,0.197423309087753,0.197548675343641
78.795072679,0.198420405387878,0.197875678169987
78.80499985,0.198420390486717,0.198235379644735
78.814985243,0.198420390486717,0.198596645615585
78.824999848,0.199417471885681,0.198932238227845
78.834986516,0.200414568185806,0.199219371221127
78.8449994,0.198420405387878,0.199443397100837
78.85507516,0.200414568185806,0.199597161394487
78.86506528,0.200414568185806,0.199677658444006
78.87506883,0.200414568185806,0.199689400993571
78.885100142,0.199417471885681,0.19964925975169
78.895075117,0.198420405387878,0.19958208276131
78.904984944,0.199417471885681,0.199509420032093
78.915122148,0.200414568185806,0.199444126636962
78.924980425,0.199417471885681,0.1993970352845
78.935062556,0.198420390486717,0.1993834944042
78.945076018,0.199417471885681,0.199418929937923
78.955064209,0.199417471885681,0.199512378814613
78.965066428,0.199417471885681,0.199666961894301
78.975106618,0.199417471885681,0.199881828464422
78.985054615,0.200414568185806,0.200151531892211
78.995104978,0.200414568185806,0.200466814898055
79.004982117,0.20141164958477,0.200818229260107
79.015095563,0.200414568185806,0.201198793543975
79.024971386,0.202408745884895,0.201603224684478
79.035104092,0.202408745884895,0.202027853104808
79.044998334,0.202408745884895,0.202473969889113
79.055077585,0.202408745884895,0.202948058422968
79.06507074,0.202408745884895,0.203454926895854
79.075112345,0.203405827283859,0.203988948984512
79.085076984,0.204402923583984,0.204529993413277
79.095106184,0.206397086381912,0.20504815829523
79.104989336,0.205400004982948,0.20551505003661
79.11507429,0.206397086381912,0.205911576296329
79.124963246,0.205400004982948,0.206226181346492
79.134979433,0.206397086381912,0.206447900145774
79.145033959,0.207394182682037,0.206562456667813
79.155074225,0.207394182682037,0.206556951455389
79.165076039,0.207394182682037,0.206429436901997
79.175088833,0.206397086381912,0.20619432611024
79.184968305,0.206397086381912,0.205880983374178
79.195022414,0.204402923583984,0.205527842317182
79.205024716,0.205400004982948,0.205174128848469
79.21503455,0.204402923583984,0.204853735432545
79.224962402,0.204402923583984,0.204594435657939
79.235055378,0.204402923583984,0.204419094717266
79.245069946,0.203405827283859,0.204345639712098
79.255053067,0.203405827283859,0.204383988541312
79.265019676,0.204402923583984,0.204530908694257
79.274975606,0.205400004982948,0.204770558343801
79.285022193,0.204402923583984,0.205082090325254
79.295043593,0.206397086381912,0.205445347903955
79.305020667,0.205400004982948,0.205842397067945
79.315038863,0.205400004982948,0.206256623417284
79.324964802,0.207394182682037,0.206668464578655
79.335036866,0.207394182682037,0.207054764406602
79.344968414,0.207394182682037,0.207394805389769
79.355024069,0.208391278982162,0.20767421953172
79.365032336,0.207394182682037,0.207884538614293
79.375041422,0.208391278982162,0.208021328353337
79.3850279,0.208391278982162,0.208082423213841
79.395058269,0.207394182682037,0.208067692293811
79.405055639,0.208391278982162,0.207977748623791
79.415035574,0.209388360381126,0.20781425420642
79.425001259,0.207394182682037,0.207587076440334
79.434979166,0.206397086381912,0.207317641454101
79.444967165,0.208391278982162,0.207031650447707
79.454987307,0.206397086381912,0.206755280465275
79.465017367,0.206397086381912,0.206518320055181
79.475005957,0.205400004982948,0.206351791412735
79.48502528,0.206397086381912,0.206280772160031
79.494986764,0.205400004982948,0.206321062291348
79.504982148,0.206397086381912,0.20647920112749
79.514984228,0.206397086381912,0.206752864021179
79.524946326,0.207394182682037,0.207132814283226
79.534982028,0.207394182682037,0.207606438891964
79.544952427,0.207394182682037,0.208159072091558
79.554984241,0.209388360381126,0.208772041630512
79.564989279,0.209388360381126,0.209423040259228
79.575020206,0.21038544178009,0.210090531418089
79.584953899,0.21038544178009,0.210756024521953
79.59498636,0.212379619479179,0.211403333310329
79.604945802,0.211382538080215,0.212019170070501
79.615002356,0.212379619479179,0.212592775882645
79.624944801,0.212379619479179,0.213110917905823
79.634947534,0.214373797178268,0.213553805919921
79.64494708,0.214373797178268,0.213898840961173
79.654952405,0.213376700878143,0.214127303156217
79.664943269,0.215370878577232,0.214225160270368
79.675009755,0.214373797178268,0.214182338194729
79.68497212,0.214373797178268,0.213996029725837
79.695001828,0.214373797178268,0.213672947889913
79.704984891,0.213376700878143,0.213229241330502
79.715004559,0.212379619479179,0.212689248605797
79.724946592,0.212379619479179,0.212081445138826
79.734998796,0.211382538080215,0.21143506485772
79.74495368,0.21038544178009,0.210779465916265
79.75500933,0.21038544178009,0.210142992971919
79.764995419,0.208391278982162,0.209550727161501
79.774978086,0.208391278982162,0.209020548189744
79.784942806,0.208391278982162,0.208558337698789
79.794989675,0.208391278982162,0.208158586185644
79.804967705,0.208391278982162,0.207811590584192
79.815036967,0.207394182682037,0.207510693181738
79.824946003,0.207394182682037,0.207254418716163
79.834996104,0.207394182682037,0.207044945821564
79.844948602,0.206397086381912,0.206886914076911
79.854946652,0.206397086381912,0.206785215233274
79.864989675,0.207394182682037,0.206741693854466
79.874930906,0.207394182682037,0.206757278623193
79.884957396,0.206397086381912,0.206838164801431
79.894968401,0.205400004982948,0.206994101175638
79.904946005,0.207394182682037,0.207227350634911
79.914951925,0.207394182682037,0.207526732482861
79.924922733,0.207394182682037,0.207872033420256
79.934932853,0.208391278982162,0.208238433363555
79.944949263,0.209388345479965,0.208598690878953
79.954944306,0.208391278982162,0.208927543869698
79.964938601,0.209388345479965,0.209203583310984
79.974951543,0.209388345479965,0.209406478594641
79.984983313,0.21038544178009,0.209516626339098
79.994944475,0.209388360381126,0.209518974369496
80.004956508,0.209388360381126,0.209404805320201
80.014918378,0.209388360381126,0.209169143348675
80.02495408,0.209388360381126,0.208809267481567
80.034951731,0.208391278982162,0.20832708847403
80.04497546,0.207394182682037,0.207730149818018
80.05494687,0.208391278982162,0.207029883940662
80.064948385,0.206397086381912,0.206243572235706
80.074974273,0.205400004982948,0.205398428455783
80.084913078,0.204402923583984,0.204529489121541
80.094969301,0.204402923583984,0.203674711646621
80.104952664,0.202408745884895,0.202874498734555
80.114915022,0.201411664485931,0.202170897391734
80.124948195,0.201411664485931,0.201601672705113
80.134932254,0.200414568185806,0.201195019584813
80.144950305,0.200414568185806,0.200968123516604
80.154861356,0.200414568185806,0.200926353346625
80.164848258,0.200414568185806,0.201062731240368
80.174916361,0.200414568185806,0.201357571895695
80.184884122,0.202408745884895,0.201778442378331
80.194906379,0.202408745884895,0.202284813177085
80.204911803,0.202408745884895,0.20283540130762
80.214927805,0.204402923583984,0.203391077244729
80.224912856,0.203405827283859,0.203915495974693
80.234903509,0.204402923583984,0.204375590982208
80.244886097,0.205400004982948,0.204740058714859
80.25490396,0.205400004982948,0.204980502740251
80.2649038,0.205400004982948,0.205075887510753
80.2749635,0.205400004982948,0.205014265432123
80.284903352,0.204402923583984,0.204790885926222
80.294907562,0.204402923583984,0.204404277124619
80.304875872,0.204402923583984,0.203853077983872
80.31491954,0.204402923583984,0.203138957225045
80.324903011,0.202408745884895,0.202274299052216
80.334909804,0.202408745884895,0.201286631383556
80.344902907,0.200414568185806,0.200218169913693
80.354887862,0.198420390486717,0.199122536553003
80.364905789,0.197423309087753,0.198056476187998
80.37492661,0.197423309087753,0.197070797147493
80.384910526,0.195429131388664,0.196208656752542
80.39490503,0.195429131388664,0.19550749959593
80.404914855,0.1944320499897,0.194998443513155
80.414888694,0.192437872290611,0.194702327868079
80.424915734,0.1944320499897,0.19462180783454
80.434905727,0.1944320499897,0.194737045227422
80.444882909,0.195429131388664,0.195012892999275
80.4549057,0.195429131388664,0.195410009262332
80.46491394,0.196426212787628,0.195891300963932
80.474914085,0.196426212787628,0.196424461131755
80.484936188,0.197423309087753,0.196982675316908
80.494932583,0.197423309087753,0.197544173058612
80.50491368,0.198420390486717,0.198091196187969
80.514920649,0.199417471885681,0.19861017316526
80.524909159,0.199417471885681,0.199094791095938
80.53490881,0.199417471885681,0.199548266170328
80.544914277,0.198420405387878,0.19997833234852
80.554917014,0.20141164958477,0.200387569190774
80.564906468,0.200414568185806,0.200770869022444
80.574921508,0.20141164958477,0.201121333527112
80.584921219,0.20141164958477,0.201434101865141
80.594901348,0.20141164958477,0.201705579880379
80.604959517,0.202408730983734,0.201932135198221
80.614914386,0.202408730983734,0.202110983913683
80.624905802,0.202408730983734,0.202243336313721
80.634920017,0.202408745884895,0.202335873433869
80.644929245,0.203405827283859,0.202400513278727
80.654896399,0.201411664485931,0.202454963750455
80.664921984,0.202408730983734,0.202519850456299
80.674964275,0.202408745884895,0.202612075226121
80.684895505,0.202408745884895,0.202741947124359
80.694915055,0.203405827283859,0.202915076863113
80.704922509,0.202408730983734,0.203134842648839
80.714914693,0.203405827283859,0.203402646761153
80.724914543,0.203405827283859,0.203715888784236
80.734943268,0.203405827283859,0.204066283232821
80.744923598,0.204402923583984,0.204438594319222
80.754924255,0.205400004982948,0.204811294393036
80.764905353,0.205400004982948,0.205162097197829
80.774911285,0.205400004982948,0.205473490883603
80.7849224,0.206397086381912,0.20573341179949
80.794918018,0.205400004982948,0.205934058224045
80.804918857,0.206397086381912,0.206070429672969
80.814919526,0.206397086381912,0.206138772227456
80.824908597,0.206397086381912,0.206137687965178
80.834943151,0.206397086381912,0.206070658209361
80.844922948,0.205400004982948,0.205946029646706
80.854923137,0.205400004982948,0.205773071891126
80.86491664,0.206397086381912,0.205557925491376
80.874912923,0.205400004982948,0.205305876908227
80.884915327,0.204402923583984,0.205025852707407
80.894899445,0.204402923583984,0.204727748034926
80.904919478,0.205400004982948,0.20441770061389
80.914915044,0.204402923583984,0.204101694518222
80.924922562,0.203405827283859,0.203792054014423
80.934922109,0.203405827283859,0.203506088655834
80.944920539,0.203405827283859,0.203260597164431
80.954920413,0.202408730983734,0.203069829864266
80.964918976,0.202408730983734,0.202943940031814
80.97491543,0.202408730983734,0.202885003254059
80.984908199,0.203405827283859,0.202885704011899
80.994913741,0.203405827283859,0.202934613372118
81.004913999,0.202408730983734,0.20302288483957
81.014902631,0.202408730983734,0.203143313528047
81.024916958,0.203405827283859,0.203283273655151
81.034918937,0.203405827283859,0.20342230512695
81.044911527,0.204402923583984,0.203537277680592
81.054922808,0.204402923583984,0.203610238829617
81.06491719,0.204402923583984,0.203635397911612
81.074905634,0.203405827283859,0.203621598169168
81.084921379,0.203405827283859,0.203587737261799
81.094917342,0.203405827283859,0.2035549515009
81.104910158,0.202408745884895,0.203540518665709
81.114925798,0.204402923583984,0.203554414849549
81.124944851,0.203405827283859,0.203600832209048
81.134899904,0.204402923583984,0.203684430525275
81.144915273,0.203405827283859,0.203814578051952
81.15491649,0.203405827283859,0.204003484425568
81.164917136,0.203405827283859,0.204259365197111
81.174965557,0.204402923583984,0.204579723881812
81.184915189,0.204402923583984,0.204949920670495
81.194909933,0.205400004982948,0.205345777751983
81.204922323,0.207394182682037,0.205739185288894
81.21490743,0.205400004982948,0.206107160099293
81.224913575,0.207394182682037,0.206436948080465
81.234921576,0.205400004982948,0.206722330691649
81.244918663,0.207394182682037,0.206956716082214
81.254911097,0.207394182682037,0.20712980919646
81.264916793,0.207394182682037,0.207230671384181
81.274920923,0.207394182682037,0.207252083076668
81.284915456,0.208391278982162,0.207192440883549
81.294905785,0.207394182682037,0.20705927560638
81.304926196,0.206397086381912,0.206871751930935
81.314914729,0.206397086381912,0.206655374279653
81.32490583,0.206397086381912,0.206433821350625
81.334915822,0.207394182682037,0.206228000008438
81.344913113,0.205400004982948,0.206061827774409
81.354920349,0.205400004982948,0.205963696944483
81.36491054,0.205400004982948,0.205959145114498
81.374923979,0.206397086381912,0.206064752764436
81.384922371,0.205400019884109,0.206289382139367
81.394915417,0.206397086381912,0.206635803949268
81.404900187,0.206397086381912,0.207098553349654
81.414916135,0.207394182682037,0.20766193306991
81.424917547,0.207394182682037,0.208299618422512
81.434915226,0.208391264081001,0.208973564500368
81.44491892,0.21038544178009,0.209634101719436
81.45491717,0.211382538080215,0.210227295096918
81.464910607,0.211382538080215,0.210707904069704
81.474922523,0.211382538080215,0.211047084898077
81.484914166,0.212379619479179,0.211231757060915
81.494913763,0.211382538080215,0.211262840092996
81.504919906,0.211382538080215,0.211153974149533
81.514916153,0.211382538080215,0.210928082511975
81.524911308,0.21038544178009,0.210614159779427
81.534903803,0.21038544178009,0.210245152812684
81.544917536,0.209388360381126,0.209855025712636
81.554906531,0.209388360381126,0.209475661104408
81.56490983,0.209388360381126,0.209135548100963
81.574917734,0.208391278982162,0.208860914444583
81.584910562,0.207394182682037,0.208674734471953
81.594907586,0.208391278982162,0.208590432799487
81.604920657,0.208391278982162,0.208607772151105
81.61490679,0.208391278982162,0.208715956732171
81.624919557,0.209388360381126,0.208898651516529
81.634930144,0.209388360381126,0.209138456742095
81.644927516,0.208391278982162,0.209419817842242
81.65491131,0.209388360381126,0.209725436270721
81.664919031,0.209388360381126,0.210029184022251
81.674908641,0.211382538080215,0.210295188244743
81.684919525,0.211382538080215,0.210486284126774
81.694916859,0.21038544178009,0.210574597641814
81.704904852,0.211382538080215,0.210544388585138
81.714906358,0.211382538080215,0.210390349270253
81.72491089,0.21038544178009,0.210119617504327
81.734919541,0.209388345479965,0.209752322933772
81.744924071,0.209388345479965,0.209315238171909
81.754906576,0.208391264081001,0.208834765963743
81.764915306,0.209388345479965,0.208335360172876
81.774920161,0.207394182682037,0.20784283888091
81.784903449,0.206397086381912,0.207385447596271
81.794907657,0.207394182682037,0.206988161436288
81.804949876,0.205400004982948,0.206667596877201
81.814895874,0.205400004982948,0.206429694590445
81.824910873,0.206397086381912,0.206265892577692
81.834897714,0.206397086381912,0.206154294172589
81.844911023,0.206397086381912,0.206068635561769
81.854913723,0.206397086381912,0.205986195460448
81.864907455,0.205400004982948,0.205889846955918
81.87492,0.205400004982948,0.205764710350401
81.884911881,0.206397086381912,0.205593758443428
81.894918045,0.205400004982948,0.205359325133103
81.904914395,0.205400004982948,0.205048225601156
81.914895394,0.205400004982948,0.204654217836536
81.924930639,0.204402923583984,0.204179376255747
81.934907347,0.203405827283859,0.203634494886229
81.94490775,0.203405827283859,0.203035836050619
81.954907043,0.202408730983734,0.20240198448341
81.964918591,0.201411664485931,0.201753132163775
81.974916826,0.201411664485931,0.201109772572585
81.984915639,0.200414568185806,0.200491709088359
81.994906619,0.199417471885681,0.199918272400691
82.004905013,0.199417471885681,0.199406689857293
82.01491191,0.198420405387878,0.198969533248187
82.024911711,0.198420405387878,0.198613543722489
82.034917223,0.198420405387878,0.198339580345551
82.04490178,0.198420405387878,0.198144868079118
82.054911855,0.198420405387878,0.198027503205797
82.064912577,0.197423309087753,0.197989273432326
82.074913801,0.197423309087753,0.198032849260628
82.084925521,0.197423309087753,0.198154656481963
82.094909372,0.198420405387878,0.198340038503527
82.104909423,0.199417471885681,0.19856610706848
82.114897842,0.199417471885681,0.19881124315207
82.124911665,0.199417471885681,0.199063723884882
82.134911417,0.198420390486717,0.199321933891103
82.14489573,0.199417471885681,0.199586406791066
82.154915965,0.199417471885681,0.199851722831703
82.164932428,0.200414568185806,0.200104926756907
82.174921717,0.200414568185806,0.200329279364787
82.184911014,0.201411664485931,0.200509623237999
82.194904097,0.201411664485931,0.200638341938868
82.20491121,0.200414568185806,0.200719534268979
82.214910037,0.200414568185806,0.200766248677101
82.224916814,0.200414568185806,0.200792038338755
82.23489743,0.201411664485931,0.200805875993473
82.244908065,0.200414568185806,0.200814149569473
82.254912634,0.201411664485931,0.200824255875759
82.264915677,0.200414568185806,0.200845665372393
82.274906589,0.201411664485931,0.200889608289396
82.284909545,0.200414568185806,0.20096850308789
82.294907904,0.200414568185806,0.201093577837337
82.304906388,0.200414568185806,0.2012691290619
82.314898363,0.201411664485931,0.20148719519562
82.32490894,0.202408745884895,0.201729199903491
82.334910427,0.202408745884895,0.201974716229655
82.344916062,0.202408745884895,0.202209744002657
82.354908,0.201411664485931,0.202426937291949
82.364898941,0.203405827283859,0.202619393580958
82.374909278,0.202408730983734,0.2027774512979
82.3849105,0.202408730983734,0.202889993453249
82.394917137,0.203405827283859,0.202943858249307
82.404912639,0.203405827283859,0.202924234011695
82.414910476,0.203405827283859,0.202820266454955
82.424902489,0.202408745884895,0.202629542400446
82.434890108,0.202408745884895,0.202356360274172
82.444920729,0.202408745884895,0.202007810580064
82.454909049,0.202408745884895,0.201594206628102
82.464910878,0.200414568185806,0.201132393043106
82.474910789,0.200414568185806,0.200643771251259
82.484907819,0.200414568185806,0.200148024543256
82.494892492,0.199417471885681,0.199661382119359
82.504908455,0.199417471885681,0.199199024174847
82.514894143,0.198420405387878,0.198775987589212
82.524898088,0.198420405387878,0.198406241697116
82.534907593,0.197423309087753,0.198100943826142
82.544902116,0.197423309087753,0.197865597455386
82.554908155,0.197423309087753,0.197697225005525
82.564911366,0.198420405387878,0.197585422733976
82.574897792,0.197423309087753,0.197518667555584
82.584908749,0.197423309087753,0.197489439306742
82.594908408,0.197423309087753,0.197493076133234
82.604916367,0.197423309087753,0.197524488038944
82.614909509,0.197423309087753,0.197576815831333
82.624915007,0.197423309087753,0.197640839328404
82.634907682,0.198420405387878,0.197705286148863
82.644909115,0.198420390486717,0.197760868723841
82.654903639,0.197423309087753,0.197805609291808
82.664912374,0.197423309087753,0.197843685266547
82.674908837,0.198420405387878,0.19787916703777
82.684936256,0.198420405387878,0.197915169725987
82.694909474,0.198420405387878,0.197959659681881
82.704909615,0.197423309087753,0.198028562723044
82.714895423,0.197423309087753,0.19814070092649
82.724921099,0.198420405387878,0.198309546559545
82.734913954,0.198420405387878,0.198540708026951
82.744905476,0.198420390486717,0.198834889476479
82.75489585,0.199417471885681,0.199189584278543
82.764915423,0.199417471885681,0.199599469560665
82.774901558,0.200414568185806,0.200058186662836
82.784903993,0.200414568185806,0.200560283393869
82.794907615,0.200414568185806,0.201100796081779
82.804909595,0.202408730983734,0.201672591046732
82.814906667,0.203405827283859,0.202268188304424
82.82490757,0.202408730983734,0.202887517087268
82.834911637,0.202408730983734,0.203538499887532
82.84489684,0.204402923583984,0.204226506491671
82.854909254,0.204402923583984,0.20494711949293
82.864891449,0.206397086381912,0.205688763957338
82.874911787,0.205400004982948,0.20643735901804
82.884908271,0.207394182682037,0.207176597247342
82.894900109,0.209388360381126,0.207888100615756
82.904909204,0.208391278982162,0.2085583860506
82.91490877,0.208391278982162,0.209183729905219
82.924913633,0.21038544178009,0.209763939345159
82.93490426,0.211382538080215,0.210298354744633
82.944909991,0.21038544178009,0.210792037186217
82.954910627,0.211382538080215,0.21125891012588
82.964909544,0.211382538080215,0.211716443170737
82.974909502,0.212379619479179,0.212180865367572
82.984915427,0.211382538080215,0.212665225025235
82.994916894,0.212379619479179,0.213174701546744
83.004912136,0.213376700878143,0.213700260852905
83.014909908,0.215370893478394,0.214219837615908
83.02489734,0.214373797178268,0.214708540864676
83.034913876,0.215370878577232,0.215146380125358
83.044918318,0.215370878577232,0.215517366954888
83.054906038,0.216367959976196,0.2158070139025
83.064912625,0.215370878577232,0.216002549413313
83.074906475,0.216367959976196,0.216092198962321
83.084900534,0.217365056276321,0.216065128067722
83.094909062,0.215370893478394,0.215916250674759
83.104904865,0.216367974877357,0.215649491461497
83.114894693,0.215370893478394,0.215275621223078
83.124897232,0.214373797178268,0.21480987695798
83.134897974,0.214373797178268,0.214269164032784
83.144909512,0.213376700878143,0.213668547785953
83.154906793,0.213376700878143,0.213020668012349
83.164901725,0.212379619479179,0.212337763945116
83.174985283,0.212379619479179,0.211634703100544
83.184908189,0.21038544178009,0.210931405148604
83.194910418,0.21038544178009,0.210251684780955
83.204917783,0.209388360381126,0.209619422478665
83.214910272,0.207394182682037,0.20905423596568
83.224900226,0.209388360381126,0.208566193075692
83.23490166,0.207394182682037,0.208154478824585
83.244893607,0.208391278982162,0.207812453768069
83.254894172,0.207394182682037,0.207532477651948
83.264907264,0.207394182682037,0.207307951836955
83.274926532,0.206397086381912,0.207132720443751
83.284906467,0.207394182682037,0.206997976123803
83.294911333,0.206397086381912,0.206890787275993
83.304913227,0.207394182682037,0.20679576651153
83.314918401,0.207394182682037,0.206698818248681
83.324905179,0.205400004982948,0.206590615326396
83.334911915,0.207394182682037,0.206464794143906
83.344908964,0.206397086381912,0.206315038501943
83.354908369,0.206397086381912,0.206137807323976
83.364916396,0.206397086381912,0.205935539198227
83.374898856,0.205400004982948,0.205716420931824
83.384909871,0.205400004982948,0.205491988974547
83.394912303,0.205400004982948,0.205273733858554
83.404912554,0.204402923583984,0.205071135445922
83.414910784,0.205400004982948,0.204890906748825
83.424893502,0.205400004982948,0.204738571774456
83.434905826,0.203405827283859,0.204622218717882
83.44491022,0.204402923583984,0.204550364305467
83.454900167,0.204402923583984,0.204525098819348
83.46491134,0.204402923583984,0.204540947782064
83.474910484,0.205400004982948,0.204589418072236
83.484891923,0.204402923583984,0.204664024342779
83.494909932,0.204402923583984,0.204761968397675
83.504906417,0.205400004982948,0.20488127300216
83.514905625,0.204402923583984,0.205018731388865
83.52488051,0.205400004982948,0.205170053902817
83.534877571,0.206397086381912,0.205330960110057
83.544883363,0.205400004982948,0.205501931430492
83.554886407,0.205400004982948,0.205691392789131
83.564725786,0.205400004982948,0.205910689740488
83.574880829,0.205400004982948,0.206166007778547
83.58488165,0.206397086381912,0.206453669055318
83.594878892,0.207394182682037,0.206761361334028
83.604881608,0.207394182682037,0.207075364003063
83.614881909,0.207394182682037,0.207387365389822
83.62488104,0.207394182682037,0.207694499661825
83.634882297,0.207394182682037,0.207994096631215
83.644880107,0.208391278982162,0.208278532424215
83.654883865,0.208391278982162,0.20853424582889
83.664857757,0.209388360381126,0.208745091939076
83.674882475,0.209388360381126,0.208897648468743
83.684873915,0.209388360381126,0.20898612416391
83.694878227,0.208391278982162,0.209013147481768
83.704881617,0.208391278982162,0.208983913807249
83.714886776,0.209388360381126,0.20889896928374
83.724878247,0.208391278982162,0.208753505351954
83.734853466,0.209388360381126,0.208541841962589
83.744854899,0.208391278982162,0.208261881975102
83.754851845,0.207394182682037,0.207916973858769
83.76484917,0.207394182682037,0.207512571423882
83.77485355,0.207394182682037,0.207051608939737
83.784852453,0.206397086381912,0.206535114981885
83.794853375,0.207394182682037,0.205966678517264
83.804851882,0.205400004982948,0.20535806235998
83.814870126,0.204402923583984,0.204731874904475
83.824855349,0.205400004982948,0.204118387187117
83.834852202,0.202408745884895,0.203552640512494
83.844852289,0.202408745884895,0.203071235032654
83.854851231,0.202408745884895,0.202704138323866
83.864863818,0.201411664485931,0.202468734252755
83.874851747,0.202408745884895,0.202369495133929
83.884858825,0.202408745884895,0.20240027707019
83.89486079,0.202408745884895,0.202549119599547
83.904854781,0.202408745884895,0.202801675000004
83.914852656,0.202408745884895,0.20313953010721
83.924853231,0.202408745884895,0.203535059772197
83.934851573,0.204402923583984,0.203947209649187
83.944868345,0.205400019884109,0.204325426926289
83.954847633,0.205400004982948,0.204622565685185
83.964854443,0.206397086381912,0.204807155866611
83.974850376,0.204402923583984,0.20486799544306
83.984858479,0.204402923583984,0.204809047004677
83.994853873,0.204402923583984,0.204637565600328
84.00485487,0.204402923583984,0.204356043102593
84.014852541,0.204402923583984,0.203963172600508
84.024852079,0.203405827283859,0.203458498126605
84.034850083,0.203405827283859,0.202845456374612
84.044853346,0.202408730983734,0.202132787886625
84.054852746,0.20141164958477,0.20133554808855
84.06470225,0.200414568185806,0.200474204725941
84.074851028,0.200414568185806,0.199572830823044
84.084848819,0.199417471885681,0.198661251160635
84.094856779,0.197423309087753,0.197779292435942
84.104847083,0.196426212787628,0.19697455371928
84.114851306,0.196426212787628,0.196294196478874
84.124856814,0.195429131388664,0.195780377915822
84.134852889,0.1944320499897,0.195469696472554
84.144849088,0.1944320499897,0.195389174083174
84.154853066,0.195429131388664,0.19555067948535
84.164800117,0.195429131388664,0.195951187725588
84.17485258,0.195429131388664,0.196575986216038
84.184847939,0.196426212787628,0.197396949751308
84.194848091,0.198420405387878,0.198368849807205
84.204848165,0.199417471885681,0.199432239686199
84.214851095,0.200414568185806,0.200521205584206
84.224846043,0.202408730983734,0.20156925108163
84.234856114,0.203405827283859,0.202514646872706
84.244874112,0.203405827283859,0.203306595543294
84.254859072,0.204402923583984,0.203906861971369
84.264852718,0.204402923583984,0.204286608451773
84.27485511,0.205400004982948,0.20442454839601
84.284854362,0.205400004982948,0.20430968386271
84.294852871,0.204402923583984,0.203946412269552
84.304855062,0.204402923583984,0.203356909143389
84.314850106,0.203405827283859,0.202580668712165
84.324844966,0.201411664485931,0.201673374058662
84.334857411,0.199417471885681,0.200700319675426
84.344852049,0.200414568185806,0.199724596305189
84.354851058,0.198420390486717,0.198801961621276
84.364847737,0.197423309087753,0.197983752639215
84.374852286,0.196426212787628,0.197316086242581
84.384844316,0.196426212787628,0.196834270500216
84.39485261,0.196426212787628,0.196560736200764
84.404842713,0.195429131388664,0.19650708175606
84.414848949,0.195429131388664,0.196673145745189
84.424879717,0.197423309087753,0.197042871594017
84.43485316,0.198420390486717,0.197587555103763
84.444848884,0.197423309087753,0.198276780045926
84.454851033,0.199417471885681,0.19908303578423
84.464846344,0.200414568185806,0.199979293418575
84.474855144,0.200414568185806,0.200939373585863
84.484842599,0.202408745884895,0.201939037789803
84.494849628,0.202408745884895,0.202954391511201
84.50485099,0.204402923583984,0.203960764468839
84.514852804,0.205400004982948,0.204933903156537
84.524854814,0.206397086381912,0.205853984773853
84.534852684,0.207394182682037,0.206710287131131
84.544854525,0.207394182682037,0.207502930583974
84.55485571,0.207394182682037,0.208239264470811
84.56485408,0.208391278982162,0.208924933680073
84.57485434,0.21038544178009,0.209557472066178
84.584858631,0.21038544178009,0.21013027876068
84.594851929,0.211382538080215,0.210641715672425
84.604854639,0.211382538080215,0.211100143988783
84.614852723,0.211382538080215,0.211523563139397
84.624844159,0.21038544178009,0.211933679132097
84.634850672,0.211382538080215,0.21234408427861
84.64485178,0.213376700878143,0.21275143995191
84.65485117,0.213376700878143,0.213140011781132
84.664859781,0.214373797178268,0.213494308119955
84.674851718,0.213376700878143,0.21380684142889
84.684842225,0.213376700878143,0.214075986314456
84.694856296,0.214373797178268,0.214298069039982
84.70485076,0.214373797178268,0.214463032237999
84.714857197,0.215370893478394,0.214557752253427
84.724853531,0.214373797178268,0.214571914885629
84.734855921,0.214373797178268,0.214500075128619
84.744855559,0.214373797178268,0.214338779298487
84.754854043,0.215370878577232,0.214085484933788
84.764872556,0.213376700878143,0.213743316802861
84.774857954,0.214373797178268,0.213325072737137
84.784854119,0.212379619479179,0.212852417033802
84.794855095,0.211382538080215,0.21235131726162
84.80485195,0.212379619479179,0.21184463245305
84.814854217,0.21038544178009,0.211347971594193
84.82485749,0.211382538080215,0.210871018672414
84.83486871,0.21038544178009,0.210420026346199
84.844869146,0.21038544178009,0.210001247063147
84.854852244,0.208391278982162,0.209622497180415
84.864853472,0.209388360381126,0.209288751503908
84.874852367,0.208391278982162,0.208996921339708
84.884855013,0.209388360381126,0.208736355765412
84.894861809,0.209388360381126,0.208495126123307
84.904857554,0.207394182682037,0.208266980739633
84.914859008,0.208391278982162,0.208051240921741
84.924858437,0.207394182682037,0.207847089531798
84.934852004,0.207394182682037,0.20765023456884
84.944852833,0.207394182682037,0.207452000281967
84.954852951,0.207394182682037,0.207239628272174
84.964851896,0.207394182682037,0.206999286864119
84.974853362,0.207394182682037,0.206720708787064
84.984614977,0.206397086381912,0.206401064720681
84.994851959,0.205400004982948,0.206044295014827
85.004847104,0.205400004982948,0.205654648562516
85.014863924,0.205400004982948,0.205231003613385
85.024855005,0.205400004982948,0.204768530461953
85.034853302,0.205400004982948,0.204266384169092
85.044870166,0.203405827283859,0.203734858354277
85.054867512,0.203405827283859,0.203195352521878
85.064873641,0.202408730983734,0.202674253512953
85.074854116,0.20141164958477,0.202196932967198
85.084819932,0.20141164958477,0.201782684200937
85.094861295,0.20141164958477,0.201441433443594
85.104851857,0.20141164958477,0.201175806010133
85.11487154,0.200414568185806,0.20098567970556
85.124854059,0.200414568185806,0.200868532050207
85.13485285,0.20141164958477,0.200816898182317
85.144853476,0.200414568185806,0.200819609386256
85.154857764,0.200414568185806,0.20086432113484
85.164867829,0.200414568185806,0.200934950398835
85.174857912,0.20141164958477,0.201008264226636
85.184853627,0.20141164958477,0.201056585524752
85.194870418,0.20141164958477,0.201054442888898
85.204853895,0.20141164958477,0.200983089786069
85.214857833,0.20141164958477,0.200832066046303
85.224867336,0.201411664485931,0.200600817527033
85.234853595,0.199417471885681,0.200299260099429
85.244869184,0.200414568185806,0.1999433398018
85.254870443,0.199417471885681,0.199549380211865
85.264867044,0.199417471885681,0.199133529369539
85.274855442,0.198420390486717,0.198713331005988
85.284879707,0.198420390486717,0.198307108120242
85.294857505,0.197423309087753,0.197932112355946
85.30486989,0.197423309087753,0.19760238916179
85.314850349,0.197423309087753,0.197327334382484
85.324857087,0.197423309087753,0.19711329638656
85.3348655,0.196426212787628,0.196966690114721
85.344852984,0.197423309087753,0.196894502007459
85.354853738,0.196426212787628,0.196903362787465
85.364867813,0.196426212787628,0.196998368110231
85.374854456,0.196426212787628,0.197178883394492
85.384856544,0.197423309087753,0.197433905354082
85.394871857,0.198420390486717,0.197743632499375
85.404862001,0.198420390486717,0.19808746066837
85.414852675,0.198420390486717,0.198450830055631
85.424874401,0.198420405387878,0.19882469736997
85.434850497,0.199417471885681,0.199200582572287
85.444674407,0.198420405387878,0.199566705582416
85.454872411,0.201411664485931,0.199906751093865
85.464873733,0.201411664485931,0.200205477603271
85.474853689,0.201411664485931,0.200461456352578
85.484849692,0.200414568185806,0.200693948239872
85.494866465,0.200414568185806,0.200935968493145
85.504852975,0.200414568185806,0.201221112840961
85.514852977,0.20141164958477,0.201574129902072
85.524690118,0.20141164958477,0.202008582826643
85.534861079,0.203405827283859,0.202529783547961
85.544866228,0.202408730983734,0.203140045884049
85.554871517,0.203405827283859,0.20384081778444
85.564870809,0.203405827283859,0.204627667388835
85.574851224,0.205400004982948,0.205483417129505
85.584911431,0.206397086381912,0.206377499892193
85.59489271,0.207394182682037,0.207271907289769
85.604764751,0.208391264081001,0.208127723868438
85.614907591,0.209388345479965,0.208909028132436
85.624908453,0.21038544178009,0.209586260076645
85.634904797,0.209388345479965,0.210138461390731
85.644895244,0.211382538080215,0.210551035993332
85.654914181,0.21038544178009,0.210812133728592
85.664942984,0.211382538080215,0.210911957987116
85.674949063,0.21038544178009,0.210842619242819
85.68474119,0.211382538080215,0.210597425277607
85.6949111,0.21038544178009,0.210172418380827
85.704907479,0.211382538080215,0.209571602764697
85.714919318,0.209388360381126,0.208814572675877
85.724908434,0.207394182682037,0.207939786096935
85.734908847,0.206397086381912,0.206996445226459
85.744906257,0.205400004982948,0.206030845995063
85.754921723,0.205400004982948,0.205079479971496
85.764723504,0.204402923583984,0.20417193640805
85.774897323,0.203405827283859,0.203337530149131
85.784933814,0.201411664485931,0.202607051776695
85.794897632,0.202408745884895,0.202007683567252
85.804936476,0.199417471885681,0.201557073595523
85.814919884,0.200414568185806,0.201257373678911
85.824935211,0.201411664485931,0.201090248974916
85.834901473,0.201411664485931,0.201022092258757
85.844697234,0.201411664485931,0.201017139556746
85.854911872,0.20141164958477,0.201045879562432
85.86489784,0.20141164958477,0.201086788330057
85.874896442,0.20141164958477,0.201125948942052
85.884908779,0.201411664485931,0.201156333440715
85.894907136,0.200414568185806,0.201175731039164
85.904902494,0.201411664485931,0.201182175129885
85.914903624,0.201411664485931,0.201170917995522
85.924727875,0.201411664485931,0.201136980675182
85.934894828,0.201411664485931,0.201079397580103
85.944906015,0.201411664485931,0.201003262402358
85.954915916,0.200414568185806,0.200919574103391
85.964905366,0.200414568185806,0.200841458921707
85.974909011,0.200414568185806,0.200777893698275
85.984655283,0.201411664485931,0.200731309105346
85.994912336,0.200414568185806,0.200701544200743
86.004719502,0.201411664485931,0.200690787230134
86.014914436,0.200414568185806,0.200705499944091
86.024907105,0.200414568185806,0.200755258802555
86.034903064,0.200414568185806,0.20084838866186
86.044906323,0.200414568185806,0.200986868511842
86.054913724,0.201411664485931,0.201164340961826
86.064897826,0.201411664485931,0.201368522634295
86.074905296,0.202408730983734,0.201586806426101
86.084724305,0.201411664485931,0.201811302245344
86.094909113,0.202408730983734,0.20203957573446
86.104903117,0.20141164958477,0.202271244093226
86.114598087,0.202408730983734,0.202503152350836
86.124912691,0.203405827283859,0.202727143062091
86.134901967,0.203405827283859,0.20293446364638
86.144896825,0.203405827283859,0.203122983413629
86.154910527,0.203405827283859,0.203299421306186
86.164722815,0.203405827283859,0.203476605841462
86.174913497,0.202408730983734,0.203668290039637
86.184909316,0.204402923583984,0.203882622821051
86.19491051,0.204402923583984,0.204120644867282
86.204902753,0.205400004982948,0.204383606382388
86.21490845,0.204402923583984,0.204681099562609
86.224900726,0.203405827283859,0.205029349688181
86.234905314,0.205400004982948,0.205439480083653
86.244730547,0.206397086381912,0.205910029373896
86.254898676,0.205400004982948,0.206431472638839
86.264921271,0.207394182682037,0.206990868029989
86.274901891,0.208391278982162,0.20757282732258
86.284608839,0.207394182682037,0.208163663584617
86.294901264,0.208391278982162,0.208752407728431
86.304913729,0.209388360381126,0.209325018786687
86.314905318,0.21038544178009,0.209862624749362
86.324768461,0.21038544178009,0.210346745401651
86.334888154,0.21038544178009,0.210762615408372
86.344905721,0.211382538080215,0.211097009547658
86.354908758,0.212379619479179,0.211337495139113
86.36490809,0.211382538080215,0.211477353081565
86.374905317,0.211382538080215,0.21151847065761
86.38472332,0.211382538080215,0.211467045820923
86.394898032,0.212379619479179,0.211330016180137
86.404748082,0.21038544178009,0.211117391136946
86.414935129,0.21038544178009,0.210842408092188
86.424887462,0.212379619479179,0.210517981476475
86.434891326,0.21038544178009,0.210161063793104
86.44492013,0.209388345479965,0.209800645541845
86.454893831,0.208391278982162,0.209473135458201
86.464921323,0.208391278982162,0.209208510734573
86.474916599,0.209388345479965,0.209022429100186
86.484771161,0.208391278982162,0.208919023864645
86.494895189,0.208391278982162,0.208896113543291
86.504912095,0.209388345479965,0.208946093900416
86.514913192,0.208391278982162,0.209056502886044
86.524918042,0.208391278982162,0.209210413313067
86.534898691,0.209388360381126,0.209382958927159
86.544909106,0.21038544178009,0.209540978274672
86.554899423,0.21038544178009,0.209651577743129
86.564783685,0.21038544178009,0.209692316907215
86.574903933,0.209388360381126,0.209654378549714
86.584924083,0.21038544178009,0.209539164424991
86.594909514,0.209388360381126,0.209355128956266
86.604912589,0.208391278982162,0.209116172646947
86.614911863,0.21038544178009,0.208838797505755
86.624906966,0.208391278982162,0.208543032361718
86.634912973,0.207394182682037,0.208255451322598
86.644781887,0.207394182682037,0.208003286281249
86.65490453,0.207394182682037,0.207804405510877
86.664910299,0.207394182682037,0.207664549971212
86.674916348,0.207394182682037,0.207580160732775
86.684928338,0.207394182682037,0.207541374391205
86.694911811,0.207394182682037,0.207533912100453
86.704903927,0.208391278982162,0.2075413688125
86.714912566,0.206397086381912,0.207548180497072
86.724778475,0.207394182682037,0.207538313057802
86.734917621,0.208391278982162,0.207491333933375
86.74491835,0.207394182682037,0.207385472771917
86.754895518,0.207394182682037,0.207204117047621
86.764909908,0.207394182682037,0.206936908604328
86.774889109,0.207394182682037,0.206579734757073
86.784916624,0.206397086381912,0.206137786999436
86.794901421,0.205400004982948,0.20562647011632
86.804777949,0.204402923583984,0.205066088463028
86.814911524,0.205400004982948,0.204475311661487
86.824895099,0.203405827283859,0.203870967060302
86.834895452,0.203405827283859,0.203271130345993
86.844922298,0.202408730983734,0.202694536005974
86.854909593,0.202408730983734,0.202158567524955
86.864909277,0.20141164958477,0.201679406225975
86.874913748,0.200414568185806,0.201271333693397
86.884806126,0.200414568185806,0.200942217050431
86.894907611,0.200414568185806,0.200688876585373
86.904907281,0.200414568185806,0.200497490086771
86.914912984,0.200414568185806,0.200347778915171
86.92494011,0.201411664485931,0.200218588001576
86.934901361,0.200414568185806,0.200095229656572
86.944901819,0.200414568185806,0.199975007047681
86.95491118,0.199417486786842,0.199865897730008
86.96478763,0.199417486786842,0.199779786188933
86.974913299,0.199417486786842,0.199725420075632
86.984940261,0.199417486786842,0.199704867088228
86.994910625,0.199417486786842,0.199713324942743
87.004891583,0.200414568185806,0.199740924769953
87.0149149,0.199417471885681,0.199776610411281
87.024903299,0.199417471885681,0.199810307436269
87.034893077,0.199417471885681,0.199829638958257
87.044792705,0.199417471885681,0.199815389949551
87.054909326,0.200414568185806,0.19974130159005
87.064905906,0.200414568185806,0.199579922143213
87.074921284,0.200414568185806,0.199312371905792
87.084915119,0.199417486786842,0.198935909746342
87.094897296,0.199417486786842,0.198465666652906
87.104909135,0.197423309087753,0.197931903893953
87.114909776,0.197423309087753,0.197373822707505
87.124773106,0.196426212787628,0.196831986874846
87.134913138,0.196426212787628,0.196343881060529
87.144908961,0.195429131388664,0.195943111993533
87.1549124,0.195429131388664,0.195658832331424
87.164945286,0.1944320499897,0.195513364612968
87.174916938,0.1944320499897,0.195517433840569
87.184933465,0.195429131388664,0.195665222877821
87.194907094,0.195429131388664,0.195934347902921
87.204772633,0.197423309087753,0.196292195166753
87.214903623,0.196426212787628,0.196705071627656
87.224909214,0.197423309087753,0.197144172683781
87.234908945,0.197423309087753,0.197585062614655
87.24491392,0.198420405387878,0.198005236300377
87.254913013,0.198420405387878,0.198384258640206
87.264935331,0.199417486786842,0.198705638150127
87.274918742,0.199417486786842,0.198959529102634
87.284796314,0.199417486786842,0.199145264466788
87.29491186,0.199417486786842,0.199271265241353
87.304896257,0.198420405387878,0.199351023322422
87.314907868,0.199417486786842,0.199396340234051
87.324908866,0.199417486786842,0.199412879656269
87.334916024,0.199417486786842,0.199401785023284
87.344917021,0.199417486786842,0.199363271474722
87.354895684,0.199417486786842,0.199298176163066
87.364799146,0.199417486786842,0.19920876391767
87.374927775,0.200414568185806,0.19910139792898
87.384906356,0.198420405387878,0.19899099931357
87.394895391,0.198420405387878,0.198900524109036
87.404909092,0.198420405387878,0.198852511777228
87.414916816,0.198420405387878,0.198861534699682
87.42490644,0.199417486786842,0.198933741543834
87.434913755,0.199417486786842,0.199071873195946
87.444795694,0.199417486786842,0.199281614351299
87.45490911,0.199417486786842,0.199573883855052
87.464903886,0.199417486786842,0.199961601406197
87.474924805,0.199417486786842,0.200453369781892
87.484904188,0.20141164958477,0.201047819984249
87.494910561,0.20141164958477,0.201733768943396
87.504908014,0.203405827283859,0.202496217081585
87.514898735,0.203405827283859,0.203323087090135
87.524800386,0.203405827283859,0.20420767808865
87.534904811,0.204402923583984,0.205143110745281
87.544908888,0.206397086381912,0.206114235608789
87.554911635,0.207394182682037,0.207097779297703
87.564893938,0.208391278982162,0.208069729449898
87.57491457,0.208391278982162,0.209009828994399
87.58490613,0.21038544178009,0.209899686163546
87.594901111,0.211382538080215,0.210721538304918
87.604777736,0.21038544178009,0.21146070745653
87.614904954,0.212379619479179,0.212104189734459
87.624913468,0.213376700878143,0.212637021814903
87.634915645,0.213376700878143,0.213045963596805
87.64491104,0.213376700878143,0.213325502764385
87.65491711,0.213376700878143,0.213477172120562
87.664907945,0.213376700878143,0.213504939396669
87.674905386,0.214373797178268,0.213413275630532
87.68477227,0.213376700878143,0.213210474533401
87.694905772,0.212379619479179,0.212911821353348
87.704912271,0.212379619479179,0.212535812545252
87.714900555,0.212379619479179,0.212098414791869
87.724908905,0.211382538080215,0.211612940627812
87.734904614,0.211382538080215,0.211092568397435
87.744912952,0.209388345479965,0.210549926520272
87.754909985,0.209388360381126,0.209992149750595
87.7647889,0.21038544178009,0.209416464486501
87.774907361,0.208391278982162,0.208814106721042
87.784905377,0.208391278982162,0.208177318048684
87.794906562,0.209388360381126,0.207502941278784
87.804910258,0.207394182682037,0.206799331415694
87.814910388,0.205400004982948,0.206092621825652
87.824916453,0.205400004982948,0.205420241115787
87.834906541,0.204402923583984,0.204819104352465
87.844775478,0.205400019884109,0.204322309420115
87.854906033,0.203405827283859,0.203963592724547
87.864906439,0.202408745884895,0.203778253433842
87.874903705,0.203405827283859,0.203794551163261
87.884966852,0.203405827283859,0.204025465221895
87.894903143,0.203405827283859,0.204468212646816
87.904895176,0.205400019884109,0.205105983828637
87.914924081,0.205400019884109,0.205910618327139
87.924776692,0.206397086381912,0.206846548026224
87.934909735,0.207394182682037,0.207871289538963
87.944909662,0.209388345479965,0.208934550843425
87.954916546,0.21038544178009,0.209982132003232
87.964908294,0.211382538080215,0.210963006493828
87.974901053,0.212379619479179,0.211834064759705
87.984901325,0.212379619479179,0.212560913026758
87.99490401,0.213376700878143,0.213115630560611
88.004781801,0.214373797178268,0.213474872401818
88.014904169,0.215370878577232,0.213624200005435
88.024905289,0.213376700878143,0.213566451801936
88.034916532,0.214373797178268,0.213323826874107
88.044916303,0.212379619479179,0.212932281762531
88.054914468,0.212379619479179,0.212434419944325
88.064910647,0.212379619479179,0.211874142548126
88.074905992,0.211382538080215,0.211296169708747
88.084806296,0.21038544178009,0.210748191241271
88.09490953,0.209388345479965,0.210278088315589
88.104906033,0.209388345479965,0.209926564831402
88.114903204,0.209388345479965,0.209722161544001
88.124911984,0.209388345479965,0.209681798754036
88.134907213,0.208391264081001,0.209812284367636
88.144903486,0.209388345479965,0.210107141700702
88.154674279,0.21038544178009,0.210542600424034
88.164539945,0.211382538080215,0.211080837739638
88.174543239,0.211382538080215,0.211678302361107
88.18445859,0.212379619479179,0.21229060747873
88.194555789,0.213376700878143,0.212873543985333
88.204486787,0.213376700878143,0.213385095829066
88.214478374,0.213376700878143,0.213786735323987
88.224501269,0.215370893478394,0.214042237482774
88.234482257,0.215370878577232,0.214121430503437
88.244727301,0.214373797178268,0.21400960878805
88.254862842,0.214373797178268,0.213711285421382
88.264852299,0.212379619479179,0.213244601623217
88.274850685,0.212379619479179,0.212631628679484
88.284858389,0.212379619479179,0.2118908709774
88.294853344,0.211382538080215,0.211038172417543
88.304853209,0.21038544178009,0.210092989384114
88.314851651,0.209388360381126,0.209081721118125
88.324728463,0.207394182682037,0.208036332833425
88.334856351,0.206397086381912,0.206989045785924
88.344852668,0.205400004982948,0.205965110306475
88.354852897,0.205400004982948,0.204979646555288
88.364845923,0.204402923583984,0.204042006300732
88.37486265,0.203405827283859,0.203163335954407
88.38485187,0.202408745884895,0.202360473290778
88.394856266,0.201411664485931,0.201654582968356
88.4047797,0.199417471885681,0.201065507165135
88.414853427,0.200414568185806,0.200602761363811
88.424854553,0.200414568185806,0.200260758565236
88.434871694,0.199417471885681,0.200023383064151
88.444852553,0.200414568185806,0.199870075858005
88.454853624,0.200414568185806,0.199779754296342
88.464857083,0.199417471885681,0.199735595248815
88.474855443,0.199417471885681,0.199725805231455
88.484736793,0.200414568185806,0.199739407173452
88.494850794,0.199417471885681,0.199765245577012
88.504856108,0.200414568185806,0.199794452742325
88.514854972,0.199417471885681,0.199821314049972
88.524847022,0.200414568185806,0.199842710692366
88.534868345,0.200414568185806,0.199858902531764
88.544855268,0.200414568185806,0.199877026729351
88.554850898,0.198420405387878,0.199911997838532
88.564738878,0.200414568185806,0.199979377086791
88.574851312,0.200414568185806,0.200089196451146
88.584857375,0.199417471885681,0.200248381395842
88.594852955,0.200414568185806,0.200462308861491
88.604869836,0.200414568185806,0.200731383792689
88.614853561,0.201411664485931,0.201050464431696
88.624854278,0.200414568185806,0.201411133851868
88.634865468,0.201411664485931,0.201800312634712
88.644741337,0.202408730983734,0.202196723293079
88.654851426,0.203405827283859,0.20257342814447
88.664854375,0.202408730983734,0.20290554586761
88.674851773,0.203405827283859,0.203173091293217
88.684852288,0.204402923583984,0.203359434650012
88.694850894,0.203405827283859,0.203453726924402
88.704868171,0.203405827283859,0.203453663456994
88.71484795,0.203405827283859,0.203362196178312
88.724745631,0.203405827283859,0.203183549845253
88.734854963,0.204402923583984,0.202925111792481
88.744849247,0.202408745884895,0.202603767923192
88.754870449,0.202408745884895,0.202248553964
88.76485446,0.201411664485931,0.201895282940572
88.774850097,0.200414568185806,0.201577863428808
88.784855901,0.200414568185806,0.201319596833963
88.794856672,0.201411664485931,0.201127782448708
88.804742121,0.201411664485931,0.200997784359215
88.814851756,0.201411664485931,0.200923726934767
88.824853844,0.201411664485931,0.200906578120824
88.834872478,0.199417471885681,0.200954387467665
88.844851293,0.200414568185806,0.201073337943049
88.854855482,0.200414568185806,0.201256125730304
88.864851263,0.202408730983734,0.201479521759396
88.87485349,0.202408730983734,0.201713931071958
88.884744249,0.20141164958477,0.201934796553312
88.894852233,0.202408730983734,0.202124490847009
88.904869795,0.202408730983734,0.202267831707751
88.914853744,0.202408730983734,0.20235086662063
88.92487546,0.20141164958477,0.20236062473747
88.934870415,0.203405827283859,0.202282180020628
88.944854751,0.203405827283859,0.202101238671012
88.954869291,0.202408730983734,0.201815174996416
88.964747529,0.20141164958477,0.201439521761993
88.974859172,0.200414568185806,0.201001994257935
88.984860481,0.20141164958477,0.200533008502246
88.994851024,0.199417486786842,0.200062751287989
89.004868684,0.199417486786842,0.199621553867151
89.014850038,0.198420405387878,0.199236337165011
89.024851628,0.199417486786842,0.19892647847615
89.034415575,0.198420405387878,0.198705163722987
89.044751243,0.197423309087753,0.198581847318971
89.054868198,0.198420405387878,0.198558925018646
89.06485209,0.198420405387878,0.198627726822318
89.074854389,0.199417486786842,0.198771729363257
89.08485193,0.198420405387878,0.198973183277769
89.094853003,0.199417486786842,0.199215527204784
89.104872163,0.200414568185806,0.199483256230166
89.114851056,0.199417471885681,0.199764868195981
89.124749847,0.200414568185806,0.200055230778489
89.134869052,0.200414568185806,0.200353633788863
89.14485118,0.200414568185806,0.200661609725934
89.154868135,0.200414568185806,0.20098056058789
89.164851079,0.201411664485931,0.201307865644139
89.174855289,0.201411664485931,0.201635435565631
89.184858127,0.201411664485931,0.201950783628233
89.194853671,0.203405827283859,0.202238137774996
89.204785691,0.202408730983734,0.202482481705954
89.21485437,0.203405827283859,0.202675497899586
89.224851848,0.202408730983734,0.20281707763855
89.234874872,0.202408730983734,0.202911240053663
89.244856887,0.203405827283859,0.202960459451171
89.254854565,0.203405827283859,0.20296496568733
89.264854108,0.203405827283859,0.202928290623368
89.274852771,0.203405827283859,0.202862407331013
89.284755616,0.203405827283859,0.202789697082515
89.294511264,0.20141164958477,0.202741470128664
89.304852541,0.20141164958477,0.20274862871755
89.314854495,0.202408730983734,0.20282786276355
89.324853857,0.203405827283859,0.202977368074632
89.334874036,0.203405827283859,0.20318573333394
89.344854996,0.203405827283859,0.203442078463167
89.354852994,0.203405827283859,0.203738352790433
89.364756547,0.203405827283859,0.204065316746039
89.374855101,0.203405827283859,0.20440637371076
89.384851722,0.205400004982948,0.204733466518506
89.394856213,0.206397086381912,0.205012022763526
89.40487032,0.206397086381912,0.205215489974885
89.414852276,0.205400004982948,0.205336858605072
89.424853946,0.205400004982948,0.205387068966385
89.434870342,0.205400004982948,0.20538573901963
89.444784311,0.204402923583984,0.205353305315752
89.454852156,0.206397086381912,0.205306881186314
89.464852422,0.205400004982948,0.205262079658795
89.474851712,0.205400004982948,0.20523910194961
89.484856062,0.204402923583984,0.20526347134788
89.494854257,0.205400004982948,0.205359659553582
89.504875544,0.205400004982948,0.205546358687663
89.514851543,0.205400004982948,0.205836885253879
89.524758763,0.205400004982948,0.206239044688502
89.534879887,0.207394182682037,0.206752858377563
89.544851923,0.207394182682037,0.207372601860263
89.554879911,0.207394182682037,0.208091814249864
89.564850928,0.208391278982162,0.208902121299387
89.574847314,0.209388345479965,0.209787339141641
89.584854662,0.21038544178009,0.210721005822141
89.594854864,0.211382538080215,0.21166770901703
89.604795279,0.212379619479179,0.212584801782493
89.614857025,0.214373797178268,0.213425237102046
89.624854711,0.215370893478394,0.214145029019684
89.634871793,0.214373797178268,0.214712302619233
89.644859922,0.216367959976196,0.215109541716801
89.65487323,0.215370893478394,0.21533100251996
89.664850131,0.215370878577232,0.215380962943338
89.674857216,0.216367959976196,0.21527162964333
89.684766275,0.215370878577232,0.215023270240004
89.694856552,0.214373797178268,0.21466631121095
89.704869322,0.213376700878143,0.214237043012479
89.714855428,0.214373797178268,0.213768970208143
89.724854232,0.212379619479179,0.213289674142393
89.734870402,0.212379619479179,0.212821194828293
89.744849643,0.212379619479179,0.212378072882834
89.754872251,0.211382538080215,0.211966559946279
89.764767057,0.212379619479179,0.211587334345133
89.774853927,0.21038544178009,0.211238925140078
89.784855043,0.211382538080215,0.210919158078518
89.794857371,0.21038544178009,0.210624639309664
89.804871044,0.211382538080215,0.210352282175641
89.814853137,0.208391264081001,0.210101614726346
89.824857281,0.21038544178009,0.209871319057899
89.834876431,0.209388345479965,0.209654002901826
89.844767529,0.209388345479965,0.209437194347151
89.854867485,0.21038544178009,0.209208069646421
89.864852965,0.209388360381126,0.20895949202975
89.874851901,0.209388360381126,0.20869625093324
89.884854791,0.207394182682037,0.208434996762094
89.894852025,0.208391278982162,0.208196452584298
89.904866843,0.207394182682037,0.207997540717432
89.914853807,0.208391278982162,0.207849658975495
89.924770518,0.206397086381912,0.207760130988973
89.934867959,0.208391278982162,0.207731302396369
89.944856631,0.207394182682037,0.207759773525176
89.954868195,0.207394182682037,0.207838362995985
89.964879963,0.207394182682037,0.207955581530364
89.974863695,0.208391278982162,0.208092773404431
89.984471153,0.209388360381126,0.208227106522396
89.994854607,0.207394182682037,0.20833945605518
90.004771609,0.208391278982162,0.208415719537771
90.014849738,0.208391278982162,0.208440636082112
90.024868203,0.21038544178009,0.208397652852109
90.034850653,0.208391278982162,0.208279116754982
90.044856881,0.207394182682037,0.20809253618888
90.054852493,0.207394182682037,0.207852464915274
90.064853941,0.207394182682037,0.207568478676402
90.07486945,0.207394182682037,0.207242243421092
90.084774276,0.206397086381912,0.206870867737154
90.094854429,0.207394182682037,0.206449879028748
90.104848803,0.206397086381912,0.205977171080996
90.114868146,0.205400004982948,0.205457975878512
90.124853525,0.204402923583984,0.204904261888724
90.134855913,0.204402923583984,0.204328454542137
90.144851052,0.204402923583984,0.203740517839629
90.154873841,0.203405827283859,0.203152118956155
90.164775832,0.202408730983734,0.202581031277269
90.174866264,0.201411664485931,0.202048892842196
90.184852087,0.202408745884895,0.201575921980006
90.194857814,0.200414568185806,0.20118009612143
90.204840847,0.200414568185806,0.200877738850214
90.214852068,0.200414568185806,0.200679856949886
90.224854017,0.199417471885681,0.200587874865439
90.234870901,0.200414568185806,0.200591214812478
90.24477604,0.200414568185806,0.200666718017106
90.25486597,0.201411664485931,0.200782772861297
90.264855051,0.201411664485931,0.200907278098329
90.274854191,0.201411664485931,0.201014753626108
90.284877266,0.200414568185806,0.201087930675367
90.294851801,0.201411664485931,0.201113025508093
90.30484391,0.201411664485931,0.201075701636412
90.314856725,0.201411664485931,0.200963326623497
90.324806405,0.201411664485931,0.200769848911198
90.3348503,0.200414568185806,0.200498238411527
90.344847863,0.200414568185806,0.200159275073903
90.354852918,0.199417486786842,0.199767953411533
90.364880321,0.199417486786842,0.199339948990277
90.374851485,0.198420405387878,0.198889185092073
90.384878565,0.199417486786842,0.198427511668715
90.394410885,0.197423309087753,0.197967523424302
90.404809742,0.197423309087753,0.197524282743017
90.414852346,0.197423309087753,0.197113027011902
90.424857563,0.196426212787628,0.196747837865374
90.434854999,0.196426212787628,0.196442282094796
90.444842867,0.196426212787628,0.196209083728255
90.454852144,0.195429131388664,0.196059861829383
90.464870992,0.195429131388664,0.196003349765335
90.47485422,0.196426212787628,0.196041869005164
90.484809009,0.195429131388664,0.196171181791621
90.494321581,0.196426212787628,0.196382357204051
90.504853255,0.196426212787628,0.196661766671633
90.51485253,0.196426212787628,0.196990715806877
90.524852386,0.197423309087753,0.197345004700496
90.534856323,0.198420390486717,0.197696134674988
90.544851014,0.198420390486717,0.198017296404094
90.554861077,0.198420390486717,0.198289406936398
90.56481725,0.198420390486717,0.198501109031577
90.574345098,0.199417471885681,0.198645772325609
90.584862708,0.198420390486717,0.198721040023612
90.594500097,0.199417471885681,0.19872974819425
90.604855141,0.199417471885681,0.198680939844239
90.614848781,0.198420390486717,0.198592221014109
90.6248495,0.198420390486717,0.198489288900101
90.634855023,0.197423309087753,0.198399628757078
90.644787442,0.197423309087753,0.198343856600189
90.654867501,0.199417471885681,0.198330807689876
90.664868028,0.198420390486717,0.198362576451709
90.674355108,0.197423309087753,0.198442677961788
90.684852934,0.198420390486717,0.198574020960875
90.694695174,0.198420390486717,0.198751911267396
90.704905679,0.198420390486717,0.198962641609119
90.714906676,0.200414568185806,0.199186464137391
90.724849522,0.199417471885681,0.199403886159864
90.734898426,0.200414568185806,0.19960300423462
90.74491174,0.200414568185806,0.199782939524135
90.754896997,0.198420390486717,0.199952271901835
90.764939707,0.200414568185806,0.200121189972714
90.774402355,0.200414568185806,0.200293848302021
90.784913101,0.200414568185806,0.200470022879074
90.794926346,0.200414568185806,0.200649369687417
90.804853307,0.201411664485931,0.200831656327971
90.814913406,0.200414568185806,0.201016925392618
90.82490135,0.201411664485931,0.201205592755913
90.834901472,0.200414568185806,0.201395842917522
90.844912922,0.201411664485931,0.201579658106491
90.854898099,0.203405827283859,0.201742833348037
90.864924154,0.202408730983734,0.201874418675725
90.874451939,0.20141164958477,0.201976563375444
90.884331288,0.202408730983734,0.202061710284043
90.894897857,0.202408730983734,0.202145032118451
90.904905466,0.20141164958477,0.202242470256085
90.91490978,0.202408730983734,0.202368804004989
90.924901271,0.202408730983734,0.202534115674987
90.934912692,0.203405827283859,0.202744966003945
90.944905173,0.203405827283859,0.203010054320042
90.954903245,0.202408730983734,0.203343575076225
90.96485214,0.202408730983734,0.203759461445021
90.974666418,0.204402923583984,0.204260230519473
90.984904705,0.204402923583984,0.204833433041637
90.99491034,0.205400004982948,0.205457009911048
91.004932616,0.206397086381912,0.206104536313953
91.014905458,0.206397086381912,0.20674812859691
91.024895727,0.207394182682037,0.207359542098566
91.03489692,0.208391264081001,0.207910038116075
91.044857003,0.207394182682037,0.208370936678606
91.054916254,0.209388345479965,0.208712821105942
91.064899701,0.209388345479965,0.20890532723547
91.074860164,0.21038544178009,0.208923413509489
91.084892928,0.209388360381126,0.208756734014089
91.094905413,0.209388360381126,0.208414637271524
91.10489965,0.208391278982162,0.207925638708018
91.114912364,0.207394182682037,0.207333810513537
91.12485954,0.206397086381912,0.20669284192502
91.134920184,0.205400004982948,0.20605821861087
91.144910602,0.205400004982948,0.205480422320972
91.154900482,0.204402923583984,0.205002003185371
91.16492078,0.204402923583984,0.204657487970793
91.174921299,0.203405827283859,0.204472589413138
91.184909017,0.203405827283859,0.204460676783117
91.194907341,0.203405827283859,0.204617319176133
91.204852364,0.204402923583984,0.204916630413791
91.214905647,0.206397086381912,0.205314819750789
91.224909093,0.206397086381912,0.205762776187728
91.234867294,0.206397086381912,0.20621925373505
91.244855312,0.207394182682037,0.206655013290317
91.254867453,0.206397086381912,0.207050067638253
91.264870414,0.208391278982162,0.207389948854505
91.27463578,0.207394182682037,0.207664096177202
91.284804899,0.208391278982162,0.207866687373236
91.294868937,0.208391278982162,0.207997492228557
91.304854762,0.208391278982162,0.208062862270728
91.314856723,0.207394182682037,0.208075533163117
91.324854902,0.208391278982162,0.208050471605714
91.334868735,0.207394182682037,0.208000495205645
91.344855696,0.207394182682037,0.207934031033802
91.354870843,0.208391278982162,0.207853447528543
91.364837526,0.207394182682037,0.207756435090171
91.374878143,0.208391278982162,0.207640370677527
91.384854373,0.208391278982162,0.207507033171719
91.394856017,0.207394182682037,0.207367675119037
91.404871715,0.206397086381912,0.20724308774657
91.414853563,0.207394182682037,0.207155784657631
91.424855208,0.206397086381912,0.207123172895116
91.434868419,0.207394182682037,0.207156579302975
91.444806231,0.207394182682037,0.207263138415652
91.454873577,0.207394182682037,0.207448964399069
91.464869213,0.207394182682037,0.207720786687453
91.474868653,0.207394182682037,0.208083266785402
91.484853861,0.208391278982162,0.208534518216051
91.494854964,0.208391278982162,0.209063732294767
91.504849611,0.21038544178009,0.209652292655438
91.514853303,0.21038544178009,0.210278595256119
91.524831808,0.211382538080215,0.21092428072176
91.534875541,0.211382538080215,0.211576998323884
91.544854012,0.212379619479179,0.212228742705079
91.554870047,0.212379619479179,0.212872677948979
91.564871367,0.213376700878143,0.21349996980747
91.574868844,0.214373797178268,0.214098122157131
91.584850601,0.214373797178268,0.214652340112884
91.594853256,0.216367959976196,0.215148851699484
91.604839569,0.215370878577232,0.215579147827881
91.614859799,0.215370878577232,0.215941433150833
91.624854715,0.216367959976196,0.216235498620692
91.634867393,0.216367959976196,0.21645769767789
91.644857211,0.216367959976196,0.216601355390816
91.654866189,0.217365056276321,0.216658729529034
91.664869081,0.216367959976196,0.216623326075396
91.674867778,0.216367959976196,0.216491390427951
91.684811092,0.216367959976196,0.216260059916948
91.694852841,0.215370893478394,0.215924912545084
91.704870557,0.216367959976196,0.215479634380363
91.714850583,0.214373797178268,0.21491790255998
91.724860299,0.214373797178268,0.214234961559169
91.734871788,0.214373797178268,0.213427691893216
91.744852913,0.212379619479179,0.212497224971087
91.754869856,0.212379619479179,0.211452824420561
91.764845182,0.211382538080215,0.210314333026301
91.774870448,0.209388360381126,0.209115599438002
91.784856419,0.207394182682037,0.20790447489037
91.794852564,0.206397086381912,0.206734710199776
91.804874015,0.204402923583984,0.205655416483617
91.814856393,0.204402923583984,0.204703654120148
91.824855166,0.203405827283859,0.203901825600882
91.834870642,0.202408730983734,0.203259115962568
91.844821578,0.203405827283859,0.202773855833651
91.854870607,0.201411664485931,0.202436587972786
91.864873803,0.202408745884895,0.202232522312675
91.874872188,0.201411664485931,0.202140917571809
91.884858876,0.202408745884895,0.202134344574857
91.894846061,0.202408745884895,0.202180913633019
91.904854224,0.202408745884895,0.202248704601761
91.914852509,0.203405827283859,0.202310391312353
91.924815897,0.201411664485931,0.202346050662351
91.934855331,0.202408745884895,0.202340750745178
91.944871992,0.202408745884895,0.202278682817109
91.954850719,0.202408745884895,0.202142122608585
91.964854598,0.201411664485931,0.201914248355827
91.974874424,0.202408745884895,0.201579570881614
91.984852733,0.201411664485931,0.20112496282581
91.99485852,0.201411664485931,0.200544239607936
92.004850577,0.201411664485931,0.199843885421207
92.014852646,0.198420390486717,0.199047358578387
92.024851259,0.198420405387878,0.198192521715066
92.034858792,0.197423309087753,0.197323045911637
92.044879171,0.195429131388664,0.19648230456629
92.054853683,0.195429131388664,0.195708897936473
92.064852181,0.195429131388664,0.195032938377644
92.074852789,0.1944320499897,0.194478909028663
92.084268321,0.193434953689575,0.194070475022401
92.09490554,0.192437872290611,0.193827452850146
92.104906734,0.193434953689575,0.193757105325067
92.114910256,0.193434953689575,0.193849978730009
92.12490762,0.1944320499897,0.194084126440575
92.134907005,0.1944320499897,0.194432602520443
92.14491185,0.195429131388664,0.194869338378844
92.154900906,0.195429131388664,0.195372592200214
92.164877636,0.1944320499897,0.195923850082942
92.174905178,0.196426212787628,0.196500014472449
92.184902239,0.197423309087753,0.197067261741643
92.19490231,0.198420390486717,0.19758634800432
92.204913317,0.197423309087753,0.198022114702456
92.214907701,0.199417471885681,0.198346061839414
92.224897628,0.199417471885681,0.198536659023025
92.234918736,0.198420405387878,0.198583265605758
92.244881013,0.198420405387878,0.198486166206876
92.254908538,0.198420405387878,0.198250310370628
92.264909074,0.199417486786842,0.197883360013186
92.274903502,0.197423309087753,0.19740191442078
92.284907598,0.196426212787628,0.196835141361646
92.294909277,0.196426212787628,0.196218835139816
92.304419054,0.195429131388664,0.195588573265222
92.314914513,0.1944320499897,0.194977876914873
92.324867098,0.1944320499897,0.194416688363025
92.334909174,0.1944320499897,0.193930790431878
92.344895837,0.193434953689575,0.193545494650142
92.354907586,0.192437872290611,0.193287742027804
92.364915521,0.192437872290611,0.193180787167425
92.374904858,0.192437872290611,0.193236224008112
92.384906881,0.193434953689575,0.19345085340093
92.394899939,0.193434953689575,0.193809498345608
92.404788874,0.195429131388664,0.194291168889473
92.414910578,0.1944320499897,0.194876196625699
92.424913691,0.1944320499897,0.195548117521309
92.43492235,0.196426212787628,0.196286745218294
92.44490813,0.197423309087753,0.197063399800063
92.454908353,0.198420390486717,0.197846677136383
92.464903841,0.198420390486717,0.198610078738505
92.474902173,0.200414568185806,0.199334177881084
92.484822941,0.200414568185806,0.200007813348909
92.494850726,0.200414568185806,0.200630027001351
92.504854541,0.200414568185806,0.201206370933812
92.514878274,0.202408730983734,0.201740961473556
92.524861978,0.203405827283859,0.202236108168408
92.534855951,0.20141164958477,0.202699434675437
92.544853574,0.202408730983734,0.203142552019929
92.554872907,0.203405827283859,0.203569819039442
92.564854072,0.204402923583984,0.203974196694327
92.574867418,0.204402923583984,0.204344101809213
92.584854105,0.205400004982948,0.204670792968997
92.594852837,0.205400004982948,0.204952501488435
92.604866706,0.204402923583984,0.205195448663114
92.614848453,0.205400004982948,0.205409140121854
92.624857101,0.205400004982948,0.205599809318343
92.634866844,0.206397086381912,0.205769786123934
92.644830343,0.206397086381912,0.205922665368109
92.654869973,0.205400004982948,0.206067581678636
92.664869931,0.206397086381912,0.206217197615344
92.674867971,0.205400004982948,0.206381869073014
92.684856621,0.206397086381912,0.206565053628245
92.694849755,0.206397086381912,0.206761109313222
92.704868345,0.207394182682037,0.206956751933013
92.714852015,0.207394182682037,0.207136274876493
92.724831108,0.206397086381912,0.207285485354528
92.734868785,0.208391278982162,0.207390693707817
92.744852573,0.207394182682037,0.207438338467559
92.754870155,0.208391278982162,0.207419494544808
92.764868387,0.207394182682037,0.207334231831738
92.774866759,0.207394182682037,0.207192012989449
92.78485263,0.206397086381912,0.207008124737818
92.794852146,0.207394182682037,0.206798616187451
92.804861957,0.207394182682037,0.206580064259851
92.814869874,0.205400004982948,0.20637382927615
92.824853288,0.206397086381912,0.206205179405909
92.83485567,0.204402923583984,0.206095523505365
92.844869421,0.206397086381912,0.20605520784818
92.854856614,0.206397086381912,0.206083089905871
92.864852924,0.205400004982948,0.206172674833983
92.874866186,0.206397086381912,0.206315548310219
92.884839259,0.206397086381912,0.206499570894734
92.89485762,0.206397086381912,0.206708620678909
92.904870279,0.206397086381912,0.206922825734909
92.914859525,0.208391278982162,0.207118306962953
92.924851919,0.207394182682037,0.207272126158323
92.934874082,0.208391278982162,0.20737025604322
92.944856161,0.206397086381912,0.207409747355823
92.954869949,0.207394182682037,0.20739273081409
92.964853953,0.208391278982162,0.207320287535186
92.974867508,0.207394182682037,0.207195433410469
92.984859304,0.207394182682037,0.207029891159139
92.994854988,0.206397086381912,0.206843970958496
93.004868363,0.206397086381912,0.206660630954914
93.014853757,0.206397086381912,0.206499940743841
93.024857136,0.206397086381912,0.206377474717264
93.034885981,0.206397086381912,0.206306227819628
93.044854124,0.206397086381912,0.206299068146827
93.054871187,0.205400004982948,0.206368789718074
93.064868536,0.206397086381912,0.206524174773553
93.074866295,0.206397086381912,0.206765790490004
93.084883189,0.206397086381912,0.207085332659236
93.094852109,0.207394182682037,0.207465875406477
93.104853899,0.208391278982162,0.207883199991304
93.114869028,0.208391264081001,0.208311182490139
93.12484066,0.208391264081001,0.208726423673084
93.134850294,0.209388345479965,0.209107352752759
93.144868646,0.21038544178009,0.209433581242612
93.154850592,0.21038544178009,0.20969124184807
93.164852613,0.209388345479965,0.209878097348714
93.174869348,0.21038544178009,0.210000750943343
93.184853453,0.21038544178009,0.210069306686574
93.194855514,0.21038544178009,0.21009730459188
93.204844425,0.209388360381126,0.210102763527214
93.214870975,0.209388360381126,0.210103444741076
93.22485263,0.21038544178009,0.21010995887799
93.234853407,0.209388360381126,0.210124321426353
93.244872215,0.21038544178009,0.210142429527326
93.254854395,0.21038544178009,0.210156437496955
93.264851791,0.21038544178009,0.210158410656354
93.274870568,0.21038544178009,0.210144066815936
93.28484645,0.21038544178009,0.210114097770976
93.294858552,0.209388360381126,0.210073147397765
93.304852426,0.21038544178009,0.210026442525727
93.314871445,0.209388360381126,0.209976649887368
93.324855576,0.21038544178009,0.209923517728511
93.334770318,0.21038544178009,0.209866249470318
93.344867287,0.209388360381126,0.209807271703378
93.354852538,0.209388360381126,0.209752101740543
93.364849446,0.209388360381126,0.209703946865574
93.37486829,0.209388360381126,0.209659565422324
93.384853551,0.208391278982162,0.209607683624656
93.39485505,0.21038544178009,0.209527417497773
93.404858802,0.209388360381126,0.209390908897145
93.414868089,0.21038544178009,0.209171907346204
93.424855248,0.209388360381126,0.208854206392359
93.434851815,0.208391278982162,0.208435128662904
93.444863957,0.208391278982162,0.207923047571949
93.45484553,0.207394182682037,0.207332982320238
93.464851045,0.206397086381912,0.206684089452982
93.47486836,0.206397086381912,0.205997441898861
93.484852026,0.206397086381912,0.205296349823452
93.494851704,0.204402923583984,0.204611410222819
93.50485322,0.203405827283859,0.203981831175144
93.514866526,0.202408730983734,0.203447097762708
93.524851962,0.202408745884895,0.203036146231203
93.534848287,0.202408745884895,0.202762551545454
93.544873595,0.202408730983734,0.202626485265674
93.554853426,0.202408730983734,0.202619181976598
93.564859354,0.202408730983734,0.202725909520459
93.574875651,0.202408730983734,0.202926279158139
93.584851019,0.203405827283859,0.203193521949614
93.594852487,0.203405827283859,0.203495806091332
93.604876067,0.203405827283859,0.20379882942884
93.614868678,0.205400004982948,0.204067696988741
93.624853202,0.204402923583984,0.204271425034099
93.634853075,0.205400004982948,0.204389444079098
93.64486632,0.204402923583984,0.204414097588368
93.65485513,0.204402923583984,0.204348226995587
93.664851524,0.204402923583984,0.204200666432381
93.674874906,0.204402923583984,0.203983588566595
93.684858799,0.203405827283859,0.203712860708863
93.694853847,0.203405827283859,0.203407196113009
93.70485467,0.203405827283859,0.203085773889465
93.714870032,0.202408745884895,0.202767910846903
93.72488893,0.202408745884895,0.202473065192239
93.734851784,0.201411664485931,0.202218127594769
93.744867483,0.201411664485931,0.202012934665795
93.754860131,0.202408745884895,0.201857648910023
93.764855159,0.202408745884895,0.201747096597099
93.774870603,0.201411664485931,0.201679378358203
93.784854307,0.201411664485931,0.201658227322601
93.794851748,0.201411664485931,0.201687812083722
93.804852302,0.201411664485931,0.201767868162621
93.814867673,0.201411664485931,0.201891757177739
93.824965778,0.202408730983734,0.202046161873902
93.834924673,0.202408730983734,0.202213878533963
93.844900758,0.202408730983734,0.202378640965086
93.854900631,0.202408730983734,0.202527017190358
93.864914334,0.203405827283859,0.202647702839637
93.874906866,0.202408730983734,0.202732456594275
93.884901135,0.202408730983734,0.20277627090146
93.894905237,0.203405827283859,0.202774314519958
93.90491322,0.203405827283859,0.20272237495005
93.914881017,0.203405827283859,0.202623534171538
93.924909177,0.201411664485931,0.202491870481292
93.934906229,0.202408745884895,0.202346492346235
93.944896683,0.202408745884895,0.202203577323802
93.954903232,0.201411664485931,0.202075321739109
93.964868197,0.201411664485931,0.201970198313319
93.974927236,0.202408745884895,0.201890307249144
93.984911424,0.202408745884895,0.201833577259668
93.994897232,0.201411664485931,0.201800748849072
94.004908039,0.201411664485931,0.201796566255013
94.014898635,0.200414568185806,0.201822513880232
94.024913536,0.202408745884895,0.201868981330163
94.034910086,0.202408730983734,0.201916134160204
94.044897643,0.202408730983734,0.201943684393282
94.054913612,0.202408730983734,0.201939333374646
94.064895588,0.20141164958477,0.201899637052637
94.074907329,0.20141164958477,0.20182486262105
94.084905317,0.20141164958477,0.201711917560821
94.09491156,0.202408730983734,0.201552009901402
94.104910536,0.202408730983734,0.201337083678115
94.114922065,0.201411664485931,0.201069875718164
94.124911687,0.200414568185806,0.200767114253139
94.134906957,0.200414568185806,0.20045313170696
94.144900544,0.200414568185806,0.200152830966173
94.154914685,0.199417471885681,0.19989015466698
94.164918166,0.199417471885681,0.199687593206439
94.174908278,0.199417471885681,0.199563594433776
94.184905733,0.199417471885681,0.199531380658152
94.194914719,0.198420390486717,0.199598795351632
94.204906099,0.199417471885681,0.199764947660875
94.214904883,0.200414568185806,0.200017478161411
94.224905483,0.200414568185806,0.200337083367075
94.234904581,0.200414568185806,0.200704240742524
94.244928816,0.200414568185806,0.201099245665551
94.254901042,0.201411664485931,0.201497290771047
94.264908217,0.201411664485931,0.20186564623773
94.274927133,0.203405827283859,0.202166131369013
94.284911426,0.203405827283859,0.202363543451078
94.29489491,0.203405827283859,0.202436808383394
94.304911586,0.202408745884895,0.202384254098346
94.314898849,0.202408745884895,0.202219442887066
94.324910699,0.202408745884895,0.201964231784114
94.334912946,0.201411664485931,0.201645437286434
94.344898806,0.201411664485931,0.201293359480656
94.354905553,0.200414568185806,0.20093897814019
94.364911387,0.201411664485931,0.200611845498597
94.374897892,0.199417471885681,0.200340678703566
94.384908975,0.199417471885681,0.200152066840084
94.394893155,0.199417471885681,0.200064062953685
94.404911965,0.199417471885681,0.200080756324528
94.414934174,0.200414568185806,0.200192772441076
94.424924601,0.200414568185806,0.200382290939334
94.434908288,0.200414568185806,0.200628772814944
94.444897348,0.201411664485931,0.200911759335141
94.454897322,0.202408730983734,0.201213783317474
94.464898219,0.20141164958477,0.201526430536568
94.474895414,0.20141164958477,0.201851948870598
94.484909185,0.202408730983734,0.202196612349995
94.494906232,0.202408730983734,0.202565088406267
94.504903201,0.203405827283859,0.202961006971333
94.51493315,0.203405827283859,0.203389672886645
94.524914365,0.203405827283859,0.203858862319711
94.534901367,0.203405827283859,0.204374946608525
94.544896418,0.204402923583984,0.204935538009111
94.554895878,0.205400004982948,0.205525190165158
94.564911025,0.206397086381912,0.206118203094559
94.574895253,0.207394182682037,0.206686193757131
94.584920327,0.207394182682037,0.207205623917683
94.594914267,0.207394182682037,0.207660534213712
94.604903425,0.208391278982162,0.208039635339319
94.614911405,0.208391278982162,0.208333396421582
94.62488966,0.208391278982162,0.208534036041266
94.634895497,0.21038544178009,0.208637299556569
94.644931988,0.208391278982162,0.208647486427882
94.654907597,0.208391278982162,0.20858049262693
94.664897511,0.208391278982162,0.208458155330074
94.674133288,0.208391278982162,0.20830153117977
94.684910503,0.207394182682037,0.20812930706186
94.694179851,0.208391278982162,0.207956961029021
94.704931657,0.207394182682037,0.207796287076779
94.714909241,0.207394182682037,0.207656279418245
94.724897772,0.207394182682037,0.207542481550466
94.734929037,0.207394182682037,0.207455934742181
94.744895524,0.207394182682037,0.207394255750908
94.754909386,0.207394182682037,0.207353492387887
94.764914351,0.207394182682037,0.207329469748524
94.774904094,0.206397086381912,0.207317378493286
94.784911257,0.208391278982162,0.20730969782706
94.794260147,0.207394182682037,0.207297848706657
94.804914259,0.207394182682037,0.207277718850749
94.814913002,0.207394182682037,0.207251274783471
94.824763366,0.207394182682037,0.207224330835188
94.834732528,0.206397086381912,0.20720441099313
94.844749277,0.207394182682037,0.207197285281692
94.854778339,0.207394182682037,0.207204694101865
94.864752852,0.207394182682037,0.207227116455207
94.87476381,0.207394182682037,0.207267562081704
94.88491971,0.206397086381912,0.207331065427031
94.894461393,0.207394182682037,0.207419823137783
94.904908105,0.208391278982162,0.207530509848273
94.914920156,0.207394182682037,0.207659026040913
94.924905332,0.208391278982162,0.207806108283768
94.934895525,0.208391278982162,0.207978557365826
94.944912252,0.208391278982162,0.20819000965648
94.954895857,0.207394182682037,0.208459781740215
94.964911279,0.208391278982162,0.208805558259704
94.974910063,0.209388360381126,0.209236181564397
94.984917261,0.209388360381126,0.209752153142736
94.994617786,0.21038544178009,0.21034970063945
95.004905404,0.209388360381126,0.211020449123037
95.014908135,0.211382538080215,0.211745461955956
95.024910015,0.212379619479179,0.212490481180553
95.034897548,0.213376700878143,0.213209407938462
95.044912578,0.213376700878143,0.213851438781275
95.054899915,0.216367959976196,0.214366167627308
95.064909228,0.215370878577232,0.214711627758253
95.074909424,0.215370878577232,0.214863618957982
95.084911728,0.215370878577232,0.214816565081169
95.094888967,0.214373797178268,0.21457772271388
95.104909473,0.215370878577232,0.214162827798054
95.114908262,0.213376700878143,0.213595708673838
95.124910193,0.212379619479179,0.212907582963716
95.134897069,0.212379619479179,0.212131587979929
95.144918612,0.211382538080215,0.211298532075211
95.1548998,0.209388360381126,0.210437164880304
95.164911469,0.209388360381126,0.209571722211663
95.174929062,0.208391278982162,0.208717481533457
95.184896553,0.208391278982162,0.207881770155494
95.194905332,0.207394182682037,0.207070092405507
95.204915441,0.205400004982948,0.206290566202413
95.214909123,0.205400004982948,0.205551233891185
95.224909769,0.205400004982948,0.204855375965421
95.234899818,0.204402923583984,0.204203932852051
95.244894703,0.203405827283859,0.203600985899457
95.254893646,0.203405827283859,0.203054311959798
95.264127277,0.202408730983734,0.202573555253564
95.274939268,0.202408730983734,0.202169825247708
95.284909108,0.200414568185806,0.201853884987133
95.294917549,0.20141164958477,0.201630078236184
95.304907988,0.20141164958477,0.201491103797017
95.314905594,0.202408730983734,0.201421508022008
95.324945461,0.20141164958477,0.201407377093146
95.334905491,0.200414568185806,0.201440591909433
95.34490135,0.202408730983734,0.201513941018481
95.354904781,0.201411664485931,0.201617858550806
95.364898204,0.200414568185806,0.201741610072551
95.37490216,0.202408745884895,0.201869890477001
95.384908954,0.203405827283859,0.201981686610799
95.394919216,0.202408745884895,0.202060965993921
95.404906684,0.202408745884895,0.20210634355101
95.414904936,0.201411664485931,0.202128101667482
95.424907365,0.201411664485931,0.20213789616968
95.434894688,0.202408730983734,0.202140265229412
95.444897514,0.202408730983734,0.202132374154424
95.4549121,0.202408730983734,0.202110584862231
95.464906716,0.203405827283859,0.20207725089825
95.474905921,0.20141164958477,0.202045107237607
95.484901514,0.20141164958477,0.202035204746039
95.494908886,0.202408730983734,0.202068141733174
95.504918225,0.20141164958477,0.202158783728772
95.514909916,0.202408730983734,0.202316727634014
95.524907471,0.202408730983734,0.202546919155799
95.534900196,0.202408745884895,0.202850214031808
95.544903216,0.202408730983734,0.203222454591591
95.554911429,0.203405827283859,0.20365073533732
95.564889284,0.204402923583984,0.20411225673908
95.574913353,0.204402923583984,0.204578688267936
95.584909447,0.205400004982948,0.205021204898477
95.594908796,0.205400004982948,0.205412789030304
95.604903755,0.206397086381912,0.205729701046401
95.61489408,0.206397086381912,0.20595399235171
95.624906804,0.206397086381912,0.206076218458835
95.634900683,0.207394182682037,0.206097385099096
95.6449037,0.206397086381912,0.206031624483414
95.654906319,0.205400004982948,0.205906916196153
95.664910517,0.204402923583984,0.205756956440463
95.674947244,0.205400004982948,0.205607623768544
95.684925179,0.205400004982948,0.205470651276982
95.694904158,0.204402923583984,0.205346660747102
95.704911348,0.205400004982948,0.205228052877638
95.714902514,0.205400004982948,0.205100391953335
95.724906124,0.205400004982948,0.204947702799442
95.73490758,0.204402923583984,0.2047579754766
95.744903865,0.204402923583984,0.204522567643746
95.754898029,0.204402923583984,0.204232400792732
95.764906668,0.204402923583984,0.203877763072236
95.774913774,0.205400004982948,0.203454548673682
95.784913697,0.203405827283859,0.202974437288022
95.794903123,0.202408730983734,0.202469767158034
95.804905106,0.20141164958477,0.201986213445373
95.814908801,0.201411664485931,0.201570573200141
95.824125656,0.200414568185806,0.201263363793277
95.834853532,0.200414568185806,0.20109532329743
95.844843239,0.200414568185806,0.201084356921827
95.854853076,0.201411664485931,0.201234947663519
95.864842596,0.201411664485931,0.201542294719172
95.874852779,0.200414568185806,0.201995769251214
95.884920186,0.201411664485931,0.202573844715207
95.894920452,0.204402923583984,0.20323736992349
95.904122023,0.204402923583984,0.203936208760748
95.914904939,0.204402923583984,0.204623414563413
95.924158,0.205400004982948,0.20525939824434
95.934913151,0.206397086381912,0.205808356898107
95.944129956,0.207394182682037,0.206239699489283
95.95490646,0.206397086381912,0.206533893832801
95.964156655,0.206397086381912,0.206682776392052
95.974911548,0.207394182682037,0.206683416718282
95.984154013,0.207394182682037,0.206536317710376
95.99490132,0.205400004982948,0.206249350665422
96.004101709,0.206397086381912,0.205836829184164
96.014906588,0.205400004982948,0.205314883179788
96.024164579,0.205400004982948,0.204702104916972
96.03491197,0.204402923583984,0.204023801216443
96.044153719,0.202408745884895,0.203312823877109
96.054912378,0.202408745884895,0.202603798378022
96.06415136,0.202408745884895,0.201926706850541
96.074892104,0.200414568185806,0.201307068611397
96.084053804,0.200414568185806,0.200766810465249
96.094032531,0.200414568185806,0.200321324018711
96.104309426,0.200414568185806,0.199980185119441
96.114908431,0.199417471885681,0.19975252024215
96.124160036,0.199417471885681,0.199648852814841
96.134906565,0.198420405387878,0.199676581079033
96.144159607,0.199417486786842,0.199832866694769
96.154908638,0.200414568185806,0.200101442544738
96.164164556,0.200414568185806,0.200457387234277
96.174902803,0.200414568185806,0.200873570071157
96.184161109,0.201411664485931,0.201321317827056
96.194246022,0.202408745884895,0.20176982390333
96.204130407,0.201411664485931,0.202188866366068
96.214896784,0.203405827283859,0.202550185777746
96.224106792,0.203405827283859,0.202828147394508
96.234146425,0.203405827283859,0.203004232251885
96.244142837,0.203405827283859,0.203070580037101
96.254905761,0.203405827283859,0.203028984106803
96.264105015,0.202408730983734,0.202888151381852
96.274108711,0.203405827283859,0.202660536091028
96.284147793,0.202408730983734,0.202361232631041
96.294901853,0.202408730983734,0.202009993821487
96.304107977,0.202408730983734,0.201633398056831
96.314148054,0.200414568185806,0.201265406765842
96.324929343,0.200414568185806,0.200943108333339
96.334905104,0.200414568185806,0.200698293169569
96.344949944,0.200414568185806,0.200553390227887
96.354121905,0.199417471885681,0.200522453533995
96.364140523,0.201411664485931,0.20061144217297
96.374911581,0.200414568185806,0.200820129513874
96.384118749,0.201411664485931,0.201146813418961
96.394152808,0.201411664485931,0.201590510568263
96.404728888,0.200414568185806,0.202148011766831
96.414108068,0.202408745884895,0.202805850149387
96.424156519,0.204402923583984,0.203535242807304
96.434917281,0.204402923583984,0.204299569861325
96.444119128,0.205400004982948,0.20506569495141
96.454907968,0.207394182682037,0.205809238234072
96.464143872,0.206397086381912,0.206518400775011
96.474908314,0.207394182682037,0.207195497577202
96.484122682,0.207394182682037,0.207851160791498
96.494910178,0.207394182682037,0.20849517931896
96.504119042,0.209388360381126,0.209129118588949
96.514906558,0.21038544178009,0.209745863306424
96.524095467,0.209388360381126,0.210336054896643
96.534085206,0.211382538080215,0.210890962464368
96.54408437,0.211382538080215,0.211400636907544
96.554062998,0.211382538080215,0.211854142092131
96.564105882,0.213376700878143,0.212240753052399
96.574064903,0.212379619479179,0.212552339813132
96.584069978,0.212379619479179,0.212785820542138
96.594069172,0.213376700878143,0.21294055827584
96.604068138,0.213376700878143,0.213016065698907
96.614075982,0.212379619479179,0.213014009551347
96.624070776,0.213376700878143,0.212937914054153
96.634065785,0.212379619479179,0.212790531239976
96.644070905,0.212379619479179,0.21257278529471
96.654060929,0.212379619479179,0.212282925926749
96.664064095,0.211382538080215,0.211915880171086
96.674064574,0.212379619479179,0.211464164443108
96.684072292,0.211382538080215,0.210921772428829
96.694079597,0.211382538080215,0.210291155968453
96.704073621,0.209388360381126,0.209588080345595
96.714078078,0.209388360381126,0.208840296915608
96.724070146,0.207394182682037,0.208082349579771
96.734073047,0.207394182682037,0.207349936986378
96.744069819,0.206397086381912,0.20667579541968
96.75408117,0.205400004982948,0.206087708872071
96.764065345,0.204402923583984,0.205605339139646
96.774090123,0.204402923583984,0.2052340039576
96.784069591,0.205400004982948,0.204961642863743
96.794088458,0.204402923583984,0.2047641621468
96.804074988,0.205400004982948,0.204614085629032
96.814080501,0.204402923583984,0.204486339640328
96.824067598,0.204402923583984,0.204360374156083
96.834086482,0.203405827283859,0.204217809984172
96.844072983,0.205400004982948,0.204038707357751
96.854026916,0.204402923583984,0.203804791812333
96.864018102,0.204402923583984,0.203508707053268
96.874019031,0.203405827283859,0.203159039823241
96.884052751,0.202408745884895,0.202777265281504
96.894055024,0.201411664485931,0.202389099523388
96.904054235,0.201411664485931,0.20201385043794
96.913967853,0.201411664485931,0.201657925386191
96.924028077,0.202408745884895,0.201317427749667
96.93405425,0.201411664485931,0.20098836142035
96.944023274,0.200414568185806,0.200675192107305
96.95405001,0.200414568185806,0.20038985173922
96.964024111,0.199417471885681,0.200145055877979
96.974052667,0.199417471885681,0.199948342220442
96.984018239,0.200414568185806,0.199799260255495
96.994044697,0.199417471885681,0.199692218327597
97.004015298,0.199417471885681,0.199621013637693
97.014056769,0.200414568185806,0.199579843681866
97.024028361,0.198420390486717,0.199563555561209
97.034042078,0.200414568185806,0.199567253262487
97.044059899,0.199417471885681,0.199585375981036
97.054031387,0.199417471885681,0.199612996645194
97.064060292,0.199417471885681,0.199645490683855
97.074049876,0.199417471885681,0.199675364836978
97.084055384,0.199417471885681,0.199690331217971
97.094063889,0.200414568185806,0.199674123411185
97.104029722,0.200414568185806,0.199611623812818
97.114030149,0.199417471885681,0.199495956084954
97.124057367,0.200414568185806,0.199331197625678
97.134062365,0.198420390486717,0.199130828818667
97.144058633,0.198420390486717,0.198913167231357
97.154059274,0.198420390486717,0.198693549928368
97.164065473,0.199417471885681,0.198480866855806
97.174008113,0.198420390486717,0.198283429408064
97.184034678,0.197423309087753,0.198114698481309
97.194062757,0.198420390486717,0.19799072798335
97.204024003,0.197423309087753,0.197925655870719
97.213997738,0.197423309087753,0.197930222647002
97.224032029,0.197423309087753,0.198009080155427
97.234014578,0.198420390486717,0.19815800991853
97.24398802,0.198420390486717,0.198366253833993
97.254015197,0.198420390486717,0.198621385908926
97.263930479,0.198420390486717,0.198910311318449
97.274002121,0.199417471885681,0.199216645019323
97.284002728,0.200414568185806,0.199521364317768
97.294007216,0.199417471885681,0.199808392979044
97.304005943,0.200414568185806,0.200067552434818
97.314001998,0.200414568185806,0.20029255296699
97.324007806,0.200414568185806,0.200479533189934
97.334001129,0.200414568185806,0.200626296275749
97.343987761,0.201411664485931,0.200731014699121
97.354007372,0.201411664485931,0.200794417549602
97.364001802,0.200414568185806,0.20082415796813
97.37400598,0.201411664485931,0.200834709287205
97.384013236,0.200414568185806,0.200843947081635
97.394008547,0.201411664485931,0.200871419033159
97.404006223,0.200414568185806,0.200937942856639
97.414019402,0.200414568185806,0.201063487201732
97.423998438,0.200414568185806,0.201261599704355
97.434011172,0.202408730983734,0.201535290609614
97.443994231,0.20141164958477,0.201880718736892
97.454005407,0.20141164958477,0.202291987407671
97.463994696,0.203405827283859,0.202759173194866
97.474010404,0.203405827283859,0.203267640749286
97.484009158,0.203405827283859,0.203802814629486
97.49396929,0.203405827283859,0.204350123565955
97.503999873,0.205400004982948,0.204889108058595
97.513980858,0.205400004982948,0.205392605411682
97.524018234,0.207394182682037,0.205834089426083
97.534005974,0.205400004982948,0.206195753872298
97.54395245,0.207394182682037,0.206469907541694
97.553913636,0.207394182682037,0.206656678612528
97.56395271,0.206397086381912,0.206764805024812
97.574003115,0.206397086381912,0.206810227960659
97.583936212,0.206397086381912,0.206808364654542
97.593958236,0.207394182682037,0.206769030832354
97.603942307,0.206397086381912,0.206699012249851
97.613968315,0.207394182682037,0.206606778692368
97.623936104,0.206397086381912,0.206505193186375
97.633964276,0.206397086381912,0.20641200864852
97.643930862,0.204402923583984,0.206345238794579
97.653985798,0.206397086381912,0.206313076844278
97.663959735,0.206397086381912,0.206308631247597
97.673960404,0.207394182682037,0.206317268485765
97.683950544,0.206397086381912,0.206328723385753
97.693966553,0.206397086381912,0.206342296816102
97.703967413,0.206397086381912,0.206363984894877
97.713975659,0.205400004982948,0.20640085668728
97.723958578,0.205400004982948,0.20645393103765
97.733989925,0.207394182682037,0.206512114244568
97.74395947,0.207394182682037,0.206556466764454
97.753962124,0.206397086381912,0.206572352517278
97.763938215,0.207394182682037,0.206555245390061
97.773958114,0.205400004982948,0.206507805205569
97.783952247,0.206397086381912,0.206433621632894
97.793960878,0.206397086381912,0.206331589754371
97.803946617,0.206397086381912,0.206196172642026
97.813891203,0.207394182682037,0.206023571593763
97.823966191,0.206397086381912,0.205819902050414
97.833981423,0.204402923583984,0.205604779277784
97.843964028,0.206397086381912,0.205404874728002
97.853968008,0.204402923583984,0.205246322044581
97.863953436,0.204402923583984,0.205152078722026
97.87392059,0.205400004982948,0.205138446827547
97.883955313,0.205400004982948,0.205214257864201
97.893930215,0.204402923583984,0.205385021513294
97.903902195,0.205400004982948,0.205652582002104
97.913885043,0.205400004982948,0.206010169207304
97.923906397,0.206397086381912,0.206440765486122
97.933926708,0.207394182682037,0.206920266648819
97.943921495,0.206397086381912,0.207421809738174
97.953930177,0.208391278982162,0.207916459832179
97.963886461,0.209388360381126,0.208373452635041
97.973927458,0.208391278982162,0.208765874026299
97.98390145,0.209388345479965,0.209074459357227
97.993924365,0.21038544178009,0.209286087610705
98.003913189,0.209388360381126,0.209395301554419
98.013924062,0.209388345479965,0.209406479497735
98.023926575,0.209388360381126,0.209330161302822
98.033934695,0.209388360381126,0.209178746679903
98.043919829,0.209388360381126,0.208966660203418
98.05394351,0.208391278982162,0.208712083137556
98.06392327,0.208391278982162,0.208435974804408
98.073924601,0.208391278982162,0.208159327294383
98.083917641,0.207394182682037,0.207902193115422
98.093931964,0.207394182682037,0.207682734121618
98.103921221,0.207394182682037,0.207514559766982
98.113932892,0.207394182682037,0.207405952639429
98.123917287,0.207394182682037,0.20736201960411
98.133911088,0.207394182682037,0.207386934714751
98.143917656,0.207394182682037,0.207484824207686
98.153927005,0.208391278982162,0.207660513907559
98.163926768,0.206397086381912,0.207920043876276
98.173926561,0.208391278982162,0.208266888911675
98.183926255,0.209388360381126,0.208697750992868
98.193926183,0.208391278982162,0.209205802438849
98.203852362,0.209388360381126,0.209783507492777
98.213891824,0.21038544178009,0.210418547074646
98.223857458,0.21038544178009,0.211090956871113
98.233883954,0.211382538080215,0.211773087562592
98.243891942,0.212379619479179,0.212428856037649
98.253889418,0.213376700878143,0.213015516131516
98.263891643,0.215370878577232,0.213491329108485
98.273892368,0.213376700878143,0.213826002976813
98.28385797,0.214373797178268,0.214004129420423
98.293868039,0.214373797178268,0.214019586756109
98.303889866,0.214373797178268,0.213871837560346
98.313906982,0.214373797178268,0.213568243394641
98.323885335,0.213376700878143,0.213127111683648
98.333899637,0.213376700878143,0.21257865093112
98.343892453,0.211382538080215,0.211963437031698
98.353861811,0.21038544178009,0.211326450137088
98.363860478,0.209388360381126,0.210705886980968
98.373916446,0.21038544178009,0.210123823332129
98.383862948,0.209388360381126,0.20958724316537
98.393890587,0.209388360381126,0.209096320922484
98.403862189,0.208391278982162,0.208650495933499
98.413872462,0.207394182682037,0.208248317204308
98.423896423,0.208391278982162,0.207883707937651
98.433862141,0.206397086381912,0.207543991770178
98.443897362,0.208391278982162,0.207211148077744
98.453916464,0.207394182682037,0.206866551204443
98.463899209,0.206397086381912,0.206498206671958
98.473894407,0.206397086381912,0.206102893979585
98.483989277,0.205400004982948,0.205682129061321
98.493894499,0.205400004982948,0.205238647061988
98.503865348,0.205400004982948,0.204776046472307
98.513874995,0.204402923583984,0.204301540481775
98.523888081,0.203405827283859,0.203827756480389
98.5338517,0.203405827283859,0.203369458258822
98.543874474,0.202408730983734,0.202938912345193
98.553848925,0.202408730983734,0.202543589110976
98.563872251,0.202408730983734,0.202185963572237
98.573853141,0.201411664485931,0.201865260062081
98.583884927,0.20141164958477,0.201578434113577
98.593886527,0.201411664485931,0.20131907955206
98.603855778,0.201411664485931,0.201078290532953
98.613864253,0.200414568185806,0.200847604912368
98.623879616,0.201411664485931,0.200620232303043
98.633856464,0.201411664485931,0.200393368701631
98.643886706,0.199417471885681,0.200173034803566
98.653857271,0.199417471885681,0.199972220418863
98.663868887,0.199417471885681,0.199800909316292
98.673854562,0.199417471885681,0.199659676930729
98.683889066,0.200414568185806,0.199541989343659
98.69385163,0.199417471885681,0.199441213165821
98.703875186,0.198420390486717,0.19935449261925
98.713868282,0.200414568185806,0.199279639238082
98.723854462,0.198420390486717,0.199213035216424
98.733852817,0.198420390486717,0.199149936801569
98.743881559,0.199417471885681,0.19908066123828
98.753879468,0.199417471885681,0.19898938766882
98.76386828,0.199417471885681,0.198861061282235
98.773862642,0.199417471885681,0.19868875461487
98.783890161,0.198420405387878,0.198476454776603
98.793847289,0.197423309087753,0.198236075712975
98.803856486,0.198420405387878,0.19797996067867
98.81387139,0.197423309087753,0.197716609862459
98.823857091,0.198420405387878,0.197453371147595
98.833879572,0.197423309087753,0.197201931973335
98.843883366,0.197423309087753,0.196982444973755
98.853863499,0.196426212787628,0.196823360664772
98.863858796,0.195429131388664,0.196755224800068
98.873886987,0.196426212787628,0.19680054023716
98.883887521,0.195429131388664,0.19696574429025
98.893856471,0.198420405387878,0.197240182310719
98.903856642,0.197423309087753,0.197603270171022
98.913939295,0.198420405387878,0.198034723391727
98.923932964,0.197423309087753,0.198517636405263
98.93390094,0.199417486786842,0.199033490443977
98.94391497,0.199417471885681,0.199558726040704
98.953906448,0.200414568185806,0.200067261887352
98.963910173,0.200414568185806,0.200534159915143
98.973947163,0.201411664485931,0.200936995637145
98.983916053,0.202408745884895,0.201258082561297
98.993889737,0.200414568185806,0.201488001324898
99.003912716,0.202408745884895,0.201624180482173
99.013937184,0.200414568185806,0.201664743200133
99.023910758,0.202408745884895,0.201604329111808
99.033909775,0.201411664485931,0.201434611108667
99.043913251,0.201411664485931,0.201148297029014
99.053909232,0.201411664485931,0.200742796164243
99.063943718,0.201411664485931,0.200223665993085
99.073934438,0.199417486786842,0.199609175431028
99.083910737,0.199417486786842,0.198930547011645
99.093900401,0.198420405387878,0.198227489092466
99.103904331,0.196426212787628,0.197543676824804
99.113945557,0.197423309087753,0.196921389849024
99.123864535,0.196426212787628,0.196398393591716
99.133852162,0.195429131388664,0.196010156888961
99.143885949,0.195429131388664,0.19578999405177
99.153853056,0.1944320499897,0.195763743839589
99.163867314,0.195429131388664,0.195943608845376
99.17389385,0.195429131388664,0.196324627789763
99.183884459,0.196426212787628,0.196884877881423
99.19385525,0.197423309087753,0.197588192104801
99.20386113,0.199417471885681,0.198389826382228
99.213865845,0.199417471885681,0.199245781553773
99.223864132,0.199417471885681,0.200118720142819
99.23386744,0.20141164958477,0.200974756152032
99.243884871,0.20141164958477,0.20177853127805
99.253860238,0.203405827283859,0.202493935999508
99.26388441,0.204402923583984,0.203089897736342
99.273884108,0.204402923583984,0.203549302660197
99.283869578,0.203405827283859,0.203873706219292
99.293886692,0.204402923583984,0.204077554686
99.303854088,0.203405827283859,0.204178535713705
99.313891661,0.204402923583984,0.204191762180482
99.323865341,0.204402923583984,0.204128794712523
99.333863309,0.203405827283859,0.203999875640268
99.343872102,0.204402923583984,0.203815152379906
99.353864422,0.203405827283859,0.203584660690414
99.363886283,0.202408745884895,0.203318171360536
99.373869442,0.203405827283859,0.203022053794823
99.383889308,0.203405827283859,0.202698254819142
99.393851588,0.202408745884895,0.202350540613856
99.403861141,0.202408745884895,0.201989986913539
99.413879238,0.201411664485931,0.201634307971875
99.42385653,0.201411664485931,0.20130475098051
99.433852886,0.201411664485931,0.201024167977665
99.443854697,0.200414568185806,0.200817154205958
99.453868357,0.200414568185806,0.200709132235326
99.463870939,0.200414568185806,0.200722553451115
99.473868649,0.199417486786842,0.200872355383474
99.483884071,0.20141164958477,0.20116156605726
99.493853527,0.20141164958477,0.201580739725029
99.50386296,0.20141164958477,0.202112483834957
99.513865944,0.203405827283859,0.202734639430197
99.523867542,0.203405827283859,0.203422449220295
99.533870125,0.203405827283859,0.204151476958765
99.54385657,0.205400004982948,0.204896499009005
99.553866274,0.205400004982948,0.205629532525095
99.563865335,0.207394182682037,0.206322826363788
99.573846476,0.207394182682037,0.206954738997374
99.583881542,0.207394182682037,0.207513756360985
99.593869481,0.207394182682037,0.207995793025795
99.603865738,0.209388360381126,0.208397684653151
99.613888668,0.208391278982162,0.208716252631449
99.623866608,0.208391278982162,0.208950381820854
99.63387087,0.21038544178009,0.209099566860418
99.643888527,0.208391278982162,0.209164237749466
99.65384918,0.21038544178009,0.20914918993153
99.663871258,0.208391278982162,0.209064801759702
99.673884203,0.209388360381126,0.208925925051412
99.683885683,0.208391278982162,0.208749558918301
99.693858529,0.208391278982162,0.208552335314454
99.703864979,0.207394182682037,0.208347483360883
99.713868712,0.208391278982162,0.208140952780712
99.723870529,0.208391278982162,0.207931729491861
99.73385916,0.207394182682037,0.20771753217368
99.743870228,0.207394182682037,0.207497943254275
99.753870213,0.206397086381912,0.20727103556654
99.763869891,0.208391278982162,0.207030128993325
99.773867723,0.207394182682037,0.206768659937385
99.783886446,0.207394182682037,0.20649061747372
99.793865898,0.206397086381912,0.206216030931496
99.803868548,0.205400004982948,0.205977412642148
99.813882557,0.205400004982948,0.205810723802952
99.823859275,0.205400004982948,0.205746861187489
99.83386231,0.205400004982948,0.205808265964597
99.843870631,0.206397086381912,0.206010037015625
99.85387514,0.206397086381912,0.206363744409263
99.863883926,0.205400004982948,0.206879629553272
99.873872286,0.206397086381912,0.207560334344745
99.883874812,0.207394182682037,0.208389962887192
99.893847376,0.209388345479965,0.209330397102091
99.903854761,0.211382538080215,0.210329195226224
99.913873912,0.21038544178009,0.211331888142219
99.923852608,0.212379619479179,0.212286473079567
99.933867071,0.214373797178268,0.213141209086459
99.943876723,0.214373797178268,0.213848698955797
99.953866995,0.214373797178268,0.214373354870134
99.963875831,0.215370893478394,0.214691309641925
99.973848227,0.215370878577232,0.214787480979793
99.983869502,0.215370893478394,0.214656914326848
99.993859125,0.214373797178268,0.214306755192639
100.003865696,0.214373797178268,0.21375498107376
100.013872623,0.214373797178268,0.213029709084947
100.023865758,0.213376700878143,0.212173978214495
100.033855329,0.21038544178009,0.211250089195004
100.043881573,0.209388345479965,0.21033200226321
100.05386256,0.209388345479965,0.209489827425754
100.063883526,0.207394182682037,0.20878082251026
100.073868516,0.207394182682037,0.208246829450614
100.083877828,0.207394182682037,0.207911693165165
100.093864368,0.208391278982162,0.207783077150178
100.103867999,0.207394182682037,0.207860788185473
100.11386438,0.206397086381912,0.208140816419208
100.123886641,0.207394182682037,0.208607144454271
100.133845686,0.208391264081001,0.209220722579765
100.143868494,0.21038544178009,0.209919245054377
100.153878034,0.211382538080215,0.21062855564321
100.163853568,0.212379619479179,0.211277653828033
100.173870654,0.212379619479179,0.211809485640227
100.183874509,0.211382538080215,0.212182316788993
100.193871665,0.212379619479179,0.212361562265126
100.203854738,0.212379619479179,0.212310949171515
100.213853236,0.214373797178268,0.211994381251456
100.223856844,0.212379619479179,0.211389252547468
100.233857787,0.211382538080215,0.210498653301597
100.243872224,0.209388360381126,0.209350955542325
100.253857339,0.208391278982162,0.207990671236757
100.263859258,0.206397086381912,0.206470623233434
100.273877797,0.205400004982948,0.204848524219629
100.283875628,0.203405827283859,0.203186882747008
100.293853236,0.201411664485931,0.201553698898559
100.30377985,0.199417471885681,0.200019984370052
100.313879397,0.197423309087753,0.198652694988884
100.323855202,0.196426212787628,0.197505602422445
100.33385374,0.195429131388664,0.196612057419561
100.343874933,0.196426212787628,0.195983855716867
100.35385342,0.1944320499897,0.195616831217177
100.363885292,0.195429131388664,0.19549627808992
100.37386301,0.195429131388664,0.195598278694992
100.383885836,0.195429131388664,0.195891188111193
100.393860891,0.195429131388664,0.196336447457338
100.403836537,0.197423309087753,0.196886750790495
100.413885662,0.197423309087753,0.197487672255561
100.423850451,0.199417486786842,0.198085054689197
100.433854954,0.199417471885681,0.19863396075621
100.443883528,0.199417471885681,0.199104965471381
100.453844644,0.200414568185806,0.199484720107175
100.46388835,0.200414568185806,0.19977403983435
100.473885342,0.199417471885681,0.199986453535011
100.483854545,0.200414568185806,0.200143259933135
100.493853634,0.200414568185806,0.200267492108629
100.503849035,0.199417471885681,0.200381675628122
100.513884084,0.201411664485931,0.200506280949025
100.52385351,0.200414568185806,0.200659728036098
100.533849783,0.200414568185806,0.200860828179136
100.543883832,0.200414568185806,0.201126657812202
100.553867958,0.200414568185806,0.201465488980787
100.563886346,0.201411664485931,0.20187107988463
100.57388625,0.202408730983734,0.20232216477778
100.583887262,0.203405827283859,0.20278859851149
100.593853044,0.204402923583984,0.203241904602774
100.603852047,0.204402923583984,0.203665481126588
100.61386902,0.203405827283859,0.20405836897583
100.623855611,0.203405827283859,0.204427621819974
100.633853946,0.205400004982948,0.204775968488595
100.643891257,0.204402923583984,0.205097928682541
100.653854523,0.206397086381912,0.205384365395004
100.663886939,0.205400004982948,0.205627634023435
100.673870909,0.206397086381912,0.205824831033215
100.683869494,0.205400019884109,0.205977951609896
100.693863831,0.205400019884109,0.206089698154457
100.703852063,0.206397086381912,0.206157577596908
100.713869534,0.205400019884109,0.2061715644703
100.723870877,0.207394182682037,0.20611672516562
100.733851874,0.206397086381912,0.205979669779303
100.743900953,0.206397086381912,0.205756443190589
100.753880386,0.204402923583984,0.205454147402958
100.763849485,0.205400004982948,0.205083725851162
100.773882831,0.205400004982948,0.204654379367334
100.783881018,0.204402923583984,0.204177349037424
100.793865357,0.204402923583984,0.203672241620323
100.803852018,0.202408730983734,0.203167685203306
100.813860742,0.202408730983734,0.202695893421889
100.823882216,0.201411664485931,0.20228454416465
100.833855675,0.201411664485931,0.201950649333018
100.843852145,0.201411664485931,0.201698531032365
100.853872821,0.202408730983734,0.201522883579899
100.863852397,0.20141164958477,0.201416797444449
100.873865311,0.200414568185806,0.201376864874197
100.883850868,0.20141164958477,0.201398869730644
100.893857119,0.20141164958477,0.201472086859513
100.90385096,0.20141164958477,0.201580248069982
100.913853789,0.202408730983734,0.201705437480526
100.923871853,0.20141164958477,0.201831265261761
100.933855705,0.202408730983734,0.201944347171774
100.943906313,0.202408730983734,0.202034420864414
100.953926664,0.202408730983734,0.202096016689524
100.963896337,0.202408730983734,0.202130564410054
100.973895451,0.202408730983734,0.202146393347581
100.983911473,0.20141164958477,0.202156595716896
100.993908146,0.20141164958477,0.202173281644309
101.003905155,0.203405827283859,0.202201963585999
101.013948248,0.202408730983734,0.202245099040083
101.023914461,0.202408730983734,0.202310683617459
101.03390213,0.202408745884895,0.202413890096784
101.043936993,0.202408730983734,0.202572885056427
101.05391879,0.201411664485931,0.202803818229028
101.0638936,0.202408745884895,0.203113335378116
101.073901357,0.203405827283859,0.203492306172299
101.0839234,0.204402923583984,0.203918600494554
101.093918923,0.205400004982948,0.204367758980643
101.103917544,0.204402923583984,0.204822687370496
101.113919537,0.204402923583984,0.205273563780783
101.123919703,0.206397086381912,0.205709639326998
101.133910406,0.205400004982948,0.206115088054743
101.143905529,0.207394182682037,0.206471813318316
101.153852953,0.207394182682037,0.20676424389487
101.163859209,0.208391278982162,0.20698645184086
101.173852671,0.206397086381912,0.207147892226192
101.18388661,0.207394182682037,0.207269921658731
101.193853714,0.206397086381912,0.207375568357646
101.203858883,0.207394182682037,0.207481436009529
101.21391761,0.208391278982162,0.207596611853913
101.223873947,0.207394182682037,0.207728239396051
101.233867637,0.208391278982162,0.207886914816175
101.243860555,0.207394182682037,0.208086427080123
101.253869179,0.207394182682037,0.208338938366338
101.263852545,0.207394182682037,0.208646682116559
101.273854063,0.21038544178009,0.208996599061369
101.28386606,0.21038544178009,0.209368464337023
101.293870427,0.209388360381126,0.209750106183269
101.303855674,0.209388345479965,0.2101402137484
101.31385263,0.21038544178009,0.210537643745784
101.323891426,0.21038544178009,0.210933182186321
101.333867895,0.211382538080215,0.211309144355042
101.343849197,0.212379619479179,0.211643058275447
101.353871113,0.213376700878143,0.21191576664333
101.363850959,0.212379619479179,0.212121700865871
101.373854102,0.211382538080215,0.212271080167194
101.383849678,0.211382538080215,0.212378858538992
101.393852489,0.214373797178268,0.212453499769825
101.403858202,0.212379619479179,0.212501198338021
101.413707217,0.212379619479179,0.212536096868904
101.423873472,0.213376700878143,0.212580445720551
101.433852946,0.212379619479179,0.212660993689326
101.443850568,0.211382538080215,0.212806449267181
101.453862814,0.212379619479179,0.213038883851414
101.463852197,0.213376700878143,0.213365150361879
101.473854254,0.213376700878143,0.213778484776021
101.483871064,0.214373797178268,0.214264856959159
101.493849798,0.212379619479179,0.21480360315317
101.503854756,0.217365056276321,0.215362630136539
101.513860274,0.217365056276321,0.215903176186183
101.523852217,0.216367959976196,0.216397393118522
101.533858956,0.216367959976196,0.216835660126443
101.54385785,0.217365056276321,0.217216233345781
101.553850393,0.217365056276321,0.21753599546216
101.563857239,0.217365056276321,0.217789029815393
101.573848487,0.218362137675285,0.217966510169168
101.583867466,0.218362152576447,0.218058032422386
101.593852824,0.21935923397541,0.218057196811272
101.603850587,0.217365056276321,0.217967647756798
101.613854547,0.217365056276321,0.21780173505534
101.623867496,0.217365056276321,0.21757173349444
101.633853118,0.217365056276321,0.217283996226997
101.643854243,0.216367959976196,0.21693979798264
101.653867219,0.217365056276321,0.216537453003265
101.663851276,0.216367959976196,0.216075658367484
101.673857681,0.216367959976196,0.215559380965705
101.683850943,0.214373797178268,0.215002981614704
101.693855608,0.214373797178268,0.214426484419988
101.703853363,0.213376700878143,0.213848680972313
101.713866552,0.212379619479179,0.213281990527692
101.723923906,0.213376700878143,0.212730051045294
101.733892911,0.212379619479179,0.212190439870531
101.743909008,0.212379619479179,0.211662418374821
101.753910103,0.21038544178009,0.211151762170656
101.763910865,0.21038544178009,0.210667369611597
101.77390513,0.208391278982162,0.210212198200444
101.783911914,0.21038544178009,0.209775026356434
101.793901717,0.209388360381126,0.209330972791499
101.803914927,0.209388360381126,0.208851005287374
101.813885369,0.209388360381126,0.208311638906694
101.82391617,0.207394182682037,0.207700063287149
101.833905253,0.207394182682037,0.207013823496144
101.843909467,0.206397086381912,0.206256646688824
101.853910893,0.205400004982948,0.20543578243415
101.863912097,0.204402923583984,0.204560806047958
101.873893956,0.205400004982948,0.203643744306561
101.883934835,0.202408745884895,0.202704273516916
101.893884514,0.201411664485931,0.201773090826184
101.903908446,0.200414568185806,0.200885099306938
101.913931092,0.199417471885681,0.200069737356348
101.923915201,0.198420390486717,0.199345724174785
101.933907112,0.198420390486717,0.198718336414881
101.943917607,0.198420390486717,0.198180166932457
101.953906398,0.198420390486717,0.197717881889126
101.96390047,0.197423309087753,0.197321107515695
101.973879791,0.196426212787628,0.196985726856158
101.983911835,0.196426212787628,0.196709135096937
101.993900859,0.196426212787628,0.196484180461626
102.003909829,0.196426212787628,0.196298499629908
102.013912174,0.196426212787628,0.196138088035653
102.023901184,0.196426212787628,0.19599137488894
102.033918533,0.196426212787628,0.195852738047573
102.043905821,0.195429131388664,0.195724348335094
102.053878626,0.1944320499897,0.195612488872644
102.063909769,0.196426212787628,0.195519660379135
102.073899859,0.1944320499897,0.195441648648419
102.083910364,0.196426212787628,0.195370850269797
102.093905211,0.196426212787628,0.195301956718088
102.103910849,0.195429131388664,0.195240097510532
102.113908303,0.1944320499897,0.195203560926948
102.123930836,0.195429131388664,0.195215683264121
102.133878506,0.1944320499897,0.195296149166559
102.143906009,0.195429131388664,0.195457891211832
102.153900195,0.196426212787628,0.195707887284483
102.16391448,0.1944320499897,0.196050255853963
102.1738996,0.197423309087753,0.196486197095736
102.183889968,0.196426212787628,0.19701201134099
102.19389482,0.196426212787628,0.197619144199093
102.203910723,0.197423309087753,0.198289746360245
102.213879671,0.199417471885681,0.198990611932517
102.223906955,0.199417471885681,0.199676480494586
102.233909747,0.201411664485931,0.200299416321725
102.243893817,0.201411664485931,0.200817215185908
102.25393126,0.201411664485931,0.201199127729576
102.263913509,0.202408745884895,0.201427095435958
102.273897497,0.202408745884895,0.201495772287632
102.283895505,0.201411664485931,0.201414349767388
102.293860652,0.201411664485931,0.201205007228772
102.303921202,0.201411664485931,0.200897809633643
102.313893523,0.200414568185806,0.200528227242791
102.323903026,0.200414568185806,0.200136667609345
102.333907887,0.198420390486717,0.199765320837634
102.343912377,0.198420390486717,0.199450178990129
102.353897772,0.199417471885681,0.199212693576405
102.363901001,0.198420390486717,0.199059623798246
102.373859277,0.198420405387878,0.198987987613188
102.383909892,0.199417486786842,0.198987012649107
102.393907605,0.199417486786842,0.199041083199197
102.403905437,0.199417486786842,0.199136515766695
102.413909057,0.199417486786842,0.199265832026492
102.423900999,0.198420405387878,0.199425819617098
102.433914778,0.199417471885681,0.199610877370686
102.443911519,0.200414568185806,0.199808372989125
102.4538543,0.199417486786842,0.20000145254881
102.463910985,0.201411664485931,0.200174267586778
102.473894265,0.200414568185806,0.2003159670643
102.483909345,0.200414568185806,0.2004237470535
102.493895655,0.200414568185806,0.200501201513927
102.503894244,0.199417471885681,0.200552050957531
102.513957006,0.200414568185806,0.20057319318088
102.523914845,0.20141164958477,0.200552342679692
102.533866373,0.20141164958477,0.200475621130565
102.543897468,0.200414568185806,0.200338688720294
102.55389208,0.200414568185806,0.200149730571311
102.563910515,0.199417486786842,0.199924358485211
102.573908189,0.199417486786842,0.199678898549037
102.583907738,0.199417486786842,0.199425759244425
102.593909474,0.199417486786842,0.199173219649402
102.603904437,0.199417471885681,0.198929377527943
102.613858385,0.198420405387878,0.198706086614261
102.623899847,0.198420405387878,0.198518716426458
102.633907668,0.198420405387878,0.198382804459791
102.643903869,0.198420405387878,0.198312582829994
102.653928469,0.197423309087753,0.198321066267912
102.663914033,0.198420405387878,0.198417445710645
102.673905171,0.198420405387878,0.198604175770749
102.683895181,0.198420405387878,0.198877546395162
102.693840839,0.198420405387878,0.19922772686581
102.7039073,0.200414568185806,0.199637042136907
102.713915439,0.199417471885681,0.200081979419514
102.723901396,0.200414568185806,0.200536641713567
102.733900025,0.201411664485931,0.200972837339285
102.743911877,0.201411664485931,0.201361306142685
102.75391849,0.202408745884895,0.201675983494915
102.763905396,0.202408730983734,0.201897921824729
102.77384501,0.202408730983734,0.202018061469203
102.783906384,0.202408730983734,0.202037904396372
102.793915023,0.202408730983734,0.201968275375279
102.803935591,0.202408730983734,0.201828787836044
102.813926669,0.202408730983734,0.20164910904151
102.823903797,0.201411664485931,0.201470278447051
102.833909266,0.200414568185806,0.201341484067725
102.843902751,0.200414568185806,0.2013101450014
102.853863034,0.200414568185806,0.201410954371065
102.863911276,0.201411664485931,0.201660903434801
102.873906518,0.202408745884895,0.202062241747978
102.883905957,0.202408745884895,0.202610346803274
102.893911024,0.202408745884895,0.203298464594158
102.903908337,0.203405827283859,0.204114096938362
102.913911395,0.204402923583984,0.2050324884374
102.9239097,0.206397086381912,0.206015453988293
102.933842777,0.207394182682037,0.207017400737461
102.943910166,0.208391278982162,0.207994016572912
102.953908859,0.21038544178009,0.2089092257387
102.963906743,0.209388360381126,0.209739957166337
102.973933849,0.209388360381126,0.210474166206278
102.98389611,0.211382538080215,0.211099982756116
102.993907194,0.212379619479179,0.211599534805651
103.003896244,0.211382538080215,0.211954353469626
103.013823649,0.213376700878143,0.212150818751001
103.023905984,0.212379619479179,0.212182025192786
103.03389375,0.212379619479179,0.212050289608438
103.043911073,0.212379619479179,0.211767784547177
103.053915174,0.211382538080215,0.211355241797819
103.063907002,0.21038544178009,0.210839800129904
103.073934069,0.211382538080215,0.210251581558248
103.083906596,0.209388360381126,0.209623730196876
103.093822317,0.208391278982162,0.208993958321924
103.10391047,0.208391278982162,0.208400292576624
103.113899329,0.207394182682037,0.207875539505012
103.123911789,0.207394182682037,0.207446314438834
103.133909977,0.206397086381912,0.207133314279081
103.143920475,0.206397086381912,0.206949632536427
103.153908511,0.206397086381912,0.206898014716143
103.163644953,0.207394182682037,0.20697076004867
103.173850764,0.206397086381912,0.207153530504389
103.183900258,0.207394182682037,0.207427917822242
103.19390825,0.208391278982162,0.207771726676272
103.203908299,0.208391278982162,0.208162632153418
103.213909701,0.208391278982162,0.208583006344743
103.223900621,0.208391278982162,0.20901842737572
103.233906835,0.21038544178009,0.209452895339186
103.243912164,0.209388360381126,0.209869018448055
103.253832327,0.21038544178009,0.210250869950463
103.263854251,0.21038544178009,0.210583263693419
103.273927276,0.211382538080215,0.21085042873512
103.283907418,0.211382538080215,0.211038372061656
103.29391078,0.212379619479179,0.211139919997065
103.303912014,0.21038544178009,0.211158727002355
103.313911097,0.211382538080215,0.211107089372525
103.323897279,0.21038544178009,0.210998827685599
103.333775612,0.21038544178009,0.210843642974422
103.343907227,0.212379619479179,0.210646667824453
103.353910159,0.21038544178009,0.21041564790621
103.363916928,0.21038544178009,0.210168979714364
103.373912701,0.209388360381126,0.209933812077031
103.383911095,0.209388360381126,0.209737796317579
103.393902116,0.207394182682037,0.209600587899287
103.403894943,0.21038544178009,0.209525922529442
103.413814464,0.209388360381126,0.209501842526397
103.423900826,0.21038544178009,0.209511627996986
103.433911679,0.209388360381126,0.209543708570033
103.443918175,0.209388360381126,0.20959289675863
103.453903227,0.209388360381126,0.209655810516475
103.463914857,0.21038544178009,0.209727232840633
103.473910781,0.209388360381126,0.209801472273913
103.483912602,0.21038544178009,0.209874866422035
103.493756377,0.21038544178009,0.209946886492172
103.503910113,0.209388360381126,0.210021226572273
103.513908711,0.209388360381126,0.210102923484258
103.523899006,0.21038544178009,0.210191459541301
103.533906039,0.211382538080215,0.210280358191772
103.543907734,0.209388360381126,0.210364605737725
103.55392664,0.21038544178009,0.210442778120747
103.563905624,0.209388360381126,0.210510002428586
103.573780666,0.211382538080215,0.21055240129789
103.583896278,0.21038544178009,0.210549771815055
103.593905738,0.21038544178009,0.210481492222852
103.603900867,0.211382538080215,0.210329431462054
103.613904203,0.21038544178009,0.210080902874039
103.623903082,0.21038544178009,0.209733332225246
103.633915719,0.208391278982162,0.209294269201399
103.643907747,0.209388360381126,0.208775478787449
103.653781852,0.208391278982162,0.208188923069076
103.66391051,0.207394182682037,0.207548380922602
103.673899965,0.206397086381912,0.206869845683519
103.683909939,0.205400004982948,0.206166451329965
103.69391105,0.206397086381912,0.205444232411592
103.703913081,0.204402923583984,0.20470507461
103.713901822,0.204402923583984,0.203952743255135
103.723930195,0.202408745884895,0.203193978427316
103.733772231,0.203405827283859,0.202435883317364
103.743906218,0.201411664485931,0.201686080655918
103.753934357,0.201411664485931,0.200955485412429
103.7639012,0.200414568185806,0.200259549400555
103.773910873,0.199417471885681,0.199617733691694
103.783910741,0.199417471885681,0.199052205532362
103.793911748,0.198420390486717,0.198586680008307
103.803904214,0.197423309087753,0.198244949991301
103.813774461,0.198420390486717,0.198047300403644
103.823897385,0.197423309087753,0.198008295298798
103.833906901,0.196426212787628,0.198135532116758
103.84391318,0.198420390486717,0.198423796479083
103.853900277,0.198420390486717,0.198851108435017
103.863906146,0.200414568185806,0.199384719987655
103.873914395,0.199417471885681,0.19999087557101
103.883617127,0.200414568185806,0.200638381198467
103.893795364,0.201411664485931,0.201295340507425
103.903918748,0.202408745884895,0.201927659692817
103.913906276,0.202408745884895,0.202502647558135
103.923909117,0.203405827283859,0.202991803821695
103.933912948,0.204402923583984,0.203372139649715
103.943919467,0.203405827283859,0.203629255166527
103.953908678,0.204402923583984,0.20375867373446
103.963905949,0.203405827283859,0.20376308750741
103.973759411,0.204402923583984,0.203649591911878
103.98391095,0.203405827283859,0.203429517270867
103.993905408,0.202408730983734,0.20311807336392
104.003909593,0.203405827283859,0.202730935131561
104.013903022,0.202408745884895,0.202282755833504
104.023913019,0.202408745884895,0.20179124580676
104.033907125,0.201411664485931,0.2012811919394
104.043909405,0.200414568185806,0.200784046873249
104.053787815,0.199417471885681,0.200332568026448
104.063907095,0.200414568185806,0.199953851790025
104.073906624,0.199417471885681,0.199668051558555
104.083883636,0.199417471885681,0.199492220133433
104.093893439,0.199417471885681,0.19944221984851
104.103909558,0.198420390486717,0.19953100162895
104.113907116,0.198420390486717,0.199762935750865
104.123916113,0.200414568185806,0.200126616241593
104.133765605,0.199417471885681,0.200594030247236
104.143908161,0.202408745884895,0.201126342354154
104.153910359,0.201411664485931,0.201681553381614
104.163895298,0.201411664485931,0.202219502225812
104.173905479,0.202408745884895,0.202698456279014
104.18390725,0.203405827283859,0.203069447555036
104.193889289,0.204402923583984,0.203279840639162
104.203897353,0.204402923583984,0.203284494539961
104.213759126,0.204402923583984,0.203056287963098
104.223910584,0.202408745884895,0.202590261569447
104.233909681,0.203405827283859,0.20190058899615
104.243897373,0.200414568185806,0.201015785369591
104.253912114,0.200414568185806,0.199974540168595
104.263891656,0.199417471885681,0.198821615461094
104.273911103,0.197423309087753,0.197606988482628
104.283905993,0.196426212787628,0.196385983014255
104.293785805,0.1944320499897,0.195215377378849
104.303901265,0.193434953689575,0.194146996066215
104.313910683,0.19243785738945,0.193221605768911
104.323906153,0.19243785738945,0.192466038159524
104.33394844,0.19243785738945,0.191896661557441
104.343900158,0.191440775990486,0.191527279450709
104.353912737,0.191440790891647,0.191374436460336
104.363913025,0.191440790891647,0.191457147804421
104.373799246,0.191440790891647,0.191794659015918
104.383895227,0.191440790891647,0.192403175319288
104.393614161,0.192437872290611,0.19328987026686
104.403915142,0.193434953689575,0.194446530195821
104.413915845,0.195429131388664,0.195846703870925
104.423912725,0.197423309087753,0.197447879166142
104.433896388,0.198420405387878,0.199196587332263
104.443906642,0.20141164958477,0.201032008122668
104.453793022,0.203405827283859,0.202889168358035
104.463905375,0.203405827283859,0.204702986364295
104.473893262,0.207394182682037,0.20640790396228
104.483914182,0.209388360381126,0.207938440212271
104.493654004,0.21038544178009,0.209239955200115
104.503893339,0.212379619479179,0.210281669163653
104.513898653,0.212379619479179,0.211063729193352
104.523912592,0.21038544178009,0.211616263868662
104.533769988,0.211382538080215,0.211985160920561
104.543915585,0.211382538080215,0.212211988851702
104.553912208,0.212379619479179,0.212324437729073
104.563909344,0.213376700878143,0.212340454899491
104.573907669,0.212379619479179,0.212278856503965
104.583894152,0.211382538080215,0.21216537948329
104.593895868,0.211382538080215,0.212027122439209
104.60390404,0.211382538080215,0.211882797493193
104.613774238,0.211382538080215,0.211738866671502
104.623913221,0.212379619479179,0.211592525876491
104.633906586,0.211382538080215,0.211438732338245
104.643917418,0.211382538080215,0.211275988763063
104.653923452,0.211382538080215,0.211106975831661
104.663894383,0.21038544178009,0.210936693892995
104.673910273,0.21038544178009,0.21076939471546
104.683892056,0.211382538080215,0.210605547972213
104.693786399,0.211382538080215,0.210445374456157
104.703908013,0.209388360381126,0.21029626282233
104.71390596,0.21038544178009,0.210172125107533
104.723909227,0.21038544178009,0.210087177448991
104.733900308,0.209388360381126,0.210054461213617
104.743909832,0.21038544178009,0.210086183672987
104.753907552,0.209388360381126,0.210191644940765
104.763905738,0.21038544178009,0.210375150792692
104.773775562,0.21038544178009,0.210635054697267
104.783906648,0.21038544178009,0.21096384812496
104.793914304,0.211382538080215,0.211348015078992
104.80391222,0.212379619479179,0.211769129165834
104.813914231,0.212379619479179,0.212209103320211
104.823909534,0.211382538080215,0.212653336570028
104.833905116,0.213376700878143,0.213085517346931
104.843912643,0.213376700878143,0.213482354790841
104.8538035,0.214373797178268,0.213816546435351
104.863914404,0.214373797178268,0.214063171730525
104.873907668,0.215370878577232,0.214204749415087
104.883912603,0.214373797178268,0.214235432220884
104.893913501,0.214373797178268,0.21416202835373
104.903908276,0.213376700878143,0.213999326743756
104.913951249,0.213376700878143,0.213762267380605
104.92389701,0.214373797178268,0.213461316518086
104.933781762,0.213376700878143,0.213106051563706
104.943911102,0.212379619479179,0.212711424580883
104.953908011,0.212379619479179,0.212297209914032
104.963899651,0.212379619479179,0.211884279430137
104.973943371,0.21038544178009,0.211493916318785
104.983908633,0.211382538080215,0.211145779420102
104.99389432,0.209388360381126,0.210852771567911
105.003914897,0.211382538080215,0.210617722266033
105.013781793,0.21038544178009,0.210435600708787
105.023907021,0.21038544178009,0.210299857920261
105.033899709,0.21038544178009,0.210206347604269
105.043894879,0.21038544178009,0.210153604842924
105.053910613,0.209388360381126,0.210142203313303
105.063910617,0.209388360381126,0.21017059289302
105.07391418,0.211382538080215,0.210230085424826
105.083894247,0.209388360381126,0.210306982129391
105.093794382,0.211382538080215,0.210388050043292
105.103903449,0.209388360381126,0.210461671582225
105.113909086,0.21038544178009,0.210514934935178
105.123909562,0.21038544178009,0.210529577643057
105.133901581,0.211382538080215,0.210482371160549
105.143906552,0.21038544178009,0.210351646567298
105.153910258,0.211382538080215,0.210123793900617
105.163776808,0.21038544178009,0.209797488708408
105.173788416,0.208391278982162,0.209384571019809
105.183902596,0.209388360381126,0.208903641617785
105.193914942,0.208391278982162,0.208372782685628
105.203893493,0.208391278982162,0.207810312064402
105.213905361,0.206397086381912,0.20723790889371
105.22391474,0.207394182682037,0.206679100384679
105.233891456,0.205400004982948,0.206156621129124
105.243913833,0.205400004982948,0.205690811282058
105.253811759,0.203405827283859,0.205294635874676
105.263905352,0.205400004982948,0.204966265659767
105.273893799,0.205400004982948,0.204689567377757
105.28391303,0.204402923583984,0.204445172872799
105.293904477,0.203405827283859,0.204217853727324
105.303905646,0.204402923583984,0.203992625304052
105.31391477,0.205400004982948,0.203753122974186
105.323907202,0.202408730983734,0.203489174368779
105.333787784,0.203405827283859,0.203199336172476
105.343911223,0.203405827283859,0.202884629956111
105.353909578,0.203405827283859,0.202548071353277
105.363909254,0.20141164958477,0.202199975915128
105.373909038,0.20141164958477,0.201855742182834
105.383907284,0.202408730983734,0.201528553166137
105.393930581,0.20141164958477,0.201229927282262
105.40391143,0.200414568185806,0.200975198255973
105.41379137,0.199417486786842,0.200780442954324
105.423913264,0.20141164958477,0.200653201220326
105.433892131,0.200414568185806,0.200591243214159
105.443909494,0.200414568185806,0.20058923783773
105.453943924,0.200414568185806,0.200641437391052
105.463906114,0.201411664485931,0.200740462837926
105.473909717,0.200414568185806,0.20087891382251
105.48390889,0.200414568185806,0.201049988578859
105.493794299,0.201411664485931,0.201243309815955
105.503891517,0.201411664485931,0.20144273438453
105.513952341,0.202408730983734,0.201630343206201
105.523903736,0.20141164958477,0.201791638768856
105.533913284,0.202408730983734,0.201917002399906
105.543902272,0.202408730983734,0.202001020575097
105.553911553,0.202408730983734,0.202043844681591
105.563906612,0.20141164958477,0.202052048419072
105.573795789,0.202408730983734,0.20203501671921
105.583908662,0.20141164958477,0.20200071917429
105.593903733,0.202408730983734,0.201954668020009
105.603901731,0.202408730983734,0.201901903143608
105.613913604,0.201411664485931,0.201850548625514
105.623930211,0.201411664485931,0.20181152488209
105.633904008,0.20141164958477,0.201792929655333
105.643906471,0.20141164958477,0.201795505914721
105.653804936,0.202408730983734,0.201813027169506
105.663911473,0.20141164958477,0.201836262578344
105.67389721,0.202408730983734,0.201856657818119
105.683893224,0.202408730983734,0.201868570027092
105.693914243,0.20141164958477,0.201871532027302
105.703910521,0.20141164958477,0.201868687391508
105.713907249,0.202408730983734,0.201861422783208
105.723897799,0.202408730983734,0.201849413454195
105.733811524,0.201411664485931,0.201836052111939
105.743906529,0.201411664485931,0.201828667105716
105.753900946,0.201411664485931,0.201832137908865
105.763911273,0.202408745884895,0.201845045952448
105.773897904,0.201411664485931,0.201862252129918
105.783894944,0.201411664485931,0.201877314038024
105.793904382,0.202408730983734,0.201880872247338
105.803910859,0.202408730983734,0.201861748596182
105.813816627,0.20141164958477,0.201812260798714
105.823926613,0.20141164958477,0.201728708044616
105.833906113,0.202408730983734,0.2016071849465
105.84389797,0.202408730983734,0.201445389879896
105.853900402,0.200414568185806,0.201249173224452
105.863895684,0.201411664485931,0.201031943463524
105.873912324,0.200414568185806,0.20080813165724
105.883907599,0.201411664485931,0.20059104333677
105.893812322,0.199417471885681,0.200394815275629
105.9038973,0.200414568185806,0.200233585310606
105.913910537,0.200414568185806,0.20011890301778
105.923908249,0.199417471885681,0.200060381480047
105.933912731,0.199417471885681,0.200065385103224
105.94391197,0.200414568185806,0.200134917549196
105.953931842,0.200414568185806,0.200263505302018
105.963920601,0.199417471885681,0.200443056871906
105.973815788,0.201411664485931,0.200662864805003
105.98355465,0.200414568185806,0.200908557530438
105.993907726,0.201411664485931,0.201164192469248
106.003903691,0.201411664485931,0.201413818322785
106.013910984,0.201411664485931,0.201641509223532
106.023924915,0.202408745884895,0.201831525682422
106.033912001,0.202408745884895,0.201970255368385
106.043907831,0.201411664485931,0.202048928145041
106.053817809,0.202408745884895,0.20206209278343
106.063897908,0.203405827283859,0.202006010768555
106.073922279,0.202408730983734,0.201885007115266
106.083899813,0.201411664485931,0.201717882419263
106.093864715,0.201411664485931,0.201533683378212
106.103906618,0.200414568185806,0.201361750711776
106.113909767,0.200414568185806,0.201223442979458
106.123912404,0.201411664485931,0.201127639158351
106.13381535,0.20141164958477,0.201073569779891
106.14391098,0.200414568185806,0.201058123000464
106.153905395,0.20141164958477,0.201078338915844
106.16391332,0.200414568185806,0.201129131594771
106.1739192,0.20141164958477,0.201201597353164
106.183897338,0.20141164958477,0.20128335264366
106.193907827,0.20141164958477,0.201361086270309
106.203905781,0.202408730983734,0.201424242893823
106.213821275,0.201411664485931,0.20146876246842
106.223917501,0.201411664485931,0.201498423452519
106.233948555,0.200414568185806,0.201519907583629
106.243905184,0.202408745884895,0.2015355122279
106.253893316,0.201411664485931,0.201542671702935
106.263912075,0.201411664485931,0.201538926203549
106.273913238,0.200414568185806,0.201521796437656
106.283903843,0.202408745884895,0.201483617241141
106.293829238,0.202408745884895,0.20141329881149
106.303911305,0.201411664485931,0.201306477068094
106.313914143,0.201411664485931,0.201171000843087
106.323895411,0.200414568185806,0.201022518319562
106.333914959,0.201411664485931,0.200877951057977
106.343909767,0.200414568185806,0.200753183457094
106.353900426,0.200414568185806,0.200663316286653
106.363911928,0.200414568185806,0.200621191803213
106.37383239,0.200414568185806,0.200635204645265
106.383906958,0.200414568185806,0.200708785984666
106.393921141,0.200414568185806,0.200840070888829
106.403905103,0.200414568185806,0.201020361882209
106.413573078,0.202408730983734,0.20123408028303
106.423903016,0.202408730983734,0.201465661546962
106.433909479,0.201411664485931,0.2017096973623
106.443914947,0.202408730983734,0.201972684946141
106.453829763,0.202408730983734,0.202267797308065
106.463894244,0.202408730983734,0.202611817922602
106.473913871,0.202408730983734,0.203022675745991
106.483906581,0.202408730983734,0.203513297919449
106.493580165,0.204402923583984,0.204085419838103
106.503905048,0.204402923583984,0.204729734425317
106.513518235,0.204402923583984,0.205429706405108
106.523904175,0.206397086381912,0.206161300251571
106.533828561,0.207394182682037,0.206892928205882
106.543912903,0.206397086381912,0.207590081164041
106.553920426,0.208391278982162,0.208216035922693
106.563908942,0.209388360381126,0.208729361151122
106.5739144,0.211382538080215,0.209090886649754
106.58390102,0.209388360381126,0.20927830245678
106.593576452,0.209388360381126,0.20929192844047
106.603912966,0.209388360381126,0.209146793420929
106.613561087,0.209388345479965,0.208864280333197
106.623904857,0.208391278982162,0.208471015640213
106.633905836,0.207394182682037,0.207997972815498
106.643906593,0.208391278982162,0.207476600389064
106.653905882,0.206397086381912,0.206937950127778
106.66390773,0.206397086381912,0.206414149390839
106.673908898,0.205400004982948,0.205936273606872
106.68390067,0.206397086381912,0.20553191586394
106.693773341,0.204402923583984,0.205227093938526
106.703902592,0.204402923583984,0.205046619201524
106.713805322,0.204402923583984,0.205008419383599
106.723903806,0.204402923583984,0.205117940221583
106.733894984,0.205400004982948,0.205367577810447
106.743908846,0.205400004982948,0.205739714548506
106.753908503,0.206397086381912,0.206210851498338
106.763898466,0.206397086381912,0.206754530169897
106.773828152,0.207394182682037,0.207342191880421
106.783902963,0.207394182682037,0.207942525209345
106.793939695,0.209388360381126,0.208521230375107
106.803906445,0.209388360381126,0.209044501073727
106.813916075,0.21038544178009,0.209485594377605
106.823558674,0.21038544178009,0.209829862370318
106.833909218,0.21038544178009,0.210076122004523
106.84389581,0.21038544178009,0.210234658523191
106.853830632,0.21038544178009,0.210323226540517
106.863909155,0.21038544178009,0.210363509435729
106.873912768,0.209388360381126,0.210377699010387
106.88390977,0.21038544178009,0.210383455055285
106.893940639,0.21038544178009,0.210390782627781
106.90391018,0.21038544178009,0.210404440408436
106.913900845,0.21038544178009,0.210427689242974
106.923542715,0.21038544178009,0.210463286758623
106.933834569,0.21038544178009,0.210512966518227
106.943908622,0.21038544178009,0.210576666843104
106.953901995,0.21038544178009,0.210651480796577
106.963909709,0.21038544178009,0.210730339735921
106.973895397,0.211382538080215,0.210801823795322
106.983915314,0.211382538080215,0.210853886724629
106.993924787,0.209388360381126,0.210877743341523
107.003907413,0.211382538080215,0.210864225491578
107.013825918,0.211382538080215,0.210799420605158
107.023735618,0.21038544178009,0.210669058552847
107.033908409,0.211382538080215,0.210463986922881
107.043894192,0.21038544178009,0.210181706823816
107.053908235,0.209388360381126,0.209826782462265
107.063901694,0.21038544178009,0.20940885504964
107.073908969,0.208391278982162,0.208940821419634
107.083907862,0.208391278982162,0.20843831069946
107.093861641,0.207394182682037,0.207916237944681
107.103907148,0.208391278982162,0.207386094435577
107.113906043,0.206397086381912,0.206858959648046
107.123913481,0.206397086381912,0.206348688226701
107.133903187,0.204402923583984,0.205868414202518
107.143900178,0.205400004982948,0.205422752397719
107.153909591,0.206397086381912,0.205006045324646
107.163903003,0.203405827283859,0.204610530271538
107.173839496,0.204402923583984,0.204231280363936
107.183913895,0.203405827283859,0.203861441844886
107.193927464,0.205400004982948,0.203491101613216
107.203895082,0.202408745884895,0.203115213699938
107.213891587,0.202408745884895,0.20273753103674
107.223911107,0.202408745884895,0.202364017917394
107.233897071,0.203405827283859,0.201998912920025
107.243905193,0.201411664485931,0.201651265487668
107.253848012,0.200414568185806,0.201338607926962
107.26390662,0.201411664485931,0.201079624907682
107.273908438,0.200414568185806,0.200887388725854
107.283901801,0.201411664485931,0.200770744407696
107.293914371,0.199417486786842,0.200736963804637
107.303915435,0.200414568185806,0.200788863792942
107.31391331,0.200414568185806,0.200918901128324
107.323915033,0.20141164958477,0.201108154528324
107.333816005,0.20141164958477,0.201331682260439
107.343907787,0.202408730983734,0.201565326950178
107.35391724,0.20141164958477,0.201790469289114
107.363906513,0.202408730983734,0.201994555387554
107.37391765,0.202408730983734,0.202169103915851
107.383914876,0.20141164958477,0.202308115495592
107.393944373,0.203405827283859,0.202405762606354
107.40390147,0.203405827283859,0.202457465186925
107.413820233,0.202408730983734,0.202467099650807
107.423924154,0.202408745884895,0.20244981829793
107.433907211,0.201411664485931,0.202425095590996
107.44391466,0.201411664485931,0.202406344192771
107.453915612,0.203405827283859,0.202394706330759
107.463913196,0.201411664485931,0.202382074196459
107.473905431,0.203405827283859,0.202358011527472
107.483910869,0.203405827283859,0.20231540289541
107.4938391,0.202408730983734,0.20225762754457
107.503907747,0.20141164958477,0.202200742646175
107.51390439,0.202408730983734,0.202165309658468
107.52391868,0.20141164958477,0.202168154263981
107.533930241,0.202408730983734,0.202220301906401
107.543907475,0.202408730983734,0.202328118986828
107.553889611,0.201411664485931,0.20249477858885
107.56389341,0.203405827283859,0.202719264742892
107.573835639,0.202408730983734,0.202995494500596
107.583910832,0.202408730983734,0.203312906415131
107.59391799,0.203405827283859,0.203653366095778
107.603896335,0.204402923583984,0.203988598930033
107.613915698,0.204402923583984,0.204285150420505
107.623906654,0.205400004982948,0.204512147745305
107.633906982,0.204402923583984,0.204645898153532
107.643907427,0.205400004982948,0.204670610570292
107.653804678,0.205400004982948,0.204578369801563
107.663903017,0.204402923583984,0.204371333481939
107.67391312,0.203405827283859,0.204061024135498
107.683922919,0.204402923583984,0.203662042296821
107.693907966,0.203405827283859,0.203189249131259
107.703903804,0.202408745884895,0.202660775469931
107.713909355,0.202408745884895,0.202098603441485
107.723907377,0.201411664485931,0.201526331124089
107.733783556,0.200414568185806,0.200967632810349
107.743908969,0.199417471885681,0.200442296128639
107.75391139,0.200414568185806,0.19996069516665
107.763906217,0.200414568185806,0.199525565300851
107.773903103,0.199417471885681,0.199142159567327
107.783908857,0.198420390486717,0.198824759693074
107.793911275,0.198420390486717,0.198592772063116
107.803903764,0.197423309087753,0.198462737682658
107.813789067,0.197423309087753,0.198441202017048
107.823905999,0.198420390486717,0.198519488188465
107.833893924,0.200414568185806,0.198676880090463
107.843901681,0.198420390486717,0.198893683230191
107.853906357,0.198420390486717,0.199158647922699
107.863907581,0.198420390486717,0.199460549246302
107.873904007,0.200414568185806,0.199777430231776
107.883913098,0.200414568185806,0.200078356907976
107.893799923,0.200414568185806,0.200332859194365
107.903914698,0.201411664485931,0.200516750451627
107.913926605,0.201411664485931,0.200614908578215
107.923904683,0.200414568185806,0.200624136651296
107.933909411,0.199417471885681,0.200549802839386
107.943906462,0.201411664485931,0.200396362728815
107.953898831,0.200414568185806,0.200164930390622
107.963904152,0.200414568185806,0.199860465569274
107.973774494,0.199417486786842,0.199496615778643
107.983907555,0.199417486786842,0.199094103358681
107.993904067,0.198420390486717,0.198677657754574
108.003901066,0.198420390486717,0.198273723053024
108.013909577,0.197423309087753,0.197908442018305
108.023907249,0.197423309087753,0.197605378763108
108.033899755,0.197423309087753,0.19738376921038
108.04390527,0.197423309087753,0.19725945534161
108.053800083,0.197423309087753,0.197248086515512
108.063894687,0.196426212787628,0.197366265114212
108.073909439,0.197423309087753,0.19762765752926
108.083871332,0.197423309087753,0.198037714381457
108.093906717,0.198420390486717,0.198592038611726
108.10390173,0.198420390486717,0.199276985422253
108.11389932,0.200414568185806,0.200069944789254
108.123905921,0.201411664485931,0.2009422280981
108.133773292,0.201411664485931,0.201865006591212
108.143902161,0.202408745884895,0.20281093780163
108.153905659,0.203405827283859,0.203749436481787
108.163906023,0.205400004982948,0.204644125998709
108.173911091,0.205400004982948,0.205457097918072
108.183902489,0.206397086381912,0.206154114337995
108.193895254,0.207394182682037,0.206706227845105
108.203911865,0.208391278982162,0.207092479925445
108.213807857,0.207394182682037,0.207305579483298
108.22389877,0.207394182682037,0.20735303688718
108.233888559,0.207394182682037,0.207251259782604
108.243904767,0.207394182682037,0.207020422031502
108.253905335,0.207394182682037,0.206685084888303
108.26391089,0.206397086381912,0.206277501263292
108.273903887,0.205400004982948,0.205837776856071
108.283911391,0.205400004982948,0.205408886419747
108.293773064,0.204402923583984,0.205031021521891
108.303401147,0.203405827283859,0.204737056593593
108.313908989,0.204402923583984,0.204547013202917
108.323900531,0.203405827283859,0.204464839685626
108.333892291,0.205400019884109,0.204481070644871
108.343907507,0.204402923583984,0.204579936770286
108.353892881,0.204402923583984,0.204745778141565
108.363906757,0.204402923583984,0.204962436883902
108.37378741,0.205400004982948,0.205208602694111
108.383565934,0.206397086381912,0.20545872786217
108.393911238,0.205400004982948,0.205689952800296
108.403914859,0.206397086381912,0.205886283523069
108.413900595,0.206397086381912,0.20603782446983
108.423906699,0.207394182682037,0.206142002775187
108.433909669,0.205400004982948,0.206206980340901
108.443907469,0.206397086381912,0.206249364318897
108.453752399,0.206397086381912,0.206287385485915
108.463905033,0.206397086381912,0.206338491089253
108.473908956,0.206397086381912,0.2064209921174
108.483901858,0.205400004982948,0.206552788848456
108.493929825,0.207394182682037,0.206746800896979
108.503904469,0.206397086381912,0.207009361253275
108.513897222,0.207394182682037,0.207342635967055
108.523907261,0.207394182682037,0.20774563815799
108.53377369,0.208391278982162,0.208213779880271
108.543899558,0.208391264081001,0.208739623339166
108.553895804,0.209388345479965,0.209313602503171
108.563911158,0.21038544178009,0.209924864762052
108.573909745,0.21038544178009,0.210563744103226
108.583911746,0.21038544178009,0.211222115381663
108.593905524,0.211382538080215,0.211887876451384
108.603899427,0.213376700878143,0.212540378063711
108.613736241,0.213376700878143,0.213155013487906
108.623906157,0.214373797178268,0.213712084213915
108.633916421,0.214373797178268,0.214201142803354
108.643910916,0.215370893478394,0.214621183605391
108.653902727,0.214373797178268,0.214979536120375
108.663911599,0.215370893478394,0.215288175978551
108.673893569,0.215370893478394,0.215558655496394
108.683911134,0.216367959976196,0.215800725961505
108.693749034,0.216367959976196,0.216025739781514
108.703895543,0.216367959976196,0.216250636441439
108.713910893,0.215370878577232,0.216496958353022
108.72391081,0.215370878577232,0.21678191290412
108.733906065,0.216367959976196,0.217106391361318
108.743908828,0.217365056276321,0.217450250954185
108.753902851,0.218362152576447,0.217778845072005
108.763910863,0.218362152576447,0.218054568816006
108.77373874,0.220356315374374,0.218247440736737
108.783911854,0.218362152576447,0.218344086118024
108.793901116,0.218362152576447,0.218350389131048
108.803911703,0.217365056276321,0.218282796936807
108.813875257,0.218362152576447,0.218156150911251
108.823880378,0.218362152576447,0.217979687386992
108.833903262,0.218362152576447,0.217762254326753
108.843898851,0.217365056276321,0.217518585685286
108.853740957,0.216367959976196,0.217268472206299
108.863916691,0.216367959976196,0.217028525816839
108.873913321,0.215370878577232,0.216802795992631
108.883905659,0.216367959976196,0.216577257872217
108.893907118,0.216367959976196,0.216320780631358
108.903906469,0.217365056276321,0.215994180391618
108.913909445,0.216367959976196,0.215563966482589
108.923905936,0.215370878577232,0.215012238725603
108.933730576,0.214373797178268,0.214336749590635
108.943908325,0.213376700878143,0.213544145064177
108.953902807,0.212379619479179,0.212643092973924
108.963895741,0.212379619479179,0.211641184711142
108.973897623,0.21038544178009,0.210546777782145
108.983896885,0.21038544178009,0.209372963248378
108.993914093,0.208391278982162,0.208140803442745
109.003910337,0.206397086381912,0.206880210940393
109.013746356,0.205400004982948,0.205625378098744
109.023905367,0.204402923583984,0.204408126712599
109.033420253,0.202408745884895,0.203255114817366
109.043890309,0.202408745884895,0.202186939239213
109.05389573,0.201411664485931,0.201218579536896
109.063903579,0.199417471885681,0.200362060986011
109.073899362,0.199417471885681,0.199625719811261
109.083899517,0.198420390486717,0.199009824116013
109.093720403,0.198420405387878,0.198505010391048
109.103907158,0.198420405387878,0.198094864488188
109.113897127,0.197423309087753,0.197760181787691
109.123906898,0.197423309087753,0.197481254661302
109.133915496,0.198420405387878,0.19723856921726
109.143903093,0.196426212787628,0.19701627470279
109.153896459,0.197423309087753,0.196804847701961
109.16391018,0.196426212787628,0.196599304290512
109.173688893,0.197423309087753,0.196398452316678
109.183922827,0.196426212787628,0.196207933046095
109.193897713,0.195429131388664,0.196041773384987
109.203910493,0.195429131388664,0.195917041146515
109.213909534,0.195429131388664,0.195845317096283
109.223906848,0.196426212787628,0.19582993863775
109.233911756,0.195429131388664,0.195870117288601
109.243905754,0.195429131388664,0.195963908142704
109.25372245,0.195429131388664,0.196104744817137
109.263905728,0.197423309087753,0.19627820739697
109.273908502,0.196426212787628,0.196467104109497
109.283907693,0.196426212787628,0.19665852817774
109.293919102,0.197423309087753,0.196843953170084
109.303906833,0.197423309087753,0.197017910675186
109.313907597,0.197423309087753,0.197180716424099
109.323904333,0.196426212787628,0.197338741845151
109.33366504,0.197423309087753,0.197498267611816
109.343922034,0.198420405387878,0.197660757212223
109.353904267,0.198420405387878,0.197827375472399
109.363903477,0.197423309087753,0.198006083483333
109.373901388,0.197423309087753,0.198209348599827
109.383907597,0.198420405387878,0.198444961286066
109.393914149,0.198420405387878,0.198711653917069
109.403785634,0.198420405387878,0.199000721069067
109.413724175,0.200414568185806,0.199298379080071
109.423917405,0.200414568185806,0.199591659887639
109.433894184,0.200414568185806,0.199878068367648
109.443903006,0.199417486786842,0.20016863178096
109.453948957,0.200414568185806,0.200480408019036
109.463905963,0.200414568185806,0.200827524263258
109.47391407,0.200414568185806,0.201217069784146
109.483912913,0.201411664485931,0.201646951670189
109.493704166,0.202408730983734,0.20210558625066
109.503915417,0.203405827283859,0.202577427530445
109.51390307,0.202408730983734,0.203050565286812
109.52390793,0.203405827283859,0.203517415674467
109.533906507,0.203405827283859,0.203968748962799
109.54391284,0.204402923583984,0.204389185650887
109.553890917,0.205400004982948,0.204758357615998
109.563912769,0.205400004982948,0.205056729272503
109.573727052,0.205400004982948,0.205271176112973
109.583908432,0.205400004982948,0.205395403020703
109.593909399,0.205400004982948,0.205426793481492
109.603910153,0.205400004982948,0.205363809998265
109.613908843,0.205400004982948,0.205205346477748
109.623906381,0.204402923583984,0.204950754009678
109.633909699,0.205400004982948,0.204599245214572
109.643914635,0.204402923583984,0.204151333070301
109.653677672,0.203405827283859,0.20361230563516
109.663904849,0.203405827283859,0.202992417260298
109.67390626,0.203405827283859,0.202306318340856
109.683899666,0.201411664485931,0.20157678462287
109.69389169,0.200414568185806,0.200835807072356
109.70391115,0.199417471885681,0.200117277227338
109.713910287,0.198420390486717,0.199447258489745
109.723915675,0.199417471885681,0.19883913722831
109.733649452,0.198420390486717,0.198297107686598
109.743899022,0.198420390486717,0.197825034831719
109.753894317,0.196426212787628,0.197431287034702
109.763908144,0.196426212787628,0.197124133905405
109.773903182,0.196426212787628,0.196902852761371
109.783909317,0.197423309087753,0.196755006531831
109.793914135,0.197423309087753,0.196663891056207
109.803893247,0.196426212787628,0.196618428313404
109.813687467,0.197423309087753,0.196616528514524
109.823911069,0.196426212787628,0.196663437757627
109.833922386,0.195429131388664,0.196767768860664
109.843906879,0.196426212787628,0.196932510487802
109.853913898,0.197423309087753,0.197147517250411
109.863895466,0.198420390486717,0.197394040618947
109.873903088,0.198420390486717,0.197657513425911
109.883912968,0.197423309087753,0.197935669742898
109.89365176,0.197423309087753,0.198234314664044
109.903906919,0.198420390486717,0.198556108464786
109.913911771,0.199417471885681,0.198895540424908
109.923904377,0.198420390486717,0.199242725090912
109.933904079,0.200414568185806,0.199586871791933
109.943907795,0.200414568185806,0.199918281882306
109.953907747,0.200414568185806,0.200233034613267
109.963918189,0.200414568185806,0.200535245343909
109.973660161,0.200414568185806,0.200833001279901
109.983906518,0.201411664485931,0.201133202516939
109.993908948,0.202408745884895,0.201441781685674
110.003912821,0.201411664485931,0.201769153926871
110.013902042,0.201411664485931,0.202131488412047
110.023908892,0.202408745884895,0.202543613844473
110.033906815,0.202408745884895,0.203012516648614
110.04389201,0.203405827283859,0.203536458786531
110.053663172,0.204402923583984,0.204106940906981
110.063897874,0.204402923583984,0.204712208921004
110.073898712,0.204402923583984,0.205338492823833
110.083892731,0.206397086381912,0.205966577281872
110.093902972,0.206397086381912,0.206570621168205
110.103915099,0.208391278982162,0.207123598821677
110.113905418,0.207394182682037,0.207604580304067
110.12390928,0.209388360381126,0.208003073397125
110.133630221,0.208391278982162,0.208320823970604
110.143906228,0.208391278982162,0.208571277601238
110.153904588,0.208391278982162,0.208774035344494
110.163914205,0.209388360381126,0.20894803173994
110.173919523,0.209388360381126,0.209111000332773
110.183902653,0.208391278982162,0.209282196051794
110.19391555,0.209388360381126,0.209480062949039
110.203902631,0.208391278982162,0.20971578268809
110.213639958,0.21038544178009,0.209988971651588
110.223957215,0.21038544178009,0.210289289521223
110.233895597,0.211382538080215,0.210603950453165
110.243903054,0.211382538080215,0.210926004371946
110.253923459,0.21038544178009,0.211256981459531
110.263911328,0.21038544178009,0.211600064911662
110.27390565,0.212379619479179,0.211949103589404
110.283897706,0.212379619479179,0.212286693026683
110.293633919,0.212379619479179,0.212591475195102
110.303909486,0.213376700878143,0.212843086305829
110.313904118,0.213376700878143,0.21302383404238
110.32393467,0.212379619479179,0.213120153086082
110.333905618,0.213376700878143,0.213120243902522
110.34390657,0.213376700878143,0.213010842535915
110.353908315,0.213376700878143,0.212779994834853
110.363912798,0.213376700878143,0.212423450402907
110.373611503,0.211382538080215,0.211948271758439
110.383909395,0.212379619479179,0.211371074541919
110.393896844,0.211382538080215,0.210716039791259
110.403908348,0.21038544178009,0.210017639658879
110.413892398,0.208391278982162,0.209320946588002
110.423950004,0.207394182682037,0.208672203913563
110.433911404,0.207394182682037,0.208105394127789
110.443907568,0.207394182682037,0.207635830385598
110.453648412,0.207394182682037,0.207264074197183
110.463911915,0.207394182682037,0.206984542249498
110.473898035,0.207394182682037,0.206793427654147
110.4839078,0.205400004982948,0.206692016068488
110.493894563,0.206397086381912,0.206681488263948
110.503908632,0.206397086381912,0.206754508706618
110.513914808,0.206397086381912,0.206892889810306
110.523945738,0.208391278982162,0.207071511758245
110.533614941,0.207394182682037,0.207266205221593
110.543914047,0.207394182682037,0.207460773000097
110.553910375,0.207394182682037,0.207645679686702
110.563906922,0.207394182682037,0.207811401691191
110.573909327,0.208391278982162,0.207944617386883
110.583906628,0.209388360381126,0.208031432951318
110.593895548,0.207394182682037,0.208065255579377
110.603938483,0.207394182682037,0.208047663038769
110.613590739,0.209388360381126,0.207981081878689
110.623904041,0.207394182682037,0.207867815868476
110.633906089,0.207394182682037,0.207714065657642
110.643910139,0.206397086381912,0.207525668872262
110.653906906,0.208391278982162,0.207300746372327
110.663898542,0.206397086381912,0.207031070586175
110.673913497,0.206397086381912,0.206706909359471
110.683909206,0.206397086381912,0.206316242375684
110.69362795,0.205400004982948,0.205842518168195
110.703901779,0.206397086381912,0.205266501532102
110.71391203,0.204402923583984,0.204571223861239
110.723908678,0.205400004982948,0.203747754938271
110.733922848,0.203405827283859,0.202800776047081
110.743899357,0.202408730983734,0.201752766335662
110.753909544,0.200414568185806,0.200642705306021
110.763909343,0.199417471885681,0.199518829822677
110.773623428,0.198420405387878,0.198431287657771
110.783914494,0.196426212787628,0.197427698935905
110.793906532,0.196426212787628,0.19654929382451
110.803934011,0.195429131388664,0.19582797810611
110.813909403,0.195429131388664,0.195287439622914
110.823901743,0.193434953689575,0.194944973275338
110.833907323,0.193434953689575,0.194806914487973
110.843909781,0.1944320499897,0.194859999552383
110.853626502,0.195429131388664,0.195070471832787
110.863909027,0.196426212787628,0.195395177629657
110.873905672,0.195429131388664,0.195794704612624
110.883342405,0.196426212787628,0.196237475006906
110.893904138,0.197423309087753,0.196696901777791
110.903911711,0.197423309087753,0.197151531384393
110.913890207,0.197423309087753,0.197587415914118
110.92391316,0.197423309087753,0.197995235488811
110.933345268,0.198420405387878,0.198363814297375
110.943896016,0.200414568185806,0.198679521609798
110.953916412,0.198420405387878,0.198934436349691
110.963890925,0.198420405387878,0.199130297645638
110.973916385,0.199417486786842,0.19927045942482
110.983916963,0.199417486786842,0.199353076822513
110.993949654,0.199417486786842,0.199373433208828
111.003905794,0.199417486786842,0.1993275145789
111.013346616,0.199417486786842,0.199212939428856
111.02391086,0.200414568185806,0.199031273007951
111.033911364,0.199417471885681,0.19879438770919
111.043902076,0.197423309087753,0.198528179478802
111.053897403,0.198420405387878,0.198265442234355
111.063895049,0.197423309087753,0.198035335733488
111.073907435,0.197423309087753,0.197859408223517
111.083906528,0.198420390486717,0.197752281192938
111.093360079,0.197423309087753,0.197725215359293
111.103906516,0.197423309087753,0.197789575129041
111.113905346,0.197423309087753,0.197954644948419
111.12389679,0.197423309087753,0.198222216160383
111.133914025,0.198420390486717,0.198583077029023
111.143903011,0.199417471885681,0.199018041050404
111.153920889,0.199417471885681,0.199503697493507
111.163869057,0.200414568185806,0.200017957378687
111.173359866,0.201411664485931,0.200543195528951
111.18390599,0.200414568185806,0.201068740568643
111.193199103,0.201411664485931,0.201589105341145
111.203276435,0.201411664485931,0.202096884161645
111.2137768,0.203405827283859,0.202578415801655
111.223249496,0.203405827283859,0.203017686463937
111.233298159,0.203405827283859,0.203403448580036
111.243403146,0.203405827283859,0.20373059323854
111.253201583,0.204402923583984,0.203995999643717
111.263207757,0.204402923583984,0.204196921244538
111.273283148,0.204402923583984,0.204333309525226
111.283906771,0.204402923583984,0.204408837116429
111.293901218,0.204402923583984,0.204429292470662
111.303252527,0.205400004982948,0.204402239276721
111.313899158,0.203405827283859,0.204339139739497
111.323901437,0.203405827283859,0.20425316955058
111.33334434,0.205400004982948,0.204152505282238
111.343897136,0.203405827283859,0.204040738130055
111.353901274,0.204402923583984,0.203922918740608
111.363905229,0.204402923583984,0.203807867587486
111.373909105,0.203405827283859,0.203709255537409
111.383896681,0.203405827283859,0.203645256578293
111.393908786,0.203405827283859,0.203633851351133
111.403267091,0.203405827283859,0.203688718663726
111.413348024,0.203405827283859,0.203818014088855
111.423893931,0.204402923583984,0.204024441308169
111.433900143,0.203405827283859,0.204306442966516
111.443909931,0.205400004982948,0.204659123281141
111.453933175,0.204402923583984,0.205074925566233
111.463916703,0.205400004982948,0.205544161087847
111.473926834,0.205400004982948,0.206052907564372
111.48390149,0.207394182682037,0.2065811403082
111.49335188,0.207394182682037,0.207106682045408
111.503312763,0.208391278982162,0.207612717276947
111.513914305,0.208391278982162,0.208092670985676
111.523893355,0.208391278982162,0.208550119800621
111.53391774,0.209388360381126,0.208995193516283
111.543904466,0.209388360381126,0.209441383209108
111.553919439,0.208391278982162,0.209902575509504
111.563911844,0.21038544178009,0.210386105257721
111.573353861,0.211382538080215,0.210888196061057
111.583911276,0.21038544178009,0.2113982715819
111.593910896,0.212379619479179,0.211902946186637
111.603334019,0.211382538080215,0.212384604638398
111.613909014,0.213376700878143,0.212820140758116
111.623909753,0.214373797178268,0.213184194765223
111.633905265,0.212379619479179,0.213456025769979
111.643893355,0.213376700878143,0.213619939483662
111.653356372,0.215370878577232,0.213659705249659
111.663903617,0.213376700878143,0.213561850809873
111.673911143,0.213376700878143,0.213322871449886
111.68392158,0.213376700878143,0.212947382694787
111.693918585,0.212379619479179,0.212443899969448
111.703605641,0.212379619479179,0.21182478201667
111.71391574,0.211382538080215,0.21110752267271
111.723914853,0.21038544178009,0.210315797984153
111.733360442,0.21038544178009,0.209479887579992
111.743903488,0.208391278982162,0.208637283086111
111.75391223,0.207394182682037,0.207831518885072
111.763913874,0.206397086381912,0.207105808754022
111.773907093,0.206397086381912,0.206495906685022
111.783908918,0.205400004982948,0.20602794325813
111.793924781,0.205400004982948,0.205719186445854
111.803737135,0.205400004982948,0.20557853026522
111.813365389,0.205400019884109,0.205607658817407
111.823905732,0.204402923583984,0.205801367363945
111.833905575,0.205400019884109,0.206143047556345
111.843896333,0.207394182682037,0.206600766390336
111.853905536,0.207394182682037,0.207133557241477
111.863891598,0.207394182682037,0.207701942064399
111.873914078,0.208391264081001,0.208270260406989
111.883297256,0.21038544178009,0.208805569397125
111.893358971,0.209388345479965,0.209283106157613
111.90394916,0.209388345479965,0.209691043867957
111.913916888,0.209388345479965,0.21002447127571
111.923895504,0.211382538080215,0.210276817205983
111.93390722,0.21038544178009,0.210440776230672
111.943906634,0.21038544178009,0.210513592807442
111.953905052,0.21038544178009,0.210496258804033
111.963892934,0.211382538080215,0.210390645060971
111.973363454,0.21038544178009,0.210202484129626
111.983894244,0.208391264081001,0.209943543280412
111.993907308,0.21038544178009,0.209624935804031
112.00390653,0.21038544178009,0.209253254084396
112.013905981,0.209388345479965,0.208839873950565
112.023909409,0.207394182682037,0.208408694997021
112.033899137,0.208391278982162,0.207990132902752
112.04391227,0.207394182682037,0.207612783441966
112.053365398,0.207394182682037,0.207302746610409
112.063906881,0.206397086381912,0.207084741353257
112.073909642,0.206397086381912,0.206979175346963
112.083275475,0.206397086381912,0.206997314010316
112.093905825,0.206397086381912,0.207138122122034
112.103897833,0.206397086381912,0.207386573192525
112.113888631,0.208391264081001,0.207713466341256
112.12390513,0.209388345479965,0.208082342204163
112.133366763,0.208391264081001,0.20846272434025
112.143901737,0.208391264081001,0.208835819728035
112.153901848,0.208391264081001,0.209186672874122
112.163897313,0.21038544178009,0.20949511550442
112.173906569,0.21038544178009,0.209737785385319
112.183915781,0.21038544178009,0.209897665610851
112.193905422,0.21038544178009,0.209969675993179
112.203908849,0.21038544178009,0.209959981410791
112.213370054,0.209388345479965,0.209883085719722
112.223909336,0.208391278982162,0.209755293634093
112.233907653,0.21038544178009,0.209585620976231
112.24390103,0.209388360381126,0.209374448200055
112.253897544,0.21038544178009,0.209122376580634
112.263906453,0.208391278982162,0.20883864176423
112.273755489,0.207394182682037,0.208539757386696
112.283905888,0.209388360381126,0.208240843667938
112.293369135,0.207394182682037,0.207952562912107
112.303263867,0.206397086381912,0.207683374543886
112.313907473,0.207394182682037,0.207434998785506
112.323913295,0.208391278982162,0.207198865798571
112.333893264,0.206397086381912,0.206964095108181
112.343903964,0.207394182682037,0.206725240520719
112.353906906,0.205400004982948,0.206480723040643
112.363889244,0.206397086381912,0.206227355412074
112.37337336,0.206397086381912,0.205957639337902
112.38390856,0.205400004982948,0.205662567251288
112.393903715,0.205400004982948,0.205334785836675
112.403226387,0.206397086381912,0.20496964243984
112.413905031,0.204402923583984,0.204569530571836
112.423911178,0.203405827283859,0.204146315158445
112.433178112,0.203405827283859,0.20371385356663
112.443904931,0.203405827283859,0.203279666191671
112.453382382,0.203405827283859,0.202846095246788
112.463912251,0.202408745884895,0.202416826642107
112.47389126,0.202408745884895,0.202000748749881
112.483910945,0.201411664485931,0.201611711335477
112.493901737,0.201411664485931,0.201266635112515
112.503405561,0.200414568185806,0.200983016930418
112.51391885,0.200414568185806,0.200775499082898
112.523892402,0.200414568185806,0.200652486940713
112.533381703,0.200414568185806,0.200615176974534
112.543915496,0.200414568185806,0.200658827701954
112.553919303,0.200414568185806,0.200773598887946
112.563915213,0.200414568185806,0.200943732437856
112.573908968,0.20141164958477,0.201146609697895
112.583905641,0.20141164958477,0.201354664284701
112.593909663,0.202408730983734,0.201540608574944
112.603596338,0.20141164958477,0.201682547752806
112.613378505,0.202408730983734,0.201765550606763
112.623893337,0.202408730983734,0.201781441459012
112.63358792,0.202408730983734,0.201731085037188
112.643907515,0.20141164958477,0.20162667714534
112.65390797,0.20141164958477,0.201488726847954
112.663902631,0.20141164958477,0.20134014003958
112.673896296,0.200414568185806,0.201202304995868
112.683891724,0.201411664485931,0.201092736885898
112.69339173,0.200414568185806,0.201023853836454
112.703822065,0.200414568185806,0.201002527006231
112.713911386,0.200414568185806,0.201027510851944
112.723909292,0.20141164958477,0.201087271389729
112.733815363,0.20141164958477,0.201163533593299
112.743893978,0.20141164958477,0.201238118439887
112.753908279,0.20141164958477,0.201296794062251
112.763908714,0.20141164958477,0.201329166804183
112.773383863,0.20141164958477,0.201327550206695
112.783905302,0.200414568185806,0.201285043698339
112.793906303,0.20141164958477,0.201191685922065
112.80391072,0.202408730983734,0.201034141089632
112.813908984,0.20141164958477,0.200804404126937
112.823913128,0.200414568185806,0.200508488987232
112.833917707,0.200414568185806,0.20016463400493
112.843908519,0.199417471885681,0.199796187835268
112.853385724,0.199417471885681,0.199426773111644
112.863910413,0.199417471885681,0.199078603129054
112.873908794,0.198420390486717,0.198773469841474
112.883907802,0.199417471885681,0.198534605016339
112.893901005,0.197423309087753,0.198387616007868
112.903910947,0.197423309087753,0.1983573590218
112.913881279,0.198420390486717,0.198460241369387
112.923905424,0.198420405387878,0.198700734057398
112.933386472,0.198420405387878,0.199074420523281
112.943893903,0.199417486786842,0.199569547037091
112.953909813,0.199417471885681,0.200165833738291
112.963907732,0.200414568185806,0.200833443306091
112.973907282,0.203405827283859,0.201535183070361
112.983912131,0.201411664485931,0.20223518430746
112.993888359,0.203405827283859,0.202905527837628
113.003916071,0.203405827283859,0.203523596642129
113.013397291,0.203405827283859,0.204067363672244
113.023905524,0.205400004982948,0.204513096912785
113.033406137,0.205400004982948,0.20483728981701
113.043904669,0.205400004982948,0.205023298584325
113.053906064,0.206397086381912,0.205066523432947
113.063909591,0.205400004982948,0.20497711311184
113.073907704,0.203405827283859,0.204778943409063
113.083902133,0.204402923583984,0.20449939404835
113.093392285,0.204402923583984,0.204158752798893
113.10390354,0.204402923583984,0.203771959292991
113.113907046,0.204402923583984,0.203358287158278
113.123892106,0.201411664485931,0.202946684551824
113.133908444,0.202408730983734,0.202569719249403
113.143907146,0.202408730983734,0.202253487761053
113.153901499,0.20141164958477,0.202016085945599
113.163906752,0.20141164958477,0.201870151652591
113.173396578,0.20141164958477,0.201821162115235
113.183908903,0.20141164958477,0.201865190595394
113.193913893,0.201411664485931,0.201988666053597
113.20390902,0.202408730983734,0.202168903507099
113.213907037,0.202408730983734,0.202377004364179
113.223892848,0.202408730983734,0.20258225782311
113.233909065,0.203405827283859,0.202754654211942
113.243901248,0.203405827283859,0.202867451231855
113.253393789,0.202408730983734,0.202900400577875
113.263901919,0.203405827283859,0.202838894491698
113.273895874,0.203405827283859,0.202672105426505
113.283904689,0.204402923583984,0.202398355214423
113.293906775,0.202408730983734,0.202035250023522
113.30373998,0.20141164958477,0.201622647771462
113.313901715,0.199417486786842,0.201211464527971
113.323908621,0.20141164958477,0.200846821088734
113.333396676,0.199417486786842,0.200560446526508
113.343898855,0.199417486786842,0.200371464736463
113.353904537,0.201411664485931,0.200286976942488
113.363891459,0.200414568185806,0.20030730135228
113.373903191,0.200414568185806,0.200435664313254
113.383908719,0.199417486786842,0.200679054262905
113.393906148,0.200414568185806,0.20103884332528
113.403915443,0.20141164958477,0.20150298948187
113.413404086,0.203405827283859,0.202049098363082
113.423910614,0.202408730983734,0.20265593107036
113.433909857,0.204402923583984,0.203311848440088
113.443907463,0.203405827283859,0.20401527985823
113.453905611,0.204402923583984,0.204770093710801
113.463911918,0.204402923583984,0.205577269546107
113.473909375,0.206397086381912,0.20642683203073
113.483910698,0.208391278982162,0.207298018979598
113.493402176,0.208391278982162,0.208169210652961
113.503954808,0.208391278982162,0.209026092904592
113.51392979,0.209388360381126,0.209857881403556
113.523197641,0.211382538080215,0.210649857227481
113.533907164,0.21038544178009,0.211383064484925
113.543904116,0.212379619479179,0.212036212676549
113.553899631,0.212379619479179,0.212584892778208
113.563913946,0.214373797178268,0.213003837439347
113.573401856,0.213376700878143,0.213274035562585
113.583894021,0.212379619479179,0.21338593470086
113.5939091,0.214373797178268,0.213333827675668
113.603924069,0.214373797178268,0.213113546411213
113.613894508,0.212379619479179,0.212730197810305
113.623159714,0.212379619479179,0.212201450498464
113.633903938,0.211382538080215,0.21155095788043
113.643905351,0.211382538080215,0.210803474999216
113.653405508,0.21038544178009,0.209986492387684
113.663911322,0.209388345479965,0.2091338921652
113.673904832,0.208391278982162,0.208287052474285
113.68390405,0.207394182682037,0.207492672129525
113.693892241,0.206397086381912,0.206799099290176
113.703895036,0.205400019884109,0.206251533198832
113.713897513,0.205400019884109,0.205886445221101
113.723142015,0.204402923583984,0.205726958236138
113.733408758,0.205400019884109,0.205779779757117
113.743910293,0.205400019884109,0.206034550114514
113.753904099,0.206397086381912,0.206466788741771
113.763896367,0.206397086381912,0.207041990536315
113.773907901,0.207394182682037,0.207717392863118
113.7838965,0.208391278982162,0.208442124415827
113.793893037,0.209388360381126,0.209159274687885
113.803934785,0.21038544178009,0.209810937900831
113.813413071,0.211382538080215,0.210344745657367
113.823371838,0.212379619479179,0.210721725994693
113.83388696,0.211382538080215,0.210923877415015
113.84389195,0.211382538080215,0.210955612234855
113.853906627,0.211382538080215,0.210838116737574
113.863905575,0.21038544178009,0.21060318419119
113.873889821,0.21038544178009,0.210288773746813
113.883905195,0.209388360381126,0.209934351865175
113.893390938,0.209388360381126,0.209576580764085
113.903877928,0.208391278982162,0.209245882773192
113.91388216,0.208391278982162,0.208963141523682
113.923559947,0.208391278982162,0.208737249383494
113.933883897,0.208391278982162,0.208565721296038
113.94388423,0.209388360381126,0.208439498412196
113.953877729,0.207394182682037,0.2083493073685
113.963878863,0.208391278982162,0.208287109810535
113.973396622,0.208391278982162,0.208242823013579
113.9835106,0.208391278982162,0.208204424002412
113.993881392,0.208391278982162,0.208161649248033
114.003885437,0.208391278982162,0.208108233256156
114.013885014,0.208391278982162,0.208042879457063
114.023748624,0.207394182682037,0.207969085638061
114.033880576,0.208391278982162,0.207892535221796
114.043878711,0.206397086381912,0.20781732596567
114.053392065,0.208391278982162,0.207742273727532
114.063875079,0.207394182682037,0.207659879647643
114.073879776,0.207394182682037,0.207559314675219
114.083881557,0.208391278982162,0.207429594581128
114.093158327,0.207394182682037,0.207263140904592
114.103886111,0.207394182682037,0.20705992248253
114.113881719,0.206397086381912,0.206827022188367
114.123908773,0.205400004982948,0.206572316176918
114.13339287,0.206397086381912,0.20629613658973
114.143884063,0.207394182682037,0.205990064997738
114.153882097,0.205400004982948,0.205646816166943
114.163878602,0.205400004982948,0.20526810613422
114.173873427,0.204402923583984,0.204861349780846
114.183880259,0.204402923583984,0.204433094255456
114.193878493,0.203405827283859,0.203985690627128
114.203873885,0.203405827283859,0.203515782496374
114.213395113,0.203405827283859,0.20301457782373
114.223881175,0.204402923583984,0.202473926015711
114.233885853,0.202408745884895,0.201898321987221
114.243879713,0.200414568185806,0.201311021026455
114.253116136,0.200414568185806,0.20074487901333
114.263877815,0.200414568185806,0.200229384602812
114.273214608,0.199417471885681,0.199787823138255
114.283672614,0.198420390486717,0.199438706819101
114.293398444,0.198420390486717,0.199191737895157
114.303668823,0.199417471885681,0.199043227897778
114.313695554,0.199417471885681,0.198980041782894
114.323183922,0.198420405387878,0.198988149434183
114.333694994,0.198420405387878,0.199054110414376
114.343172255,0.199417486786842,0.199159772965153
114.353910868,0.199417486786842,0.199281071032714
114.363890947,0.199417486786842,0.199392633852437
114.373172991,0.200414568185806,0.199472078637545
114.383905103,0.199417486786842,0.199503159616795
114.393170656,0.200414568185806,0.199478213491696
114.40390189,0.199417486786842,0.199398901089048
114.413171158,0.199417486786842,0.199275399436046
114.423909617,0.199417486786842,0.199124017676748
114.433163434,0.198420405387878,0.198964364751917
114.443907826,0.198420405387878,0.198815753873092
114.453167835,0.198420405387878,0.198692467105338
114.463914969,0.198420405387878,0.198601475512966
114.473164049,0.198420405387878,0.198543654871305
114.483901473,0.199417471885681,0.198517018695651
114.493161806,0.198420405387878,0.198521915858666
114.503912173,0.198420405387878,0.198564226073622
114.5131686,0.198420405387878,0.198652558302146
114.523906972,0.198420405387878,0.198793311135356
114.533146759,0.198420405387878,0.198987419085177
114.543905982,0.198420405387878,0.199227365944988
114.553167466,0.200414568185806,0.199495795001345
114.563902882,0.199417471885681,0.199769843564027
114.57317293,0.200414568185806,0.20002756920195
114.583909768,0.200414568185806,0.200250293589822
114.593173695,0.200414568185806,0.200422621240444
114.603913271,0.200414568185806,0.200531845834103
114.613166129,0.200414568185806,0.200565758016265
114.623170103,0.200414568185806,0.200510464532213
114.633903544,0.201411664485931,0.200351135900797
114.643169362,0.201411664485931,0.200078604474382
114.653911197,0.199417471885681,0.199698102849648
114.663167527,0.199417471885681,0.199229700401662
114.673908748,0.198420390486717,0.198700322681561
114.6831763,0.198420390486717,0.198137557372642
114.693433436,0.196426212787628,0.197567378786678
114.703913579,0.196426212787628,0.197009959621504
114.713189751,0.197423309087753,0.196475700829687
114.723159004,0.196426212787628,0.195970320657178
114.73390715,0.195429131388664,0.195504775199192
114.743150815,0.1944320499897,0.195096605097298
114.753903795,0.1944320499897,0.194762462467999
114.763119166,0.1944320499897,0.194512069732666
114.773143729,0.1944320499897,0.19434859381393
114.78316122,0.193434953689575,0.194271272252631
114.793907639,0.195429131388664,0.194276242647499
114.80311677,0.195429131388664,0.194360854606629
114.813906668,0.193434953689575,0.194531500339072
114.823148893,0.1944320499897,0.194801757617208
114.833909313,0.195429131388664,0.195182047503208
114.843152654,0.195429131388664,0.195676444455001
114.853438107,0.195429131388664,0.196285134166463
114.863160687,0.196426212787628,0.197001863371055
114.873162746,0.198420405387878,0.197810358539422
114.883151475,0.199417486786842,0.198689109296371
114.893164327,0.198420405387878,0.19961953832635
114.903904871,0.200414568185806,0.200584746697829
114.913154174,0.20141164958477,0.201561876610975
114.923904002,0.203405827283859,0.20252170925842
114.9331497,0.203405827283859,0.203435985545996
114.943906839,0.205400004982948,0.204283764597119
114.953899594,0.205400004982948,0.205054714522825
114.963150966,0.206397086381912,0.205751061439047
114.973911177,0.204402923583984,0.206384440757549
114.983103376,0.206397086381912,0.206963683134768
114.993902086,0.209388360381126,0.207485279733806
115.0031531,0.207394182682037,0.207940938327809
115.013442863,0.209388360381126,0.208330362996709
115.023898282,0.207394182682037,0.208662164261155
115.03314988,0.209388360381126,0.208946850119646
115.043899554,0.208391278982162,0.209191015688406
115.053098253,0.209388360381126,0.209395206580559
115.063130254,0.209388360381126,0.209554021155814
115.073125614,0.211382538080215,0.209659756944583
115.083126911,0.209388360381126,0.209710994909418
115.093129848,0.209388360381126,0.209716968021543
115.10312629,0.209388360381126,0.209691108189587
115.113124454,0.209388360381126,0.209642870178044
115.123125271,0.209388360381126,0.209575542626258
115.133063184,0.209388360381126,0.209487233450391
115.143117285,0.209388360381126,0.209372313749907
115.153130222,0.209388360381126,0.209223344965448
115.163131975,0.209388360381126,0.209033587954206
115.173451482,0.208391278982162,0.208798906823657
115.183127374,0.209388360381126,0.208517871972778
115.193128469,0.208391278982162,0.208192784608281
115.20313094,0.208391278982162,0.20783296008053
115.213134643,0.207394182682037,0.207456232800461
115.223152807,0.207394182682037,0.207087151831852
115.233100167,0.205400004982948,0.206752827006515
115.243141226,0.206397086381912,0.206475950342798
115.253152794,0.206397086381912,0.206269765035733
115.263103516,0.206397086381912,0.206141145068262
115.273015133,0.206397086381912,0.206097518968625
115.283146344,0.205400004982948,0.206149511419575
115.293102145,0.205400004982948,0.206306481773744
115.303138372,0.206397086381912,0.20656873578493
115.313131755,0.206397086381912,0.206924202635938
115.323149652,0.207394182682037,0.207350923898729
115.333148837,0.208391278982162,0.207821629618526
115.343142193,0.208391278982162,0.208309499603259
115.353140378,0.209388345479965,0.208792989717627
115.363116593,0.209388345479965,0.209257603336429
115.373148576,0.208391278982162,0.209693726973479
115.383120599,0.211382538080215,0.210090859756624
115.393893912,0.21038544178009,0.210436408785737
115.403052324,0.211382538080215,0.210721920923478
115.413063658,0.21038544178009,0.210946407816167
115.423098267,0.211382538080215,0.211112953985843
115.4331078,0.211382538080215,0.211225254542233
115.443115139,0.212379619479179,0.211289325687666
115.453108024,0.211382538080215,0.211318973796781
115.463116357,0.21038544178009,0.211336930280444
115.473116841,0.212379619479179,0.211368712356839
115.483112261,0.21038544178009,0.211438019572383
115.493120755,0.211382538080215,0.211565811019553
115.503105166,0.211382538080215,0.211767300016168
115.513061492,0.212379619479179,0.212050408597166
115.523112788,0.212379619479179,0.212419330210285
115.533109874,0.213376700878143,0.2128790415293
115.543118103,0.212379619479179,0.213436673176424
115.553112472,0.212379619479179,0.214095665796398
115.563110078,0.214373797178268,0.214843940437679
115.573060435,0.215370878577232,0.215647997101154
115.583120536,0.217365056276321,0.216459849036089
115.593118698,0.218362152576447,0.217230838203563
115.603123144,0.218362152576447,0.217923975072991
115.613111093,0.21935923397541,0.218519111547379
115.623123521,0.218362152576447,0.219010356579156
115.633113893,0.218362152576447,0.21939750587718
115.643119996,0.220356315374374,0.219675654810397
115.653038354,0.2213534116745,0.219834970200844
115.663113951,0.220356315374374,0.219873363053937
115.67311804,0.21935923397541,0.219805002849342
115.683104216,0.219359219074249,0.219654083908389
115.693063206,0.219359219074249,0.219444153658273
115.703066915,0.218362137675285,0.219193147589063
115.713024135,0.218362137675285,0.218911049576698
115.723119927,0.219359219074249,0.218598505054157
115.733068451,0.219359219074249,0.218252780228685
115.743068183,0.217365056276321,0.217878354772138
115.753067057,0.216367974877357,0.217487596406252
115.76306429,0.217365056276321,0.217090097565756
115.773062633,0.217365056276321,0.216687658606117
115.783067571,0.215370893478394,0.216280039512534
115.793063801,0.215370893478394,0.215866883830582
115.803069186,0.216367959976196,0.215443163642565
115.813063929,0.214373797178268,0.215000062750838
115.823101926,0.214373797178268,0.214528759195344
115.833068077,0.213376700878143,0.214018028011314
115.843065886,0.213376700878143,0.213449829962754
115.853041094,0.213376700878143,0.212799759993072
115.863070944,0.213376700878143,0.212044050162462
115.873067495,0.211382538080215,0.211169615346335
115.883047426,0.21038544178009,0.210178312464903
115.893098443,0.208391278982162,0.20908169104922
115.903064174,0.207394182682037,0.207891523157418
115.913067577,0.207394182682037,0.206613876225621
115.923074594,0.205400004982948,0.205251814359867
115.933084386,0.204402923583984,0.203812617353489
115.943103841,0.203405827283859,0.202312786571204
115.953104875,0.200414568185806,0.200780630786809
115.963017883,0.198420405387878,0.199253419738703
115.973087557,0.197423309087753,0.197767218900792
115.983067451,0.196426212787628,0.19634926831996
115.993073937,0.195429131388664,0.195020130991118
116.003075541,0.1944320499897,0.193801058164571
116.013067202,0.19243785738945,0.192719469138388
116.023042594,0.191440775990486,0.191808084220903
116.033073112,0.190443694591522,0.191098458069962
116.043038856,0.188449531793594,0.19061224376356
116.053075229,0.191440775990486,0.190353566506355
116.063033164,0.189446613192558,0.190310037263212
116.073070986,0.190443694591522,0.190460990374623
116.083043641,0.189446613192558,0.190779940620346
116.092947195,0.191440775990486,0.191230352859793
116.103034484,0.191440775990486,0.191764554721602
116.1130238,0.193434953689575,0.192329212423022
116.123037697,0.193434953689575,0.192874366237915
116.13302697,0.193434953689575,0.193360468276235
116.143032678,0.195429131388664,0.193760450853377
116.153037064,0.19243785738945,0.194058957893336
116.163031237,0.1944320499897,0.194246684035408
116.172984591,0.195429131388664,0.194312842014993
116.183055139,0.195429131388664,0.194249214306789
116.192954292,0.1944320499897,0.194062020414051
116.203028102,0.19243785738945,0.193773196752434
116.21303082,0.193434953689575,0.193408308151653
116.223049089,0.193434953689575,0.192986570319567
116.233026668,0.192437872290611,0.192523091798429
116.243053716,0.191440790891647,0.192033679669324
116.253012532,0.192437872290611,0.191533930897268
116.263007515,0.191440790891647,0.191040192287813
116.273033376,0.189446598291397,0.190573366970869
116.283003543,0.190443694591522,0.190155955778051
116.293030088,0.189446598291397,0.18980587661342
116.303011355,0.190443694591522,0.189537194977559
116.313007077,0.188449531793594,0.189364743109275
116.323034202,0.188449531793594,0.189303055784474
116.333010164,0.189446613192558,0.189359320281961
116.343033989,0.189446613192558,0.189530651184698
116.352970484,0.189446598291397,0.189808202719253
116.36304125,0.190443694591522,0.190180228507447
116.372965082,0.190443694591522,0.190632925568052
116.383030193,0.191440790891647,0.191151938032468
116.392959102,0.192437872290611,0.191724796570644
116.402965297,0.192437872290611,0.192344571262771
116.412961875,0.192437872290611,0.193011009110585
116.422961855,0.193434953689575,0.193725336887674
116.432958169,0.1944320499897,0.194484061471019
116.442968183,0.195429131388664,0.195278397045539
116.452963068,0.196426212787628,0.196098081150445
116.46298263,0.196426212787628,0.196934453170145
116.472958216,0.198420405387878,0.197780343887312
116.482963501,0.198420405387878,0.198629596433939
116.492963243,0.198420405387878,0.199476375306879
116.502996227,0.200414568185806,0.200310446975822
116.512975128,0.201411664485931,0.201113877158575
116.522976253,0.202408745884895,0.201865985953012
116.532981594,0.202408745884895,0.202550298017197
116.542936088,0.203405827283859,0.203155943916902
116.55298418,0.203405827283859,0.203675164180525
116.56301532,0.205400004982948,0.204102444165131
116.572989908,0.204402923583984,0.204438088932604
116.583009042,0.204402923583984,0.204691045166492
116.592938896,0.205400004982948,0.204875661983238
116.602966855,0.204402923583984,0.205007507434465
116.612997019,0.205400004982948,0.205101935342535
116.623002123,0.205400004982948,0.205173770453982
116.633001472,0.205400004982948,0.205239108468723
116.642990504,0.204402923583984,0.205316262496912
116.653000044,0.206397086381912,0.205422869642182
116.662947258,0.204402923583984,0.205574072782349
116.672991284,0.205400004982948,0.205781423770121
116.683012116,0.206397086381912,0.206049563509842
116.692961683,0.206397086381912,0.206377059428021
116.702942422,0.206397086381912,0.206761293332189
116.712946553,0.207394182682037,0.207199470625225
116.722957386,0.207394182682037,0.207687113558317
116.732946605,0.207394182682037,0.208216749426146
116.742972922,0.209388360381126,0.208775584271972
116.752948707,0.209388360381126,0.209346298592278
116.762945081,0.21038544178009,0.209912545167671
116.772953681,0.209388360381126,0.210461549448233
116.78295582,0.211382538080215,0.210980176888523
116.792950618,0.211382538080215,0.211451368783036
116.802947331,0.212379619479179,0.211856533847027
116.812952889,0.212379619479179,0.212180277114192
116.822968578,0.212379619479179,0.212412537534351
116.832950528,0.213376700878143,0.212548437292178
116.842956908,0.212379619479179,0.212588693127305
116.852937501,0.213376700878143,0.212540688466431
116.862945394,0.212379619479179,0.212418861928111
116.872951476,0.213376700878143,0.212245569885131
116.882957696,0.211382538080215,0.212052108603534
116.892952319,0.211382538080215,0.211875458506886
116.902980576,0.212379619479179,0.211751441057877
116.912947106,0.21038544178009,0.211711486170499
116.922973529,0.21038544178009,0.211779650826297
116.932954118,0.211382538080215,0.211963983978946
116.942973399,0.212379619479179,0.212252363950853
116.952943869,0.211382538080215,0.212617953888662
116.962936953,0.213376700878143,0.213023930279087
116.972946497,0.214373797178268,0.213426684128145
116.982934555,0.214373797178268,0.213784829525776
116.992954588,0.214373797178268,0.214068256895019
117.002962138,0.213376700878143,0.214257466806516
117.012958166,0.215370893478394,0.214336464053281
117.022974228,0.215370893478394,0.214291561150044
117.032936134,0.214373797178268,0.214119078116595
117.042977886,0.214373797178268,0.213830284926054
117.052938751,0.214373797178268,0.213449658291002
117.062933583,0.212379619479179,0.213012822711996
117.072935565,0.211382538080215,0.212561044038777
117.082931817,0.211382538080215,0.212128944447507
117.09293302,0.211382538080215,0.211735239627151
117.102929394,0.212379619479179,0.21138508953256
117.112933492,0.21038544178009,0.21107968814068
117.122942232,0.21038544178009,0.210821020122373
117.132932575,0.211382538080215,0.210609073031162
117.142939682,0.21038544178009,0.210442036164828
117.152924775,0.209388360381126,0.210319484220834
117.162935523,0.21038544178009,0.210239324668546
117.172934208,0.21038544178009,0.210193821927754
117.182934845,0.21038544178009,0.210172692372699
117.192935147,0.21038544178009,0.210168129236809
117.202933006,0.209388360381126,0.210175332030003
117.212976411,0.21038544178009,0.210188699974246
117.222939454,0.211382538080215,0.210200420973634
117.232934547,0.209388360381126,0.210205543341176
117.24293891,0.209388360381126,0.21020309825791
117.252937591,0.21038544178009,0.21018809398256
117.262937908,0.21038544178009,0.210147666456043
117.272948361,0.21038544178009,0.21006680441021
117.282933941,0.209388360381126,0.209933316929794
117.292947553,0.21038544178009,0.209737036613825
117.302943495,0.209388360381126,0.209468796361891
117.312942312,0.21038544178009,0.209123359465539
117.322931545,0.208391278982162,0.208703830006376
117.332941394,0.208391278982162,0.208222335898041
117.342936837,0.208391278982162,0.207696911701573
117.352939369,0.206397086381912,0.207149629421758
117.362929089,0.206397086381912,0.206604297617633
117.372935182,0.205400004982948,0.20608065051222
117.382926405,0.206397086381912,0.205591174902344
117.39293599,0.204402923583984,0.205144144937597
117.402928872,0.205400004982948,0.204747296741818
117.412935729,0.203405827283859,0.204407975140694
117.422922726,0.203405827283859,0.20412958729456
117.432917072,0.204402923583984,0.203906881329963
117.44292959,0.203405827283859,0.203726617656373
117.452936753,0.204402923583984,0.203573736920515
117.462919371,0.203405827283859,0.203436649579234
117.472926182,0.204402923583984,0.203310591700482
117.482920585,0.202408730983734,0.203199256612068
117.492918649,0.203405827283859,0.203112149968754
117.502923038,0.202408730983734,0.203058936060396
117.512923659,0.202408730983734,0.203044588003022
117.52292631,0.203405827283859,0.203066506671955
117.532924832,0.203405827283859,0.203116169594256
117.542917794,0.203405827283859,0.203185347332847
117.55292814,0.203405827283859,0.203270412049893
117.562931314,0.203405827283859,0.203372230804603
117.572929158,0.202408730983734,0.203493039401901
117.582926869,0.203405827283859,0.203630311511912
117.592924532,0.203405827283859,0.203771594496942
117.60293711,0.204402923583984,0.203895691837472
117.612921458,0.204402923583984,0.203979125048783
117.622920018,0.204402923583984,0.20400298318425
117.632905921,0.204402923583984,0.203956630147398
117.642933247,0.204402923583984,0.203838630554416
117.65291601,0.203405827283859,0.203656427261269
117.662929479,0.202408745884895,0.203422168414508
117.672929777,0.203405827283859,0.203144570764285
117.68291159,0.203405827283859,0.202825874047492
117.692929048,0.202408745884895,0.202467688149077
117.702910875,0.202408745884895,0.202076398196524
117.71291726,0.201411664485931,0.201662764589205
117.722929247,0.201411664485931,0.20123954098588
117.732941338,0.200414568185806,0.200819543737056
117.742910536,0.199417471885681,0.200412605448883
117.752923854,0.200414568185806,0.200021173842063
117.762919426,0.200414568185806,0.199640984354691
117.772921034,0.199417471885681,0.199269383557165
117.782917735,0.199417471885681,0.198912079809043
117.792911272,0.198420390486717,0.198583034055728
117.802914381,0.197423309087753,0.198300007180967
117.8129543,0.198420405387878,0.198078151688621
117.822919095,0.197423309087753,0.197926611612054
117.832910916,0.197423309087753,0.197849164012564
117.842907925,0.198420405387878,0.197844748026611
117.852901263,0.197423309087753,0.197909114009773
117.862910426,0.198420405387878,0.198037597794426
117.872922242,0.197423309087753,0.198225126709109
117.882930718,0.197423309087753,0.198462237973984
117.892911228,0.199417471885681,0.198729894744433
117.902903253,0.200414568185806,0.199002580413394
117.912868524,0.199417471885681,0.19926135906196
117.92290613,0.199417471885681,0.199501488192026
117.932907325,0.199417471885681,0.199726995970954
117.942889867,0.199417471885681,0.199941606295548
117.952915684,0.200414568185806,0.200143930188837
117.96291592,0.199417471885681,0.200326895621754
117.97290309,0.20141164958477,0.200478815217317
117.982913027,0.20141164958477,0.20058754803631
117.992904947,0.201411664485931,0.200649276613373
118.002899387,0.199417486786842,0.200672837590607
118.012881721,0.200414568185806,0.200671733127665
118.022919466,0.200414568185806,0.200652946246447
118.032911145,0.200414568185806,0.200614254400891
118.042901851,0.201411664485931,0.200548604131395
118.0529098,0.200414568185806,0.200450275773002
118.062905528,0.201411664485931,0.200320286254633
118.072903528,0.200414568185806,0.200169775838805
118.08290874,0.200414568185806,0.200021321482205
118.092913592,0.198420405387878,0.199905291437748
118.102906378,0.199417471885681,0.19984948424566
118.112919906,0.199417471885681,0.199869427085799
118.122904986,0.200414568185806,0.199968073801119
118.13291706,0.200414568185806,0.200143259558391
118.142916636,0.200414568185806,0.200394863183626
118.152906343,0.200414568185806,0.200726375324499
118.162911857,0.199417471885681,0.201139540417038
118.172911892,0.201411664485931,0.201624691218788
118.182914714,0.201411664485931,0.202154749004068
118.192916911,0.203405827283859,0.202688429131698
118.20290337,0.204402923583984,0.203180554765458
118.212913038,0.204402923583984,0.203594970992407
118.222907176,0.204402923583984,0.203912970592766
118.232906518,0.204402923583984,0.20413263518272
118.242914559,0.203405827283859,0.204262130181398
118.252920377,0.203405827283859,0.204309700963255
118.262907147,0.205400004982948,0.204275575126434
118.272911631,0.204402923583984,0.204154907851564
118.282915291,0.204402923583984,0.203947780560313
118.292911827,0.203405827283859,0.203663070028845
118.302910951,0.203405827283859,0.203314827297875
118.312908139,0.203405827283859,0.202918924659494
118.322914713,0.202408730983734,0.202493662924414
118.332915237,0.20141164958477,0.20206004301632
118.342913937,0.202408730983734,0.201638676073096
118.352906804,0.202408730983734,0.20125082830655
118.362893639,0.201411664485931,0.200927107541638
118.372899723,0.199417471885681,0.200711388289901
118.382898503,0.200414568185806,0.200651378770111
118.392917768,0.200414568185806,0.200786863225204
118.402918825,0.199417471885681,0.201145278543126
118.412911108,0.200414568185806,0.201737240826779
118.422913294,0.202408730983734,0.202550170995331
118.432920382,0.203405827283859,0.203550405934495
118.442910305,0.204402923583984,0.204692720980194
118.452905575,0.205400004982948,0.20592601344157
118.462909507,0.207394182682037,0.207193407565118
118.472909894,0.209388360381126,0.208434450291955
118.482909661,0.21038544178009,0.209593213372161
118.492911294,0.211382538080215,0.210626904933062
118.5028964,0.212379619479179,0.211509492497073
118.512915255,0.212379619479179,0.212231204135755
118.522908347,0.212379619479179,0.212794463571778
118.532903499,0.214373797178268,0.213207826841161
118.54290529,0.213376700878143,0.213484523151885
118.552912812,0.213376700878143,0.213644116434959
118.562905712,0.212379619479179,0.21370776456922
118.57291156,0.214373797178268,0.213689348623181
118.582908588,0.213376700878143,0.213593980026826
118.592909782,0.213376700878143,0.213423607812014
118.602909551,0.213376700878143,0.213180332841173
118.612912327,0.213376700878143,0.212867352817606
118.622898044,0.212379619479179,0.212491437544575
118.632910207,0.211382538080215,0.212062886779596
118.642910208,0.211382538080215,0.211590192048651
118.652905208,0.211382538080215,0.211075830760338
118.662908602,0.212379619479179,0.210520965172509
118.672914644,0.209388345479965,0.209936308201016
118.682912445,0.208391278982162,0.209344519148327
118.6929071,0.208391278982162,0.20876860575604
118.702912792,0.208391278982162,0.208221791470112
118.712914325,0.207394182682037,0.20770901197213
118.722897878,0.208391278982162,0.207233155653458
118.732904147,0.206397086381912,0.206800605903022
118.742907929,0.206397086381912,0.206423329628327
118.752903978,0.206397086381912,0.206116036960006
118.762908824,0.205400004982948,0.205893460962491
118.772943083,0.205400004982948,0.205768793017266
118.782910117,0.205400004982948,0.205750342889628
118.7929034,0.206397086381912,0.205840133606909
118.80291508,0.205400004982948,0.206036906152579
118.812906473,0.206397086381912,0.206338187642974
118.822913053,0.205400004982948,0.206737473911828
118.832909113,0.207394182682037,0.207219244501262
118.842910158,0.208391278982162,0.207758590107029
118.852910789,0.208391278982162,0.208328420564582
118.862913002,0.208391278982162,0.208905478252355
118.872912146,0.21038544178009,0.209469076431145
118.882908803,0.21038544178009,0.210000975415607
118.892890947,0.21038544178009,0.210489471334526
118.902914845,0.211382538080215,0.210930132367389
118.912897351,0.211382538080215,0.211323422234558
118.922911366,0.211382538080215,0.211673283611121
118.932909755,0.212379619479179,0.211985368614151
118.942909439,0.212379619479179,0.21226616961619
118.952908514,0.212379619479179,0.212524258023788
118.962903511,0.212379619479179,0.212769526803565
118.972910847,0.212379619479179,0.213008945546509
118.982914366,0.214373797178268,0.213243935528992
118.992902686,0.213376700878143,0.213474516924418
119.002912896,0.212379619479179,0.213703564474107
119.012915658,0.214373797178268,0.213931900542656
119.022912956,0.214373797178268,0.214153442354415
119.032912824,0.214373797178268,0.214359662981053
119.042908598,0.214373797178268,0.214544221845472
119.052908173,0.214373797178268,0.214701306352719
119.062915603,0.215370878577232,0.214823108095046
119.072910432,0.214373797178268,0.214900537099832
119.082909349,0.214373797178268,0.214923377874491
119.092913273,0.214373797178268,0.214876124008769
119.102909937,0.216367959976196,0.214736341146407
119.112908507,0.214373797178268,0.214482493298821
119.122912672,0.215370878577232,0.2141037165389
119.132914901,0.213376700878143,0.21360266655754
119.142951904,0.212379619479179,0.212991639691616
119.152915819,0.213376700878143,0.212285906127974
119.162916973,0.211382538080215,0.211501973470154
119.172918253,0.21038544178009,0.210660476083049
119.182915825,0.209388345479965,0.209784084839935
119.192907344,0.209388345479965,0.208892658830896
119.202920327,0.208391264081001,0.208004436544077
119.212910761,0.206397086381912,0.207140198118176
119.222904411,0.205400019884109,0.206320743283247
119.232905187,0.205400019884109,0.205558590127467
119.242911162,0.205400019884109,0.20485540411539
119.252920379,0.203405827283859,0.204207555590787
119.262898892,0.203405827283859,0.203609168084816
119.272885295,0.203405827283859,0.203050066129657
119.282908752,0.203405827283859,0.202517994343471
119.292938812,0.202408745884895,0.2020066175037
119.302917445,0.200414568185806,0.201518932549675
119.312909488,0.201411664485931,0.201060918582329
119.322914798,0.200414568185806,0.20063465427368
119.332905979,0.200414568185806,0.200238756697755
119.342903478,0.199417471885681,0.199870821146265
119.352909295,0.199417471885681,0.199526593581299
119.362905967,0.199417471885681,0.199198571279539
119.372909196,0.199417486786842,0.198878090343872
119.382908936,0.198420405387878,0.198559718777447
119.392877568,0.197423309087753,0.198241502098835
119.402885174,0.198420405387878,0.197919855719312
119.412883543,0.198420405387878,0.197588425074273
119.422879111,0.197423309087753,0.197244955282629
119.432891419,0.197423309087753,0.19689700639689
119.442881387,0.196426212787628,0.196561229661779
119.452886043,0.196426212787628,0.19626000643917
119.462886968,0.195429131388664,0.196017769133357
119.472885436,0.195429131388664,0.195856569720571
119.482887585,0.195429131388664,0.195791743970131
119.492878435,0.195429131388664,0.195829886680589
119.502879349,0.196426212787628,0.195970152932239
119.512888261,0.195429131388664,0.196207414179815
119.522881611,0.196426212787628,0.196533299848825
119.532891943,0.196426212787628,0.196933903940055
119.542883565,0.197423309087753,0.197388311772851
119.552885253,0.197423309087753,0.19786957452494
119.562883408,0.198420390486717,0.198345927677006
119.572885479,0.199417471885681,0.198782810334918
119.582879543,0.199417471885681,0.199147653783032
119.59288543,0.200414568185806,0.19941548372606
119.60288202,0.199417471885681,0.199572011976846
119.612886338,0.200414568185806,0.199613395091024
119.622884352,0.200414568185806,0.199545600547403
119.632884784,0.199417471885681,0.199386104368269
119.642882894,0.198420390486717,0.199162504188278
119.65289593,0.199417471885681,0.198905056932956
119.662882162,0.199417471885681,0.19864318000881
119.672892293,0.197423309087753,0.198409266975548
119.682882416,0.197423309087753,0.198237293673514
119.69287881,0.197423309087753,0.198152908552349
119.702879667,0.198420390486717,0.19816757287992
119.712882668,0.197423309087753,0.198281542136466
119.722885195,0.198420390486717,0.198487507011485
119.732880864,0.198420390486717,0.198770896267083
119.742881652,0.200414568185806,0.199112264643929
119.752889817,0.199417471885681,0.199494684631269
119.762885553,0.199417471885681,0.199908567459152
119.772876656,0.200414568185806,0.200347630571656
119.782895023,0.201411664485931,0.200804164795743
119.792882778,0.201411664485931,0.20127169186369
119.802884791,0.200414568185806,0.20174723942588
119.812921093,0.202408745884895,0.202225438703368
119.82288264,0.202408730983734,0.202692477778431
119.832736236,0.204402923583984,0.203129313732601
119.842886065,0.203405827283859,0.203520447979148
119.852887728,0.203405827283859,0.203858031120932
119.862882584,0.204402923583984,0.204137627793508
119.872890629,0.204402923583984,0.204353760006008
119.882930096,0.204402923583984,0.204500641743908
119.892905837,0.205400004982948,0.204574259008219
119.90290508,0.205400004982948,0.204575895623924
119.912910168,0.203405827283859,0.204515834501446
119.922909014,0.204402923583984,0.204409260397525
119.932898737,0.203405827283859,0.204266825957129
119.942920459,0.204402923583984,0.204090203246017
119.952901243,0.204402923583984,0.203875078410782
119.962905648,0.203405827283859,0.203617568585878
119.972912942,0.204402923583984,0.203318812590762
119.982909872,0.202408745884895,0.202986451047316
119.99290641,0.202408745884895,0.2026329562209
120.002905632,0.201411664485931,0.20226934969214
120.012908956,0.203405827283859,0.20190070025696
120.022909376,0.201411664485931,0.20153112427136
120.032908532,0.201411664485931,0.201171538626807
120.042905102,0.200414568185806,0.200839453726133
120.052904925,0.199417471885681,0.200551895654486
120.062900839,0.201411664485931,0.200319069747995
120.072912211,0.199417471885681,0.200145062339974
120.082908247,0.200414568185806,0.20003272154536
120.092915419,0.199417471885681,0.199984671269031
120.10290805,0.200414568185806,0.200001705444805
120.112912332,0.200414568185806,0.200083795847068
120.122903804,0.200414568185806,0.20023368602728
120.132904591,0.199417471885681,0.200457762113979
120.14290713,0.200414568185806,0.200760179354355
120.152903906,0.201411664485931,0.201136761264734
120.162913705,0.200414568185806,0.201575237842417
120.172907404,0.203405827283859,0.202057954717378
120.182911051,0.202408745884895,0.202565966069605
120.192909789,0.203405827283859,0.203084841460179
120.202902678,0.203405827283859,0.203605936134529
120.21290679,0.203405827283859,0.204122098568671
120.222912339,0.204402923583984,0.204621997346231
120.232911554,0.206397086381912,0.205088550437362
120.242904856,0.205400004982948,0.205505666947251
120.252905894,0.206397086381912,0.205865683566764
120.262913931,0.206397086381912,0.206169849709374
120.272842951,0.205400004982948,0.20642465420163
120.282906244,0.206397086381912,0.206635323910231
120.292902618,0.206397086381912,0.206799061710699
120.30291035,0.207394182682037,0.206904574499414
120.312905378,0.208391264081001,0.206939273379231
120.322908359,0.207394182682037,0.206900354865345
120.332923601,0.207394182682037,0.206802004432226
120.342905314,0.206397086381912,0.206673433703627
120.352908829,0.206397086381912,0.206551425866883
120.36270761,0.205400004982948,0.206472122162856
120.372910384,0.205400004982948,0.206462676406014
120.382910321,0.207394182682037,0.206536055309501
120.392914412,0.206397086381912,0.206695055027306
120.402904687,0.207394182682037,0.20694126331929
120.412904907,0.205400004982948,0.207276951899313
120.422908286,0.207394182682037,0.207697209508544
120.432914503,0.207394182682037,0.208181576504931
120.442908004,0.209388360381126,0.208694598942375
120.452908532,0.209388360381126,0.209194411034085
120.462910863,0.211382538080215,0.209643415295959
120.472906685,0.21038544178009,0.210017878974859
120.482905363,0.21038544178009,0.210311868593105
120.492905334,0.21038544178009,0.210532029072108
120.502906544,0.21038544178009,0.210688659983451
120.512910591,0.211382538080215,0.210790950500879
120.522907915,0.211382538080215,0.2108488415245
120.532908657,0.209388360381126,0.210876029111239
120.542903318,0.211382538080215,0.210885959451616
120.552907422,0.21038544178009,0.210885839883455
120.562902721,0.21038544178009,0.210876352624065
120.572903238,0.211382538080215,0.21085296798945
120.582905131,0.21038544178009,0.210807510881411
120.592913803,0.211382538080215,0.210731377719276
120.602908924,0.211382538080215,0.210619224709528
120.612905999,0.21038544178009,0.210473270407677
120.622908112,0.209388360381126,0.210303008255485
120.63291219,0.211382538080215,0.21011896726949
120.64290874,0.209388345479965,0.209930929732676
120.652905181,0.21038544178009,0.209751719964292
120.662904744,0.209388345479965,0.209598409497356
120.672906494,0.208391278982162,0.209489336835302
120.682929337,0.21038544178009,0.209439248206164
120.692916368,0.209388345479965,0.209458812540335
120.702909628,0.208391264081001,0.209558203836845
120.71291522,0.209388345479965,0.209743943830206
120.722910918,0.209388345479965,0.21001145916297
120.732910576,0.21038544178009,0.210343837451022
120.742908062,0.21038544178009,0.210715574172689
120.752902494,0.211382538080215,0.211096356642225
120.762912744,0.211382538080215,0.211454066461763
120.772904994,0.213376700878143,0.211758927684885
120.782908489,0.211382538080215,0.211989436054485
120.79291188,0.211382538080215,0.212132728679494
120.802912398,0.212379619479179,0.212175891238808
120.812910357,0.212379619479179,0.212100428183746
120.822905194,0.213376700878143,0.211888135199743
120.832909309,0.212379619479179,0.211532113268971
120.842907458,0.211382538080215,0.211043967259038
120.852953005,0.209388360381126,0.210450669083715
120.862896541,0.21038544178009,0.209783509025038
120.872912231,0.208391278982162,0.20907054314078
120.882913019,0.208391278982162,0.208335908779311
120.892914376,0.208391278982162,0.207601468275051
120.902907198,0.206397086381912,0.20689025288799
120.912898492,0.205400004982948,0.206227254276613
120.922906824,0.204402923583984,0.205631796314403
120.932900746,0.204402923583984,0.205107629246409
120.942906261,0.204402923583984,0.204639667904004
120.952903258,0.205400004982948,0.204199964965071
120.962905827,0.204402923583984,0.203760539202283
120.97289798,0.203405827283859,0.203304288494179
120.982909394,0.202408730983734,0.202825238303899
120.992909795,0.202408730983734,0.202321120556057
121.002906312,0.203405827283859,0.20179034935376
121.012915253,0.20141164958477,0.201238745376824
121.022903682,0.200414568185806,0.200685427764263
121.032922746,0.199417486786842,0.200157144407686
121.042909507,0.199417486786842,0.199677286021071
121.052905481,0.199417486786842,0.199260996024602
121.06289933,0.198420405387878,0.198917251190713
121.072914749,0.198420405387878,0.198650981045808
121.082890854,0.198420405387878,0.19846237788015
121.092910501,0.198420405387878,0.198347254240251
121.102914143,0.196426212787628,0.198297122073438
121.112908749,0.199417471885681,0.198295127356558
121.122911201,0.198420405387878,0.198315970472161
121.132901782,0.199417471885681,0.198335441550246
121.142907464,0.199417471885681,0.1983407792962
121.152908828,0.198420405387878,0.198335665919246
121.162908704,0.196426212787628,0.198336121456681
121.172908543,0.198420390486717,0.1983559450907
121.182911117,0.198420390486717,0.198396015965826
121.192905353,0.198420405387878,0.198447818477636
121.202895646,0.198420405387878,0.198500592650002
121.212907013,0.198420405387878,0.198542988378856
121.222907664,0.199417471885681,0.19856338734402
121.232906927,0.198420405387878,0.198553083038557
121.242912428,0.198420405387878,0.198508577269241
121.252908996,0.198420405387878,0.198429199223416
121.26291227,0.199417486786842,0.198315417978533
121.272908004,0.198420405387878,0.198173152202111
121.282945812,0.197423309087753,0.198017431829491
121.292904926,0.197423309087753,0.197867340143133
121.302881468,0.198420405387878,0.197738561631532
121.31290421,0.197423309087753,0.197643754490624
121.322906089,0.198420405387878,0.197597776212609
121.332909915,0.197423309087753,0.197620849500206
121.342902024,0.197423309087753,0.197738002846479
121.352912472,0.196426212787628,0.197973046045714
121.362912312,0.198420405387878,0.198339250944709
121.372952537,0.197423309087753,0.198834240212627
121.382901321,0.200414568185806,0.199441493381481
121.392915364,0.200414568185806,0.200137186467149
121.402906208,0.201411664485931,0.200900006346581
121.412906453,0.201411664485931,0.20171643233508
121.422906378,0.201411664485931,0.20257660804655
121.432911047,0.203405827283859,0.203465086908668
121.442915614,0.204402923583984,0.204355983271975
121.452903747,0.205400004982948,0.205216860974517
121.46291626,0.206397086381912,0.206015275974253
121.472916284,0.208391278982162,0.206724635980347
121.482909906,0.206397086381912,0.207330001294337
121.492906334,0.208391264081001,0.207827738137742
121.502917796,0.207394182682037,0.208218026086034
121.512909179,0.209388345479965,0.208499601394639
121.522909534,0.208391278982162,0.208670741896251
121.532948597,0.209388360381126,0.208732555929995
121.542909613,0.208391278982162,0.208690623094281
121.552908644,0.209388345479965,0.208554945954477
121.562906877,0.208391278982162,0.208340731062575
121.572903174,0.207394182682037,0.208068461622342
121.582909803,0.208391278982162,0.207760303602046
121.592919163,0.206397086381912,0.20743640389466
121.602908632,0.207394182682037,0.207113286714835
121.612906366,0.206397086381912,0.206802621182421
121.622910577,0.206397086381912,0.206511341659846
121.63289297,0.205400004982948,0.206241554838737
121.642906752,0.206397086381912,0.205988769960703
121.652902468,0.206397086381912,0.205743698128029
121.66290436,0.204402923583984,0.205497696632195
121.672901483,0.205400004982948,0.205242771551738
121.682905596,0.205400004982948,0.204967639319072
121.69290938,0.205400004982948,0.204660601516382
121.702127062,0.204402923583984,0.204316805247698
121.712917143,0.203405827283859,0.203939516149639
121.722901758,0.203405827283859,0.203534175229254
121.7329129,0.203405827283859,0.203103140993276
121.742907428,0.203405827283859,0.202647647195219
121.75290655,0.201411664485931,0.202172951806524
121.762908787,0.202408745884895,0.201688688969013
121.772893874,0.201411664485931,0.20120694487519
121.782909557,0.200414568185806,0.200743145928019
121.792105329,0.200414568185806,0.200315540308452
121.802945433,0.199417486786842,0.199941634258233
121.812911526,0.200414568185806,0.199636506689071
121.822933037,0.199417486786842,0.199415285611267
121.832928447,0.198420405387878,0.199295487422517
121.842909832,0.198420390486717,0.19929228462156
121.85291606,0.199417471885681,0.199410335328962
121.86290374,0.199417471885681,0.199642483703591
121.872918482,0.200414568185806,0.199975246581843
121.882924274,0.199417471885681,0.200393272035075
121.892897349,0.200414568185806,0.200877735997231
121.902912985,0.201411664485931,0.201401654460839
121.912909342,0.202408745884895,0.201930466661438
121.922911238,0.203405827283859,0.202429771668287
121.93292242,0.203405827283859,0.202874277653264
121.942107849,0.203405827283859,0.203252007024396
121.95288511,0.203405827283859,0.203561612020973
121.962127351,0.204402923583984,0.203807036339427
121.972139625,0.203405827283859,0.203994879539163
121.982891466,0.204402923583984,0.204133090710298
121.992111278,0.204402923583984,0.204229547680443
122.002090308,0.205400004982948,0.20429432254184
122.012908066,0.203405827283859,0.204344124952063
122.022116531,0.204402923583984,0.204400755487398
122.032107877,0.204402923583984,0.204484550036819
122.042102795,0.204402923583984,0.204611649187901
122.052069837,0.203405827283859,0.204793373376387
122.0620712,0.205400004982948,0.205032097197828
122.072067466,0.205400004982948,0.205320016892511
122.082055975,0.205400004982948,0.205644727727463
122.092058799,0.206397086381912,0.205993809615698
122.102061397,0.205400004982948,0.206354680937141
122.112060178,0.206397086381912,0.20671130274092
122.122042833,0.206397086381912,0.207039352230269
122.132025656,0.208391278982162,0.207305527587756
122.142016929,0.207394182682037,0.207474141837464
122.152011638,0.209388360381126,0.20751636847752
122.162026009,0.206397086381912,0.207416205996002
122.171993215,0.207394182682037,0.207168436030591
122.182023671,0.208391278982162,0.206772889126415
122.191978172,0.206397086381912,0.206237050704119
122.201992991,0.206397086381912,0.205583029315383
122.211983311,0.205400004982948,0.204848111523191
122.221977335,0.204402923583984,0.204082383939017
122.231931991,0.202408730983734,0.203345294942354
122.241969768,0.202408730983734,0.202697497141506
122.2519698,0.201411664485931,0.202192071368728
122.26192007,0.201411664485931,0.20187053219585
122.271916085,0.200414568185806,0.201761216668396
122.281966029,0.20141164958477,0.201876559227054
122.291922692,0.20141164958477,0.202211318185751
122.301912773,0.202408730983734,0.2027441455525
122.311911261,0.202408730983734,0.203439958600116
122.321906527,0.204402923583984,0.204250903705994
122.331908639,0.205400004982948,0.205119280174409
122.341913891,0.206397086381912,0.205984723076183
122.351905131,0.207394182682037,0.206791517539914
122.361903053,0.209388360381126,0.207494607929728
122.371911726,0.209388345479965,0.208068052636917
122.381900199,0.207394182682037,0.208510198136737
122.391905924,0.208391278982162,0.208834204677923
122.401913603,0.209388360381126,0.209051966561772
122.411907831,0.21038544178009,0.209171087938575
122.421912309,0.209388360381126,0.209204694451598
122.43191344,0.208391278982162,0.209176682846872
122.441898506,0.209388360381126,0.209115485765036
122.451887779,0.208391278982162,0.209046455831858
122.461885528,0.208391278982162,0.208988937983844
122.471878912,0.208391278982162,0.208953570977251
122.48188285,0.209388360381126,0.208940755436691
122.491886353,0.21038544178009,0.208946669365206
122.501882241,0.208391278982162,0.208974123144734
122.511889188,0.208391278982162,0.209035040633175
122.521880095,0.208391278982162,0.209140526853817
122.531896769,0.209388360381126,0.20929155456918
122.541907472,0.209388360381126,0.209479358972555
122.551904122,0.21038544178009,0.209691561919049
122.561916363,0.209388360381126,0.209917556581717
122.571909721,0.21038544178009,0.21014940354467
122.581912785,0.211382538080215,0.210381089087009
122.591903,0.209388360381126,0.210610275261629
122.601899763,0.21038544178009,0.210836060667239
122.611917498,0.211382538080215,0.211051507053642
122.621901547,0.211382538080215,0.211242891444475
122.631906994,0.211382538080215,0.211395838461018
122.641905506,0.211382538080215,0.211498014576288
122.651908566,0.211382538080215,0.211537341848367
122.661906871,0.212379619479179,0.21150128267641
122.671912283,0.211382538080215,0.211380094484506
122.681911401,0.21038544178009,0.211169013277165
122.691903046,0.211382538080215,0.210864277225249
122.701906515,0.211382538080215,0.210461040806192
122.711908554,0.209388360381126,0.209958552928631
122.721908891,0.21038544178009,0.209363421056957
122.731912449,0.209388360381126,0.208689624720954
122.741905574,0.207394182682037,0.207960410382063
122.751903443,0.207394182682037,0.207206480192759
122.761890984,0.205400004982948,0.206458684183142
122.771908656,0.206397086381912,0.205742551519305
122.781898371,0.204402923583984,0.205078020091417
122.791907961,0.204402923583984,0.204481191530572
122.801905919,0.203405827283859,0.203963717581643
122.811908525,0.203405827283859,0.203530801655389
122.821910199,0.20141164958477,0.203178908195744
122.831901777,0.202408730983734,0.202890458189858
122.841907268,0.203405827283859,0.202630913520446
122.851913104,0.203405827283859,0.202357878453516
122.861903588,0.202408730983734,0.202036262700221
122.871911391,0.20141164958477,0.201644426847735
122.881897441,0.202408730983734,0.201170669329641
122.891917254,0.200414568185806,0.200611093401918
122.901911524,0.199417486786842,0.19996912419379
122.911913852,0.200414568185806,0.199251491536813
122.921908489,0.199417486786842,0.198468556257829
122.931906958,0.197423309087753,0.197641470025553
122.941909416,0.196426212787628,0.196802694421871
122.951906664,0.195429131388664,0.195986790508451
122.961903482,0.195429131388664,0.195222751353004
122.971901657,0.1944320499897,0.194533817486438
122.981910399,0.19243785738945,0.19393889223813
122.991908172,0.193434953689575,0.193448460635164
123.001912836,0.193434953689575,0.193061245016258
123.011908971,0.192437872290611,0.19276931878072
123.021904606,0.193434953689575,0.192565061459534
123.031908521,0.193434953689575,0.192446095270822
123.041906619,0.192437872290611,0.192420948010343
123.051700272,0.191440790891647,0.192508842982643
123.06190285,0.191440790891647,0.192728166065594
123.071912563,0.192437872290611,0.193082550919522
123.081911858,0.1944320499897,0.193557520100873
123.09190351,0.1944320499897,0.194130276678284
123.101907909,0.1944320499897,0.194780987476364
123.111913935,0.195429131388664,0.195494059187711
123.121903312,0.195429131388664,0.196252449175621
123.131913425,0.196426212787628,0.197031990666617
123.14190417,0.198420390486717,0.197798788699598
123.151891446,0.199417486786842,0.198514179357737
123.16190907,0.199417471885681,0.199145280792984
123.1719066,0.200414568185806,0.1996712984992
123.181917304,0.200414568185806,0.200083577644639
123.191904304,0.200414568185806,0.200383795600392
123.201906839,0.20141164958477,0.200581814761235
123.211905365,0.200414568185806,0.200694500794132
123.221913815,0.201411664485931,0.200745310272026
123.231909734,0.201411664485931,0.200764295423462
123.241902021,0.199417471885681,0.200788029809698
123.251913379,0.199417471885681,0.200852230268597
123.261889925,0.201411664485931,0.200979015602928
123.271908482,0.201411664485931,0.201175314922536
123.281899317,0.200414568185806,0.201441974684483
123.291899528,0.201411664485931,0.201776188059866
123.301903345,0.202408745884895,0.202167203016921
123.311909481,0.202408745884895,0.202597275499276
123.321584254,0.202408730983734,0.203045449085689
123.331933187,0.203405827283859,0.203486588687207
123.341909289,0.204402923583984,0.203890075633849
123.351909652,0.205400004982948,0.204225299365001
123.361915105,0.204402923583984,0.20447058129052
123.371906489,0.205400004982948,0.204616858090052
123.381901585,0.205400004982948,0.204666543978592
123.391901913,0.205400004982948,0.204634365426519
123.401908342,0.204402923583984,0.204548790525346
123.411912499,0.204402923583984,0.204448454661218
123.421696145,0.203405827283859,0.204374336149996
123.431903555,0.204402923583984,0.204362219234915
123.44190054,0.204402923583984,0.204439929337639
123.451908776,0.204402923583984,0.204629931006531
123.461902772,0.204402923583984,0.20495140078052
123.471908401,0.203405827283859,0.205416006095843
123.481907991,0.206397086381912,0.206019665197828
123.491898337,0.206397086381912,0.206740672069397
123.501904357,0.207394182682037,0.207546928495072
123.511898663,0.208391278982162,0.208402122291014
123.52190379,0.209388360381126,0.209267511338398
123.531890539,0.209388360381126,0.210102698324211
123.541897839,0.211382538080215,0.210864889344428
123.551940158,0.211382538080215,0.211508816568232
123.561907174,0.213376700878143,0.21199086674923
123.571905346,0.213376700878143,0.212277011285615
123.581914505,0.212379619479179,0.212350104547161
123.591902734,0.213376700878143,0.212210603278319
123.6018986,0.212379619479179,0.211873697987675
123.611905199,0.211382538080215,0.211368148773763
123.621902317,0.211382538080215,0.210733880748366
123.631905907,0.209388360381126,0.210017756222244
123.641909472,0.209388360381126,0.209269359839083
123.651906591,0.208391278982162,0.208537168108089
123.661908697,0.206397086381912,0.207865413166409
123.67190215,0.206397086381912,0.207288012766944
123.68191318,0.206397086381912,0.206821331108399
123.691908704,0.206397086381912,0.206464355482185
123.701906826,0.206397086381912,0.206205940824036
123.711908228,0.206397086381912,0.206032477182587
123.721910283,0.206397086381912,0.205933498803759
123.731914077,0.206397086381912,0.205905463352663
123.741952526,0.204402923583984,0.205951246760554
123.751906467,0.206397086381912,0.2060727980669
123.761910942,0.207394182682037,0.206266196731929
123.771911477,0.206397086381912,0.206528349092978
123.78190734,0.206397086381912,0.206863474513911
123.791913676,0.206397086381912,0.207277516513274
123.80190707,0.206397086381912,0.207767038514355
123.811914668,0.208391278982162,0.20831182164563
123.821434392,0.208391278982162,0.208875269435949
123.831906498,0.21038544178009,0.209411724727469
123.841904499,0.211382538080215,0.209877441437078
123.851908446,0.21038544178009,0.210242106890241
123.861909468,0.21038544178009,0.210492492475933
123.871921809,0.21038544178009,0.210624881245161
123.881909843,0.212379619479179,0.210638493870553
123.891910676,0.21038544178009,0.210539286779034
123.901913044,0.21038544178009,0.210344873090138
123.911905451,0.209388360381126,0.210079844722258
123.92143084,0.21038544178009,0.209767762414708
123.931914824,0.208391278982162,0.209428603942778
123.941926172,0.208391278982162,0.209077245375889
123.95191051,0.208391278982162,0.208718615080657
123.961910131,0.208391278982162,0.208345846820651
123.97190694,0.209388360381126,0.207946619029262
123.981916135,0.206397086381912,0.207512486619347
123.991868239,0.207394182682037,0.207040823627389
124.001912325,0.207394182682037,0.206530852776266
124.011902462,0.207394182682037,0.205987039054884
124.02155942,0.204402923583984,0.205427191921116
124.03190291,0.205400019884109,0.204880598521317
124.041914782,0.204402923583984,0.204379784888552
124.051909022,0.203405827283859,0.203957234366269
124.061908447,0.203405827283859,0.203643774104054
124.071912442,0.202408745884895,0.203464005910287
124.081289628,0.202408745884895,0.20343081382572
124.09190578,0.203405827283859,0.203541122085617
124.101902247,0.204402923583984,0.203777947581463
124.111910273,0.203405827283859,0.204118790167509
124.121746454,0.204402923583984,0.204540087671571
124.131911225,0.204402923583984,0.205014210501196
124.14190731,0.205400004982948,0.205506115696827
124.151904244,0.207394182682037,0.205975551922598
124.161907457,0.206397086381912,0.206385533176114
124.171909599,0.207394182682037,0.206709935197981
124.181903823,0.207394182682037,0.20693432674448
124.191908067,0.206397086381912,0.20705321533818
124.201910393,0.207394182682037,0.207065359729474
124.211910107,0.207394182682037,0.206969950704046
124.221881473,0.207394182682037,0.206768998727442
124.231900862,0.207394182682037,0.206473284365505
124.241918547,0.206397086381912,0.206106494184974
124.251910071,0.204402923583984,0.205703316551692
124.261912065,0.205400004982948,0.205299698614605
124.271905239,0.204402923583984,0.204923859570229
124.281905562,0.204402923583984,0.204595302680256
124.291912417,0.204402923583984,0.204327285815528
124.301912787,0.203405827283859,0.204128358059514
124.311846676,0.203405827283859,0.204001347750872
124.321903161,0.203405827283859,0.203939631882533
124.331911154,0.203405827283859,0.203924620400779
124.341908172,0.204402923583984,0.203927258002438
124.35190356,0.204402923583984,0.203913920707431
124.361904994,0.204402923583984,0.203854623412219
124.371912099,0.204402923583984,0.203728890887362
124.38191003,0.204402923583984,0.203528546322977
124.391908009,0.203405827283859,0.203259138925616
124.401917202,0.202408730983734,0.202937532473227
124.411905631,0.202408730983734,0.202584245005014
124.421907083,0.202408730983734,0.202216853818434
124.431906329,0.202408745884895,0.201850691417001
124.441906343,0.201411664485931,0.201503817442238
124.451908758,0.200414568185806,0.201197981987982
124.461878115,0.200414568185806,0.200952552144579
124.471876109,0.200414568185806,0.200777595726861
124.481875946,0.200414568185806,0.200672375567979
124.49190779,0.200414568185806,0.200627739474047
124.501876842,0.200414568185806,0.200628442286256
124.511873499,0.201411664485931,0.200655569054185
124.521853746,0.201411664485931,0.200691992041157
124.531855696,0.200414568185806,0.200728567958806
124.541853941,0.200414568185806,0.200763464348501
124.551855946,0.201411664485931,0.200796133566245
124.561852981,0.200414568185806,0.200825262592321
124.571859426,0.200414568185806,0.200849413963668
124.581861962,0.200414568185806,0.200863789002208
124.591856526,0.201411664485931,0.200857131857603
124.601853353,0.202408745884895,0.200816816350868
124.611856652,0.201411664485931,0.200740981893154
124.621855869,0.199417471885681,0.200644677601202
124.631852851,0.200414568185806,0.200550763302043
124.641854817,0.200414568185806,0.200477206985824
124.651854244,0.200414568185806,0.200434927111009
124.661854095,0.200414568185806,0.200431868705203
124.671853531,0.200414568185806,0.20047513148456
124.68185974,0.200414568185806,0.20057095946014
124.691856216,0.200414568185806,0.20072375995408
124.701132845,0.199417471885681,0.200932712381765
124.711856262,0.200414568185806,0.201184591486808
124.721851308,0.202408745884895,0.201449488071769
124.731853918,0.202408745884895,0.201688977880022
124.741604018,0.202408745884895,0.201870694993674
124.750988382,0.201411664485931,0.201974152805362
124.760985387,0.202408745884895,0.201985799623936
124.77185728,0.203405827283859,0.201895656020269
124.781113988,0.202408745884895,0.201703763756955
124.79097872,0.201411664485931,0.201427363553966
124.801857659,0.201411664485931,0.201098181354938
124.81108799,0.199417471885681,0.200753440961618
124.821093366,0.201411664485931,0.200427934730239
124.831090964,0.200414568185806,0.200153038755919
124.841100505,0.198420390486717,0.199960629256544
124.851907531,0.199417471885681,0.199879333541796
124.861128864,0.199417471885681,0.199925116934652
124.87113256,0.198420390486717,0.200097561382331
124.881126109,0.201411664485931,0.200380219575485
124.891123105,0.201411664485931,0.200746367635994
124.901128595,0.201411664485931,0.201171761268203
124.911113148,0.202408745884895,0.201642964010559
124.921116762,0.200414568185806,0.202155082480957
124.931118145,0.20141164958477,0.202700534712996
124.941057647,0.204402923583984,0.203256981602744
124.951093933,0.205400004982948,0.203791842862248
124.96107836,0.204402923583984,0.204281186264522
124.971098357,0.205400004982948,0.20471975628455
124.981021592,0.203405827283859,0.205114634485496
124.991022923,0.205400004982948,0.205471935502589
125.00100478,0.205400004982948,0.205787073190031
125.010914255,0.206397086381912,0.206045160322055
125.020983917,0.206397086381912,0.206227680722299
125.030994412,0.207394182682037,0.206319088355936
125.040983394,0.206397086381912,0.206312337293951
125.050977167,0.206397086381912,0.206210976926583
125.060968666,0.206397086381912,0.206026621280397
125.070981229,0.205400004982948,0.20577569802492
125.080917656,0.206397086381912,0.205477901870075
125.090923423,0.204402923583984,0.205156021263184
125.100917061,0.205400004982948,0.204835405734467
125.110913272,0.203405827283859,0.204541279610958
125.120914501,0.205400004982948,0.204296030260064
125.130909195,0.202408745884895,0.204118602000298
125.140914079,0.203405827283859,0.204021574809548
125.150907449,0.203405827283859,0.204004240088387
125.160918162,0.204402923583984,0.204050706293273
125.17090593,0.204402923583984,0.204137023368072
125.180906482,0.203405827283859,0.204238361058154
125.190917125,0.205400004982948,0.20433008187838
125.200876701,0.204402923583984,0.204388494334868
125.210911688,0.205400004982948,0.204395753419852
125.220915382,0.203405827283859,0.204342767828378
125.230912311,0.205400004982948,0.204226506645131
125.240924058,0.205400004982948,0.204049833994424
125.250906438,0.203405827283859,0.203827891392992
125.26091424,0.202408730983734,0.203587720185623
125.270913533,0.203405827283859,0.203355535996013
125.280876257,0.204402923583984,0.20314966925759
125.29087587,0.201411664485931,0.202986599826088
125.300879011,0.201411664485931,0.202881182821643
125.31088647,0.203405827283859,0.202835442869024
125.320873733,0.203405827283859,0.202836828243617
125.330906481,0.203405827283859,0.202871172420603
125.340870309,0.202408745884895,0.202932040186105
125.350887507,0.203405827283859,0.203018751402792
125.360875488,0.203405827283859,0.203132465032178
125.370878596,0.203405827283859,0.203276968926545
125.380903714,0.202408730983734,0.203458870732819
125.39088036,0.204402923583984,0.203683153949264
125.400875772,0.205400004982948,0.203953232089105
125.410870733,0.204402923583984,0.204280666798274
125.4209018,0.203405827283859,0.204689877431309
125.43087453,0.203405827283859,0.20520568615558
125.440759672,0.205400004982948,0.205835175440209
125.450881301,0.206397086381912,0.206561976188904
125.460902762,0.208391278982162,0.207355533057715
125.470881811,0.208391278982162,0.208185051578753
125.480908937,0.208391278982162,0.20902676424281
125.490879905,0.209388345479965,0.209859818059594
125.500879365,0.21038544178009,0.210657919417457
125.510880568,0.211382538080215,0.211386491374687
125.520878139,0.213376700878143,0.212007247603211
125.530849398,0.213376700878143,0.212488229913093
125.540846418,0.213376700878143,0.212813423070317
125.550854778,0.213376700878143,0.212984613451485
125.560854372,0.212379619479179,0.213015810643756
125.570855711,0.213376700878143,0.212925524993994
125.580892562,0.213376700878143,0.212733276200783
125.59088174,0.212379619479179,0.212462614284652
125.600885549,0.211382538080215,0.212142300509187
125.610880111,0.211382538080215,0.211799865934429
125.620828895,0.211382538080215,0.211454915113665
125.630880893,0.21038544178009,0.211118253193365
125.640899132,0.21038544178009,0.21079247716219
125.650879495,0.21038544178009,0.210471160612602
125.660882323,0.21038544178009,0.210140539623059
125.670888928,0.208391278982162,0.209782499920327
125.680882956,0.21038544178009,0.209373853010128
125.690877774,0.21038544178009,0.208888881726191
125.700808811,0.209388345479965,0.208312208389463
125.710881116,0.207394182682037,0.207649213913464
125.72093113,0.207394182682037,0.206922361424076
125.730899799,0.207394182682037,0.206163893099553
125.740929084,0.204402923583984,0.205415045940008
125.750915744,0.203405827283859,0.204721887168925
125.760913881,0.204402923583984,0.204122987339156
125.770908061,0.204402923583984,0.203645220634276
125.780815322,0.202408745884895,0.203312192887455
125.790922383,0.202408730983734,0.203147506410364
125.800926531,0.202408730983734,0.203167055998563
125.810920027,0.203405827283859,0.203373117994543
125.820877377,0.202408745884895,0.203755230690093
125.830920594,0.203405827283859,0.204289900913321
125.840889251,0.205400004982948,0.204938043093757
125.850900137,0.207394182682037,0.2056512183101
125.86079399,0.205400004982948,0.206386116055791
125.870918409,0.207394182682037,0.207109698699171
125.880916958,0.208391264081001,0.207793234277746
125.890907127,0.208391264081001,0.20841047689547
125.900932188,0.209388345479965,0.208940621611597
125.910914118,0.209388345479965,0.20936864994185
125.920929949,0.21038544178009,0.209684820301886
125.930900679,0.21038544178009,0.209886262351581
125.940767658,0.21038544178009,0.209979546440357
125.950912085,0.209388360381126,0.209980307776932
125.960907186,0.21038544178009,0.209908472378853
125.970907615,0.209388345479965,0.20978407641368
125.98091104,0.209388360381126,0.20962593761578
125.990914095,0.209388360381126,0.209450133257483
126.000915794,0.209388360381126,0.209269220799178
126.01090459,0.209388360381126,0.20909450527279
126.020780622,0.208391278982162,0.208938427899902
126.030906884,0.208391278982162,0.208812857786004
126.040904927,0.208391278982162,0.208724359601574
126.050907163,0.208391278982162,0.208671508049543
126.060908577,0.208391278982162,0.208645456625919
126.070908923,0.209388360381126,0.20863246685868
126.080914182,0.208391278982162,0.208618558372928
126.090903492,0.208391278982162,0.208592567331366
126.100731501,0.208391278982162,0.208543922745651
126.1109115,0.208391278982162,0.208459354106673
126.120903476,0.208391278982162,0.208322742544456
126.130908671,0.209388360381126,0.208118397747278
126.140913157,0.207394182682037,0.207836748920088
126.150910261,0.207394182682037,0.207476131676356
126.160910048,0.207394182682037,0.207038218510935
126.170908593,0.206397086381912,0.206525084096503
126.180741263,0.206397086381912,0.205940536933211
126.190912184,0.205400004982948,0.205291705541742
126.200911131,0.204402923583984,0.204589463996565
126.210906415,0.203405827283859,0.203846223595836
126.220905545,0.204402923583984,0.203073519874578
126.230910866,0.20141164958477,0.202284429768375
126.240895033,0.202408730983734,0.201496595552954
126.250914364,0.20141164958477,0.200732911113864
126.260710821,0.199417471885681,0.200023444086463
126.270916821,0.197423309087753,0.19940149966192
126.280906102,0.198420405387878,0.198889277935454
126.29090845,0.198420405387878,0.198488387502114
126.300908871,0.198420390486717,0.198185389639018
126.310894376,0.198420390486717,0.197963054662587
126.320910235,0.197423309087753,0.197806952073517
126.330903085,0.198420390486717,0.197706351364419
126.340662039,0.197423309087753,0.19765368302395
126.350537789,0.197423309087753,0.197644110279177
126.360557433,0.197423309087753,0.197672740283496
126.37090818,0.198420390486717,0.197732242420093
126.380856266,0.198420390486717,0.197816274159673
126.390854655,0.197423309087753,0.197924879448189
126.400853057,0.198420405387878,0.198064029032971
126.410861225,0.197423309087753,0.198240624622255
126.420589712,0.198420390486717,0.19845816514851
126.430859076,0.197423309087753,0.19871297494017
126.440902517,0.199417471885681,0.198990959747409
126.450908835,0.199417471885681,0.199268956552094
126.460908982,0.200414568185806,0.199522278909284
126.470905368,0.200414568185806,0.19973359614735
126.480908248,0.199417471885681,0.199896984864731
126.49091345,0.201411664485931,0.200016158381792
126.500591834,0.199417471885681,0.200102289958412
126.51091264,0.200414568185806,0.20017269222673
126.520915662,0.199417471885681,0.200246176611076
126.530908025,0.200414568185806,0.200337411591854
126.540916224,0.200414568185806,0.200455213486362
126.550854824,0.200414568185806,0.200604477599378
126.560851956,0.200414568185806,0.200787588977072
126.570856551,0.201411664485931,0.201003876352753
126.580545306,0.201411664485931,0.201251018508625
126.59085665,0.200414568185806,0.201527084414951
126.600855935,0.201411664485931,0.201826644846276
126.610852858,0.202408745884895,0.202134991302285
126.62085429,0.202408745884895,0.202429863892539
126.630853574,0.203405827283859,0.202688345054036
126.6408527,0.203405827283859,0.202892727196411
126.650854514,0.202408745884895,0.20303314103931
126.660527235,0.204402923583984,0.20310597343906
126.670855621,0.202408745884895,0.203112254010366
126.680859428,0.203405827283859,0.203057421902181
126.690855526,0.203405827283859,0.202949817471848
126.700857714,0.203405827283859,0.202801753666438
126.710858116,0.202408730983734,0.202632979432659
126.720853498,0.202408730983734,0.20246964834868
126.730860692,0.202408730983734,0.202339703660835
126.740501666,0.200414568185806,0.202268129318787
126.750853735,0.202408730983734,0.202270208335544
126.760848745,0.201411664485931,0.202346285192039
126.770862219,0.203405827283859,0.202484354192325
126.780873928,0.202408730983734,0.202667803186415
126.790851548,0.202408730983734,0.202880576900082
126.80085392,0.203405827283859,0.203106102787858
126.81084845,0.203405827283859,0.203325602251199
126.820428878,0.203405827283859,0.203520109421109
126.830850702,0.203405827283859,0.20367130140923
126.840848001,0.205400004982948,0.203761532334171
126.8508519,0.204402923583984,0.203780048069322
126.860852755,0.204402923583984,0.203731735352746
126.870866125,0.203405827283859,0.203637996529715
126.880866606,0.202408730983734,0.203528319306486
126.890853317,0.202408730983734,0.203427449821149
126.900405224,0.203405827283859,0.203345588839798
126.9108528,0.203405827283859,0.203279099197172
126.920852027,0.204402923583984,0.203220183303091
126.93086966,0.203405827283859,0.203167597520789
126.940854796,0.202408745884895,0.203130547266693
126.950855141,0.203405827283859,0.203123112037153
126.960851567,0.201411664485931,0.203155654428883
126.970854411,0.202408745884895,0.20322696012369
126.980390224,0.205400004982948,0.203320926627581
126.990850881,0.204402923583984,0.203418405031401
127.000853836,0.203405827283859,0.203515184475328
127.010854428,0.203405827283859,0.203623928954051
127.02085738,0.202408730983734,0.203761452961041
127.030850987,0.203405827283859,0.203935700177571
127.040850119,0.204402923583984,0.204140115074145
127.050853865,0.204402923583984,0.204357934888747
127.060420936,0.205400004982948,0.204571223364315
127.070888968,0.205400004982948,0.204768315374236
127.080895447,0.203405827283859,0.204946019192605
127.090907385,0.206397086381912,0.205104163976856
127.100913903,0.205400004982948,0.205241843307464
127.110909376,0.204402923583984,0.205360669955018
127.120919044,0.205400004982948,0.205463165072678
127.130913062,0.206397086381912,0.205547582623976
127.140369821,0.205400004982948,0.205611031970252
127.150906279,0.206397086381912,0.205655630768772
127.160902751,0.205400004982948,0.2056897765883
127.170877069,0.205400004982948,0.205725796953487
127.180913334,0.206397086381912,0.205776460956612
127.190902369,0.204402923583984,0.205852764499478
127.200897314,0.204402923583984,0.205958788702131
127.210903099,0.207394182682037,0.206083453316965
127.220347764,0.207394182682037,0.206204981406673
127.230903648,0.206397086381912,0.20630826236952
127.240908645,0.206397086381912,0.20639298509989
127.250905831,0.204402923583984,0.206464867188615
127.260912934,0.207394182682037,0.206521941121913
127.270833122,0.206397086381912,0.20655041901631
127.280897656,0.206397086381912,0.206531539073603
127.290906653,0.206397086381912,0.206446433438117
127.300333274,0.208391278982162,0.206278044926107
127.310907737,0.206397086381912,0.206019697098043
127.320908934,0.205400004982948,0.205682679988266
127.330908208,0.204402923583984,0.205289732899092
127.340896604,0.205400004982948,0.204862162185742
127.350907297,0.205400004982948,0.204417382733648
127.36090023,0.203405827283859,0.203976458462027
127.370905059,0.203405827283859,0.203566696350915
127.380308124,0.203405827283859,0.203216185215982
127.390907984,0.203405827283859,0.202951621043898
127.400908654,0.20141164958477,0.202800165782466
127.410895863,0.202408730983734,0.202785529654783
127.420893388,0.202408730983734,0.202920379869177
127.430910842,0.203405827283859,0.203205198204825
127.440909176,0.203405827283859,0.203633331715911
127.450902521,0.203405827283859,0.204194265234364
127.460286504,0.203405827283859,0.204869949894169
127.470907567,0.206397086381912,0.205628402716244
127.480904709,0.207394182682037,0.206426888240697
127.490909119,0.207394182682037,0.207225325004503
127.500915762,0.208391278982162,0.207994863497885
127.51089453,0.208391278982162,0.208715802789799
127.520908692,0.209388360381126,0.209372067705906
127.53090594,0.21038544178009,0.209947993367295
127.540241582,0.21038544178009,0.210429109006574
127.550904898,0.211382538080215,0.210804608237994
127.560907545,0.212379619479179,0.211070467814893
127.570911372,0.211382538080215,0.211234728362029
127.580200361,0.21038544178009,0.211318376510994
127.5909056,0.21038544178009,0.211345059282123
127.600179544,0.211382538080215,0.211328521320894
127.610901784,0.211382538080215,0.211270577303095
127.6201765,0.211382538080215,0.211168032322318
127.630907413,0.211382538080215,0.211019212976771
127.640175517,0.211382538080215,0.210827471734298
127.650914289,0.21038544178009,0.21060298087309
127.660166186,0.21038544178009,0.210361408163828
127.670904373,0.209388360381126,0.210119273185097
127.680157311,0.209388360381126,0.209888337987946
127.690915304,0.21038544178009,0.209672695906803
127.700154771,0.209388360381126,0.209472294339668
127.710903761,0.209388345479965,0.209288813805828
127.720152053,0.209388345479965,0.209127252466951
127.730909163,0.208391278982162,0.208994481798488
127.740077405,0.208391278982162,0.208896001041142
127.750154332,0.209388345479965,0.208832097352774
127.760122742,0.208391278982162,0.208798607600232
127.770150647,0.209388345479965,0.208790949718608
127.780118189,0.208391278982162,0.208806197357137
127.790140086,0.208391278982162,0.208841954854626
127.800135901,0.208391264081001,0.208892106310093
127.810070566,0.209388345479965,0.208943488118123
127.820064466,0.209388345479965,0.208978921255084
127.830078366,0.209388345479965,0.208984213857013
127.840064542,0.208391264081001,0.208951515733029
127.850012253,0.208391264081001,0.208875335612394
127.859953612,0.209388345479965,0.20874670101883
127.870009769,0.208391264081001,0.208553546325528
127.879993576,0.209388345479965,0.20828619670081
127.889978651,0.208391264081001,0.207942873353093
127.900023078,0.207394182682037,0.207532730583894
127.910022165,0.206397086381912,0.207072476301714
127.920008113,0.206397086381912,0.206577736034655
127.930017111,0.206397086381912,0.206058124036806
127.939962407,0.205400004982948,0.205519697057522
127.949928961,0.204402923583984,0.204967971796272
127.959958751,0.204402923583984,0.204406074226983
127.969940865,0.204402923583984,0.203833195445979
127.979955971,0.203405827283859,0.203248576017363
127.989925698,0.202408745884895,0.202655721975962
127.999932024,0.203405827283859,0.20206287015518
128.009922125,0.201411664485931,0.201484895625163
128.019918452,0.200414568185806,0.200945148927925
128.029892812,0.199417471885681,0.200468981329401
128.039911325,0.200414568185806,0.200073804474527
128.04990171,0.200414568185806,0.19976843298626
128.059870096,0.199417471885681,0.199561348783381
128.069885701,0.198420405387878,0.199464433750348
128.079889384,0.198420405387878,0.199485362166443
128.08985634,0.199417486786842,0.199617707738141
128.099859453,0.199417471885681,0.199839251037401
128.109852921,0.200414568185806,0.200117323129555
128.11987909,0.200414568185806,0.20041500915909
128.129857052,0.200414568185806,0.200694883450695
128.139863773,0.20141164958477,0.200919699331985
128.149863146,0.20141164958477,0.201053453721357
128.159850227,0.20141164958477,0.20106492091068
128.169851532,0.20141164958477,0.200930425786018
128.179858582,0.20141164958477,0.200635169604398
128.189852036,0.200414568185806,0.200174912952157
128.199853157,0.199417471885681,0.19955567515707
128.20985857,0.199417471885681,0.19879022500812
128.21987355,0.197423309087753,0.197895226441244
128.229865672,0.197423309087753,0.196890117351544
128.239852936,0.196426212787628,0.195797380965161
128.249865828,0.195429131388664,0.194646431621587
128.259862705,0.192437872290611,0.193476644531177
128.269853381,0.191440790891647,0.192330967766978
128.279865185,0.191440790891647,0.191244623115876
128.289854561,0.190443694591522,0.190242604372441
128.299855627,0.189446598291397,0.189346572514889
128.309850465,0.188449516892433,0.188580002650731
128.319853799,0.188449516892433,0.187968434392807
128.329854834,0.187452435493469,0.187539598421314
128.339850103,0.18545825779438,0.187321559777314
128.349850657,0.186455339193344,0.187333039175719
128.359857743,0.188449516892433,0.187574646768684
128.36985133,0.188449516892433,0.188035222637428
128.379855809,0.187452435493469,0.188703978453993
128.389857895,0.189446598291397,0.189570096608026
128.399855662,0.190443694591522,0.190615290954057
128.409851959,0.191440775990486,0.191812816142896
128.419852299,0.193434953689575,0.193130686875253
128.429852627,0.1944320499897,0.194534366873233
128.439852299,0.196426212787628,0.195989575587011
128.449847558,0.197423309087753,0.197464595375869
128.4598025,0.198420405387878,0.198930143852408
128.469850575,0.200414568185806,0.200356165626205
128.479852646,0.202408730983734,0.201710150452912
128.489853403,0.203405827283859,0.202961584982359
128.499851722,0.204402923583984,0.204087906887656
128.509860917,0.205400004982948,0.205075954094618
128.519857336,0.205400004982948,0.205919370874731
128.529852222,0.207394182682037,0.206614912402216
128.539851327,0.207394182682037,0.207161775159429
128.54984866,0.207394182682037,0.207564028934812
128.559819871,0.208391278982162,0.207830869874797
128.56984793,0.208391278982162,0.207975923806151
128.579840108,0.208391278982162,0.208019366559495
128.589854668,0.207394182682037,0.207988596791969
128.599850805,0.207394182682037,0.207913073608302
128.609854108,0.207394182682037,0.207816748010816
128.619853171,0.208391278982162,0.207715452967542
128.629855233,0.207394182682037,0.207621409088595
128.639854011,0.207394182682037,0.207547873599068
128.649851748,0.207394182682037,0.207508353142199
128.659819062,0.207394182682037,0.207514062253067
128.669855923,0.207394182682037,0.207573322619178
128.679858705,0.207394182682037,0.207691354342483
128.68985379,0.207394182682037,0.207868967452587
128.699856144,0.208391278982162,0.208101375072185
128.709858394,0.208391278982162,0.208379759580892
128.719858763,0.208391278982162,0.208694358489429
128.729855591,0.208391278982162,0.209033952020673
128.739799743,0.21038544178009,0.209383282205544
128.749855933,0.209388360381126,0.209725257829465
128.759869757,0.21038544178009,0.210045608733344
128.769853877,0.209388360381126,0.210332394048195
128.779853304,0.211382538080215,0.210571989324264
128.789855965,0.212379619479179,0.210751073170701
128.799860106,0.21038544178009,0.210866198443914
128.809854049,0.211382538080215,0.210927948968921
128.819726374,0.21038544178009,0.210954438985841
128.829605945,0.211382538080215,0.210964543855785
128.839863155,0.21038544178009,0.210975822288241
128.849855998,0.211382538080215,0.211004116961852
128.859907805,0.21038544178009,0.211063148471756
128.869910463,0.212379619479179,0.211165089787073
128.879910608,0.21038544178009,0.21132314291344
128.889911328,0.21038544178009,0.211550561274444
128.899780355,0.211382538080215,0.211851895110963
128.909915354,0.211382538080215,0.212215497865112
128.919907307,0.213376700878143,0.212615184240384
128.929797176,0.213376700878143,0.213018632729689
128.939908808,0.213376700878143,0.213396407788779
128.949908196,0.214373797178268,0.213725600152281
128.959908937,0.214373797178268,0.21398998732842
128.969910353,0.213376700878143,0.21417983292786
128.97970819,0.214373797178268,0.214287716105069
128.989902291,0.214373797178268,0.214303277053886
128.999899111,0.215370893478394,0.214214998844527
129.009908608,0.214373797178268,0.214017907894298
129.019898861,0.213376700878143,0.213718129468212
129.029926801,0.213376700878143,0.213329083368735
129.03990878,0.213376700878143,0.212865820318935
129.049906868,0.211382538080215,0.212343864972912
129.059694636,0.212379619479179,0.211778305651039
129.069908448,0.211382538080215,0.21118281203822
129.079917394,0.21038544178009,0.210572225924523
129.089906276,0.21038544178009,0.209964454623635
129.099912113,0.209388360381126,0.209380015236658
129.109904237,0.208391278982162,0.208841491828329
129.11990975,0.207394182682037,0.20836984145522
129.129919551,0.207394182682037,0.207977110402217
129.139631277,0.207394182682037,0.207661784151267
129.149909457,0.208391278982162,0.207411837363148
129.159908738,0.206397086381912,0.207212847782604
129.169909058,0.207394182682037,0.207052116863214
129.179907269,0.207394182682037,0.206917740588959
129.189908076,0.206397086381912,0.206799498695508
129.199902858,0.206397086381912,0.206689168716966
129.209913382,0.207394182682037,0.20657784175658
129.219610655,0.207394182682037,0.206458350042824
129.229609541,0.207394182682037,0.206334286977228
129.239901972,0.205400004982948,0.206225132192894
129.249903748,0.205400004982948,0.206159443690615
129.259910254,0.206397086381912,0.20616236684911
129.269912982,0.205400004982948,0.20625016796377
129.279911604,0.205400004982948,0.206430000399054
129.289910482,0.207394182682037,0.206697972074882
129.299587066,0.207394182682037,0.207041973176318
129.30990857,0.206397086381912,0.207449316458696
129.319905073,0.208391278982162,0.20790750389068
129.329512215,0.207394182682037,0.208399697851852
129.339908495,0.209388360381126,0.208903116815609
129.349916364,0.209388360381126,0.209390728518939
129.359904598,0.21038544178009,0.209835386553764
129.36966562,0.21038544178009,0.210214302450627
129.379568714,0.211382538080215,0.210511744191922
129.389907381,0.211382538080215,0.210721732571899
129.399911646,0.21038544178009,0.210849721641139
129.409911097,0.211382538080215,0.210909417988687
129.419906825,0.21038544178009,0.210917293056866
129.429453316,0.21038544178009,0.210888510530399
129.439455559,0.211382538080215,0.21083396351362
129.44944833,0.21038544178009,0.210760768058976
129.459494104,0.21038544178009,0.210674659488037
129.469943843,0.211382538080215,0.210580161778274
129.479558391,0.209388360381126,0.210481042876065
129.48943517,0.209388360381126,0.210378319556576
129.499351091,0.21038544178009,0.210263117273667
129.509916959,0.21038544178009,0.210114982589937
129.519356436,0.21038544178009,0.209909807609111
129.529428833,0.21038544178009,0.209628489553547
129.539425259,0.209388360381126,0.209261471975266
129.549404338,0.209388360381126,0.208809523581205
129.559391965,0.207394182682037,0.20828094852504
129.56939731,0.207394182682037,0.207685241368486
129.579396939,0.207394182682037,0.207027032035486
129.589397703,0.207394182682037,0.20630809173137
129.599339954,0.205400004982948,0.205535962754156
129.609314041,0.204402923583984,0.204727221909759
129.619384164,0.204402923583984,0.203902547623757
129.629385217,0.202408730983734,0.203082517979019
129.639376365,0.20141164958477,0.202285064672846
129.6495253,0.201411664485931,0.201520220802125
129.659370264,0.201411664485931,0.200788428678109
129.669371063,0.200414568185806,0.200087485152179
129.679365339,0.200414568185806,0.19942145173886
129.689367666,0.197423309087753,0.198803574188108
129.699355031,0.198420390486717,0.198250458928769
129.70936296,0.197423309087753,0.197773877610547
129.719356574,0.196426212787628,0.197377842883405
129.729362845,0.197423309087753,0.197058101472192
129.73935848,0.197423309087753,0.19680396506376
129.749326851,0.196426212787628,0.196605185505371
129.759346554,0.196426212787628,0.196456119896435
129.769317176,0.196426212787628,0.19635340439541
129.779339638,0.196426212787628,0.196293870498856
129.789311949,0.196426212787628,0.19627543289533
129.799305989,0.195429131388664,0.196297052644525
129.809331528,0.196426212787628,0.19635518426538
129.819644665,0.196426212787628,0.196440720107246
129.829248175,0.197423309087753,0.196541811093801
129.839249754,0.196426212787628,0.196650090759947
129.8492432,0.196426212787628,0.196762579637589
129.859245628,0.196426212787628,0.196876790846491
129.869237466,0.197423309087753,0.196985741456418
129.879236559,0.196426212787628,0.197078246821587
129.889228219,0.197423309087753,0.197140688564923
129.899230611,0.198420405387878,0.197159156095246
129.909230056,0.197423309087753,0.19712618091569
129.919480165,0.198420405387878,0.197048332813814
129.929229371,0.195429131388664,0.196946847796037
129.939215414,0.196426212787628,0.196848506275511
129.949218827,0.196426212787628,0.196772998613636
129.959392757,0.197423309087753,0.196729524820023
129.969214425,0.196426212787628,0.196723565961734
129.979206781,0.196426212787628,0.196761699495171
129.989209342,0.196426212787628,0.196849019808946
129.999171718,0.196426212787628,0.196984323983296
130.009202134,0.197423309087753,0.197158277787972
130.019199138,0.196426212787628,0.197354606752439
130.029193926,0.198420405387878,0.197551861194293
130.039196641,0.198420405387878,0.197727398691362
130.049188628,0.199417471885681,0.197866631408673
130.05916209,0.197423309087753,0.197971329498401
130.069349741,0.197423309087753,0.198056657693989
130.079130894,0.198420390486717,0.198139575023819
130.089180305,0.198420390486717,0.198232897036624
130.099156526,0.198420405387878,0.198348678475648
130.109213134,0.198420405387878,0.198501384010118
130.119145366,0.198420405387878,0.198706604700229
130.129128707,0.198420390486717,0.198977663646847
130.139143094,0.198420390486717,0.199321134871395
130.149148765,0.199417471885681,0.199732359046175
130.159379399,0.200414568185806,0.200194818410787
130.169261104,0.201411664485931,0.200686111990482
130.179156933,0.201411664485931,0.20118686341182
130.189140736,0.202408745884895,0.201686351037229
130.199125597,0.201411664485931,0.202182574684344
130.2091271,0.201411664485931,0.202675667050445
130.21911387,0.203405827283859,0.20315739776077
130.229118765,0.204402923583984,0.203608739757612
130.239114222,0.205400004982948,0.204010969642081
130.249110376,0.203405827283859,0.204357407510225
130.25907794,0.204402923583984,0.204651570637854
130.269111563,0.204402923583984,0.204895855681098
130.279106199,0.205400004982948,0.205085292167213
130.289098438,0.204402923583984,0.205209018490829
130.299126761,0.206397086381912,0.205252980148766
130.309150036,0.206397086381912,0.205205369355022
130.319159232,0.205400004982948,0.205066363715081
130.329149236,0.204402923583984,0.204851767148182
130.339146852,0.204402923583984,0.204585239025051
130.349142413,0.205400004982948,0.204290720954416
130.359137426,0.204402923583984,0.203995184484061
130.369135625,0.202408745884895,0.203733256640866
130.37913631,0.203405827283859,0.203541242446083
130.389115951,0.203405827283859,0.203447782976484
130.399131452,0.202408745884895,0.203472341522409
130.409103166,0.203405827283859,0.203625656369489
130.419116985,0.203405827283859,0.203907789919177
130.42910266,0.204402923583984,0.204308839451065
130.439121257,0.203405827283859,0.204810982767137
130.449089982,0.205400004982948,0.205386774702293
130.459066032,0.206397086381912,0.205998043245226
130.469082889,0.208391278982162,0.206603885117975
130.479081225,0.206397086381912,0.20717321180284
130.489076368,0.207394182682037,0.20768676294116
130.499084616,0.208391264081001,0.20812790529613
130.509073041,0.208391264081001,0.208477219410625
130.519089497,0.209388345479965,0.208715236847612
130.52912198,0.209388345479965,0.208827119988436
130.539132401,0.209388345479965,0.208807010749651
130.549124108,0.208391278982162,0.208659680183009
130.559062115,0.208391264081001,0.208396949538521
130.569136401,0.207394182682037,0.208031455562347
130.579063516,0.208391278982162,0.207572847688587
130.589086209,0.207394182682037,0.207030143995635
130.599089294,0.207394182682037,0.206418698996103
130.609054633,0.205400004982948,0.205764929040086
130.619046085,0.204402923583984,0.20510314885776
130.629072183,0.203405827283859,0.204465312021187
130.639040057,0.204402923583984,0.203872263744509
130.649038989,0.203405827283859,0.203335148385326
130.659060078,0.202408745884895,0.20286256206046
130.669034195,0.202408745884895,0.202462595440723
130.679029368,0.202408730983734,0.202140881269509
130.689051195,0.202408730983734,0.201902403806891
130.699027801,0.201411664485931,0.201755614015274
130.709026205,0.201411664485931,0.201712111938517
130.719032302,0.20141164958477,0.201781720885503
130.729038797,0.202408730983734,0.201969349740562
130.739036671,0.20141164958477,0.202276104696625
130.749015004,0.202408730983734,0.202699263180536
130.758986673,0.203405827283859,0.20322976896669
130.76900869,0.204402923583984,0.203853922285296
130.778986488,0.203405827283859,0.204558120618278
130.789030105,0.204402923583984,0.205326346116151
130.798975234,0.205400004982948,0.206130713842877
130.808992779,0.208391278982162,0.206928699111688
130.818970596,0.208391278982162,0.207674252763306
130.828967641,0.209388345479965,0.20833304254638
130.838972993,0.209388345479965,0.208889453700673
130.848967016,0.209388360381126,0.209344682878548
130.85897222,0.209388360381126,0.209710229823077
130.86890055,0.21038544178009,0.210000784187817
130.878889554,0.21038544178009,0.210231611167437
130.888901377,0.21038544178009,0.210420152876251
130.898883298,0.211382538080215,0.210587551927376
130.908889973,0.21038544178009,0.210759712260642
130.918968855,0.21038544178009,0.210966120857151
130.928882734,0.209388360381126,0.211231941071303
130.93887305,0.211382538080215,0.21156679148416
130.948880181,0.212379619479179,0.211961658353583
130.958873464,0.212379619479179,0.212397724680866
130.968875979,0.212379619479179,0.212855351567875
130.978931804,0.213376700878143,0.2133142892224
130.98891858,0.214373797178268,0.213752120498855
130.99893188,0.213376700878143,0.214146653507452
131.008923767,0.215370878577232,0.214477440272655
131.018913497,0.214373797178268,0.214725556750824
131.0290226,0.215370878577232,0.21487471491119
131.038931294,0.215370878577232,0.214912777378289
131.048931407,0.214373797178268,0.214832685108815
131.058913281,0.215370878577232,0.214631727060309
131.068923396,0.213376700878143,0.214309308864972
131.078888151,0.214373797178268,0.213864619363204
131.088880473,0.213376700878143,0.213295550225384
131.0988932,0.213376700878143,0.212601533148907
131.108820016,0.211382538080215,0.211787673290215
131.1188406,0.212379619479179,0.210866193430067
131.128820249,0.21038544178009,0.209859019484226
131.138793468,0.208391278982162,0.208801221462752
131.148829949,0.207394182682037,0.207736902101075
131.158829899,0.205400004982948,0.206708152912188
131.168854511,0.206397086381912,0.205746805273501
131.17883009,0.204402923583984,0.204874763368356
131.188800624,0.204402923583984,0.20410960645614
131.198759125,0.203405827283859,0.203468348223447
131.208814,0.202408745884895,0.202967623640189
131.218871097,0.201411664485931,0.202619941525269
131.228894417,0.201411664485931,0.202425690717366
131.238908974,0.201411664485931,0.202365991629485
131.248895341,0.202408730983734,0.202401732271004
131.25891193,0.204402923583984,0.202481834080038
131.268903578,0.203405827283859,0.20256016946739
131.278901131,0.202408730983734,0.202608852971707
131.288898788,0.202408730983734,0.202615561427251
131.299038215,0.202408730983734,0.202572090966101
131.308907146,0.203405827283859,0.202469030038778
131.31889804,0.202408730983734,0.202299414212416
131.328893392,0.202408730983734,0.202063615360613
131.338894425,0.203405827283859,0.201771606943377
131.348902449,0.202408745884895,0.201447845432653
131.358901656,0.199417471885681,0.201134551506439
131.368916588,0.199417471885681,0.200879659472534
131.378907804,0.201411664485931,0.20071789507872
131.388904882,0.199417471885681,0.200666573329186
131.39890993,0.200414568185806,0.200731472462773
131.408913237,0.199417471885681,0.200906540282697
131.41889567,0.202408745884895,0.201171267631066
131.428898428,0.202408745884895,0.201497746412231
131.43890345,0.201411664485931,0.201863817423691
131.448904665,0.20141164958477,0.202255625758815
131.458896206,0.202408730983734,0.202657389414306
131.468885146,0.203405827283859,0.203044597734053
131.478894311,0.203405827283859,0.203387635259926
131.488887822,0.204402923583984,0.203658403397189
131.498879005,0.204402923583984,0.203835224352016
131.508833109,0.204402923583984,0.203906569678112
131.518863446,0.203405827283859,0.203871396518217
131.528866803,0.203405827283859,0.203733695870813
131.538879236,0.203405827283859,0.203495286477013
131.548867983,0.203405827283859,0.20315343594122
131.558865331,0.203405827283859,0.202704613740213
131.56887233,0.203405827283859,0.202151758294495
131.578958728,0.201411664485931,0.201511102071824
131.588869229,0.201411664485931,0.200813148631596
131.59886553,0.199417471885681,0.200097447941356
131.608862,0.199417471885681,0.199405851795788
131.618829997,0.198420390486717,0.198777438093925
131.628850527,0.197423309087753,0.198245590632446
131.638842103,0.197423309087753,0.197835120938252
131.648853421,0.197423309087753,0.197560074412232
131.658781582,0.197423309087753,0.197425673040635
131.668861392,0.196426212787628,0.197431441179703
131.678835519,0.198420390486717,0.197571417069846
131.688838234,0.197423309087753,0.197835411792918
131.698845499,0.198420390486717,0.198212746447079
131.708823749,0.198420390486717,0.19869337166971
131.718901823,0.198420405387878,0.199265265532999
131.72891512,0.200414568185806,0.19991098580711
131.738906833,0.20141164958477,0.200608939074151
131.748902201,0.20141164958477,0.201341040020636
131.758903436,0.202408730983734,0.202097910964213
131.768908701,0.202408730983734,0.202876677379559
131.778900867,0.202408730983734,0.203674216969011
131.788908043,0.204402923583984,0.204478630385145
131.798909683,0.206397086381912,0.205266997572709
131.808896287,0.206397086381912,0.206014966848843
131.818897595,0.206397086381912,0.206706698402069
131.828901455,0.207394182682037,0.207333710557861
131.83890338,0.207394182682037,0.207888247898199
131.848650669,0.209388360381126,0.208360646387735
131.85890954,0.208391278982162,0.208742205291339
131.868902884,0.209388360381126,0.209028468082107
131.878898396,0.209388360381126,0.209219107785308
131.888905162,0.209388360381126,0.209317148108883
131.898912942,0.208391278982162,0.209327535551096
131.908911536,0.209388360381126,0.209252377768432
131.918911841,0.209388360381126,0.20908806571828
131.928913975,0.209388360381126,0.20882953720931
131.938941841,0.209388345479965,0.208477759250528
131.948852943,0.207394182682037,0.208043867377942
131.958917145,0.207394182682037,0.207545943924675
131.968913966,0.206397086381912,0.207000869745859
131.978913437,0.207394182682037,0.206420178748877
131.988906059,0.206397086381912,0.20581487383029
131.998917864,0.204402923583984,0.205202319645481
132.008910764,0.204402923583984,0.204604363034815
132.018912797,0.205400019884109,0.204041605554712
132.028902781,0.203405827283859,0.203536606121884
132.038903971,0.201411664485931,0.203117636424107
132.048907019,0.201411664485931,0.20280797484934
132.058918239,0.203405827283859,0.202612115863757
132.068904805,0.203405827283859,0.202519635537494
132.078912565,0.201411664485931,0.202519987510994
132.088888891,0.201411664485931,0.202604570367078
132.098904841,0.204402923583984,0.20275758555426
132.108898845,0.203405827283859,0.202958369509781
132.118912184,0.201411664485931,0.203191555551504
132.12887521,0.203405827283859,0.203442989986868
132.138911659,0.204402923583984,0.203689678353332
132.148900382,0.204402923583984,0.203903936694337
132.158911703,0.204402923583984,0.204064282576453
132.168902023,0.204402923583984,0.20415903868311
132.178888188,0.204402923583984,0.204184383131544
132.188872155,0.204402923583984,0.204142385906381
132.198916667,0.203405827283859,0.204039133001757
132.208913233,0.203405827283859,0.203880278403088
132.218906249,0.205400004982948,0.203667896103189
132.228905087,0.202408730983734,0.20340513566412
132.238910876,0.203405827283859,0.203100680509711
132.248893502,0.204402923583984,0.202767623400009
132.258872015,0.201411664485931,0.202425813060266
132.26891085,0.201411664485931,0.202102098418924
132.278905482,0.201411664485931,0.201820140293194
132.28891021,0.202408745884895,0.201593827876626
132.298914541,0.201411664485931,0.201433094933195
132.308586255,0.201411664485931,0.201351236883764
132.318905414,0.200414568185806,0.201364215676669
132.328908289,0.202408745884895,0.201485632422532
132.338814845,0.201411664485931,0.201726309044837
132.348906498,0.200414568185806,0.20209555987406
132.35890704,0.203405827283859,0.202596003125631
132.368911297,0.203405827283859,0.203220995747635
132.378910511,0.204402923583984,0.203962571153108
132.388909468,0.203405827283859,0.204816756933837
132.398909353,0.205400004982948,0.205777159101946
132.408908224,0.206397086381912,0.206826190321434
132.418824188,0.208391278982162,0.207934713761241
132.428905685,0.208391278982162,0.209067842458648
132.438897558,0.21038544178009,0.210188223391698
132.448891286,0.211382538080215,0.211256191289737
132.458905978,0.212379619479179,0.21223153437975
132.468902926,0.214373797178268,0.213077692349519
132.47890443,0.214373797178268,0.213767874624535
132.488893616,0.215370878577232,0.214291171541978
132.498808596,0.214373797178268,0.214653888573816
132.508916479,0.215370878577232,0.214875002273056
132.51890651,0.214373797178268,0.214979606511679
132.528916625,0.215370878577232,0.214993970832092
132.538907646,0.214373797178268,0.214943050405075
132.548907084,0.215370878577232,0.21484991835494
132.55890182,0.215370878577232,0.214737916626035
132.568914733,0.213376700878143,0.214633696713292
132.578776346,0.213376700878143,0.21456271674514
132.588909245,0.214373797178268,0.214537996869945
132.598903994,0.214373797178268,0.214556210942983
132.608905546,0.214373797178268,0.214603516369049
132.618910292,0.215370878577232,0.21466190507193
132.628912983,0.214373797178268,0.214713665260347
132.638905882,0.215370878577232,0.214744287698936
132.64890421,0.215370878577232,0.214744160355445
132.658790887,0.213376700878143,0.214709340337896
132.668911049,0.214373797178268,0.214636326446718
132.678908726,0.214373797178268,0.214513606953542
132.688898363,0.215370878577232,0.214322007584662
132.698911082,0.214373797178268,0.214044079429908
132.708873546,0.214373797178268,0.213672289408201
132.718914872,0.213376700878143,0.21321102392868
132.728912161,0.213376700878143,0.212675179743881
132.73870168,0.211382538080215,0.212087900035991
132.748908308,0.21038544178009,0.211474528798121
132.758909775,0.211382538080215,0.210853675932234
132.768895525,0.21038544178009,0.210235495100749
132.778911786,0.21038544178009,0.209629434852785
132.788908284,0.207394182682037,0.209049304768921
132.798906437,0.209388360381126,0.208508813507571
132.808906414,0.207394182682037,0.208016559565376
132.818655258,0.206397086381912,0.207575509555331
132.828905601,0.206397086381912,0.207178879909382
132.838909424,0.207394182682037,0.206805038760638
132.848911287,0.207394182682037,0.206423487032224
132.858908259,0.206397086381912,0.206008359103752
132.868907203,0.206397086381912,0.205546765696914
132.878910236,0.204402923583984,0.205038483935154
132.888912242,0.204402923583984,0.204489906454032
132.89863328,0.203405827283859,0.203906272111931
132.908907002,0.203405827283859,0.203287396956979
132.918914308,0.204402923583984,0.202630793648479
132.928892908,0.202408730983734,0.201942150315943
132.938906092,0.201411664485931,0.201243884985685
132.948903918,0.199417471885681,0.200571021189438
132.958915248,0.198420390486717,0.199956590160604
132.96890612,0.199417471885681,0.19941783480944
132.978611696,0.199417471885681,0.198954524364353
132.988908103,0.199417471885681,0.198560350816961
132.998910089,0.198420405387878,0.198235430005975
133.008897834,0.197423309087753,0.197989364984152
133.018908578,0.197423309087753,0.197834836766037
133.028902802,0.198420405387878,0.1977808127054
133.038916876,0.196426212787628,0.197831765909923
133.048902862,0.197423309087753,0.197986134559023
133.058591422,0.199417486786842,0.198232624871683
133.068893026,0.197423309087753,0.198553655574624
133.078906041,0.199417486786842,0.198930874482687
133.088901854,0.199417486786842,0.199345152918096
133.098909283,0.199417486786842,0.199776717969927
133.108896883,0.200414568185806,0.200205825744335
133.118892051,0.200414568185806,0.200611750732934
133.128923952,0.200414568185806,0.200971837510029
133.138573802,0.202408745884895,0.201261063146026
133.148910957,0.202408745884895,0.201456547971137
133.158899656,0.201411664485931,0.201546178232678
133.168912774,0.202408730983734,0.201531189694733
133.178912451,0.201411664485931,0.201422941012372
133.188915219,0.201411664485931,0.201240474683295
133.198899188,0.200414568185806,0.201007333261306
133.208908067,0.200414568185806,0.200745943729388
133.218553973,0.200414568185806,0.200473085309322
133.228907268,0.200414568185806,0.200199968258957
133.238908773,0.200414568185806,0.199936568002437
133.248910858,0.200414568185806,0.199697295751412
133.258916276,0.198420405387878,0.199503780833752
133.268906385,0.198420405387878,0.19937915875229
133.278893399,0.198420405387878,0.199336103826978
133.288909256,0.199417486786842,0.199370105174831
133.298540945,0.200414568185806,0.199464378802852
133.308908481,0.199417471885681,0.19960118747594
133.318907513,0.199417471885681,0.199767942085807
133.328792999,0.200414568185806,0.199954441331865
133.338897806,0.200414568185806,0.20015077087339
133.348908202,0.199417471885681,0.200348735781918
133.358905513,0.200414568185806,0.200539113021761
133.368912742,0.20141164958477,0.200707562232734
133.378519385,0.202408730983734,0.200839976762482
133.388892381,0.200414568185806,0.200933567775004
133.398888329,0.200414568185806,0.200998047180343
133.408911106,0.201411664485931,0.201045637952746
133.418906498,0.20141164958477,0.201085627443329
133.428914333,0.200414568185806,0.201127216553916
133.438911533,0.200414568185806,0.201178576672639
133.448926102,0.20141164958477,0.201240611870563
133.458469821,0.202408730983734,0.201307181059585
133.468898408,0.201411664485931,0.20137439453024
133.478833509,0.200414568185806,0.201445837001521
133.48891405,0.20141164958477,0.201525836492132
133.498907993,0.20141164958477,0.201611317870659
133.508908611,0.203405827283859,0.201694097270228
133.518910115,0.201411664485931,0.201771022351586
133.528912997,0.201411664485931,0.201848844787791
133.538449043,0.201411664485931,0.201937250296997
133.548910081,0.201411664485931,0.202039202724477
133.55890992,0.202408730983734,0.202147725065174
133.568200052,0.202408730983734,0.202249088764038
133.578195148,0.202408730983734,0.202328571312536
133.588893213,0.202408730983734,0.202373739904068
133.598191159,0.203405827283859,0.202375537828729
133.608909049,0.20141164958477,0.202330060926888
133.618169534,0.202408730983734,0.202237242944856
133.628905027,0.202408730983734,0.20209654620354
133.638160555,0.202408730983734,0.201907612272587
133.648904879,0.202408730983734,0.201675877199899
133.658162055,0.201411664485931,0.20141650977949
133.668908533,0.200414568185806,0.201152562414983
133.67815696,0.201411664485931,0.200908351234608
133.688909355,0.200414568185806,0.200705555551964
133.698157391,0.199417486786842,0.200562881604788
133.708900718,0.200414568185806,0.200492245915773
133.718122325,0.200414568185806,0.200495076890337
133.72815965,0.200414568185806,0.200565111498336
133.738904376,0.200414568185806,0.200692355461924
133.748104949,0.20141164958477,0.20086434367718
133.758113413,0.200414568185806,0.201067534796378
133.768128309,0.202408730983734,0.20128908884636
133.778080067,0.200414568185806,0.201517977525442
133.788097727,0.201411664485931,0.201743051120336
133.798106144,0.202408745884895,0.201948315759342
133.808070082,0.202408745884895,0.202113614389353
133.818042305,0.203405827283859,0.202222360392505
133.828038472,0.202408745884895,0.202268760678798
133.838064255,0.202408730983734,0.202259530906218
133.848063839,0.202408745884895,0.202210207207973
133.858058027,0.201411664485931,0.202139905290757
133.868901788,0.200414568185806,0.202064253791879
133.877985261,0.203405827283859,0.201987490211229
133.888049637,0.203405827283859,0.201906651910887
133.898027263,0.201411664485931,0.201827728325642
133.908000685,0.201411664485931,0.201771261154406
133.918019098,0.201411664485931,0.201761934809439
133.928016685,0.201411664485931,0.20181896605621
133.938012773,0.202408745884895,0.201954780104705
133.948010482,0.201411664485931,0.202177626907874
133.958004921,0.202408730983734,0.202492575427376
133.967969365,0.203405827283859,0.202900700856296
133.977997526,0.202408730983734,0.203400320062075
133.987938884,0.203405827283859,0.203986285654088
133.997982906,0.205400004982948,0.204646063812742
134.007971221,0.204402923583984,0.205360653919007
134.017974722,0.206397086381912,0.206107969388468
134.027961801,0.207394182682037,0.206863773926194
134.037924564,0.207394182682037,0.207604584278622
134.04793301,0.207394182682037,0.208309067564394
134.057954145,0.211382538080215,0.208955779143931
134.067916979,0.209388360381126,0.209528259704692
134.077913113,0.209388360381126,0.210022619377324
134.087911755,0.21038544178009,0.210442061334964
134.09794389,0.21038544178009,0.210786392754548
134.10790476,0.212379619479179,0.211051063813625
134.117904836,0.21038544178009,0.211233113094521
134.127906759,0.211382538080215,0.211333509139591
134.137908291,0.211382538080215,0.211353290119941
134.14790826,0.212379619479179,0.211292747601723
134.15791525,0.209388360381126,0.211154958989622
134.167906188,0.211382538080215,0.210943081517225
134.17791393,0.212379619479179,0.210656643169724
134.187908049,0.21038544178009,0.21029998248687
134.197912022,0.21038544178009,0.209892214332844
134.207911274,0.208391278982162,0.209464027073247
134.217908669,0.208391278982162,0.209046212644395
134.227911214,0.208391278982162,0.208659945370579
134.237916641,0.208391278982162,0.208314850791995
134.247908893,0.207394182682037,0.208013119128896
134.257919485,0.208391278982162,0.207752826576253
134.26791376,0.207394182682037,0.207530383026993
134.277904018,0.206397086381912,0.207342121026785
134.287915423,0.207394182682037,0.207181131193802
134.29791468,0.206397086381912,0.207033409020267
134.307901586,0.207394182682037,0.206878771780924
134.317912743,0.207394182682037,0.20669551406798
134.327908003,0.207394182682037,0.206467861600292
134.337912964,0.206397086381912,0.206192649640225
134.347907061,0.206397086381912,0.205880217150867
134.35791503,0.205400004982948,0.205550892152244
134.367905575,0.204402923583984,0.205229522771208
134.377925147,0.204402923583984,0.204937681921847
134.387921256,0.205400004982948,0.204688374274925
134.397900175,0.205400004982948,0.20449075288906
134.407912356,0.203405827283859,0.20435924879909
134.417892887,0.204402923583984,0.204313643986133
134.427909937,0.203405827283859,0.20437109974157
134.437910334,0.204402923583984,0.204540349945448
134.447900567,0.204402923583984,0.204820393608629
134.457911549,0.204402923583984,0.205200879905116
134.467912994,0.206397086381912,0.205662884809479
134.477912415,0.206397086381912,0.206182925883207
134.487904735,0.206397086381912,0.206739255052686
134.497899997,0.206397086381912,0.207311633874619
134.507914033,0.209388360381126,0.207876371594906
134.517903407,0.207394182682037,0.208407650100476
134.527914471,0.208391278982162,0.208880350950355
134.537912621,0.209388360381126,0.209265674908628
134.547906741,0.21038544178009,0.209529357152939
134.557911942,0.21038544178009,0.209639695841077
134.567910789,0.21038544178009,0.209576808171899
134.577908629,0.209388360381126,0.209335778876096
134.587917991,0.209388360381126,0.208924088360984
134.597901163,0.209388360381126,0.208358723433095
134.607902102,0.206397086381912,0.207665478797592
134.617916568,0.207394182682037,0.206874825634889
134.627895016,0.206397086381912,0.206016481361039
134.637904688,0.205400004982948,0.205121319269702
134.647909436,0.204402923583984,0.204226015522375
134.65789405,0.203405827283859,0.203373141654659
134.667901958,0.200414568185806,0.202605925923148
134.677930216,0.202408730983734,0.201958156455092
134.687905203,0.200414568185806,0.201447644428432
134.697951096,0.200414568185806,0.201077873700159
134.707906327,0.201411664485931,0.200840853033959
134.717903792,0.200414568185806,0.200721067047639
134.727904852,0.201411664485931,0.200701970991478
134.737850573,0.199417471885681,0.20076869903247
134.747848287,0.200414568185806,0.200903353456491
134.75785183,0.201411664485931,0.201078510851792
134.767851042,0.203405827283859,0.201261254091002
134.777869843,0.201411664485931,0.20142826740943
134.787857067,0.201411664485931,0.201574079744149
134.797876666,0.201411664485931,0.201703636639267
134.807854663,0.201411664485931,0.20182125652616
134.817861309,0.202408745884895,0.201926527138192
134.827863961,0.201411664485931,0.202015776179237
134.837851464,0.202408745884895,0.202083837637794
134.847852244,0.203405827283859,0.202126172733713
134.857853578,0.202408745884895,0.202145386156636
134.867854744,0.201411664485931,0.20215557496099
134.877851792,0.20141164958477,0.202175183417186
134.88786933,0.20141164958477,0.202214730918853
134.897850507,0.202408730983734,0.202271014156661
134.907849669,0.203405827283859,0.202331576324758
134.917869761,0.202408730983734,0.202385510054439
134.927854018,0.202408730983734,0.202430199637271
134.937855297,0.203405827283859,0.202470208029819
134.947868715,0.20141164958477,0.202514965526828
134.957854593,0.20141164958477,0.202573870098692
134.967853684,0.202408730983734,0.202646015797929
134.977867051,0.203405827283859,0.202716320649143
134.987860622,0.203405827283859,0.202764703945625
134.997856449,0.203405827283859,0.202777991283321
135.007867541,0.202408745884895,0.202754302476933
135.017877912,0.202408745884895,0.202698836618063
135.027854518,0.203405827283859,0.202617728368717
135.03784821,0.201411664485931,0.202516520240886
135.047845162,0.202408745884895,0.202399183444283
135.057882444,0.203405827283859,0.202266262494609
135.067853844,0.202408745884895,0.202119986879189
135.077859798,0.201411664485931,0.201971012435519
135.087853893,0.202408745884895,0.201836130454125
135.097873412,0.201411664485931,0.201733333091795
135.107848661,0.201411664485931,0.201680521879085
135.117858201,0.201411664485931,0.201693538634063
135.127869091,0.200414568185806,0.201781843044193
135.137526415,0.202408730983734,0.201944183436012
135.147851195,0.202408730983734,0.202169378245748
135.157856746,0.20141164958477,0.202442226477522
135.16788941,0.203405827283859,0.202745495558349
135.177851318,0.203405827283859,0.203059604996714
135.187877535,0.203405827283859,0.203366963318824
135.197854312,0.203405827283859,0.203654736727977
135.207850954,0.203405827283859,0.203911120453753
135.217847301,0.204402923583984,0.204120695473878
135.227870888,0.205400004982948,0.204265759144498
135.23752783,0.204402923583984,0.204333941742775
135.247861155,0.204402923583984,0.20432317708522
135.257855557,0.204402923583984,0.204238964470102
135.267863029,0.204402923583984,0.204090584353699
135.277844329,0.204402923583984,0.203891463269083
135.287853673,0.202408730983734,0.203659533986688
135.297843782,0.203405827283859,0.203412031317937
135.307854467,0.204402923583984,0.203160989154305
135.317852533,0.203405827283859,0.202919665570927
135.327871306,0.202408730983734,0.202711665768602
135.337722334,0.202408730983734,0.202569206355422
135.34785257,0.20141164958477,0.202523994010483
135.357868525,0.202408730983734,0.202599359404028
135.3678539,0.202408730983734,0.202807012825902
135.377841033,0.202408730983734,0.203147962354221
135.387852643,0.203405827283859,0.203613383364479
135.397854107,0.205400004982948,0.204186726867879
135.407851601,0.204402923583984,0.204851184866408
135.417849402,0.205400004982948,0.205594876012548
135.427853748,0.205400004982948,0.206406144445721
135.437881209,0.207394182682037,0.207265862553123
135.44785324,0.208391278982162,0.208146291282216
135.457765424,0.209388360381126,0.209016914622377
135.467869109,0.208391278982162,0.209848547501951
135.477851633,0.211382538080215,0.210609729241529
135.487850191,0.213376700878143,0.211266601541149
135.497870164,0.21038544178009,0.211793527387451
135.50785519,0.212379619479179,0.21217660336166
135.51785572,0.212379619479179,0.212403980720305
135.527851329,0.214373797178268,0.212463160915713
135.53774616,0.212379619479179,0.212350816497601
135.547859199,0.212379619479179,0.212079482429812
135.557873189,0.211382538080215,0.21167320973414
135.567852198,0.212379619479179,0.211161188007911
135.577853219,0.21038544178009,0.210578121249436
135.58787106,0.208391278982162,0.209964145912697
135.597854192,0.209388360381126,0.20935565044533
135.607848114,0.208391278982162,0.208776788179176
135.617761573,0.208391278982162,0.208241547317709
135.627853266,0.207394182682037,0.207759255538066
135.637853592,0.206397086381912,0.207335257423244
135.647865649,0.207394182682037,0.206967878235542
135.657852227,0.207394182682037,0.206649500907318
135.667857403,0.206397086381912,0.206374416226206
135.677867344,0.205400004982948,0.206142980606451
135.687858644,0.206397086381912,0.205956886388683
135.697707874,0.206397086381912,0.205816130794136
135.707854741,0.205400004982948,0.205722951608908
135.717852462,0.205400004982948,0.205683462392592
135.727852566,0.205400004982948,0.205702968741875
135.737854057,0.206397086381912,0.205782793505808
135.747869059,0.205400004982948,0.205922486148896
135.757910161,0.205400004982948,0.206120775202903
135.767906067,0.206397086381912,0.206371309432303
135.777508703,0.207394182682037,0.206661167321353
135.787859923,0.206397086381912,0.206976238816784
135.797852834,0.206397086381912,0.207303152081712
135.807850775,0.208391278982162,0.207624069446086
135.8178561,0.208391278982162,0.207916552015361
135.827848659,0.207394182682037,0.20816018955881
135.83786797,0.209388360381126,0.208338538434305
135.847851778,0.209388345479965,0.208439414577744
135.857646848,0.208391278982162,0.208460476060533
135.867867367,0.207394182682037,0.208409750329769
135.877846968,0.208391278982162,0.20829587828952
135.887880742,0.208391278982162,0.208121188074198
135.897853334,0.208391278982162,0.207885396693101
135.907852427,0.207394182682037,0.207591943443407
135.917852391,0.206397086381912,0.207247668398457
135.927857298,0.208391278982162,0.206858402561242
135.937620955,0.206397086381912,0.206430915364125
135.947302223,0.205400019884109,0.205978439714381
135.957232345,0.205400019884109,0.205517711402046
135.967232016,0.205400019884109,0.20506254613122
135.977253056,0.204402923583984,0.204624211703058
135.987240894,0.205400004982948,0.204215663242521
135.997238946,0.203405827283859,0.203855404551301
136.007218474,0.203405827283859,0.203568024940878
136.017217938,0.203405827283859,0.203379696630769
136.027240592,0.202408745884895,0.203313432104342
136.037232059,0.202408745884895,0.203384916005032
136.047214266,0.203405827283859,0.203597150977845
136.057210537,0.203405827283859,0.20393891411744
136.067206559,0.205400004982948,0.204389612750069
136.077209005,0.205400004982948,0.204928089705157
136.087173919,0.203405827283859,0.205537812773883
136.097198887,0.206397086381912,0.206199615222661
136.107193606,0.206397086381912,0.206881639410059
136.117166956,0.208391264081001,0.207541492702855
136.12716491,0.208391264081001,0.208135994869755
136.137166264,0.209388345479965,0.208628766804069
136.147216798,0.208391264081001,0.208992539649459
136.157177794,0.21038544178009,0.209206929306273
136.167152425,0.209388345479965,0.209257548390898
136.177152516,0.208391264081001,0.209136896099073
136.187150294,0.21038544178009,0.208842049024569
136.1971496,0.209388360381126,0.208375925802811
136.207149701,0.208391278982162,0.207756127904377
136.217220364,0.206397086381912,0.207018021789293
136.227154168,0.205400004982948,0.20620506774183
136.237136929,0.205400004982948,0.205356293323779
136.247153076,0.205400004982948,0.204503304389555
136.257150043,0.203405827283859,0.203677357846337
136.267155061,0.201411664485931,0.202912573384729
136.27714536,0.202408745884895,0.202237999431454
136.287150599,0.201411664485931,0.201671075148616
136.297148347,0.201411664485931,0.201221168902066
136.307151527,0.200414568185806,0.200894879241143
136.317146799,0.200414568185806,0.200696254426355
136.327149029,0.200414568185806,0.200624424539587
136.337113804,0.200414568185806,0.200672539510483
136.3471323,0.201411664485931,0.200829360669844
136.357106864,0.200414568185806,0.201082315907601
136.367106679,0.202408745884895,0.201419587866611
136.37710171,0.201411664485931,0.201831478956549
136.387099987,0.201411664485931,0.202309970772368
136.397074266,0.201411664485931,0.202841415873499
136.407072748,0.204402923583984,0.203397880539821
136.417070799,0.204402923583984,0.203940698175419
136.427073798,0.205400004982948,0.204434150662572
136.437065136,0.204402923583984,0.204854135340896
136.447061803,0.205400004982948,0.205185891620422
136.457060119,0.206397086381912,0.205419228714302
136.467056152,0.205400004982948,0.205549524807544
136.477052622,0.205400004982948,0.205579430843603
136.487051092,0.206397086381912,0.205516086882567
136.497051045,0.206397086381912,0.205371732065526
136.507048601,0.204402923583984,0.205168868675138
136.517046885,0.204402923583984,0.204937805346644
136.527044399,0.205400004982948,0.20470744745544
136.537041622,0.204402923583984,0.204503288458593
136.547037585,0.202408730983734,0.204349376188602
136.557037552,0.203405827283859,0.204260514651914
136.567037495,0.204402923583984,0.204232182972168
136.577040446,0.205400004982948,0.20424509844041
136.587028978,0.204402923583984,0.204280517141037
136.597025082,0.203405827283859,0.204328066753068
136.607026918,0.204402923583984,0.204379835352249
136.61702029,0.205400004982948,0.204424177641343
136.627018814,0.203405827283859,0.204448697098622
136.637013227,0.204402923583984,0.20444207516423
136.647012583,0.205400004982948,0.20439103646199
136.657011783,0.205400004982948,0.204284583096054
136.667007553,0.203405827283859,0.2041230980589
136.677006862,0.203405827283859,0.203916638654443
136.687006521,0.203405827283859,0.203673747865803
136.697854246,0.204402923583984,0.20339650472607
136.707119969,0.203405827283859,0.203086957172554
136.717852758,0.202408730983734,0.2027542817221
136.72709636,0.202408730983734,0.202413325220973
136.73711552,0.202408730983734,0.202079621871371
136.747087931,0.202408730983734,0.201769849978555
136.757099647,0.199417471885681,0.201503441207134
136.767084413,0.201411664485931,0.201295746936359
136.777078595,0.20141164958477,0.201150330741931
136.78712443,0.201411664485931,0.201063323302141
136.797124743,0.201411664485931,0.201033128513869
136.80712083,0.200414568185806,0.201063598478816
136.817109521,0.200414568185806,0.201159359558762
136.827116742,0.200414568185806,0.201317211288398
136.837110318,0.201411664485931,0.201520181092903
136.847118255,0.200414568185806,0.201737001311174
136.857116281,0.203405827283859,0.201924737038289
136.867109398,0.203405827283859,0.202037834122174
136.877079345,0.203405827283859,0.202044399699514
136.887072931,0.202408730983734,0.201937327052006
136.897074319,0.200414568185806,0.201730278010603
136.907077664,0.201411664485931,0.201442669581097
136.917019958,0.201411664485931,0.201088032138043
136.927068798,0.201411664485931,0.200675995196845
136.937063146,0.200414568185806,0.200221003756519
136.947032981,0.200414568185806,0.199746925759762
136.957060431,0.199417471885681,0.19928719649371
136.967051891,0.197423309087753,0.198881311628458
136.977050966,0.197423309087753,0.198564363011795
136.987042449,0.197423309087753,0.19835416440098
136.997049335,0.198420405387878,0.198247222632998
137.007017026,0.198420405387878,0.198225855983587
137.016979502,0.199417486786842,0.198269868559838
137.027015314,0.198420405387878,0.198366441425793
137.037012233,0.198420405387878,0.19851329119227
137.046996096,0.198420405387878,0.198714015871587
137.056986591,0.198420405387878,0.198970997298479
137.066916219,0.199417486786842,0.199281130851895
137.076919359,0.198420405387878,0.199634377260384
137.086936669,0.20141164958477,0.20001389952001
137.096933554,0.200414568185806,0.200400631683682
137.106909541,0.200414568185806,0.200779951404651
137.116937104,0.200414568185806,0.201140245346948
137.126898243,0.202408730983734,0.201466327766053
137.136911558,0.202408730983734,0.201741206902185
137.146924652,0.202408730983734,0.201955183724401
137.156938219,0.202408730983734,0.202110684672063
137.166929461,0.202408730983734,0.202220346525543
137.176921621,0.202408730983734,0.20230359411691
137.18690352,0.20141164958477,0.202382797760117
137.196915381,0.202408730983734,0.202477322277283
137.206914344,0.203405827283859,0.202600329238599
137.216902849,0.203405827283859,0.202764546446052
137.226936615,0.20141164958477,0.202988757597316
137.236906376,0.202408730983734,0.203291494769843
137.246913498,0.203405827283859,0.203678192909616
137.256930678,0.203405827283859,0.204137365711283
137.266911711,0.205400004982948,0.204645728424192
137.276909142,0.205400004982948,0.205175866537079
137.286929017,0.206397086381912,0.205704225747845
137.296921145,0.206397086381912,0.20621596464273
137.306916129,0.206397086381912,0.206704481028706
137.316911872,0.205400004982948,0.207164612901793
137.326921408,0.208391278982162,0.207582361522663
137.336914724,0.208391278982162,0.207933216016485
137.346928706,0.208391278982162,0.208192029118742
137.356882298,0.209388360381126,0.208341678416249
137.366915524,0.208391278982162,0.208375681515851
137.376913231,0.209388360381126,0.20829905351649
137.38690802,0.207394182682037,0.208127534832076
137.39691845,0.208391278982162,0.207883773503397
137.406923839,0.207394182682037,0.207592805404831
137.41690723,0.207394182682037,0.207280355011988
137.426910629,0.207394182682037,0.206973445179877
137.436896673,0.206397086381912,0.206701447497124
137.446908888,0.206397086381912,0.206495672663713
137.456880849,0.205400004982948,0.206385566105177
137.466910647,0.205400004982948,0.206392204870788
137.476909267,0.206397086381912,0.206522495697501
137.486911762,0.206397086381912,0.206768961573145
137.496911532,0.206397086381912,0.207113655022823
137.506908062,0.207394182682037,0.207529725167908
137.516901731,0.209388360381126,0.2079836375019
137.526916208,0.207394182682037,0.208442544606721
137.536910896,0.209388360381126,0.208878213358257
137.546907585,0.209388360381126,0.209264207906477
137.556925448,0.21038544178009,0.209576181002214
137.566909376,0.21038544178009,0.209797147621183
137.576850582,0.209388360381126,0.209920292332561
137.586868477,0.21038544178009,0.209945686127111
137.596877449,0.21038544178009,0.209876363356273
137.606852569,0.21038544178009,0.209720388484542
137.616885616,0.209388360381126,0.209494872795684
137.62685698,0.209388360381126,0.209225138304864
137.636852506,0.208391278982162,0.20893999377816
137.646865998,0.208391278982162,0.208666591113623
137.656861072,0.208391278982162,0.208426943090881
137.666861532,0.208391278982162,0.208238200969059
137.676868232,0.207394182682037,0.208114905489496
137.686851451,0.208391264081001,0.208068870879995
137.696854042,0.207394182682037,0.208107713531198
137.706872879,0.207394182682037,0.208233109069102
137.716854988,0.207394182682037,0.208435999308278
137.726851312,0.209388345479965,0.208692718124294
137.736873974,0.209388360381126,0.208970176445568
137.746855277,0.209388360381126,0.209236598254794
137.756852308,0.209388360381126,0.209466532353037
137.766872616,0.209388360381126,0.209638122948907
137.7768503,0.21038544178009,0.20972979589771
137.786853042,0.209388360381126,0.209720811727199
137.796872418,0.211382538080215,0.209594817965333
137.80689948,0.209388360381126,0.209345483897568
137.816909301,0.209388345479965,0.208980550094456
137.826907582,0.208391264081001,0.208519111901174
137.836905515,0.207394182682037,0.207984637877136
137.846908264,0.207394182682037,0.207398665081018
137.856889955,0.206397086381912,0.206777377405503
137.866913869,0.207394182682037,0.206133283469368
137.87694196,0.205400019884109,0.205481634093234
137.886914569,0.205400019884109,0.20484597523867
137.896903224,0.202408745884895,0.204255865336474
137.90691082,0.203405827283859,0.203736283034688
137.91691053,0.203405827283859,0.203298755857552
137.926892911,0.202408745884895,0.202943001100272
137.936899917,0.203405827283859,0.202663546078161
137.946927049,0.202408745884895,0.202454673905327
137.956911431,0.202408745884895,0.202313758205693
137.966903371,0.201411664485931,0.202240436511294
137.976908839,0.202408730983734,0.202231686613767
137.98690896,0.20141164958477,0.202278137335826
137.996929922,0.202408745884895,0.202363034633635
138.006906223,0.203405827283859,0.202464072270538
138.016852624,0.202408730983734,0.202559739956456
138.026904755,0.203405827283859,0.20263532166228
138.036902163,0.202408745884895,0.202683663841994
138.046922588,0.203405827283859,0.202703652652139
138.056910548,0.203405827283859,0.202700521352637
138.066904464,0.201411664485931,0.202686690191853
138.076913138,0.202408745884895,0.20267642951735
138.086908003,0.203405827283859,0.202678093724591
138.096826269,0.202408745884895,0.202695567859269
138.106898577,0.202408745884895,0.202733463114912
138.116931077,0.202408745884895,0.202795380570818
138.126903199,0.202408745884895,0.202879117840724
138.13690382,0.203405827283859,0.20297538288014
138.146913209,0.202408745884895,0.203070075130951
138.156904819,0.203405827283859,0.203146352565594
138.166892155,0.204402923583984,0.203186761003
138.176845637,0.203405827283859,0.203179713220658
138.186906926,0.202408745884895,0.203124028706724
138.196902207,0.203405827283859,0.203023823380468
138.206912394,0.203405827283859,0.202883053952304
138.216896769,0.203405827283859,0.20270891323333
138.22689594,0.202408745884895,0.20251736707182
138.236910889,0.201411664485931,0.202331396620113
138.246892062,0.201411664485931,0.202171626859899
138.256788788,0.200414568185806,0.202045544159285
138.266916012,0.202408730983734,0.201941570365708
138.276907639,0.202408730983734,0.20183316956519
138.286897174,0.202408730983734,0.201691871080587
138.296913402,0.202408730983734,0.201499088669981
138.306909071,0.20141164958477,0.201250623306556
138.316883095,0.200414568185806,0.200954194983213
138.326912899,0.20141164958477,0.20062275433401
138.336772726,0.200414568185806,0.200271389192878
138.346896098,0.199417471885681,0.199918902834438
138.356906661,0.200414568185806,0.199587138378616
138.366906562,0.199417486786842,0.199300294782797
138.376894888,0.198420405387878,0.199086415645079
138.386911163,0.198420405387878,0.19897393351707
138.396905256,0.197423309087753,0.198982713100098
138.406892947,0.198420390486717,0.199115676422584
138.416771809,0.199417471885681,0.199355950257377
138.426891278,0.199417471885681,0.199672140112609
138.4369053,0.200414568185806,0.20002676013937
138.446908217,0.20141164958477,0.200383121995842
138.456897119,0.201411664485931,0.200712720528208
138.466903681,0.199417471885681,0.200998542229996
138.476903474,0.202408745884895,0.201228274547021
138.48691406,0.201411664485931,0.201388391281455
138.496721457,0.202408745884895,0.201468662760205
138.506914637,0.201411664485931,0.201468103452135
138.516908766,0.201411664485931,0.20139460272512
138.526908894,0.201411664485931,0.201260899417522
138.536909851,0.201411664485931,0.201082047754884
138.546923042,0.201411664485931,0.200876767884617
138.556908749,0.200414568185806,0.200669712460818
138.566913976,0.200414568185806,0.200490275531034
138.576680231,0.198420390486717,0.200366117001648
138.586911514,0.200414568185806,0.200313485454154
138.596915539,0.200414568185806,0.200333082354562
138.606906533,0.200414568185806,0.200416439546453
138.616898357,0.201411664485931,0.200554820031583
138.626913395,0.199417471885681,0.20074281928642
138.636924703,0.201411664485931,0.200975495826755
138.646895072,0.201411664485931,0.201244447497127
138.656664831,0.201411664485931,0.201539569300721
138.666908059,0.202408730983734,0.201852697947192
138.676897761,0.202408730983734,0.202179364318637
138.68690267,0.202408730983734,0.202520125969454
138.696901342,0.202408730983734,0.202878924316603
138.706899097,0.203405827283859,0.203258472139803
138.716912258,0.202408730983734,0.203656590621869
138.72690853,0.205400004982948,0.204064795195285
138.736648394,0.204402923583984,0.204471827135829
138.746909624,0.204402923583984,0.204869637129215
138.756888175,0.204402923583984,0.20525145199695
138.766902757,0.206397086381912,0.205604751086985
138.776902736,0.206397086381912,0.205912549342862
138.786909733,0.206397086381912,0.206161920376244
138.796895188,0.206397086381912,0.206348167134995
138.806915186,0.206397086381912,0.206472233554559
138.8166224,0.207394182682037,0.206538073639382
138.826899021,0.206397086381912,0.206553939683156
138.836906079,0.206397086381912,0.206533538492282
138.846890917,0.206397086381912,0.206492914968949
138.856905581,0.206397086381912,0.20644676001609
138.866915029,0.206397086381912,0.206407796365974
138.876911146,0.206397086381912,0.206387620167921
138.886893052,0.205400004982948,0.206396084457417
138.896610293,0.207394182682037,0.20643898580082
138.906923151,0.206397086381912,0.206519141993281
138.916901308,0.206397086381912,0.206640726764195
138.926903687,0.206397086381912,0.206808848337478
138.936905262,0.205400004982948,0.207022970148829
138.946900861,0.207394182682037,0.207269407113587
138.956909804,0.208391278982162,0.207520895843421
138.966894436,0.207394182682037,0.20774616864822
138.97661582,0.208391278982162,0.207918145058902
138.9869032,0.209388360381126,0.208016043710468
138.996908623,0.207394182682037,0.208028554752288
139.006893425,0.208391278982162,0.207954524889273
139.016917219,0.208391278982162,0.207798751131941
139.0268965,0.207394182682037,0.207570859847514
139.036896152,0.208391278982162,0.207287181455169
139.046909184,0.206397086381912,0.206971443484097
139.056603668,0.206397086381912,0.206652611352524
139.066910667,0.206397086381912,0.206359397890755
139.076912642,0.205400004982948,0.206116158956383
139.086903041,0.205400004982948,0.205940929303432
139.096903851,0.205400004982948,0.205842468430176
139.106922935,0.206397086381912,0.205819920022562
139.116915058,0.205400004982948,0.205867539229141
139.126906037,0.206397086381912,0.205979184113685
139.136577051,0.205400004982948,0.206148691456089
139.146902814,0.207394182682037,0.206368898729989
139.156952407,0.206397086381912,0.206633406795487
139.166902819,0.205400004982948,0.206937262255681
139.176935832,0.207394182682037,0.207270097836769
139.186946381,0.207394182682037,0.20760981584877
139.196910387,0.209388360381126,0.207927644386774
139.206893317,0.207394182682037,0.20819839034817
139.216556168,0.209388345479965,0.208404527744422
139.226898983,0.208391278982162,0.208534610880489
139.236901844,0.209388360381126,0.208582989673515
139.246900285,0.208391278982162,0.208551072223565
139.256896964,0.208391278982162,0.208446286847807
139.266900714,0.209388360381126,0.20828004267891
139.276911455,0.208391278982162,0.208069825108023
139.286895208,0.207394182682037,0.207842526736625
139.296532512,0.206397086381912,0.207629383152259
139.306908772,0.207394182682037,0.207454634220217
139.316905585,0.207394182682037,0.207330549772464
139.326896686,0.207394182682037,0.207262313560064
139.336910418,0.206397086381912,0.207253228605921
139.346905796,0.207394182682037,0.207303489465911
139.356903758,0.207394182682037,0.207407736380446
139.366907312,0.207394182682037,0.207556684919765
139.376519169,0.208391278982162,0.20774029131579
139.386916756,0.208391278982162,0.207951298400195
139.396912801,0.208391278982162,0.208189337066395
139.406910964,0.208391278982162,0.208461739474632
139.416895241,0.207394182682037,0.208778427279903
139.42691819,0.208391278982162,0.209142091833758
139.436903886,0.21038544178009,0.20954146810957
139.446911407,0.21038544178009,0.209956942223222
139.456506022,0.21038544178009,0.210372081716353
139.466906939,0.21038544178009,0.210776884044521
139.476898422,0.21038544178009,0.211161738522435
139.486904318,0.212379619479179,0.211511602764118
139.496896931,0.212379619479179,0.21180856615644
139.506911063,0.212379619479179,0.212040455480056
139.516910882,0.212379619479179,0.212205226836625
139.526910931,0.213376700878143,0.212310036925926
139.536480215,0.212379619479179,0.212371636478691
139.546915249,0.21038544178009,0.21241397649721
139.556914385,0.212379619479179,0.21245610861866
139.566903169,0.213376700878143,0.212503180510486
139.576244258,0.212379619479179,0.212553398094811
139.586892785,0.212379619479179,0.212607592614941
139.596895531,0.211382538080215,0.212666831878178
139.6068928,0.212379619479179,0.212723355150234
139.616461177,0.213376700878143,0.212756766491608
139.626909598,0.212379619479179,0.212739644751389
139.636894681,0.212379619479179,0.212643716638789
139.646908724,0.213376700878143,0.212440517801364
139.656907826,0.213376700878143,0.212105040529924
139.666890259,0.212379619479179,0.211625567393345
139.676164345,0.211382538080215,0.211009572150676
139.686904693,0.209388360381126,0.210279283612422
139.696449727,0.21038544178009,0.209462073035678
139.706902577,0.208391278982162,0.208585840158586
139.716878305,0.207394182682037,0.207680185797142
139.726904651,0.206397086381912,0.206774860855076
139.736915273,0.206397086381912,0.205896200009912
139.746916616,0.204402923583984,0.205067538388571
139.756196582,0.203405827283859,0.204309096125852
139.766902558,0.203405827283859,0.203632884625064
139.776362793,0.203405827283859,0.203040168376142
139.786911473,0.202408745884895,0.202526526978743
139.796953073,0.201411664485931,0.202086529456031
139.806182389,0.202408745884895,0.201712793102208
139.816904053,0.201411664485931,0.20139614137466
139.826159839,0.200414568185806,0.201128333220916
139.836902421,0.199417471885681,0.200898303385912
139.846138501,0.201411664485931,0.200683445708327
139.856404487,0.200414568185806,0.200449445194072
139.866156996,0.200414568185806,0.200159138756151
139.876579216,0.199417471885681,0.199777857029115
139.886909586,0.201411664485931,0.199274658763668
139.896143208,0.199417471885681,0.198629403710221
139.906128586,0.197423309087753,0.197840971755864
139.91614547,0.196426212787628,0.196922469823766
139.926124917,0.197423309087753,0.19589009068705
139.936125812,0.195429131388664,0.194763915665466
139.946119311,0.1944320499897,0.193577674351089
139.956123691,0.19243785738945,0.192382435961901
139.966108282,0.190443694591522,0.191240844001066
139.976085647,0.190443694591522,0.190217464931331
139.986114878,0.187452435493469,0.189370617922825
139.996106003,0.188449531793594,0.188745724508797
140.006082896,0.188449531793594,0.18837165095887
140.016073049,0.187452435493469,0.188264393210592
140.026111655,0.187452435493469,0.188430865087398
140.036080311,0.189446613192558,0.188867139654061
140.046079536,0.188449531793594,0.189558923888455
140.056064936,0.190443694591522,0.19048434472002
140.06606782,0.190443694591522,0.191612729417051
140.07605509,0.193434953689575,0.192902491677476
140.08604818,0.1944320499897,0.194304066342971
140.096030114,0.1944320499897,0.195764787412703
140.106056895,0.197423309087753,0.197227480333266
140.116032513,0.200414568185806,0.198629169011027
140.126044608,0.200414568185806,0.199911663985087
140.136027064,0.201411664485931,0.201033390152625
140.145984883,0.201411664485931,0.201967744247738
140.155974633,0.203405827283859,0.202694150482861
140.166011845,0.204402923583984,0.20319565100131
140.175951694,0.202408745884895,0.203463491793975
140.185997352,0.204402923583984,0.203497152730227
140.195921758,0.205400004982948,0.203302642410357
140.205908932,0.203405827283859,0.202900948385693
140.215908185,0.20141164958477,0.202334564741286
140.225915389,0.201411664485931,0.201657086731065
140.235927068,0.200414568185806,0.200918263373181
140.245934066,0.200414568185806,0.200159347975018
140.255910278,0.199417471885681,0.199416425577508
140.265930871,0.198420390486717,0.198724219914845
140.275929406,0.198420390486717,0.198116940648152
140.285903851,0.197423309087753,0.197628063494753
140.295915378,0.196426212787628,0.197289640008077
140.305907646,0.195429131388664,0.197126482424087
140.315853583,0.196426212787628,0.197145925157238
140.325854744,0.197423309087753,0.197333290112333
140.335867656,0.198420390486717,0.197659538428431
140.345854492,0.199417471885681,0.198096066331774
140.355884028,0.198420390486717,0.198626559128247
140.365856264,0.198420405387878,0.199247157315122
140.375879904,0.198420405387878,0.199953960227065
140.38585464,0.200414568185806,0.200728624533417
140.395853497,0.202408730983734,0.201535471729198
140.405855084,0.203405827283859,0.202333159034233
140.415853531,0.204402923583984,0.203091001393067
140.425863552,0.203405827283859,0.203797466911871
140.435867959,0.203405827283859,0.204454814993481
140.445885905,0.204402923583984,0.205064131527896
140.455888874,0.205400004982948,0.205614051175771
140.465862308,0.207394182682037,0.206082488721115
140.475853067,0.207394182682037,0.206448965601836
140.485855656,0.206397086381912,0.206706006774561
140.495874794,0.207394182682037,0.206859376885647
140.505863715,0.207394182682037,0.206922583174218
140.515864583,0.206397086381912,0.206914807006572
140.525885112,0.207394182682037,0.206859364305561
140.535880189,0.206397086381912,0.206780987527952
140.545854772,0.206397086381912,0.206704100754079
140.555860348,0.206397086381912,0.206650265103613
140.565852223,0.205400004982948,0.206634304969695
140.575848568,0.208391278982162,0.206662653952411
140.58585056,0.206397086381912,0.206738896259261
140.595850951,0.205400004982948,0.206869719054937
140.60585341,0.206397086381912,0.207057957458553
140.615854479,0.207394182682037,0.207291890053086
140.625859134,0.207394182682037,0.207546653626
140.635869673,0.208391278982162,0.207792738260147
140.645851703,0.208391278982162,0.208002773085819
140.655850991,0.208391278982162,0.208155837055475
140.665872815,0.209388360381126,0.208239827979609
140.675852368,0.207394182682037,0.208252307208555
140.685852405,0.208391278982162,0.208197431107167
140.695854523,0.208391278982162,0.208080371367521
140.70585195,0.208391278982162,0.207907102981988
140.715852024,0.208391278982162,0.207689452684424
140.725871646,0.207394182682037,0.207448638312642
140.735852494,0.206397086381912,0.207213057672767
140.745853086,0.206397086381912,0.207009901554518
140.755866679,0.207394182682037,0.206857986786319
140.765858007,0.207394182682037,0.206770535808505
140.775849758,0.205400004982948,0.206762203583624
140.785867476,0.206397086381912,0.206846818282683
140.795852182,0.207394182682037,0.207029503534778
140.80585629,0.206397086381912,0.207306152670243
140.815866438,0.206397086381912,0.207664880362744
140.825854785,0.207394182682037,0.208080297484998
140.835854518,0.209388360381126,0.208510146784882
140.845854337,0.21038544178009,0.208905415538172
140.85584969,0.209388345479965,0.209226804132444
140.865852572,0.208391278982162,0.209449961645305
140.875873749,0.211382538080215,0.209557628405144
140.885851788,0.209388345479965,0.209536417004936
140.895851449,0.209388345479965,0.209381266579795
140.905872981,0.209388360381126,0.209094626856798
140.91585401,0.209388360381126,0.20868312372146
140.925859898,0.209388360381126,0.208160915437956
140.9358518,0.208391278982162,0.20755692787761
140.945883491,0.205400004982948,0.206916367110641
140.955853357,0.205400004982948,0.206289291859123
140.965854069,0.205400004982948,0.205714636261933
140.975850924,0.204402923583984,0.20521460870302
140.985854406,0.206397086381912,0.204800020504027
140.995854385,0.203405827283859,0.204479428634034
141.0058664,0.204402923583984,0.204263859388203
141.015853749,0.204402923583984,0.204164246286544
141.025856954,0.203405827283859,0.204189283795268
141.03586931,0.203405827283859,0.204343488236761
141.045854478,0.203405827283859,0.204620030700034
141.055854265,0.205400004982948,0.204994912062321
141.065870344,0.206397086381912,0.205431911827309
141.075854237,0.206397086381912,0.205896130055296
141.085856949,0.205400004982948,0.206362247726661
141.095871557,0.207394182682037,0.206810248619377
141.105851858,0.207394182682037,0.207219727037008
141.115853908,0.207394182682037,0.207571172562843
141.12586752,0.208391278982162,0.207848060032464
141.135853841,0.208391278982162,0.208037499378807
141.145855458,0.209388360381126,0.208133741817317
141.155870853,0.208391278982162,0.208143459902133
141.165856443,0.207394182682037,0.208086277440841
141.175852385,0.207394182682037,0.207986448715741
141.185871635,0.208391278982162,0.207863267701148
141.19591391,0.207394182682037,0.207730339393891
141.205904188,0.207394182682037,0.20759935904614
141.215897012,0.207394182682037,0.207480163845606
141.225896272,0.208391278982162,0.20738076304662
141.235901351,0.206397086381912,0.207311092079368
141.245918871,0.207394182682037,0.207283691735299
141.25591118,0.206397086381912,0.20730845919677
141.265910778,0.206397086381912,0.207386533047183
141.275914665,0.207394182682037,0.207505803537472
141.285906908,0.207394182682037,0.207640707432809
141.29591009,0.208391278982162,0.207757883679516
141.305924656,0.208391278982162,0.207824216828392
141.315909605,0.208391278982162,0.207813934816291
141.32590645,0.207394182682037,0.207711432513111
141.335937747,0.208391278982162,0.207509018262155
141.345601805,0.207394182682037,0.207205209127579
141.355915777,0.207394182682037,0.206806391472472
141.365898223,0.207394182682037,0.206329224743014
141.375893531,0.205400004982948,0.205802310032105
141.385903812,0.205400004982948,0.205264117562741
141.395910611,0.204402923583984,0.204756590127218
141.40590949,0.203405827283859,0.204318948337014
141.415918455,0.202408730983734,0.203980876108918
141.42590856,0.204402923583984,0.203755646901175
141.435910489,0.203405827283859,0.203641861350994
141.445620305,0.203405827283859,0.203632179296602
141.455913277,0.202408730983734,0.20371580382617
141.465895322,0.204402923583984,0.203873528358426
141.475908574,0.204402923583984,0.204077489143844
141.48591692,0.204402923583984,0.204298667927479
141.495912524,0.204402923583984,0.20451211101385
141.505890577,0.204402923583984,0.204695151392872
141.515923606,0.206397086381912,0.20482577024697
141.525902574,0.203405827283859,0.204885548397657
141.535909012,0.205400004982948,0.204859734470653
141.545815868,0.205400004982948,0.204733500717961
141.55591848,0.205400004982948,0.204495281674157
141.565912555,0.204402923583984,0.204144837985116
141.575922105,0.203405827283859,0.203694343160808
141.585903911,0.203405827283859,0.203162486802739
141.595913111,0.202408745884895,0.202569306908462
141.605916616,0.203405827283859,0.20193668248984
141.615908054,0.200414568185806,0.201292739571821
141.625913245,0.200414568185806,0.200671753523059
141.635912132,0.199417471885681,0.200106318011164
141.645928579,0.199417471885681,0.199620364154306
141.655911469,0.199417471885681,0.199229004128743
141.665911961,0.198420390486717,0.198942058922435
141.675910409,0.198420390486717,0.198765641550332
141.685904527,0.198420390486717,0.198700253304014
141.695914826,0.199417471885681,0.198740555639675
141.705893789,0.198420390486717,0.198879445402718
141.715907708,0.198420390486717,0.199109913480149
141.725925658,0.199417471885681,0.199420863618223
141.735917151,0.200414568185806,0.199794991536683
141.745915816,0.200414568185806,0.200214253254585
141.755911431,0.200414568185806,0.200665323085346
141.765904481,0.200414568185806,0.201137457452603
141.775911484,0.201411664485931,0.201615704826286
141.785913975,0.201411664485931,0.202076350592333
141.795897543,0.203405827283859,0.202487597119066
141.805906559,0.203405827283859,0.202815973286434
141.81590795,0.204402923583984,0.203036442295889
141.825914299,0.203405827283859,0.203140219091126
141.835931126,0.202408745884895,0.203134154464959
141.84590365,0.202408745884895,0.203030560155658
141.855911145,0.203405827283859,0.202836663306749
141.865896247,0.203405827283859,0.202555402978795
141.87590567,0.203405827283859,0.202196089481276
141.885901009,0.202408745884895,0.201784208079565
141.895902612,0.199417471885681,0.20136084085952
141.905916592,0.200414568185806,0.200968537932703
141.91591077,0.200414568185806,0.200636098066051
141.925360804,0.200414568185806,0.200377335251969
141.935859637,0.200414568185806,0.200199281330281
141.945862103,0.200414568185806,0.200108902124488
141.95585932,0.199417486786842,0.200115471470068
141.965853069,0.199417486786842,0.200227112787657
141.975856018,0.199417486786842,0.2004426665851
141.985850889,0.200414568185806,0.200745387803615
141.995845751,0.202408745884895,0.201105153916154
142.005855814,0.201411664485931,0.201489514606399
142.015840681,0.202408745884895,0.201873559669509
142.025855609,0.202408745884895,0.20224127933115
142.035851186,0.202408745884895,0.202582883233964
142.04586653,0.203405827283859,0.202892398900755
142.055853341,0.203405827283859,0.203167100087438
142.06585191,0.203405827283859,0.203408897381499
142.075869134,0.204402923583984,0.203625098129879
142.08585977,0.203405827283859,0.203828487273523
142.095823823,0.203405827283859,0.204035255688963
142.105868903,0.204402923583984,0.204259209573676
142.11585203,0.204402923583984,0.204508569507641
142.12585333,0.204402923583984,0.204787736981496
142.135854903,0.205400004982948,0.205098563981462
142.145853234,0.205400004982948,0.205441019080174
142.155849359,0.205400004982948,0.205814521805862
142.165868412,0.206397086381912,0.206217295976215
142.175843369,0.206397086381912,0.206645079055265
142.185854254,0.207394182682037,0.207091874652813
142.195868276,0.207394182682037,0.207551512452258
142.205859814,0.207394182682037,0.208017489980585
142.215854147,0.208391278982162,0.208479910385633
142.225864511,0.208391278982162,0.208922322029109
142.235855877,0.209388360381126,0.209321338529152
142.245858887,0.209388360381126,0.20964807320015
142.255815848,0.209388360381126,0.209869231408437
142.265853592,0.211382538080215,0.209948460271488
142.275856331,0.211382538080215,0.209853917405619
142.285869892,0.21038544178009,0.20957142952464
142.295851041,0.209388360381126,0.209110595616635
142.305856502,0.209388360381126,0.208500116077939
142.315866045,0.207394182682037,0.20778141989463
142.325858197,0.207394182682037,0.207004004112397
142.335764396,0.205400004982948,0.206220340719341
142.3458732,0.204402923583984,0.205479358013644
142.355864864,0.206397086381912,0.204821409536946
142.365854025,0.203405827283859,0.204281656681139
142.375856503,0.202408730983734,0.203894385990638
142.385854913,0.203405827283859,0.203685610350234
142.395847379,0.203405827283859,0.203665168789922
142.405869772,0.202408730983734,0.203828401915146
142.415748033,0.204402923583984,0.204157951455831
142.425853295,0.204402923583984,0.204624445521526
142.435866888,0.205400004982948,0.205191701258359
142.445852315,0.206397086381912,0.205823057123837
142.455856271,0.205400004982948,0.206484261189859
142.465874784,0.207394182682037,0.207141024471394
142.475852328,0.208391278982162,0.207755943471347
142.485856381,0.207394182682037,0.208290821431456
142.49572859,0.209388360381126,0.208708564945634
142.505849552,0.21038544178009,0.208974125713558
142.51585081,0.209388360381126,0.209061851756464
142.525871835,0.21038544178009,0.2089633218712
142.535850784,0.209388360381126,0.208689533228022
142.54588035,0.208391278982162,0.20827023298568
142.555851907,0.207394182682037,0.207748850470413
142.565850726,0.206397086381912,0.207172454331429
142.575758194,0.206397086381912,0.206582512090693
142.5858698,0.206397086381912,0.206012144170725
142.595853429,0.205400004982948,0.205490342490375
142.605852694,0.204402923583984,0.205045818821957
142.615869825,0.204402923583984,0.204704557235708
142.625857771,0.203405827283859,0.204484443085097
142.635853977,0.203405827283859,0.204390429588094
142.645867583,0.204402923583984,0.204411232844014
142.655697538,0.205400004982948,0.204522757373347
142.66585456,0.205400004982948,0.204699772542695
142.675874785,0.204402923583984,0.204925682325003
142.685851415,0.205400004982948,0.205191593037033
142.695856883,0.205400004982948,0.205490311713822
142.705869229,0.205400004982948,0.20581343435806
142.715848007,0.205400004982948,0.206149071089351
142.725852029,0.206397086381912,0.206477774095406
142.735673224,0.208391278982162,0.206773552660782
142.745853965,0.207394182682037,0.207014329729116
142.755850539,0.207394182682037,0.207191735469817
142.765873779,0.207394182682037,0.20731005750253
142.77585186,0.207394182682037,0.207379807707348
142.785851004,0.207394182682037,0.207413790731915
142.795869228,0.206397086381912,0.207424175491087
142.805853742,0.208391278982162,0.207419011859397
142.815653895,0.208391278982162,0.207404561850121
142.825867473,0.207394182682037,0.207394568348285
142.835852927,0.206397086381912,0.207413051315726
142.845854968,0.207394182682037,0.20748503939954
142.85587381,0.206397086381912,0.207626688630342
142.865853892,0.207394182682037,0.207840953190864
142.87585251,0.208391278982162,0.208117194389262
142.885857571,0.208391278982162,0.208435987458112
142.895635656,0.209388360381126,0.208776664398948
142.905870101,0.209388360381126,0.209122652028344
142.915135436,0.208391278982162,0.209462349994902
142.925856954,0.209388360381126,0.209783254157293
142.935130936,0.21038544178009,0.210064904594405
142.945854467,0.21038544178009,0.2102802228737
142.955128878,0.212379619479179,0.210404339216076
142.965851613,0.21038544178009,0.210424799192288
142.975120784,0.209388360381126,0.210344342321184
142.985853412,0.21038544178009,0.210171214749494
142.995110743,0.21038544178009,0.209910240011658
143.005854293,0.209388360381126,0.20956511150536
143.015082345,0.209388360381126,0.209142554801886
143.025857847,0.209388360381126,0.208652965870875
143.035109416,0.208391278982162,0.208112648008366
143.045857088,0.207394182682037,0.207546085987747
143.055101181,0.205400004982948,0.20698129881146
143.065034511,0.205400004982948,0.206437802361434
143.075097651,0.207394182682037,0.20591857828063
143.085855994,0.205400004982948,0.205417582885601
143.09508644,0.204402923583984,0.204932110019223
143.10585238,0.204402923583984,0.204462871541263
143.114998103,0.204402923583984,0.204008441596726
143.125100124,0.203405827283859,0.203565969890327
143.135063192,0.202408730983734,0.20313291472531
143.145080522,0.203405827283859,0.202704565965723
143.155052988,0.202408730983734,0.202274027707101
143.164966229,0.202408730983734,0.20183739637992
143.174970506,0.200414568185806,0.201396317628336
143.185054361,0.201411664485931,0.200954023670554
143.195064458,0.201411664485931,0.200512765982333
143.204972148,0.199417471885681,0.200077873790795
143.215011746,0.199417471885681,0.199659122061492
143.225006108,0.198420390486717,0.199264010050171
143.235023089,0.199417471885681,0.198892040569979
143.244969756,0.198420390486717,0.198536491645803
143.254980864,0.198420390486717,0.198189718425855
143.264925408,0.199417471885681,0.197848117576639
143.274966951,0.197423309087753,0.197518181289285
143.284994554,0.196426212787628,0.197218381290582
143.294920404,0.196426212787628,0.196970135875105
143.304956107,0.196426212787628,0.19678679044861
143.314959701,0.197423309087753,0.196672136729015
143.324912552,0.197423309087753,0.196628204082944
143.334965377,0.196426212787628,0.196664252676265
143.34494271,0.196426212787628,0.196797604677235
143.354930199,0.197423309087753,0.197047426844725
143.3649352,0.196426212787628,0.197430389648844
143.374924451,0.197423309087753,0.197957843471721
143.384891737,0.197423309087753,0.198630235296703
143.39492812,0.199417471885681,0.199432538730399
143.40490901,0.200414568185806,0.200336008004959
143.414896089,0.20141164958477,0.201305237259721
143.424881596,0.202408745884895,0.202304468693797
143.434895493,0.202408745884895,0.203298559881637
143.444912441,0.205400004982948,0.204250674182574
143.454870417,0.205400004982948,0.205124051607671
143.464853869,0.206397086381912,0.205888620450061
143.474851188,0.206397086381912,0.206523931548462
143.484868031,0.208391278982162,0.207017702232545
143.494881622,0.207394182682037,0.207367007641015
143.504852462,0.208391278982162,0.207581048595665
143.514868172,0.206397086381912,0.207678938762626
143.524865766,0.208391278982162,0.207682339894
143.534865208,0.208391278982162,0.207611844541607
143.544872179,0.206397086381912,0.207490640263758
143.554863597,0.206397086381912,0.207343119397233
143.564854657,0.206397086381912,0.207184004814771
143.574883701,0.208391278982162,0.207013406350983
143.584859404,0.206397086381912,0.206825456582327
143.594865035,0.205400004982948,0.206615934739785
143.604868717,0.206397086381912,0.20637706057204
143.614854181,0.207394182682037,0.206092782052468
143.624858229,0.205400004982948,0.205746632936116
143.634887759,0.205400004982948,0.20532923702139
143.644865499,0.204402923583984,0.204835184355137
143.65486307,0.205400004982948,0.204258736375698
143.664868901,0.204402923583984,0.203597745490287
143.674854408,0.203405827283859,0.20286191513212
143.684859992,0.202408745884895,0.202076132704531
143.694869563,0.202408745884895,0.201278634971585
143.704863991,0.199417471885681,0.200518770770814
143.714854298,0.198420390486717,0.199849622152471
143.724881902,0.198420390486717,0.199313200358405
143.734855176,0.198420390486717,0.198930430138454
143.744861819,0.199417471885681,0.198704365472686
143.754870527,0.198420390486717,0.198630888306703
143.764853253,0.198420390486717,0.198706168988199
143.774858078,0.197423309087753,0.198924306887448
143.78488321,0.199417471885681,0.19926921097518
143.794853668,0.199417471885681,0.199711474558837
143.804857974,0.200414568185806,0.200213253438993
143.814865766,0.201411664485931,0.200735128158812
143.82485254,0.202408745884895,0.201243042274586
143.834851823,0.202408745884895,0.201716076856019
143.844882513,0.201411664485931,0.202149109441233
143.854853042,0.201411664485931,0.20254418204049
143.864849049,0.202408745884895,0.202896049635822
143.874852827,0.204402923583984,0.203186516229182
143.884937591,0.203405827283859,0.203393001053496
143.894910253,0.204402923583984,0.20349976765322
143.904908632,0.203405827283859,0.203501631059404
143.914916327,0.203405827283859,0.203401754609565
143.924916363,0.203405827283859,0.203207623197514
143.934906383,0.203405827283859,0.202929122503958
143.944920839,0.203405827283859,0.202581222149412
143.95490168,0.202408745884895,0.202188389418528
143.964908041,0.201411664485931,0.201785098497967
143.974908171,0.200414568185806,0.201409276480961
143.984915449,0.201411664485931,0.201093298110626
143.994915647,0.200414568185806,0.200861048020646
144.004903332,0.201411664485931,0.200731714833875
144.014923864,0.200414568185806,0.200724500071067
144.024909661,0.199417471885681,0.200858514424102
144.034911057,0.200414568185806,0.201144820473643
144.0449117,0.201411664485931,0.201578209607848
144.054895011,0.202408745884895,0.202139109825087
144.064909461,0.202408745884895,0.202801760472541
144.074909121,0.204402923583984,0.203539755657118
144.084938301,0.203405827283859,0.204328124593764
144.094901555,0.204402923583984,0.20514116742214
144.104891523,0.206397086381912,0.205946597479484
144.114907948,0.206397086381912,0.206704503196568
144.124910864,0.208391264081001,0.207373141363097
144.134893325,0.207394182682037,0.207914436921497
144.144901902,0.208391264081001,0.20829474217625
144.154915449,0.208391278982162,0.208481652594029
144.16490516,0.21038544178009,0.208444214214333
144.174908547,0.209388360381126,0.208162477590701
144.184921647,0.208391278982162,0.207639044152472
144.194893406,0.207394182682037,0.206901043263765
144.204907445,0.205400004982948,0.205992464036544
144.214914985,0.206397086381912,0.204965574837606
144.224912833,0.203405827283859,0.203878498647387
144.234903728,0.203405827283859,0.202796546610191
144.244906855,0.200414568185806,0.201789476702115
144.25491764,0.201411664485931,0.200924643194398
144.264908611,0.198420390486717,0.200261223792549
144.274914048,0.197423309087753,0.199842843028935
144.284889827,0.199417471885681,0.199686100389735
144.294893816,0.200414568185806,0.199778699378236
144.304908762,0.200414568185806,0.200094754000922
144.314905604,0.199417471885681,0.200608919562249
144.32491131,0.201411664485931,0.201295248300244
144.334916338,0.202408745884895,0.20212186160474
144.344905968,0.203405827283859,0.203053905495314
144.35490898,0.203405827283859,0.204058842463892
144.364945358,0.205400004982948,0.20510553517812
144.374903976,0.207394182682037,0.206163091758877
144.38490289,0.207394182682037,0.207206733139231
144.39489936,0.207394182682037,0.208222048082014
144.404901254,0.209388360381126,0.209198889223649
144.414916239,0.21038544178009,0.210124505137325
144.42488853,0.211382538080215,0.21098542131139
144.434852497,0.211382538080215,0.211771730091082
144.44487049,0.212379619479179,0.212476121487165
144.454854731,0.213376700878143,0.213090510483834
144.464853836,0.214373797178268,0.21360704084718
144.474874861,0.213376700878143,0.2140223079233
144.484581954,0.215370893478394,0.214338332202924
144.494849897,0.214373797178268,0.21456166330606
144.504853628,0.214373797178268,0.214703216998642
144.514853073,0.214373797178268,0.214774754537272
144.524851465,0.214373797178268,0.214783128678899
144.534869698,0.215370893478394,0.21472869828184
144.544854141,0.215370878577232,0.214610419242591
144.554850924,0.214373797178268,0.21443359643474
144.564862938,0.213376700878143,0.21421101107306
144.574852346,0.213376700878143,0.213954663521546
144.584677086,0.212379619479179,0.213665856295
144.594867514,0.214373797178268,0.213331376069354
144.604852516,0.213376700878143,0.212929741378528
144.614860395,0.213376700878143,0.212443775448171
144.624876746,0.211382538080215,0.211867963949593
144.634854857,0.211382538080215,0.211205611421984
144.644849655,0.21038544178009,0.210462532812714
144.654872784,0.209388360381126,0.209643866617394
144.664851677,0.209388360381126,0.208753920339563
144.674852009,0.209388360381126,0.207800259253719
144.684872631,0.207394182682037,0.206803222080711
144.694855535,0.205400004982948,0.205801377250113
144.704849742,0.204402923583984,0.20484452420976
144.714868377,0.202408730983734,0.203980087891116
144.724856937,0.203405827283859,0.203242540591939
144.73485404,0.20141164958477,0.202650231966995
144.744870141,0.202408730983734,0.202207613694615
144.754855158,0.202408730983734,0.201909811293588
144.764853494,0.201411664485931,0.201749400598341
144.774863467,0.200414568185806,0.201718830644454
144.784852464,0.200414568185806,0.201802034557903
144.794855814,0.202408730983734,0.201964702380699
144.804870492,0.202408730983734,0.202156837986048
144.814851922,0.203405827283859,0.202325662851448
144.824849139,0.202408730983734,0.202426608160097
144.834867424,0.203405827283859,0.20242680542073
144.844849563,0.202408730983734,0.202304617121319
144.854852278,0.202408730983734,0.202048543397624
144.864870566,0.202408730983734,0.201655973885954
144.874854032,0.20141164958477,0.201133359150529
144.884848039,0.201411664485931,0.200497855137919
144.894870628,0.199417471885681,0.19977765094
144.904852385,0.199417471885681,0.199009295509253
144.9148545,0.197423309087753,0.198232773333109
144.924866512,0.197423309087753,0.197486244197422
144.934850846,0.196426212787628,0.196802292984911
144.944854164,0.195429131388664,0.196206239975435
144.954868077,0.1944320499897,0.195713204476074
144.96485103,0.195429131388664,0.195323417415944
144.974911668,0.196426212787628,0.195024738343893
144.984865425,0.1944320499897,0.194804981177871
144.994855505,0.1944320499897,0.194659677721815
145.004855953,0.1944320499897,0.194587546913172
145.014869347,0.1944320499897,0.194584355759667
145.024851649,0.1944320499897,0.194641853694908
145.034853973,0.1944320499897,0.194747927312449
145.044871052,0.195429131388664,0.194886830387958
145.054857403,0.196426212787628,0.195043696773276
145.064852282,0.1944320499897,0.195212303511422
145.074871977,0.1944320499897,0.195394454988391
145.084849524,0.196426212787628,0.195589808298308
145.094852082,0.195429131388664,0.195792024579232
145.104869776,0.195429131388664,0.195992612212948
145.114856592,0.197423309087753,0.196182011776958
145.124855936,0.197423309087753,0.196353362678793
145.134868129,0.196426212787628,0.196511749661749
145.144846956,0.196426212787628,0.196675796941701
145.154849379,0.196426212787628,0.1968688496937
145.164667315,0.196426212787628,0.197109985928244
145.174854463,0.197423309087753,0.197409731913085
145.184861017,0.197423309087753,0.197770122969899
145.194869491,0.198420405387878,0.1981875684211
145.204853289,0.198420405387878,0.198655811419729
145.214857702,0.199417471885681,0.199167710299569
145.224872776,0.199417471885681,0.199715954854937
145.234855526,0.200414568185806,0.200292861053187
145.244854283,0.200414568185806,0.200889401110557
145.254869596,0.201411664485931,0.201493641735426
145.264731581,0.203405827283859,0.20209143378976
145.27485566,0.202408745884895,0.202672234279875
145.28487326,0.203405827283859,0.203233708591027
145.294557334,0.203405827283859,0.203778697552213
145.304854161,0.204402923583984,0.204309902611856
145.314852436,0.204402923583984,0.204827557080143
145.32485188,0.204402923583984,0.205327415023224
145.334852306,0.205400004982948,0.205796438174663
145.344868558,0.207394182682037,0.206211588044779
145.354854991,0.207394182682037,0.206548601543063
145.364860354,0.207394182682037,0.206794554834049
145.374869584,0.207394182682037,0.206952734132981
145.384855764,0.206397086381912,0.207038717276134
145.394848683,0.208391278982162,0.207074227760312
145.404864446,0.206397086381912,0.207085086586906
145.414847912,0.206397086381912,0.207100188214824
145.424851945,0.207394182682037,0.207145693512566
145.434875304,0.208391278982162,0.207243115777015
145.444859693,0.206397086381912,0.20741603864098
145.454856866,0.206397086381912,0.207690442250645
145.464869889,0.207394182682037,0.208082863643119
145.474852156,0.207394182682037,0.208590464671386
145.484850579,0.209388360381126,0.209190670525624
145.494871455,0.209388360381126,0.209846488766539
145.50485578,0.21038544178009,0.210512658201324
145.514850698,0.211382538080215,0.21113939107672
145.524871891,0.213376700878143,0.21167726216612
145.53485417,0.211382538080215,0.212085563967718
145.54484509,0.212379619479179,0.212334541337481
145.554868915,0.213376700878143,0.212399706935398
145.564856497,0.212379619479179,0.212260788417009
145.574856972,0.213376700878143,0.211907154345189
145.584872282,0.211382538080215,0.211342182519133
145.59485488,0.21038544178009,0.210582795518942
145.60487563,0.211382538080215,0.209655414864913
145.614870862,0.209388360381126,0.208597244328084
145.624851467,0.205400004982948,0.207459674130027
145.634853672,0.205400004982948,0.206297167773021
145.644868058,0.206397086381912,0.205151205783412
145.654855933,0.204402923583984,0.204053345446047
145.66485327,0.202408745884895,0.203038579246811
145.674823884,0.201411664485931,0.202145778181294
145.684851057,0.201411664485931,0.201408429003919
145.694861032,0.200414568185806,0.200850756675901
145.704867359,0.199417471885681,0.200488564769909
145.714853606,0.198420390486717,0.200325046948501
145.724923549,0.201411664485931,0.200343915586492
145.734921931,0.201411664485931,0.200514350216321
145.744910944,0.200414568185806,0.200806739910963
145.754922276,0.200414568185806,0.201198617595767
145.76491381,0.20141164958477,0.201666077958648
145.774909403,0.202408730983734,0.202177060346195
145.784904267,0.203405827283859,0.202694980986839
145.79493335,0.203405827283859,0.203186764458036
145.804893751,0.204402923583984,0.203628055490025
145.814911955,0.205400004982948,0.204006255461417
145.824895628,0.203405827283859,0.204323184447705
145.834915498,0.204402923583984,0.204591017340423
145.844902534,0.204402923583984,0.20482149857675
145.854919181,0.205400004982948,0.205020153636626
145.864909178,0.206397086381912,0.205190581872633
145.87491297,0.205400004982948,0.20534339658628
145.88418684,0.205400004982948,0.2055004161047
145.894912044,0.205400004982948,0.205689883268633
145.904899978,0.205400004982948,0.205938892170383
145.914900127,0.205400004982948,0.206267776697313
145.924910554,0.207394182682037,0.206687265174059
145.934892678,0.206397086381912,0.207200637061129
145.944909543,0.207394182682037,0.207806678141404
145.954912578,0.208391278982162,0.208498061812695
145.964918866,0.208391278982162,0.209259153193096
145.974911906,0.21038544178009,0.210066050056939
145.984921221,0.21038544178009,0.210887872765792
145.994904756,0.211382538080215,0.211688477134068
146.004904616,0.213376700878143,0.212427907339399
146.014911507,0.214373797178268,0.21306829177274
146.024906451,0.213376700878143,0.213583646498842
146.034908798,0.215370878577232,0.213963739990858
146.044919824,0.214373797178268,0.214212527821251
146.054912342,0.214373797178268,0.214346662080839
146.064887427,0.214373797178268,0.214391371724715
146.074909019,0.213376700878143,0.214373405176679
146.084897802,0.214373797178268,0.214314530088973
146.094918956,0.214373797178268,0.214229047206291
146.104905411,0.213376700878143,0.21412620224651
146.114892361,0.213376700878143,0.214010578031785
146.124935012,0.214373797178268,0.213878949223739
146.134909506,0.214373797178268,0.21372276174614
146.144906175,0.213376700878143,0.213536278888745
146.154910526,0.213376700878143,0.213319945151726
146.164190254,0.212379619479179,0.213076417677131
146.174898206,0.213376700878143,0.212805887669846
146.184173619,0.212379619479179,0.212505956900937
146.194903978,0.212379619479179,0.212174748572213
146.20417047,0.211382538080215,0.211811998570746
146.214906149,0.211382538080215,0.211416837322144
146.224169532,0.211382538080215,0.210986245115615
146.23491218,0.21038544178009,0.210516851493526
146.244155501,0.21038544178009,0.210007487614031
146.254160361,0.208391278982162,0.209458582066193
146.264021647,0.21038544178009,0.208869749268831
146.274912833,0.208391278982162,0.208242176629558
146.284117352,0.207394182682037,0.207584475372761
146.294908226,0.206397086381912,0.206911364424967
146.304145189,0.207394182682037,0.206237655045279
146.314906961,0.206397086381912,0.205580468079319
146.324105579,0.203405827283859,0.20496539333765
146.33414951,0.203405827283859,0.204420348435736
146.34413015,0.203405827283859,0.20396061469157
146.354908653,0.203405827283859,0.203583069225944
146.364102801,0.203405827283859,0.203271986963394
146.374133841,0.202408730983734,0.203005873596088
146.38411175,0.203405827283859,0.20276031800788
146.394124167,0.204402923583984,0.202512560429723
146.404118284,0.201411664485931,0.202250880254019
146.41411347,0.201411664485931,0.201976006022242
146.424121164,0.202408745884895,0.201690826603181
146.434114435,0.200414568185806,0.201394312338514
146.444107525,0.202408730983734,0.201083603211015
146.45411244,0.20141164958477,0.200758991954584
146.464060041,0.199417486786842,0.200429174069902
146.474084355,0.200414568185806,0.200108795394983
146.484100337,0.199417486786842,0.199810775112474
146.494028908,0.198420405387878,0.199542401218882
146.504063165,0.199417471885681,0.199302330610734
146.51400639,0.199417471885681,0.19907968928196
146.524057436,0.199417471885681,0.198860582347842
146.534018275,0.199417486786842,0.198636903351111
146.544020551,0.197423309087753,0.198409735933278
146.554004066,0.198420405387878,0.19818484737594
146.563985475,0.198420405387878,0.197966888427735
146.57399111,0.198420405387878,0.197761464426018
146.583931945,0.197423309087753,0.197581003583299
146.593983994,0.197423309087753,0.19744501615215
146.603978031,0.196426212787628,0.197374478905643
146.613919159,0.196426212787628,0.197383945586039
146.623991843,0.196426212787628,0.197473659042198
146.633924062,0.198420405387878,0.197626712525151
146.643919272,0.198420405387878,0.197816556878002
146.65391714,0.197423309087753,0.198018541975807
146.663914211,0.197423309087753,0.198211434255172
146.673910373,0.198420405387878,0.198369415607796
146.683908274,0.199417471885681,0.198459594870461
146.693921203,0.198420390486717,0.198449558080502
146.703918721,0.199417471885681,0.198315029616872
146.713914637,0.199417471885681,0.198044294939645
146.723902813,0.198420390486717,0.197643805451894
146.733884667,0.197423309087753,0.197141200113101
146.743906537,0.195429131388664,0.196578985653689
146.753867756,0.196426212787628,0.196002311479464
146.763911009,0.196426212787628,0.195453249030682
146.773904669,0.193434953689575,0.194974635122001
146.783908496,0.193434953689575,0.194608051457719
146.793908802,0.1944320499897,0.194382419851434
146.803907572,0.1944320499897,0.194310905658196
146.813915505,0.193434953689575,0.19439818636924
146.823877764,0.1944320499897,0.194643232555237
146.83388363,0.1944320499897,0.195036154903553
146.843910522,0.195429131388664,0.195557080223511
146.853902932,0.196426212787628,0.196178595357145
146.863885832,0.196426212787628,0.196869517500284
146.873904555,0.198420390486717,0.197597894972699
146.88391627,0.199417471885681,0.198335184188722
146.893918754,0.198420390486717,0.199062234380198
146.90387962,0.198420390486717,0.199767076820002
146.913879312,0.201411664485931,0.200433629015854
146.923877767,0.201411664485931,0.201038819834752
146.933885029,0.201411664485931,0.201561141952187
146.943875404,0.203405827283859,0.201986531575624
146.95390952,0.202408745884895,0.202310650138997
146.963877023,0.202408745884895,0.20254047724002
146.973879424,0.202408745884895,0.202690017995188
146.983876029,0.201411664485931,0.202771340538298
146.99386781,0.204402923583984,0.202788649927158
147.00388938,0.204402923583984,0.202744431543457
147.013905219,0.201411664485931,0.202653556219727
147.023847897,0.202408730983734,0.202544058136285
147.033853396,0.202408730983734,0.20244426272231
147.043859233,0.20141164958477,0.202375577082672
147.053870453,0.202408730983734,0.202351738200046
147.063851668,0.202408730983734,0.202378802331506
147.073855046,0.202408730983734,0.202458221019441
147.083865159,0.202408730983734,0.202590207199475
147.09387241,0.202408730983734,0.202773371280566
147.103854681,0.202408730983734,0.203001944486116
147.113851979,0.203405827283859,0.20326328411341
147.12385204,0.202408745884895,0.203537127077983
147.13385281,0.205400004982948,0.203796867014592
147.143857311,0.204402923583984,0.204015905819151
147.153851689,0.204402923583984,0.204176939233976
147.163851078,0.204402923583984,0.204274097214628
147.173883766,0.204402923583984,0.204308282409993
147.183895419,0.204402923583984,0.204283787895963
147.193879433,0.204402923583984,0.204207528801862
147.20385307,0.203405827283859,0.204088169253641
147.213859003,0.204402923583984,0.203933689655404
147.22385217,0.205400004982948,0.203752508632528
147.233867805,0.202408745884895,0.20356061492354
147.243896619,0.203405827283859,0.203382594167296
147.253926379,0.202408745884895,0.203242247713496
147.263914057,0.203405827283859,0.203155562237483
147.273790396,0.203405827283859,0.20313219088988
147.283918832,0.203405827283859,0.203181138348176
147.293915697,0.202408745884895,0.203313795762005
147.303919084,0.204402923583984,0.203541467192813
147.313908507,0.203405827283859,0.203873762534241
147.323898864,0.204402923583984,0.204320270687971
147.333929086,0.204402923583984,0.204890020268773
147.343910442,0.205400004982948,0.205588530786852
147.353896018,0.205400004982948,0.206414930413049
147.363902989,0.206397086381912,0.207357736090355
147.373903448,0.208391278982162,0.208390677055754
147.38390807,0.21038544178009,0.209475438607543
147.393902136,0.21038544178009,0.210571852660832
147.403904533,0.211382538080215,0.211644376009885
147.413907071,0.213376700878143,0.212660365525662
147.423899975,0.213376700878143,0.213588827947138
147.433905202,0.214373797178268,0.214401665774777
147.443913496,0.215370878577232,0.215072789806693
147.453662379,0.216367959976196,0.215578337838631
147.463908066,0.217365056276321,0.215902502763586
147.473890793,0.216367959976196,0.216045459268189
147.48390093,0.215370893478394,0.216024413999966
147.493920064,0.216367959976196,0.215865128498597
147.503902868,0.215370878577232,0.215594184182223
147.513899034,0.214373797178268,0.215236798131368
147.523923405,0.214373797178268,0.214813060921207
147.53391512,0.215370878577232,0.214334738900446
147.543912059,0.214373797178268,0.213811475426538
147.553865107,0.213376700878143,0.213260804823202
147.563911932,0.211382538080215,0.212708489744147
147.5739117,0.211382538080215,0.212177489620927
147.583910938,0.212379619479179,0.211678311515295
147.593915693,0.21038544178009,0.211210903396482
147.603905486,0.211382538080215,0.210771257832338
147.613909524,0.21038544178009,0.210354749720685
147.623892633,0.21038544178009,0.209958893426383
147.633911874,0.209388360381126,0.209585587945075
147.643915607,0.208391278982162,0.209238925108532
147.653947327,0.209388360381126,0.208919861830298
147.663904355,0.209388360381126,0.20862563383598
147.67390794,0.209388360381126,0.208357850652094
147.683904848,0.207394182682037,0.208130019087702
147.693910702,0.208391278982162,0.207965155985619
147.703915099,0.206397086381912,0.20788718368525
147.713900559,0.208391278982162,0.207913620089021
147.72391667,0.207394182682037,0.208053088572406
147.733923846,0.207394182682037,0.208305985661458
147.743910835,0.209388345479965,0.208664163132691
147.753905134,0.208391278982162,0.209112255398715
147.76390931,0.209388345479965,0.20963081054746
147.773898698,0.209388345479965,0.210194927111515
147.783906649,0.211382538080215,0.210771458216554
147.793923934,0.211382538080215,0.211321929167701
147.803918686,0.213376700878143,0.211810520715381
147.813905224,0.212379619479179,0.21221257532401
147.823907648,0.212379619479179,0.21251770425113
147.833896146,0.213376700878143,0.212725348250356
147.843915243,0.211382538080215,0.212838330365925
147.853907227,0.213376700878143,0.212857116709537
147.863901561,0.212379619479179,0.212776104148257
147.873910997,0.213376700878143,0.212585918133069
147.88393279,0.213376700878143,0.212280496925665
147.89391218,0.212379619479179,0.211865131740859
147.903908253,0.21038544178009,0.211358916244145
147.913910168,0.21038544178009,0.210786195784301
147.923903084,0.21038544178009,0.210165928598957
147.933913477,0.209388345479965,0.209510418170979
147.943948876,0.209388345479965,0.208830393288226
147.953918442,0.207394182682037,0.208138214200487
147.963906621,0.208391278982162,0.207447626203959
147.973896354,0.206397086381912,0.206773755705649
147.983904557,0.205400004982948,0.206133057974525
147.993901315,0.205400019884109,0.205538943354978
148.003909036,0.205400004982948,0.204998052116451
148.013910175,0.204402923583984,0.204513523456792
148.023903179,0.203405827283859,0.204088493800104
148.033909959,0.202408745884895,0.203721813323022
148.043902675,0.204402923583984,0.203401231547134
148.053921031,0.204402923583984,0.203107327911114
148.063613667,0.202408745884895,0.202827086858997
148.07390341,0.201411664485931,0.202557615301595
148.08387722,0.201411664485931,0.202293648665507
148.093907716,0.202408745884895,0.202016172220618
148.10390582,0.202408745884895,0.201695568827113
148.113914808,0.201411664485931,0.201303072196657
148.123911072,0.20141164958477,0.200817851445312
148.133896909,0.20141164958477,0.20022894241317
148.143910743,0.199417486786842,0.199537717672305
148.15391644,0.198420405387878,0.198757147230295
148.163907287,0.198420405387878,0.197905192850492
148.173913126,0.198420390486717,0.1970026750321
148.183912347,0.196426212787628,0.196080527032205
148.193898606,0.1944320499897,0.195184057378505
148.203910449,0.193434953689575,0.19436429606832
148.213915802,0.193434953689575,0.193664783407101
148.223902189,0.193434953689575,0.193117359345315
148.233909188,0.192437872290611,0.192747394976186
148.243915616,0.191440790891647,0.192577193945238
148.25390958,0.19243785738945,0.192621719400008
148.263900621,0.19243785738945,0.192884127573475
148.273403776,0.19243785738945,0.193356110573325
148.283906982,0.193434953689575,0.194017706324376
148.293908666,0.1944320499897,0.19483543551097
148.303924956,0.196426212787628,0.195764479150581
148.313906689,0.197423309087753,0.196756899665794
148.323913088,0.197423309087753,0.197770176611865
148.333910242,0.199417471885681,0.198769072959535
148.343911145,0.200414568185806,0.199724347343676
148.353905193,0.201411664485931,0.200615660895592
148.363911902,0.200414568185806,0.201433994605186
148.373571499,0.202408745884895,0.202176074031999
148.38390879,0.203405827283859,0.202837640742274
148.393908911,0.204402923583984,0.203416254523128
148.403905351,0.203405827283859,0.203918415046951
148.413947762,0.204402923583984,0.204359117712075
148.423915957,0.204402923583984,0.204755028839938
148.433911601,0.204402923583984,0.205118942984572
148.44389889,0.205400004982948,0.205456546416219
148.453896822,0.205400004982948,0.205765250374092
148.463911431,0.206397086381912,0.206036304131647
148.473788131,0.207394182682037,0.206260220318585
148.483913681,0.206397086381912,0.206434322273347
148.493948355,0.206397086381912,0.206565944485319
148.503917108,0.206397086381912,0.206667355001313
148.513906339,0.205400004982948,0.206747570207856
148.523912008,0.207394182682037,0.206806160942855
148.533904843,0.207394182682037,0.206834196542785
148.543898434,0.207394182682037,0.20682364382346
148.553928715,0.206397086381912,0.206774766828834
148.563912096,0.206397086381912,0.206693711269587
148.573920869,0.205400004982948,0.206584247501303
148.583908564,0.206397086381912,0.206440219198954
148.593915099,0.206397086381912,0.206243969635332
148.603914297,0.207394182682037,0.205973528271853
148.613906188,0.206397086381912,0.205614901255019
148.623905813,0.205400004982948,0.205170574838309
148.633907308,0.204402923583984,0.204657847985653
148.643911659,0.203405827283859,0.204099595134136
148.653908704,0.203405827283859,0.203515098624761
148.663909854,0.203405827283859,0.202917153695051
148.67391155,0.203405827283859,0.202317704794542
148.68389526,0.201411664485931,0.201736411262126
148.693909845,0.200414568185806,0.201201255566611
148.703905456,0.199417471885681,0.200738135940093
148.713907094,0.200414568185806,0.200359505210951
148.723900939,0.200414568185806,0.200063489890132
148.733918884,0.200414568185806,0.199843235541935
148.743913727,0.200414568185806,0.199697193533587
148.753910378,0.199417471885681,0.199633795532419
148.763907718,0.199417471885681,0.199669181108723
148.773893365,0.198420390486717,0.199819142136982
148.783908684,0.199417471885681,0.200088981756313
148.793911282,0.200414568185806,0.200467650905041
148.803908313,0.201411664485931,0.200931384072385
148.813909287,0.202408745884895,0.201454393608128
148.823912973,0.201411664485931,0.202017786410951
148.833912135,0.202408730983734,0.202609246303479
148.84390167,0.202408730983734,0.203215202943945
148.853912108,0.204402923583984,0.203815056282003
148.863914026,0.205400004982948,0.204384394525452
148.873898781,0.204402923583984,0.204903653405162
148.883909484,0.206397086381912,0.205362097703972
148.893910861,0.206397086381912,0.20575749664949
148.90389561,0.205400004982948,0.206096995495073
148.913919571,0.206397086381912,0.206393949514445
148.923899664,0.206397086381912,0.206660602774869
148.933908843,0.206397086381912,0.206904314321729
148.943910918,0.207394182682037,0.20712711275245
148.953897752,0.207394182682037,0.20732711035015
148.963890564,0.207394182682037,0.207501718901232
148.973925163,0.208391278982162,0.207650037167587
148.983905041,0.207394182682037,0.207774439504973
148.993310031,0.207394182682037,0.20788004992536
149.003850483,0.208391278982162,0.207970738986268
149.013919958,0.207394182682037,0.208046849325282
149.023910676,0.208391278982162,0.208105909996783
149.033330119,0.208391278982162,0.208143688883535
149.0439029,0.208391278982162,0.208156942275749
149.053906924,0.207394182682037,0.20814528611949
149.063919444,0.208391278982162,0.208108283856863
149.07393225,0.208391278982162,0.208043061629145
149.083907717,0.207394182682037,0.207946439184268
149.093897031,0.208391278982162,0.207816342879788
149.103900958,0.207394182682037,0.207651235134634
149.113915051,0.208391278982162,0.207451564108859
149.123907445,0.207394182682037,0.207223250799882
149.133913105,0.206397086381912,0.206979213312312
149.143908687,0.206397086381912,0.206734833070057
149.153897684,0.206397086381912,0.206501091600969
149.163910949,0.206397086381912,0.206283032951167
149.173191116,0.206397086381912,0.206083335741674
149.183858123,0.206397086381912,0.205906896528418
149.19385293,0.205400004982948,0.205763683441994
149.203860062,0.205400004982948,0.205667090487363
149.213866133,0.205400004982948,0.205628917035435
149.223849597,0.205400004982948,0.205656014103692
149.233853393,0.206397086381912,0.205751019234455
149.243867516,0.205400004982948,0.205915709364976
149.253853188,0.206397086381912,0.206152926621998
149.2638544,0.205400004982948,0.206464383208642
149.273444662,0.206397086381912,0.206845626431925
149.283854566,0.207394182682037,0.207282134753206
149.293854926,0.208391278982162,0.207751952147554
149.303856555,0.208391278982162,0.208233822104542
149.313854518,0.207394182682037,0.208710655932748
149.323853504,0.209388345479965,0.209163476329362
149.333700538,0.21038544178009,0.209566805274431
149.343677947,0.211382538080215,0.209896490116139
149.353851869,0.21038544178009,0.210142516296951
149.36386627,0.21038544178009,0.210312684473332
149.37384783,0.21038544178009,0.21042600689941
149.383851056,0.21038544178009,0.210504953635187
149.393865968,0.21038544178009,0.210571500338719
149.403852352,0.211382538080215,0.210646544219109
149.413855627,0.21038544178009,0.210752229566871
149.423867688,0.21038544178009,0.210912762428175
149.433852374,0.21038544178009,0.211149283591619
149.443851643,0.21038544178009,0.21147229606406
149.453166788,0.211382538080215,0.2118765518621
149.463129445,0.212379619479179,0.212340865969692
149.473853144,0.213376700878143,0.212834288322381
149.483857641,0.214373797178268,0.213326380644383
149.493090998,0.213376700878143,0.2137955543049
149.503848355,0.213376700878143,0.214228117076333
149.513854618,0.215370878577232,0.214609813372811
149.523113922,0.215370878577232,0.214923416538419
149.533853968,0.214373797178268,0.215154018117484
149.543117444,0.215370878577232,0.215289142961825
149.553858635,0.216367959976196,0.215315322158661
149.563105999,0.215370878577232,0.215221967444045
149.573114436,0.214373797178268,0.215006201283933
149.583855861,0.214373797178268,0.214668271925567
149.593056139,0.215370878577232,0.214205570422352
149.603852562,0.214373797178268,0.213617169143906
149.613089762,0.212379619479179,0.212912299216021
149.623855184,0.212379619479179,0.212109517386186
149.633053821,0.211382538080215,0.211230329748586
149.643850593,0.21038544178009,0.210297490910997
149.653053369,0.208391278982162,0.209334905852652
149.663105313,0.208391278982162,0.208363382482193
149.673092421,0.207394182682037,0.207397046062723
149.683081514,0.206397086381912,0.20644528509276
149.693074418,0.204402923583984,0.205514637498984
149.703066772,0.204402923583984,0.204605126942719
149.713071757,0.204402923583984,0.203707539530213
149.72306748,0.202408730983734,0.202808258884037
149.733067364,0.202408730983734,0.201895213453109
149.743016335,0.201411664485931,0.200959889406111
149.753055899,0.200414568185806,0.199999597131353
149.763029608,0.198420405387878,0.199018829470084
149.772998705,0.198420405387878,0.198025800233234
149.782990379,0.197423309087753,0.197029376362097
149.792974788,0.196426212787628,0.196041534236827
149.802978612,0.1944320499897,0.195079854818188
149.812952212,0.1944320499897,0.194164506254565
149.822972243,0.19243785738945,0.193313327935569
149.832923077,0.19243785738945,0.192538595176086
149.84292811,0.191440790891647,0.191845121460165
149.852938932,0.191440775990486,0.191230776805375
149.86293816,0.191440790891647,0.19069063291063
149.872940269,0.189446598291397,0.190222100275853
149.882958116,0.189446613192558,0.189824517420523
149.892985411,0.189446613192558,0.189493251368853
149.902970045,0.189446613192558,0.189217611481033
149.912986754,0.188449531793594,0.188984014596781
149.92298086,0.190443694591522,0.188779322261684
149.932982379,0.188449531793594,0.18859591995894
149.942952289,0.188449516892433,0.188436126611675
149.952948957,0.188449531793594,0.18830945902668
149.962953208,0.187452435493469,0.188226685035165
149.972948078,0.188449516892433,0.188195798741167
149.982968652,0.187452435493469,0.188219732670602
149.99294214,0.188449516892433,0.188295661967424
150.002944302,0.189446598291397,0.188417163958428
150.012942862,0.189446598291397,0.188581905861129
150.022914527,0.187452435493469,0.188798325434379
150.032907973,0.189446598291397,0.189080739711943
150.04293581,0.188449516892433,0.189439344812245
150.05293685,0.189446598291397,0.189875453333384
150.062916537,0.191440790891647,0.190381804098606
150.072904244,0.191440790891647,0.190949231239677
150.082908233,0.192437872290611,0.191577139734612
150.09290919,0.191440790891647,0.192277326765477
150.102852115,0.191440790891647,0.193065849256549
150.112881481,0.193434953689575,0.193948045946768
150.122853737,0.195429131388664,0.194911030236483
150.132853431,0.195429131388664,0.195930210043189
150.142869173,0.197423309087753,0.196978176763728
150.152856091,0.198420390486717,0.198028481738139
150.162864475,0.198420405387878,0.199057475809258
150.172890479,0.200414568185806,0.200043433940034
150.182851353,0.200414568185806,0.200963474277468
150.192864709,0.20141164958477,0.201791399549812
150.202868148,0.204402923583984,0.20249828553067
150.212854493,0.203405827283859,0.203060318319207
150.222847808,0.203405827283859,0.203467819496556
150.232879014,0.203405827283859,0.203722687781635
150.242856734,0.204402923583984,0.203829760761359
150.25289501,0.203405827283859,0.203794009497757
150.262850386,0.204402923583984,0.203622175384765
150.272865028,0.203405827283859,0.203324772922884
150.282849864,0.203405827283859,0.202918294660943
150.292877539,0.203405827283859,0.202427372619657
150.302846236,0.200414568185806,0.201885206618876
150.312855724,0.200414568185806,0.201326462265125
150.322852843,0.20141164958477,0.20077596539359
150.332866851,0.200414568185806,0.200248394763459
150.342853212,0.199417486786842,0.199757133294665
150.352886534,0.199417471885681,0.19931737636852
150.362872141,0.198420405387878,0.198943181251312
150.372853674,0.198420405387878,0.198644757255738
150.382845547,0.198420405387878,0.198427046003408
150.392869536,0.198420405387878,0.198290708771176
150.402853303,0.198420405387878,0.198235405912091
150.412850998,0.198420405387878,0.198262683819618
150.422867949,0.197423309087753,0.198375810202454
150.432851743,0.198420405387878,0.198575208743776
150.442851539,0.198420405387878,0.1988534262034
150.452866309,0.198420405387878,0.199193630113247
150.46285192,0.200414568185806,0.199570492576406
150.472857241,0.200414568185806,0.19995512469593
150.482873409,0.200414568185806,0.200323227185778
150.492876583,0.200414568185806,0.200657756354472
150.502850467,0.20141164958477,0.200945273227743
150.512866615,0.20141164958477,0.201174282533722
150.522855388,0.20141164958477,0.20133718127742
150.532852213,0.202408730983734,0.201432085579198
150.542867529,0.202408730983734,0.201465995197844
150.552854036,0.202408730983734,0.201460620061064
150.562852484,0.199417471885681,0.201452751471259
150.572852607,0.200414568185806,0.201480807238534
150.582852405,0.201411664485931,0.201567458555554
150.592856368,0.201411664485931,0.201716161146694
150.602869213,0.202408745884895,0.201919829880695
150.612857142,0.202408745884895,0.202169630400106
150.622854737,0.202408745884895,0.202459990811648
150.632877792,0.202408745884895,0.202788649393248
150.642853839,0.202408745884895,0.203151855671996
150.652852153,0.203405827283859,0.203538777283364
150.66286317,0.205400004982948,0.203931840813315
150.672848811,0.204402923583984,0.204315868038168
150.682856917,0.204402923583984,0.204685739037812
150.692870247,0.205400004982948,0.205043596464688
150.702755197,0.204402923583984,0.205392318512029
150.712857327,0.206397086381912,0.205731874045317
150.722869559,0.205400004982948,0.206058537588614
150.732839584,0.206397086381912,0.206365655181336
150.742858534,0.207394182682037,0.206644713872216
150.75287033,0.207394182682037,0.20688948019189
150.762852072,0.206397086381912,0.20710070795388
150.772854369,0.208391278982162,0.207284907633879
150.782766047,0.207394182682037,0.20745244623296
150.792852779,0.207394182682037,0.207618813899794
150.802850441,0.208391278982162,0.207803552813667
150.812890905,0.206397086381912,0.20802653205624
150.822851793,0.209388360381126,0.208303830476473
150.832852554,0.207394182682037,0.208645486784766
150.842869064,0.208391278982162,0.209054800678035
150.852858136,0.209388360381126,0.209525026227477
150.862721266,0.21038544178009,0.210038694446099
150.872868059,0.209388360381126,0.210572350736136
150.882853636,0.211382538080215,0.211097800961689
150.892854147,0.211382538080215,0.211580349066476
150.902870823,0.211382538080215,0.211979912921458
150.912850531,0.213376700878143,0.21225310441721
150.922853975,0.213376700878143,0.212358417419551
150.932870657,0.213376700878143,0.212266704319817
150.94284745,0.212379619479179,0.211968482614684
150.952851867,0.211382538080215,0.211472020970853
150.962871961,0.211382538080215,0.210796379388964
150.972853286,0.21038544178009,0.209967209834186
150.982850631,0.208391278982162,0.209016276547225
150.99287671,0.208391278982162,0.207978886843153
151.002853908,0.207394182682037,0.20689122373636
151.012872153,0.206397086381912,0.205793451569469
151.022688895,0.203405827283859,0.204732524723163
151.032853105,0.202408745884895,0.203754594709596
151.042859477,0.202408745884895,0.2028913748037
151.052869617,0.202408745884895,0.202155445734266
151.062851014,0.201411664485931,0.201547835168172
151.072850753,0.201411664485931,0.201066981160966
151.08285135,0.200414568185806,0.200712373297574
151.092854672,0.200414568185806,0.200484183958048
151.102635566,0.200414568185806,0.200381540309724
151.112849129,0.199417471885681,0.200400769655849
151.122850055,0.200414568185806,0.200532337210547
151.132853513,0.201411664485931,0.200759222281834
151.14286656,0.201411664485931,0.201062223537646
151.152851522,0.201411664485931,0.201427225367982
151.162855257,0.200414568185806,0.201844210882313
151.172890008,0.202408730983734,0.202298330468434
151.182617988,0.203405827283859,0.202765193796856
151.192856078,0.203405827283859,0.203217338964441
151.202873708,0.203405827283859,0.203631782645322
151.21285135,0.204402923583984,0.203989926491781
151.222853429,0.204402923583984,0.204275578620933
151.232869648,0.204402923583984,0.204475458293601
151.242851916,0.205400004982948,0.20457988494107
151.25285426,0.204402923583984,0.204583925106053
151.262601346,0.205400004982948,0.204489189941702
151.272884312,0.204402923583984,0.204305050673789
151.28290867,0.204402923583984,0.204049225099235
151.292907005,0.203405827283859,0.203746212765057
151.302910886,0.203405827283859,0.20342322062477
151.31290654,0.203405827283859,0.20310705797081
151.322909526,0.202408730983734,0.202824094029024
151.332908394,0.202408730983734,0.202600075770978
151.342601419,0.20141164958477,0.202456614284836
151.352908299,0.20141164958477,0.202405150344127
151.36291086,0.203405827283859,0.202443277750901
151.372899302,0.202408730983734,0.20255981107276
151.382943784,0.202408730983734,0.20274332321918
151.39291239,0.202408730983734,0.2029824375816
151.402913116,0.203405827283859,0.203260749284275
151.412908101,0.203405827283859,0.20355589555861
151.422620483,0.204402923583984,0.203843131995416
151.432915745,0.205400004982948,0.204101213857725
151.442904836,0.204402923583984,0.204319725594632
151.452904802,0.204402923583984,0.204501640593128
151.462912821,0.204402923583984,0.204657350544931
151.472916964,0.204402923583984,0.204796754439668
151.482912458,0.205400004982948,0.204925860805894
151.49290625,0.205400004982948,0.205049047721165
151.502598235,0.204402923583984,0.20517287578777
151.512908111,0.205400004982948,0.205304731443264
151.522913686,0.205400004982948,0.205448812090831
151.532914814,0.205400004982948,0.205605929009505
151.542913183,0.205400004982948,0.20577440547034
151.552909167,0.206397086381912,0.205949407516032
151.562906043,0.205400004982948,0.2061233858293
151.572909227,0.206397086381912,0.206286408306143
151.582586065,0.205400004982948,0.206423903588547
151.592908298,0.208391278982162,0.206516003341012
151.602912071,0.207394182682037,0.206545388171802
151.61290869,0.205400004982948,0.206507384606778
151.622910553,0.206397086381912,0.206406757126682
151.632911939,0.205400004982948,0.20624528191953
151.642902562,0.207394182682037,0.206017266453297
151.652914158,0.206397086381912,0.205716978553641
151.662538839,0.205400004982948,0.205348801093238
151.672894933,0.205400004982948,0.204929582511387
151.6828857,0.205400004982948,0.204485701562853
151.692878554,0.202408730983734,0.204051110749087
151.702881779,0.203405827283859,0.203660549387179
151.712884727,0.203405827283859,0.203339915975667
151.722887091,0.203405827283859,0.203106346545137
151.732885077,0.203405827283859,0.202976132458886
151.742523291,0.201411664485931,0.202968169936752
151.752885922,0.202408745884895,0.203097288506453
151.762882552,0.203405827283859,0.203365036980531
151.772907918,0.203405827283859,0.203759572260027
151.782904132,0.203405827283859,0.204260665553348
151.792909883,0.204402923583984,0.204839480008453
151.80291007,0.205400004982948,0.205456185852213
151.812907186,0.206397086381912,0.206062637821055
151.822535254,0.207394182682037,0.206609610920589
151.832908599,0.207394182682037,0.2070542644602
151.842904876,0.208391278982162,0.207364842693343
151.852906391,0.208391278982162,0.207523468367717
151.862912274,0.207394182682037,0.207527671182896
151.87291243,0.207394182682037,0.207387059165227
151.882915357,0.207394182682037,0.207116538365843
151.892908906,0.207394182682037,0.206733857162763
151.902518906,0.206397086381912,0.206262503852762
151.912911853,0.205400004982948,0.205732961736856
151.922906547,0.205400004982948,0.205179175789803
151.932892598,0.204402923583984,0.204634895444935
151.942896835,0.203405827283859,0.204131850158664
151.952892071,0.203405827283859,0.203696427319388
151.962883944,0.203405827283859,0.20334685247702
151.972886222,0.202408745884895,0.20309429755879
151.982470958,0.203405827283859,0.202944884035415
151.992887607,0.202408745884895,0.202901005598834
152.002883143,0.203405827283859,0.202963144827273
152.012886676,0.203405827283859,0.2031321140037
152.022880471,0.202408745884895,0.203410368242413
152.03288836,0.203405827283859,0.203798406027625
152.042884557,0.204402923583984,0.204288879210988
152.052912132,0.204402923583984,0.204866371911996
152.062453751,0.205400004982948,0.205510370156428
152.072889759,0.205400004982948,0.206195127080034
152.082886789,0.206397086381912,0.206886858949645
152.092883324,0.208391278982162,0.207542800078744
152.102888934,0.208391278982162,0.208116795047803
152.112891316,0.209388360381126,0.208568319667924
152.122886093,0.209388345479965,0.208867903588541
152.132878139,0.209388345479965,0.20899843622469
152.142457267,0.209388360381126,0.208954283519875
152.152906856,0.209388360381126,0.208739904854602
152.16238457,0.208391278982162,0.208369421823543
152.172896087,0.209388360381126,0.207867049012437
152.182903161,0.207394182682037,0.207269401449168
152.192914358,0.206397086381912,0.206626506311422
152.202915705,0.205400004982948,0.205995462052062
152.212917353,0.204402923583984,0.205429707907372
152.222447605,0.203405827283859,0.204969399489892
152.23290391,0.204402923583984,0.204634497909573
152.242912387,0.205400004982948,0.204426385977251
152.252904108,0.203405827283859,0.204338890209586
152.262909163,0.204402923583984,0.20436538332132
152.272879251,0.204402923583984,0.204496750886374
152.282906137,0.204402923583984,0.204719609514773
152.292907217,0.204402923583984,0.205016306051076
152.302370813,0.204402923583984,0.205361709011007
152.312910124,0.207394182682037,0.205721153399685
152.322904226,0.207394182682037,0.206059317811823
152.332904705,0.207394182682037,0.20635671921628
152.34289275,0.205400004982948,0.206615946695139
152.352905517,0.206397086381912,0.206850072539771
152.362910577,0.207394182682037,0.207067805955708
152.37289941,0.206397086381912,0.207269767404948
152.382328715,0.208391278982162,0.207451784961064
152.392884234,0.207394182682037,0.207608574939012
152.402886978,0.209388360381126,0.20773917403472
152.412891284,0.206397086381912,0.207851541309881
152.422882981,0.207394182682037,0.20795839400872
152.432878381,0.207394182682037,0.208065470938456
152.442882932,0.208391278982162,0.208165258143658
152.452881603,0.209388360381126,0.208242711592112
152.462318073,0.208391278982162,0.20828648545139
152.472886994,0.208391278982162,0.208295321757082
152.482882865,0.208391278982162,0.208275820024988
152.492877864,0.208391278982162,0.208238226755813
152.502881693,0.207394182682037,0.208194103615647
152.512881291,0.208391278982162,0.208153046340826
152.522884664,0.208391278982162,0.208120880494089
152.532897017,0.207394182682037,0.208101786139528
152.54229193,0.208391278982162,0.208098933910817
152.552883498,0.207394182682037,0.208112219379583
152.562880254,0.208391278982162,0.208137006517349
152.572899353,0.208391278982162,0.208165213710347
152.582884969,0.207394182682037,0.208187510926188
152.592895898,0.209388360381126,0.208194139768351
152.602884747,0.208391278982162,0.208177180973682
152.612888912,0.207394182682037,0.208134451813206
152.62224904,0.208391278982162,0.208067251943977
152.632878647,0.208391278982162,0.207975981542213
152.642890253,0.207394182682037,0.207861558289831
152.652884699,0.208391278982162,0.207727337932513
152.662886481,0.206397086381912,0.207577544821453
152.672880097,0.208391278982162,0.207414793992048
152.68289084,0.207394182682037,0.207240595532906
152.692881316,0.206397086381912,0.207058780606808
152.702234262,0.206397086381912,0.206873873177139
152.712890886,0.206397086381912,0.206684343633196
152.722711141,0.205400004982948,0.206478627778267
152.732746821,0.205400004982948,0.206232667702594
152.742721712,0.205400004982948,0.205906609167296
152.752705323,0.205400004982948,0.205445153031172
152.762722043,0.205400004982948,0.204783717818618
152.772705535,0.203405827283859,0.203856245979701
152.782218704,0.20141164958477,0.20259671145172
152.792735477,0.199417471885681,0.200930437805285
152.802065276,0.198420390486717,0.198763304933011
152.812751033,0.197423309087753,0.19598239934626
152.822709888,0.193434953689575,0.192471409696989
152.832718873,0.189446598291397,0.188128495173225
152.842715949,0.183464080095291,0.182874400147965
152.852203257,0.177481561899185,0.176651565202779
152.862228875,0.171499028801918,0.169422509908274
152.872744011,0.162525251507759,0.161173993532815
152.882066504,0.154548555612564,0.151925066422342
152.892736588,0.14457768201828,0.141735253126528
152.90216249,0.132612615823746,0.130712377807633
152.912735657,0.120647579431534,0.119014736378218
152.922170714,0.109679616987705,0.106846630056866
152.93266936,0.0967174768447876,0.0944571394056255
152.942162831,0.082758255302906,0.082141784893817
152.952136796,0.0678019449114799,0.0702312450070171
152.962045218,0.0538427159190178,0.0590570474572899
152.972658201,0.043871846050024,0.0489034182483468
152.982152047,0.0358951464295387,0.0399690992335931
152.992108925,0.0289155356585979,0.0323559320815422
153.002125193,0.0239300969988108,0.0260788082480658
153.012075653,0.0189446620643139,0.0210828643219849
153.022126111,0.0149563113227487,0.0172582003184914
153.03211873,0.011965049430728,0.014446535827029
153.042118623,0.0129621364176273,0.012444693783568
153.052064352,0.0129621364176273,0.0110200840391042
153.06211633,0.0129621364176273,0.00994231995516467
153.07205477,0.0129621364176273,0.00901710138380803
153.082113315,0.010967961512506,0.00810974477234336
153.092111467,0.00897378660738468,0.00715299513195086
153.102106955,0.00697961170226336,0.00613793180607881
153.112108686,0.00498543679714203,0.00509475837668814
153.122107413,0.00299126235768199,0.00407177621745464
153.132098934,0.00299126235768199,0.00311739707487793
153.142066323,0.000997087452560663,0.00226963517337904
153.152065516,0.000997087452560663,0.00155216610506204
153.162001683,0.000997087452560663,0.000973554318306413
153.172041411,0,0.000530474616185247
153.182008679,0,0.000212076567961928
153.192010966,0,1.56215079789801e-06
153.202000289,0,-0.000122174683212467
153.211956101,0,-0.000181190641716774
153.221971899,0,-0.000195642966346922
153.231932742,0,-0.000182328163355683
153.241925039,0,-0.000154198740681459
153.251877466,0,-0.000120507835244288
153.261929634,0,-8.730627076361e-05
153.27192212,0,-5.80910970028699e-05
153.281926558,0,-3.44707846893623e-05
153.291926137,0,-1.67660835594484e-05
153.301921265,0,-4.50617253696214e-06
153.311922056,0,3.19192793351276e-06
153.321917808,0,7.35473614766402e-06
153.33191382,0,8.97864851046798e-06
153.341907066,0,8.93136471387599e-06
153.351907424,0,7.90836847810443e-06
153.361911481,0,6.42657321577331e-06
153.371921231,0,4.84049114679939e-06
153.381904464,0,3.36982277235342e-06
153.391908491,0,2.1306774474541e-06
153.401937816,0,1.16544850486318e-06
153.411908216,0,4.68571441594798e-07
153.421916008,0,6.99622101606833e-09
153.431906224,0,-2.64725109341574e-07
153.441912503,0,-3.94196057441043e-07
153.451908032,0,-4.24925719903185e-07
153.461884802,0,-3.93130540016662e-07
153.471909503,0,-3.26701443734424e-07
153.481892715,0,-2.4558134026381e-07
153.491916025,0,-1.62959135011229e-07
153.50190249,0,-8.68458597406603e-08
153.51189763,0,-2.17373234032901e-08
153.521918544,0,2.98237218514588e-08
153.531916455,0,6.5897499563095e-08
153.541916805,0,8.40772652894106e-08
153.551910909,0,8.07518384036994e-08
153.561900892,0,5.07593074777603e-08
153.571917135,0,-1.24880566492819e-08
153.581887766,0,-1.16299832622662e-07
153.59190546,0,-2.67292546445869e-07
153.601905655,0,-4.69124208217065e-07
153.61192555,0,-7.19262311904899e-07
153.621912927,0,-1.00474211204606e-06
153.631908638,0,-1.2970135906366e-06
153.641899935,0,-1.54620579369198e-06
153.651929174,0,-1.67547298817121e-06
153.661903206,0,-1.57653713756231e-06
153.671930258,0,-1.10809902901673e-06
153.68191154,0,-9.9424806986015e-08
153.691908381,0,1.63794169940258e-06
153.701914052,0,4.28685388530999e-06
153.711913376,0,7.98588553754117e-06
153.72191659,0,1.27718441101545e-05
153.731912807,0,1.85011513235822e-05
153.741877587,0,2.47501440068388e-05
153.75190801,0,3.06983859552993e-05
153.761908541,0,3.50051846922314e-05
153.771907737,0,3.56979701610115e-05
153.781909174,0,3.01020697523278e-05
153.791878569,0,1.48543397988485e-05
153.801904865,0,-1.39429244171409e-05
153.811875968,0,-6.03583011048039e-05
153.821906401,0,-0.000127979190751226
153.831902614,0,-0.000218892250652584
153.84190423,0,-0.000332231227181977
153.851902601,0,-0.000462263411260659
153.86188218,-0.000997087452560663,-0.000597371223823783
153.871908914,-0.000997087452560663,-0.000722696844355611
153.881909144,-0.000997087452560663,-0.0008253496633467
153.891905771,-0.000997087452560663,-0.000897163910682196
153.901902964,-0.000997087452560663,-0.000933931969008227
153.911890107,-0.000997087452560663,-0.000933930079665362
153.921877733,-0.000997087452560663,-0.000897158969090261
153.931913049,-0.000997087452560663,-0.000825343881091423
153.941764196,-0.000997087452560663,-0.000722693999294441
153.951906445,-0.000997087452560663,-0.000597376742425184
153.961909065,0,-0.000462284371392094
153.971921377,0,-0.000332276166553658
153.9818886,0,-0.000218970633253979
153.991913662,0,-0.000128100356359878
154.001944926,0,-6.05297088235179e-05
154.011907351,0,-1.41675112877432e-05
154.021911299,0,1.45818149253417e-05
154.031907666,0,2.97997205426952e-05
154.04191055,0,3.54023548400513e-05
154.051914516,0,3.47773137923448e-05
154.061872774,0,3.06293290834001e-05
154.071895273,0,2.49648860390676e-05
154.08190055,0,1.91587312353875e-05
