t_s,vx_filt,a,a_raw
0.000442422999999859,4.75100609967576e-12,1.82581452207599e-10,0
0.0108200019999999,6.64575954389485e-12,1.80860487191426e-10,0
0.0204153779999999,8.3633244716282e-12,1.31908549232595e-10,0
0.0308167449999999,9.2835009024019e-12,5.17028689015955e-12,0
0.0408476739999999,8.46896530377286e-12,-2.31402427767882e-10,0
0.0508520059999999,4.64729286603873e-12,-6.11047748643973e-10,0
0.0608137799999999,-3.73127881671405e-12,-1.15012127705507e-09,0
0.0708134869999999,-1.83108311535918e-11,-1.83721349123165e-09,0
0.0808071829999999,-4.04634285439454e-11,-2.61915854487634e-09,0
0.0908086359999999,-7.06812965130175e-11,-3.36036217784764e-09,0
0.100811442,-1.07684983883414e-10,-3.82959900559477e-09,0
0.110801426,-1.47245665216083e-10,-3.65585707877633e-09,0
0.120809759,-1.80795972651477e-10,-2.39044633333861e-09,0
0.130370878,-1.94025389994929e-10,7.48617360393363e-10,0
0.140802186,-1.6582929472288e-10,6.15794323556458e-09,0
0.150803516,-6.82023650380892e-11,1.48930986125143e-08,0
0.160805445,1.32081214135785e-10,2.7644553735184e-08,0
0.170233075,4.68919122788339e-10,4.18210442532008e-08,0
0.180798974,9.68231475222439e-10,5.84059186743395e-08,0
0.190181635,1.63403309581852e-09,7.30146693575066e-08,0
0.20079826,2.42847272989865e-09,7.82079996025107e-08,0
0.210793895,3.24607671770537e-09,7.28395449969941e-08,0
0.220783891,3.88421699841647e-09,3.84800943232634e-08,0
0.23076563,4.01459096430459e-09,-3.5977167256018e-08,0
0.240792918,3.16434888740729e-09,-1.64495561319556e-07,0
0.250792155,7.20316493149475e-10,-3.69738921067406e-07,0
0.26023716,-4.02494417064626e-09,-6.24069186842102e-07,0
0.27079323,-1.17617381180684e-08,-9.21851604089509e-07,0
0.280778005,-2.29605550832502e-08,-1.29206225194751e-06,0
0.290755823,-3.75546509843601e-08,-1.62120599658151e-06,0
0.300229527,-5.44954791922873e-08,-1.72549459799117e-06,0
0.310250424,-7.11924796998534e-08,-1.41923658117964e-06,0
0.320236515,-8.28901284411093e-08,-5.3208521926673e-07,0
0.330745855,-8.20977955974545e-08,1.20050115031449e-06,0
0.340742132,-5.82731116447009e-08,4.2028961958895e-06,0
0.350740258,1.93660471032733e-09,8.82539586756073e-06,0
0.360203357,1.13479903047969e-07,1.44133250812815e-05,0
0.370740477,2.90206262854149e-07,2.12118866938687e-05,0
0.380317985,5.40149113073288e-07,2.91557539805715e-05,0
0.390226271,8.58329278834245e-07,3.39871226751994e-05,0
0.400230031,1.2169022631895e-06,3.3879180814138e-05,0
0.410731917,1.55304376737895e-06,2.69676759391126e-05,0
0.420217702,1.7559232974951e-06,5.25709385302914e-06,0
0.430226122,1.65552663265414e-06,-3.69098203359958e-05,0
0.440211317,1.01796255997803e-06,-0.000105126666854855,0
0.450215436,-4.45883320880943e-07,-0.000198262762334921,0
0.460725355,-3.04920728054552e-06,-0.000330951270348878,0
0.470215008,-7.06476708071479e-06,-0.000490926394116937,0
0.480212165,-1.26157966466874e-05,-0.000622540411992123,0
0.490211943,-1.95136672341945e-05,-0.000721209301705002,0
0.500213049,-2.70406202298101e-05,-0.00069112075851927,0
0.510723178,-3.36894075255615e-05,-0.000492957452311775,0
0.520200537,-3.68936013924023e-05,4.48897750189096e-05,0
0.530225421,-3.28139562249274e-05,0.00102997566361737,0
0.540207165,-1.62872614413565e-05,0.00258767040892919,0
0.550213433,1.89084309607942e-05,0.0047774408516612,0
0.560209331,7.92719035287524e-05,0.00756300365393965,0
0.570197503,0.00017004802539138,0.0106845961111228,0
0.580186499,0.000292719875052798,0.0135597559245124,0
0.590206477,0.000441364829131293,0.0153708439647099,0.0498166738600893
0.600201634,0.000600369392070403,0.0153759475888092,0.049876615104539
0.610197558,0.000748746642830932,0.0134383251297467,0
0.620199762,0.000869110738120695,0.0101868837643934,0
0.630153971,0.000952040302416163,0.00626074797217244,0
0.64014052,0.000993954798332776,0.00209661893935993,0
0.6501116,0.000993883845362282,-0.00210765660551931,0
0.660132936,0.000951817650690086,-0.00625576029467423,0
0.670120969,0.000868710029250597,-0.0101911371508287,0
0.680119254,0.00074813434281201,-0.0134832388063601,0
0.690085654,0.000599521413701842,-0.0154015810498715,-0.0498849271459098
0.700107004,0.00044029139118244,-0.0153813402407872,-0.0497903521931831
0.71011137,0.000291499062340466,-0.0135792774058691,0
0.720095138,0.000168866974770757,-0.0106834549316616,0
0.730051303,7.84716867946137e-05,-0.00747870211618766,0
0.740131059,1.90242899882885e-05,-0.00463541091687256,0
0.750109157,-1.45047086060224e-05,-0.00237187300187763,0
0.76013321,-2.84182719480911e-05,-0.000717003730044744,0
0.77009181,-2.88323453432122e-05,0.000372040310820008,0
0.780072346,-2.10001095931687e-05,0.000983917177488608,0
0.790054296,-9.19091246243641e-06,0.00120246977300427,0
0.800100279,3.08287445508611e-06,0.00109212730964675,0
0.810067066,1.26655801962428e-05,0.000663161873597383,0
0.820079541,1.63323592760991e-05,-0.000109628589100033,0
0.830077696,1.047184306234e-05,-0.00126642659948551,0
0.840073058,-8.98796246996652e-06,-0.00284107797353261,0
0.850047971,-4.62652653655487e-05,-0.00479170086176751,0
0.86008218,-0.000104865689600578,-0.00696677502438961,0
0.870109329,-0.000186028233235288,-0.00907129522594436,0
0.88009053,-0.000286367339434602,-0.0104590728422064,0
0.890061428,-0.000394708690031201,-0.0101106330018559,0
0.90006447,-0.000488316516375691,-0.00671333954832147,0
0.910069915,-0.000529032457110377,0.00140189325022448,0
0.920043471,-0.000460308089727563,0.0161416825705393,0
0.930038274,-0.000206709544677804,0.0391144839914422,0
0.940039963,0.000321844376491443,0.0706878663237304,0
0.95019592,0.00121819144117127,0.111386487852046,0.0496773201750632
0.960111244,0.00255751387377295,0.159591875259109,0.201469385691111
0.969992227,0.00437752119850629,0.206960442019558,0.25064792201375
0.980001442,0.00667399804370947,0.251494547295867,0.249128603366596
0.990003726,0.00941030408022298,0.292741124375268,0.34900577171237
1,0.0125283983985135,0.327983524647332,0.399282177062578
1.009981326,0.0159626277422175,0.356511237277415,0.299243253162709
1.019992176,0.0196558338001413,0.379439711981611,0.298779694390482
1.03000452,0.0235602227065295,0.39668509699892,0.397294768530365
1.040069711,0.0276202927191155,0.410549375238447,0.499079516437025
1.049983047,0.0317623944845639,0.41599462315514,0.500466012754853
1.059992893,0.0359082293072568,0.411391324861339,0.398358544205398
1.070006967,0.0400000614622814,0.40503300623375,0.348805002429564
1.080002958,0.0440129660891395,0.397900054457893,0.349499836919327
1.089977261,0.0479462425324215,0.389519926989819,0.348903640184741
1.100007366,0.0518050816327741,0.381768996320062,0.299177172371352
1.109973859,0.0555803236806972,0.371638115910338,0.449074774565545
1.119990204,0.0592314658976356,0.355080056439455,0.497908000569868
1.129999393,0.0626909914236475,0.332860996170802,0.348700741072403
1.140006252,0.0658940275743182,0.305553682105618,0.249226592769187
1.150003024,0.0688031745311796,0.275705072977217,0.249265845013534
1.160006733,0.0714082616480026,0.245658464305104,0.249343501179341
1.169997276,0.0737149317724288,0.216637869348112,0.249327327653868
1.180002282,0.0757400547798084,0.189982908938364,0.19932673361509
1.190006373,0.0775163182257187,0.168085271018732,0.0999006592549896
1.199963889,0.0790953069023728,0.151248291820028,0.149613374609893
1.209999633,0.0805402646486324,0.14087660784556,0.149366030727737
1.219990257,0.0819165536936797,0.137465283972102,0.0499387815885107
1.229965856,0.0832849271631777,0.138634577061344,0.149512352446966
1.239997026,0.0846901836523587,0.143437221329705,0.199468923714392
1.249960727,0.0861529359002636,0.149635041505791,0.199759728600309
1.259962789,0.0876777614275585,0.155587206829736,0.149340832814962
1.269990474,0.0892693082894999,0.162626159907919,0.04976694969132
1.27999795,0.0909360027241254,0.170273168109184,0.19933746305719
1.289998494,0.0926761372424918,0.176917140051459,0.249676029883093
1.299965543,0.0944686121713969,0.1801048420088,0.199127915173192
1.310027569,0.0962834706309492,0.181049887106535,0.149321284321676
1.319998012,0.0980954884223121,0.180401136815089,0.199674551381997
1.330001849,0.0998868534500121,0.177587566758086,0.199411989698127
1.339998517,0.101647329439195,0.174898420794894,0.149873567872065
1.349960399,0.103377572326368,0.172011842877109,0.149522501589844
1.360003928,0.105088497052819,0.170568446731242,0.149332751000346
1.36999123,0.106794200056774,0.168646075560519,0.19684010930947
1.380265832,0.108505587645803,0.1717046047867,0.149522126609661
1.389996741,0.110229238416585,0.175378465061603,0.151595632521092
1.399997661,0.111966125528681,0.174169742299786,0.199712792571393
1.409967159,0.113707480973264,0.173285378457178,0.248845517716149
1.420031925,0.115437770548032,0.171333335416253,0.148980233616881
1.430045387,0.117147550745752,0.17067924224889,0.100065172002624
1.439960714,0.11883920115349,0.169629079135686,0.200706395284504
1.449916978,0.120518350428043,0.167213986161205,0.149452188413207
1.459975537,0.122185959489631,0.165408522341244,0.149137517762605
1.469974031,0.123835957927293,0.163895905839344,0.249875313727284
1.479927235,0.125455961106374,0.160127868521646,0.199403821611578
1.48997543,0.127038739316614,0.156494682964012,0.0993468699277754
1.500000114,0.128597259941654,0.155939645064738,0.0497993454474871
1.509997408,0.130160959459428,0.15770400938343,0.0997410863641838
1.519993657,0.131750321834534,0.159806735806168,0.299192432319597
1.529993011,0.133356391505334,0.160099011642808,0.249286996506488
1.539992441,0.134952107386992,0.158109638217778,0.0996414399165198
1.550006399,0.136520701041526,0.155814374168485,0.0998352064411605
1.559967135,0.138064451831809,0.153791579351203,0.14979288698417
1.569975699,0.139591811227064,0.151812582360156,0.149332288782781
1.579998028,0.141105393425119,0.15023611038581,0.149481106522774
1.58998665,0.142598178670425,0.147481401022382,0.199390862112058
1.600000727,0.144055419497868,0.143256796388939,0.199302423631222
1.609998225,0.145464972795622,0.138911746910704,0.0997863624259054
1.619985049,0.146831476577714,0.135614934232405,0.0498560614077859
1.629997725,0.148177203672803,0.134608051824033,0.0996796140357886
1.639990922,0.149524428167283,0.135054047520515,0.199393075076551
1.650000202,0.150878619152089,0.135349765749343,0.199393005297644
1.659993406,0.152231759691088,0.134988856462295,0.0997204404127249
1.669997735,0.153578063263826,0.134429629960814,0.0997307658844848
1.679989018,0.154919762413088,0.134175624855985,0.149617161200153
1.689990489,0.156260603524368,0.134024868396914,0.149467251021819
1.700001824,0.157601976103491,0.134149056986558,0.0996902677969388
1.709994224,0.158944085710827,0.134228126860442,0.149668358844366
1.719987739,0.160284648037533,0.133705162816565,0.149595723845958
1.729989843,0.16161760320484,0.1325922154113,0.149538310988999
1.739991035,0.162936929369701,0.131153369296829,0.0997055448186986
1.749990513,0.164240758463534,0.129602083164453,0.0997266961423807
1.759987463,0.165528508094349,0.128018491275522,0.199808325251855
1.76995142,0.166796123662165,0.125742591738626,0.149647300425083
1.77997629,0.168041955007144,0.123815519445781,0.0497857720975042
1.789979156,0.169275868198328,0.123597129485395,0.0996996654248391
1.79997799,0.170514107711972,0.124544747454219,0.149545002025158
1.809981557,0.171767062179351,0.126096967945584,0.14951241970479
1.81998475,0.173036899486387,0.128076191007215,0.149789916584259
1.829951253,0.174324704778603,0.129935838218592,0.0996570533210173
1.839995152,0.175636967843348,0.132640002391621,0.0994719536895587
1.849998741,0.176983803634869,0.136907664850574,0.149780147251493
1.85996625,0.17837116423503,0.140716214141194,0.14963857162001
1.869988734,0.179796719770538,0.143856406767594,0.149383487440228
1.879990178,0.181251734566483,0.146348336902331,0.149544600967836
1.889991089,0.182724031158918,0.147387054007945,0.149544722735384
1.899992716,0.184199849714985,0.147168109233144,0.199408357834411
1.909992033,0.185667532270276,0.14618090721662,0.0997068287516016
1.919992979,0.187123506304896,0.145312354935642,0.149579690029564
1.929989895,0.188573468691174,0.145194135491725,0.149485752985521
1.940003308,0.190028888724956,0.146505087596901,0.0997066664811206
1.94999034,0.191503635637876,0.149009189174186,0.149623844326099
1.959995169,0.193007859722649,0.151902512731078,0.149587966010567
1.969986996,0.194541177930495,0.154219168723184,0.199411548268594
1.979995793,0.196092339329874,0.155367746866148,0.199459340149862
1.989982753,0.197647873642468,0.155449883806531,0.0498750842404849
1.999987665,0.199200073509349,0.15471289135742,0.199408098616118
2.009983723,0.200742281541121,0.15325255651695,0.249138052722788
2.019998405,0.202266770572145,0.151532072975961,0
2.029984021,0.203772968157198,0.149781439043003,0.149615788697536
2.039991442,0.205261356424845,0.147282637340575,0.249101479355372
2.049997699,0.206720635435923,0.143696893946546,0.149542118860929
2.059994129,0.20813568041733,0.139301580183465,0.149696701420535
2.06997983,0.209504177859656,0.135190670035538,0.0498469493114908
2.079996986,0.210839880057785,0.132569406399567,0.0498176684617614
2.089994743,0.212157542995205,0.130835733874692,0.299118919900067
2.099997553,0.21345666891914,0.128608148825597,0.099750933046678
2.109986163,0.2147286025138,0.12565772143555,0.0498599388109842
2.1199949,0.215969489977916,0.122405624356936,0.199406284106932
2.129987315,0.217176856012218,0.119013097160496,0.149555484606192
2.139995899,0.21834987081521,0.116585063217368,0.100039059099997
2.149921157,0.219500844241953,0.116405922469222,0.0502887338608057
2.159823328,0.220657900978148,0.117183831839226,0.0993362201940321
2.169996338,0.221853330876399,0.121684525098927,0.148342489323116
2.179987875,0.223111614303678,0.129743905572215,0.149547252441092
2.189998438,0.224448481450045,0.138200395254792,0.099728197319862
2.199984002,0.225875086958643,0.147503563675061,0.149658699055371
2.209985643,0.227396665415449,0.156624851423692,0.199250548885796
2.220000787,0.229010212935248,0.166245282078273,0.150154315149722
2.229906876,0.230708476414881,0.173579446555811,0.0997501565817362
2.239992512,0.232480365496444,0.178847812284775,0.198574424328822
2.249991816,0.234300623993752,0.183631324668619,0.301276405725548
2.259849753,0.236126776965538,0.181026256734243,0.149844565286421
2.269954229,0.237914344894525,0.173847159543192,0.148467192786291
2.279997363,0.239629381735622,0.166477930682978,0.248821237037885
2.289990448,0.241249933172356,0.157127178348087,0.0997654320013081
2.299986027,0.24277014410889,0.148295693305902,0.100232131763502
2.309886041,0.244200363930023,0.139306010236788,0.149575175194465
2.319984393,0.245556036687605,0.131790958951062,0.148778941951196
2.329991434,0.246850072953581,0.126961665683478,0.149539310099224
2.339987655,0.248095684150228,0.123078715669612,0.0997081620702746
2.349991579,0.249311665113387,0.122383130858137,0.100583310249715
2.359813636,0.250522049777342,0.122033280317304,0.149591344441154
2.369987883,0.251751879684729,0.124055376114103,0.0988135639115573
2.379995001,0.253025656602913,0.131304178183468,0.100201557415503
2.389889398,0.25436503175641,0.138028263839723,0.199518912321304
2.399984713,0.255784801844929,0.145709974804592,0.0992096757619881
2.409989885,0.25729387321074,0.155451957042941,0.0997320447895636
2.419980218,0.258893142229241,0.163622286496583,0.249182766986789
2.429997094,0.260567498493735,0.169985763278186,0.249339526031973
2.439974729,0.26229192444295,0.174154683420054,0.0997339709948862
2.449991914,0.264049690040876,0.176912254560367,0.099614348006984
2.45999356,0.265833500968823,0.179883132619949,0.200509594779873
2.469883009,0.267627762520717,0.178412406611801,0.249402037042527
2.479983179,0.269399897001866,0.173247056103978,0.198345602835496
2.48999112,0.271111433555279,0.166567379806169,0.149503131224689
2.499991182,0.27273257763673,0.156941746181733,0.199492330167298
2.509983645,0.274249095339361,0.146606220794113,0.0996980301466944
2.519993509,0.275665043205288,0.13727167036172,0.0498104231726725
2.530000871,0.276996893388389,0.129585683485117,0.149576154998327
2.539991744,0.278256528156259,0.123062292012634,0.200681794292518
2.549874898,0.27944263670253,0.11484764594362,0.149619106953489
2.559984238,0.280552619028701,0.107145197080498,0.0990433362625702
2.570009143,0.281599924351122,0.103199694912765,0.0497905962075162
2.580009435,0.282619213249669,0.102840303211584,0.049868580273385
2.59000422,0.283656224132541,0.106565521184884,0.0996830893899507
2.60001476,0.284751091134767,0.113513527705212,0.0997270339860471
2.610000132,0.285926030643344,0.123186205283342,0.151643957347125
2.619740301,0.287181005677718,0.129610961961935,0.200907219070885
2.629852008,0.288499051388453,0.132307437437558,0.147665446531453
2.639997302,0.289861157570198,0.136929172524705,0.0989477315270018
2.650005707,0.291258680715835,0.141464989218848,0.0996768164045363
2.660003886,0.292691388760064,0.144668913397989,0.0996411909801794
2.670019145,0.294154003044653,0.146792908523472,0.199642444736323
2.679981229,0.295623921043605,0.145840538345556,0.249730790970422
2.689982449,0.297065462047169,0.141321423983604,0.0997583120687888
2.699971469,0.298448970226179,0.135926087721856,0.100559711533954
2.709813379,0.299761002777955,0.127599341985241,0.19936462441861
2.719976651,0.301001618285674,0.120254915888645,0.0988590030306121
2.729984865,0.302186723130234,0.11729585334264,0
2.739980468,0.303347983070799,0.116423806712595,0.0997275360916064
2.749981274,0.304514781186596,0.117491466282401,0.19947369639675
2.75997501,0.305697171128024,0.118828257063048,0.149564203763751
2.769981107,0.306891326483538,0.119838255243734,0.0996817541360805
2.779980304,0.308094570656622,0.122185394318926,0.100742085273426
2.789776137,0.309309990029643,0.122398427653733,0.149525586122158
2.799985103,0.310543126599751,0.12328514530594,0.0987103021297438
2.809978312,0.311800618110014,0.127136936884903,0.0498609272303052
2.819983249,0.313085629625568,0.129218727625503,0.149565946221578
2.829977912,0.314384940975033,0.129011532624625,0.249337362761996
2.839978053,0.315665189934137,0.125261844854613,0.14949876273734
2.849986699,0.316891278547956,0.119040580888908,0.049862300104169
2.859974453,0.318045573005824,0.11313845256072,0.151232883525833
2.869765857,0.31912906187703,0.105532748282645,0.0996468275994054
2.879987058,0.320157558211769,0.100411955783125,0
2.889971446,0.32115794458627,0.0997800355268677,0.0996670820419532
2.899995297,0.322153981010019,0.0998566966435905,0.199346727719498
2.909978424,0.323155775319171,0.100852396213579,0.099781369443435
2.919980619,0.324169548622819,0.102711824461185,0.0498616510386089
2.929975682,0.325209730172572,0.106183118627474,0.0996011295220529
2.940002406,0.326295524406974,0.112691280770301,0.15088213247509
2.94980082,0.32744385036524,0.118753518621622,0.099714825775469
2.960001065,0.328670435530938,0.125984137553261,0.0493667604028803
2.969998546,0.329988443455887,0.136294352640269,0.149548142159168
2.980003046,0.331396592582856,0.144210492381003,0.249167914365711
2.990006828,0.332873847654805,0.149690461779518,0.0996960318133383
3.000005475,0.334390765416578,0.152190447115643,0.149533504278981
3.010010767,0.335918256075289,0.152036481045153,0.299048979455338
3.02001062,0.337432277265176,0.152254889643322,0.050441576646591
3.029778117,0.33892793176808,0.149514648894518,0.0498772560637603
3.040002219,0.340421314170501,0.148387023192295,0.197180861484829
3.050005006,0.341929339615231,0.151751888777365,0.149526567612418
3.060007086,0.343457090522491,0.153619559807671,0.199388320254001
3.07000796,0.345002184603564,0.155487175407927,0.199472999940335
3.080001399,0.346565949775083,0.158037520350557,0.0498782864786186
3.089997951,0.348161353213034,0.16206613269294,0.199400770993174
3.100003104,0.349807548751698,0.170222677066962,0.201954633130702
3.10974672,0.351523041540991,0.175751978496494,0.049830729323232
3.120012771,0.353324287316004,0.182236204233639,0.245974641049558
3.130014752,0.355216610759957,0.193304361437615,0.24933557297822
3.140007599,0.357189374774599,0.200357871417899,0.0997355014015659
3.150009564,0.359222728731678,0.204969777525061,0.299121133333706
3.160008018,0.361288856207437,0.206510841602955,0.199391914100895
3.170012008,0.363353450276234,0.204558086720402,0.149527957884106
3.180012699,0.365380975478249,0.201906433609228,0.303374075739718
3.189732045,0.367335052617546,0.190260392190246,0.199462634909102
3.200008051,0.369185298991751,0.176647973746583,0.0983452226286001
3.210009215,0.370916973611361,0.166893725194714,0.149499298101521
3.220016567,0.372524594762609,0.154128895813031,0.199377814594858
3.230013223,0.374000169276236,0.14051208639887,0.149615200530675
3.240009583,0.375333855154175,0.126234657937895,0.199416284257578
3.250013372,0.376524881243958,0.112978565175197,0.0498648153949783
3.260005572,0.377592973300654,0.104176292911757,0.0505994697307475
3.26971845,0.378577683221535,0.0966122165230776,0.099727152878096
3.280001759,0.379524849248734,0.0934466930361908,0.0491423454704644
3.290009018,0.380473769700961,0.0961371705258059,0.0996634609142315
3.300011024,0.381448483370135,0.0990380388442211,0.149582907496292
3.310006151,0.382454246535788,0.101770934029296,0.0997400257854082
3.320004929,0.383483281756878,0.103354874026417,0.0996750129058603
3.330012798,0.384522031016164,0.10342894017649,0.0996693485265633
3.340012414,0.385552634726025,0.102927356457575,0.0506293468999437
3.349707425,0.386549146909692,0.0959320353588676,0.149525610881332
3.360017409,0.387471754613719,0.0847832747407431,0.147367437969915
3.37000539,0.388270074852965,0.0711659254904058,0
3.380010298,0.388894567062631,0.0514921972094154,0.0996547100235695
3.390016113,0.389300470947984,0.0278234516439363,0.0996934248462901
3.400013549,0.389451126549551,0.00146805594068501,-0.0498472257661284
3.410019158,0.389329836537028,-0.0252456855580942,0
3.419997956,0.388946606494364,-0.0505302167858731,-0.101322212879745
3.429700556,0.388335331229439,-0.0699644540153369,-0.0996177268474616
3.440016108,0.387546047419288,-0.0836317871801643,-0.049072196888661
3.450019522,0.386636019789206,-0.0938767587242539,-0.099668790657849
3.460024004,0.385667770993916,-0.0963097026271006,-0.149524713957054
3.470024637,0.384709333112535,-0.091995533784595,-0.0498943620470521
3.480008749,0.383829263710092,-0.0809270672028142,-0.149606288364074
3.490018844,0.383091260578979,-0.0643123468533299,-0.149591106264206
3.500004786,0.382543271642856,-0.0453050544119743,0.0507553153638421
3.509663417,0.382201262130314,-0.0247432840878637,-1.4900506621893e-06
3.520005665,0.382048384211752,-0.00748581371571383,0
3.530012895,0.382048929728794,0.00558604616448607,0.0498628246867273
3.54000305,0.382160090527531,0.014691245395595,0.0498631313850872
3.550010157,0.382342714412076,0.0204852922980226,-0.0498220843879119
3.560016189,0.382570065529747,0.0240510755115498,0
3.570003125,0.382823566795144,0.0255881304045173,0.0498735225645653
3.580008687,0.383081636175683,0.0251316072554593,0.0507347446829523
3.589655663,0.383317466661733,0.0212385623228622,0.049824476518196
3.600020267,0.383506653364692,0.0156385505402168,0
3.610002271,0.383635658119263,0.00976282677466544,-0.0498328958944291
3.620028466,0.383701989945602,0.00354865364953032,0.0498493194973257
3.630003878,0.38370663689494,-0.00253221474579256,0
3.640004918,0.383651405279279,-0.00839656032403535,-0.0997024921863256
3.650004712,0.383538698685728,-0.0143864431851621,0.0498650955459038
3.660000197,0.383363744333974,-0.0217346245698785,0
3.669649252,0.38311173198398,-0.0300471543844714,-0.0996751673233981
3.680007112,0.382762593470212,-0.040252258749921,0.0489309399733977
3.690026267,0.382291511103649,-0.0541903480794848,0.0498347614982242
3.70001516,0.381678350384701,-0.0682848026577919,-0.199564260053996
3.710011586,0.380926817539681,-0.0807310871469347,-0.0997240857777165
3.720011962,0.380063986819779,-0.0901026639463604,-0.0498619427709665
3.730008727,0.37912502186427,-0.0957919541956814,-0.149483549241294
3.740022586,0.378147130042144,-0.0996775544748505,-0.0508095452896377
3.749632333,0.377168988808212,-0.0958611473094547,-0.0998025861412322
3.760003958,0.376231692797407,-0.087690925252628,-0.0978666877357473
3.770008956,0.375382143883818,-0.0778097923603446,-0.0498277806783855
3.780014211,0.374674699166399,-0.0606511208509742,-0.14956979024206
3.790008042,0.374169176901923,-0.0378242225275128,-0.0996988824729683
3.800016367,0.373918133166825,-0.0110211582067499,0.0498481827055418
3.810010703,0.373948724410486,0.0172120149845267,0.0997490707950915
3.820008459,0.374262237353901,0.0459934003565839,0
3.829611125,0.37485021446669,0.0720061706129074,0.0498661729096008
3.840003306,0.375701989718362,0.0955694421927833,0.0978018642008861
3.850000949,0.376798858572779,0.120245679941619,0.0996712416337854
3.860011009,0.378107829569667,0.139022723685573,0.199311935271272
3.870011569,0.379580789467816,0.152644341054843,0.199275666431216
3.880025271,0.381162893404356,0.161268065112193,0.149525162417851
3.890016624,0.382806965980129,0.1658808685429,0.0997703766573109
3.900012795,0.384478441245498,0.170657447301313,0.2037429162187
3.909592055,0.386147659064412,0.165419773441023,0.199472116086978
3.920007346,0.387785935341973,0.157922947185189,0.146523888283376
3.930006877,0.389371627920913,0.155421663606587,0.149541577934031
3.940010205,0.390894812964641,0.1492150238996,0.149540434113274
3.950009889,0.392356377834557,0.14369802544508,0.149660189127528
3.959997211,0.3937669062614,0.139578206914205,0.0998025561725995
3.969991267,0.395145342747472,0.137461143615763,0.149648359221258
3.979985797,0.396514560152222,0.140666273464368,0.152852259092186
3.989560877,0.397898126859323,0.140245221809159,0.0996923685636932
3.999988961,0.399319908324287,0.142061126897908,0.146406238746845
4.009992104,0.40080060999085,0.151557813484949,0.0997321445441817
4.019984446,0.402350380310458,0.157858303015734,0.0997405645485973
4.029985901,0.403956796856111,0.16510710082987,0.255421081181338
4.039503006,0.405573033164432,0.1581180987435,0.248866090123976
4.050018449,0.407124305258859,0.144500060466836,0.146084321985377
4.059979256,0.408531852527566,0.133521393146132,0.15315273242859
4.069549665,0.409732140429017,0.107556946631694,0.0996561492833194
4.07998969,0.410684113709381,0.0800116245856383,0
4.089981009,0.411366885454925,0.0543013323710206,0.0997630444878845
4.099978683,0.411769542662036,0.0259756212871714,0.0498441184584286
4.109985301,0.411886509368035,-0.00227927174483706,0
4.119978879,0.411723956780402,-0.028836704714362,0.0498650506567617
4.129980598,0.41130991089277,-0.0524090032370872,-0.15349804616391
4.139466157,0.410702647964618,-0.0678668085961618,-0.153071773239085
4.149522144,0.409983688530715,-0.0715940054899463,-0.0971596140713745
4.159990763,0.409233209209975,-0.0721400626375435,-0.0974510032379
4.169985685,0.408507447401189,-0.0701646712111803,0
4.179986087,0.407830243875754,-0.0653413313884868,0
4.189970468,0.407201615072459,-0.0607904369929806,-0.0997373729204022
4.199980225,0.406614791489436,-0.0569835822089091,-0.0996706836140698
4.209977685,0.406061532177768,-0.0543992916994235,0
4.219997258,0.405525879072312,-0.0552528225232128,-0.0511364740229252
4.229476415,0.40498417230965,-0.055594976508368,0
4.239988927,0.404414442703894,-0.0575305844371723,-0.0973766507475504
4.249955275,0.403806011525243,-0.0627127618962164,-0.0996991964915833
4.25999102,0.403160056208159,-0.065978694212086,0
4.269991659,0.402484037072191,-0.0683951025235398,-0.0997301154273357
4.279986613,0.401792455574905,-0.0688858359587438,-0.0998799352901658
4.289957557,0.401108669497794,-0.0666335301177522,-0.0498519186097798
4.299987775,0.400459707544388,-0.0633421427334844,-0.0511185367909221
4.309462546,0.399873181700541,-0.0540952756275536,-0.0997046502336414
4.319988475,0.399377764165144,-0.0426681230836335,-0.048649458983169
4.329958073,0.398998676031841,-0.0317222005608865,-0.0503545766260777
4.339789978,0.398749616915571,-0.0185120508864521,0
4.349995843,0.39862773581395,-0.00678642404069465,0.0507036240957878
4.359455166,0.398616160610963,0.00332251973668669,-1.49094243021072e-06
4.369984759,0.398694149381875,0.0110604983511133,-0.0486333163169747
4.379957496,0.398842926598122,0.0176630121717481,0
4.389451397,0.399037988845812,0.01987929141232,0.0995391522775287
4.39999145,0.399241187407829,0.0180683799426643,0.048610232636973
4.409963463,0.399408608647709,0.0132264044800748,1.49026435670616e-06
4.419989461,0.399505689190112,0.00524919814265986,1.4893780886041e-06
4.429973374,0.399513644635365,-0.00386143200576539,-1.49010154692075e-06
4.439989657,0.399428459793156,-0.0126384878266912,-1.48880257940014e-06
4.44999102,0.399260651860075,-0.019630655271338,-0.0498706214997321
4.459983318,0.399035971126453,-0.0242669569196926,-0.102637152775539
4.469420269,0.39878916311161,-0.0244233111465099,-0.0498436427624931
4.479987203,0.398547410018959,-0.0228255137322926,0.096972329048431
4.489984822,0.39831976662471,-0.0219151198922614,0
4.499988127,0.398109087371543,-0.0195590615037366,-0.0996821326961964
4.509990339,0.397928477487293,-0.0154808120795362,0
4.519986561,0.397799495372904,-0.0092252460801329,0
4.529984456,0.397744026837813,-0.000897513285778987,-0.0498436699616968
4.539991033,0.397781541093509,0.00923798121272296,0
4.549408718,0.39792346780524,0.0192560475741294,0.0498740838585977
4.559983306,0.398166513253512,0.02775269513729,0.0484567693019179
4.569985131,0.398494518722248,0.036121534959684,0.0997080795518635
4.579983617,0.398888955186503,0.0421977049894374,-0.049847953773081
4.589987286,0.399338563758091,0.0472638393091878,0
4.59997448,0.399833800122987,0.0507760427897157,0.149562827774251
4.609987303,0.400354085477078,0.0518306314479459,0.0498333068507888
4.619982514,0.400870829159239,0.0516681445473939,0
4.629399102,0.401357057113735,0.0458216884609083,0.0997138528941729
4.639981667,0.401787224117487,0.0378931504435763,0.0483667909179524
4.650013794,0.402138212739039,0.0303762565233724,-1.48950805825111e-06
4.659989832,0.402394997270089,0.0205859132291696,0
4.669986727,0.402549373804709,0.00986737097873993,1.48984663665929e-06
4.67999345,0.402592380389812,-0.00192873043098623,0.0498705805760922
4.689981002,0.402510810238071,-0.0149610686267718,0
4.699990267,0.402293206638358,-0.0295055392016152,-0.0513876494948862
4.709384425,0.401938301780099,-0.041856457210581,-0.0498673133318202
4.719985852,0.401456262290405,-0.0519602224784162,-1.44645603176198e-06
4.729988109,0.400867729775584,-0.0625482527049231,-0.149555335058325
4.739986871,0.400205233499637,-0.0681615509942859,-0.149477468738277
4.749999547,0.399503719123878,-0.0711826651307789,0
4.75998704,0.398781568167151,-0.0733009804972346,0
4.769990147,0.39803838854315,-0.0754753579633859,-0.0996610000591744
4.779996201,0.397271369578129,-0.0801021561944128,-0.102836376183533
4.789381756,0.396485078850171,-0.0791326163973355,-0.0498858600001582
4.799984352,0.395689654892554,-0.0769353790977062,-0.0967701873319355
4.809988958,0.394899655952158,-0.0777997365650068,-0.0996776584684375
4.819990468,0.394133184338065,-0.0748078871394633,-0.149541204134504
4.829991867,0.393403280593225,-0.0713621353013811,1.49017761974274e-06
4.839989643,0.392706000505799,-0.0689351746535953,0.0498593329397198
4.849989457,0.392024743233924,-0.0676415400621024,-0.0997253168048325
4.859986497,0.391353382504842,-0.0679083440415155,-0.154341451117037
4.869370246,0.390708625946716,-0.0616237297442632,-0.0497855931176297
4.880014305,0.39011919427728,-0.0530485670365232,-0.0483074268467181
4.890010271,0.389613702196868,-0.0452055489894937,-0.0998385040229777
4.89998819,0.389216263840402,-0.033753494870502,-0.0498705815906216
4.910003948,0.388938845722806,-0.022216659369849,0
4.919983252,0.388772040358869,-0.0126297415793268,0.0498791685102761
4.929994183,0.388686374220646,-0.00637681439079432,0
4.939984092,0.388644498714529,-0.00379995542145133,0
4.949359057,0.388612788562704,-0.00404091041126004,-0.0498536135341657
4.959984574,0.388563678558585,-0.00691961839519627,0
4.969989898,0.388470031015812,-0.013155383871011,0
4.980013716,0.388300187506968,-0.0223911699085351,0.0498667041268137
4.989984532,0.388022327768659,-0.0340977569522806,0
4.999982128,0.387619309447869,-0.0459719053415161,-0.0996717447587504
5.009991835,0.387102553929004,-0.0554257551619656,-0.0996813854125582
5.019987496,0.386510496819176,-0.0623169053294259,-0.0515047437189668
5.029351145,0.385896141640491,-0.0594070484568788,0
5.039988702,0.385322284205138,-0.0499260092517285,-0.144813597475097
5.050007072,0.384864873637986,-0.0358447713085416,-0.0995964237375059
5.060011435,0.384604573919781,-0.0128249764272648,0.0499035727975966
5.069986934,0.384608632378816,0.0160440814661999,0
5.079984111,0.384925017160623,0.0486178398615782,-0.0498373669652453
5.089993338,0.385581300524694,0.0823149345434783,0.0996977061668892
5.099986503,0.386571512748816,0.117116848276292,0.206117665861309
5.109343234,0.387847499358688,0.138054184099821,0.199418902151313
5.11998624,0.389332560122562,0.14980891342163,0.1447113477856
5.130013756,0.390944127799366,0.163338333818495,0.0995892216640974
5.140010421,0.392603276483182,0.164472897128405,0.249415843283708
5.150002149,0.394231676705017,0.157847879246729,0.249364581580634
5.160002923,0.395759050524718,0.15118029292466,0.0518037720974249
5.169250286,0.397141615694931,0.130453926532625,0.149647438363979
5.179991632,0.398366656100086,0.114810806275819,0.148943950614449
5.189333205,0.399447351817693,0.102712000087651,1.49012479263972e-06
5.199991516,0.400420884187247,0.0914729823161915,0.0482688268548001
5.209990353,0.4013369227514,0.0908589469492564,0.099726738933212
5.219987786,0.40223772422236,0.0905553144897479,0.0997050635205925
5.229991269,0.403148111989863,0.0918730632370561,0.0996458313580505
5.240000292,0.40407633445163,0.0933538951458742,0.0498618263315404
5.249987859,0.405014871555998,0.0930450399799672,0.0997821666585547
5.259985753,0.405935882469393,0.0925356030221187,0.156007825378424
5.269161635,0.406789128480369,0.0787315429524047,0.09967955678349
5.279991488,0.40751096485384,0.0600133154092399,0.0957692658203437
5.289984522,0.408038778965631,0.0407362719961817,0.0997096903820359
5.299991177,0.408325677624783,0.0164169914619828,0
5.30925504,0.408355142895105,-0.00892363071889953,-0.0498817250502558
5.31997979,0.408147306623788,-0.0290709092977584,-0.0480920954323691
5.3299881,0.40775241398838,-0.0453773695732645,-0.0995439043433534
5.340013087,0.407238248302048,-0.0557773886669416,-0.103211259042369
5.349309275,0.406674729300903,-0.0583121011650619,-0.0519119774136518
5.359219955,0.406118255472168,-0.0539062906032769,0
5.36914007,0.405605724702739,-0.0460856367850135,-0.0480071748688662
5.37998969,0.405161069008837,-0.039979611799589,-0.0496465872898397
5.389223954,0.404802778816991,-0.0308561315497943,-0.049848673649654
5.399992154,0.404543870348333,-0.0208381091738724,-0.0498578388841772
5.409222741,0.40438604191014,-0.0115661123592887,0
5.419989415,0.404312579780729,-0.00505178809912428,0
5.429214079,0.404285049906746,-0.00327952695166345,0.0498539176357302
5.439989775,0.404246988061066,-0.00732720678140463,0.0997238107383872
5.449211235,0.404138526609694,-0.0169316779325413,0
5.459217312,0.403921433597146,-0.027214495176894,-0.10014426111294
5.469124434,0.403596598951552,-0.0363126306317954,-0.149585736810367
5.479214266,0.403195291592783,-0.0422011498771392,-0.0993213230715678
5.489202326,0.402749288822043,-0.0465266071765543,0
5.499229716,0.402264040613171,-0.051714370630849,-1.48865734015539e-06
5.509221925,0.401713987859476,-0.0602822194325804,0.0499175163986006
5.519204594,0.401059910634436,-0.0719011151943777,-0.0498743793593472
5.529213482,0.400276572616704,-0.0844180848110063,-0.149588708307287
5.53920135,0.399371822790483,-0.09473793993816,-0.149648029807599
5.549202112,0.398382890988318,-0.101194422421366,-0.150240559628046
5.559110949,0.397357082419037,-0.10299842198111,-0.100206770833672
5.569102889,0.39633314236112,-0.100714088118374,-0.0496439531129595
5.579196499,0.395334184566431,-0.097416908082644,-0.0496225650757296
5.589195895,0.394375743842514,-0.0927677796001632,-0.149491931286097
5.599206001,0.393477947494986,-0.0853833387853385,-0.0498682894180983
5.609190491,0.39266853847837,-0.0748629220282661,-0.0997189244980855
5.619203838,0.391980850982921,-0.0608854060684338,-0.0996922888224251
5.629193671,0.39145063674141,-0.0436455198177494,-0.049858023370053
5.639202551,0.39110799675835,-0.024125329687927,-0.0498535562040073
5.649194176,0.39096811796436,-0.0040401000833561,0.0498855469974789
5.65919023,0.391027244534756,0.0150822606530042,0.0500941271753494
5.669098631,0.391268322142826,0.0323815631187943,0.0499322774449144
5.679159203,0.391673871094373,0.0479484258932164,-0.049630584027663
5.689188991,0.392231623280454,0.0626026511575678,0.0996971034270028
5.699161417,0.392926062719794,0.0751155392629002,0.0500213310151161
5.709122413,0.393728933023339,0.0833333669255001,0.0498024850451361
5.719182432,0.39459448130901,0.0865121604959382,0.199531509239339
5.729110863,0.395458177017804,0.0826759523527056,0.0996978008684299
5.739184805,0.396248196546099,0.0722412994316639,0.0498878467134839
5.749098218,0.396902089515206,0.0564649644741323,0.0501281499659315
5.759075156,0.397371304508692,0.0358752261457816,0.0499328304394179
5.769066373,0.397618451591545,0.0123650498913552,0.049730924651801
5.779124381,0.3976192141761,-0.0122642426510286,0.0497874983491586
5.789092816,0.397372842435156,-0.0353845222240738,-0.149676933887809
5.799109151,0.396912062637892,-0.053947301880483,-0.0997978381933697
5.80907484,0.396294866154245,-0.0662745181721665,0
5.819103245,0.395586963691753,-0.0719110451561216,-0.149420743709825
5.829093875,0.394855276424378,-0.0712808389098418,-0.0997911861214886
5.839086601,0.394162533311839,-0.0648980758340074,0
5.849084299,0.393557936371672,-0.0541924386977521,-0.0498670748265956
5.859081684,0.393078951002105,-0.0400140930045237,-0.0996595160184878
5.869094057,0.392757264054062,-0.0233312359391249,-0.0498624596927181
5.87907802,0.392612411768971,-0.00579247485113502,0.0500491873799929
5.889015789,0.392641867922461,0.0106067337457975,0.0498923956251136
5.899062358,0.392824380321223,0.0245368692897854,0.0497025685832955
5.909077052,0.39313410851048,0.0363185019617019,0
5.919075841,0.393551240042819,0.0463230353459158,0
5.929064284,0.394059977764883,0.0544580291766995,0.0997747729618148
5.939062783,0.394639689513408,0.0602328550014835,0.0499461540354895
5.949027709,0.395262431848241,0.0629114954720026,0.0997240608426644
5.95905959,0.395897718546443,0.0628698039687196,0.0996478429865604
5.969039811,0.396520588777983,0.0610686930745287,0
5.979059152,0.397119065659846,0.058399932499819,0
5.989054484,0.397689444330189,0.0552537012801734,0.14945581306107
5.999073689,0.398224942908505,0.0516176372669054,0.0998411932626043
6.009027831,0.398720421310641,0.0480870655321931,-0.0498969986196219
6.019057378,0.399185899871023,0.0461449030941022,0.049818056753072
6.029042588,0.399644000332858,0.0465997181496819,0.0498274871209377
6.039068347,0.400118405386325,0.0493214935157268,0.0498747973438562
6.049034575,0.400630034990045,0.0539133775416329,0
6.059039355,0.401195109880516,0.0592918814645772,0.0498116897891907
6.069051292,0.401816863801719,0.0642151461659835,0.149455529301828
6.07905393,0.402480348739591,0.0673584077081208,0.0998072364994882
6.089031733,0.403162714492785,0.0684354338391942,-1.49241768184394e-06
6.099023087,0.403846946662289,0.0678505881418877,0.049850313522935
6.109033539,0.404519848793785,0.0657617784580851,0.0996908283223271
6.119026859,0.405162430284879,0.0612070170720202,-1.48788662620091e-06
6.129063508,0.40574582344832,0.0533229764924057,0.0997348389127792
6.139021505,0.406228604323511,0.0407496496444639,0.0999076269476353
6.149023872,0.406559201288096,0.0230649572448479,0.0498491621112654
6.159023773,0.406689955779731,0.00165408109585502,0
6.168975052,0.406592202157774,-0.0214108216709619,-0.0498336431829441
6.17903227,0.40626155741856,-0.0437765275811038,-0.0497275316397389
6.189025645,0.405714456820292,-0.0638515732949247,-0.0498180985126924
6.199046412,0.404983622963712,-0.0799763969739804,-0.149512158146922
6.20903244,0.404114385441195,-0.0915448412831943,-0.0998695861351343
6.219014379,0.403155658593949,-0.0979127672442842,0
6.22905545,0.402153877123535,-0.0997240084779332,-0.149509796694437
6.23902149,0.401160469286966,-0.0960261176923759,-0.149769359456407
6.249028086,0.400235982428372,-0.0860709341506653,-0.0996954483350202
6.259024335,0.399438805732145,-0.0710402764222445,-0.0498020969964727
6.269049257,0.398813672906235,-0.0524214750684969,-0.0498475849406946
6.279026638,0.398390255504118,-0.0316240271859573,-0.0999369895506159
6.28900316,0.398182650135297,-0.0104603281587055,0
6.299017508,0.39818114444374,0.00840132107965316,0.149496003117653
6.309012117,0.398350751807523,0.0234110176373034,0
6.319016315,0.398649336867142,0.0346647420242644,0
6.329011715,0.399044032712782,0.0431663299830448,0.0997370786097073
6.339010512,0.39951241297259,0.0498743617668011,-1.48923459749588e-06
6.349023554,0.400042110410687,0.0557284427508081,0
6.359016244,0.40062730126304,0.0607907333528593,0.0997317505148185
6.369019118,0.401257655410051,0.0642790454223676,0.0995385183226314
6.379050625,0.401915092149348,0.0663705549993106,0.0998048807673264
6.388999732,0.402583779850458,0.0674257010993546,0.0499330376063109
6.399019294,0.403261493656694,0.0686771530603496,-0.0498342782290123
6.409007376,0.403957847879823,0.0707820474868869,0.0997129167370679
6.419018037,0.404677045633398,0.0723307493665307,0.0996726564207764
6.429014197,0.405404956235195,0.0716511784534302,0.0498400871580397
6.439024545,0.406110535508336,0.0673652774236026,0.149571430004579
6.449013263,0.406752198864498,0.0590223473399983,0.0997695081208441
6.459012243,0.407290256362219,0.0472684561427372,-0.0497597812879581
6.46905146,0.407699373500572,0.0337347910467408,0.0498497353182208
6.479014281,0.407965020934658,0.0188129913017133,0.0499497820293334
6.489013435,0.408074917962612,0.00280427950638546,0
6.499014232,0.408021106387376,-0.0134572466797897,0
6.509021949,0.407805658454018,-0.0288807620919349,-0.0497948358872406
6.519038921,0.407442778108402,-0.0423266498900901,0
6.529009498,0.406959652465334,-0.0523224177963191,-0.0998615150177401
6.539007905,0.406397952584586,-0.0576094331517273,-0.149559741364935
6.549010127,0.405807427565966,-0.0583356146921673,0
6.559028139,0.405230059927915,-0.0555680250626958,1.48928698938457e-06
6.569021262,0.404695448314753,-0.0501293789407484,-0.14969091138528
6.579011242,0.404228319385216,-0.0425727138430028,-0.049884990436962
6.589009164,0.403844509082585,-0.0344459316323974,1.49026875343627e-06
6.599009194,0.403539471297836,-0.0277942110793091,0
6.609004203,0.40328876274808,-0.0239388374052449,0.0498513183745849
6.619009999,0.403060675278967,-0.0228354719043958,-0.0498269963053029
6.629014771,0.402831811984725,-0.0233281883244106,-0.0498578021207806
6.639008203,0.402594153409905,-0.0239972590294052,-1.4902922279426e-06
6.649012408,0.40235192350966,-0.0237770856147608,-0.0498510707599726
6.659010303,0.40211856176573,-0.021880589215523,-0.0497830014222906
6.66904066,0.401913693554943,-0.0180708530394171,0
6.679010387,0.40175714318699,-0.012489456037065,-0.0499318873710028
6.689009789,0.401664289996199,-0.00575347768340533,1.49007405532383e-06
6.699010952,0.401642070382607,0.00116396725324585,0.0498439365670944
6.709014154,0.401687574421981,0.0074651345498216,-0.0498224603005326
6.71902394,0.401791470030771,0.0124372547970794,-1.48977223599524e-06
6.729018771,0.401936376940728,0.015080483301377,0.0997094760033272
6.739023672,0.402093075655229,0.014576638552024,0
6.749006137,0.402227725550517,0.0107845230775231,-0.0498688032055499
6.759018062,0.402308705615605,0.0038256615909022,0.0995468261557164
6.769038846,0.4023043639159,-0.00590321698604262,0.0497330517003715
6.779067628,0.402190348677031,-0.0169840989132853,-0.0998469221258106
6.789011047,0.4019651540786,-0.0271144556025253,-0.0500086516203649
6.799006104,0.401649727754747,-0.0345699134027959,-0.0498499820504904
6.809012986,0.401273688779482,-0.0392305625036953,-0.04984522229322
6.819009953,0.400864965506238,-0.0414660921432728,-0.049853013308817
6.829013111,0.400444361753355,-0.0421540636919369,-0.0498360243333256
6.839017494,0.400021566348605,-0.0425051789474159,0
6.849011226,0.399594338296669,-0.0432920165704181,1.48965942033764e-06
6.859023626,0.399155460550551,-0.0445562053964769,-0.0996242769132539
6.869028361,0.39870245071816,-0.0460161655753606,-0.099720205340275
6.879021505,0.398235234839331,-0.0478116330839903,0.0498884738143269
6.88901427,0.397746891770202,-0.0504081809441623,-0.0498748284224244
6.899012882,0.397227505890192,-0.0536255078708423,-0.0996603675055783
6.909023558,0.396673883539068,-0.056990295539298,-0.0498679218547977
6.919008223,0.396087965497193,-0.060155054317994,-0.0498876145893185
6.929011006,0.39547153751895,-0.0630605150411323,-0.0498705975715691
6.939001296,0.394827192016558,-0.0654119897589127,-0.0498408397597403
6.949016016,0.394162970009703,-0.0665709163333117,-0.0996910276667849
6.959005028,0.393495525247232,-0.0663843541782264,-0.150549483082865
6.968884959,0.392843983060444,-0.0639517952500053,0
6.979005888,0.392216434343688,-0.0614947533250754,-0.0495267498155225
6.989017439,0.391605941169022,-0.0610447232729073,-0.0997303199195506
6.99900144,0.390995811405159,-0.0621167039762982,0
7.009044805,0.390361907203775,-0.065770036761263,0
7.019006926,0.389680049855512,-0.0711245944451372,-0.0998766918014357
7.029011053,0.388941815912184,-0.0758621132758522,-0.0996553524561549
7.03901752,0.388162003906767,-0.0784360324805885,-0.0997033088227689
7.049012321,0.387372995805683,-0.0772242215497365,-0.0995769238461389
7.059044174,0.386615461141371,-0.0727079216010878,-0.0502997502636164
7.068834815,0.385931743465993,-0.0626971273127995,-0.0998199432237603
7.079021773,0.385362923073464,-0.0487530582391974,0
7.089014369,0.38494792849459,-0.03189546037814,-0.0498975173016044
7.099004657,0.384725559788601,-0.0106326122292143,-0.0498725746300762
7.109007247,0.38473535197547,0.0142433545424725,0
7.119027629,0.385010754077791,0.0415614878867288,0
7.129044935,0.38556814810256,0.0694558451264649,0.0998413257132306
7.139001248,0.38639803866567,0.0948918254138374,0.0998705193738
7.149012417,0.387462898918458,0.115154335062836,0.14950010505848
7.159009656,0.388702093584576,0.130292373972,0.201423810060435
7.168813231,0.390042793981096,0.135674682120795,0.149507106523011
7.179017127,0.391416600852542,0.134836303782619,0.0493056486911776
7.189035991,0.392769556191779,0.132171566948299,0.199558904541826
7.199002833,0.39405814293113,0.124064062208103,0.149710734368541
7.209016249,0.395248388163225,0.113180271852132,0.0498426284835862
7.219007723,0.396322301819702,0.101473121176461,0.149552845130324
7.229017601,0.397277987778414,0.0901359276145371,0.049810540907014
7.2390255,0.398126622718378,0.0805021620057949,0.0498258285066377
7.249028638,0.398888919520892,0.0731284303899121,0.0997744549878597
7.259012207,0.399588219229951,0.0684925777159597,0.0502881023246887
7.268856316,0.400246968297234,0.0649240771697601,0.0498924189224418
7.278997133,0.400885722107807,0.063180799107176,0.0988681854532449
7.28902623,0.401521319581677,0.0641191225351549,0.0498414900282936
7.299001882,0.402168409060223,0.0660008729986605,0.0498621322741616
7.309023295,0.402841143329088,0.0690255850397318,0.0498351874176854
7.319009759,0.403549464475551,0.0725804747473409,0.0498817012432722
7.329012515,0.404291970406517,0.0749159804489989,0.0995561475259705
7.339040293,0.405050071569078,0.0748412517508488,0.0997244839743863
7.349009536,0.405788572489445,0.0707424064513452,0.0998163586540403
7.359018908,0.406463406871743,0.0621819987361079,0.0996601684743045
7.369019163,0.407032811090269,0.0502622239173518,0.0498620524831683
7.379016005,0.407468505438854,0.0364196512962851,0
7.389010252,0.407760879580682,0.0223120848683236,0
7.398993388,0.407914242503797,0.00883521623932874,0
7.40900944,0.407937576731273,-0.00367370419375542,0.0498317603423293
7.419002641,0.407840734427137,-0.0148200694387804,0
7.42903773,0.407640756082733,-0.0235270777061125,-0.0498714471338693
7.438995971,0.407370349798623,-0.0281706942327928,-0.0498916924507269
7.449022947,0.40707775864545,-0.0276578102170895,-0.0996222157353273
7.459013221,0.406816716497055,-0.0223985374466079,-0.0498473481931002
7.469025345,0.406629734184825,-0.0141734841737265,0
7.479042321,0.406532834365191,-0.00585288320577285,0.0498857131894391
7.48901236,0.406512752520398,0.000283877966506476,0.0499324153394266
7.499010642,0.406538502931551,0.00324569122008457,0
7.509017343,0.406577682518079,0.00325292843330421,-0.0498741573256649
7.519002288,0.406603534325253,0.000563814103116612,0
7.529015489,0.40658895775483,-0.00512185726985647,0.0498334388563749
7.539010269,0.406501056302313,-0.0139514077990332,0.0498346369617449
7.549023587,0.406309816620349,-0.0247105986385915,0
7.559000183,0.406007093560639,-0.0345544015106941,-0.0997977932439585
7.56900562,0.405619349429067,-0.0402538902429806,-0.0996843550443299
7.579005254,0.405201811628302,-0.0400555265662493,-0.0996890791088418
7.589009743,0.404818073748806,-0.0341752530392076,-0.0498481057934222
7.599007348,0.404518235004538,-0.0246189263952619,0
7.60900192,0.404325887814762,-0.0139109055770142,0.0497912390626496
7.619032885,0.404239661650202,-0.00387322478447107,0.0498079946341809
7.629020122,0.404248352818635,0.0053638515738973,-0.0498323555635947
7.639041899,0.404346987031438,0.0144180225655854,-0.0498777200829899
7.64901034,0.40453657223285,0.0230840797469087,0
7.659001883,0.404807744893841,0.0294943451474813,0.0498952019330808
7.668993554,0.405125964043722,0.0311787609338318,0.0997085531601258
7.679002099,0.40543132684713,0.0264018615591848,0.0996372385768622
7.689008085,0.405654384920356,0.0154006735796361,0.0497296125330511
7.699051853,0.405740106563836,0.000650745897099606,0
7.708985409,0.405667385081984,-0.0143588057096979,-0.0999026603664015
7.719012911,0.405453489610254,-0.0263294910803875,-0.0994174867568441
7.72904418,0.405139247849856,-0.0344266618487754,-0.049821292749421
7.739026368,0.40476449309369,-0.0395346714520276,-0.0499451240280613
7.74900742,0.404350007715338,-0.0436261172630097,0
7.759021557,0.40389218063368,-0.0490208044930031,0
7.769006075,0.40336965755846,-0.0567509260684739,-0.049847642258931
7.779023837,0.402757032720199,-0.0666646198839255,-0.0498484497117694
7.789008031,0.402036234764785,-0.0777101331124642,-0.0996198326953097
7.799041865,0.40120142909967,-0.0889048821508742,-0.14934793121868
7.809036826,0.400255577105686,-0.100082918613505,-0.0498947949489725
7.819025242,0.399201434405756,-0.110919810526172,-0.0998119971968204
7.829016314,0.398039456082316,-0.121426739650936,-0.0997968424731386
7.839007764,0.396775021909293,-0.130712696120256,-0.0997925975781798
7.848999686,0.395427375650622,-0.136920530014247,-0.149606325776492
7.859001966,0.394037405174241,-0.137842763280039,-0.199261573107388
7.869015214,0.392668379962593,-0.132166588239502,-0.199339897777879
7.879009779,0.391393040791897,-0.119541010774413,-0.0498470139486173
7.889018344,0.390277185583741,-0.100813325550575,-0.0997208892120372
7.899007222,0.389377032060559,-0.0767292303030461,-0.149585033653569
7.909015392,0.388742827482368,-0.0481991848127453,-0.0497752542398723
7.91903919,0.388411507532764,-0.0173279489195891,0
7.929003485,0.388396474827864,0.013718445258595,0
7.939021688,0.388685636337707,0.0422750636105438,0.049839100737788
7.949009791,0.389242242686626,0.0660995229445631,0.0997922298188073
7.959004835,0.390006512821338,0.0831119627337534,0.149566963297268
7.969009255,0.390904437393289,0.0929351947323103,0.149502697840284
7.979012896,0.391865965866589,0.0968349113628867,0
7.989000362,0.39284027446768,0.0962673335738061,0.0498708748985038
7.999007053,0.393790750048035,0.092042454265498,0.199349687029789
8.009007043,0.394681738488627,0.0845754042034738,0.0996281029838541
8.019022821,0.395483591717078,0.0751768447706653,0
8.029002394,0.396184925886889,0.0652828005375133,0.0995991446813547
8.039045007,0.396790696092041,0.0566550448578817,0.0996252971984784
8.049019324,0.397318985953956,0.0508927603376179,0
8.059000842,0.397806303620033,0.0494260605833495,0
8.068982169,0.398305670740342,0.0531618636668809,0
8.079030663,0.398871126233307,0.061609511060893,0.0497972432347701
8.089004693,0.399539248654187,0.0724695617463242,0.0998595569425385
8.099000337,0.400318319756304,0.0823828841618821,0.0995920715313093
8.109028301,0.401188851232554,0.0895340442200238,0.0996429584551264
8.11901342,0.402110172014605,0.0920998802125515,0.149732894250989
8.129005602,0.403028758261624,0.0890037394312209,0.0997369329979615
8.139007945,0.403889759507756,0.0811190800483721,0.0500077286388789
8.148944446,0.404646178944132,0.0684948756315616,0.0996653835654615
8.159016824,0.405260265186388,0.0526747891972752,0.0496546496652521
8.169025069,0.405703921527607,0.0349793866569427,0
8.179010382,0.405959627582318,0.0155898636139162,0
8.189012944,0.406015529772789,-0.00495858244866145,0.0498546310814834
8.199009858,0.405860458531642,-0.0263111037172883,0
8.209010632,0.405489368529715,-0.0474250082200802,-0.0997224700153433
8.219006984,0.404912094666714,-0.066956777287881,-0.0499596903883128
8.228968648,0.404153044097295,-0.0832920275539822,-0.099716949888917
8.239005217,0.403246401292647,-0.095821257190278,-0.149121948006381
8.249027995,0.402230932249339,-0.105290351613361,-0.0997122125588096
8.259004699,0.401140648800782,-0.111644181176567,-0.0498947075605509
8.269011407,0.399999900579485,-0.115454820528635,-0.0997101086210671
8.279004603,0.398831563473872,-0.116583410354077,-0.149501046519292
8.289019689,0.397667266828599,-0.114146833396571,-0.0997078308021288
8.299004665,0.396548619728837,-0.107382306180104,-0.199511899623187
8.309010253,0.395520633964438,-0.096489906109269,-0.0996811512246573
8.31901008,0.39461829911381,-0.083216485521732,0
8.328999595,0.393857191175306,-0.0689754098874472,-0.0997475191076822
8.339002483,0.39323931492225,-0.0546870056544483,0
8.348998366,0.392763518272547,-0.0403607341046355,-0.0498933518316057
8.358986438,0.392432747828136,-0.0253870180754551,-0.0996665291204461
8.369006716,0.392255565929437,-0.00966504424851873,0.0498155198920557
8.379001616,0.392239300247124,0.00672702981622487,0.0500758167515062
8.388917854,0.392389508748438,0.0239285019858253,-0.049843949243248
8.399005378,0.392717960305865,0.0423931931535308,0.0496201612636385
8.409012434,0.393241382159717,0.0627995819520187,0.0995859429650373
8.419029919,0.393975493109446,0.0846529046798238,0
8.42900369,0.394933700048315,0.107448996463471,0.0999192442797453
8.438987664,0.39611993278137,0.129205878718325,0.149570824214451
8.449002837,0.397517707410067,0.148300253013063,0.149464778962595
8.459000801,0.399087886062055,0.16337321346852,0.200140237065324
8.468930492,0.400773352444309,0.170922610438108,0.199373010668006
8.479005291,0.402507105713338,0.171472917730804,0.148777195583042
8.489036121,0.404220923311752,0.167072865873451,0.149627131305453
8.498996912,0.405847163127264,0.154876511640649,0.199551000134143
8.509022768,0.407316385478505,0.135617734331445,0.149482413778112
8.519007688,0.408560979230598,0.110415510486238,0.0998063843107379
8.529003081,0.409522521938075,0.0798534361807925,0.149569722932617
8.539006783,0.410157975686854,0.0466086133509664,0.0501394214040167
8.548889555,0.410449402915655,0.0126633016552175,-0.0498475472338613
8.559009699,0.410411278646146,-0.0181801252179715,-0.0495496732535049
8.569012721,0.410083561237993,-0.0447033942535221,-0.049872457388105
8.579002624,0.40951752703759,-0.0658121917932026,-0.0498772110864888
8.589003143,0.408767947751302,-0.0811686204977354,-0.0995900870515063
8.599026631,0.407892206012563,-0.0907258762307597,-0.0994789830164225
8.609049514,0.40694922317708,-0.0949178146959096,-0.0998163429503364
8.619004652,0.405995935917294,-0.0939818977070601,-0.100479166782714
8.628896044,0.40508400862478,-0.0869290748396709,-0.0996928168189341
8.639008025,0.404257061208731,-0.0764361346439887,-0.0991325663031805
8.649012166,0.403546410015073,-0.0645406701121615,-0.0498495986326555
8.65900952,0.402966151318186,-0.0516239922277624,0
8.669013091,0.402513882418325,-0.039372945867254,-0.0498721306099969
8.679002576,0.402178965806577,-0.0283236655175555,-0.0499385614238484
8.688980148,0.401948342174487,-0.0186771178535298,-1.48937466473912e-06
8.699012533,0.401805237481444,-0.0110458384010983,0
8.708859881,0.401728753856312,-0.00537611653986038,1.48716850757543e-06
8.719052174,0.401697502036011,-0.00164799276537414,0.0494959302041793
8.729005499,0.401695554023594,0.00107544317622318,-0.0499554327411041
8.739011891,0.401718967577458,0.00389501251917793,-0.049850350907326
8.74900729,0.401773461249945,0.00722585333239206,0.0498691324341755
8.759006149,0.401863443153256,0.0105653382724484,-0.0498494287754695
8.769009451,0.40198479084709,0.0127653545328161,-1.48942178148136e-06
8.779015473,0.402118869268078,0.0122595475528305,0.100493251262537
8.788853496,0.402228069860408,0.00749164902649626,0.0997846031741387
8.799000446,0.402268589671598,-0.000685795483713831,-0.049478670729565
8.809005539,0.402214249680331,-0.0101606708979448,-0.0498414676050101
8.819005204,0.402065327909167,-0.0186517431730889,0
8.82902818,0.401840792522752,-0.024649156688022,-0.0497657141047275
8.839041611,0.401571447373559,-0.027277121420179,-0.0499099080582587
8.849006103,0.401295852291358,-0.0259732345898114,-0.0499425297395958
8.859005888,0.401052910523622,-0.0211110534464331,0.0502758608209938
8.868838016,0.40087717971607,-0.0123690513111024,0
8.879018321,0.400805375712985,0.000270481496168045,-0.0988099916557437
8.889019809,0.400882638517636,0.0171903888034577,-0.0497922770688507
8.899042842,0.401149605014578,0.0368249852952249,0.0498862832737891
8.909007193,0.401618673639526,0.0557812873442847,0.0998949317476097
8.919005146,0.402263128030056,0.0702241829470043,0.0996621906433616
8.929016414,0.403023804835657,0.0780777306776827,0.149598484542721
8.939000396,0.403824311774389,0.0789722205962071,0.10059132809197
8.948841111,0.404589405180394,0.0715837901832539,0.049741988085384
8.95904636,0.405259277855386,0.0596226759151638,0.0494120656042139
8.969020318,0.40579254349958,0.0451157763614984,0
8.979016347,0.40616023932282,0.0272618451339573,0.0498719844931478
8.989012835,0.406337576401872,0.00709729494860615,0.0498484671570282
8.999018296,0.40630219905442,-0.0147462755751691,0
9.009026028,0.406042456342755,-0.0367982072431429,-0.049870360605331
9.019011464,0.405566486314909,-0.0575786708052088,-0.10072168712569
9.028824771,0.404902471037201,-0.0737895283348143,-0.0996446318191589
9.03902451,0.404089733090026,-0.0859567379739262,-0.0987793766850567
9.049012819,0.40316717228506,-0.0963069873616828,-0.0997888441240923
9.059008335,0.402165151108313,-0.103140400507252,-0.0498572698605734
9.069012432,0.40110440419025,-0.107964412836734,-0.0498521379464438
9.079009409,0.400005746897799,-0.109977321789592,-0.149545547800882
9.08901476,0.398904601727253,-0.107687710116374,-0.19940509771499
9.09901068,0.397851855824392,-0.101475903940758,-0.100803694610161
9.108797396,0.396897140856822,-0.0890467173973661,-0.0998073733773268
9.118990795,0.39607269217042,-0.0747249833108891,-0.0986138759525383
9.129019325,0.395386057549783,-0.0626395201176858,0
9.139020583,0.394818035862041,-0.0528247563284068,0
9.149000657,0.394330548555766,-0.0466560507688036,0
9.159017647,0.39388505182883,-0.0436077216421856,-0.0996362031126619
9.169015396,0.393457751388713,-0.042359122783689,-0.099720748876049
9.179015417,0.393037963834,-0.0426172622467463,0
9.188776968,0.392615567292381,-0.0429784087794843,0
9.199023065,0.39217806695954,-0.0442791913199148,-0.0493096002554835
9.208997503,0.391720218354525,-0.0463590993793352,-0.0498932294950522
9.219007069,0.391251626532107,-0.0462292171137096,-0.0996342815871073
9.229012628,0.390794934795342,-0.0436759135678313,-0.0497767054001884
9.239038453,0.390376737535879,-0.0387466023218149,0
9.249001816,0.39002042167717,-0.0316351504301954,-0.0998578617814103
9.259008466,0.389744983170531,-0.0233423510624999,-0.0504379562851961
9.268769994,0.389558985926428,-0.014670155410214,0.0498411262744388
9.279013361,0.389451508251916,-0.00798307030954812,0.0492244481083982
9.289025508,0.38939728473401,-0.00387916044072997,0
9.299021167,0.389373894762375,-0.0012725622570923,-0.0498104157074855
9.309042737,0.389371811563893,0.00083391236767544,0
9.319006418,0.389390560710355,0.00310838909067995,0.0499572259285829
9.329001141,0.389433850049154,0.0060315941056571,-0.0498376260378994
9.339012718,0.389511230591511,0.0102434079577282,0
9.348753619,0.389636182739484,0.0154441766990197,0.0498256542130302
9.359023825,0.389820285663962,0.021558998658458,0
9.369013899,0.390072974088824,0.0290707134912994,0
9.379015703,0.390401463821453,0.0366031910556816,0.0498227217000682
9.389026782,0.390805509468848,0.0435141519727767,0.04971153393756
9.399073348,0.391274255234199,0.0492766098220617,0.0997919751347105
9.40900998,0.391790213719691,0.0533518999679779,0.0499976733583875
9.419016202,0.392338244385883,0.056920388685672,0.0505677298720391
9.428728605,0.392912605519038,0.0589863608331674,0.0498698916681115
9.439009558,0.393517579697165,0.0617075115672808,0.0491518178577261
9.44901405,0.394164369851023,0.0675434390256237,0.099660113884968
9.459019495,0.394869119656831,0.0745053042037696,0.0498647937926752
9.46900945,0.395654133210699,0.0838421531280752,0.0498324749825656
9.479027863,0.39654666431053,0.0956532382085502,0.0497962297419602
9.48903298,0.397569448695565,0.109041337594444,0.0997300098400673
9.499023776,0.398727045410472,0.123340385840173,0.151965600280873
9.508716967,0.399997279247018,0.130313336194803,0.199272141827642
9.519038392,0.40133521679409,0.132663522396121,0.147481380575007
9.52899925,0.402687998352033,0.133880969691274,0.149743208289636
9.539014317,0.40400961300357,0.128936474797423,0.0996767168621791
9.549005256,0.405267502240449,0.12155770660549,0.0499171715369343
9.558989333,0.406437730137938,0.111129527078098,0.149396306945148
9.569027765,0.407492594196536,0.0977652913880166,0.149278303569488
9.57902747,0.408396764440616,0.0825970407905689,0.101330100414653
9.588707631,0.409118092891291,0.0622689730489494,0.0997294121800159
9.599023204,0.409641878262156,0.0423320408742753,-0.0491313059571439
9.609001545,0.409977175688238,0.0253393772786341,0
9.619003543,0.410148167610232,0.0101588291444999,0.0498582857895336
9.628999555,0.410180332055058,-0.00262847222133503,-0.0498644014374784
9.638999698,0.410095608272281,-0.0134664083540545,0
9.649023676,0.409910679064741,-0.0229037910389537,0.0498546230660002
9.658999775,0.40963753068791,-0.0313941074449486,-0.0506816505827295
9.668696802,0.409293058833319,-0.0365934107934749,-0.09956981750592
9.679027559,0.408904645760715,-0.0388494055430534,0
9.689020871,0.408503480834453,-0.039304404601925,-0.0499181286647416
9.699002192,0.408119554703508,-0.0360932998866736,-0.0498916275436363
9.709006114,0.407782147465546,-0.0303603001653308,-0.100092761345786
9.718925339,0.40751468198035,-0.0229145581141102,0
9.729048759,0.407322879111933,-0.0161400968371609,0.0496266625529413
9.739016686,0.407190405694181,-0.0120308295184222,-0.0508208818546449
9.748668574,0.407086836462485,-0.0108365768573592,0
9.759029604,0.406973534170134,-0.013800389702597,0.0490082923225491
9.769014035,0.406806061172006,-0.021469127159025,0
9.779011607,0.406544538006835,-0.03214776701108,-0.0997827973854071
9.788999071,0.40616358689097,-0.044810411728561,-0.0498551371243811
9.79901088,0.405648362349433,-0.0587958316859867,0
9.808998844,0.404987683603904,-0.0734084655332798,-0.0498443252679987
9.819015089,0.404179884062536,-0.0888355667218219,-0.152202225198824
9.828652033,0.403241781421198,-0.102437535346227,-0.103477799930643
9.838286496,0.402205768626802,-0.104620040198422,-0.0979530526129464
9.84901069,0.401111857907472,-0.106244205632235,-0.144305661548118
9.859015129,0.400003471479875,-0.109442764372846,-0.0997089769187507
9.869010821,0.398922988283013,-0.104786184738533,-0.0997162910607365
9.879013793,0.397907887779447,-0.096543206971152,-0.0996420174536193
9.889024093,0.396990842822147,-0.0852953648752087,-0.049863206984036
9.899010427,0.396202267586141,-0.0722195385997812,-0.101644555068269
9.908643076,0.39557396892209,-0.0531948129590643,-0.0996410366402247
9.919023896,0.395137654846024,-0.0322497938632429,0
9.929012369,0.3949170634217,-0.0107657699641056,-0.0498992602774268
9.939006082,0.394922531228168,0.0116274248922311,0.0498461196335102
9.94901526,0.39514964553443,0.032932001542607,0.0498227217001153
9.959018965,0.395581595521996,0.0538292400860597,0
9.968395523,0.396192870364388,0.0683460458798894,0.0997855485356269
9.97900345,0.396947456050692,0.079289190532748,0.0985358074262128
9.988633776,0.397797545062555,0.0868499313541839,0.0497904558630523
9.999029302,0.398686699922201,0.086081726460446,0.146776195996177
10.009013505,0.399551867319671,0.0822627424873387,0.149612289555135
10.019022707,0.400331412249161,0.0714418826130811,0.0498248101512515
10.029024951,0.400981522695721,0.0577733462825096,0.0499038655156654
10.039003049,0.40148574346637,0.0434986664946819,1.4896809396294e-06
10.049030794,0.401851750188323,0.0308363491994376,0.0497695622346186
10.059037308,0.402103526872846,0.0221512644365849,0.051729269039784
10.068306077,0.402278722079146,0.0163543415649212,-0.0499070606030366
10.079016968,0.402430281056837,0.0164104806168194,-0.0481708085318723
10.089005877,0.402618415745818,0.0231940924386749,0.0499334823126633
10.098986056,0.402893445929825,0.0333333452996856,0
10.108998154,0.403284825218386,0.0450654354335295,-1.4904270529991e-06
10.118981884,0.403794566625499,0.0552091656282957,0.0997047195551162
10.128999139,0.40438906291198,0.0603339745031169,0.149496932204223
10.138990916,0.405001791052019,0.0594886437163876,0.101909921263018
10.148567328,0.405553147935576,0.0483864277079101,0
10.158997137,0.405969820618144,0.0322530099696271,0
10.168208179,0.406186624498691,0.00856960090582442,0.0997528990221945
10.178988163,0.406141135732662,-0.0193903812593739,0.0479794144891838
10.18898931,0.4057836704456,-0.0542563438132283,-0.103667583288877
10.19822429,0.405097453812515,-0.0837904881638599,-0.049864147903455
10.208984969,0.404108224416832,-0.106652282295093,-0.144113546148092
10.218980556,0.402883750671691,-0.132025332433637,-0.254773019763984
10.228553178,0.401524725118476,-0.137155828108366,-0.199340968859536
10.238988411,0.400139556750494,-0.137268594304109,-0.101093063310695
10.248279483,0.398816922960312,-0.12583957052775,-0.049790812524974
10.259013521,0.397619605508323,-0.11148405616652,-0.15016645888425
10.268199105,0.396596202702448,-0.0918022374301365,-0.149733598798521
10.278990728,0.395785653208118,-0.0668171167695653,-0.0479765194323019
10.28898149,0.395207583657153,-0.0465667446789614,-0.0498640498283249
10.298987024,0.394854490797761,-0.0264482092171075,-0.050960348813456
10.30854761,0.394690094821826,-0.0102653226726522,0.0498665835200089
10.318982304,0.394649232796631,-0.00205076749636604,0.0975750707888989
10.328984826,0.394648182843537,-0.00194669825579541,0.0498411437145793
10.338987192,0.394610289316054,-0.00804057592850569,-0.0997125378055992
10.348983645,0.394487380820887,-0.0176473508801687,-0.0498439093756163
10.35899097,0.394257275626759,-0.0300309941082395,0.0520173968486337
10.368151588,0.393911748437587,-0.0399439525804624,-0.0498543144982939
10.378990573,0.393458412432899,-0.0482486884431551,-0.0976956153627198
10.388563892,0.392926881541484,-0.0546592239418552,-0.0497957907876464
10.399014878,0.392363899461624,-0.053938325649479,-0.0975100298006264
10.40901474,0.391823797042252,-0.0502155151333583,-0.0498762629834453
10.41900568,0.391360051041265,-0.0402674331493838,-0.0498537082539254
10.429015184,0.391018430500524,-0.0263852977936641,-0.0498428925863912
10.439010464,0.390832218858127,-0.00991285093830685,0.049878018260348
10.44900588,0.390820265710923,0.00783942258736156,-0.0498370381347477
10.459017598,0.390989063236315,0.0266145816768171,0
10.468181303,0.391330611572544,0.0413616136189612,0.0997624941582133
10.479007,0.391815857158313,0.0511509272625296,0.047846981040366
10.489020576,0.392396559709971,0.0599413297008104,0.0997462180150773
10.498999365,0.393014226100277,0.0608403367874655,0.149621382052341
10.509012766,0.39361289128269,0.0571696142547132,0.0498459872819468
10.519002907,0.394157820880145,0.0517296029806918,0
10.529005431,0.394647103905666,0.0473430946910922,0
10.539007102,0.395104881378249,0.0469880893729084,0
10.548515941,0.395563865493257,0.0471677591888611,0.0498160450527858
10.559022069,0.396048942521878,0.0512550521816144,0.101506164261689
10.568161672,0.396570808460808,0.0541600518399923,0.0498957619633046
10.579005656,0.397131254629747,0.0576597268357302,0.049611994062564
10.58825956,0.397729647192863,0.0614735231726589,0
10.59900159,0.398360475141855,0.0614331918183319,0.0960939827442414
10.609011773,0.399004521874747,0.0632900225781784,0.0996934700022917
10.619004533,0.399626461855955,0.0611752956264972,0.0517958731208872
10.62826227,0.400182176719679,0.0500255875091985,0.099694366804987
10.639007595,0.400627126784488,0.0371718990011939,0.0499021941087937
10.648242684,0.400924886650889,0.0215067496978588,0.0498317427623137
10.659016257,0.401057448069911,0.00530403332934467,-0.049795049743386
10.66826609,0.40103109146368,-0.00932463695114588,-0.0498606593930941
10.679013315,0.40087098276397,-0.0203166302470712,0
10.689026215,0.400609315680172,-0.0306764837568739,0
10.698241788,0.400281120824316,-0.0350668625625558,-0.102419233333314
10.708496804,0.399926543211697,-0.0348627156767146,-0.0499877669894719
10.718187998,0.399585741776258,-0.032259189727174,0
10.72823278,0.399289876617462,-0.0262853238595812,-0.0497729509451808
10.738220893,0.399059170643338,-0.0192721335708903,-1.48983829507393e-06
10.74823651,0.398904362060986,-0.0115487071986815,-1.49034707919577e-06
10.758217794,0.398828232288808,-0.00376610629367332,0
10.768185308,0.398829232767287,0.00381648746493339,0
10.778213778,0.398904546711093,0.0110378157125496,0
10.788195835,0.399050105276624,0.017663932455314,0
10.798204973,0.399257669829274,0.0230631352042912,0.0498224184045182
10.808209438,0.399511681708538,0.0267327613704854,0.0499583475451762
10.818164122,0.399791232996649,0.0281684718145568,0
10.828216752,0.400075257169032,0.0276397001991548,0.0498355211502216
10.838171267,0.40034422448629,0.0253515885362935,0.0499183710235133
10.848190691,0.400581628252009,0.0216767030383941,0
10.858205079,0.400778491479741,0.0176119943340603,0
10.868199197,0.400934017946314,0.0137364327928057,0.0499435221931933
10.878169556,0.401052732176295,0.010606344663074,0
10.888151671,0.401145640762439,0.00888656183632443,-0.049915012511338
10.898145436,0.40123024906915,0.00879219356493185,0
10.9081592,0.401321550830163,0.00964901080059846,0.049809736389786
10.918162938,0.401423398162149,0.0105334373964157,0.04985010706569
10.928160491,0.401532233176759,0.0111059508032582,-0.0498549900467698
10.93816227,0.401645509759439,0.0112597998100445,-0.0498573857741725
10.948158862,0.401757410830746,0.00995179196110586,0.049857492976514
10.958160598,0.401844528959265,0.0053457030934889,0.0996785452581599
10.968165099,0.401864358233766,-0.00360296668383571,1.49120211785818e-06
10.978146033,0.401772522102798,-0.0162133106227243,0
10.988156183,0.401540236579189,-0.0304616392790576,0
10.998139028,0.401163502701,-0.0436432954888392,-0.0997212525244812
11.008153852,0.400667472401934,-0.0532146212459873,-0.0998852714425159
11.018103561,0.400101097639052,-0.0574930696058202,-0.100019028876475
11.028091984,0.399521167991048,-0.0563030701652366,-0.0499217175489015
11.038077355,0.398976511714004,-0.0508280021372372,0
11.048127162,0.398502819920844,-0.0424239418231528,-0.049894575230174
11.05806082,0.398128734357419,-0.031259279315467,-0.0999650544477487
11.068075463,0.397879250408016,-0.018172202675348,-0.0498549227404249
11.078060179,0.397765301952294,-0.00540959408709074,0.0498937537988542
11.088059257,0.397771146194156,0.0046976367501256,0.0997497416686492
11.098051539,0.397859214099715,0.0109703485620767,0
11.108052175,0.397990475473389,0.0138708899928849,-0.0498596321335659
11.118049009,0.398136596806221,0.0142523247314655,0.049895858614774
11.128035126,0.398275278980134,0.0126802490734247,0.099848336946257
11.138020927,0.398389845700935,0.0104219140778633,0
11.148053017,0.398483903720156,0.00996502736574553,-0.0997234324847208
11.15801786,0.398589115685511,0.0133543991997629,0
11.168046125,0.398750899665632,0.0210890351295494,0.04984942168038
11.178019426,0.399010929413531,0.0324752220735215,-0.049894894821723
11.188029462,0.399399862972477,0.0457814087862964,0
11.198015522,0.399926378858637,0.0582101596325478,0.149571622578167
11.208028303,0.400563998699553,0.0665611954422185,0.149526054204383
11.218020657,0.40125794455922,0.0692390788727325,0.0498819296826792
11.228016834,0.401947986174012,0.066068100865036,0
11.23801948,0.402579228814366,0.0573510016967484,0.0996596606586981
11.248026862,0.403095581323792,0.0430776760822884,0.14960298118027
11.258014129,0.403440551827367,0.0240117330148617,0
11.267994228,0.403575032385194,0.00255120602367073,0
11.278037736,0.403491636174161,-0.0178951537096999,0
11.288005151,0.403216933842236,-0.0343098329049573,-0.149860345264808
11.297998047,0.40280680123902,-0.0443314643803425,-0.0995575956082944
11.308035693,0.402328950583044,-0.0484123715046375,-0.0498372125027955
11.318005111,0.401838211823935,-0.0484050299632657,-0.0499234898589252
11.328007584,0.401362210600766,-0.0468849350212353,0
11.33800523,0.400900507544203,-0.046559028148529,-0.049861421644667
11.348004934,0.40043115341922,-0.0490056568081977,0
11.35802176,0.399919584344532,-0.0550464914069184,1.49056361711374e-06
11.36799893,0.399330554090216,-0.0641741902557637,-0.149934342268445
11.37797222,0.398639279728802,-0.0748723074344868,-0.0497706453793181
11.388032753,0.397830575535472,-0.0868922938906085,0
11.398024351,0.396896904068817,-0.0991488987808258,-0.149624564168679
11.408024717,0.395848394320406,-0.109170095697095,-0.149841345137783
11.417987193,0.394717558697291,-0.114957302518298,-0.0499402308798794
11.427989913,0.393553249243997,-0.114616969224275,-0.149226315258054
11.438032311,0.392420048024388,-0.10785447242836,-0.199421110212543
11.447989578,0.391396195926678,-0.0932895325644152,-0.149632384328984
11.458023031,0.390555123099962,-0.0726725085357035,-0.0498539724741135
11.467989916,0.389942721192656,-0.0491964632575454,0.0499297023557927
11.477992437,0.389572698951408,-0.0250479880651248,-0.0497546291200453
11.488029589,0.389440767702523,-0.00178607423766429,0
11.497991908,0.389536978411488,0.0204320275297337,0.0499409137616992
11.507994512,0.389848691558888,0.0412293329136677,0
11.518001498,0.390361960459064,0.0605373599864871,0.0498595990347763
11.527992593,0.391059322587424,0.0776417390195708,0.0997222698102523
11.537998963,0.391914598417647,0.091535412158064,0.0995499252002864
11.548024379,0.392892940375196,0.102050887090767,0.0997533181741536
11.557989905,0.393954691782527,0.108380916845511,0.0998771689696356
11.56799083,0.395056922640727,0.109645830270278,0.0995220138261408
11.578027309,0.396151709580568,0.10606675385103,0.0994917381314068
11.588034631,0.397182903547633,0.0967161154620692,0.149577875295715
11.598025314,0.398085838941159,0.0807630900312151,0.149652004249068
11.608022531,0.398797188114868,0.059559262235533,0.0998912472837972
11.617988951,0.399274858432417,0.0359584836788395,0
11.627989493,0.399515169792061,0.0139371397896656,-0.0498266081634187
11.638000273,0.399553759024507,-0.00324096165236314,-0.049846283814772
11.647992916,0.399450339465202,-0.0141399566563277,1.49079110558896e-06
11.657991218,0.399271087928688,-0.0185584243573069,-0.049835580931508
11.668000037,0.399079038823516,-0.0173054053464912,-0.0997382199732472
11.677985485,0.398925079033647,-0.0121992031310594,0.0497888348423207
11.688026541,0.398834731433215,-0.0059258837527666,0.0497589692796279
11.698024009,0.398806333069846,-0.000507743208574541,-1.4921980646557e-06
11.707998637,0.39882459073711,0.00328378961756545,-1.49165568775119e-06
11.718003367,0.398871941078212,0.00530510487626806,1.49065867514062e-06
11.727991358,0.398930654218777,0.00559424694481824,0.0498756069822988
11.737995627,0.398983782717637,0.00461902009091992,0.0498252234640634
11.748002638,0.399023086723142,0.00378560661195625,-0.0498600620780772
11.75799412,0.399059489144967,0.00491221207030886,-0.0498741487200007
11.767994885,0.399121292880168,0.00914155544610575,0.0498760472395568
11.777985606,0.399242242422686,0.0167175029493959,0
11.788010853,0.399455909884243,0.0275167588316478,-0.0498444398860825
11.797989769,0.399792692151586,0.0406355286912937,0.0498795802178249
11.808000923,0.400268216947269,0.0539594569016795,0.0498460368388104
11.817993889,0.400872103602582,0.0648297112200109,0.0498812495745122
11.827990324,0.40156412404156,0.0700455549357743,0.0996870014722666
11.837997831,0.402273290820875,0.0669482280146345,0.149464226307962
11.848003535,0.402903973054893,0.0540482776705634,0.0997123820742959
11.857997279,0.403354226539637,0.0316900010736734,0.0498846749140462
11.867990966,0.403537374764743,0.00219143385297252,0.0498438321322675
11.878001088,0.403398063563868,-0.0306551076558236,-0.0497856785993031
11.888018141,0.402923439559076,-0.0627357419886622,-0.149639473047186
11.897990861,0.402143990322528,-0.0904445092438415,-0.14977393395471
11.907989968,0.401117097467358,-0.111821990712829,-0.049847824182704
11.917993068,0.399907303717138,-0.126646936540863,-0.0996928965598685
11.927993325,0.398583733582775,-0.133983943582929,-0.199385150498325
11.93799634,0.397227186450016,-0.132968555744794,-0.199400975767858
11.94799486,0.395924158361146,-0.123919531222677,-0.0997428055084057
11.957989389,0.394749657190224,-0.10819371395213,-0.0498602996392568
11.96799266,0.393760522108274,-0.0874653603070309,-0.149649025539689
11.977977886,0.393001356098123,-0.062860282038549,-0.0997085287596122
11.987992582,0.392503321370605,-0.0362405652492041,0.0498521084986511
11.997978374,0.392276527107743,-0.00941894106054855,0
12.008010854,0.392314770446503,0.0164019156399966,-0.0498343928042758
12.017985972,0.392604690042298,0.0404070063389249,0.0499078217360474
12.027989015,0.39312202812467,0.0609865832982697,0.0996189120502417
12.038004185,0.393825532456905,0.0769947972515622,0.149315785017908
12.048022122,0.394664473136454,0.0884606861985571,0.0498793444501811
12.057993752,0.395593823270537,0.0960642172939681,0.0500315439304572
12.067951475,0.396578970833574,0.0998201700657486,0.149641441838894
12.077983262,0.397589179558268,0.100676704288141,0.149107438176161
12.088012774,0.398598676300633,0.100347729153473,0.0498440636417244
12.097987576,0.399596567041441,0.0994531943277151,0.0498829254180939
12.108000906,0.400586559876677,0.0989806054537411,0.149504458736383
12.117995202,0.401576933976613,0.0996621516195795,0.0997910994661032
12.127984578,0.402578175625457,0.101433505591561,0.049858421612397
12.137994353,0.403605517971398,0.104816491426257,0.0499361414839957
12.147951409,0.404671028795778,0.108323225155326,0.199392522173787
12.157996736,0.40577224060875,0.111021978619238,0.0995764664039714
12.167978155,0.406894437762003,0.11217216266125,0.0498301214940245
12.178006049,0.408016728521326,0.11042093545684,0.0996100529314196
12.18799755,0.409104998085183,0.104350424974702,0.149643127375174
12.197995533,0.410102639671751,0.0916125922130841,0.199340271442492
12.208005475,0.410937975959238,0.0721526623112817,0.049860975329754
12.217993062,0.411545514628748,0.0473093088860475,0.050013239723454
12.227941526,0.411881136753965,0.0190273363934896,0.0498509968485466
12.237993996,0.41192607912815,-0.00959183041028153,-0.0497319540562252
12.247990336,0.411688831968517,-0.0362578573887232,-0.0996775089978359
12.258000142,0.411200699139584,-0.05932622321001,-0.0498525895644567
12.267990631,0.410502290003081,-0.0783331097497122,-0.0498807929232567
12.277989726,0.409634852862261,-0.092906318620523,-0.0996177177252367
12.288009084,0.408642449230373,-0.102914095600525,-0.0996727162130077
12.297996834,0.407575839436859,-0.107708503025076,-0.149771976673302
12.307981172,0.406491285529608,-0.106577181241484,-0.0997296515822402
12.31799252,0.405444755585989,-0.100286475781781,-0.149474353979328
12.327993027,0.404484367117802,-0.0901556374867568,-0.0997002232964334
12.337994407,0.403641472712566,-0.0778435395692884,0
12.348011051,0.402926093274459,-0.0654242338836845,-0.0997079404805235
12.357994447,0.402332985417923,-0.0539518210776893,-0.0498937196341381
12.367995456,0.401847898231555,-0.044320876222538,-0.0498599755137147
12.377992377,0.401446659637686,-0.0377741930132603,-1.49547518524215e-06
12.387923786,0.401095121647703,-0.0343684643232735,0.0497867997682524
12.398019101,0.40075837188838,-0.0337496778820879,-0.0496897883431962
12.407989609,0.400417906585014,-0.0339438300010808,-0.0998462698116415
12.417991134,0.400080444595452,-0.0324411609868573,-0.049848357501323
12.427991602,0.399769018710043,-0.0285529570863156,-0.0497930480341741
12.438016542,0.399508659980192,-0.0225101761095532,0
12.44800787,0.399318448992307,-0.0148977389516547,0
12.457958009,0.399211577210513,-0.00594113773249744,0
12.467915249,0.399200176511775,0.0045078267651883,0.0498103517957203
12.477975862,0.399301814224048,0.0171613431996072,-0.0496888809225747
12.487982638,0.399544559861524,0.032904808706376,-0.049855759772895
12.497975483,0.399959897927253,0.050895397905129,0.0498542162307385
12.507983476,0.40056251046997,0.0687712501442851,0.0996657172975051
12.517984295,0.401335928942395,0.0837042085649671,0.149601559585098
12.527978315,0.402236162643849,0.0935559693252229,0.0997418965160205
12.537977825,0.403206443021778,0.0979368626002743,0.0500507701734086
12.547899417,0.404187172873269,0.095291809877793,0.149295074750034
12.558013711,0.405115698861223,0.0866999433406302,0.0993065447473686
12.567980597,0.405928210041482,0.0726298070885951,0.0499246622400226
12.577985133,0.406566219388368,0.0525326596165469,0.0995895138469787
12.58800442,0.406980114719363,0.028409724065917,0.0498456533751603
12.597988809,0.407134518303832,0.00186099185405156,0
12.60799878,0.40701732406045,-0.0245105578602643,-0.049794757549169
12.618012931,0.40664371590295,-0.0486008338631171,-0.100254703476085
12.627889745,0.406050606575108,-0.0679666216732635,-0.0499114242835907
12.63798965,0.405285965800404,-0.0820361553966572,-0.0992151121291132
12.647989431,0.404401705610988,-0.0920238198762214,-0.149796127554805
12.657958518,0.40344835428844,-0.0968839526689013,-0.0997374228037341
12.667983559,0.40246459546018,-0.0995420824468029,-0.0501642759161594
12.677835139,0.401469794042094,-0.099691825591306,-0.0498489378164794
12.687985917,0.400470523875029,-0.0990138030930022,-0.148308796012798
12.698004468,0.39947275207197,-0.0996325316187653,-0.100031656924103
12.707921532,0.398484288083202,-0.0981147880278059,-0.0996693485859374
12.718012252,0.397509692585904,-0.0966238341506618,-0.149028471740182
12.727993261,0.396544880669189,-0.0967767800451691,0
12.738015668,0.39557382639552,-0.0982618997534779,-0.0497995861566789
12.748014843,0.394577521985799,-0.100995015743157,-0.0996708380851943
12.758023153,0.393553170132964,-0.102502655714578,-0.0996681232226348
12.768023172,0.392526615126888,-0.100228228321154,-0.199599695051009
12.778004924,0.391550432626915,-0.0925859907238759,-0.150521483233954
12.787895811,0.390686687156775,-0.078204896962713,-0.0498127481404438
12.798021814,0.389985013806951,-0.0602952523832053,-0.0495679572036809
12.808010953,0.389473839593161,-0.0410097246822894,0
12.818007063,0.389165424247754,-0.0202691775827976,0.049861873708345
12.828007524,0.389068525544515,0.00162995067603405,-0.149561481722055
12.83800726,0.389198023582375,0.0247554464398426,0
12.848005925,0.389563594889353,0.0477265995409999,0.14965677473472
12.857994722,0.39015195717709,0.0687011737595267,0.0501347246944298
12.867894262,0.390929946985378,0.0851803446132615,0.0996553826050312
12.878005609,0.391856491427767,0.0973013251117959,0.0991368785045521
12.888009509,0.392887187173429,0.105979636078866,0.0997350633767161
12.89800021,0.393975511965289,0.109391860313194,0.0998288056407253
12.907985633,0.395072412539636,0.107542373564995,0.149578929932362
12.917998074,0.396126129726079,0.100809555263257,0.149520222023197
12.927991349,0.397089179872319,0.0902151095030945,0.099626740564403
12.938014714,0.397931933095563,0.0787305651400369,0.0502308835854772
12.947841613,0.398652002375218,0.0669979524001878,0
12.957994102,0.399270511181772,0.0577744301925544,0.0494101336851097
12.968021609,0.399817890145406,0.0524863872052707,0.049814795636416
12.978009571,0.400321050837801,0.0489839870332122,-1.49259505177781e-06
12.987988393,0.400795942833957,0.0460885916623632,0.0997875208692465
12.997993661,0.401242089401555,0.042500434393205,0.0997001539140693
13.007989995,0.401646019607517,0.0375378930095235,1.48872716746866e-06
13.018012321,0.401993547718829,0.0316131418946624,1.50070089345774e-06
13.027848931,0.402273822969162,0.0244215419652711,0.0507722802650967
13.037650917,0.402473152515182,0.0149062235542738,0.0495073231053719
13.047989311,0.40257403997591,0.0043910736272118,0
13.057995039,0.402562485052765,-0.00711025358254371,-0.0498037785841491
13.068009806,0.402431689179612,-0.0196080673835347,0
13.077619447,0.402177688338339,-0.0316008471147969,0.0498552063696186
13.088009649,0.401799677198649,-0.0424181332511806,-0.0488934992250105
13.098013285,0.401312619800552,-0.0524801896000236,-0.100375849620397
13.107876904,0.400757039889417,-0.0560458220242915,-0.0998037538425578
13.117993826,0.400192793955717,-0.0533593532245826,-0.0990533028280067
13.128009424,0.399682781643436,-0.0457530306763723,-0.0498131519888263
13.138011152,0.39927694062518,-0.0340750269521781,-0.0498901163564087
13.147994675,0.399001783676965,-0.0210580013716997,0
13.157992205,0.398856179583698,-0.00922395211926865,0.0997428903193339
13.167987707,0.398817368907078,0.000175241347664452,0
13.177629793,0.398859620901084,0.00774579035592019,1.50083080616572e-06
13.187844924,0.398971178747012,0.0144998337965987,-0.0488964219132554
13.198021193,0.399155292811964,0.0220387365039352,-0.0494261811944815
13.208018971,0.399415789253063,0.0292208167117277,0.0997047195550634
13.218022178,0.399739737928703,0.0340367507471774,0.0996015672921105
13.22804067,0.400097262831461,0.0359828086749655,0.0498796788184563
13.238011611,0.400459013871863,0.0356736055815858,0
13.24801474,0.4008098099265,0.0343983856449279,0
13.25801051,0.401146943712139,0.0333477896028449,0.0502720149172476
13.267848763,0.401471230752482,0.0322966238103899,0
13.277643208,0.401781013573828,0.0295030677126179,-1.47651742443689e-06
13.288032963,0.402066726571807,0.0257828025240534,0.0979010404564781
13.298012681,0.402306195673706,0.0202311880344808,0.0498905400109537
13.308019239,0.402471072679672,0.0116962427232692,0
13.318019193,0.402540196694104,0.0016160685555967,-0.0498826445336357
13.328008081,0.402503376018691,-0.00932042184365983,0
13.338009753,0.402353876242013,-0.0210962164588704,0.0502845847812303
13.347837146,0.402085057771274,-0.0327661060980774,-0.0498843315652353
13.357997919,0.401698941874151,-0.0432843755841518,-0.0988578411954049
13.368009472,0.401211911236284,-0.0530339776529897,-0.0502892791758361
13.377825133,0.400647425849954,-0.059177393082002,-0.0498234432800457
13.388021467,0.400027653541814,-0.0631482289076351,-0.0494131626293767
13.398003892,0.39937317295755,-0.0660811472522464,-0.0499076675985066
13.408000884,0.398707390745023,-0.0657341957631369,-0.0998078829041305
13.417983905,0.398059802871658,-0.0627475024432141,-0.0503419844649039
13.427806748,0.397464622245293,-0.0550466223733943,-0.0498405557397682
13.437989029,0.396958588365297,-0.0438726825149366,-0.0988034932951888
13.44799017,0.396579121379822,-0.0300950342156397,-0.0498350928151469
13.457997542,0.396356431481958,-0.0137960903102008,0
13.467989173,0.39630321332832,0.00285066309217785,0.049951315953541
13.477958904,0.396413334599881,0.0184101732061832,0.0498407250332831
13.487994827,0.396671520883563,0.0324920487003044,0
13.497989292,0.397064162942263,0.0459527163428063,0.0503401722944867
13.507801996,0.397581714102174,0.0575848294964044,0.0498637480967726
13.517985709,0.398215653205747,0.0680377987580004,0.0493834928086903
13.527992275,0.398955416241644,0.0783720089929484,0.0498494391263191
13.537987268,0.399783215567568,0.0856224184372086,0.0997442312863851
13.547985337,0.400667270562049,0.0889164158171118,0.149548211560436
13.557989439,0.401561736921449,0.0874469967372762,0.099659924625091
13.567995312,0.402417082780587,0.0816295846841791,0.0998135180180465
13.577968324,0.403192605006452,0.0729374939391392,0
13.587783752,0.403860402003152,0.0601493330219503,0.0497807238658852
13.597998091,0.404397382132087,0.0453318011614748,0.0986779665946406
13.607992547,0.404776503079805,0.0285554723026192,0
13.617990019,0.404968261078367,0.00847633037651048,0.0498537755550294
13.627992964,0.404946033221965,-0.0137227905282473,0.0498647779888944
13.637986023,0.404693860104073,-0.036305383132152,-0.04986371069224
13.647989396,0.404220055096929,-0.0564533180360157,-0.0996923632951746
13.657989487,0.403564598189059,-0.072153138350034,-0.100783678113302
13.667775961,0.402792392335012,-0.0809404996935587,-0.1526349235324
13.677586962,0.401978368769827,-0.0790460216843533,-0.049250657194449
13.688021301,0.401192078750365,-0.0729304990301408,-0.0976517081498294
13.698008444,0.400489019896632,-0.0644599958986389,-0.149648898264912
13.708009815,0.399903619219905,-0.0525489801425839,0.0499171716256156
13.717984057,0.399439321805759,-0.0416084129253915,-1.49106543672623e-06
13.727997082,0.399071980761319,-0.0336071437536358,-0.0497944007234188
13.738008921,0.398766343322664,-0.0297005563455723,-0.0503590302720935
13.747796242,0.398483934694144,-0.0293017154483004,0
13.757981738,0.398181105522229,-0.0332848148598322,0
13.768007091,0.397811220327019,-0.0427339666144023,0
13.777777308,0.397335162294736,-0.0537867586351268,-0.0498011581769577
13.788028041,0.396734358321723,-0.0650759388945519,-0.0985013165413319
13.798022345,0.396017697504006,-0.0757114707181819,-0.0498673208135683
13.808023623,0.395220463400637,-0.0809277536678263,-0.149633888847655
13.818012864,0.394399909706682,-0.080824942726111,-0.151409744985155
13.827779677,0.393623681467593,-0.0724538522951278,-0.0498782752530176
13.838003457,0.392951514234168,-0.0591261136936694,0
13.848006767,0.392427732244561,-0.0431884544169946,-0.0996543664002877
13.858014249,0.392087279056028,-0.0237058097753687,-0.0996933254682349
13.868009739,0.391953545595387,-0.00328950210507092,0
13.877954691,0.392021684930093,0.0147812418969303,0.0997163964140187
13.888008083,0.392249145955589,0.0272763482630586,0.0994377933956026
13.898009066,0.392568695046791,0.0334613518401646,0
13.907771992,0.392910473068375,0.0322200421347472,0.0498626783506271
13.918005912,0.393212994267473,0.02546420433618,0.0492845800934276
13.928003397,0.393425649699303,0.0149742778962483,0
13.938011083,0.393512557257389,0.00145253434637674,0
13.948026572,0.393454734048714,-0.0131429904815686,1.48897127989878e-06
13.958026461,0.39324949533485,-0.0271089437713117,1.49081847449925e-06
13.96801715,0.392912810593756,-0.0382842810924725,-0.0499128114162042
13.978003819,0.392484676545693,-0.0448748644829239,-0.15151009984347
13.987760315,0.392026838739917,-0.0440286410792524,-0.099681769084388
13.99800911,0.391603870768568,-0.0377196679661715,0.0492318037608363
14.008013408,0.391262898796669,-0.0284692904854405,0
14.018004477,0.391034616857082,-0.0158225999087766,-0.0498241706501434
14.028025709,0.390946252164692,-0.000472872277984798,0
14.038024706,0.391025149845789,0.0174169039139687,0
14.048009217,0.391294303003392,0.0370846726952402,0
14.058009307,0.391766272232819,0.0577624506333448,0.0505040956601094
14.067752097,0.392434700134752,0.0753588174417058,0.149852792681617
14.077970624,0.393270533476518,0.0887511799881455,0.147610146469925
14.088016687,0.394233206409228,0.100570193881292,0.0497100791398735
14.098028856,0.395287793757674,0.108744612353478,0.0498767644755661
14.108007288,0.396407076565686,0.113771903495401,0.149784298649993
14.117999301,0.397559869298974,0.115132375174222,0.199459760329374
14.128003227,0.398709256516595,0.113169942147841,0.0995464385584481
14.138032088,0.399826978644824,0.111099689538663,0.0504994962442954
14.147747315,0.400902818563619,0.105641620834411,0.149547968082371
14.158033893,0.401940001744638,0.101215950186896,0.0984985870966595
14.167992913,0.402951996002291,0.101447700898895,1.49624371680939e-06
14.177951987,0.403960646587226,0.101504953699648,0.0996764079119456
14.18799928,0.404982741358324,0.102582029900724,0.198737828593547
14.198020263,0.406019291075914,0.104020309852071,0.0996477935742499
14.208011691,0.407064438551431,0.105010776295198,0.0499284219823563
14.217990778,0.408116410359079,0.106906450384093,0.0506081762030717
14.227713379,0.409170676082086,0.104272244424236,0.0996550885099829
14.238001425,0.41020296543415,0.0979453032575559,0.147275242826873
14.248024253,0.411160030795442,0.0881067030339273,0.149423035172515
14.258020153,0.411966749557163,0.0694341131907722,0.149794274373928
14.267993567,0.41254658240406,0.0440822301143985,0.0500168115715701
14.277955972,0.41284556491784,0.0149227446353151,-0.0498569657271917
14.287993302,0.412845033342239,-0.0145009348323494,-0.0497718746029193
14.297989899,0.412555054247977,-0.0427757001363347,0
14.30770531,0.412001838398946,-0.0665119992992425,-0.0996379250505659
14.318003993,0.411223876841874,-0.0852861992316742,-0.0982540100241895
14.328001304,0.410270870211057,-0.101318264135351,-0.0997803109953417
14.337989527,0.409198977229176,-0.110225486107289,-0.0997797118837366
14.347986958,0.408067941783735,-0.112903161799635,-0.149528981917954
14.357994071,0.406940400961216,-0.10958332245337,-0.149547334683543
14.367989047,0.405876046415107,-0.101016603068098,-0.0499327900511944
14.377962839,0.404923223850401,-0.0891855202980554,-0.101174833838668
14.387699409,0.404118167524874,-0.0715642823425563,-0.0993999296517301
14.398025153,0.40348747874686,-0.0527787758891533,-0.0490335689221706
14.408034382,0.403044912542195,-0.034940867937938,0
14.418017715,0.402788921278277,-0.0168642967063376,0
14.428018148,0.402707900383061,-3.95214926732375e-05,0
14.438020485,0.402788130738949,0.0154670235206948,0
14.448020535,0.40301727777326,0.0297910220377614,0.0498571034473487
14.458019567,0.403383923831546,0.0437954068003233,0.0506992567569155
14.467687417,0.403878596870944,0.0556817039180244,0
14.477960129,0.404494248300789,0.066020827385745,0.0491076373925574
14.487991719,0.405219103688474,0.0765468475483373,0.0995739107721116
14.497987389,0.40602727191882,0.0829120444938308,0.0996871507668081
14.50799593,0.40687769372097,0.0846035197226612,0.0996694033827781
14.517995162,0.407719999936432,0.0811904499493865,0.0997187692376984
14.527994097,0.408501353897863,0.07258850232986,0.0995780809648048
14.538021284,0.409173666139887,0.0609270548411734,0.0506528857570627
14.547678395,0.409700660201619,0.0444584824102733,0.0499256368542997
14.55799351,0.410061600998202,0.0270674641540697,0
14.567994843,0.410250574929597,0.010529205821672,-1.49028316069813e-06
14.577991268,0.410272161508156,-0.00570656945016217,0
14.58802016,0.410136299067375,-0.0207112854590135,0
14.598025482,0.409857227183055,-0.034010260005164,-0.0498560794384856
14.608019055,0.409456131448609,-0.0447775177007032,-0.0498677083022825
14.618020311,0.408961908373585,-0.0532787075338765,-0.0507421635165297
14.627669307,0.408409191419334,-0.0564200163173939,-0.0998408683467345
14.637993723,0.407835008142631,-0.0558967965814698,-0.0490432594103421
14.648000262,0.407272756163392,-0.0544403443261339,-0.0995639911500098
14.658022679,0.406744624881498,-0.0509632298213321,-0.0498667190909005
14.66799489,0.406253765341436,-0.0482820800790182,0
14.677992441,0.405780443233455,-0.0481490228093173,0
14.688020125,0.405289569844659,-0.0518105440347518,-0.0995722601224338
14.698020033,0.404742802796229,-0.0604901075066234,-0.0507661279218009
14.707661101,0.404101485094884,-0.0708908082322724,0
14.717993701,0.403326853328346,-0.0841076119126045,-0.0490420991475911
14.727992537,0.40239145656617,-0.10141102599882,-0.0995621220881466
14.738023033,0.401295658220155,-0.115778698662803,-0.199136877386558
14.748020748,0.400072616360046,-0.126084191388631,-0.199434422683194
14.758021363,0.398774184952982,-0.131330830096624,-0.0998260744206672
14.76799712,0.397449102842967,-0.132244902352607,-0.0998941194670863
14.777984426,0.396134171635888,-0.131642937086525,-0.101458206397807
14.787652431,0.394861619973578,-0.123104880368746,-0.0996694033827753
14.797992199,0.393671117134278,-0.110466181382841,-0.19610476645918
14.80799016,0.392614988712949,-0.096147614476527,-0.149511829332607
14.817999038,0.391747507291212,-0.0755822511915947,-0.099741811708097
14.827983707,0.391103831421384,-0.0531975504839699,-0.0498859363476428
14.837986561,0.39068422002737,-0.0325539703889442,0.0498249598902845
14.847995691,0.390452361886824,-0.0165650283670815,0.0996754861747542
14.857993412,0.390352805973019,-0.00566178102281208,0
14.867638678,0.390341147595796,0.00242327036289231,-0.0996859197165524
14.877998169,0.390401282907774,0.0094686706027955,-0.0490095352985729
14.887983623,0.390533787178433,0.0166217523386306,0.0498637281476559
14.897994594,0.390733658531782,0.0225567969911479,0.0996613490719926
14.907993312,0.390985141671062,0.0270170904728927,0
14.917992131,0.391273933798146,0.0303765657680626,-0.0498818260150863
14.927982482,0.391592344008216,0.0326944822943902,0.0498453418990735
14.937995932,0.391927947715761,0.0337764465083573,0.10147380955105
14.947634477,0.392256118566116,0.0310764558258151,0.0498524624425009
14.957996278,0.392549487584731,0.0261079440493103,-0.0489647854116261
14.967997407,0.392787752803236,0.0202313797592361,0.0498894416895706
14.977982994,0.392953846426267,0.0120853696300837,0.0497934905421898
14.98802144,0.393029750643526,0.00255944707049718,0.0497604643995077
14.998020317,0.39300513089392,-0.00701829512078612,-0.0498611954798084
15.008018283,0.392889406897868,-0.0147532706309585,-0.0997091364523196
15.018020416,0.392710064020727,-0.0197705282982547,0.101723936893689
15.027622249,0.392501826133307,-0.0201208406620727,-0.0499147799671971
15.037995792,0.392308142663066,-0.0154925239527264,-0.0978645168774283
15.047999324,0.392186133810783,-0.00573427121685752,-0.0497930467318324
15.058020602,0.39219331497146,0.00902239986899889,0
15.067989891,0.392366496699865,0.0260284420237261,0.099815871166148
15.077999016,0.392713321961985,0.04260594811215,0.049766283659979
15.088024871,0.393220106018173,0.0572966397441441,0
15.098023032,0.393860630792968,0.0701180210658079,0.101786138488
15.107616857,0.394593857305242,0.0778484238220726,0.103431675751906
15.117303321,0.395361570902452,0.0735317779280846,0.0489183004944503
15.127999137,0.39609260259187,0.0650105037458719,0.144384259687523
15.13802067,0.396708416197221,0.0520762338897113,0.0996008111463283
15.148020988,0.397135265187451,0.0306218276331897,0
15.158020315,0.397320841879136,0.00539484938439351,0.0498653948089174
15.168016147,0.397243136058673,-0.0203804458989921,-0.0498763740689914
15.17801167,0.396913409150111,-0.0443577285181242,-0.101785584723263
15.187607654,0.396374101309906,-0.0613925861809963,-0.0997686795310953
15.197999534,0.395686302486917,-0.0716912323353044,-0.0978341781672898
15.207991048,0.39491279067487,-0.0787884668006371,0
15.218013536,0.394109429954792,-0.0790357821722488,-0.0995816725424168
15.228016747,0.393330043890859,-0.0739196105865235,-0.149461754348786
15.238027078,0.392630036723695,-0.0637762236322363,-0.0996785602836352
15.248022682,0.392054140906327,-0.0504568695172714,0
15.258020789,0.391621216656602,-0.0372297365545097,0
15.267621685,0.391324475187906,-0.0238857952397024,0
15.278004541,0.391143888848209,-0.0130512811178208,0
15.288008201,0.391058405036577,-0.00451230961175592,0
15.298023826,0.391053555636083,0.00333483110580446,0
15.308022311,0.39112514871316,0.0111750857067426,-0.0498533867067694
15.318024399,0.391277063753542,0.0194186411761943,0.0498754010780944
15.328014056,0.391513361235801,0.0279017216444962,0.0498962863046649
15.338007776,0.391834634376113,0.0372540364864554,0.0508751860712142
15.347612343,0.392243476534771,0.0457250342203102,0
15.358004965,0.392749006527448,0.054734280939623,0
15.368017414,0.393360333423478,0.0662162625833669,0.0996811362765328
15.378010383,0.394073690538826,0.0753632221001375,0.0996817290965785
15.388023012,0.394868019748798,0.0818422269486216,0.0996356898045556
15.398024926,0.395711725309305,0.0852791298071891,0.0998399511006748
15.407996906,0.396571376047979,0.0853233687881477,0.0996929513817795
15.418028272,0.39741847817706,0.0848455445854343,0.0509109983350089
15.427581407,0.398233033700758,0.0792065361125335,0.0499375190283897
15.437995149,0.398999985341215,0.0718559758976706,0.0975548339621961
15.448023168,0.39970189638648,0.0659206282746419,0.0996976965626893
15.457997244,0.400318536010424,0.0568290521795707,0.0998757043912898
15.467989315,0.400836553596168,0.0470657682978775,0
15.477998908,0.40125992969382,0.0386172450360215,1.48968674771097e-06
15.48799508,0.401609121125306,0.0324589280135775,0
15.49798815,0.401908759060944,0.0289409920906801,0.0509286402939823
15.507573382,0.402175736608637,0.0255220152880822,0.0996804934042785
15.517993996,0.402419348568407,0.0233670636316293,0
15.527989786,0.402652808020034,0.0240737180455721,0
15.537986922,0.402900652631837,0.0268938158384127,-0.0497861887434803
15.548017953,0.403191441854913,0.0320612568802055,0.0498160823869572
15.558001874,0.403542357149354,0.0380860983951319,0.0998301949389815
15.567993799,0.403952243891195,0.0432706621651426,0
15.577995909,0.404407512283157,0.047707569456547,0.050945616744054
15.587564992,0.40488593794059,0.0474347918698111,0.0996951343399634
15.597998817,0.405356346060928,0.0456257018379987,0.0506025074075117
15.607270065,0.405784995725984,0.0393114612577245,0
15.6179927,0.406142334817874,0.0297047627735937,0.0480483223918509
15.628021393,0.406401409001461,0.0197131975496846,0.0498561218185868
15.637991578,0.40653657665066,0.00655533320746358,0.0504081905269138
15.647801244,0.40653107251556,-0.00776865524831685,-0.0517323337847968
15.657265143,0.406386846968769,-0.0206957793489731,-0.100952514861406
15.667554422,0.406122265102231,-0.0314476127442329,0
15.677273439,0.405757633824489,-0.0398491366693342,0
15.687989028,0.405307963694953,-0.0467166655664478,-0.0481278278737945
15.697991725,0.404789744586317,-0.05393172967029,-0.0498224507671053
15.708002618,0.404228596169341,-0.0565248602443256,-0.0997325353598014
15.717986534,0.40365954080198,-0.0555322729098313,-0.0997910812535869
15.727985995,0.403118873824117,-0.0514061435310554,-0.049853545728643
15.737987641,0.402631361024758,-0.0468983255479735,-0.0509737916812331
15.747546955,0.402201497554006,-0.0408888793658308,0
15.758002426,0.40181297889536,-0.0374188967190846,0
15.7679987,0.401436215820126,-0.040190919740888,0
15.777187538,0.401041911598748,-0.0427128311892917,-0.0518064729560425
15.787244683,0.400614165397175,-0.0426661836771691,-0.0958329800166559
15.79799627,0.400154082417147,-0.0472384345055554,-0.0997194075004589
15.807242722,0.399669489341634,-0.0496711472410797,1.49038822028555e-06
15.817992619,0.399160840821684,-0.0516755557980198,0
15.827539248,0.398620655079815,-0.0579478585026369,-0.0518511511266775
15.837223168,0.398046471689304,-0.0593691479354456,-0.0506731995227626
15.847215655,0.397452483561794,-0.0586853874541243,-0.0996658566567147
15.857231653,0.396872265994709,-0.0529670486419392,-0.0959804534638863
15.867992725,0.396351983484467,-0.0471438109667652,-0.100342833403333
15.877105148,0.39593535370318,-0.036716885447598,-0.0518756882202308
15.887213029,0.395646273784231,-0.0226404241907511,0.0495878045114542
15.897212239,0.395480120633698,-0.0117966552475344,0
15.907208799,0.395410390579132,-0.00396346316632016,0
15.917223912,0.395400805104866,4.49765419385301e-05,0
15.927222559,0.395411290728848,-8.23899133022058e-05,0
15.937209973,0.395399158455033,-0.0045876755308295,0
15.947222795,0.39531953613554,-0.013500702867689,0.0498714211501493
15.957203911,0.39512922623894,-0.0260880489046708,0
15.967207267,0.39479818025267,-0.040682963097928,-0.100275166912615
15.977091114,0.39432015589317,-0.0543560329141731,-0.0498582602120767
15.987205885,0.393711134714424,-0.0654813137864936,-0.0989700319125728
15.997240573,0.393000742845763,-0.0740721575483781,-0.0497354003101083
16.007253905,0.392226134618451,-0.0786536522378336,-0.0998409683206515
16.017213965,0.391429762617385,-0.0786239903147187,-0.0999282218121196
16.027209857,0.390657118041682,-0.0740596540423455,-0.0499974778094337
16.037156897,0.389952795972875,-0.0648687724619862,-0.0498876385780493
16.047196698,0.389360596200619,-0.0512397691378759,-0.0995024335403718
16.057198244,0.388925881979383,-0.0336199655691103,-0.0997517501890121
16.067188253,0.388688480809846,-0.0128988484816117,0.050150280398239
16.077080412,0.388669424906865,0.0090745635843583,0.0498321938154295
16.08719793,0.388870059896085,0.0306141390231075,0.0495719199719927
16.097193946,0.389285183432987,0.0522614787767563,0.0498666318007887
16.107192593,0.389915010552108,0.0742487598068221,0
16.117138063,0.390766009385679,0.0963857432719577,0.0499746968076919
16.127144616,0.391838101118742,0.116811073855373,0.149185180728742
16.137188708,0.393108146759622,0.134393383484144,0.149620214558747
16.147136962,0.394524940141468,0.145840430552787,0.199981848710463
16.157132295,0.396016728074469,0.149187234240605,0.199617257415169
16.167116975,0.397505703021029,0.146025661583032,0.100227367775163
16.177028685,0.398922111587333,0.135081126886224,0.14950408019586
16.187124851,0.400208389457709,0.119168569560149,0.148752072761439
16.19713791,0.401318499165546,0.100570965362817,0.0995902462048587
16.207148826,0.40222221995386,0.0796282937849736,0.0997012754635864
16.217139287,0.402911174689406,0.0591708151430122,0.04997672492049
16.227099443,0.403402714224356,0.0414419061947484,0
16.237125323,0.403739434118523,0.0288798432888288,0
16.247128889,0.403981161485998,0.0225543464008736,-0.0498714681302615
16.257118047,0.404190356941116,0.0217675971461435,0.0498811023471811
16.267118349,0.404416283998447,0.0249662876820612,0.0500037737444001
16.277057872,0.404688180348396,0.0300467552923998,-1.48796849059495e-06
16.287147216,0.40501808646398,0.0356476405817375,0.049779817522556
16.297087405,0.4054021859418,0.0400493992191033,0
16.30711216,0.405817670476623,0.0408488357327219,0.0995702018588859
16.317115411,0.406220306668948,0.0366641614394543,0.0996890392414942
16.327116291,0.406551105165063,0.0265785076883987,0
16.337091418,0.406751239124581,0.0110710317207292,0.0498885970697521
16.347102748,0.406772375864495,-0.00845659238224404,0
16.357095002,0.406582076968509,-0.0302017402237987,-0.0498733130180479
16.36709533,0.406168565096528,-0.0520665471300213,0
16.377040709,0.405543572874952,-0.0710952685469882,-0.0996736328847118
16.387102254,0.404746167461949,-0.0849682903663603,-0.198872889453282
16.397095356,0.403839563805461,-0.0926329049569575,-0.0498807305397919
16.407091863,0.402894471911325,-0.0931661728760335,-0.0997311619703826
16.417091038,0.401976642639475,-0.0873748743052792,-0.0996508406630251
16.427103363,0.401145969614165,-0.0761557571724619,-0.049970650981588
16.43704408,0.400457103618071,-0.0595042557094899,-0.149667161591794
16.447089637,0.399956701255389,-0.0390786722115955,0
16.457052878,0.399675186359681,-0.0168113505189221,0
16.467043159,0.39962125560296,0.0055131331440582,0
16.477056752,0.39978547038044,0.0261967383562003,0.0498674355340096
16.487038695,0.400145073427844,0.0442933311746835,0.099822373858267
16.497033566,0.400670310018757,0.0595567796254834,0.0498823913595917
16.507027041,0.401335514945644,0.0727730337519241,0.049848306961543
16.517036775,0.402126004222461,0.0849158971028214,0.0498436624867683
16.527031516,0.40303421288634,0.0962389332310841,0.099712282941763
16.537035944,0.404050702912529,0.106470928521722,0.19948371922648
16.547024904,0.405162927470995,0.115664034799983,0.049840817212739
16.557041561,0.406364633293412,0.12475103861207,0.0996723276290798
16.56703209,0.4076588447042,0.134310652136767,0.149629248141027
16.5770327,0.409049656209459,0.143842965878265,0.099722734318521
16.587029163,0.410535282993404,0.152572289412076,0.0997486278644518
16.597024582,0.412099863415855,0.158331880363723,0.199427472055457
16.60702819,0.413701766543759,0.158633853122323,0.249144168302451
16.617034771,0.415274156798631,0.15204606659451,0.149599584360887
16.627023293,0.416741943306061,0.138258383397242,0.149656969410826
16.637022207,0.418037587388247,0.118319488306379,0.149552735039613
16.647024859,0.419108518360507,0.0944455746820567,0.0998596141600513
16.656992168,0.41992366183127,0.0684552106248089,-1.49179586209648e-06
16.667002339,0.42047608096166,0.0424539067904417,0
16.676998056,0.420772989935682,0.0173756474482259,0.0997236469234398
16.686999229,0.420823539872361,-0.00656436107471188,0
16.696998119,0.420641702300633,-0.0284876078213515,-0.0997269043145303
16.706995167,0.420253903432597,-0.0475390824599427,-0.0997008168714003
16.716999588,0.419690850816522,-0.064073742910969,-1.49030119536432e-06
16.726992683,0.418972587733555,-0.0793119385339345,-0.0997765816425695
16.736985869,0.418105700126328,-0.0943783958794358,-0.149519502138258
16.746998296,0.41708449007003,-0.110926226199134,-0.0498277737391611
16.756997321,0.415885905275203,-0.130593617821144,-0.0498719998407566
16.766992002,0.414473439669838,-0.153443906420285,-0.14950354966719
16.777005268,0.412815807728073,-0.178637162214166,-0.199468101605516
16.786986806,0.410901624624249,-0.203727153482758,-0.149648800937318
16.796993795,0.40874360202005,-0.225910651905946,-0.249225281956666
16.806990602,0.406382554029296,-0.242789264694284,-0.299146191917044
16.816992439,0.403888145948407,-0.251794323437195,-0.299163604419447
16.826988082,0.401347302082247,-0.251995362018866,-0.2492437100314
16.836994756,0.398847654834776,-0.243965267364009,-0.249262078518568
16.846988925,0.396467791072246,-0.228756644978146,-0.249323415317749
16.856990559,0.394273482026852,-0.20766772875176,-0.199412690364349
16.866989285,0.392314361736829,-0.182649652717965,-0.19944472486347
16.876987856,0.390620982674504,-0.155498263761257,-0.149486791382434
16.886999475,0.389202811934296,-0.128570041763389,-0.0996666338266687
16.896996484,0.388048472536916,-0.103669990140042,-0.0997537610764545
16.906990627,0.387130329403568,-0.0819020859106057,-0.0498798085745082
16.916985865,0.386411300536954,-0.0638913744579303,-0.049848457188253
16.92699258,0.385852377134555,-0.0495612183454871,-0.0498343205719549
16.936993492,0.385419698166632,-0.0382256515660781,-0.0498394843808536
16.946998732,0.385087628939025,-0.0291453690150741,-0.0498426957547766
16.956998355,0.384836649052401,-0.0219145948992401,0
16.966987016,0.384649593792434,-0.0161089064526718,0.0498662917332958
16.976993752,0.384514545072644,-0.0107235235203211,-0.0498256744605957
16.986998713,0.384434997888973,-0.00421536796706516,-0.0996713063952398
16.997001442,0.384430205297123,0.00427996476201179,0.0498556431775536
17.006997783,0.384520593203846,0.0145112251921366,0.0499099827025107
17.016978738,0.384720100338109,0.0261000089152607,0
17.02698373,0.385042226598726,0.0390458107808993,1.4887262750653e-06
17.03699741,0.385501745617106,0.0532128807338009,0.0498533388487426
17.04698492,0.38610654753673,0.0676879943271588,0.149721307643701
17.056976257,0.386854073699505,0.0816778440166849,0.0498704504027696
17.066978052,0.387739543453631,0.0952064707462964,0
17.076979817,0.388758542049467,0.107626888444719,0.0997271819965842
17.086974532,0.389891702375878,0.11659082149307,0.199293560197535
17.096992282,0.391091811783918,0.120026194551143,0.149593217610554
17.106970486,0.392291740640918,0.116425078427094,0.0997204154794871
17.11698982,0.393420026713917,0.105695732757723,0.149318997524497
17.127003162,0.394409109009836,0.0889994440341004,0.0996321106327688
17.137005082,0.395201373904114,0.0675853567286613,0.09991301294165
17.14696245,0.395758064609366,0.0432262348430186,0
17.157001108,0.396065726819917,0.0187824546941679,-1.48834241783944e-06
17.166986285,0.396134161383057,-0.00383860104434739,0
17.177004562,0.395988941540502,-0.0234570294000067,-0.0499268269651232
17.186957438,0.395665697459984,-0.0392651428815361,-0.0499567077990558
17.196963173,0.39520526382787,-0.0508469348899382,-0.0498342010154643
17.206965113,0.39464836851196,-0.0584819557884002,-0.049754634085709
17.217002844,0.394033304674434,-0.0626125978633861,-0.0996216640831599
17.226982773,0.393395010816214,-0.0636601655373411,-0.0499139107668137
17.236979762,0.392761570767628,-0.0620641266472936,0
17.24697427,0.392154256014537,-0.0582833342668952,-0.0996269638462698
17.256996058,0.391594954297075,-0.0523388996195381,-0.0997181865036922
17.266972255,0.391107583485029,-0.0442663515348833,0
17.276985161,0.39071010963681,-0.0346396721933703,0
17.287002436,0.390413744581215,-0.0239395308108956,-0.0498325274083654
17.296994106,0.390231104881489,-0.0118197036938413,-0.0499573424601821
17.30696139,0.390177835658896,0.00167980722494752,0
17.316983596,0.390264683371214,0.0156910344864943,0.0498067888101402
17.326980675,0.390491958950226,0.0293969493312466,0.0497790214681624
17.337014048,0.39085351755374,0.0423470790189598,-0.0497762034481493
17.347012261,0.391340238105443,0.0539088970543787,0.0498975772299893
17.356996908,0.391930771496332,0.0622133043028052,0.149802894198294
17.366980227,0.392582511250509,0.065427628345277,0.0498769540971022
17.376987433,0.393238704136459,0.0628149409982818,0.0498723700805196
17.386973187,0.39383836785329,0.0541588359052944,0.149663513817585
17.396973995,0.394321153068128,0.0401556423519353,0.0996576533292245
17.406983319,0.394641887557297,0.0234065702066659,-0.049833374098777
17.416982002,0.394789471888669,0.00723737999777941,-0.0498184818438933
17.426997307,0.394786736393724,-0.00588793503760742,-0.0498495587559832
17.436983513,0.394671704291247,-0.0153776813898963,0
17.446971799,0.394479575019823,-0.0217588793980198,0
17.456976526,0.394236678732577,-0.025709587944885,0
17.466982008,0.393965120791742,-0.0271097785478416,0.0498543394259516
17.476976119,0.3936944941953,-0.0245194471817732,-0.0996795766201917
17.486988038,0.39347458399584,-0.0162108776074277,-0.149556935236016
17.496976924,0.393370263593395,-0.00201841151294852,0
17.506985365,0.393434221160795,0.015738360031513,0.0498183947226367
17.516990947,0.393685251493048,0.0336831369942047,0.0498612937448372
17.526983364,0.394107816500722,0.0488627053745821,0.0997398162679434
17.536984894,0.394662209834584,0.0595307139721933,0.0997177732978612
17.546981133,0.395298297967143,0.0655497252644361,0.0998269616318477
17.556961387,0.395971663462481,0.0677811488559226,0
17.566980828,0.396653900271011,0.067679214603907,-1.48904835334174e-06
17.576975729,0.397326218409855,0.0655556363691977,0.149559075847963
17.586981546,0.397965060067342,0.0609466285667636,0.149512474482674
17.596982681,0.398545574682152,0.0549319226270895,0.0498492144470028
17.606983793,0.399063821951914,0.0502869915938042,-1.49064793856806e-06
17.616975546,0.399550955716343,0.0501536399914163,-1.49017300001582e-06
17.62698303,0.400066856484515,0.0565531577317397,1.49010899739268e-06
17.636975642,0.400682024300081,0.0694633055316506,0
17.646975993,0.401455633781867,0.0864360041324807,0.0498072482048382
17.656994144,0.402412343621679,0.103494865428199,0.149538447759662
17.66697947,0.403525890942078,0.115530035488792,0.199566536783722
17.676979235,0.404721221894156,0.118501963966781,0.199396798725586
17.686981424,0.405896161774251,0.111409943079213,0.149504386559234
17.69698707,0.406950293652644,0.0952997449520076,0.0497886732432747
17.707007993,0.407804688692215,0.072624118734041,0.0498235507281672
17.71699962,0.408403687460015,0.0452968531451216,0.0998561216758729
17.726978354,0.408709283201687,0.0150784927645125,0.0498425489310138
17.737003944,0.408705322514708,-0.0150638332706958,-0.049850680311511
17.746979415,0.408407990553546,-0.0419124440010729,-0.049916099376673
17.756978792,0.407868127816478,-0.0621694165077101,-0.0997165054655394
17.766978036,0.407164687955017,-0.0737388143336418,-0.149467004559078
17.776991631,0.406392404797168,-0.0760831385332838,-0.0997229886494195
17.786975058,0.405643251759938,-0.0701802125868806,-0.0996681282039172
17.796999959,0.40498821608462,-0.0587885655605119,-0.0497926986147264
17.807000008,0.404466013674017,-0.0452797156478313,0.0499064902741898
17.816978653,0.404083586501285,-0.0318587965258845,-0.0498919920241591
17.826985105,0.403829312535144,-0.0198634049680318,0
17.836995564,0.403685982491883,-0.00952216480595914,0.0498328661204175
17.846993914,0.403638785358275,-0.000233783244286027,-0.0997807469629434
17.856980712,0.403681310299146,0.00857290648706742,0
17.866978348,0.403810110042154,0.0167121148643708,0.0996827608066122
17.876985505,0.4040156326976,0.0238592336112633,0
17.886974734,0.404287208487109,0.0301019332062385,-0.0498687517884655
17.896979318,0.404617485121064,0.0351906760620208,0.0498010362920436
17.906995733,0.404991760977356,0.0378816483571877,0
17.916979562,0.40537512733133,0.0358170378489417,0.09969789557023
17.926998087,0.405708186047642,0.0270064173870204,0.099701549201942
17.936981183,0.405915299456473,0.0107248274449241,0
17.946991373,0.405922610590049,-0.0120838116672726,0.0498482627990618
17.956983214,0.405673598680906,-0.0391303689106915,-0.0498428254989593
17.966995586,0.405139838355591,-0.0675629728359826,-0.14975104970864
17.976958093,0.404324036473627,-0.0945837601522714,-0.0997523938637442
17.986987012,0.403248974113705,-0.118649700332699,-0.0497774334970579
17.996989184,0.40194735352914,-0.139167332262462,-0.1993177570255
18.006996898,0.400464251660209,-0.154521853895675,-0.149634419047514
18.016979433,0.398858423193824,-0.163349094156292,-0.149604800913839
18.026991503,0.397198151045446,-0.165064785558624,-0.24925018978561
18.03698123,0.395556830861232,-0.159604665221209,-0.149428118439996
18.04700955,0.394003177355629,-0.148019443615409,-0.0996022538028358
18.057002791,0.3925932505417,-0.131418323375578,-0.0997765267277592
18.066995842,0.391376612370494,-0.109365439132052,-0.149622706730561
18.076994804,0.390406815260821,-0.0819252624239576,-0.149658451960854
18.08698308,0.389739152652214,-0.049540865586367,-0.0498567151467349
18.096993444,0.389416065324671,-0.0140378286535715,0.0498083628809222
18.107001134,0.389458142640184,0.0226575304488689,0
18.116989784,0.389869133007087,0.0590599635686788,0
18.126997992,0.390639156345152,0.0933077735077307,0.0996711868038485
18.136997199,0.391735980354382,0.123108818824454,0.149806247739282
18.146965511,0.393097334024097,0.145075247458179,0.199546058069667
18.156984341,0.394635619926014,0.157500819180211,0.149438816078138
18.166982125,0.396249967126311,0.160083123850123,0.199468624434697
18.176979242,0.397836466139168,0.1523808976368,0.249042681164089
18.187000588,0.39930039848756,0.139090465428192,0.101307640646126
18.196663471,0.400574354712373,0.116381103595689,0.0499009079008319
18.206981517,0.401625801055447,0.0920368221286715,0.0980261774539937
18.217006941,0.402446703042243,0.0709140659398893,0.0997099939540258
18.226981444,0.403044077197518,0.0497587735577608,0.0498520461851675
18.237007454,0.403441904039649,0.0320078995009117,0
18.246979078,0.403684159456846,0.0193296990757401,-0.0499159995427405
18.256982939,0.403828024153591,0.0121987527897096,0
18.266979269,0.403928136842602,0.00983935837919415,0.0498537082539753
18.276983383,0.40402481568985,0.0106804761483565,-0.0498522680220707
18.286979693,0.404141750894091,0.0128280959912668,0
18.297007257,0.404281683867639,0.0139813669941689,0.0995931932145295
18.307002477,0.40442169678544,0.0120786059273085,0.0499093980988658
18.316984787,0.40452298457991,0.00633487459040978,0
18.327000812,0.404548383729682,-0.00257396542888085,0
18.336992528,0.404471485346266,-0.013609987714451,-0.0498470341943855
18.347003336,0.404276149623784,-0.0260724169207219,-0.0498463513855386
18.356995326,0.403949964057229,-0.0399602377592252,0
18.366992428,0.403477380754873,-0.0553517069750442,0
18.376992459,0.402843088611072,-0.0715712495054825,-0.0498608663461816
18.386989403,0.402046172267793,-0.0866139614772779,-0.149536083268499
18.396996053,0.401110498090949,-0.0982657810075028,-0.149404320937834
18.407010838,0.400078750320627,-0.105768243962688,-0.099784927718998
18.416980961,0.398996729466033,-0.10887492506924,-0.149574083214461
18.42700935,0.397901413825131,-0.108982922781697,-0.0995532499724391
18.437012078,0.396813679788791,-0.108259219701188,0
18.446980838,0.395739316117979,-0.106251319127218,-0.0498255599287351
18.457023821,0.394687405697006,-0.102167909952538,-0.149350522109079
18.467009086,0.393693071879808,-0.0936195603535961,-0.249466489426891
18.477008156,0.392816481040347,-0.0790476970558768,-0.0998437301264467
18.486982224,0.392114241317929,-0.0600039605732244,0.0498426533988753
18.497013036,0.391616109009555,-0.0391728071757165,-0.0498065076745013
18.507001622,0.391330025300301,-0.01797814636409,0
18.516997275,0.391256829435838,0.00345833164054565,0.0498839347532129
18.526989947,0.39139915155709,0.0255113489740932,-0.0498841818241433
18.536985501,0.391766756044697,0.0485643039889311,0
18.546994945,0.39237068036126,0.0719629562036664,0.0498588984500859
18.556983863,0.393205897293448,0.0933053606633768,0.0996810864495013
18.567000373,0.394237294036025,0.109751538792385,0.249166021487725
18.576992297,0.395401853713774,0.119661214906091,0.149542140808488
18.587003356,0.396630875283551,0.123538304538381,0.0498679851411775
18.596987015,0.397871967275217,0.122973343200421,0.149534765354144
18.607006927,0.399090781285368,0.119450011059572,0.0995625247258086
18.617016266,0.400264461528682,0.114349082170838,0.099687619199993
18.627011044,0.401378233703956,0.108066840223076,0.149714631251151
18.636996203,0.402423630188128,0.101048421172114,0.0498618996275421
18.6470088,0.403398975374741,0.0941207781009898,0.0996313838782458
18.657011611,0.404307495963097,0.0879120702201585,0.149697083489441
18.66699088,0.405155641394846,0.0824557680034855,-1.49023320773455e-06
18.67701004,0.405956481785155,0.0784088821897214,0.0498014467230983
18.687011714,0.406725452609292,0.0756257260933552,0.0997746481620196
18.696997007,0.407468010676934,0.0724419162777928,0.0498729623690381
18.707003839,0.408173720454757,0.0673929908728257,0.0996504376525433
18.717008887,0.408816671123122,0.0592464881196853,0.0498976228489989
18.726987278,0.409357669036061,0.0466285576105965,0.099713334961139
18.737007845,0.409749193688377,0.0294657123456993,0.0996951595866109
18.746989882,0.40994706001169,0.00894511187968392,0
18.756993261,0.409927965470459,-0.0124979711456555,-0.0996533803638914
18.767000872,0.409696963236074,-0.0326075914737846,-0.0498473129856963
18.776996271,0.409275715492133,-0.0505381529644124,-0.0498669950197831
18.786995987,0.408686447055663,-0.066500810725692,-0.0498624970964458
18.796992592,0.407945943934102,-0.0807954118649439,-0.0498021964955431
18.807017118,0.407068831530516,-0.0934961117745134,-0.0996251578411531
18.81700955,0.406074436191548,-0.103717549385817,-0.0498424941161783
18.827021464,0.40499402978633,-0.110013395775221,-0.199497365497021
18.837001421,0.403875062574938,-0.111216093245603,-0.199546820329941
18.847008679,0.40277112981917,-0.107642149588369,-0.0498267976928093
18.857013265,0.401720944669551,-0.101448548882884,-0.0498468697204789
18.867011269,0.400741896089771,-0.0939718405152448,-0.0997190648038213
18.877010775,0.399841741849129,-0.0856386302306572,-0.0498830077739201
18.886999368,0.399030142670496,-0.0757267288891088,-0.0498485615042043
18.897013284,0.398327017272984,-0.0631354019550718,-0.149532736602012
18.907003609,0.397767166874155,-0.0470134824432491,-0.149744392855692
18.91698925,0.397387877546156,-0.0281937547457258,1.49020258166567e-06
18.927002449,0.397203324483996,-0.00966282573459674,0.0996879229673195
18.936993605,0.397194578949858,0.00607454238755159,0
18.946996221,0.397324777499497,0.0179036239330555,-0.0498604891299646
18.956991329,0.397552610679871,0.0252838636624464,0.0997090627395588
18.966995737,0.397830442535356,0.027797104738637,0.0997008467794601
18.976992792,0.398108593441808,0.0259670799285751,-0.0498250068474623
18.987007104,0.398350079301725,0.0210770013036005,-0.0498456960063254
18.996995853,0.398530197984581,0.0136151105817266,0.0996868465837057
19.007011675,0.39862244374803,0.00357922597414447,0.0996995557645974
19.016997575,0.398601788667491,-0.00780012259841976,-0.0498178308116653
19.027027121,0.398466320815368,-0.017811598209153,-0.0997057818546094
19.036998048,0.398245548278422,-0.0239416849514177,0
19.047012534,0.397987836353698,-0.0248511655845021,-0.0498407574206766
19.057003689,0.397748384781307,-0.0203390583997443,-0.0996997651161313
19.067014214,0.397581021016085,-0.0112086504995658,0
19.076993032,0.397524331221904,0.00058238575312196,0.0498565624788193
19.087013513,0.397592668322895,0.0129341220394625,0.0498408520915926
19.096998635,0.397783086132579,0.0247563053405057,0
19.107004241,0.398087564889242,0.0356339208927769,0
19.116991614,0.398495514364676,0.044989805620777,0.0498830976169055
19.126992304,0.398986823958348,0.0516391832410534,0.0996972525985934
19.136994097,0.399528426249589,0.0546614514914714,0.0498493287088532
19.146995103,0.40008020598558,0.0537809747547988,0.0997099950505807
19.156993426,0.400604009657651,0.0495941403197842,0.0498472086376505
19.166997557,0.401072210495996,0.0443340264169595,-0.0510601206291455
19.17652073,0.401469733669039,0.0355556835532759,0.0498664638121964
19.186992885,0.401783158050908,0.0254104962613387,0.0486884419931277
19.196999847,0.401990118195003,0.0139437202796068,0.049832375487563
19.207001891,0.402062158033645,-0.000660717743781884,0.0498682370422548
19.216994464,0.401976907396771,-0.0165938422204,-0.0498962295905057
19.226985888,0.401730546740494,-0.0319078300402513,-0.0997166999265285
19.236993046,0.401338796041269,-0.0452967305752545,-0.0498240134230047
19.246997654,0.400824079167657,-0.0567657898463779,-0.0498489880281886
19.256994786,0.400203381471867,-0.0670134090723516,-0.0996934348140708
19.267000903,0.399483593259644,-0.0789495467721479,0
19.27652761,0.398661273869887,-0.0874938077824169,-0.0497910736003298
19.287025908,0.397731529321332,-0.0964240111364451,-0.147138766807757
19.296857323,0.396701001397174,-0.107051547122274,-0.0996871954092294
19.307030409,0.395590016539873,-0.112869919467792,-0.148410171475209
19.317012674,0.394426068552959,-0.117755130723666,-0.149593808625683
19.327026284,0.393235399665314,-0.119444744850981,-0.0498452546863998
19.33701651,0.392036715465898,-0.11937610638598,-0.0498667490189322
19.3470209,0.390848520258551,-0.116722161965424,-0.14984722257626
19.356978569,0.389706700782137,-0.108852864254308,-0.149560083349053
19.367021284,0.388671421173965,-0.096038104561228,-0.152005284612637
19.376657221,0.387816800343737,-0.0729886285405022,-0.149507472679547
19.387028706,0.387211106881554,-0.0452394065749952,0
19.396981963,0.386897321076867,-0.0162281958858378,0
19.407023929,0.386886620485929,0.0132910220482866,0
19.416986921,0.38716320741472,0.0401936022919253,0.0997677760845653
19.427011974,0.387690012017252,0.0625940783553936,0.0498255670667344
19.436998063,0.388415786405049,0.0794569201506318,0.04982936714845
19.447022188,0.389279961993247,0.0898181532461187,0.0998418655713549
19.456971574,0.39020977027691,0.0920687163935231,0.199342144449225
19.467029626,0.39112202112823,0.0872198634516235,0.150585225292337
19.476835801,0.391942325443422,0.0755289419247986,0.0499472598922151
19.486992609,0.392629804111883,0.0615201269203133,0
19.497034317,0.393184940711344,0.0503531071149116,0
19.506996986,0.393637086649731,0.0421404583464615,0.0499148700821947
19.517010254,0.394026735852424,0.0378639093147795,0
19.526991567,0.394394159651502,0.0372868046465694,0.0498184823870877
19.53702484,0.394773015810688,0.0397082866989527,0.0499094858571087
19.546969659,0.395187455456336,0.0441254951939423,0.0499438230975545
19.5569886,0.395653926606621,0.0496708584076327,0
19.5669866,0.396181714098501,0.0555678157117423,0.0497978325074719
19.577012084,0.39676658787544,0.0601628592351413,0.0997270972135728
19.586983097,0.397384760532708,0.06152739572268,0.0996878636023614
19.597015853,0.397997367686648,0.05895903635485,0.0997145970336391
19.606981503,0.398563847279101,0.0529129593357103,0.0498573103646265
19.617014852,0.39905557390749,0.0449252268818628,0.0497829682265024
19.627010367,0.399463648538487,0.0371668944642677,1.48924382534528e-06
19.637026567,0.399799347206944,0.0312261444845286,1.49154310920841e-06
19.646991233,0.400087573947129,0.0279849044511531,0.0499500356516772
19.656987844,0.400357961636512,0.0277481304983062,0.0498358549312119
19.666998244,0.400642731099238,0.0309559922701505,-0.0498043746605183
19.677007501,0.400977689983855,0.0376279819179712,0.0498630581590537
19.68699434,0.401395143837956,0.0468459219927877,0.0498389563190423
19.697013267,0.401914878537297,0.0572125804034629,1.48991352167689e-06
19.70699706,0.402539551064244,0.0666562140716128,0.0996477736570032
19.717025682,0.403248830355627,0.0729089090661817,0.0997401265549784
19.726990646,0.403997261607825,0.0738091416311737,0.0999345866730626
19.736980363,0.404721668231761,0.0677518119519999,0.0997087276485114
19.746990827,0.405352310109943,0.0549550343929012,0.0497697286781008
19.757014555,0.405822647942155,0.0361587603671879,0.0498637937936568
19.766986628,0.406075333486652,0.0122101156254176,0.04983184736394
19.777023175,0.40606695550586,-0.0150801303329967,-0.0498532476176203
19.786986659,0.405773730412508,-0.0436346588161832,0
19.797011069,0.405194790570716,-0.070843515023644,-0.0498397908013109
19.806992688,0.404356432996483,-0.0939051518487988,-0.149610007249919
19.817004779,0.403317278197145,-0.109781702941017,-0.199416324140576
19.826992833,0.402160783019316,-0.117093509857656,-0.14940439202142
19.837026005,0.400972922573152,-0.116952545499788,-0.0499122637868357
19.846969216,0.399824494177587,-0.110217504801762,-0.149650373168114
19.857014322,0.398769860148225,-0.0986341479655623,-0.0995884209453694
19.866993558,0.397849410265846,-0.0840309967380167,-0.0498348710908962
19.877022326,0.397088567629367,-0.067368456310363,-0.0498412606754638
19.886998997,0.396501674722605,-0.0495651327965163,-0.0997004978531804
19.897023859,0.396097188990088,-0.031424788656078,-0.0498873116010233
19.906985969,0.39587358835163,-0.0142033462824691,0.0498626367375123
19.917020124,0.395813175113937,0.000763098324660821,0.0498576288424505
19.926985438,0.395888849912918,0.0133090835455082,0
19.937028118,0.396079463177661,0.0243026832177027,-0.0498805770111721
19.946975706,0.396374667063559,0.0344071967965488,0.099720549412714
19.957025928,0.396767531761831,0.0438723839025034,0.0498128203080937
19.966992567,0.397252854473874,0.0532026980828622,0
19.977023769,0.397831470858863,0.0627137307229212,0.0499076047752498
19.986971412,0.398505802379359,0.071892780653754,0.049858540093393
19.997021677,0.399269176072241,0.0795346503790329,0.0995554981902001
20.007002376,0.400098958097854,0.0843666851584465,0.0997170090712123
20.017020197,0.400956384912716,0.0846705860124027,0.0997569871559729
20.026992284,0.401791515322548,0.0796580732493647,0.0996931859184679
20.037023197,0.402549785351923,0.0692238163162325,0.0994545341052871
20.047043583,0.403179542761426,0.0545508854190683,0.0498868298793759
20.057010362,0.40364010289969,0.0364475980511626,0.0499379497397307
20.067009691,0.403907259440456,0.0167625749162122,0
20.077005841,0.403975278614413,-0.00266735397546979,-0.0497670586705958
20.087044359,0.403853819889119,-0.0206182007599657,0.0498097861560187
20.097023323,0.403562554151828,-0.0360683848294592,-0.049901485370491
20.107025654,0.403133126851668,-0.0476613080395723,-0.149698401399158
20.117005028,0.402610199954667,-0.0546294310422734,1.48988290874659e-06
20.127028785,0.402040367186074,-0.0571343052097495,-1.48975272473883e-06
20.137009907,0.401467235092197,-0.0551173044832151,-0.14960841341906
20.147022708,0.400938356044269,-0.0483784919343373,-0.0997213137994386
20.157006966,0.400499807534655,-0.0381124082639515,-0.0498906498457583
20.16700894,0.400176632610627,-0.0268707726624907,0.0498641404222095
20.177002628,0.399962508646817,-0.0173134052159772,0.0498411733421684
20.187015012,0.399830259379311,-0.0107054930410596,-0.0996941026560698
20.197005743,0.399748365438385,-0.00729045662816697,0.0498280595725438
20.207025153,0.399684376314227,-0.00697593023323105,0.0996882917336924
20.217010024,0.399608816969763,-0.00868802856417863,-0.0997745233625445
20.227012145,0.399510728756819,-0.0105106868812062,-0.0996202905360027
20.23702796,0.399398414712459,-0.0114886155717532,0.0498313070871328
20.24702158,0.399280848050296,-0.0118230827317072,0.0498732057508673
20.257020585,0.39916204025306,-0.011399413696383,-0.0499043800364977
20.267001716,0.399053086214322,-0.00939627884187681,-0.0997495209851176
20.277012288,0.398974192637148,-0.00570577921383994,0
20.287037981,0.398938763709962,-0.00151621221116382,0.0997106127195558
20.297011792,0.398943869144966,0.00214656311065136,0
20.307011551,0.398981638238512,0.00526263642486775,-0.0996925330303061
20.317014923,0.399049138350778,0.00789096079063363,0.0498473625055603
20.327015139,0.399139485767092,0.00935023817818589,0.0993516116702823
20.337086694,0.399236814190286,0.00957021791464068,-1.49423575790051e-06
20.346959999,0.399330362423569,0.00947597906919263,-0.0500218856030662
20.357019895,0.399425700785744,0.0102481098903576,-0.0497073804305181
20.36701932,0.399535932549503,0.0119858595143493,0.0498938469627312
20.377004249,0.399665230445273,0.0134262266281975,0.0498720008977627
20.387012428,0.399804364548513,0.0136447381129823,0
20.397005653,0.399938144364745,0.0122654513460181,0
20.407047735,0.400050106631724,0.00920979560063382,0.0498172851545313
20.41702072,0.400122479040748,0.00447789992751253,0
20.427015441,0.400139520020974,-0.00162793015934553,-0.0498436126543603
20.437025215,0.400089913120015,-0.00890627275945837,0
20.447020313,0.399961351174424,-0.0177252631626256,0
20.45703059,0.399735312583473,-0.0284545886947496,0.0498801915537543
20.467010138,0.399392548925969,-0.0404283870106347,-0.0498971477463896
20.477013622,0.398927430832131,-0.0517348898394567,-0.0996031592155087
20.487031517,0.39835674508897,-0.0606948888838203,-0.0996683771234404
20.497021302,0.397713066917708,-0.0664454821688956,-0.0998403609836973
20.507004732,0.397029615187832,-0.069171947787141,0
20.517008945,0.396330482719724,-0.0698263627275544,-0.0996717248555382
20.527012338,0.395632556833966,-0.0690984885845247,-0.0996875791200013
20.537013369,0.39494820725632,-0.0676064252491843,-0.0498601076567216
20.547010215,0.394280571857423,-0.0663492641967176,-0.0498452347521748
20.557017213,0.393620966925814,-0.0663699884201841,-0.0498600403384774
20.567008119,0.392953311200515,-0.0680912794527247,-0.0499177663013378
20.576991991,0.39226085873501,-0.071003248100644,-0.0498540053972785
20.587007846,0.391533265622389,-0.0744075999810275,-0.0996631868159883
20.597001012,0.39077203550443,-0.0771935350044361,-0.0997283440363011
20.607004093,0.389989684629637,-0.0785153930438886,-0.0997624805194844
20.616990118,0.389202582990244,-0.0782600698772632,-0.0498557603439895
20.627003116,0.38842455969218,-0.0766503200279233,-0.0498098292589593
20.637008181,0.387668192054955,-0.0734957667667707,-0.0498059404369002
20.647022742,0.386953201928926,-0.0676400734854691,-0.0995945274392209
20.657030996,0.386313847376969,-0.0579952053458003,-0.149711978205751
20.667002834,0.385794452390558,-0.0441545950234741,-0.0499138306238873
20.677007349,0.385431799600208,-0.0276638848166158,0
20.687032988,0.385240340517443,-0.0108922205511763,0.0498515547145692
20.697008657,0.38521394094216,0.00504285870682635,0.0499179037489019
20.707007711,0.38534107022324,0.020247181296187,-0.0499036282402202
20.716989094,0.385618488472476,0.0353904950452261,0
20.727003484,0.386048730528522,0.0504803111167164,0.0996178661860138
20.737007218,0.386629009599969,0.0649561851545482,0.0498082633542504
20.747021578,0.387349029548827,0.0780790596088859,0.0497812706461114
20.757036765,0.388192897794121,0.0895122316093121,0.149663873252362
20.767008092,0.389138067019058,0.0984400010457185,0.0998244753399086
20.777013457,0.390159403375491,0.104833525278294,0.0498667605887558
20.787003301,0.391234235267204,0.108940405705145,0.0997707545653264
20.797001204,0.392336876642803,0.109698113464778,0.09968989166173
20.807006962,0.393428599141293,0.106065039892191,0.199556997409493
20.816987101,0.394456681605389,0.0969952093683166,0.149520020228823
20.827012705,0.395369060372147,0.0836839465924712,0
20.837000722,0.396131500396275,0.0679204870976454,0.0498850613660304
20.847001176,0.396726687058804,0.0505952717955238,0.0996448409369609
20.857013726,0.3971440637731,0.032697432347539,0.0498136085000912
20.867017122,0.397381157099011,0.0153972385704067,0
20.877001507,0.39745182040565,0.000388544775419268,0
20.887007231,0.397388924151423,-0.0105457961156254,-0.0498508842640709
20.897003084,0.397240887852617,-0.0162813281835213,-0.0498544535615099
20.907007376,0.39706329522696,-0.0167374129766034,-0.049880620745394
20.916992737,0.396906312775097,-0.0129917661932971,1.48973321399308e-06
20.927012517,0.396803393112424,-0.00684000881541306,0.0498195577052668
20.937006891,0.396769415785304,0.000302905390756311,-1.4899979185811e-06
20.947014104,0.39680945170095,0.00790187121955289,0
20.957007598,0.396927458796318,0.0158838851809443,0
20.967011638,0.397127090234908,0.0239644440493355,0
20.977014913,0.397406922977213,0.0323964717002881,0
20.986317668,0.397752537489448,0.0361740061774546,0.0996775139802309
20.997021058,0.39813062539003,0.0360416301007226,0.14457963557253
21.007007227,0.398498222921873,0.0347474905408789,0
21.017025556,0.39882573149506,0.0304716417942448,-0.0498540442414913
21.027008134,0.399107683395537,0.0263523011088856,0.0499023175542951
21.037007115,0.399352291554453,0.0231319514663472,1.49096256936641e-06
21.04699678,0.399570059784687,0.0208248153247976,0
21.057007564,0.399768797211291,0.0189728459540687,0.0498235333008708
21.067009337,0.399949754945795,0.01768320519743,0.0517326746687788
21.076281002,0.400109613370305,0.014924091314473,-1.49014669792312e-06
21.087008927,0.400248230653207,0.0131193891957799,0
21.096296566,0.400372205344394,0.0121549866197634,0
21.107039892,0.400491706764763,0.0117410774981666,0
21.117004282,0.40061533624276,0.013338485030958,0.0519577883026202
21.126230399,0.400747679055119,0.0142171505413018,-0.0517508580780406
21.136270948,0.400889253333711,0.0137671002435888,0.0479900142089105
21.14700694,0.401033711777781,0.0139061707518733,0.0498682404808823
21.156264966,0.401167293562035,0.0119763628749427,-0.0498465931077033
21.167009641,0.401273271383436,0.00793361326475611,0.0480478546787598
21.177016496,0.401331928175707,0.00254642118215178,0.099760542805519
21.186999434,0.401324173815758,-0.00441634937451803,-0.0518232591185045
21.196256245,0.401246958722245,-0.0102719793608263,-0.0996474699207745
21.20701191,0.401118606075327,-0.0136298175485277,0
21.217005324,0.400964152561175,-0.0164277430004931,0
21.226248554,0.400802591431503,-0.0158208766950825,0
21.237008703,0.400647681568531,-0.0140151207390783,-0.0480262062927147
21.247009438,0.400511625135593,-0.012824469524069,-0.0518496747704525
21.25623865,0.40040106769928,-0.0100986334773927,0.0499335756362318
21.266977295,0.400309977066421,-0.0089664512075802,-1.48966262213067e-06
21.276244739,0.400221684078407,-0.00972048386122171,-0.0497920446651927
21.287002508,0.400115322306637,-0.0127116934249101,0.0498209467267111
21.296258335,0.399967277381725,-0.0188136003384817,1.55993828560761e-06
21.306107317,0.399755892065568,-0.0249602068019418,-0.0500740412491706
21.316170179,0.399470273637677,-0.0320106047725344,-0.0495316597647944
21.326238403,0.39911148382798,-0.0390488139203921,-0.0496796863853464
21.336241282,0.398686520871453,-0.0453159483684968,0
21.346239913,0.398205096433528,-0.0501360370074508,-0.0498610782877704
21.356238172,0.397683956054379,-0.0527220200325519,-0.0997242902452162
21.366236674,0.3971508267995,-0.0523330081551893,-0.0499745039432506
21.376190272,0.396639802642366,-0.0465335839311742,-0.0480202123957133
21.38700077,0.396184598995529,-0.0413670099838515,-0.0998231661306808
21.396167226,0.395813415786801,-0.0325528164531028,0
21.406750556,0.395541687836883,-0.022134643361495,0
21.416236576,0.395369187882054,-0.013168091212908,0
21.426176304,0.39528588781534,-0.00438659290823692,0.0498828206019185
21.43622475,0.395281507899737,0.00341326422643169,-0.0499649465807593
21.446131624,0.395354000595223,0.0113172564899149,-0.0499788643003945
21.456174513,0.395507284484521,0.0191309096298065,0.0496281347472745
21.466222375,0.395738354936999,0.0261565710381215,0.0497748473769814
21.476206046,0.396031240700438,0.0300359662483804,0.0479445460736786
21.487019241,0.396363008902247,0.0340672950440218,0.0498692212507111
21.496200866,0.39671241013273,0.0367052138473771,0
21.50612966,0.397064460918355,0.0348344096562976,0.0498434210023936
21.51620484,0.3974092367578,0.0337464423481006,0.0497759847792009
21.526161334,0.397740458650132,0.0323095501669921,-0.0499422363940004
21.536169831,0.398054296636098,0.030088619795522,0.0499386770265841
21.546127748,0.398341220489658,0.0265262707687431,0.149904450798867
21.556124468,0.398583618740252,0.0214983102326829,-1.48723633982932e-06
21.566166475,0.398772019259372,0.0166916065737053,-0.0497807081390158
21.57615484,0.398917957829201,0.0137431539953316,0
21.586120216,0.399046246594718,0.0131956857965082,0
21.596105853,0.399181225128071,0.0146305694878764,0
21.606108494,0.39933868648494,0.0169387230676133,0
21.616117001,0.399520188422308,0.018485407598171,0.0497418661507832
21.626153908,0.399709234133204,0.0178210894895132,0.0996620364070565
21.636126552,0.399876780421324,0.0145029643190778,0.0498877708677341
21.646140696,0.399999101806421,0.00985395758877014,-0.0498371427698921
21.656133046,0.4000739235647,0.00607826541228927,0
21.666122981,0.400120559438195,0.00488452327614856,0
21.676127227,0.400171585607182,0.00726351863557447,-0.0500106483878526
21.686060065,0.400265372819368,0.0132410641072555,0
21.696084952,0.400435847123342,0.0218034936449108,0.0496625610606041
21.706136889,0.400703117723862,0.032023768860849,0.0997235628965206
21.71608156,0.401076213875935,0.0431054765409034,0
21.726122208,0.401564594423179,0.0552234209849757,0
21.736077765,0.402180472722752,0.0680807116186681,0.049840040027431
21.746127539,0.402926571593826,0.0800580648743358,0.0995654095168734
21.756106735,0.403783953302378,0.089389783057823,0.099954713973482
21.7660785,0.404709983669411,0.0932880430401414,0.100109462199038
21.776026856,0.405642262407591,0.08998585400635,0.199644426225991
21.786055794,0.406507657530737,0.0799778639257928,0.149386327977778
21.796050503,0.407243710922655,0.0655883991771887,0
21.806102583,0.40782249432989,0.0503339241867585,-0.0497932705238866
21.816075223,0.408251633660996,0.0366109970748235,0.0499312572645617
21.826071964,0.408553593279267,0.0249948958104868,0.0499455660998491
21.836038883,0.408750623262692,0.0155959249731904,0
21.846019913,0.40886469999524,0.0084227768934884,0
21.856049572,0.408919168831624,0.00357659811580432,0
21.866016151,0.408936218502394,0.000756021263012598,0
21.876024918,0.408934270617936,-0.000588207633261622,-0.0498492738823231
21.886018972,0.408924452690395,-0.0015632219564244,0
21.896022456,0.40890301002746,-0.00375388297224457,0.0995966575238651
21.906041658,0.408849289870361,-0.00817408165650011,0
21.916036601,0.408739412771945,-0.0144034376917876,-0.0498658611675973
21.92603663,0.40856129353701,-0.021274074218229,-0.0498973924512254
21.936019535,0.408314294350931,-0.0281152478147574,-0.0498538224020442
21.946037626,0.407998960577928,-0.035198504900542,0
21.956043655,0.407609475264982,-0.043168572178483,1.4915257162939e-06
21.966018725,0.407136405063541,-0.0516514745220095,-0.0499025293096454
21.976024532,0.406577433505689,-0.059682887327704,-0.0997992366396109
21.986000469,0.405943836887778,-0.0662037432666928,-0.0998501491274114
21.995996386,0.405255222010913,-0.0707417629132294,-0.0995788928840413
22.006026727,0.404527144092303,-0.0746014327633274,-0.0497800088930012
22.016025842,0.403760995895843,-0.0791703494783068,-0.0498362360448055
22.026033585,0.40294319415248,-0.0852713297467983,0
22.036019556,0.402056105316486,-0.0923827322323147,-0.0997383247285278
22.046027831,0.401096071078075,-0.0986864216168403,-0.199329994945678
22.056028363,0.400081507752834,-0.102883491316445,-0.149581600249125
22.066025338,0.39903865774029,-0.105132311438638,-0.0997351681268993
22.076022943,0.397979431341189,-0.107233343638605,0
22.086010817,0.396895548002901,-0.110388443753029,-0.0997963880024619
22.096005556,0.39577358179,-0.114207026321692,-0.149542228349791
22.106013589,0.39461109089459,-0.117622148527745,-0.0996242164564686
22.116022404,0.393419157121487,-0.119476130344366,-0.0996987379254341
22.126015774,0.392221307232358,-0.118230104949395,-0.199316935471229
22.136032522,0.391053358770297,-0.11315712657996,-0.0996046307641124
22.146036558,0.38995581284304,-0.104225405892006,-0.0498197189986466
22.156046013,0.388967444547506,-0.0912820721016123,-0.0997540966086508
22.166027344,0.38813101247402,-0.0734848636461817,-0.0998289805502478
22.176022102,0.387499504371157,-0.0501575135049611,-0.149685809530835
22.186010929,0.387128685539505,-0.0220504742113161,0
22.196001408,0.387058951199444,0.00879250590944038,0.0498707821573875
22.206003928,0.38730447410136,0.0399656775429547,0.0498600951903851
22.21599929,0.387858180102998,0.0697119130536488,0.0498273078410067
22.226014969,0.388699482051665,0.096775180766428,0.0996416838752783
22.236012629,0.389794974602463,0.119891276072553,0.149528615656018
22.246019562,0.391097858233747,0.137790785721257,0.149475832913455
22.256024286,0.392552396544077,0.150186840205911,0.149631501093316
22.2660104,0.394100219026035,0.156690950046734,0.199456913328123
22.276020361,0.395685600533033,0.158208978863759,0.199416563438716
22.286010521,0.397264417746597,0.156265794264375,0.0498474326015334
22.296023323,0.398811379277603,0.152339427661336,0.149511515465776
22.306017402,0.400312254547425,0.146955869989872,0.14960315326994
22.316017949,0.401749706936555,0.139300640173646,0.149552209576384
22.326018839,0.403098467525918,0.128943552484183,0.199257282444204
22.336033908,0.404330635796393,0.116416541134653,0.0499012125887597
22.345999646,0.405424563965937,0.101871222401869,0.0998177825799729
22.356012238,0.406365852695041,0.0859052117995135,0.14946756014632
22.36601261,0.407143781877093,0.069413027183194,0
22.376006948,0.407753746043791,0.0525971060110374,0.0498347614982209
22.386020658,0.408196147298823,0.0359766734298801,0.149323708456905
22.396038992,0.408474432348912,0.0204218200829689,-0.0498402392282874
22.406026507,0.408604703147708,0.00724932233604894,-0.0499274021767093
22.416009318,0.408619203679242,-0.00258411757815716,0
22.426016232,0.408553047347953,-0.00943374807682864,-0.0498562832737915
22.436008729,0.408430534274183,-0.0147922258625297,0
22.446004492,0.408257376491434,-0.0206235777974602,0
22.45601088,0.408018018356918,-0.0288429612524475,0
22.466009963,0.407680359466544,-0.0406051485398454,0
22.476010665,0.407205924116228,-0.0559321960002685,-0.049849236876644
22.486012201,0.406561590370284,-0.0738854934310633,-0.0996083174211035
22.496030708,0.405726733360662,-0.0933890579933721,-0.0498711887499605
22.506005037,0.404694478249628,-0.112685777799537,-0.0998108332068178
22.516010429,0.403475302959559,-0.129476407609585,-0.149461507904158
22.526018612,0.402103192455203,-0.141996872553937,-0.199312009714936
22.536020892,0.400633879795203,-0.148543699991036,-0.149640401292346
22.546008261,0.399133856031221,-0.14811302514086,-0.149509236234064
22.556028078,0.397670554952187,-0.141281450188746,-0.19927792215875
22.566022446,0.396306222950075,-0.129074678999604,-0.0997625091304659
22.576017477,0.395090429692867,-0.112658749058249,-0.149616412846974
22.5860153,0.394053853028331,-0.094239810094039,-0.0996216889666121
22.596035132,0.393203969687139,-0.0765309474811671,0
22.606005327,0.392523997321847,-0.0611704573030637,-0.0499224725067723
22.61600743,0.391982255085086,-0.0490580290433126,-0.0996738919471118
22.626012199,0.391542499614205,-0.0409056119264964,0
22.63601372,0.391163885550257,-0.0368817920930783,0.0498235357905374
22.646024755,0.390804400684562,-0.0363731288612501,-0.0498791235971867
22.656003973,0.390436777501919,-0.0373272672228489,-0.0997806688597411
22.666010516,0.390058386843063,-0.0376338317760495,-0.0498213948146148
22.676017389,0.389683595970911,-0.0362272305984868,0
22.686013457,0.389333735686808,-0.0323321546422015,-0.049834666790849
22.696024877,0.389036710774893,-0.0254117116857107,-0.0997068083098221
22.706014023,0.388825487070065,-0.0154826901216747,0
22.716033069,0.388726930138262,-0.00353295511690095,0.0498316011061539
22.726023938,0.388754792938477,0.00946306086841128,0
22.735996758,0.388915847742427,0.0230723685098438,0
22.746017252,0.389216086046818,0.0371618486646413,0.0498489955048353
22.755998495,0.389659149265851,0.0514260949475991,0.0498718098764353
22.766009839,0.390244226724128,0.065290658257501,0.0498228860097478
22.776011312,0.390965799261368,0.0784163033049649,0.0996948801550181
22.786012798,0.391812784824069,0.0901138818721213,0.0996126760882849
22.796030479,0.392769804111584,0.10032495199453,0.0498727902401395
22.806004992,0.393818500727384,0.108197255526758,0.099787619026201
22.816014848,0.394932057990818,0.112538401219602,0.14959974147907
22.826000074,0.396068715287919,0.112196983182964,0.149602405056864
22.836009574,0.397175405927588,0.10645595949103,0.0996951293559751
22.846002983,0.398198144158126,0.0956583590036815,0.0997035535328805
22.856010494,0.399088661113352,0.0803927804572413,0.0996569461231399
22.866013257,0.399806825722697,0.0616772183914954,0.0498144304475323
22.876026708,0.400323205515601,0.0407091027413875,0.0498655111584443
22.886008967,0.400620833135474,0.0185768722946132,0
22.896031612,0.400694834062475,-0.00338578608396042,0.0498270588431189
22.906020108,0.400553079692752,-0.0237391161439798,-0.0499048845770006
22.916011546,0.4002205280887,-0.0407242270061353,-0.0998093195609347
22.926000132,0.399739408659788,-0.0530611322006169,-0.0498541245266201
22.936011823,0.399159290746754,-0.0605207508038247,-0.0498122330188511
22.946017229,0.398527958920435,-0.0635305690715728,-0.0997134446516548
22.956010759,0.397888746961848,-0.0625329848884502,-0.0498620682037584
22.966013722,0.397277518525844,-0.0582765651803463,1.48931899192568e-06
22.976021464,0.396722591807611,-0.0512947957471603,-0.0996631471207318
22.98602305,0.396251144133046,-0.0415651646379051,-0.0498339695372482
22.996030428,0.395890915924717,-0.0293988494723078,-0.049891471909525
23.006007758,0.395663616710806,-0.0156089554505101,0
23.016014495,0.395578985513194,-0.00137090363439323,0.049861943527036
23.026004301,0.395636203377332,0.0126668684716828,0
23.036008098,0.39583224185267,0.0265222808218345,0
23.046020882,0.396167088759707,0.0404195178040048,0.0498379722635215
23.056014857,0.396640905404271,0.0540951967448022,0
23.066005024,0.397248134852973,0.0662364324597904,1.48949011721972e-06
23.076023263,0.397966190836918,0.0748008781383912,0.199419913672976
23.086004809,0.398744136333552,0.0773865922912936,0.149715859266353
23.096002638,0.399512326584278,0.0730955197648766,0.0498084134882877
23.106023441,0.400207408644574,0.0636051056878381,0.0498254802548084
23.116014413,0.400785177648154,0.0505810401635475,0.0498747959897799
23.126014831,0.401218593945089,0.0355028670937517,0.049859596541557
23.136012495,0.40149516689553,0.0199347872077256,1.49002004362311e-06
23.146016121,0.401617315405119,0.00517881654225089,-0.0498507521699501
23.156014125,0.401598751667846,-0.00802073431212053,0.0498432737961966
23.166020752,0.401456863574856,-0.0191547163645944,0.049845932461087
23.176017689,0.401215589073145,-0.0270870143499493,-0.149682814188274
23.186004936,0.400915551696076,-0.0303818029111117,-0.0498562658235831
23.196017107,0.400607970697132,-0.0288713447164772,1.49055168911952e-06
23.205999092,0.400338293525885,-0.0233978151938179,-0.0498712849981707
23.216010502,0.400140168935825,-0.0152493725730749,-0.0498239992412906
23.22601206,0.40003310832056,-0.00625428191673757,1.49029133366214e-06
23.236008151,0.400015098001307,0.00131819078610978,0.0498825707900417
23.246001529,0.400059458254415,0.00554505351779521,0.0996905298215756
23.256011385,0.400126017004366,0.00626936602552546,0.049809407935178
23.266019163,0.400184956128926,0.00543181739507291,-0.0997511038596987
23.276002472,0.400234604938479,0.00564773663387451,0
23.285795108,0.400296645457972,0.00820100735042443,-0.0497982179910203
23.296025801,0.400398816406788,0.0129995590082735,0
23.306014154,0.40055948413954,0.0190948588776992,0.0997060256397087
23.316026524,0.400780727389925,0.0248643130778191,0.0498532097328982
23.326014798,0.401056786413714,0.0303728736980476,0
23.336010569,0.401387700264686,0.0362061818456833,-1.49050576812365e-06
23.34600957,0.401780720764709,0.0425895591218031,0
23.356010145,0.402239473389149,0.0489338834291545,0
23.365781461,0.402748236174077,0.0510523633110847,0.149429790544809
23.376027968,0.403261430561642,0.0481817340388017,0.0997412080790393
23.385775129,0.403711565768113,0.0384393821529983,0.0498787393435698
23.396018375,0.404029849455709,0.0223678323604331,0.0985094694443524
23.406018793,0.404164372650826,0.00329133115148175,0
23.416045261,0.404095764569468,-0.0159994709400721,-0.0997861260567368
23.426003461,0.403844628535913,-0.0317615190988193,-0.0499273469595414
23.436016206,0.403461457018429,-0.0418068063351243,-0.0996889547570666
23.44600731,0.403008331494813,-0.0459224238831657,-0.0498619659688604
23.45601274,0.402543167707887,-0.044819270670083,-1.48985981953394e-06
23.466010751,0.402111791858301,-0.0396220008585242,-0.0498506649383886
23.476014405,0.401750661720085,-0.0311585986747874,-0.0500372166650658
23.485937249,0.401490910104125,-0.0197736739137635,-0.0497977443013966
23.496037326,0.40135473500943,-0.00723882021268236,-0.0496204452383294
23.506031714,0.40134544988472,0.00416605468327213,0.0499157795134271
23.516012302,0.401437951851743,0.0118343887344627,0.0997357367747668
23.52602618,0.401582072167902,0.0140905717428243,0
23.536010783,0.401719741883021,0.0109021013985523,0.0498215765414553
23.546039523,0.401800259662612,0.00354107788760681,0.0497551231040551
23.556051455,0.401790707463493,-0.00573038501722308,-0.0499222099897361
23.566012523,0.401685806682663,-0.0142591012058565,-0.0998486492868968
23.576023609,0.401505922498308,-0.0203643983364422,-0.0498514778928435
23.586013264,0.401278503625915,-0.0241956365418674,0.0498901163564043
23.59600886,0.401022366628914,-0.0263613186715421,0
23.606008087,0.400751413725031,-0.0268917833814262,-0.099711012137041
23.616007985,0.400484554491596,-0.0255045208535542,-0.0498442482525465
23.626011729,0.400241230420495,-0.0227597506493693,0
23.636009623,0.400029322198137,-0.019929950997965,0
23.646029613,0.399842274973292,-0.0182000591286059,-1.48955950153019e-06
23.656017097,0.399665184988323,-0.0179975954673505,-1.49102948002374e-06
23.666017362,0.399482543552487,-0.018982741500363,1.4903766677573e-06
23.676013601,0.39928559652198,-0.020269875301425,-0.0498749046178344
23.686009306,0.399077309340574,-0.0207705677610455,-0.0498595566500889
23.696011699,0.398870224672379,-0.0200088860751205,-0.0498539929336003
23.706009038,0.398677136981453,-0.0184316567408139,-1.49061222566464e-06
23.716005043,0.39850171421867,-0.0167868493528413,0.0996340072132911
23.726023919,0.398341150189291,-0.0149253663199588,-0.049840495946446
23.736010191,0.398203130056485,-0.0113356910918963,-0.0997589072042275
23.746013741,0.398114551742117,-0.00482197432981444,-0.0498265434255594
23.756021539,0.398106635850124,0.00405012949848821,0.0498871059438864
23.766000198,0.398195499481183,0.0136518747843504,0.0498555902607234
23.776021228,0.398379669100078,0.0226644771364043,0
23.786008533,0.398648977932328,0.0305263058495749,0.0498822041922247
23.796009649,0.398989841752974,0.0369329005716764,0.0498833981934127
23.805997073,0.399387212692721,0.0419269066927189,0.0498372324306444
23.816016705,0.399828675723082,0.0457928882620838,-0.0498172179518647
23.826012167,0.400303761655818,0.048143991159358,0.049855585275087
23.836016396,0.400791540669776,0.0474189216144805,0.14957897661636
23.846010224,0.401252047953143,0.0422975270964563,0.0498567400767961
23.856015026,0.401637433264093,0.0327359860327267,-1.48996424806098e-06
23.866012263,0.401906834422473,0.0195901258906908,0.0498574848745661
23.876013955,0.402029214800882,0.00381866144050784,0
23.886004897,0.401983179523023,-0.0135818160427257,-0.0498387968169573
23.896020383,0.401757491176114,-0.0316026587470419,0.049818385858001
23.90602012,0.401350645260808,-0.049019960557695,-0.049869260612329
23.916013992,0.400777405251528,-0.0637713782780247,-0.149512016158758
23.926026934,0.400074783157076,-0.0748379929683197,-0.100463072920537
23.935863998,0.399291870642079,-0.0813509917202468,-0.0506926968500377
23.945696361,0.398474655764057,-0.0820493245351822,-0.0502557199267651
23.955703859,0.397664023448157,-0.0788280240797319,-0.14976305329192
23.965669838,0.396900186038145,-0.0725138079923568,-0.0999296150671511
23.975659831,0.396216939926248,-0.0631690782783944,0.0497517219755584
23.985711281,0.395634186556466,-0.0525283696351756,-0.0499007805323877
23.995640811,0.395167371623135,-0.0399296351086195,-0.150010150161286
24.005651659,0.394837974538998,-0.0252807242729078,-0.0498681697021427
24.015635455,0.394661892541236,-0.0100853875024298,0.0489323640978909
24.02602869,0.394632464285214,0.00310190747739227,0.097813876366693
24.036022775,0.394725132121588,0.0141990745170654,-0.0498502761386527
24.046030511,0.39491647163207,0.0233242197220149,0
24.055991766,0.395190893255299,0.0310075307111367,0.0998380441675702
24.066004488,0.395535815337321,0.0376206107267637,0
24.07599413,0.395943394404958,0.044675327274591,0
24.085613074,0.396411835334263,0.0496617324605942,0.0498541369899944
24.095994402,0.396936642562161,0.0534799213125198,0.0489165065241098
24.10599732,0.397501983206358,0.0570001010400887,0.0498184973217491
24.116008982,0.398077475644436,0.0558530405467814,0.0997448420802921
24.125989662,0.398618616294709,0.0497347118565193,0.0498610501305726
24.136006481,0.399072045495052,0.0382949611063575,0.0996675752791518
24.145998101,0.399384838688013,0.0221541973729199,0
24.155991624,0.3995148002976,0.00256886891974647,0
24.165999077,0.399436218573624,-0.0186047519209982,0.0498469790611385
24.175994768,0.39914264676584,-0.0397775778283861,-0.101233389936182
24.185698038,0.398652641619308,-0.0565877653373046,-0.0498680340840114
24.195990064,0.398011157647942,-0.0675009540819956,-0.0983047123317465
24.205983564,0.397283349260253,-0.0731536080886553,-0.0996041780355757
24.216010939,0.3965465584046,-0.0700094490872828,-0.0498496680280269
24.225985629,0.395883015708995,-0.0585650168620141,-0.0997102836674524
24.236010509,0.395375283250317,-0.0391635908347775,-0.0995848588204304
24.246010388,0.395098774240954,-0.0134967770840055,-0.0499255195270499
24.255982185,0.395105729991351,0.0155793456284486,0.0498523198976852
24.266011389,0.395410376748448,0.0439498945828875,0.0497893121871872
24.276008497,0.395985884292635,0.0684425930598444,0.150288472503655
24.285914839,0.396772620477285,0.0855044281580344,0.149549712275626
24.296010268,0.397696124284138,0.0954731786834349,0.0993306092402861
24.305991154,0.398689370086585,0.100564872582164,0.0997326682588611
24.316005648,0.39970695712607,0.101790494310363,0.0498291776706549
24.326000846,0.400726166526263,0.101760267928078,0.0998542843396436
24.335976078,0.401739153433509,0.100920455071747,0.0996981401728813
24.346002852,0.402744778074131,0.100326062355055,0.149390207536178
24.355999205,0.403747994921454,0.101043245466836,0.0498860786117668
24.365990318,0.404764376507429,0.103505615350084,0.0498811010177134
24.375989263,0.405817078175628,0.107891811192791,0.0996638992323425
24.385999495,0.406923202854436,0.112971480025225,0.0498019143739449
24.396009909,0.408078840185309,0.116118935333687,0.149448566969483
24.406014803,0.409247359109772,0.114061997511093,0.199530903931436
24.415998569,0.410358786672479,0.104064162079038,0.14970217792813
24.425996203,0.411326706757938,0.0856413410571505,0.0997881200745812
24.435982539,0.412070240662925,0.0600825620841145,0.0996362622967793
24.446010631,0.412529224870826,0.0303276762070161,0
24.455858189,0.412673022940529,-0.00145206109420886,-0.0499329975972895
24.465979316,0.412500229120235,-0.0320202286025237,-0.0494970033872661
24.476002166,0.412028008192025,-0.0609274164909139,-0.0498363182464917
24.485986141,0.411281264960799,-0.0868034259518883,-0.0498307318135651
24.496011832,0.410291100631072,-0.109074264962822,-0.149517307268764
24.505992247,0.409099113654081,-0.126839058574536,-0.14968106153384
24.51599625,0.407756295865792,-0.139118864164608,-0.0997323739803757
24.525987686,0.406317370891928,-0.145776945721541,-0.149577207787625
24.535994145,0.404841063811832,-0.146412808408144,-0.249274572179359
24.545987407,0.403389155572939,-0.141497493581357,-0.149613898435059
24.555987335,0.402012077538136,-0.132793949111479,-0.0997277954304881
24.565983764,0.400733760359066,-0.122975776525714,-0.0996625295011087
24.575996787,0.399551399640582,-0.11422551705151,-0.04979942559513
24.586006009,0.398446709071409,-0.107576575985932,-0.0997654950794678
24.595985289,0.397401105036334,-0.101793083128977,-0.049839584116757
24.606011523,0.396410286121769,-0.0952491374054667,-0.099712431931892
24.615984727,0.39549617581824,-0.0852178293359121,-0.249317486994608
24.626007921,0.394706236489672,-0.0703370590521931,-0.0997035734727296
24.635985643,0.39408937020845,-0.0517160430260322,0.0498497029192105
24.646009972,0.393671809559547,-0.0313853906786214,0
24.655996976,0.393461306704245,-0.0102845906348946,1.48988834598804e-06
24.66601303,0.393466086296571,0.0120794312337531,-0.0498201451672285
24.676010894,0.393703063450444,0.0360655309876516,-0.0498566715689325
24.686012883,0.394187391614691,0.0605298124083715,0.0997804941194706
24.69599669,0.394912799933156,0.0829279636243386,0.149663191825376
24.705999488,0.395844840067105,0.100867173820393,0.0498591434521457
24.715994356,0.39692990798558,0.112918694059113,0.149685847725597
24.725983267,0.398101382294151,0.11775952992946,0.199436800491656
24.735992597,0.399284891445156,0.115497245731004,0.0996488538108236
24.745995166,0.400412701510498,0.107531451535786,0.0997302708949028
24.75598786,0.401435011099386,0.095393219605107,0.0997011259221488
24.765996573,0.40232070012086,0.081090317693636,0.0997018084056919
24.775989429,0.403056944683967,0.066557198109777,0.0498704568750924
24.7859903,0.403651426569752,0.0536335741409173,0
24.795999567,0.40413015990396,0.0435375208983973,-0.0497932020882953
24.806014449,0.404523228375312,0.0357642161816605,0.0997541403099038
24.815990643,0.404845125067728,0.0283983782673257,0.0997039174354842
24.826015296,0.405091219994085,0.0202067289900404,-0.0497822946485177
24.836019778,0.405249848370578,0.0106993283322733,-1.49050710993091e-06
24.84601005,0.405305150432054,-0.000940009179064104,0.0499149900224779
24.855995667,0.405231070851558,-0.0154187584359118,0.049911986935023
24.865987738,0.404997119286674,-0.032347353763707,-0.0498709931564236
24.875989179,0.404584333645915,-0.0502089114797729,-0.0996650249306023
24.885996689,0.403992491637112,-0.0675614689404324,-0.0996074218517954
24.896009402,0.40323173797152,-0.0839162841892189,0
24.906002352,0.40231369073541,-0.0988052799929427,-0.099762913384538
24.91599872,0.401256687809662,-0.111132659122169,-0.199520609119335
24.925991894,0.400092199778316,-0.120046999213746,-0.0997476887431854
24.935991089,0.398856663904038,-0.125360385015106,-0.0498568111690297
24.945991691,0.397585017526172,-0.126784468962332,-0.149475817974579
24.956002748,0.396319496344668,-0.123671717055716,-0.249341483899938
24.965986045,0.395112281435572,-0.115559103062034,-0.0996883069077294
24.976006727,0.394007854473756,-0.104177038915425,-0.0498406228888873
24.98599174,0.393028147369027,-0.0915080819123329,-0.0498866526679867
24.995993963,0.392178860844667,-0.0781964051325307,-0.0996652688809878
25.006000343,0.391463546542703,-0.0646022744124163,-0.0997669175758828
25.01598218,0.390887576565018,-0.0504995404159391,0
25.025986371,0.390454261313963,-0.0360588564135261,-0.0497848026383011
25.036010306,0.390165385245352,-0.0216577299539599,-0.0996963408344106
25.045988738,0.390021055451037,-0.00782162064022601,0
25.056020891,0.390008870040693,0.00382420268870029,0.0997526545184269
25.065979813,0.390097505373802,0.0120732101448669,0.0498760971368977
25.076012357,0.390250231210815,0.0173213919619199,0
25.08600932,0.390444444315353,0.0214306660743613,0
25.095993662,0.390678443886,0.0261034242548981,0
25.105997867,0.390966213837933,0.0324639100865335,0
25.115996905,0.391327827368191,0.0407066320514375,0.0498717115421704
25.125991091,0.391780070650823,0.0501897511685459,0.0498541544387537
25.13599717,0.392331635691846,0.0601116561814677,0.0498530831026464
25.145991188,0.392982309605283,0.069468177949415,0.04985804894024
25.155995275,0.393720867608637,0.0769620849010299,0.0996986880815313
25.165993383,0.39452172023508,0.0813800547031318,0.149580979410648
25.175992865,0.395348272576768,0.0822020498613555,0.0996676698390128
25.186001504,0.396166428795154,0.0804258538843505,0.0498475671699875
25.195995773,0.396957023532838,0.0772907857866013,0
25.206016489,0.397713402713311,0.0735463790695946,0.0997423714782921
25.215988909,0.398427446291884,0.0685166413305895,0.0998385939952404
25.225990356,0.399081944994535,0.0614652199555554,0.0996691444060891
25.235997033,0.399657250034442,0.0531683893532493,0.0997103578981702
25.24599021,0.400145305019015,0.0452141913824834,0
25.255999334,0.400561637899946,0.0398708589394261,-0.0498381815132175
25.265996885,0.400942988335787,0.0382982569632585,0
25.275997115,0.401327518055379,0.0395562304822813,0.0498679552124977
25.285991615,0.401733904484098,0.0412866867920801,0.0498623624432894
25.29599349,0.402153102126981,0.0410251298739247,0.149514459887588
25.305998102,0.402554673211594,0.0376269437722692,0.049868102362127
25.315988161,0.402905440488443,0.031592573317349,0
25.325994638,0.403186415241267,0.0244331601180466,1.49013708634187e-06
25.33598788,0.403394096825086,0.0171477787273921,-0.0498555908267562
25.345993729,0.403529355228484,0.00950477938569231,0.0498559597776314
25.355986823,0.403584182366248,0.000603830027072126,0.0997339220212161
25.36598826,0.403541428526679,-0.0095656957071024,0
25.37599287,0.403392810608344,-0.0192839486703273,-0.0498426186956027
25.385992556,0.403155666709429,-0.0259576389483587,-0.0498445024132294
25.39599641,0.402873565939335,-0.027522359610783,-0.0996744300041842
25.40599932,0.402605033355973,-0.0233339030231742,-0.0497945710444688
25.416020607,0.40240632326842,-0.0144251439310968,0
25.426023714,0.40231617859039,-0.00266725361703359,0.0499185735042593
25.435995062,0.402353046331073,0.0104913976959531,0.0499173914481702
25.445998642,0.402525743503986,0.0245554200757247,-0.0498481727372338
25.455997727,0.402844220172782,0.0395050543852905,0
25.465976414,0.403314966473343,0.0542245989680652,0.0997549998075594
25.475988332,0.403928202712036,0.0669702977650503,0.0498590686548577
25.48597411,0.404654218129078,0.0759447021681826,0.0997265286727828
25.495984943,0.405446839378804,0.0797673605967181,0.149505328073958
25.505981819,0.406250180267595,0.0783403316233788,0.0997583083496767
25.515974885,0.407012858064216,0.0725863525612816,0.0498621671827999
25.52597887,0.407701693261667,0.0644354748449385,0
25.535978156,0.408301778329553,0.0550640100082763,0.0497977592236152
25.546001785,0.408804235253622,0.0447753281354749,0.0996967993854207
25.555980431,0.409197386756134,0.0334146087367521,0.0499079891105733
25.565979879,0.409471795447938,0.0214803467299067,-0.049837608600219
25.575986738,0.409627129167279,0.00971185748061691,0
25.585997542,0.409666204138089,-0.00204246180053978,0.0498324650202416
25.59599511,0.409586262831778,-0.0141801359713516,0
25.606009243,0.409382435496891,-0.0264912475702888,-0.0498105177311581
25.616012298,0.409055982548809,-0.0384676825186895,-0.0996276357852476
25.626025404,0.4086124601703,-0.0503356472677044,-0.0498808627928041
25.636001854,0.408049795308955,-0.0630944856462606,0
25.646015843,0.407351173703752,-0.0777659374935041,-0.0498040173987051
25.656022253,0.406492890211726,-0.0946585615790509,-0.0996948256524337
25.666018514,0.405457749639153,-0.112539031950101,-0.0997160822823588
25.67602066,0.404242288847402,-0.129924305662807,-0.0997702454251083
25.686006363,0.402860842236135,-0.144756286501798,-0.199543592120905
25.696008049,0.401348988638895,-0.155206745597622,-0.249199474869984
25.706012111,0.399755815195809,-0.166602570130397,-0.1545154692722
25.715367011,0.398123735814638,-0.163997233010367,-0.0997331171616393
25.726007401,0.396476642962569,-0.159498136709834,-0.0965630973448021
25.736018716,0.394829827347257,-0.163220875008059,-0.149488136090535
25.746017411,0.393210591621449,-0.158151598906636,-0.249420410327691
25.756006743,0.391668688918218,-0.147385758448388,-0.199586350519888
25.766000518,0.390265366240099,-0.130737069297179,-0.0997153792328796
25.776005291,0.389054137362499,-0.109635052735731,-0.0997488873168066
25.785992348,0.388073560903765,-0.0852190307100524,-0.0997260050225864
25.796002007,0.387350036607595,-0.0586939755424371,-0.0498302885382807
25.806002192,0.386899103609421,-0.031168413130426,0
25.816002756,0.386726644999845,-0.00323839982763257,0
25.8260074,0.386834318747282,0.0247382166666528,-0.0498513582540153
25.836003545,0.387221428851631,0.0519378384175125,0
25.846009957,0.387873208320685,0.0762815299717819,0.199269766696773
25.85601825,0.388748181170965,0.0956715367358231,0.149474264347891
25.866021824,0.389787774389528,0.10941380111964,0.0498371303005708
25.876025347,0.390937233703104,0.118096570510758,0.0996978955702477
25.886024178,0.39214998379907,0.122190348134274,0.149626209382669
25.896016892,0.393380007546396,0.121568924099416,0.149547155245695
25.906026291,0.394581619156195,0.116759117457006,0.0996741310828586
25.916023716,0.395715986659754,0.108693170886336,0.09979058687923
25.926009767,0.396753686527966,0.0979637916367632,0.149599352425109
25.93601885,0.397674785800679,0.086091360422224,0.0997341006828153
25.946004561,0.398475065544788,0.0748493045769715,0
25.956016708,0.399171611565008,0.0660270347638277,0.0498632336187076
25.966001782,0.399795422750935,0.0604419399500999,0.0997113749616149
25.976016358,0.400380429209331,0.0582812968789342,0.049778875603793
25.986031694,0.400962791998666,0.0600392945799515,0
25.996024488,0.401581703220395,0.0653050707117272,0
26.006015325,0.402267824434198,0.0722173445565658,0.0997491955309062
26.016016555,0.403025477211332,0.077966437173931,0.149523002356413
26.026020669,0.403827569830317,0.0799690974723759,0.0498280595725438
26.036026696,0.404625670127397,0.0765568760935783,0.0997079200216723
26.046021012,0.405358733611197,0.066689404988258,0.149529079089797
26.056031227,0.405959760396856,0.050467704490198,0
26.066012173,0.406367641616961,0.0287263913313297,0.049859195810407
26.076028872,0.406534220572831,0.00293506539900526,0.0498220167348381
26.086024741,0.406426379812843,-0.0250885590034199,-0.0498557703156343
26.096027891,0.406032474004639,-0.0530345400391588,-0.0499082164419992
26.106002744,0.405366855612837,-0.0782487842888317,-0.0997355063896833
26.116022702,0.404467904351804,-0.0986091053318759,-0.0996751025569863
26.126009672,0.403393990342318,-0.1124247144698,-0.14949609277515
26.136031647,0.402218404423337,-0.11872038449531,-0.199331200368626
26.146018358,0.401018551447152,-0.118228139034528,-0.149744197792444
26.15600744,0.399856703591208,-0.112657943444643,-0.0498351276390749
26.166026259,0.398764502467848,-0.105525665588383,-0.0995998339383368
26.176028889,0.397743926859439,-0.099664649900097,-0.099947022369037
26.185978159,0.396776003339506,-0.0958742985339584,-0.0498729876367643
26.196022199,0.395827082287817,-0.0955383012282777,0
26.206025095,0.394860753129234,-0.0984535675159465,-0.0997573751489033
26.216012328,0.393858982772663,-0.104889776374939,-0.206374365051422
26.225351067,0.392833656247926,-0.101824142027823,-0.0497712937981322
26.23604589,0.391819082510252,-0.0953483150377201,-0.0965832702822
26.24599815,0.390864991673432,-0.0892774792560053,-0.149790149111306
26.256015555,0.390036241157465,-0.0728674876234599,-0.0995174942326436
26.266036464,0.389404850076042,-0.0500656253502903,-0.0996589185717849
26.276025732,0.38903441913259,-0.0220804283577098,-0.0499750124073368
26.285988361,0.388964303643733,0.00822795560870268,0.0499205678694164
26.295999986,0.389198766407819,0.0370882223967285,0.0497786188743408
26.306018975,0.389707203510508,0.0616274135907774,0.0995891458054929
26.316023883,0.390432787389937,0.0799225028202324,0.149566963297281
26.326018439,0.391305610728451,0.0911506536586837,0.0498119368910262
26.336041099,0.392257369712764,0.0960717703193637,0.0996771801065083
26.34602495,0.393227671658135,0.0989537804376656,0.155200158333654
26.355314656,0.394164561040395,0.0901311240045837,0.049886324693935
26.36601172,0.395029101703456,0.0789027241717747,0.0962950206658717
26.376023544,0.395798548718163,0.0719460763830936,0.149399534222133
26.386033597,0.396469597195431,0.0634681760606484,0
26.396017234,0.397067511755185,0.0588050933791277,-0.0499389546540485
26.4059999,0.397643717507782,0.0593131192536621,0.0498684141228242
26.41601178,0.398253450646506,0.0645713139475811,0.0995897625251838
26.426023673,0.39893667884058,0.0757969082023079,0.0516958047272239
26.435298964,0.399715359561635,0.0830054305958307,0.0997825411153319
26.446009059,0.400595574411134,0.0894484736625994,0.0962485327740024
26.456018164,0.401568660377145,0.10082442230119,0.0996344303447915
26.466023855,0.40261355465531,0.106606054770346,0.149572108715695
26.47601694,0.403700650986741,0.110293467605926,0.0504026489582232
26.485806472,0.40479544808256,0.108866429377399,0.10074267054191
26.495811855,0.40585565270262,0.101801878840553,0.199746842845162
26.505773523,0.406828131389265,0.0927357956536269,0.102499361509282
26.515267223,0.407659861733834,0.074088676546412,-1.49012829446148e-06
26.52577336,0.408309892843739,0.053014944531455,0.0972627216436792
26.535770071,0.408746819083291,0.031467553327666,0.0493380557182288
26.545983441,0.408945854645363,0.00728900788700084,0
26.555998161,0.40889426179084,-0.0174808072333691,0
26.565992153,0.408596086207903,-0.0411355992530127,-0.0997202309743646
26.575995736,0.408071649559608,-0.0621966492075367,-0.049834587147328
26.586000271,0.407351648311354,-0.0829999205443648,-0.0517554215899877
26.595261279,0.406472611021364,-0.093672682753751,-0.0998057099584472
26.605980719,0.405480026144572,-0.0985270074244807,-0.144298533162074
26.615990936,0.404430179952218,-0.104851968380841,-0.149450792083205
26.625995729,0.40338141294891,-0.102486652146543,-0.0996962308391178
26.635993624,0.402380171425166,-0.0964910530985943,-0.0997418466289546
26.645989269,0.401452215219141,-0.0890641996903026,-0.0997571318768345
26.655983503,0.400599788850125,-0.0825038791026093,-0.0498296908761631
26.665999353,0.399801305667972,-0.0820864673618365,-1.54699770866601e-06
26.675248123,0.399018424249257,-0.0793952372040023,-0.0498647281141944
26.685995377,0.398213716599355,-0.0795779081166808,-0.0961341694906064
26.695991661,0.397367696888278,-0.0867897813867548,-0.149869775801179
26.705954432,0.396481474579219,-0.0900715311276602,-0.0996813304828249
26.715997339,0.395565754839571,-0.0923196863271332,-0.0497500661403174
26.725995943,0.394631248570177,-0.0937556801652779,-0.0996837273515708
26.736002237,0.393690182020944,-0.0935348291876299,-0.0997338154627993
26.745991093,0.392761005630346,-0.0945434669567065,-0.0518125388329249
26.755246542,0.391870758707072,-0.0850262936297076,-0.0996373077343327
26.766005311,0.391059270853909,-0.0720069122940269,-0.192206026297353
26.775996805,0.390376596339153,-0.0622180935614006,-0.10364903693669
26.78524488,0.389862221549786,-0.0426107314661023,0.049849508910186
26.795998336,0.389524316472801,-0.0250293135278941,0
26.806002057,0.389342683658699,-0.0119662038444086,0
26.815989706,0.389285095664252,-0.00117159343544066,0.0517970371993751
26.825251546,0.389320131083751,0.00739993478817413,0
26.835238669,0.389427536735192,0.0142237701418513,0
26.845256684,0.389604679568319,0.0209588905395901,-0.0480636809398514
26.855983366,0.389862322568892,0.0291701919933198,0
26.866005057,0.390209913592278,0.0389901739884808,0.0996402101830485
26.875997001,0.390642657679684,0.0467867073024428,0.0997635871486611
26.88599424,0.391145141646514,0.0551683192950048,0
26.89523863,0.391704186012112,0.0583147801120213,0.049853556709133
26.905994147,0.39231143182548,0.0627434270777659,0.099742940208251
26.915231652,0.392958616730033,0.0662256555469808,0
26.925993353,0.393635892353249,0.0660805924804632,0.0961902592820423
26.935963404,0.394328583185351,0.0690822145869978,0.0998694961084391
26.945961338,0.395015324977889,0.0697225489748826,0.0517022785080754
26.955248173,0.395673166436423,0.0656705724413292,0.0517557712947136
26.965226175,0.396280457851668,0.0570370135669915,0.0498760746830901
26.975239648,0.396813420467222,0.0480591311656962,0.0498211583227497
26.985239686,0.397242289801903,0.036009399986624,0.0997898028815768
26.995223281,0.397533019101105,0.0208083854231018,0.0498886569767615
27.005226119,0.397658175203,0.00362669103400575,-0.048072148435454
27.015964324,0.397608240455789,-0.0128456554850818,0
27.025964144,0.397391781678409,-0.0301785013849479,-0.103601293459882
27.035213047,0.397027342842075,-0.0445447372756966,0
27.045213471,0.39653432546446,-0.0547472973825713,0
27.055216183,0.395932225206899,-0.0640494485815115,-0.0498180761104036
27.065227622,0.395252430129083,-0.0691361843795255,-0.0996837423004724
27.075221078,0.394549163097686,-0.0678975775800099,-0.149698447584129
27.085209719,0.393895694147814,-0.0591500874969059,-0.0997131105949026
27.095220081,0.393366220320385,-0.0423306382058761,-0.047966048711247
27.105997262,0.393015744185892,-0.0248117300208669,0
27.115208011,0.392870285197549,-0.00457273034316264,0
27.125205527,0.392927909969687,0.0148352722182038,0.0996903252352296
27.135211585,0.393167043663176,0.0314518695327409,-0.049848245353896
27.145207565,0.393557011459252,0.0445997195716505,0.0498539799521364
27.15521192,0.394059052995515,0.0533609896807539,0.149599090562965
27.165202734,0.394623973465926,0.0571962585879999,0.0498563436917052
27.175210709,0.395202908902606,0.0568265614830997,0.0498516199646995
27.185203418,0.395760543564956,0.0538373244751156,0.0499513559919793
27.195172055,0.396277574364168,0.0494997411365462,0.0499454310017187
27.205167132,0.39674874224008,0.045275378314353,0.0499033709862731
27.215152595,0.397182200871593,0.0424019646431183,0
27.225195001,0.397597963233295,0.0418575181715094,0
27.235172146,0.398020169591361,0.0437422582529006,0.100317241105086
27.245073566,0.398467496557222,0.04646403725875,0
27.25520253,0.398950862099844,0.0499026914722939,0
27.265168439,0.399470284804716,0.0528593037857434,0.099944599766535
27.27515551,0.400005562731095,0.052388256714014,0.0999199565250282
27.28512634,0.400515844445777,0.0474776540380025,0.0998378966792336
27.295129218,0.400953867529375,0.0383063686006364,0.04973458605263
27.305174089,0.401283800908584,0.0268474778976,0
27.315166251,0.401491811329976,0.0151064247116386,0
27.325152821,0.401585608119376,0.0047180680568207,-0.0499407736818628
27.33513123,0.401586007459651,-0.00351422539025166,1.49045739013531e-06
27.345148242,0.401515339703209,-0.00970176554312369,0.0498688481000988
27.355125602,0.401392026750325,-0.0139782100172789,-0.0498076272601828
27.36516719,0.40123551064374,-0.0161446586172691,-0.0497256997405951
27.375177533,0.401068295169713,-0.0163015752315548,0
27.385176753,0.400909323247145,-0.0149960415074128,-0.049766534542234
27.395212412,0.400767851292633,-0.0135150971690198,0
27.405128781,0.400639669650006,-0.0131700390659443,-1.49536773185337e-06
27.415142174,0.400505375548518,-0.0152763274670353,0
27.425178625,0.400333381667399,-0.0207905107862495,0.0497122873927284
27.435199515,0.400088373184114,-0.0294898634606998,-0.0498748696914071
27.445170583,0.399743821555667,-0.0399773096283653,-0.0499147301526413
27.455175508,0.399289786726819,-0.050454041500509,1.48965361246909e-06
27.465176793,0.398734427406059,-0.0590951750643736,-0.0499235472499276
27.475147973,0.398109510411177,-0.0630518248547198,-0.149697210846193
27.485158856,0.397474521869547,-0.0603171620033227,-0.149560300207319
27.495148328,0.396903145758518,-0.0508903918384441,-0.0498925920045733
27.50514431,0.396457454284418,-0.0366077614375326,0
27.515115212,0.396172202832395,-0.0200640233408662,0
27.525103335,0.396056995940957,-0.00337759561157389,0
27.535020025,0.396104972423357,0.0121989153250384,0.0500525501080821
27.545024324,0.396300010398959,0.025698045156934,0
27.555162004,0.396622581909249,0.0374722209147442,0
27.565034066,0.39704981987163,0.0465951302710763,0.0501991485357603
27.575024817,0.397548092268534,0.0509950191311967,0.0997735249779365
27.585021258,0.398069067110049,0.0506836823755163,0.149735068128929
27.595002027,0.398560610834923,0.0458684787108764,0
27.605028823,0.398986783679308,0.0387515924856418,0
27.615018421,0.399336277978243,0.0314266836283838,0.0498309383410558
27.625037808,0.399615599720628,0.0252954301916796,0
27.63502951,0.399842467083102,0.0213434493320589,1.4925247116693e-06
27.645005533,0.400041779847442,0.0199410786773282,0.0498827607072438
27.655017708,0.400241053312038,0.0212376816410461,-0.0498136596483671
27.665022655,0.400466897111848,0.0247698326309905,0
27.675021776,0.400736550728337,0.0290818129752041,0.0997071772160005
27.685023147,0.401048547679604,0.0325507286967644,0.0499046518245038
27.695001206,0.401386895733783,0.0342508663162577,0.0498372897421195
27.705029582,0.401733785410254,0.0344205931368913,0
27.715030697,0.402076322694233,0.0334411022614177,0
27.725038292,0.402402898727483,0.0309440871626812,0.049891867201428
27.735015844,0.40269474482496,0.0260104032134715,0.0498431791160893
27.745042961,0.402923228234325,0.0180713263183083,0.0498548623684159
27.755015825,0.403056171007971,0.00730312649301077,0.0498709058540691
27.765036508,0.40306924363711,-0.00488004456984902,0
27.775025024,0.402958525225044,-0.0160884935607002,-0.0498581686112345
27.785034565,0.402747505025839,-0.0238750619191296,-0.0997251372714065
27.795021914,0.402481098238104,-0.0269653506002606,-0.0498695280277537
27.805029262,0.402208341011088,-0.025703823208943,1.49065755674058e-06
27.81501465,0.401967208486497,-0.0211787389230657,0.0498595584585944
27.825027957,0.401784793870881,-0.0137825524364697,0
27.835030928,0.401691333085379,-0.00277520252617652,-0.0998134110065849
27.845007162,0.401729347530694,0.0125229643799081,-0.0498869397010628
27.855018049,0.401941631089719,0.0309480464599847,0.0497949502698999
27.865030608,0.402349034067791,0.0498729667604908,0.0498521409017547
27.875018524,0.402939114114588,0.0658253114748511,0.0498748785271691
27.88502316,0.403665050030368,0.075419961347905,0.14952691376345
27.895023544,0.404447891949752,0.0761709897131483,0.149517808000509
27.905029199,0.405188929821238,0.0672721201322494,0.0997629097338421
27.915012564,0.405792595704518,0.049745638405566,0
27.925022792,0.406183523869044,0.0257994174262903,0.0498297653770295
27.93502202,0.406308828012335,-0.00225409956050555,0.0498913121352083
27.945007564,0.406138476203262,-0.0319116327481883,-0.0997424623113505
27.955014839,0.405670824514806,-0.0602799312394342,-0.0498166025815555
27.965022307,0.404931988871447,-0.0850525062563998,-0.0996720436848331
27.975022381,0.403969132923676,-0.104259811864184,-0.0997047394950309
27.985023288,0.402846690355288,-0.116205480428188,-0.0997586576806505
27.995012253,0.401646200244218,-0.119231281614632,-0.199637937795146
28.005001082,0.400464712372835,-0.11215451144382,-0.149596129479016
28.015008017,0.399403585101852,-0.0954884065048594,-0.099528989872325
28.025037381,0.39855147810907,-0.0715924955643974,-0.149407899384663
28.035028773,0.397970249216726,-0.0434168751694,0
28.045040906,0.397682987561197,-0.0147993391925807,0.0997441614412487
28.055021849,0.397674364903499,0.0113509201796017,0
28.065024745,0.397909822522568,0.033983248757282,0.0498576001793166
28.075020134,0.398353971597373,0.0534130651451761,0
28.084954446,0.398974328940405,0.068823883258522,0
28.09503864,0.399731722917327,0.0793552087389287,0.14910591545062
28.10501575,0.4005662979069,0.0834401414003079,0.149760496485525
28.115012259,0.401398324510963,0.0789802248058625,0.0996919446615091
28.125019298,0.402146182624855,0.0671202946330359,0.0498091035254421
28.135031212,0.402742002534568,0.049427065382884,0.0498144173394904
28.145034919,0.403135496032701,0.0274494699950148,0
28.155034586,0.40329108454898,0.00237071375301303,0
28.165015807,0.40318286499868,-0.0250231534994728,0
28.175003006,0.402791411710178,-0.0540518531308277,-0.0500460447013871
28.18493879,0.402105990847636,-0.0830111694358518,-0.0498337030463826
28.195012077,0.401130435327143,-0.110411629875409,-0.14890681192657
28.205026918,0.39988802789401,-0.135548791966121,-0.199286852946125
28.215025066,0.398417698844562,-0.156540442765601,-0.149728824494427
28.225004762,0.396760687348748,-0.173343132434023,-0.0997935214363409
28.235008253,0.394953750613967,-0.18584645847636,-0.199075446774721
28.245039303,0.393037338856699,-0.194337230738767,-0.199298215529876
28.255020101,0.391064703491682,-0.196836754273488,-0.199522685240772
28.265028637,0.38910270323205,-0.191772148642821,-0.19943623770452
28.275018249,0.387229615680845,-0.179489770425119,-0.150479783077005
28.284906783,0.385534779370033,-0.155595045284707,-0.24921037469124
28.295023122,0.384116956560495,-0.122539924017151,-0.198322711226599
28.305017215,0.383070448560801,-0.0827416924569151,-0.0498737620484534
28.315015524,0.382462751382736,-0.037254962619708,-1.48992655676151e-06
28.32501976,0.382325254494527,0.00984059407749846,-1.49102783888797e-06
28.335003295,0.382659442923661,0.0558992932370647,0.0498949130531297
28.345003687,0.383442341889928,0.0981849643245123,0.0995609755199462
28.355033157,0.384626074209556,0.134823156162299,0.149641487938862
28.36499339,0.386137416739135,0.163123859577941,0.199834244457819
28.374991475,0.3878817520724,0.18237226155121,0.201242038121503
28.384811941,0.389751770705673,0.18778023874348,0.249125281771601
28.395003181,0.391639555002744,0.183353204381895,0.246931843887429
28.405001527,0.393453595993917,0.174956109237571,0.149623657220386
28.414995067,0.395137257593625,0.161249504246542,0.149632998109071
28.424992165,0.396677076460989,0.148095635455502,0.099748212621198
28.434987331,0.398098024634899,0.138569662637227,0.0498465457598753
28.444994885,0.399448846623216,0.134014844712572,0.0996736229207277
28.454994257,0.400779249715965,0.133558182631432,0.149572454623746
28.464993814,0.402119867235031,0.134789761023163,0.149521390334455
28.475000016,0.403475821190662,0.136783603569687,0.150955032016889
28.484809378,0.404830311485717,0.13375822552947,0.149589439712939
28.494996475,0.406150512063375,0.127001466329931,0.148190238283135
28.504994441,0.407393844084679,0.118575832321185,0.149956282734446
28.514944016,0.408515808340211,0.10424646425199,0.0997258005510692
28.524991198,0.409478435298435,0.0867907992335584,0.0994577698794026
28.534994363,0.410255993981251,0.0678792558954517,0.0498234013517433
28.545003808,0.410836876373761,0.0482753287734296,0.0497958268697349
28.555018055,0.411222644295809,0.0295322739058115,0.0498818884011796
28.564992953,0.411427201279044,0.0126853315617382,-0.0499152648877948
28.574993834,0.411476043675628,-0.00160501441809191,-0.0997905701439934
28.584976731,0.411395127027226,-0.0142790288043838,0.0499549371891178
28.594953749,0.41119103547441,-0.027377171010129,0.0497680096438858
28.605011615,0.41084662858179,-0.0425852028119097,-0.0497159632923645
28.615009607,0.410336952693913,-0.0603167194383766,-0.0997639927677475
28.625000418,0.40964096955933,-0.0798485653466449,-0.0498534340661788
28.635010161,0.408739937150875,-0.100797689620545,0
28.645043417,0.407620681567063,-0.122432820332275,-0.199263534330511
28.655025492,0.406289403726661,-0.142574521410014,-0.199751856854296
28.665010116,0.404773939013,-0.159476855161693,-0.100080824787589
28.674951313,0.403111696457066,-0.171044043343058,-0.0996089682455446
28.685029729,0.401349703459317,-0.177026860459863,-0.248331878924675
28.695027075,0.399557747338867,-0.176345639155564,-0.299330630453016
28.70501615,0.39782518527364,-0.166198254906231,-0.149672986999032
28.715012372,0.396236225853684,-0.14864970809291,-0.0997310281673159
28.72501156,0.394852873413942,-0.125916064972396,-0.149533571555854
28.735016302,0.393717409704101,-0.0997903022448753,-0.0997066039171191
28.745012167,0.392857006796331,-0.0717058498807505,0
28.754975556,0.392286214433045,-0.0421768724080808,-0.0997276516114257
28.765008254,0.392013634386271,-0.012178444614833,-0.0497510268287386
28.77501668,0.392042144714392,0.0173946936890187,0.0994797741269306
28.785054166,0.392362326885228,0.0455790713861985,0
28.795022677,0.392953999479807,0.0714698114393005,0.0499584087626606
28.805012694,0.393788759117994,0.0937249182997416,0.149695517768398
28.815004966,0.394826837883774,0.111506349536058,0.0996853568080939
28.825017265,0.396019395804239,0.124830479582516,0.150052350644286
28.834939736,0.397315304783241,0.132284404497879,0.0997388584850234
28.845011404,0.398664308575302,0.134496581447256,0.148964089470149
28.85502014,0.400016050475321,0.133026980349928,0.249311502440673
28.865008282,0.401324432872068,0.127328099661106,0.04987103658875
28.875013037,0.402561708057051,0.119658581374567,0
28.885020298,0.403719042317073,0.111269989555131,0.19941071527587
28.895013894,0.404787203206535,0.101556339970595,0.149548673004394
28.905022208,0.405750363089094,0.0908269297374135,0
28.914928558,0.406595990994407,0.0781907876972266,0.099721347988939
28.925019559,0.407313971715642,0.0644383377421869,0.0992696449492492
28.935016602,0.407890431158259,0.0497731340654584,0
28.945014851,0.408309200065036,0.0329282936885692,1.49003404903992e-06
28.955017704,0.40854903331901,0.0132733755912289,0.0498293995210208
28.965025052,0.408574802978565,-0.0103991324075333,0.0997101989119513
28.975017291,0.408341054965701,-0.0381968403985224,-0.0499117893137594
28.985002222,0.407811738204461,-0.0686999918754436,-0.100302119014951
28.994898853,0.40697519181783,-0.0982534325367665,-0.0498277585333598
29.005013082,0.405845602521448,-0.124893447939505,-0.148757546895045
29.015007338,0.40446377379334,-0.147538003378955,-0.249213695718904
29.025017808,0.402894145189265,-0.162811910550637,-0.199357260075912
29.035013259,0.401206571573005,-0.171898439736409,-0.0997603956934322
29.045007033,0.399458028600225,-0.175548338692618,-0.149501382758168
29.055021496,0.397694158807487,-0.174978676695563,-0.249271039434716
29.065007157,0.395958433368958,-0.171312761310646,-0.150514341000664
29.074895078,0.394289560597933,-0.161958641169804,-0.0996667982060183
29.085015752,0.392717868511041,-0.150183024281993,-0.24788753808493
29.095006826,0.391269117459696,-0.137862515108999,-0.149506209820723
29.105023343,0.389959571694509,-0.124103436232237,-0.0498395965732202
29.115012335,0.388786365049221,-0.11133761407222,-0.0996963159132789
29.125025715,0.387732555320244,-0.100266977054678,-0.0996306975923853
29.13502818,0.386779436777876,-0.0909769504779428,-0.0498854471651335
29.145013434,0.385914133598614,-0.0827581987668473,-0.0502711789293592
29.15486194,0.385138030525502,-0.0718688902957215,-0.0996824866084092
29.165018581,0.384476385883521,-0.0576675968098686,-0.148506524042558
29.175004214,0.383976473989636,-0.0393878674341062,-0.0996697969255376
29.185026275,0.383688325484587,-0.0166262666266979,0.0498513707163673
29.195004998,0.383643935622109,0.00823947266556291,-1.48923415098978e-06
29.20503812,0.383853212534452,0.033197989015203,0
29.215009003,0.384308028360359,0.0564411582598322,0.0997576782983089
29.225028487,0.384981492001971,0.0767297731114353,0.100521755325989
29.234847421,0.385830225672389,0.0911386616297327,0.0997690888327132
29.245016269,0.386803151702398,0.100044917601525,0.0988538155661453
29.255020267,0.387848416388247,0.105588476496578,0.0996877734682181
29.265020654,0.388915384237799,0.105374639365815,0.149541675122225
29.275023113,0.389956209071787,0.100813983219105,0.099718814795472
29.285018513,0.390931448059443,0.0930533640005661,0.0997471110927069
29.295015299,0.391816549232812,0.0837067695796396,0.0997017191056929
29.305019801,0.392605691265355,0.0755578569974968,0.0503167842047268
29.314832267,0.39331387686708,0.0684604622055385,0.0498515995780784
29.325021091,0.393974988823462,0.0653328504298166,-1.47629317403937e-06
29.335019533,0.394632768497245,0.0674752460169058,0
29.345007059,0.395323546931148,0.0712294253798818,0.0997489122642954
29.355011358,0.39605677470429,0.0756057217951766,0.152181169797235
29.364663163,0.396809660861749,0.0740271903491556,0.0498288992278246
29.375022358,0.397538132810367,0.0678436734035932,0.147027598505234
29.385007842,0.398189918619326,0.0600623389266723,0.101447653836325
29.394679126,0.398718764272186,0.0454270548336945,0
29.405021997,0.399099102735961,0.0305372850379972,0.0497888920237672
29.414705607,0.399330318630791,0.0167582700396109,0
29.425007376,0.399434023114087,0.00586865134981353,-0.049147833254448
29.434993303,0.399449380045306,-0.000539724975975605,1.49094571211019e-06
29.444996248,0.399423234620627,-0.0024128795001021,0
29.454991992,0.399401125618589,8.5235896237788e-05,0
29.464989229,0.399424938740281,0.0066546808270578,0
29.474801732,0.399532953115556,0.0165308499118032,-0.0498421399862113
29.484994913,0.399755649699868,0.0283756925593157,0.049387158128493
29.494991116,0.400105840868902,0.0408278970176902,0.0498671836485171
29.50499055,0.400572029508107,0.0506997536104213,0.0498672793327746
29.514986117,0.401119582493042,0.0561502867917799,0.0996929120969631
29.524993306,0.401695189994133,0.0559088756713211,0.149479851579171
29.534997236,0.402238381657257,0.0503361144153792,0.0498522895204761
29.544994917,0.402701993373921,0.0418827053830988,0
29.554762786,0.403066216364642,0.0316714609618484,0
29.564994839,0.403335420122784,0.0227350429443818,0
29.574988319,0.40352604472597,0.0161343754082045,0.0498643897982511
29.584990401,0.40365803602659,0.0114096560230374,0
29.594993964,0.403754302253939,0.0092231337354022,0
29.60498471,0.403842446212444,0.00992738722193286,0
29.614995375,0.403952864005921,0.0136066535660733,0
29.624988461,0.404114630322323,0.0201723133929693,0
29.634708491,0.404350523159825,0.0278898679957129,0.0498384630065379
29.644995023,0.404672610695551,0.0359734085905576,0
29.654988453,0.405080062519052,0.0441222920994292,0.0497865228328825
29.665022457,0.405556266988501,0.0494284307078926,0.149309733060869
29.675022372,0.406070307696151,0.0516093987772055,0
29.685021268,0.40658839360047,0.0504883555081205,0
29.694998653,0.407078877273009,0.0458893229082179,0.0998732303461645
29.704988208,0.407504662957619,0.0376611268926566,0.050547041576528
29.714724759,0.407821784654173,0.0242853635727139,0.0996564480967121
29.724998582,0.407990622165435,0.00836524447353216,0
29.734995845,0.407991357244307,-0.00803380028389932,-0.0997738609385475
29.744985408,0.407830051997042,-0.0230219622082925,0.0498696711812944
29.754989887,0.407531055164992,-0.0348508009780909,-0.0498533144214873
29.76498601,0.407133014997298,-0.0421578265510422,-0.149511500519743
29.77499677,0.406687608461651,-0.0444093878804986,-0.0498397684731297
29.78499145,0.406244585652618,-0.0433140932763369,-0.0505817326737652
29.794709347,0.405833776062756,-0.0392185499185184,0
29.805001949,0.405459802898692,-0.0356467419512346,0.0491694809469153
29.814988111,0.405110904195358,-0.0341570613373404,-0.0498473176510292
29.825005555,0.404776538501582,-0.0325936530317826,-0.0498543109499668
29.834988911,0.4044590050598,-0.0302605776043203,-0.0498942281783582
29.844989159,0.404171823101926,-0.0263294964820405,-0.0498382014878544
29.85499498,0.403932255336445,-0.0208391241511661,0
29.864989664,0.403755030095145,-0.0142591144842279,0
29.874673158,0.403651661943502,-0.00588325910752654,0.0498184425613342
29.885004266,0.403637279005645,0.0044406559676568,0
29.894989867,0.403741881458566,0.0187877794173093,-0.0997708708314334
29.904991691,0.404012798337665,0.0376443255454705,-0.0498582982553979
29.914987872,0.404494692869046,0.0592553288623892,0.0498477992615979
29.924993908,0.405198036283977,0.0793678712301535,0.14954948049446
29.934989674,0.406082193314553,0.0934074425159296,0.199496740693721
29.944985991,0.407065445627573,0.100188756902619,0.152030447066146
29.954665069,0.408053446681171,0.0947716423564153,0.0497733062399462
29.965018743,0.408963982435532,0.0826490260767954,0.0980761720094053
29.974997865,0.409733932467989,0.067681678898309,0.049893396771717
29.98500268,0.41031652884269,0.0470676417686818,0
29.995022463,0.410676443073215,0.0233865092194963,0.0996239384818743
30.005019883,0.410784661345198,-0.00259738117601775,0.049937989224211
30.014989152,0.410624581971059,-0.0288825103339503,-0.0499305621655816
30.024989542,0.410207887462765,-0.0530698478820116,-0.101381244524759
30.034659384,0.409580685751015,-0.0697601660140183,-0.149477797401463
30.045000936,0.408811889295153,-0.079212805206107,-0.147078801302539
30.054997183,0.407969671640507,-0.0857541438000593,-0.0499074149262124
30.064979857,0.407098614030749,-0.0878522095079795,-0.0498540078900631
30.074996909,0.406212651521853,-0.0896416461496224,-0.0498223179705637
30.084992304,0.405304665338187,-0.0924426015774774,0
30.094988987,0.404364531820593,-0.095195034092231,-0.149356033609504
30.105020212,0.403398107953331,-0.0984176962949244,-0.202885786868078
30.114647265,0.402429809386708,-0.0958236376665916,-0.0998070287003808
30.125000396,0.401483534041203,-0.0917400066461281,-0.0980322636192392
30.134988864,0.400563670959255,-0.0915475397720975,0
30.144995952,0.399652990083028,-0.0917805152634791,-0.0498351027779204
30.154997373,0.398727279693581,-0.0939457329216689,-0.0997438122169905
30.164989098,0.397774719328648,-0.0960918948343572,-0.0997204553726334
30.174994903,0.396805679143874,-0.0961864316018397,-0.149543499293381
30.1849917,0.395850740419516,-0.0945017061593198,-0.152253518174429
30.194641471,0.394949044947699,-0.0859838164355845,-0.0997015247002383
30.204993027,0.39413094999028,-0.0756973831313179,0
30.214990677,0.393408663304699,-0.0674924760433906,-0.0997213878827314
30.22499037,0.392781279796921,-0.0583691237164411,-0.0498525168052227
30.234991599,0.392241227014038,-0.0503462819769657,-0.0498661620514763
30.244985819,0.391774583283311,-0.0441670828609265,-0.099726160413593
30.254987985,0.391358044976657,-0.0410524239718421,0
30.264995004,0.39095315773736,-0.0433566980089454,0
30.274633087,0.390506298221888,-0.0496173102630015,0
30.284993215,0.389960900297468,-0.0604155060233762,0
30.294990852,0.389276373547908,-0.0755324965727286,-0.049785458883482
30.305021077,0.388448145879594,-0.0876742505097002,-0.149327376034175
30.315022404,0.387520122239762,-0.093430523414125,-0.149565594735379
30.325020724,0.386579568392286,-0.0891215764423695,-0.149566761376728
30.335021895,0.385737736073797,-0.0735871260202366,-0.0997218566377351
30.345017973,0.385108028310065,-0.0482079038025005,0
30.354627362,0.384792597606658,-0.0113886211196185,-0.0499241621637524
30.364990192,0.384880572274956,0.031993926325937,-0.0489763266354319
30.374986102,0.385443953634307,0.081959652550155,0.049839372276796
30.384996389,0.386520273229926,0.132397291066629,0.0997097945337073
30.394986069,0.388091895086529,0.177759593406445,0.249249833788195
30.404998095,0.390075768355921,0.211935598314784,0.299029039348016
30.414992548,0.392331980183566,0.230846266719612,0.299347067418723
30.424983319,0.394689282705876,0.236711591034477,0.355622820191942
30.434618917,0.396977769215786,0.218479700139877,0.249068274209867
30.444999725,0.399062461086634,0.190749826767205,0.0978806565347142
30.454992632,0.40086405182264,0.164525502814048,0.0997415073982653
30.464993333,0.402351919495901,0.132934869508067,0.149569700496147
30.47499173,0.403522629305549,0.10179400818018,0.0997015051825825
30.484994365,0.404387904710921,0.0726438006490227,0.0997494998876086
30.494983736,0.404974924603987,0.0470252476297025,0
30.504997329,0.405328549046349,0.0271051889601977,0
30.514610192,0.405506903402486,0.0121313821393503,1.49056413896763e-06
30.524991318,0.405571103767398,0.00331494546755773,-0.048928322961156
30.534988906,0.405574457728095,-0.00110731458856631,-0.0497748044967629
30.545023467,0.40554892187657,-0.0041201902296602,0.049777311731883
30.555020046,0.405491925620778,-0.00895164958874106,0.099727191971007
30.565019945,0.405369920412505,-0.017540258258057,0
30.575017366,0.405141167463509,-0.029708109211118,-0.049901520334208
30.585001226,0.404776314334379,-0.0448414599058443,-0.0509215059832132
30.594598411,0.404263124819227,-0.0586419570190942,-0.0498720532814656
30.604994313,0.403603880585846,-0.0710630869873843,-0.0977530543707249
30.614998416,0.402813437489369,-0.0844542026906992,-0.0997439679296714
30.624987129,0.401915403251024,-0.093908466271326,-0.0997443011315749
30.634991464,0.4009359210156,-0.100675116275657,-0.0498494985572334
30.644989262,0.399901686185488,-0.104453555450696,-0.0996751125478518
30.654998091,0.398846157692874,-0.104416074686568,-0.19936884479443
30.66499417,0.397812852217662,-0.102129954173445,-0.10174389749915
30.674598211,0.39684439833548,-0.0919841540811826,1.49014498422138e-06
30.684993783,0.395973204733906,-0.0791998945628408,-0.097806330040922
30.694987104,0.395229600159627,-0.0661012308422105,-0.0997039568573491
30.704994921,0.394651104893861,-0.0475072577691155,-0.0498327789514467
30.714995948,0.394279034850057,-0.0250181484146975,-0.0498742709593974
30.724987119,0.394150937117161,0.00066479378195674,-0.0498753711404581
30.734987705,0.394292325245801,0.0276515531336037,0
30.744984747,0.394703902590349,0.0540136146697169,0.101747977775729
30.754587039,0.39535095612026,0.0730507456143523,0.149298003201281
30.76502024,0.39616751029275,0.0844195142689694,0.146339218979905
30.775027623,0.397076540292914,0.092312307200627,0.0997175981105695
30.785018343,0.398013581320316,0.0958698202409608,0.051324894295632
30.79445419,0.398938961779103,0.0909132665191239,0
30.805009674,0.399831058523591,0.0840728895346848,0.0970078120839068
30.815011221,0.400667250775527,0.0791182868925601,0.149541856721335
30.825012695,0.401413663277787,0.0699147699631672,0.152656524097821
30.834605923,0.402037209858354,0.0556338078841612,0
30.845009442,0.402526158458693,0.0420237874349746,0
30.855025378,0.402895312694812,0.032481359642554,0.04982354037766
30.865021398,0.40317617399868,0.0255854097103445,-0.0498964603801474
30.875008088,0.403406578517285,0.022150907560345,1.49156766899309e-06
30.885001935,0.403618761026773,0.0215286084540059,0.0510499092377277
30.894539298,0.403827058290008,0.0205186506852909,0.0997162917032309
30.9050003,0.404029100492485,0.0195840082038058,0
30.914598411,0.404219896123561,0.0184783364892851,-0.0498403787405474
30.925006093,0.404398774267274,0.0166346402645486,0
30.935003039,0.404559319770073,0.0140521416864908,0.0996811660555332
30.945011804,0.404679897352785,0.00865404118325414,0.0498023571577864
30.955023507,0.404732577724653,0.000942014464557439,-0.0498410588739975
30.965017324,0.404698742841996,-0.00801531373030008,1.49058128580626e-06
30.975017266,0.40457232147362,-0.0172519744196363,-0.0498707337444661
30.98501094,0.404353813490208,-0.0270474442572149,-0.0509410332043069
30.994590805,0.404042907268601,-0.0361954254944623,-0.0498472759232137
31.005013367,0.403629817134021,-0.0466208942307195,0
31.015019817,0.403090488460911,-0.0618289705930043,0
31.025007518,0.40239359935981,-0.0786943020583523,-0.0498894757195542
31.035005922,0.401517695877071,-0.096286267327055,-0.0996623402320628
31.045017008,0.400466960256592,-0.11224208917299,-0.199497050036592
31.054997974,0.399273746193736,-0.124078443693031,-0.149550392669665
31.065018688,0.397985182930946,-0.134136844958715,-0.101859667763731
31.074575232,0.396647714572673,-0.134189462797995,-0.14964659238312
31.08500751,0.395302893644801,-0.131306761283354,-0.147659540961696
31.094833245,0.393987700495607,-0.128457994346742,-0.0996720387031593
31.105015053,0.392732764799215,-0.12008439066654,-0.148083299173147
31.115033086,0.391562014897561,-0.112023043276758,-0.0997187699172703
31.125012921,0.390492542766808,-0.101545453899327,-0.0998373693872839
31.135007198,0.389533734628285,-0.0903233433097573,-0.099785982941632
31.144997319,0.388687485125415,-0.0808556507129993,0
31.154574617,0.387951598232266,-0.0678055852848633,-0.0498482275629831
31.164999962,0.387331194209556,-0.0539801620997464,-0.146318746393873
31.175018061,0.386848057811269,-0.0399003912911725,-0.0498213375585293
31.185013401,0.386532650162374,-0.0217403912709588,0.0498205131001671
31.195031233,0.386412963621416,-0.000802612054092474,-0.0498524325315564
31.205013759,0.386516597633957,0.0229986642398632,0
31.215011952,0.386872493468968,0.0493767682606298,0.0498726430583852
31.225006012,0.387503750477346,0.0791562346324339,0.0509878178562794
31.234567531,0.388420439468665,0.105493542791636,0.0996861638895798
31.24501072,0.389614117996778,0.128661029937012,0.0975245601190569
31.255015332,0.391051274605272,0.152816387825602,0.199533535674983
31.264998967,0.392668649702284,0.16645667430034,0.299002197645993
31.275023607,0.394381785520259,0.172073177871042,0.199329616386057
31.285007812,0.396111635246963,0.171338988292434,0.0997478633685919
31.295015941,0.397807251801423,0.166609460412617,0.149515269446676
31.30501439,0.399444920412246,0.164177202439662,0.153063298244892
31.314558569,0.401015705794782,0.153662996046572,0.149594899246489
31.32500992,0.402517493459585,0.143549786697499,0.146234961582203
31.335013726,0.403952039218996,0.140231306312436,0.0997050141441964
31.345010547,0.405322207510863,0.133796463251029,0.14962255704824
31.355005759,0.406626902527594,0.126752431509443,0.149481263392223
31.365021477,0.407858641545128,0.118925962814727,0.0996709975338673
31.375013511,0.409006343697952,0.109947950110799,0.0997762256543115
31.385008128,0.410056132852158,0.101470283503481,0.102105605028876
31.394543906,0.410988098415537,0.0859345754971153,0.0997230278013308
31.405005441,0.411774593455896,0.0682088155555035,0.0974854616228073
31.414999908,0.412383378082958,0.0504579658291575,0.0498329681226212
31.425013611,0.41278416501406,0.0285334980834565,0.0497943435310206
31.435024795,0.412954758157794,0.00518574331946705,0.0498618672136861
31.44501138,0.412887868311056,-0.017786834391056,-0.0499029494092148
31.455006101,0.412599353977055,-0.0379860258185106,-0.0997017485892776
31.465012961,0.412128087738779,-0.0551511063943715,-0.102070145124679
31.474543281,0.411521856884229,-0.065396725381235,-0.0498656757504252
31.485008605,0.41082043809929,-0.0719434357226612,-0.0487099081003646
31.495013373,0.41004916813619,-0.0797999511050096,-0.0498422198773412
31.505013659,0.409224035768237,-0.0843806941935756,-0.0498730696383635
31.515005455,0.408362222378655,-0.0867013846513669,-0.149545099217739
31.525016047,0.407489801032303,-0.086288793783498,-0.149509669656389
31.535012583,0.406635831436463,-0.0836268653994712,-0.0498422673831386
31.545020484,0.405816892671912,-0.0821744526659656,-0.0510574764161035
31.554541482,0.405031054849969,-0.0776380003449448,-0.0996517472950743
31.565032101,0.404263230744363,-0.075325500540709,-0.0487205327940558
31.57500711,0.403489471176989,-0.0791540533407985,-0.049871278550427
31.585024901,0.402680719586731,-0.083833856204329,-0.0498257886680494
31.595018163,0.40181186743729,-0.0905047860870711,-0.0997923578771858
31.605008321,0.400872124434343,-0.0973323602024975,-0.149743815482984
31.614994007,0.399867571393733,-0.102853368460989,-0.0498828505493892
31.624996483,0.398816274643299,-0.108654001546446,-0.102237592508015
31.63449948,0.397748223700227,-0.106180404675832,-0.20076417926194
31.644862503,0.396706892600401,-0.0980304385270238,-0.0972870511025677
31.654997507,0.395738793124478,-0.0906648177260899,-0.0495339178046136
31.664991468,0.394881903657661,-0.0785378913871271,-0.0995943185294634
31.675020364,0.394166240156152,-0.0632402679061469,-0.0995539475493657
31.685022744,0.393615120396919,-0.0464286057268126,-0.04989721017088
31.695003371,0.393238457002913,-0.0294399148215285,0
31.704992602,0.393027209478401,-0.0144844191588406,0
31.714493412,0.392956155079646,-0.00184473696199895,0
31.724989325,0.392990320784364,0.00657791722463335,0.0486433167208337
31.734991527,0.393090989983377,0.0117381568278969,0.0498645435787027
31.744985423,0.393225038118634,0.0142722087874145,0
31.754994155,0.39337647166649,0.0164363521488704,0.0498471460228773
31.7649885,0.393553815736267,0.0207484646072839,-0.0498646981894267
31.774990191,0.393791358711722,0.0292427193668102,-0.0498329184219471
31.784997288,0.394138927108621,0.0436120086398941,0.0511501411815289
31.794483711,0.394641510274384,0.0593268729246053,0.0498942913696263
31.804981464,0.395324525778676,0.0755402090313363,0.097239387432516
31.814991479,0.39619067135587,0.0949725356900722,0.149487710263708
31.824991531,0.397224932580994,0.11073290510437,0.0997218559120899
31.834989027,0.398405057940874,0.124102168303576,0.0996698866451877
31.844999506,0.399707965661858,0.135057509357045,0.149470544738368
31.855001392,0.401107878114118,0.143137723424906,0.0498724734263223
31.864991827,0.402569620975778,0.150464906034782,0.20478908030159
31.874476822,0.404038246859055,0.143504943785957,0.24933536756072
31.884986791,0.4054389971606,0.129635910818952,0.145835416246913
31.89498802,0.406697234693773,0.116056631801474,0.149501980519901
31.904994948,0.407761076470575,0.095705407279107,0.0498408595655695
31.91499362,0.408611878789636,0.0749353143723605,0
31.924990764,0.409259469228667,0.0556895163991675,0.0498634022837017
31.934989578,0.409725444020594,0.0384954944476079,0.0498545911967138
31.944990256,0.410029359561908,0.0235705048750778,0
31.954472952,0.410184676982444,0.00847137132600312,0.0498511235306086
31.964991737,0.410198799534529,-0.00514329534360683,0.0485964559462067
31.974990833,0.410079147460636,-0.0176929975695308,-0.0498428278062051
31.984996547,0.40984485447982,-0.0275249142816424,-0.0997118691202953
31.994990085,0.409528669763639,-0.0340768907160013,-0.0498523427989442
32.004996941,0.409163303239205,-0.0380087923202201,0
32.014988579,0.408768551158476,-0.0405174339172098,0
32.024994749,0.408353043375076,-0.0433260384852011,-0.0512018223071326
32.034462423,0.407924826643877,-0.0429045429060436,-0.0997549037755711
32.044985672,0.407495341961491,-0.0415772824207306,-0.0485785141333551
32.054987882,0.407071433838219,-0.0423747521975909,0
32.064993822,0.406647501563309,-0.0431847750599433,-0.0498454268822639
32.074991051,0.406207601484468,-0.0458511487972504,-0.0498402318612297
32.084999076,0.405730237685428,-0.050827979147334,0
32.094983655,0.405191417825255,-0.0579383943359239,-0.0498660772598114
32.104994559,0.404571731506437,-0.0681722653977803,-0.102362092861884
32.114465404,0.403863302862014,-0.0752241842114156,-0.0997133748485704
32.124993509,0.403067326807602,-0.0817581496076803,-0.0971485607934864
32.134992652,0.402185033048996,-0.0927705018270634,-0.049862173900268
32.144991155,0.401212135152822,-0.102040045740161,-0.0498542496864391
32.154992281,0.40014426999105,-0.111159757923837,-0.149535223595426
32.164994864,0.398988527702803,-0.118921314561249,-0.149580882171376
32.174989884,0.397766128754216,-0.124153071836053,-0.0997245652984035
32.184991271,0.396505912348069,-0.129743105632132,-0.1536523191864
32.194457596,0.395240327339784,-0.125094036976648,-0.149494257464931
32.205000661,0.394002856975529,-0.117727437806754,-0.0971263791320604
32.214989532,0.392823155121292,-0.118259197350017,-0.155202799595912
32.22427389,0.391723620383646,-0.104233206778025,-0.0986577505577624
32.235202468,0.390716295983613,-0.0961704345808259,-0.0498946309217156
32.24425793,0.389801746572165,-0.0879964164744358,-0.100741327843497
32.254997351,0.388974417215082,-0.0786772140544158,-0.0498907554293727
32.264242925,0.388229382842674,-0.0724617849524786,-0.10257117079243
32.274439389,0.387565612438488,-0.0622399217277781,-0.0996146524221994
32.284261994,0.386983397555051,-0.0530368780080649,-0.0485338709412342
32.294983114,0.386476037401832,-0.0480588060926856,-0.0499134181498725
32.304237915,0.386023378641189,-0.0441502910829402,0
32.314993616,0.385592567913816,-0.0422390894167795,0
32.324990597,0.385146804250553,-0.0485494797653718,-0.0518122965219389
32.334238011,0.384658262548167,-0.0515446465803697,-0.0498818983829866
32.344979738,0.384116471042263,-0.0563726329036164,-0.049845653375203
32.354241687,0.383530602664296,-0.0619190318132893,-0.103941977274109
32.364165084,0.38292853299294,-0.0589298084949122,-0.0498665245591551
32.374236393,0.382352318468804,-0.0515904916168401,-0.0478756994068686
32.384992479,0.381854037445792,-0.0428474649067153,-0.0498560334070147
32.394236502,0.381495364500296,-0.0253818535474182,-0.049846578155789
32.404995186,0.381346331666166,-0.000938660426428549,-0.0960858846097901
32.414990464,0.381475883577475,0.0305603437983989,0.0518422229111498
32.424228472,0.381934107498699,0.0652412126202558,0.153942785665893
32.434421637,0.382743596866629,0.0949248680698769,0.0479493117546033
32.445023271,0.383908051050313,0.135092745222534,0.100760615898597
32.454212435,0.385417190098594,0.17353517645343,0.207702303565548
32.464225396,0.38724029520047,0.195670186215015,0.199766023877623
32.474177718,0.389323800741039,0.20975821728942,0.240046944705783
32.484994049,0.391596690829252,0.233297854174323,0.249885701175315
32.494128527,0.393978281669781,0.249787778832552,0.260012247804013
32.50416796,0.396386099469474,0.234818602912435,0.294748280505725
32.51442567,0.398744428432155,0.230217848068772,0.19925594849382
32.524184053,0.400994161326679,0.219626115943742,0.151027186126223
32.534231767,0.40309436458827,0.200656719638782,0.199261827602639
32.544199705,0.40501043639843,0.181327615106451,0.200399167570045
32.554133674,0.40670312992065,0.155999317123693,0.199447158447655
32.564196758,0.408129963010917,0.127552406032979,0.149480426758984
32.574144716,0.409255586474977,0.0966550337479556,0.099728404708231
32.584192694,0.410062670879819,0.0652286753682389,0.0499736122774098
32.594097172,0.4105570587502,0.0352232498098036,0
32.604140242,0.410765288346116,0.00846045297339112,0
32.614158538,0.410726786993825,-0.0139018035812391,0
32.6241385,0.410487276491433,-0.0315250809414211,-0.0499046148214302
32.63413858,0.410096914552562,-0.0438278834630174,-0.0497520074580946
32.644179828,0.409608907503405,-0.0507178832545813,-0.0495634727451296
32.654255542,0.409076624822409,-0.0532262423110053,-0.149953426126535
32.664127749,0.408547154626658,-0.0517463845938435,-0.0501029221717047
32.674156503,0.408046822040716,-0.0487717758756061,0
32.684173452,0.407569490092673,-0.0484323594028225,-1.49558295428863e-06
32.694083397,0.407081715548726,-0.0513101840191011,0.0498112742124097
32.704190336,0.406542420091144,-0.0577093610018293,-0.0995412570046785
32.714116628,0.405925610588914,-0.0659424361547855,-0.150007735338349
32.724131035,0.405227481820455,-0.0734514245725272,-0.0497631584424214
32.734154064,0.404453832369933,-0.0809288661171877,-0.0499033455084594
32.744110988,0.40361052687909,-0.0873232640635986,-0.09967937251997
32.754159537,0.402706889168437,-0.0922977759782286,-0.049778602230342
32.76414101,0.401761800395695,-0.0910479144392336,-0.0956945223080494
32.774998688,0.400809527931203,-0.0933261389913794,-0.199864987805662
32.784096258,0.39989945414724,-0.0906563175462809,-0.10458219848591
32.794066587,0.399080902424518,-0.0756749148210075,-0.0498656333553997
32.804091919,0.398386284204275,-0.0626688956722676,-0.0498859837689106
32.814054091,0.397828307621593,-0.0488021993065687,0
32.824147425,0.397407531403269,-0.0351299365004904,0
32.83408437,0.397124645192236,-0.0208677551293119,-0.0501019180821881
32.84404819,0.396992247112363,-0.0044394692518357,-0.0498959035594495
32.854067303,0.397035931575621,0.0145952059789507,0
32.864049064,0.397284163988152,0.0358805788640875,-1.4849294398754e-06
32.874137161,0.397756049698381,0.0584533590672942,0.099679387467774
32.884054534,0.398453550909372,0.0806250487640117,0.100084652208599
32.89406222,0.399362508551882,0.100053356693582,0.0497868748360999
32.904082425,0.400457408631415,0.116901194314561,0.149569064798976
32.914061403,0.401700436929897,0.129452464762444,0.149889421557238
32.924038864,0.403040818847847,0.136108451222158,0.0998608120989829
32.934030826,0.404418444166227,0.136357811439399,0.199540124371033
32.944026451,0.405766282467121,0.12968509819032,0.149317149011902
32.95406375,0.407016415882207,0.117000963938354,0.0995626208247288
32.964055982,0.408109756901354,0.0994039954461221,0.149748155934456
32.974039015,0.409002037033302,0.0779271664493817,0.0498533473241071
32.984055973,0.409668299528997,0.0551283414155749,0.0498329383463721
32.994047795,0.410105087888451,0.0329494771381726,0
33.004026498,0.410326317885922,0.0125332049460852,0
33.014030426,0.410355534298136,-0.00536088802389648,0
33.024023747,0.410219114873247,-0.0206722700625928,-0.0498562259374972
33.03402986,0.409942100597389,-0.0337356961413507,-0.049765024319194
33.044059234,0.409543203771771,-0.0455789020818796,0
33.054028652,0.409030577615065,-0.0568771974268996,0
33.064024918,0.40840761162114,-0.067233228674655,-0.0997020780100196
33.074029868,0.407685831285966,-0.0756794013058184,-0.0497916692113603
33.084050282,0.406892104062689,-0.0810997158328657,-0.199509973443104
33.094020625,0.406064586573982,-0.0829709604250036,-0.14967640962115
33.104035122,0.405233942693949,-0.083136659918336,0
33.114029763,0.404401093672817,-0.0849811131134447,-0.0498904717263908
33.124020828,0.403535535151711,-0.0903771464421454,0
33.134022382,0.402594217817692,-0.0995403796088106,-0.0996948156842826
33.144023501,0.4015444614881,-0.110915546934201,-0.149655112520941
33.154010066,0.400377272914884,-0.122029501723593,-0.149612747494341
33.164017044,0.399104659398121,-0.131260297745161,-0.149376689639485
33.174035005,0.397748793459415,-0.13888993039424,-0.199657026234943
33.183992928,0.396330210259797,-0.144632487700214,-0.099734718280922
33.194029974,0.394856871351456,-0.150005249925906,0
33.204004414,0.393328382300978,-0.155059230446046,-0.199689235008146
33.214002636,0.391759925751778,-0.156527888977956,-0.199438840622508
33.224002301,0.390198155264849,-0.152372527670507,-0.199467906167086
33.233997609,0.388713241175064,-0.140923328155991,-0.199457970662887
33.24399827,0.387380256763665,-0.122687078965144,-0.149586626986368
33.253994444,0.386259887900366,-0.0998577224975411,-0.0997182612998802
33.26399624,0.385383305024891,-0.0755476658847878,-1.49018797697628e-06
33.27399348,0.38474900741062,-0.052324050460833,0
33.284023,0.384335423824084,-0.0313716914875039,1.49026152492754e-06
33.293991529,0.38412163478704,-0.0118250904244141,-0.0998652579066619
33.303991534,0.384099294103891,0.00723184021921205,0
33.314012046,0.38426641996709,0.0258255313732896,0.0498424293350418
33.323995906,0.38461591764058,0.0433000971499135,-1.49162239020592e-06
33.33399185,0.385131547421326,0.0585316918066209,0.0996937238788999
33.343999097,0.385786738251341,0.0709146877751764,0.149611101240707
33.353985613,0.386549398881922,0.0804839818642551,0.0498610009912017
33.363996018,0.387396170078446,0.0882249663984963,-0.0498299149977794
33.373995607,0.388314779930206,0.0943315336867795,0.149352420263412
33.384024211,0.389285460241111,0.0977203936651062,0.199125314559371
33.394024981,0.390272058242352,0.0976396525493922,0.0996870558787587
33.40402874,0.391238695502085,0.0946764910189897,0.0498495583703792
33.41402709,0.392165787735451,0.090427126496612,0.049868582182825
33.424022621,0.39304668470843,0.0856245823864152,0.0998584418300575
33.433996987,0.393875701826376,0.0799485836008223,0.0998796651545087
33.443988573,0.394642934291072,0.0730107767422245,0.0498457231463973
33.454000635,0.395336183704534,0.0649673679688421,0.0996614885304509
33.463998234,0.395942909300191,0.0560710994559887,0.149561975271689
33.474000766,0.396457613038968,0.0476232549465728,-0.0498753525195366
33.483990596,0.396895010652701,0.041385443457677,-0.0497771303278648
33.494031979,0.397286613671968,0.0382484955137545,0.0996804037181552
33.50399646,0.397660204852154,0.0371870077318987,1.49352676764217e-06
33.513986307,0.398028655421589,0.0364714931130708,0.0498515970856591
33.523997751,0.398389681799113,0.0349774944958823,0.099651871146701
33.533997301,0.398728589854081,0.0319192043855118,0.0497800759972782
33.54402718,0.399029005237089,0.0277978556313754,0
33.553996245,0.399284517612173,0.0234361285541437,-0.0499567242258349
33.563986381,0.399496771637563,0.0188850361676348,0.0497823658635017
33.57402595,0.399662779315525,0.0137263653748083,0.0996398870735928
33.58400038,0.399771491100448,0.00772729654829869,0
33.594017078,0.399817256689916,0.00182659409247259,-0.0997298203146784
33.603996331,0.399808015586418,-0.00306891768354252,0.0498488484635523
33.614018874,0.399755872824469,-0.00678890550816656,0.0498657422141141
33.623992546,0.399672263172262,-0.00894243112380316,-0.0499145600724523
33.633994338,0.399577243613483,-0.00849185509783838,-0.0498555174052206
33.643992862,0.399502423386879,-0.00477680525511031,-1.49017881193486e-06
33.653993497,0.399481711525674,0.00218641738831822,0.0498265010969944
33.664004227,0.399546176583279,0.0122385829420561,-0.0498038233617097
33.674013974,0.399726733793978,0.0250931352751143,-0.0498109290871732
33.684021848,0.400048481454918,0.0393834543432145,0.0995623325196846
33.694043563,0.400515568197873,0.05314961642614,0.149671062310944
33.704007402,0.401110705984082,0.064897823070984,0
33.714014747,0.401811654563623,0.0742711479141373,0.0498006891272715
33.724029139,0.402597743374307,0.0815140741038085,0.0996905295643008
33.73401828,0.403442224034923,0.0856070206489248,0.0997729209649906
33.744016452,0.404308797691014,0.085716379484532,0.0997456381879212
33.75401106,0.405155932752354,0.0817611814056507,0.099777260593656
33.764002597,0.405942888517959,0.0740571110731631,0.0997470711782983
33.774003254,0.406636496884008,0.0637142190019853,0.0498338897559379
33.784010995,0.40721770797001,0.0522475578492259,0
33.79400705,0.407681646372722,0.0405878471153908,0.0498554730985067
33.804010731,0.408029454197126,0.0291531151194728,0.0997138927814181
33.814006195,0.408264683749198,0.0184817487558838,-0.0498374939603079
33.82401828,0.408399228690965,0.00944758081282285,0
33.834007346,0.40845364623962,0.00248510720014746,0
33.844009605,0.408448909276663,-0.00261545770065865,0
33.854005956,0.408401340721093,-0.00631842455374963,0
33.864019672,0.408322477178008,-0.00902898171136973,0
33.874009036,0.408220733277602,-0.0109080673797082,1.49051560809886e-06
33.884014312,0.408104374297655,-0.0118791130594811,-0.0498067241237585
33.894028347,0.40798292161886,-0.0120039074394906,0
33.90402628,0.407864152486101,-0.0115844917075821,0
33.914019251,0.407751337157245,-0.0109330432935548,0
33.924032697,0.407645421462891,-0.0102169770317908,-0.0498599306351241
33.934017199,0.407547018581846,-0.00962135618946153,0
33.944014428,0.407453170111658,-0.00953218445324124,0.0498510288206182
33.954018718,0.407356360413393,-0.0101017141877957,-0.0497928129955185
33.964039332,0.407250884254812,-0.0111069220052687,-0.0498799045982583
33.974008658,0.407134333708923,-0.0124691301286978,0.0499371944081038
33.984005742,0.407001920490319,-0.014259496928452,0
33.994037648,0.406848730387538,-0.0163408889137704,-0.0997037633563133
34.004006321,0.406675093250669,-0.0184432088904423,0
34.014015767,0.406480269765583,-0.0209051065849915,0.0498512411082692
34.024007157,0.4062569736423,-0.0240344674029107,-0.0498215511958672
34.034028522,0.405999273857893,-0.0273838474014772,-0.0498374616261226
34.044013523,0.405709122368698,-0.0303499152280329,-0.0498066445100095
34.054047865,0.405391688494922,-0.0329406324800278,0
34.064039926,0.405049439987578,-0.0355279492412451,-0.0499389446493585
34.074014172,0.404682326553291,-0.0381979844648541,-0.099845534762142
34.084012703,0.404286520162012,-0.0416269535003149,0.0498231274971497
34.094026892,0.403849257988436,-0.0465966340275295,0
34.104005333,0.403354930898654,-0.0524625799069097,-0.0997382558627697
34.114020853,0.402800323211818,-0.0578851803560286,-0.0996877288339357
34.124009428,0.40219699025172,-0.0618004921854541,0
34.134036674,0.401563335622522,-0.0636806346394309,-0.0997156677962419
34.144008217,0.40092345467618,-0.0630366299334709,-0.149800590669917
34.154005146,0.400304590442721,-0.0599075883116121,1.4895525776981e-06
34.164015784,0.399724849589227,-0.0557059336362588,1.48973790546193e-06
34.174010224,0.399190188895265,-0.0508592367899118,-0.0498460243798698
34.184019909,0.398707455059077,-0.0448568010166878,-0.0997182307099023
34.194008499,0.398293130252913,-0.03705555693578,-0.0499252522009481
34.203991095,0.397967411639179,-0.027483420046819,-0.0498125682468112
34.214024863,0.397743012113291,-0.0174661930069193,0
34.223994621,0.397618026193244,-0.00828870379236738,0.0499198830702495
34.233998197,0.397577459064019,-0.000727061816802894,0
34.244023366,0.397603464057516,0.0053648639061292,0
34.253998297,0.397684756878628,0.0106167524283353,-0.0498534889035021
34.264023898,0.397815804754195,0.0150751005311547,0
34.273998097,0.397986255874231,0.0177552258391527,0.0498469915209726
34.284027037,0.398170965004632,0.0172427804551113,0.0498475899248845
34.294000398,0.398331151158971,0.012612682426059,0
34.303986137,0.398422702794442,0.00347443456376125,1.49090647944066e-06
34.313989796,0.398400603014291,-0.0101995227743505,0
34.323991076,0.398218661963512,-0.0285854214761547,-0.0498496406135617
34.333991872,0.397828835241433,-0.0517520598539661,0
34.344022765,0.397181980795408,-0.0795577831683488,0
34.354001484,0.396236914868654,-0.110265129137768,-0.099839346283197
34.36399678,0.394979543452033,-0.139895158924086,-0.199198953734309
34.374023304,0.393435959177805,-0.165604546676513,-0.199412989478403
34.38399711,0.391667397869002,-0.184180829756069,-0.199619698163937
34.394003222,0.389756041302106,-0.19362972733631,-0.19939838301436
34.403999204,0.387794397861627,-0.193884880287909,-0.199509879852905
34.413993839,0.38588016291818,-0.184156094945386,-0.199508502598176
34.423989959,0.384112978485818,-0.164586513019775,-0.199469805673777
34.433988771,0.382589266782232,-0.135975022099927,-0.149578129603883
34.44398793,0.381393753937139,-0.0999914604952448,-0.149528443737877
34.453993387,0.380588976011746,-0.0593402329775603,-0.0497548823250969
34.4640281,0.380204565580429,-0.0177494967518674,0.0498521728410733
34.473994447,0.380233967262242,0.022058117711472,0.0499472423782632
34.48399109,0.380644911563722,0.0579889769061109,0.0498536259972795
34.493994924,0.381393774461106,0.0893561965752815,0.0996884462177323
34.50399534,0.382432415259063,0.115765526179389,0.0997092610882744
34.513994998,0.383709093551343,0.136786317250878,0.149579169284642
34.523993172,0.385167845051344,0.152071877691311,0.199394067293697
34.533997226,0.386750869921312,0.161928650317817,0.149576985223834
34.543991296,0.388406114279553,0.167085455147356,0.14957676831718
34.553995379,0.390092270417424,0.16849856159461,0.149578952371603
34.563989157,0.391775725093022,0.166676624042214,0.19939856782683
34.573997305,0.393426123917446,0.162016987658121,0.149522524012187
34.583994565,0.395016941034053,0.155031998221256,0.149539128044428
34.594000691,0.396527288820217,0.146239233382012,0.149598783811339
34.603989775,0.397941025215766,0.136160020785865,0.199527556310915
34.613989537,0.399248970507063,0.125786605887903,0.0996875990531108
34.623994195,0.400457313310322,0.117074115990606,0.049864506173031
34.63398565,0.401589997759786,0.111016672924001,0.0997197928489578
34.643991559,0.402677354128852,0.107595996908708,0.0996741310828791
34.653992474,0.403742651933043,0.106047150471746,0.149580942010929
34.663989154,0.40479804209489,0.10531383612053,0.0997042260434445
34.673993558,0.405849042815652,0.105075052027025,0.0997091962775489
34.683989241,0.40689955227696,0.104974360943658,0.0498273474025759
34.694003985,0.407949624602187,0.104422109091642,0.149535410479971
34.703992925,0.408988379149843,0.102324103615074,0.149673983063252
34.713989149,0.409994588594087,0.0977129299037295,0
34.723995468,0.410942886231898,0.0902025786004155,0.0996927719648181
34.733992531,0.411798945231216,0.0784807395308603,0.149593584189001
34.743991373,0.412512179643887,0.0612854633739426,0.0996923934828221
34.75399569,0.413024848099474,0.0388677641135587,0.0498591153549997
34.763989648,0.413289467879265,0.0127132461173793,0
34.773996468,0.413279122912727,-0.01498095027302,0
34.783988248,0.412989869847135,-0.0418876984215675,-0.0498464557556587
34.793999822,0.412441228452955,-0.0658629190335796,-0.14954148074602
34.80399112,0.41167242230816,-0.0858018852959819,-0.149653031062087
34.813987784,0.410726223630131,-0.102011231352621,0
34.823997287,0.409631568577844,-0.115883228830667,-0.0498498802633622
34.833989166,0.408408398902895,-0.127172189702157,-0.149586133273954
34.843994188,0.407088518890416,-0.13408874176625,-0.149552994673209
34.853990498,0.405726445461366,-0.134782622595735,-0.199487331141323
34.863987214,0.404393806412512,-0.128017849656089,-0.149508317088166
34.873997807,0.403165152785781,-0.114549532762207,-0.1495450244542
34.883989612,0.402102541067488,-0.0960617117882961,-0.0996966096352878
34.894000419,0.401243667636824,-0.0753031303432683,-0.0498483546595433
34.903992204,0.400596283274909,-0.0550764147368082,0
34.913994586,0.400142460602815,-0.0371857051917539,0
34.923998877,0.399852321030863,-0.0222386418179721,-0.0498602896661082
34.93399239,0.399697736602513,-0.00976791287496303,0
34.94399523,0.399656998396942,0.000811221917771333,0
34.953990874,0.399713959811056,0.00990324890400658,-0.0498663765256462
34.963990593,0.399855017453657,0.0172874022992381,0
34.973988687,0.400059670049492,0.0218908943227876,0.0997111057369134
34.983990297,0.400292828860408,0.0226250493787812,0.0498455088497997
34.993992421,0.400512255519002,0.0196023671032967,0.0498461894080819
35.00399316,0.400684932324051,0.0143274459399369,0
35.013994413,0.400798832978073,0.00893724005281432,-0.0498384730251419
35.02399912,0.400863730391058,0.00500814540549446,-0.0498396812774063
35.033999888,0.400899023305779,0.00248453393364035,-0.0498769765524317
35.043989636,0.400913397506411,-0.000533263021765629,0.0498637738439572
35.053995697,0.400888360280249,-0.00664491059546651,0.0997202915161101
35.0639869,0.400780517474977,-0.0172588926435646,0
35.073989804,0.400543284134032,-0.0316729408283184,-0.0498481755735728
35.083988966,0.400146993222115,-0.0477972362497871,0
35.094008395,0.399586450810617,-0.0631012099865292,-0.0996656475622714
35.103997792,0.398884412091105,-0.0749279301974081,-0.149637055172418
35.113998491,0.39808863429289,-0.0813892623037654,-0.0997124225449517
35.123996933,0.397256696758406,-0.0824655536158485,-0.0997139924996963
35.133997616,0.396439395377932,-0.0792145864059734,-0.0498784449195382
35.143987458,0.395673155588493,-0.0728758967134356,-0.0498600410376272
35.153994922,0.394982073771329,-0.0644883064732367,-0.0996883766757185
35.163991423,0.394383133762893,-0.0548127536434412,-0.0498672144891799
35.173989949,0.393886091282284,-0.0446676025912325,-0.0498576967811249
35.183990267,0.393489833346817,-0.0352740330499027,-0.0498017736272491
35.19401125,0.393179859249108,-0.0281150183422819,0
35.204010017,0.392926977708359,-0.0244924997424932,0
35.21399918,0.39269030487873,-0.0249686912095847,0.0499091086300811
35.22398826,0.392428147127982,-0.0287440914241049,0
35.233989598,0.392115698476132,-0.0334667257795177,-0.0996547498641217
35.243998975,0.391758454016425,-0.0364231149359202,-0.099699396259354
35.253991352,0.39138717229127,-0.0358476242797261,0
35.263993105,0.391041711956385,-0.0312220857499713,-0.0498515721614799
35.273992653,0.390762689956337,-0.0227361544112201,-0.0997249826736306
35.283990026,0.39058705887278,-0.0113175938243832,0
35.294009342,0.390536149200526,0.00101294104002887,0.0497757288394844
35.304021803,0.390607349881808,0.0122432829752995,0.0498273277609016
35.314020375,0.390781149940173,0.0212086550231955,-0.0499047596897417
35.324001787,0.391031098469833,0.0271407280167261,0.0500013489595628
35.333961763,0.391322373728157,0.0289610304899185,0.0997700657298717
35.343989672,0.391609968216747,0.0262446239473476,0
35.353983534,0.391847837578812,0.0191614153966058,-0.0498473279376368
35.363992676,0.391993254085571,0.00751158117182955,0.049814571644088
35.373999093,0.39199818607494,-0.0090757678313748,0.149702410182858
35.383974045,0.391811907819574,-0.0294502885886999,0
35.394001585,0.391409106913047,-0.0499081581435502,-0.199207834732314
35.403995122,0.390812692742454,-0.0665220559228381,-0.149668396287817
35.413987495,0.390079603090358,-0.0771985907755951,-0.0498568323182416
35.423993715,0.389268829545359,-0.0825940171837533,-0.0498390783895488
35.433993212,0.388427250556687,-0.083634693340915,-0.0498557722370781
35.443993331,0.387596167794263,-0.0802496401103187,-0.0996725817139278
35.454000646,0.386821661178656,-0.0718197875105156,-0.0498442654675102
35.463997564,0.386159468030892,-0.0574140035775935,-0.0998433377600092
35.473973564,0.385674935993149,-0.0363137097359677,-0.14959518518531
35.483993255,0.385433350311948,-0.0099515820256504,-0.0498148709520127
35.493989601,0.385475744759115,0.0182284635511151,0.0997072021421899
35.503993742,0.385797928460232,0.0440201210902091,0.149532711911663
35.513993646,0.386356325242309,0.0648888078541548,0.0997074569003024
35.523993879,0.387095713507082,0.0808238190505633,0.0498562458805616
35.533993072,0.387972755230448,0.0930485191022922,0
35.543999364,0.388957194260255,0.102398262837304,0.0999919871502603
35.553936298,0.39001490692822,0.106904691688614,0.149639300873925
35.56398916,0.391094197238553,0.105419716970688,0.149133368777231
35.573993909,0.392129374602948,0.0980688073853693,0.14951842831471
35.583995116,0.393056157484077,0.0849537759613177,0.0996887801042019
35.593998092,0.393828805483819,0.0686584728525498,0.0497842532948897
35.604023463,0.394431273202858,0.0523977778423797,0
35.613993895,0.394876541127193,0.03822677497081,0
35.623996437,0.395194775585454,0.027133364966806,0
35.633930212,0.395417480492448,0.0185989082618125,0.0498631554111895
35.643992494,0.395566680415195,0.0118659650991108,0.0496983777727987
35.653992567,0.395655539696684,0.0065210063117344,0
35.663984305,0.395697047140909,0.00273022052443525,0
35.673992632,0.395710144284637,0.00115612207075877,0
35.683990595,0.395720176854332,0.0023099886112882,-0.0509073904075583
35.693578521,0.395755387465169,0.0059121286797563,0
35.70400595,0.395838510208663,0.0110275621635948,0.0489620178687083
35.713942602,0.395979953634301,0.0170332814503585,0
35.724010089,0.396179246338422,0.0223991378852663,0.0496991473369633
35.734005246,0.3964293395636,0.0270993052375053,0.0498560663935065
35.744009587,0.396721218839321,0.0309693656857195,0
35.754014499,0.397049013436855,0.0343659509570184,0
35.764006066,0.397408416855948,0.0369912307978481,0.0498652293594469
35.774010322,0.397788683540441,0.0379970963006926,0.049848317278138
35.784008673,0.398168457840392,0.0369322026559477,0.0504613564819676
35.793769333,0.398518427338974,0.0319032900634078,0.0498446045765356
35.804012172,0.398806635271272,0.0240487505966026,0.0492794814006806
35.814003436,0.399005032235567,0.0145884465687642,0.0498553803050884
35.824012543,0.399098409614961,0.00433262400744748,-0.0498526858174012
35.834004888,0.399091691006686,-0.00461513586865809,-0.0498613535844595
35.844010518,0.399006116243238,-0.0111274551201693,0.0498604809376862
35.854003213,0.39886916054277,-0.0145572807088009,0
35.864014447,0.398714913433506,-0.014079199064407,-0.100163797712277
35.873912528,0.398588853333649,-0.00883841032583995,-0.0498676643369812
35.884008696,0.398538196056687,0.000239013271308747,0
35.893950113,0.398593642582389,0.0111341053146458,0.049857440621829
35.904007045,0.398760859780572,0.0215635243477409,0.0497736298426809
35.913982136,0.399025603598084,0.0302121893351852,0.0498870345475187
35.923994128,0.399364713316426,0.0364867581033508,0.0498177555778789
35.933997014,0.399755881610138,0.0410158409730709,0.0498902894966411
35.943979907,0.400184446849613,0.0447758749745089,1.50003218769405e-06
35.953864803,0.400645479246422,0.047579092152924,0
35.963994867,0.40113674047589,0.0497923241460599,0.099062554183923
35.973995142,0.40164781561108,0.0511870571581534,0.0996970831345798
35.983997384,0.402160610456876,0.0508642221547266,0.0998062044826116
35.993975491,0.402664100521345,0.0505692011865545,0.0498850143455137
36.003984679,0.403171351998906,0.0529486017241979,-0.0498084275735293
36.013993519,0.403724027113221,0.0600762455356278,-0.0498134367806409
36.024000694,0.404373839030691,0.071860968629839,0.100347140491239
36.033865864,0.405152073073867,0.0840152515746098,0.149442631168193
36.044016797,0.406055496959779,0.0944817424605692,0.0990059255952059
36.054008018,0.407055138880696,0.102746128085759,0.0998238557099234
36.063993613,0.408108037455261,0.105503089891149,0.149722094516866
36.07398676,0.409162957893834,0.102905904145113,0.0996849880578709
36.083998258,0.410166633536088,0.0952436782913675,0.0498653457095738
36.093983134,0.411067486106084,0.0823353999784202,0.0998256373857643
36.103975016,0.41181142789629,0.0640083126040281,0.100359341777457
36.113853063,0.412339326732936,0.0391781677794908,0.0996092040130038
36.12399518,0.412595781240455,0.0101678652236211,0
36.133976834,0.412543942524255,-0.0211343929397562,-0.0498931537110721
36.143980409,0.412173405557778,-0.0521748457065679,0
36.153985397,0.41149999883692,-0.0801900023077307,-0.0995970145273996
36.164002724,0.410567816071722,-0.102622526502521,-0.199446276512708
36.173982389,0.409447856995429,-0.117233882471463,-0.0997492515504265
36.183994481,0.408224104781186,-0.124247243264291,-0.100475722228015
36.193829896,0.406981858965011,-0.121198923829366,-0.24953298506172
36.20397361,0.405802655847338,-0.110845130725786,-0.148400680770827
36.213986536,0.404747593569218,-0.0980986596242687,0
36.223995309,0.403838554012037,-0.084334003825911,-0.0996601138849796
36.233996473,0.403060075465704,-0.0733992050840101,-0.0498693728543441
36.243988873,0.402371042307641,-0.0674222681610273,-0.0498554312820705
36.253995628,0.4017116870743,-0.0679816049612763,0
36.263974825,0.401012365214002,-0.075709911110908,0
36.273813604,0.400211269872942,-0.0868804250721269,-0.149461896241486
36.283988348,0.399273581828571,-0.0999231843984003,-0.14818951227444
36.293998967,0.398194284123744,-0.114295920430815,-0.0498735314401571
36.30398144,0.396988452976173,-0.125211793649868,-0.0997774088063449
36.313985381,0.395691749378175,-0.13104831364956,-0.249085986548146
36.323996303,0.394365538932096,-0.130171089950742,-0.099686004619085
36.333989822,0.39308774948935,-0.121312998045006,-0.149583462795427
36.343993561,0.391939611611437,-0.10545576574235,-0.150938068629992
36.353807613,0.390997849164123,-0.0807898861005275,-0.0997368242069741
36.363987809,0.390324278592851,-0.051803381826089,-0.0988181588531966
36.373987738,0.38995245044345,-0.0223826025849034,0
36.383989817,0.389876581596887,0.00483177650999955,0.0498427980911299
36.393991962,0.390049106383074,0.0257634392774812,0.099662170720091
36.403999042,0.390392088050164,0.0385030175792582,0.099705980773656
36.413992694,0.390819194918868,0.0433361918120614,0.0498727193125367
36.423991862,0.391258500732548,0.0426553138410908,0
36.433802888,0.391664204961191,0.0376860173174293,0
36.443998189,0.392012459518328,0.0310284372396328,0.0493854960856872
36.453992348,0.392290652353703,0.024053607100772,0.0498341063669845
36.464005902,0.392493717185815,0.0170076147363329,0.0498956321281055
36.473975987,0.392630526386845,0.0119648488433976,0
36.484004539,0.392732997854594,0.0116098909898091,-0.0510121662818272
36.493522232,0.392857456160555,0.016956907938439,-0.0498751901734667
36.503995771,0.393071987335194,0.028428920920706,-0.0492706087905206
36.513758769,0.393432759070637,0.0444456831519147,0.0995901106766844
36.524019474,0.39396195449426,0.0599866112812776,0.147974207626315
36.533973502,0.394645372401263,0.0745575213449248,0.0998263142872608
36.543995798,0.395451339697283,0.0852256481713927,0.0498852789055078
36.553960691,0.396348793538912,0.0929768301424202,0.0997273066776363
36.563992253,0.397310546697269,0.0979888615230566,0.099619086225077
36.573978869,0.398310352010898,0.100379277123356,0.0498102241031848
36.584009559,0.399319869403506,0.102383575480364,0.153603510609576
36.593452767,0.400304159316678,0.0953014780707893,0.149683457570195
36.603993458,0.401224364515823,0.0850244527041153,0.0970416824453895
36.614002623,0.402051399576226,0.0777667965666902,0.049941888038841
36.623959185,0.402777035145738,0.0680286850811164,0
36.633986963,0.40341090794864,0.0611989694027234,0.102401309519837
36.643432891,0.40396880588339,0.0527737695073023,0.0498258608756393
36.653997987,0.404466965116821,0.0463630901386713,0
36.663989297,0.404921864387695,0.0445821142184139,0.100975345875508
36.673747289,0.405347430754319,0.0417301836359689,0.0498543807433139
36.683990069,0.405756500276116,0.0411579013735903,0
36.693634579,0.406165949874727,0.0417584743384018,0
36.704009481,0.406592480378388,0.0429339555883125,0.0489237780005119
36.714014577,0.407040943803749,0.0451554859364641,0.0497652329630176
36.724044884,0.407497188736786,0.0444609684703701,0.0996902751455761
36.73401846,0.407930335815097,0.0415427252573853,0.0514332939606137
36.743430508,0.408302520388561,0.0327431464219214,0
36.75377456,0.408577212690123,0.0202840299108003,0.0484456548551979
36.764012872,0.408720013675572,0.00598303767125383,0
36.774017662,0.408698327931972,-0.0118079347062977,0
36.784019993,0.408483770897143,-0.0323628329217942,0
36.793862932,0.408056078774674,-0.0537269120939106,-0.0498706364656683
36.804013648,0.407409573552522,-0.0743537661360393,-0.0989705673011945
36.814012282,0.406557898716981,-0.0938329041521208,-0.0996698716492041
36.824021327,0.405532194926609,-0.1105543624786,-0.151472815038342
36.83376011,0.404374690182104,-0.120252806733734,-0.149684851513351
36.844005239,0.403129073419089,-0.125467538274383,-0.0492322097126174
36.854013036,0.401833605414031,-0.130144776858655,-0.149510459293293
36.864012062,0.400525289904103,-0.129502916804472,-0.199419813961953
36.874012831,0.399243573626039,-0.124946360931043,-0.0995399492380318
36.884046155,0.398022102889199,-0.118114169914265,-0.0997373639014569
36.894006672,0.396882017692926,-0.109218455875105,-0.0498605240363067
36.904043865,0.395837983881961,-0.0999614982053112,-0.101138822716326
36.913724052,0.394911038847443,-0.0852267725710851,-0.149698124204094
36.924025607,0.394135004500953,-0.0670726724883788,-0.0491554356765865
36.934008004,0.393550539978177,-0.0468837359201081,-0.0498926144725749
36.944011052,0.393198012175327,-0.0219001650544502,-0.0997398162678785
36.954001951,0.393112669238787,0.00575938175585094,0
36.964004498,0.393313162063456,0.0339734911788572,0.0997044259064998
36.974002696,0.393792164372615,0.0604917422758829,0.0996745047171033
36.984011546,0.394523423254773,0.085532504003547,0.101178927374174
36.993711966,0.395477947587797,0.105396001183924,0.0498215362588811
37.004024307,0.396632688236823,0.122487947826906,0.0982047018790619
37.014018454,0.397965247630489,0.140629787392615,0.199399180527578
37.024026321,0.399445567213067,0.153734163518708,0.1496541840933
37.034006262,0.401038056573941,0.163103770992386,0.0997754549339795
37.044012529,0.402705393105705,0.168308979435329,0.249185818413131
37.054013226,0.404405408266381,0.169582600485887,0.199538673944502
37.06400056,0.406095015381277,0.169197748473453,0.050624456866932
37.073708578,0.407737817480173,0.159768424026502,0.149364598715519
37.08402712,0.40929462731115,0.146343938524359,0.196479768632587
37.094007642,0.410708462454291,0.130796109656855,0.199595067074129
37.104009205,0.411908206291982,0.105946820878888,0.149510157880422
37.114014904,0.412828168257682,0.0759101472057797,0.0498652958352288
37.124005599,0.413426135504107,0.0429974483318565,0
37.133995539,0.413687284578732,0.00959330061917574,0.0498441435988937
37.144009283,0.41361803685821,-0.0230013736281441,-0.102663949419338
37.153420007,0.413240495132736,-0.0516484240325896,-0.0498435702967919
37.164013795,0.412584835339869,-0.0754665355323567,0.0484163729368882
37.174013588,0.411686368920461,-0.099323491486345,-0.149576035326961
37.184012046,0.410598539226929,-0.114356291636073,-0.199511716222237
37.194004021,0.409400337134382,-0.121030567761517,-0.199464205175849
37.20400739,0.408178491390022,-0.120071467859989,-0.149569438737829
37.214003154,0.406999011879145,-0.114349810088497,-0.0498210109824363
37.224020362,0.405890011842516,-0.110914678471764,-0.0513647803167421
37.233415216,0.404845929263941,-0.102372496396539,-0.0998041045778924
37.24400143,0.403844500030687,-0.0963801244988125,-0.0484266336752141
37.254005049,0.402861478595991,-0.0981337285722869,-0.0996787993598923
37.264007616,0.401881218403996,-0.0980456202645543,-0.149625483392155
37.273996691,0.400901385655994,-0.0976390674265539,-0.0996523591749614
37.284018512,0.399927373180186,-0.0967953109177426,-0.0996367009293241
37.29401133,0.398964062451083,-0.0958950591070459,-0.0998582540449305
37.303988745,0.39801232650627,-0.0977598743392058,-0.0514664958837184
37.313384448,0.397070148869844,-0.0936793078830245,-0.0996862934512555
37.323993427,0.39613830174209,-0.0896243779029516,-0.145145445996473
37.333993149,0.395223106863331,-0.0903207053095963,-0.0498352023187662
37.3440007,0.394331230733408,-0.0877622785367829,-0.0498807130725335
37.353982765,0.393468772616096,-0.0852324563774959,-0.151365291704064
37.363762556,0.39264687920395,-0.0794748772598654,-0.0996685415847807
37.373990711,0.391878643563524,-0.0728878265658861,0
37.383999272,0.391171868957879,-0.0693446103422793,-0.0514476204742674
37.393371516,0.390534689192679,-0.0592783019058524,-0.0996992014760483
37.404001364,0.389986178909554,-0.0475269466524024,-0.0966476284408218
37.41400485,0.3895540498284,-0.0362491389022549,-0.0498536489388173
37.424001234,0.389261200843897,-0.0218227906377778,0.0498603302664876
37.43400204,0.389117655337686,-0.00683582328977928,-0.0498889814752237
37.443987537,0.389124578008373,0.00786911862760034,-0.0498638536427987
37.453997817,0.38927500447895,0.0210727501492432,0.099654356440173
37.463998331,0.389546260470623,0.032376120705483,0.051496322793276
37.473359714,0.389901867593309,0.0379015717358494,0.0498871568500284
37.483985365,0.390303800473561,0.0395832892274937,0
37.494001437,0.390718934884972,0.040623631790831,0.0498648203825243
37.503981352,0.391116110086743,0.0373090101389029,0.0997106021909341
37.514001242,0.391465107812493,0.031370164030014,0
37.52398958,0.391743771481053,0.0238399234982415,0
37.534001841,0.391941920562572,0.0157099311066478,0.0498641828159048
37.543985225,0.392057901686436,0.00807598910136326,0
37.553349946,0.392098175647684,0.0011502005906624,0
37.563210417,0.39208001451363,-0.00320425134749955,0
37.573991341,0.392032035429941,-0.00436290509390834,-0.0960058703195615
37.583981676,0.391989391481932,-0.00259528558655675,0
37.594004867,0.391980094614377,0.00121716679533825,0.0498245665119741
37.603993818,0.392013749596678,0.00533373470810836,0.049887802350314
37.613991045,0.392086695585658,0.0090963259374838,0
37.623988373,0.392195626585933,0.0132013482118726,-0.051516911574504
37.633345204,0.392342196577965,0.01651811022677,0.0498262791857612
37.643999229,0.392526168111073,0.0193607904347044,0.0482761877003207
37.653998585,0.392742062359274,0.022920949273131,0
37.663988852,0.392984349245845,0.0253477815239473,0
37.67399339,0.393248886308028,0.0271856166650114,0.0498314340973771
37.683998236,0.393528316688972,0.0290951531831124,0.0515557502053569
37.693334125,0.393811607955527,0.0279738403584384,0
37.704006828,0.394088033847377,0.0267221077179752,0
37.713333507,0.394346033595624,0.0241210163133221,0.0998270189018364
37.723983011,0.394569879683398,0.0194095807133573,0.0482545106030723
37.733996166,0.394747087143237,0.015476802374872,-0.0498237594712368
37.743994879,0.394879599409586,0.0117272459739427,0
37.75399824,0.394981656385024,0.00948643863670448,0
37.76398899,0.395069272316683,0.00858537570083158,0
37.773999207,0.395153372201099,0.00834369727358856,0
37.783981735,0.395236085728631,0.0081531671888239,0.0519555909789965
37.793189952,0.395309837553562,0.00639776089143347,0.0498187830368746
37.803995602,0.39536412966421,0.00410399618052692,-0.0479250439721091
37.813994659,0.395395219991627,0.00199483148091485,-0.0498422150603575
37.82400006,0.395404035186787,-0.000511970541987076,0.0498960333998965
37.83397754,0.395384989345211,-0.00403965679574279,0
37.843994876,0.395323262992453,-0.00919762568653113,0
37.854001233,0.395200818912135,-0.0160800576012194,0
37.863992491,0.395001700191366,-0.0250333664633029,0
37.873319279,0.394717223187262,-0.0323699810273455,0
37.883999348,0.394354078609859,-0.0391011765138751,-0.100395154731649
37.89318212,0.393940562735254,-0.0416816535543144,-0.099730887651276
37.903995085,0.393520623227662,-0.0399946090649024,-0.0496404535382777
37.913269086,0.393137192382784,-0.0349959653103407,0
37.923993525,0.392820758515161,-0.0264467209664852,-0.0481140825981167
37.933992052,0.392589137883384,-0.0185575383305551,0
37.943983477,0.392449794214695,-0.00971089876692495,0
37.953317672,0.392401468743956,-0.000626016946855813,0
37.963986125,0.392437272218065,0.00702742757677766,0
37.973990593,0.392546746199084,0.0138595554506398,0
37.983999284,0.392714645704968,0.0194157698141594,0.051953390016706
37.993182151,0.392919365071587,0.021106477916024,0.0498745877865855
38.003991355,0.393136607910025,0.0207815168262334,0.095885915447793
38.013979706,0.393351569810764,0.0218080945942801,-0.0498382363169324
38.023998008,0.393572914891164,0.0248343311495251,-0.0515967309629549
38.033304502,0.393831488194025,0.0295436405034515,0.0498837875100333
38.043986392,0.394163444522305,0.0371153849285781,0.0482030017720293
38.053989859,0.394599233181465,0.0500620592998877,0.0498559816362682
38.063985924,0.395164662279259,0.0641359033145309,0.0498171103417334
38.074004398,0.395882883719654,0.0804648912670892,0.0997211385467756
38.083983317,0.396773750332629,0.102977932416932,0.104151879524902
38.093151365,0.397854598793369,0.118183608574635,0.0498179571906686
38.103998114,0.399139171266978,0.137598019657521,0.0989885967360745
38.113296744,0.40062656304902,0.157693221137964,0.249529063362878
38.123977557,0.402289793990191,0.173350665153962,0.200106918124325
38.133227866,0.404081636304984,0.190108068273087,0.155417363809158
38.143224178,0.405948731929284,0.187699353671058,0.199409639451742
38.153228532,0.407835748386175,0.17987534825338,0.144138934719666
38.163976788,0.409681614880201,0.178994990453487,0.199450942807318
38.173225355,0.41141507952816,0.163491839935667,0.19922511333522
38.183995979,0.412954589250815,0.140789744484047,0.200345633098312
38.19313258,0.414217812649296,0.11354068175659,0.207079794794281
38.203255972,0.415141381986662,0.0738032164557502,0
38.21323361,0.41570133331737,0.0386763727710199,-0.0499115944361399
38.22323322,0.415914029477249,0.00586163216111281,0.0498822128116869
38.233222625,0.415818501570563,-0.0223618786581743,0
38.243214831,0.415467203116672,-0.0445993860111093,-0.149523642781118
38.253227684,0.414926288222047,-0.0600890901572264,-0.0498752999472605
38.263206019,0.41426595081859,-0.0689147519088577,-0.0498677023857831
38.273223113,0.413548308193201,-0.0721503374164072,-0.149535716971836
38.283209662,0.412822681226583,-0.0719794717157417,-0.100212710895717
38.293122413,0.412115967091688,-0.0704263349048132,0
38.30310827,0.411421295195435,-0.0703097958602016,0
38.313204902,0.410703971389733,-0.0746932568980712,-0.0992097418861123
38.323209044,0.409919902919203,-0.0838341583139445,-0.0498661221494956
38.333200367,0.409027668411362,-0.0961792336768251,-0.0498385602166348
38.343214969,0.407995748383707,-0.110690266106918,-0.0997082545608528
38.353200344,0.4068138656351,-0.12548115186475,-0.200489405832043
38.363108067,0.405499539532509,-0.136211202339409,-0.149594033063044
38.373196189,0.404090207545858,-0.142710490379478,-0.0992716424843779
38.383196007,0.402632779764395,-0.145394011941874,-0.199378203304443
38.393200158,0.401181750238187,-0.142063341635215,-0.249282718257694
38.403195194,0.399791628429188,-0.134301142034214,-0.099746082218301
38.413192849,0.39849670900455,-0.124407029719913,0
38.423193436,0.397303706542348,-0.115272576132369,-0.200696320927625
38.433065289,0.396205961651714,-0.105888516657739,-0.199462559226578
38.443188945,0.395186411754521,-0.099818177621899,0
38.453140522,0.394202088478319,-0.100175510952114,0.0499907323088403
38.463134568,0.393188348779238,-0.105632000760885,-0.0998259572004723
38.473117216,0.392091910322511,-0.114563388592961,-0.149582999024506
38.483131888,0.39089738803726,-0.123101457705963,-0.149513989071246
38.493123766,0.389629074853844,-0.127767593397339,-0.149499425121948
38.503140387,0.388340950272537,-0.126332427178595,-0.199546374051305
38.513110727,0.38710407355879,-0.117605297931115,-0.149602322753903
38.523135124,0.385989463270598,-0.102415645759312,-0.0498110468052724
38.533128899,0.385053899546489,-0.0826170288593236,-0.0997934315466766
38.543118329,0.384338510246411,-0.0591285061919118,-0.0499215676731557
38.553101559,0.38387294599601,-0.0331051305991499,-0.0498226345665864
38.563131247,0.383675979982351,-0.006086651532936,-0.0499053637081057
38.573080704,0.383751339902469,0.0202500793029786,0.0499032211307557
38.583111847,0.384080588716872,0.0435532641364644,0.0996417531064459
38.59309373,0.384622972510017,0.0623170103863068,0.0996292093147741
38.603127991,0.385327934970414,0.076308265484136,0.0995394424507663
38.613127925,0.386151747180838,0.0869887182623422,0.049858510175155
38.623125911,0.387067528399127,0.0956541252324934,0.0499089312604678
38.633106239,0.388062755330128,0.10361635136175,0.150252697422812
38.6430341,0.389130342305527,0.110151561692037,0.0996815099809514
38.653111582,0.390266375103763,0.116544710766195,0.0496709851736744
38.663108119,0.391469863043797,0.123543339596326,0.0999109205441632
38.673071288,0.392732263840364,0.127951511495559,0.199568973341638
38.683092966,0.394026954424454,0.128989601133368,0.149445408616548
38.693087019,0.395314084998446,0.126355738764987,0.0997956007608462
38.703075438,0.396551854436365,0.119334207545629,0.149568444064501
38.713086285,0.397700681558051,0.10849376988967,0.0995885738546295
38.72309945,0.398724334986561,0.0947192378501237,0.149604702094771
38.733080704,0.399594537686987,0.0787342733176511,0.0498912988794302
38.743085422,0.400297915968528,0.0620472685856294,0
38.753094765,0.400836355505343,0.0460183203551742,0.0996497198952577
38.763096848,0.40121880818096,0.0314213599803525,0.100152076850003
38.77300641,0.401462006470689,0.0190982240277392,-0.0999849783043443
38.783041472,0.401599715078261,0.0106442103319027,-0.0498627456759521
38.793003229,0.401674856818094,0.00593921635891449,0.0499439449704981
38.80300578,0.401718287422929,0.00326266794085459,0
38.813038988,0.401740226846654,0.000750812534929417,0
38.822986446,0.401733289157418,-0.00330566492734435,0
38.833001542,0.401674237332036,-0.0101765696454271,0.0996738520833122
38.842993625,0.401529684706916,-0.020146365713629,-0.0498804884936681
38.852991248,0.401271517404452,-0.0320747601264123,-0.049853471455191
38.862994164,0.400888172216092,-0.0444433109280552,-0.0498582882827535
38.872989257,0.400382739672523,-0.0560187453523084,-0.0498778960026228
38.882984909,0.399768315762534,-0.0657130262916837,-0.0498387220212756
38.892996313,0.399068015475576,-0.0725847099624887,-0.0997112353634486
38.902984587,0.398316644935561,-0.0755143273464428,-0.0997322261096295
38.912991184,0.397558116241632,-0.0736431514809184,-0.0497173057990286
38.923039304,0.396839752373623,-0.0673663708125352,-0.0995988860111314
38.933013422,0.396209290732027,-0.0567263702903444,-0.149902882173422
38.942993951,0.395707797678888,-0.0426370878699686,0.0498641678534128
38.953009073,0.395356734403323,-0.0274896516686349,0
38.963006964,0.395157646922678,-0.0126554185922163,-0.049854506441887
38.973008599,0.395103632030147,0.00123806189478953,0
38.983032058,0.395182439228499,0.0135024043306835,0.0498122422433278
38.993025094,0.39537390283892,0.0236136834171378,0.0498600360509515
39.003029366,0.395654649328806,0.031596175929674,0
39.013025102,0.396005826610283,0.0379345257623663,0
39.023000002,0.396412225934639,0.0425316395573264,0.0997581274262093
39.033015379,0.396856045866298,0.0453794553388999,0.0995888536303328
39.043024257,0.397320915720106,0.0474227045927937,0
39.053011706,0.39780432577456,0.0498980278559771,0
39.063027101,0.398319018187217,0.0538820490150332,0.0499013574417103
39.072992455,0.398880929471535,0.0589984577947329,0.0498821742455889
39.083015534,0.39949830490795,0.064294729801092,0.0995403367847604
39.09302647,0.400169011052791,0.0693698507066192,0.099704604900455
39.103016542,0.400885771846892,0.073838934863547,0.0499035857806369
39.113006924,0.401644346494241,0.0779545051088043,0.0498551764562754
39.123016397,0.402444850645665,0.0819315766547306,0.0498273252708822
39.133017958,0.403283882060353,0.0849634785264866,0.0996538036599582
39.143027302,0.404145046742928,0.0856232397826621,0.0997485330648761
39.153009859,0.404995653393387,0.0822841795103991,0.0997360251515439
39.163022009,0.405790294802974,0.0740642909100415,0.0996647458660567
39.173018567,0.406477584163433,0.0611180274444532,0.149677480626967
39.183006706,0.407011720062689,0.0445750467246649,0
39.192999038,0.407368214591839,0.0267852821667423,-0.0498082816191563
39.203025391,0.407547926189021,0.00984145268185532,0.0497825357426133
39.213028076,0.407565329421579,-0.00533994194799711,0
39.22303588,0.40744107133941,-0.0181169361879337,-0.0499041352631263
39.23300831,0.407203348797181,-0.0278582246086428,-0.0499394148720073
39.243001999,0.406884850711745,-0.034318724108352,0
39.253016748,0.40651668473362,-0.0378289026439407,-0.0498375363586283
39.263008335,0.406128032974939,-0.0384276439889583,-0.0498333566641395
39.273024762,0.405747823894702,-0.0362750775652438,-0.04983782276584
39.283015752,0.405402262371384,-0.0319313303028413,-0.0498859787771935
39.293012268,0.405109596238686,-0.0264215602529065,-0.0498373271080926
39.303022172,0.404873661539909,-0.0214405721969718,0.0498300195884975
39.31302222,0.404680571418172,-0.0181284149127628,0.0996477786362989
39.323034586,0.404510868195511,-0.0159057422822542,-0.0997191083137505
39.333020319,0.404362486809343,-0.0127898243946189,-0.0997095901286434
39.343034594,0.4042550716053,-0.00771567636500156,-0.0498616368250161
39.353016985,0.404208199006108,-0.00185471706479747,0
39.363038213,0.404217970551783,0.00216691745865693,0.0997640925877148
39.373005768,0.404251513048968,0.00208698073097304,0
39.383009538,0.40425965032223,-0.00300177999898137,0
39.393020148,0.404191434283392,-0.0128680664527359,0.0498528906846775
39.40301031,0.404002279059028,-0.0264593848105064,-0.0498812795190899
39.413009537,0.403662527347714,-0.0420414485257726,-0.0996085960459511
39.423030297,0.403160609806081,-0.0582316372279446,0
39.433025709,0.402496952881118,-0.0739302473364978,-0.0499257170132635
39.443001894,0.401684104700166,-0.0870650076387947,-0.0997017290752069
39.453026995,0.400755540762742,-0.0955811152275126,-0.0995823773120739
39.463027152,0.399770068207807,-0.0977345543588743,-0.249542540035055
39.473005359,0.398802964260383,-0.0924282210548693,-0.0997193277171439
39.483025207,0.3979216835596,-0.0817606605466614,0
39.49302736,0.397165952233157,-0.0686651284658379,-0.0998134659611848
39.503004401,0.396549809636946,-0.0550332877667611,-0.0998278584556168
39.513003375,0.396066606451229,-0.0432765237833253,0
39.523013295,0.395683894259877,-0.0359596593242081,0.0497515481480388
39.533044289,0.395345942011243,-0.0346215058296343,0
39.5429815,0.394992564934062,-0.0383909394394543,-0.0498934841554977
39.553028191,0.394578741239797,-0.0454453817760196,-0.0497699651754369
39.563014998,0.394082134969143,-0.0537234916007678,0
39.573012204,0.393505130285242,-0.0600554930637091,-0.0995972295591374
39.583037569,0.392879669595335,-0.0621045543166009,-0.199298798491193
39.593024143,0.392262297732636,-0.0588172537381425,-0.100132863449989
39.602952737,0.391708314105841,-0.0507056070246684,0.0498510512519306
39.613025653,0.391248109026676,-0.0407079419777268,0
39.623024166,0.390891247538699,-0.0303128892626364,-0.0997541003905188
39.633016737,0.390642121511144,-0.0196014836007741,-0.0498504256762796
39.643025927,0.390499183348471,-0.00985946572554972,0.0498835254693362
39.653005226,0.390445045688943,-0.0025837897292322,0
39.663007083,0.39044755624282,0.00112535275976409,0
39.673008179,0.390467556067305,0.00084755476387914,0.0498123201159575
39.683024145,0.390464521799077,-0.00305283635245355,0.0498564129043257
39.693007538,0.390406501297124,-0.00896590456443771,0
39.702962279,0.39028575839244,-0.0140146147661606,-0.0997063147775959
39.713008203,0.390126199682082,-0.0157358237765589,-0.0994853375087125
39.72300707,0.389970337093626,-0.013561461767731,0
39.733004609,0.389855019186621,-0.00853257499904003,0.0498092188268326
39.74302478,0.389799534481742,-0.0022610835480809,-0.0498769540970906
39.752995134,0.389809818939426,0.00417679703234352,0.0498799694748569
39.763014694,0.389883028295214,0.0101038109828359,0.0497910561952255
39.773020146,0.390012147875603,0.01549638224846,-0.0498248428720202
39.783026725,0.390193142377158,0.0206453022267226,0.0498785422287949
39.793010632,0.390424857500732,0.0258012837779692,0.0500847616597502
39.802934902,0.390706798901437,0.0308625916106661,0
39.813017538,0.391042322470003,0.0366152107157904,0.099284290296903
39.823020283,0.391442229359059,0.0442939220858257,0
39.833025656,0.391928560489779,0.0544579959531625,-0.0498875876853142
39.843006547,0.39253064124309,0.0671384116908835,0.149700349883738
39.8530073,0.393270096330912,0.0811218278891718,0.0498306643954695
39.863015642,0.394153815603898,0.0951832969420802,0.0498446716156269
39.87301137,0.395174149665772,0.1075625714253,0.199320566446555
39.883025545,0.396306132224549,0.116840013163072,0.0996627435166962
39.89302048,0.397512014341553,0.122281262993812,0.0998170973985318
39.903003415,0.398749051400075,0.122900623427599,0.149597468659977
39.913016065,0.399969484203853,0.118400234445165,0.0996118908252721
39.923023039,0.401119379575179,0.108702448093192,0.199445209320403
39.933013164,0.402143217819915,0.093998667302533,0.149609820178823
39.943016774,0.402998764019579,0.0765391585777443,0
39.953015928,0.403674212545704,0.0593906465823198,0
39.963017395,0.404186613832817,0.0445504865691754,0.0498915576438671
39.973001199,0.404564566092971,0.0324061486099208,0
39.983015885,0.404834687871731,0.0224360424910118,0
39.993009951,0.405013483303035,0.0134572314787065,0.0997579427842011
40.003006199,0.405103702154561,0.00455053343914928,0.0498322360201105
40.013019013,0.405104535208752,-0.00379137262178688,-0.049863960056512
40.023002531,0.40502788860888,-0.0103164381659067,-0.0996648107470993
40.033028007,0.404898113659389,-0.0146510031198074,0
40.043012438,0.404734723398996,-0.0179247728004525,0
40.053017743,0.404539802183248,-0.0216265648357334,0.0498313593853867
40.063021852,0.4043019885098,-0.0263964135345812,0
40.07301652,0.40401190619537,-0.0313957503820636,-0.0997458078169946
40.083014598,0.403674301246932,-0.0352526125001215,0
40.093009798,0.403307090913429,-0.0368467112058534,-0.0498339270340421
40.103022383,0.402937080171168,-0.0356573838689051,-0.149616607418076
40.113002626,0.402594198970808,-0.0320606966302525,0
40.123022462,0.402295863705768,-0.0276811705851671,0.0996839015974793
40.133007788,0.402040432668902,-0.0235999076633432,-0.0498789676313416
40.143013375,0.401824080004862,-0.0192274182115781,-0.0498719000655578
40.153001534,0.401656004552944,-0.0134842980309564,-0.0498644521425968
40.163008912,0.401554454224665,-0.00613341797623263,-0.0497998448367209
40.173023012,0.401533204459868,0.00179894226934672,0.0498439592101792
40.18301267,0.401590439830477,0.00882405276325081,0.0498687084284266
40.19301744,0.401709636347511,0.0139782159591773,1.49004254181383e-06
40.203013658,0.401870017960138,0.017245209639306,0.0498417639403641
40.213022677,0.40205463085346,0.0192034568000317,-1.48959873779441e-06
40.223020605,0.402254220502553,0.020532296431175,-0.0498865688093571
40.233010544,0.402465027663731,0.0212308966750798,0.049903768596714
40.243001583,0.402678434581938,0.0204944261926275,0.0498188612662819
40.253025576,0.402875224259798,0.0176857197658646,0.0498244391715416
40.263013178,0.403032354043176,0.0130257230352617,0.0499126035938027
40.273001823,0.403135429320504,0.00788822572707886,0
40.283011142,0.40319010249729,0.00448998413775236,-0.0498139071454312
40.293017649,0.403225300061748,0.00464542886727444,-0.0498452499596541
40.303014382,0.403283026125825,0.00879708818548054,0
40.313017143,0.403401237374131,0.0157690488816253,-0.0498586665882454
40.323012837,0.403598382740277,0.0229739919977846,0.0498350777764367
40.333024466,0.40386088545263,0.0272200969482231,0.149500349043829
40.343021013,0.404143007230754,0.0263229170455659,0.0498781442546692
40.353014514,0.404387081827871,0.0201357405566928,0
40.363019232,0.404545686180134,0.0100310854576682,1.48974252249134e-06
40.37301953,0.404587753852949,-0.00251693730612502,1.49048757942048e-06
40.383014248,0.404495359978427,-0.016264968868322,0
40.39302266,0.40426240356623,-0.0299581260870389,-0.0498323007727646
40.403023284,0.403895926755059,-0.0423654485614617,-0.0498683742171954
40.413017222,0.40341532497831,-0.052237844062331,0
40.423013809,0.402851664827385,-0.0582272964903795,-0.0997539369288623
40.43300804,0.402251313691539,-0.0590898640935144,-0.199466595241438
40.443008764,0.401670165653879,-0.0551089391559106,-0.0498617632429498
40.453005253,0.401149288497034,-0.0487591015267926,0
40.463007121,0.400695063734547,-0.0433045616143264,0
40.473022969,0.400282430081134,-0.0413168251087436,-0.0498414350729943
40.48301249,0.399868505402338,-0.0442602656747196,-0.0997350484124386
40.493017573,0.399397463596033,-0.0535347388664011,0.0498765312479525
40.503003782,0.398798276805516,-0.0701403139241246,0
40.513013262,0.397994959692444,-0.0934130292649297,-0.0996798705871533
40.523009753,0.39692945845102,-0.120900143918801,-0.0997273573581796
40.533009408,0.395577422763223,-0.148587391674963,-0.099664905386243
40.543018728,0.39395637704568,-0.172335510406201,-0.249370101093194
40.553001587,0.392132060391126,-0.187417820100583,-0.299260367488434
40.563009742,0.3902097047802,-0.191150473573125,-0.249029979908744
40.573021071,0.388305326543836,-0.18444885412662,-0.149461575116226
40.583023308,0.386518225464512,-0.169161289089706,-0.0998079158576562
40.593001376,0.384925432393631,-0.146408234480289,-0.199533495744816
40.603011559,0.383591780925253,-0.117620303749482,-0.149528570807765
40.613005975,0.382572485382864,-0.0844122173379032,-0.0996844995502091
40.623016601,0.381903110972095,-0.0491127718285887,-0.0498327738542045
40.633014223,0.38158982486415,-0.0148528116065162,0
40.643010174,0.381606150198985,0.0154378889148061,0.0997287480135526
40.653010389,0.38189852345358,0.0399067911521246,0.0997353767000172
40.663005011,0.382404079983265,0.0586837351420981,0.0498396090297039
40.673015893,0.3830725211517,0.073493830279301,0
40.683009416,0.383874280329173,0.0857486674562196,0
40.693008993,0.384786902835019,0.0949820617425494,0.149596561770218
40.703004923,0.385773494809621,0.099594813114217,0.199359935591634
40.713014795,0.386779376946409,0.099025438791753,0.149605435366034
40.722999244,0.387753441219989,0.0945159729641042,0
40.733003919,0.388668668449969,0.0881841023565152,0.0498110452748664
40.74301622,0.389518620280441,0.081618893483117,0.0997124175590458
40.753003061,0.390300976290621,0.074509030820592,0.0498631870353655
40.763012862,0.391008550695527,0.066296545214537,0.0996230078072647
40.773020451,0.391628060091833,0.0567764142523647,0.0996736777223123
40.783019777,0.392144471589479,0.0463214475811404,0.0997764618286072
40.793006756,0.392553854671231,0.036680546480243,0
40.803007592,0.392877635566625,0.030332736629915,-0.0996672812943699
40.813014955,0.393160758101937,0.0289278388026174,0
40.822723427,0.393447972063364,0.0301648578654855,0.149520737722369
40.833020602,0.393764225600199,0.0331169870454256,0
40.843019042,0.394120101682398,0.0377344260155844,-0.0498565306650613
40.853019316,0.394518865594039,0.0414872874472192,0.149594190169566
40.863014866,0.39494967418043,0.0435017405921437,0.0498313891126611
40.87302812,0.395389283395206,0.0431399825701041,0
40.88301899,0.39581265174112,0.0402452189394261,0.0499081315047092
40.893006157,0.396193303868251,0.0343416680683195,0.0498604966098321
40.903016711,0.396499406837825,0.0251321110310033,0.049788404742592
40.913032834,0.396696616538197,0.0127312423207992,0
40.923009708,0.396753942527351,-0.00251265817211411,0
40.933003127,0.396646438018291,-0.0197726495477764,0.0498405830278268
40.943015419,0.396358376614794,-0.0376694107244194,-0.0498388491309218
40.953009534,0.395892808455888,-0.0541571339903305,-0.149603190680769
40.96301004,0.395275525246211,-0.0674677609274194,-0.0498479861707927
40.973011676,0.394543308721396,-0.077060463557819,-0.0498135295530137
40.983026616,0.393733038620811,-0.0829635553638628,-0.0996364370858465
40.993026368,0.392882818713563,-0.0850390836879377,-0.0997930937570603
41.00300959,0.392033704822491,-0.0827401225871176,-0.0498529036330666
41.013026537,0.39122800227874,-0.076104184164447,-0.0498822153071597
41.022998604,0.390512457219769,-0.0643504974424143,-0.14969321044976
41.033009134,0.389942112221599,-0.0471993831651542,-0.149488673980489
41.043008542,0.389568000488996,-0.026388994315083,0.0498385527430565
41.053015062,0.389414175901339,-0.00465866315185423,0.0996371334931676
41.063022795,0.389474760826033,0.0159245754630924,-0.0498648012741051
41.073010459,0.38973259410978,0.0346212825615759,0
41.083019881,0.390167085590847,0.0506971390153659,0.0996782065309492
41.093016465,0.390746841377104,0.0631852438608304,0.0997437723058213
41.103013035,0.391430357901884,0.0714550159633656,0.0498520457251627
41.113017576,0.392176021082894,0.0757420846012884,0.0498436028953494
41.123016936,0.392945495063782,0.0763483543258689,0.149651002069721
41.133005809,0.393702089778326,0.0737254501975082,0.0998404009697244
41.14299074,0.394418072755839,0.0691929743405826,0
41.152989154,0.39508479685615,0.0643651636902515,0
41.16301125,0.395706696159151,0.0599039773769903,0.0995683574485218
41.173017531,0.396284576298856,0.0551814313349506,0.0996754314035232
41.183017813,0.396810686941584,0.0495721017909075,-1.49068156543361e-06
41.193009945,0.39727564228071,0.042952774964295,0.0498403762493027
41.203023607,0.397669991309248,0.0352597198800827,0.0498587787792148
41.213008355,0.397980780615357,0.0260858819958381,0
41.222996369,0.398190998421911,0.0149781171866824,0.0499210927450381
41.232981802,0.398279945245145,0.0018319724531997,0.0497929484504511
41.24302062,0.398227682298139,-0.0126473321425712,-1.48879662946328e-06
41.252999528,0.398026774415684,-0.0267880262940539,-0.0498571190168628
41.263019098,0.397691962543634,-0.0383201263477329,-0.0498568323182444
41.272998121,0.397260425805147,-0.0452575326156544,-0.0498653764930397
41.283014862,0.396787003602229,-0.0460941198724953,-0.0996459960794489
41.293010893,0.396337954693598,-0.0405373219642327,-0.149558183996586
41.3030155,0.395976231300133,-0.029994297457507,0
41.312999691,0.395738404740568,-0.0175090415602981,0.0996961414657741
41.323017907,0.395626008324664,-0.00592019532138332,-0.0498272104491131
41.333010173,0.395619938778653,0.00333810064911815,0
41.343013522,0.395692755700075,0.00947068105932685,0.049822499709521
41.353022547,0.395809469590047,0.0118733217264667,0
41.363020213,0.395930301579,0.0102407477267851,0
41.373021313,0.3960142719075,0.00436760394762333,0
41.383027592,0.396017685886502,-0.00600363939134682,0.0498309783577647
41.39303088,0.395894141682855,-0.0205094622464809,0.0997650944167757
41.403016473,0.395607724686283,-0.0369301976940708,-0.0997720438904534
41.41301807,0.395156010804806,-0.0515645285463942,-0.149580710132955
41.423014099,0.394576556529546,-0.0615315712971233,-0.0998344330372776
41.432993068,0.393926917791209,-0.0658322373264633,-0.0996732692039285
41.443021395,0.393259431471013,-0.0659906842504235,-0.0498244441510496
41.453004661,0.392606339076198,-0.0640816846032833,0
41.463011565,0.391978427701907,-0.0613469621409501,0
41.47302075,0.391378412822105,-0.0580334505409731,-0.0997668476979328
41.482999796,0.390818441686767,-0.0527750176583968,-0.0998022265183374
41.493002194,0.390323891762165,-0.0455871976309484,-0.101232144273934
41.502698705,0.38992042362907,-0.0351076799732718,0.0497957075014484
41.513025934,0.389620904706377,-0.0242094231933452,0
41.52300535,0.389428811466628,-0.0135606650078531,-0.0499274719598197
41.532996829,0.389350086089375,-0.00153057665336109,0.0498294416387193
41.543014936,0.389398185261453,0.0122070364684147,-0.0498046557804688
41.553016373,0.389594465393064,0.0281291603376271,-0.0498434633608716
41.563018893,0.389960879775293,0.0455166519643774,0.0997646565742798
41.573005043,0.390504282728685,0.0625500509781093,0.0997282101986484
41.583014868,0.3912116290309,0.0775980710448251,0.0497865377484353
41.593032471,0.392058372509474,0.0922609131175759,0.102132463284006
41.602540127,0.393013047255097,0.0989469928387685,0.0997523002396553
41.613023617,0.394036436289575,0.101158155019762,0.146108732606183
41.623012956,0.395084040864772,0.104064183245176,0.149697877599754
41.633005591,0.396115844093511,0.100980927874268,0
41.643026442,0.397105021251051,0.0957505433388464,0.0996418531535952
41.653018896,0.398032128921267,0.088545365336585,0.149566903468888
41.663025914,0.39887588180583,0.0790441352989438,0
41.6730299,0.399613881428911,0.0673736744764769,0.0998305297756368
41.683001693,0.40022172343759,0.0529203392761068,0.0997940208262602
41.693012987,0.400671393172735,0.0367164930472574,0.0509761823564949
41.702561151,0.400939878141255,0.0173954418272091,0
41.712996546,0.40101901601082,-0.00122137500199798,-0.0487387977435103
41.723018498,0.400914892049022,-0.0190773411238858,-0.0498096501060648
41.733014681,0.400637123220761,-0.0363441176047398,0
41.743020829,0.400187924978789,-0.0537408526233869,1.49135897391689e-06
41.752998014,0.399563201867084,-0.0711655993169968,-0.0498862448231137
41.763007631,0.398765552236029,-0.0874011661072901,-0.149481057011153
41.773009171,0.397814203410128,-0.101277565132855,-0.149503059062744
41.783015843,0.396739169242007,-0.112265984764444,-0.0498553085738031
41.793008973,0.395568905943504,-0.122689668350934,-0.152199716053448
41.802669356,0.394327886250106,-0.126430920686269,-0.0997175482470767
41.813007086,0.393040526104926,-0.12769513518457,-0.147198910952977
41.82299056,0.391732967358213,-0.130493492413116,-0.149623290494542
41.832999021,0.39043170868668,-0.128421857887452,-0.0498257815233543
41.843002214,0.389163033572132,-0.123705482239341,-0.149686161582211
41.852982559,0.387959635481542,-0.115099343037352,-0.199614866642883
41.862982317,0.386863336843014,-0.1023062386361,-0.0498936222656935
41.872967003,0.385915102184668,-0.0855251571111394,-0.0497935490235321
41.883006925,0.385150729097725,-0.0653191412629828,-0.14921057919879
41.893014235,0.384605634205728,-0.042298306153911,-0.0501561027153005
41.902886785,0.384309844693148,-0.0165668813705082,-0.0498652991854047
41.91301003,0.384274366242054,0.00859771064911491,0.0495402197488201
41.923013791,0.384482890866969,0.0310923221442371,0.0997397773537904
41.933003686,0.384896015435247,0.0490121219972103,-1.48944723916077e-06
41.943022773,0.385463573533793,0.0618258805540755,0.0997916837244278
41.952987241,0.386131516319723,0.069200184517781,0.149551379625897
41.963024321,0.386847684346034,0.0719896504675766,0
41.973017256,0.387573470098433,0.0720004819926718,0.0499203404390952
41.982998666,0.388285846813522,0.069882237232587,0.149547372066495
41.99301934,0.388971260477667,0.0671138405611475,0.0497914291645044
42.003023528,0.389629792209049,0.065471373198208,0
42.013010703,0.390280122465381,0.066029188096837,0.0498573976194406
42.023022492,0.390950307564747,0.0694632471448892,0.0999378380657519
42.032965033,0.391666215021782,0.0749489054435856,0.0498597536148983
42.043020511,0.392449137199837,0.0821872880681003,0.0497263883385897
42.053016087,0.393314156772949,0.0907520699059201,0.0997476887431382
42.06301288,0.39426348606891,0.0985186688076072,0.149585160819806
42.073013118,0.395284237647173,0.104556818437509,0.0996626835873952
42.083021703,0.396355544942469,0.108495589790731,0.0996485703510456
42.093025373,0.397455479056441,0.110299711983638,0.0997334962382112
42.103016917,0.39856101128772,0.109796053616621,0.100029559554332
42.112961406,0.399644376804611,0.105531006532837,0.149551641320953
42.12301843,0.40067179108679,0.0978880071943219,0.0994023047736106
42.133022641,0.401608131120618,0.0877497352020959,0.14959993600684
42.143013486,0.402426351956141,0.0755226674137158,0.0498793219354993
42.153013412,0.403117887470195,0.0634110165904648,0
42.163019921,0.403694980337842,0.0531084792592217,0.0498431917692677
42.173017478,0.404180272994456,0.0450372874262404,0.049850044757157
42.183021237,0.404595785355437,0.0391143417365797,0.0499835044281991
42.192965389,0.404960522402241,0.0348855257373989,0.0498630441128041
42.203018534,0.405293401574609,0.0328235505844446,0.0497645318609791
42.213002272,0.405618204044946,0.0335730967824158,-0.0498643291202466
42.223014718,0.40596473539532,0.0369492781185921,0
42.233018287,0.406357781350007,0.0417939617293717,0.0498714720779307
42.243008038,0.406800335446243,0.0454044268270853,0.0498827856633653
42.253006475,0.407265333569459,0.0448910826865631,0.0996772549577599
42.263013936,0.40769842186758,0.038355794506207,0.0999899017069986
42.272950415,0.408030299233743,0.0248552952135068,0.049849991620954
42.283016469,0.408195590730313,0.005756148900254,-0.0497141215565388
42.293007016,0.408145748015532,-0.0173693684111889,0
42.3030053,0.407848397360565,-0.0430220017651721,0
42.313014031,0.407285006180886,-0.0693294984659479,0
42.323022569,0.406460610140137,-0.093195777292226,-0.0997130607359681
42.333013044,0.405421182619274,-0.110066053166658,-0.199548504111416
42.343009466,0.404260731272299,-0.11602848721812,-0.150086388687478
42.352943293,0.403108705977923,-0.107663632758704,-0.199341262732275
42.363017142,0.40210663219108,-0.0861163241266183,-0.14915806387378
42.372997783,0.401381687016889,-0.05433799521374,-0.0996803239972608
42.383023022,0.401019552779393,-0.0167245257622607,0.0498125366158547
42.393014758,0.401046912602819,0.0207975155759074,0.0997312567355913
42.403018685,0.401435412892086,0.0538180537956221,0.0996914313416936
42.413018409,0.402123470168446,0.0802577762485698,0.0997917236739691
42.423002232,0.403039247935865,0.0997833163541146,0.0500344973031668
42.43294599,0.404111910287541,0.111359345596224,0.0996012179889067
42.443023702,0.405268825732939,0.115488843755918,0.14908827275104
42.453009668,0.406429041261252,0.111942874563905,0.149677233470373
42.463008432,0.407505973856523,0.0995207554948038,0.149521522488719
42.47301521,0.408420007915175,0.0805094616739146,0.149508339506253
42.483015738,0.409116751292128,0.0580830362325294,-0.0498669959270296
42.493009727,0.409581350170538,0.0356316261815885,-0.0998442925659433
42.502988465,0.409828412034419,0.0145327443410334,0.0500591581365267
42.512927491,0.409870809942595,-0.00642720474487239,0
42.5230202,0.409699663972179,-0.029143240414852,0
42.533017876,0.409285311022513,-0.0554765302807096,0.0498326144555261
42.543028512,0.408589672245645,-0.0850131340304704,-0.0997648997669899
42.553006796,0.407585990287429,-0.116043960150241,-0.149781013591242
42.562999395,0.406272171894628,-0.145762043428726,-0.149451826926253
42.573021468,0.404668610798153,-0.172967172735006,-0.199284612449332
42.583012609,0.402810542851707,-0.197074817960619,-0.150215539252134
42.59293478,0.40074419846076,-0.213888217711425,-0.149566133182982
42.603012184,0.398532869399971,-0.223082608527288,-0.34768717699257
42.613009103,0.3962659661215,-0.224053893236943,-0.298908852713763
42.623026807,0.394048515195151,-0.214616615166553,-0.199490075086698
42.633001854,0.391975189574013,-0.196838599324042,-0.199581975979687
42.643010352,0.390114982187823,-0.173048535986332,-0.0996725717391216
42.653008991,0.388512983806885,-0.145670568670783,-0.149560360030403
42.663010699,0.38720152026672,-0.115942236331641,-0.15050849441711
42.672883345,0.386208706758478,-0.0823306480024279,-0.0997451253888424
42.683003283,0.385555517870757,-0.0477022258793184,-0.0494965196001809
42.693028121,0.385247756103438,-0.0141621678313893,0
42.703010756,0.385272168680249,0.01757528347606,0.0498862558189776
42.713015516,0.385599040236511,0.0458188593819069,0.0498161950010673
42.723026261,0.386189256289302,0.0700873233232964,0.0996277751515821
42.733031649,0.387001917421764,0.0904553666823717,0.0498372473940989
42.743032713,0.387998947240975,0.107513278065789,0.0501204433318178
42.752925653,0.389140787005658,0.119062215075225,0.19966355574597
42.763008093,0.390377260230745,0.124882118097361,0.0993366159857319
42.773000454,0.391647770674921,0.12545483957836,0.149473129025769
42.783020112,0.392887864864029,0.119273313446458,0.199103902516981
42.793031982,0.394036997392877,0.10812819163572,0.049866755600941
42.803015323,0.395049910870833,0.093263903200343,0.0997560065799542
42.813022684,0.395901408289112,0.0751128157169362,0.0976569540804394
42.823435708,0.396583743486207,0.0605627800729917,-1.49944426767782e-06
42.832898263,0.397105128608912,0.046004720137387,0.0509103822478027
42.843020446,0.397484733876861,0.031869863190684,0.0495510300289374
42.853020878,0.397746433596001,0.0216769979712527,0
42.863012604,0.397918103845268,0.0143244178215366,0.0498303705299298
42.873030091,0.398033053923293,0.0105924981433297,-0.0498491201168584
42.883014291,0.398129971677679,0.0106194809887623,-0.0499352336538555
42.892997285,0.398245095160375,0.0134924915091791,0.0995726663052665
42.903041502,0.398400188652049,0.0179551638530311,0
42.912902037,0.398602488243989,0.0225500040077525,0
42.92302377,0.398850788875533,0.0264658196389023,0.0495674668305149
42.933017378,0.39913485723087,0.0292598847560856,0.0498799732658237
42.943013085,0.399435673928786,0.0298731392927587,0.0498923739853819
42.953002322,0.39973187024674,0.0284828805193516,0
42.963020576,0.400005544904431,0.0254357874721218,1.48962956241933e-06
42.973008855,0.400240752168182,0.0206151885911118,0.0498503783226268
42.983022356,0.400417885371289,0.0137967893525049,0.050228390326407
42.992859511,0.400514627487523,0.00496296833608376,0
43.002435115,0.400514230279522,-0.00521389295732208,-0.0494234447096908
43.013034072,0.400409439486008,-0.0153723927885016,0
43.023026438,0.400197692374331,-0.0264683228750526,0.0498836053291246
43.033022529,0.399880378552358,-0.0363623763484731,-0.0998192265323466
43.043004479,0.399471243328784,-0.0442367923736223,-0.0997884878650874
43.053006724,0.398996341867389,-0.0494082230497402,0
43.063015862,0.398482516453986,-0.0525250947410082,-0.050216594243686
43.072862043,0.397953439355801,-0.0524093360650433,-0.0498715479537169
43.083008554,0.397434712740113,-0.0495589707233976,-0.0989424942249644
43.09301711,0.39695457498042,-0.0464742565438685,-0.102919551894779
43.102384781,0.396534216995663,-0.0387698857002495,0.0496961847844216
43.11308095,0.396176702196912,-0.0322615631686603,-0.0483377268831977
43.123011868,0.395868754925427,-0.0295611661367966,-0.0500526782486211
43.133001888,0.395587816039093,-0.0281712937520897,0.0498090595788456
43.143029642,0.39530482833381,-0.0298983757222369,0
43.152879104,0.394993519566813,-0.0331344282113951,-0.0997161371306047
43.163028038,0.394642192917205,-0.0368752268386281,-0.0495478056880573
43.173002427,0.394251467466441,-0.0408573827571562,1.49171892731751e-06
43.183006549,0.39382592324636,-0.0438069645057505,-0.0498164781320939
43.19301722,0.3933746801399,-0.0469441788685864,0
43.202342023,0.392918235296395,-0.0440403747146678,-0.0996805581777134
43.213023053,0.392493615758101,-0.037056485444993,-0.0482205623831873
43.223020465,0.392151964911397,-0.027427089114596,-0.0502712443999792
43.23285738,0.391949617903944,-0.0108130004688897,-0.0997382808048583
43.243014421,0.391935770255794,0.00918547999890818,0
43.253011407,0.39213474231585,0.0298971296265238,0.0997202758539691
43.263011987,0.392533640078711,0.0478740839931241,0.149590301702468
43.27300795,0.393092058495004,0.061683618468379,0.0498809113759724
43.283002121,0.393766703877499,0.0717769027284133,0.0498656691365375
43.293002999,0.394527241182127,0.0821597585019031,0.0515813997876939
43.302332083,0.39535484888727,0.0859322972662931,0.10036626122163
43.312872152,0.396234643144152,0.08695486250174,0.0964459100606556
43.323008881,0.397152797014336,0.0924793740162638,0.0495241723832343
43.333005078,0.398096523537748,0.0948026754229817,0.099646189860157
43.343021315,0.399050029299262,0.0947641952689704,0.149548493563323
43.353007012,0.399991990717081,0.0926832139492739,0.0997628947611839
43.363010338,0.400902676194608,0.0888613978540503,0
43.37300472,0.401769015003838,0.0836446223080429,0.0996904047179564
43.383014195,0.402575891258077,0.0771115363459429,0.150735944337467
43.392849085,0.403299244476798,0.0680807307130021,0.050724441079024
43.402670725,0.403914122183759,0.0547667812164702,0.0494463983380229
43.413013678,0.404403594329948,0.0415612067364125,0.0490232678216721
43.423009363,0.404759420522414,0.0288349244473059,0
43.43300677,0.404980093627236,0.0156041597118724,0.099682212420025
43.443014864,0.405071589555134,0.00378618444486346,0
43.453010363,0.405055830919894,-0.00475206879069529,-0.0996934647172222
43.463018107,0.404976532768361,-0.00852472978362302,-0.0502117312062739
43.472867605,0.404886553297596,-0.00744885172035768,0
43.483003116,0.40482766739969,-0.00325849115080462,0
43.493012491,0.404820911364831,0.002056010364357,0.050196575156237
43.502867541,0.404868508863372,0.00715544038694396,0.0498544859666408
43.513012623,0.404964021117088,0.0116362763463428,-0.0494822458584058
43.523018128,0.405102986662245,0.016129259794316,0.0996942923591999
43.533015401,0.405286651120058,0.0210584458543479,-0.0498906614464952
43.543003758,0.405523852969465,0.0270860211126107,-0.100607963549467
43.55283682,0.405823534493574,0.0325599783400504,0.149530506782678
43.563008098,0.406175193846572,0.035869588095339,0.0988606640599568
43.57300857,0.406547086857236,0.0364646536518952,0
43.583025292,0.406905113892865,0.0337932536088356,0.0498126254844446
43.593024911,0.40722350414497,0.0289385685061639,0
43.603011274,0.407483479602135,0.0221328136152161,-0.0498810737314195
43.613013785,0.40766591416759,0.0128973469366584,0.0997340947859765
43.623006368,0.407741363266484,0.000373335114665901,0.0503218470364111
43.632828167,0.407673311572166,-0.0152784737507002,0
43.643009473,0.407435746351809,-0.0319375185010806,0
43.653008825,0.407028791433927,-0.047635814352447,-0.149589828715375
43.66300588,0.406483201220241,-0.0588836464802066,-0.049855687480775
43.673008475,0.405851139113599,-0.0645418126998989,-0.0996910575684794
43.683009606,0.405192124483449,-0.0645620951477054,-0.149551095500781
43.693010061,0.404559794815162,-0.0601873673797162,0
43.703026225,0.403987376881996,-0.0542680433296694,0
43.71281705,0.40348490827788,-0.0467936240466807,-0.0498761170959127
43.723017683,0.403051904112199,-0.0396180778025045,-0.09876480636889
43.733008378,0.40268496667424,-0.0340891388256571,-0.0498664737878223
43.743013007,0.402370280736499,-0.0305461116466866,0
43.753020122,0.402073685707771,-0.0313208161692751,0.0498639343043524
43.763009947,0.401743960254811,-0.0371809353370597,1.49121368318671e-06
43.773005402,0.401330614304398,-0.0470735200898025,-0.0498810898703351
43.782999412,0.400802985772549,-0.0592242195916126,-0.100666088721332
43.792815376,0.400157384054118,-0.0696549462200043,-0.149404582115954
43.803020812,0.3994083962323,-0.078476432541051,-0.0493599567597474
43.813015886,0.398572120093808,-0.0875423572220867,-0.0498788828296607
43.823010564,0.397658446221935,-0.0947492341822955,-0.09969389363901
43.833018744,0.396676864616851,-0.100793609466902,-0.099724758258375
43.84300753,0.395642879840408,-0.104757653133543,-0.0498628105079227
43.853015537,0.394582047511974,-0.105403674532856,-0.149640378834661
43.862997182,0.393535897066975,-0.102214868013066,-0.201479103445467
43.872810769,0.392558680485806,-0.0917253519344789,-0.0498393873054395
43.883002775,0.391700877008392,-0.0771514810555546,-0.0493527446001962
43.893014231,0.390999953470056,-0.0606992220892637,-0.0498378427289547
43.903009586,0.390486479144205,-0.0404138439472392,-0.0498485565199763
43.913016742,0.390191575111949,-0.0171011341667562,-0.0996939484628169
43.923012433,0.390144407773941,0.0083505805235211,0
43.933010838,0.390358537420592,0.0338426795090809,0.0997289782663474
43.943008254,0.390821119935565,0.0573995051675139,0
43.952802372,0.391494561678698,0.0748427761676369,0.0996599244249603
43.96301793,0.39231869963762,0.0851198557188256,0.197331141090256
43.973013857,0.393214960365761,0.0893361660242751,0.0997480030693345
43.983010236,0.394104735605644,0.0857897507596122,0.0997608036246142
43.993003299,0.394929849612765,0.0777439106968921,0.049825843446141
44.003021267,0.395660471412661,0.0681414830667298,0.0498580775770643
44.013002588,0.396292630825505,0.0590561564469932,0.0498571857154337
44.023020316,0.396841538379196,0.0525842271062022,-1.50562651199169e-06
44.032796556,0.39733348133415,0.0495950532602588,0.0518184869322993
44.042262412,0.397795851155155,0.0454067119421092,0.0985917948623726
44.053023014,0.398251898286165,0.0447133229600901,0
44.063024448,0.398724190776132,0.0491021045641175,0
44.073011514,0.399233375703245,0.0531623587339296,0.0499017170802376
44.083005053,0.399786406866863,0.0567357531802837,0.0996702851674829
44.093019409,0.400368538695622,0.0580725356126104,0.0996207185212575
44.103022903,0.400948894173876,0.0568835760431296,0.0504551922648331
44.112780834,0.40149263921733,0.0511369355340863,0.099788437931357
44.123007108,0.401970825176661,0.044994952938117,0.0511901068684543
44.132259717,0.402369090641202,0.0373917373262676,-0.0517523861086531
44.142273781,0.402691239552628,0.0289459926445048,0
44.152268709,0.402948270776458,0.0227417779942865,0.0998712446195661
44.162241118,0.403145332297819,0.0169287205132458,0.0499378396900369
44.172234861,0.403286272183391,0.0116831656958781,0
44.183015853,0.403388046969112,0.00992192206353555,-0.0498566603007272
44.192233523,0.40348469734913,0.0114774891330162,0
44.20302099,0.403617655711634,0.0169537464861161,0
44.212225091,0.403823629324862,0.0254353195454572,0
44.223010465,0.404126094395805,0.0354014879537472,0.099716377112828
44.23222314,0.404531590015634,0.0473850750248381,0.103692435730415
44.242242269,0.405037394871208,0.055824743037314,0.0498738282919689
44.252216113,0.405647692595911,0.067092165281098,-0.0498963169789915
44.262226231,0.406378162152683,0.0794281560507729,0
44.272217028,0.407236328393689,0.0908340795620863,0.149567331668306
44.282225845,0.40819480868197,0.0975744855004646,0.199452440520201
44.292213402,0.409187464298614,0.0970221763771616,0.149805955142503
44.302193403,0.410132104616067,0.0886057121149974,0.0998485742961179
44.312185571,0.41095711255534,0.0740229252853204,0.0497767874031565
44.322224754,0.411614883814504,0.0561746915096709,0.0497834861265941
44.332213628,0.412082182478853,0.0369878127049048,0
44.342214578,0.41235426368062,0.0176019299168422,-0.0499122263083564
44.352190026,0.41243380563644,-0.00171491759149661,0.0998780393685709
44.362180855,0.412320023160956,-0.0209035983931347,0.0498185191816805
44.372203999,0.412015441582597,-0.0387497563171727,-0.0997400706820577
44.382174751,0.411545264563125,-0.0526552189052433,-0.0996341963775173
44.392218842,0.410961555643078,-0.0611850712738834,-0.150129928082581
44.40209922,0.410326184507266,-0.0636811824106787,-0.0498642692717494
44.41221505,0.409688173473908,-0.0624014593769967,0
44.422177319,0.40907328182815,-0.0600849466934911,-0.099923451209584
44.432172253,0.408489045995502,-0.0570578970106037,0
44.442183991,0.407931743197649,-0.0544786594607229,0.0497580528711955
44.452211745,0.407397321335068,-0.0516657324425028,-0.149603295431257
44.462178598,0.406898707182094,-0.0467383277386769,-0.149874296272005
44.472170198,0.406464496617597,-0.0392961729243011,0
44.482095307,0.406116056741147,-0.0304989208644329,0
44.492167061,0.405854613875423,-0.0224455991740714,0
44.502072398,0.405667658963897,-0.0158985179407479,-0.0499304271486162
44.512136774,0.405537125035021,-0.0113464665758776,0
44.522159013,0.405439746858177,-0.0094712818066787,0.0498704818181177
44.532130491,0.405347758906951,-0.010189036516816,-0.0498173081335979
44.542174669,0.405235806608285,-0.0133816615789855,-0.0997190335173421
44.552128605,0.405080150913185,-0.0195344690324589,0.0499986061553686
44.562117747,0.404846229168682,-0.0296371157797294,0.0499127912088689
44.572105374,0.404488097097427,-0.0441533090655884,-0.0997612864066051
44.582107391,0.403963620239039,-0.0623434265502165,-0.0498908237082619
44.592090939,0.403242128493785,-0.0832422473497905,-0.0499975528308085
44.602049697,0.402303577870262,-0.104804872812094,-0.0995577181400874
44.612121157,0.401142864043897,-0.125997474141983,-0.149056274913556
44.622117882,0.399775037249648,-0.145688250578398,-0.199588567825771
44.632104042,0.398231592486737,-0.161306686861586,-0.149604110993564
44.64211238,0.396549791021807,-0.173234120080045,-0.149540007988443
44.652107111,0.394766378429622,-0.181791963809023,-0.199711715597491
44.662082943,0.392919303155665,-0.186003462969029,-0.14975080230905
44.672082023,0.39105097562512,-0.185242047811713,-0.149543222674437
44.682085582,0.389213973345667,-0.1784087170133,-0.24889511059051
44.692112355,0.38747738979165,-0.165026568580868,-0.199915388551808
44.70203565,0.385921682080672,-0.14286806690332,-0.149788536438541
44.712082235,0.384624331639759,-0.11332652390272,-0.149112856732198
44.72209622,0.383648287415065,-0.0795470376822133,-0.0996737175720474
44.732089441,0.383032817670161,-0.0431105451917274,0
44.742076481,0.382786927470282,-0.00695533167007078,0.0498992153280457
44.752071645,0.382893834813842,0.0268577296033594,0
44.762057658,0.383323576519305,0.0572724245289162,0.0498552512397006
44.77207147,0.384039273281746,0.0834973530657382,0.0995818850035245
44.782083015,0.384995640823001,0.104959099628163,0.0996985285813953
44.792073697,0.386138689018224,0.120970830839206,0.149976001663776
44.802028132,0.387408418197676,0.130540382508998,0.14987117246238
44.812032566,0.388744127411931,0.134302808850288,0.149693247905537
44.822010724,0.390092136431386,0.1336224435755,0.199481450382564
44.832026032,0.391415703194395,0.130479921511794,0.0498094012846919
44.842028959,0.39270411416299,0.127696322812499,0.0498995099973581
44.852008118,0.393967342098718,0.125706008790638,0.199332938691025
44.862037321,0.395219285492449,0.125161113516518,0.0996566572672629
44.87201845,0.396471857533673,0.125977314131411,0.0499401527392608
44.882003145,0.397734526374389,0.126578731348584,0.149532128854291
44.892022573,0.399003954044754,0.126009611285452,0.149490230593791
44.902013074,0.400255969749529,0.122341680209216,0.149605285718241
44.912016914,0.40145009531737,0.114142614071093,0.149482473538907
44.922023842,0.402540051118619,0.101680005557322,0.0996848433762509
44.932021887,0.403484201083184,0.0856685535120855,0.0997554788589114
44.942014351,0.404252609108619,0.0671583231233329,0.0497653198983845
44.952057255,0.404829742801223,0.0479258251499561,-1.48956352184885e-06
44.962021771,0.405211481221241,0.028416923735924,0.0499421056599184
44.972022895,0.405397104870442,0.00888307829228084,0.099790794855564
44.982005504,0.405388998286052,-0.00959979296525362,-0.0498426808056148
44.992027764,0.405205062269745,-0.0253512651625413,-0.149324036444334
45.002037504,0.404881161742316,-0.037615548384457,-1.4904553775596e-06
45.012023212,0.404452922528032,-0.0469538107903685,0
45.022015778,0.403943105645002,-0.0543917643276383,-0.0997718956113963
45.032010133,0.403365798631365,-0.060668817492734,-0.0498260675398968
45.042026719,0.402729065517615,-0.0664881106068172,0
45.05201908,0.402035441550103,-0.0719038310781963,-0.049903456403185
45.062007822,0.401292347662747,-0.0756466013623401,-0.149531493476454
45.072023288,0.400522191201958,-0.0768932926170776,-0.149544082439454
45.082010346,0.399754287731735,-0.0757538477013726,-1.49078879381948e-06
45.092014264,0.399007797850652,-0.0731166448487701,0
45.10200774,0.398292145376736,-0.0692471285235335,-0.149434463679044
45.112031461,0.397621664437312,-0.063795640138358,-0.0997301952290606
45.122003317,0.397016514742085,-0.0566098127429439,0
45.131991024,0.396491757313451,-0.0479708017484256,-0.0498152567108897
45.142019199,0.396056336834843,-0.0387269965215481,-0.0996067004326441
45.152011392,0.395716428591555,-0.0294155262238886,-0.0498375164299012
45.162025543,0.395467839698267,-0.0214609811539103,0.0498633374482483
45.172007376,0.395287295155777,-0.0163842265524687,0.0498780868663197
45.182015614,0.395140317846203,-0.0144012058067329,-0.0498113762396169
45.192024219,0.394999028480133,-0.0144378611400626,0
45.202052091,0.394851033973541,-0.0149381367907858,0
45.212019425,0.394700337357745,-0.014301880282346,-0.0999564517137497
45.222002407,0.394565706942514,-0.0115690938151819,-0.0498501814319409
45.232021284,0.394468933974496,-0.00728122839155925,0.0497955682391972
45.242026203,0.394419909110572,-0.00255687165694084,0.0498556924664791
45.252020932,0.394417797441376,0.00215033976998052,-0.04983421097854
45.262033874,0.394462932401228,0.00707613227877104,0
45.272028655,0.394559374735921,0.01225704364266,-1.49012337701385e-06
45.282033777,0.394708072085148,0.0171930844539419,0.0498876401033503
45.292014898,0.394902999899737,0.0213961660819565,0.0499376540837816
45.3020006,0.395135285546185,0.0248599012034821,0
45.312027497,0.395400511133702,0.0283050824073059,0.0498030163731078
45.322020803,0.395701959041911,0.0325035088747561,0
45.332006881,0.396049911218858,0.037769730938579,0
45.34200841,0.396456885580407,0.0438991007054538,0.0498221470583753
45.352020593,0.396928495177436,0.0502467387259287,0.149533227696946
45.362012386,0.397462020135959,0.0565761930436326,0.049856769992951
45.372019211,0.39805994085001,0.0639600625258734,0
45.382007394,0.398740902097844,0.0735052544739036,0
45.392024331,0.399530422286391,0.0846881382240405,0.0497514514508963
45.402049545,0.400438234552039,0.0955703367115439,0.199187304027429
45.412047322,0.401444026278233,0.103468371311636,0.14965271660203
45.422037549,0.40250636077169,0.106938050333229,0.0499091064615717
45.432026163,0.403580524582691,0.105963162216026,0.0998877162435088
45.442001295,0.404621782427527,0.100038134584635,0.149605555084479
45.452020468,0.405580717557207,0.0891610262158765,0.0995747062855338
45.462028395,0.406407419215655,0.0739614520695197,0.0498866691398076
45.4720071,0.407058957881906,0.0546794701744048,0.0499200180377974
45.482002272,0.407499580227344,0.0320406328220908,0.0996285970930426
45.492023367,0.407700291743322,0.00734816194605312,0
45.50202397,0.407646702906683,-0.0178396887552646,-0.099774668129917
45.51201033,0.407343730544239,-0.0421206704679179,-0.0499103677410698
45.522001709,0.40680522714557,-0.064875121584095,0.0498429000609978
45.532015111,0.406045917944601,-0.085637388360385,-0.099716555973733
45.542000021,0.405092623934274,-0.102541076389523,-0.19932197576732
45.552024723,0.403994110791984,-0.11404529958639,-0.14934893041793
45.562028682,0.402808449290215,-0.120693631211224,-0.0998472844712923
45.57199715,0.401583566053253,-0.122799952697131,-0.0498837026584499
45.5820171,0.400353872505324,-0.121624829736962,-0.149565248787317
45.591996644,0.399151131000678,-0.117764206760932,-0.150329802256973
45.601915078,0.398010602910008,-0.109159865382989,-0.0996272681499724
45.612013178,0.396966128843804,-0.0977837603178195,-0.0992181923838551
45.62201414,0.396045241048787,-0.0848686284113189,-0.0996649401280567
45.632021847,0.395268020549438,-0.0699270605761041,-0.0498335409743356
45.64202208,0.394646144616404,-0.0541074985053362,0
45.652013789,0.394186306577554,-0.0373231869674899,-0.0498731932780097
45.66201471,0.393899955948942,-0.0190045446739877,-0.0997821367021933
45.671999256,0.393806491877122,0.000975843057116198,-0.0498738294037081
45.682007085,0.393919465369281,0.0211624916796242,0.0996063680907528
45.69201999,0.394230180493817,0.0395564367069117,0.0996820230762771
45.702012624,0.394710813206522,0.0550056249293437,0
45.712012628,0.395329888040993,0.0672165971671045,0.0498179665883104
45.722026819,0.396056099289461,0.0760798568585324,0.0996970984426727
45.732014843,0.396851653695047,0.0807433820927207,0.0996828003868403
45.742032202,0.397671401572941,0.0808490832070075,0.0996684867889465
45.7520228,0.398469278675342,0.0767752324778001,0.0997500287741477
45.762024102,0.399206284343114,0.0694933804058623,0.0997064992284813
45.772023428,0.399859189925302,0.0611898042514313,0.0499024513583785
45.782004413,0.400428875662087,0.0539866802216293,-0.0498438097068616
45.792027246,0.40093912965088,0.0494951188152993,0
45.801997866,0.40141845399385,0.0470265459809917,0.0997575311090234
45.812017045,0.401879180852704,0.0446824984603684,0.049803241259762
45.822018577,0.402313029382283,0.0409419454327152,0.0498734216807122
45.832010181,0.402697738735845,0.0345745550938672,0.0996318517874957
45.842033891,0.403005049958897,0.025635743214784,0
45.852022283,0.403210763843905,0.0146563441232139,-0.0499048166799985
45.862013255,0.403297874393044,0.00189911509573399,0.0498920710725353
45.872006751,0.403248716648764,-0.0128074639068623,0
45.882003509,0.40304184993645,-0.0294423971063699,0
45.892022519,0.402659404458919,-0.0472156264792652,0
45.901990429,0.402098154987259,-0.0640406285353391,-0.0998076760831458
45.912002872,0.401379850094441,-0.0770319849837305,-0.0497994689884397
45.922013255,0.400555756955495,-0.0838441944967368,-0.199299550046298
45.932014586,0.399701984053612,-0.0829029260044977,-0.19953337595448
45.942001518,0.398898671467048,-0.0750897907637259,0
45.952012327,0.398200357866175,-0.0635200986756749,0
45.962018677,0.397627179552161,-0.0511442774426187,-0.099701245137834
45.972014009,0.397177386292648,-0.0396192971388125,0
45.982005636,0.396835310284639,-0.0301174305396822,0
45.99202524,0.396574699432992,-0.0234921380609555,-0.0498493839159173
46.002007815,0.396365416334051,-0.019887462123421,0
46.012024196,0.396176970953034,-0.0194000410834819,-0.0498702149286113
46.022001639,0.395977535327035,-0.0219992197444077,0.0997393872587235
46.032018229,0.39573711782749,-0.0268091047098257,-0.0498264236040114
46.042012437,0.395441063748126,-0.0319796732091048,-0.149542908675735
46.05202091,0.395097438625804,-0.0358737737514933,0
46.062005339,0.394723842905142,-0.0381110432048675,0
46.072002202,0.394335930743103,-0.0386864135451505,-0.0996391303458818
46.08201949,0.393949567182801,-0.0378454619278857,-0.0498263093747102
46.092013644,0.39357858847677,-0.0359729229857862,0.0498514276017492
46.102020849,0.393230059835883,-0.0333380798522892,-0.0498275419011836
46.112024591,0.392911461927764,-0.0295274548863931,-0.0498502387543361
46.122022685,0.392639456525748,-0.0237179340133817,-0.0498795340912966
46.132014082,0.392437352499265,-0.0155755296981139,0
46.14201259,0.392328103166758,-0.00526673486206608,0
46.15202289,0.392331971412623,0.00699793721917876,0
46.162003026,0.39246799498287,0.0210714472238951,0
46.17202541,0.392753453457148,0.0364542507414239,0
46.182031233,0.393198108262749,0.052218074389115,0.0997281952364272
46.192021388,0.393797604923835,0.0668313063021878,0.04991121218044
46.202008634,0.394533224068102,0.0788879187264431,0.0996882371398733
46.212025381,0.395375678297823,0.0877203511046793,0.0996495808202364
46.222020387,0.396288662067482,0.0929715342663302,0.0998094144746684
46.232005386,0.397233250017322,0.0942716481599887,0.14953068618059
46.242024703,0.398174501907115,0.0928379085805033,0.0996177766111597
46.252023528,0.39909169245427,0.0904863792063642,0
46.262015849,0.399983428324841,0.0884210646339054,0.0998020036808842
46.272004718,0.400858450546722,0.0871468213069705,0.149487142498328
46.282025992,0.401727248681189,0.0871963711460639,0
46.292025967,0.402604230805334,0.0888481146218718,0.0499009939575503
46.302008081,0.403502619615045,0.090767395209761,0.0997347531968894
46.312020929,0.404419121423392,0.0911838965348943,0.149423721878579
46.322026717,0.405327996848839,0.0885527657828094,0.0997339601120632
46.33201605,0.406189744690104,0.0816597762464677,0.0498786457846883
46.342016564,0.40696036328206,0.070202259913384,0.099788968961267
46.35199985,0.407592652611761,0.053887155681067,0.0996522303278115
46.362028084,0.408038727175715,0.033358223802919,0.0498014701614799
46.372021273,0.408260531721048,0.0100734435830451,0
46.382021727,0.408240132010495,-0.0138566674274499,0
46.392003337,0.407983646905686,-0.0359124457311688,-0.0498586815470067
46.402020176,0.407521938796075,-0.0537392509548742,-0.0996116768700525
46.412023004,0.40690780499674,-0.0657952071291658,-0.0997067240609284
46.42202046,0.406206015967653,-0.0714206499625022,-0.0997003578792648
46.432024864,0.405479259155081,-0.0714387477878309,-0.0498693359798816
46.442015234,0.404777614350792,-0.0671456570495877,-0.0498671330992539
46.452019326,0.404136717866738,-0.059840943059521,-0.0996551679205095
46.462025566,0.403580177212978,-0.0514542815790615,-0.0503288828857596
46.471830938,0.403117325604355,-0.0420075531201745,-1.49074942026989e-06
46.48201707,0.402740383046746,-0.034024950325603,0
46.492012947,0.402430633750659,-0.0285793546035112,-0.0498590430530892
46.502015374,0.402168844425261,-0.0244958460454283,0
46.512020316,0.401940536319861,-0.0214995614671674,0
46.521996774,0.401739253087761,-0.0184919356914642,-0.0498709332918875
46.532013852,0.401570817137904,-0.0143802453485061,-0.0497935576828143
46.54202078,0.401451302968621,-0.00874150318235718,-0.0498726580259727
46.552006099,0.401396054847131,-0.00210254849149447,0.0498539331080917
46.562020536,0.401409252511813,0.00449457200105445,0.0498081887095011
46.572024223,0.401486027746775,0.0106424016127019,-0.0498860925700059
46.582007399,0.401621960734837,0.0162153885183138,-0.0498878422881745
46.592010385,0.401810111128595,0.0201744627753191,0.0498092619457393
46.60202569,0.402025819001442,0.0207237870124857,0.0504490748384003
46.611774797,0.40221970459331,0.0149655542831346,0.0498847383665555
46.622013693,0.40232495054535,0.00252297051884403,0.0492702213662425
46.632012098,0.402270762707114,-0.0163934388473603,0
46.642021235,0.401996958129087,-0.0402997579274208,-0.049856123147537
46.652012171,0.401464764606683,-0.0669197243567322,-0.0997100338381383
46.662021154,0.40065856906245,-0.0941512330178924,-0.0996211598819057
46.672029334,0.399580124028713,-0.12063804803455,-0.0498547033727077
46.682020601,0.3982458748146,-0.144325162700508,-0.149627355840561
46.692020925,0.396694834404996,-0.162460968578381,-0.199395531956736
46.702022981,0.394996268785927,-0.172573097836725,-0.19954431093366
46.712008242,0.393245561192861,-0.172344908038144,-0.249355888268879
46.72201618,0.391550542742884,-0.161474807106031,-0.149499260742657
46.732016763,0.39001468912391,-0.141121716653062,-0.0997082645316561
46.742016155,0.388728111937865,-0.112195241078599,-0.149500553371637
46.752025111,0.387769847696465,-0.0760262178243705,-0.0997291869061115
46.762012233,0.387207885756204,-0.0340602133640442,-0.0997347341632215
46.772019778,0.387088825072302,0.0105754453118877,-0.0497999517917759
46.782033668,0.387419621347112,0.053158612022368,0.149514893340198
46.792026207,0.388152339069466,0.0884946319649372,0.149580717612853
46.802031293,0.38918930381166,0.112752342909656,0.199365296962757
46.812031471,0.390407979455992,0.125120290665575,0.149718250157605
46.822010548,0.391689114004542,0.126293774103477,0.0498776651906997
46.832021711,0.392932622310827,0.118205777544873,0.0997080701007162
46.842010562,0.39405323121032,0.102064452016353,0.199570404671058
46.852006564,0.394972365380899,0.0758586166720038,0.096110187741177
46.862759276,0.395627199952083,0.0507242894877856,0.0498253106092626
46.872017809,0.39598742156529,0.0226966722517825,0.0517515399981098
46.882026264,0.396064496463998,-0.00377372666157994,-0.0997624492412794
46.89200722,0.39591198699205,-0.0225301369020086,-0.0498635236706549
46.902022771,0.395613972423726,-0.0323667466363198,-0.0997054378790407
46.912007762,0.395264634516547,-0.0322344683055793,-0.0962314933174052
46.92274533,0.39494599175243,-0.0277005249698904,0.049834726628006
46.932015824,0.394710400695517,-0.0190203574354619,0
46.941998232,0.39457979467472,-0.00778792606206105,-0.0498501540168933
46.952017694,0.394554627610854,0.00184053282631871,0.0498837925013768
46.961986614,0.394616583947936,0.00888951112559712,0.0498523423301183
46.972018686,0.394732426651761,0.0125699206443212,0
46.981717414,0.394864598538185,0.0125845412660525,0.050730818392364
46.991672745,0.394979763968292,0.00947972105114542,0
47.001711287,0.395054134876957,0.00485496996604089,0
47.01166022,0.395076802559114,-0.000109191961191835,0.0499694989782755
47.021664789,0.395051956114941,-0.00380929402156685,-0.0993963038722917
47.031722966,0.39500037766072,-0.00509315963777861,-0.0498532401395953
47.041664823,0.394950092749018,-0.00400473834397896,0.0499886571363407
47.051669417,0.394920497343574,-0.0015512499211161,0
47.061701061,0.394919011536401,0.00130697400215906,0
47.072003066,0.394947072894186,0.00411399827400966,0
47.082030862,0.395002648302626,0.006602427865768,0
47.092008471,0.395079157137624,0.00816543055123308,0.0498796613513035
47.102020302,0.395165870686704,0.00867269164421758,0
47.111998341,0.395252523116142,0.00839014705500724,0
47.122000431,0.395333506907192,0.00783915355335785,0.0497928017395946
47.132022651,0.395409496757032,0.00790542666420893,0
47.142005479,0.39549165534707,0.00969584723567865,-0.0498702408757979
47.152015867,0.395603347925118,0.0139929269883672,0
47.162000443,0.395771443418457,0.0205377074309673,0
47.172005474,0.396013888625344,0.0280274297310592,0.0497956503043299
47.182024206,0.396332658028891,0.035129000868558,0.0997097646206966
47.192005447,0.396716467694232,0.0409399477953309,0
47.202004235,0.3971506393731,0.0452529639675815,0.0498294217165504
47.212015041,0.39762196113052,0.0482466509019149,0.0498043159201718
47.222024514,0.398116550784972,0.0498624397544526,0.049877091324126
47.232005511,0.398618734736558,0.0497748877765032,0.0498799458171807
47.24201384,0.39911151724335,0.0479650766877783,0.0995831295630543
47.252030917,0.399579254871052,0.0452250204925753,0.0498755782094477
47.262005514,0.400015641109681,0.0425540180428069,0
47.272023538,0.400430021225809,0.0414487013256606,0.0498485889175531
47.282008012,0.40084471867505,0.0429289781317657,0
47.292009933,0.401288016739697,0.0469865687284174,0
47.302009662,0.401784527577457,0.0526529814273547,0.0498104513277867
47.312027746,0.402342014275802,0.0560708405579903,0.0964475333169079
47.322686112,0.402943873508712,0.060634670448429,0.0997200215369605
47.332025363,0.403554563192351,0.0615580456836461,0.103183659626017
47.342012455,0.404133565414004,0.0547761561831463,0.0498998920737605
47.352007296,0.4046490966752,0.0473785811824522,-0.0498883774121649
47.361999,0.405080499558843,0.0378114610627988,0.0498386498401664
47.372013783,0.405405571179404,0.0255308539007493,0.0996792677075412
47.382005092,0.40559127217082,0.00978042069661052,0
47.392025242,0.405601291667177,-0.00910040723158368,0.0498430721701991
47.402009206,0.405409226587113,-0.0299895681479019,0
47.411704653,0.405011114629882,-0.0486290995620377,-0.0996054267803194
47.42202983,0.404435641669323,-0.0626475267440309,-0.147376078123406
47.432001428,0.403739571875252,-0.0724440164580308,-0.0997486178855387
47.442021714,0.4029873492958,-0.0752841228065119,-0.0498224706825671
47.45201501,0.402232866910166,-0.0735561255462604,-0.0498515891620574
47.462023606,0.401516087616685,-0.0681604482696293,-0.0498642800724277
47.472010616,0.400869957441783,-0.0595296157416433,-0.099745380911659
47.48201584,0.400325957608848,-0.0479844624630757,-0.0996225549184041
47.492028097,0.399909429376133,-0.0350097589872165,-0.0498726483892727
47.502009286,0.399625991883064,-0.0233812944377803,0
47.511646721,0.399450720551925,-0.0149137627738697,0
47.522022334,0.39932752203281,-0.013315439400634,0.0979800711004718
47.531999764,0.39917971084124,-0.019706773886999,0.0499099982985692
47.542000818,0.398933810566017,-0.0316677412703074,-0.0993825124727439
47.552065594,0.398544271328426,-0.0466972854703152,-0.0498211065106483
47.562014948,0.397999205023967,-0.0618012997232666,-0.0999567022278203
47.57201586,0.397311318959801,-0.0746321132989764,-0.0997446165026466
47.582007634,0.396507108617264,-0.0844849089973029,0
47.59201773,0.395621462793075,-0.0900223500061822,-0.0995707422291559
47.602035232,0.394704177180325,-0.0908196593816556,-0.151385078694608
47.611777003,0.393826932349586,-0.0815040111146013,-0.0998389314126272
47.62200933,0.393076208074929,-0.0636168690683538,-0.09852729518986
47.632016702,0.39253934606832,-0.0393007504407721,-0.0997497006091633
47.642000997,0.392290520559267,-0.00815795458839298,0
47.652051909,0.392375899759445,0.02570931465673,0.0498007314119807
47.662022717,0.392805265258716,0.0590043342408801,0.0499636621434016
47.672007742,0.393553380399832,0.0879180910079522,0.099729696470222
47.682018394,0.394563247008968,0.109734558640933,0.149451434242405
47.692022666,0.395749709251204,0.12236595289291,0.199417849676136
47.702018386,0.397010565087898,0.125079604017332,0.149888174769879
47.711979271,0.398245873502134,0.118232376249763,0.0997500387531939
47.722010284,0.399374254694181,0.10444184657746,0.0995799022948216
47.732005326,0.400337431665996,0.0861953827259601,0.0996802742757258
47.742015875,0.401098644267085,0.0650659819591055,0
47.752020963,0.401639768741938,0.0428755578976916,0.0997049942038238
47.762016506,0.401956182479516,0.0210180821902174,0.0997113550189284
47.772020617,0.402060123113486,0.00182359205610914,-0.0996962109025711
47.782019198,0.401992659229748,-0.0120727029394304,-0.0997365139898767
47.792015226,0.401818734138639,-0.0195594971283769,-0.0498272876409503
47.802029649,0.401601264870876,-0.0218409190525912,0.0498646458211738
47.812011283,0.401382001876331,-0.0208650017387843,0
47.822009065,0.401184394321296,-0.0178706857366213,-0.0498195153886227
47.832025454,0.401024334916111,-0.0136967957981969,-0.0498186461305869
47.842022987,0.400910267718541,-0.00949679786674428,0
47.852014243,0.400834505427377,-0.00712085558759008,0
47.862002122,0.400767999183441,-0.00852994948294488,0.0498612254012648
47.872011074,0.400663933469128,-0.0147109781575461,0.0996838471002195
47.882006697,0.400473712317565,-0.0246013477493317,-0.0498547058654533
47.89201052,0.400171920143288,-0.0351506607853835,-0.0995191480582734
47.902044678,0.39976936404461,-0.0434353384178962,-0.0996328031580323
47.912025942,0.399302543515141,-0.0478354659769265,-0.0499362135311264
47.922012077,0.398814214209098,-0.0480636753014704,-0.0498573907603181
47.932024311,0.398341348400966,-0.0449995294944478,0
47.942017218,0.397913992276628,-0.0389166343995485,0
47.952010052,0.397563570625265,-0.0291111730875342,-0.0997177034876785
47.962015001,0.397331833354348,-0.0149698551374608,-0.0996941026560548
47.972013167,0.397264126891417,0.00280716435516985,0
47.982003079,0.397387943174438,0.0216894795487826,0.0498812831749447
47.992003152,0.397697699262255,0.0382943343517903,0.0497849775836807
48.002030536,0.398154881309012,0.0499448468093987,0.0997334082536873
48.011997786,0.398696328194395,0.0546553491312334,0.0997943204625484
48.022013563,0.399247060626396,0.0518649125729816,0.0497926203609682
48.032023366,0.399734953150318,0.0425534187268405,0
48.041999633,0.40009753623181,0.0271984549861514,0.0498735436247356
48.052015258,0.400278701724968,0.00663281231267857,0.0996479421951371
48.062011416,0.400230270632491,-0.0175362615559523,0
48.072009928,0.399928069962123,-0.0423165030690753,-0.149619202836844
48.082003698,0.39938426716988,-0.0644434864027974,-0.0498575877139085
48.092008218,0.398639310432429,-0.0816016199912156,-0.0498024701200358
48.102024719,0.397750519422402,-0.0924897679413101,-0.199293645240438
48.112020824,0.396788349147588,-0.0963425586424034,-0.0998155243022705
48.122003501,0.395825712445963,-0.0931247808683345,-0.0498361762618387
48.132027706,0.394925212645479,-0.0842972608795789,-0.0996631868159855
48.142012522,0.394139006782781,-0.0707573209175933,-0.0998012575471157
48.152009344,0.393511365473054,-0.0533473634104138,-0.0996910229477313
48.162015956,0.393071876319727,-0.0343396189341025,0
48.171993785,0.392825107384503,-0.0160615015492247,0.0498533074414427
48.182015963,0.392750646176312,-0.000464095714897301,0
48.192021399,0.392815812654666,0.0118082848794183,0
48.202008039,0.392986718305051,0.0207970091265467,0.0499081143769955
48.21200004,0.393231308633879,0.0266672425168865,0
48.222029684,0.393520640367853,0.0297613817195793,1.48854900552308e-06
48.232021096,0.393827162923924,0.0300559979690214,0.0998041795019886
48.242010737,0.39412119085624,0.0275994945537482,0.0997088383892218
48.252020657,0.394379140698821,0.0239073921336352,-0.0498289089565397
48.262021135,0.394599587287976,0.0211895174491996,-0.0498515277425373
48.272021378,0.394802946325447,0.0207615397249079,0.0498513802461902
48.282022513,0.395014846691876,0.0226141746344797,0
48.292013077,0.395255042097873,0.026080258136094,0.049894193223776
48.302006131,0.395536024607809,0.0305514095212884,0.0498902187068305
48.311998287,0.395865618432952,0.0358381412824389,0.0498396786958276
48.322012205,0.396253005114328,0.0424426346532557,0.0498080800847077
48.332017053,0.396715267604499,0.0512971222998094,0
48.342013127,0.397278994856271,0.0628004915237775,0
48.352016967,0.397971272034132,0.0762647403935919,0.0997179571292801
48.362011158,0.398804139498869,0.0898232987267504,0.0997691637053641
48.372004734,0.399766639200254,0.101048562492318,0.0996357749943489
48.382025983,0.400826608793654,0.108494369268226,0.199314988388889
48.392015197,0.401937661762204,0.111378939373755,0.149510005934028
48.402033066,0.403054976478157,0.110722143417655,0.0498669111300793
48.412009748,0.404151501305598,0.108129215744886,0.0498864979210858
48.422020364,0.405216187335756,0.104343418641622,0.0997348180407902
48.432004697,0.406237842639823,0.098843256041394,0.0997239760637839
48.442017188,0.407192738530403,0.0902709921340163,0.149493291029034
48.452014017,0.40804410380815,0.078115711628921,0.199176775968835
48.462041387,0.408756943085087,0.0640369904973119,0.0498711513331473
48.472006868,0.409324385817651,0.0513058065556569,-0.0499247420963224
48.482013374,0.409781621986641,0.0432622744793625,-0.0498291179046272
48.492016584,0.410190051643497,0.0410533553235951,-0.0498363107736006
48.502020202,0.410602969405423,0.0422676233663054,0.0996573345872198
48.51202678,0.411035835071511,0.0429229807371694,0.149475474381254
48.522031907,0.411461931433656,0.0399812662446167,0.0997204852924443
48.532024304,0.411835361402788,0.0330452912200734,0.0998134031113256
48.542010815,0.412122140266775,0.0242961173525737,-0.0499090283566405
48.552001982,0.412320741411908,0.0166628180637281,-0.149440010605921
48.562027269,0.412455670798058,0.0112856673159462,0.0497903923237177
48.572027261,0.412546740048611,0.00676242506648479,0.0997274571047807
48.582023395,0.412590893101753,0.00134087798427406,0
48.592005514,0.412573528448223,-0.00520182998523183,0.0498670074896379
48.602018505,0.412486881938997,-0.0115112553649221,0
48.612007611,0.412343279201822,-0.0152982899234117,-0.0996773395984481
48.622024685,0.412180821597097,-0.0146120573980835,-0.0996871806666194
48.632011816,0.412050976610159,-0.00957853181879603,-0.0997267780320374
48.642021246,0.411989283901292,-0.00304422844452941,0.0996267747094586
48.65202815,0.411990042316841,0.00110345348649401,0.149509527672929
48.662028393,0.412011360857404,0.000785239169517074,-0.0498830701648476
48.672016224,0.412005737735469,-0.00356756725755369,0
48.682028934,0.411940007582199,-0.0105715598234046,0
48.691834679,0.411796225752829,-0.0186675451714372,-0.0998531716355048
48.701999885,0.41156719895229,-0.0273069788337746,-0.0493919375146572
48.712021506,0.411244984495219,-0.0378380060899201,0.0498468220683269
48.722003092,0.410810317484006,-0.0502681040188006,0
48.731996857,0.410240861473339,-0.0638814470624877,-0.0498047130000224
48.742022613,0.409531441513028,-0.0767068763750416,-0.149339644052556
48.752026963,0.408704414608618,-0.0866259314174959,-0.149679263982161
48.762007271,0.407800251899718,-0.0922523781970743,-0.0498729039084987
48.772019709,0.406860036243428,-0.0940225105420368,-0.0996371982112655
48.782021511,0.405918462808327,-0.0927621069187327,-0.0997662174110545
48.792008365,0.405005846398394,-0.0883987865411418,-0.0498501835198812
48.802023967,0.404150269970085,-0.0811357496362248,-0.099582341143793
48.812033331,0.403381105770544,-0.0711575788274985,-0.14963027356269
48.822014969,0.402727758669429,-0.0585990307622781,0
48.832018301,0.402210005898731,-0.044705992336958,-0.0498646616209203
48.842010422,0.401833842100837,-0.0308783770188579,-0.0996590530430593
48.852028451,0.401592124942827,-0.0187034867903755,0.0498629459455208
48.862006563,0.401459844541785,-0.00977221348687749,0.0498856892593455
48.872016073,0.401396801633548,-0.00493620190675333,-0.0498523502766617
48.882006954,0.401361118573595,-0.00408669180808269,0
48.892016844,0.401315064646547,-0.00693926373306419,0
48.902016709,0.401222265606416,-0.0129807360439288,0.0488780027840002
48.912416538,0.401050261603356,-0.0219957590877113,0
48.922019354,0.400782292245879,-0.0319332214986998,-0.152641715406163
48.932013141,0.400424478939135,-0.0392998693679319,0
48.942013564,0.399996522404764,-0.0450586341612567,0
48.952014926,0.399523225826248,-0.0478276789428513,-0.0995707189025949
48.962041466,0.399038634338009,-0.0469544929051877,-0.099732553539915
48.972010329,0.398584351817948,-0.0421942397042752,-0.0499125261373663
48.982017744,0.398195750475678,-0.0346185073604377,0
48.992008053,0.397892060462462,-0.0258287145411093,0
49.002022495,0.397679053472633,-0.0168121094781853,-0.0498902620374787
49.011993843,0.397556057172974,-0.00811911961485971,0
49.021981261,0.397517005864114,-0.000278048783723809,0.0498522351531315
49.031994878,0.397550495909519,0.00634889570754126,-0.0498277209157649
49.041991538,0.397644049025866,0.0116329290432102,0
49.051983959,0.397783027470431,0.0150289221687884,0.0498380918773661
49.061997651,0.397944719341043,0.0157501534693069,0
49.07199596,0.398098219557409,0.0131872320075108,0.0498419383414781
49.082002818,0.398208532119621,0.00713942062301065,0
49.092006066,0.398241080120854,-0.00215612154453977,0
49.101986085,0.398165445767112,-0.0142040437771272,0
49.111994657,0.397957161299247,-0.0283311305136415,-0.0498462937823328
49.121989504,0.397598726292704,-0.0438366715296928,0
49.131986047,0.397080805302395,-0.059578338016385,-0.0498381092720636
49.141996208,0.396406760119198,-0.0741401794452322,-0.0997308228124005
49.151981797,0.395598316809253,-0.0857338404844303,-0.149571276662239
49.161994896,0.394692195792308,-0.0934009002307209,-0.0498290431973518
49.171991543,0.393729388519465,-0.0970569429594613,-0.0996923134576573
49.18199837,0.392750719757299,-0.0966082516903771,-0.149557368934885
49.19199229,0.391797151319293,-0.0922692384374207,-0.0498660797537199
49.201993852,0.39090575186097,-0.0844770556646098,-0.099686961197596
49.211996838,0.390107226004352,-0.0739939455324284,-0.0997205650787777
49.22199136,0.389426057343234,-0.0616414216168833,-0.0997242104528484
49.231993615,0.388874596242316,-0.0490262596368234,0
49.241998178,0.388445197889459,-0.0379949901201826,0.0498723027291977
49.251986602,0.388114962898778,-0.0290918483974296,-0.0498487733349283
49.262000602,0.38786329040287,-0.0217198730205744,-0.0996887302702582
49.271990795,0.387680474366939,-0.0152661083614859,0
49.281994126,0.387558067098958,-0.00995275897873141,0.0498597012570305
49.291988835,0.387481438694772,-0.00615469824807668,-0.0498422572495932
49.301999165,0.387434942120472,-0.00380732548382058,0
49.311993141,0.387405275790752,-0.00269149215433294,0.0498604916232643
49.321996888,0.387381118405913,-0.00228963387272926,0
49.331986571,0.387359498156192,-0.00146732877639683,-0.0498625038043955
49.341993804,0.387351776355627,0.000866849420636947,-0.0498460645296754
49.351990082,0.387376838188113,0.0047198903948629,0
49.361985796,0.387446136366642,0.00890754728480131,0.0498458028851469
49.371993698,0.3875550213435,0.0120622658044184,0.0498265409356449
49.381997145,0.387687518577385,0.0136062667134484,0
49.391997541,0.387827198966652,0.0137399120491426,0
49.401985409,0.38796215556676,0.0128698748800239,0.0498460620377685
49.412001053,0.388084641663253,0.0115550449299411,-1.4898655545293e-06
49.421988773,0.38819329533653,0.0104319713026369,-0.0498632760083885
49.431998257,0.388293251921514,0.00979195532993368,0.0498310009401283
49.441998929,0.388389233890227,0.00954104051841405,0.0498862418561263
49.451986255,0.388483958220314,0.00999664229014427,0.0498578071069656
49.461997131,0.388589148762067,0.0127403928812155,0
49.471996802,0.388738900450862,0.020131807562378,-0.0497950572039026
49.482020534,0.388992256058007,0.0340830952075078,0
49.492012744,0.389421105707716,0.0551773302173957,0.049948246537821
49.501982526,0.390093705482388,0.0820993542928126,0
49.511989759,0.391061205739914,0.112372079359099,0.0996603429899212
49.521992417,0.392342258541807,0.142491340575966,0.199389312388289
49.531992464,0.393911417990509,0.168034461999021,0.199399659831078
49.541994084,0.395703227895236,0.185818868684168,0.249261143828687
49.551993382,0.397627965945914,0.194402677450044,0.199538390866202
49.561981994,0.399588931115866,0.193356728696376,0.199444744810604
49.571990677,0.401494577489891,0.183576396212854,0.149515568379521
49.581988532,0.403261659262601,0.165962211194757,0.199468993546468
49.591985541,0.404812969331869,0.140863940285323,0.199307567480119
49.601999441,0.406080474753032,0.110298892399845,0.149536202875952
49.611989119,0.407019341829303,0.0771425922995758,0.0498679486660355
49.621993576,0.40762287415772,0.0452845598880822,0
49.631987591,0.407924963832257,0.0182424161223181,-0.0498437623642978
49.641997413,0.407987792476317,-0.00219124238190685,-0.0498362285976964
49.651995648,0.407881121329779,-0.0162189902884486,0
49.661991228,0.407663512985003,-0.0252827021525045,1.4901756824346e-06
49.671994849,0.407375487487608,-0.0308100745426059,0.049860374437992
49.681988998,0.407047380200617,-0.0331421017034221,-0.099714486723477
49.691993576,0.406712687643435,-0.0319610927602725,-0.0996925778850006
49.70199212,0.40640805856288,-0.0277184229916499,0
49.711983564,0.406158596700453,-0.0220955498768666,0
49.721834053,0.405969640142625,-0.0163467919838341,0
49.731985745,0.405831625208423,-0.0118760067697045,0.0494704360824903
49.741988848,0.405730281660763,-0.0087066253544512,-0.0498209840670183
49.751999326,0.405657374456655,-0.00589355253740231,-0.0498578819005536
49.76198702,0.405612421383429,-0.00321086027268671,0
49.771986263,0.405593199194669,-0.0012368683198873,0
49.782012299,0.405587652750237,-0.000914316014387133,0.0498209566840931
49.791999855,0.405574900446998,-0.00271884318510594,0
49.801998028,0.405533314687146,-0.00642796527736247,-0.0498879665203502
49.811987162,0.405446422731614,-0.011668871290623,0
49.821998855,0.405299927611177,-0.0189714789019766,0.0516951373443297
49.831275748,0.405080489729266,-0.0259217175688985,-0.0997735699047473
49.841986038,0.404781825498453,-0.0326756170815475,-0.0481376165106844
49.851989821,0.404403644611719,-0.0434405384351172,0
49.861279733,0.40394369699925,-0.050400416309887,-0.099693789281414
49.871992401,0.403395506252447,-0.0577717057457308,-0.0481328243052872
49.88199463,0.402746962065213,-0.0707867295595903,0
49.891988366,0.401980057285709,-0.0833930090182542,-0.0997454236578032
49.901987453,0.401079700396474,-0.0969058556163111,-0.0997240152016817
49.911985481,0.400042219746776,-0.110152487476829,-0.0997049588351967
49.92198839,0.398876547434056,-0.126545792607756,-0.206716793427937
49.931279151,0.397600686984314,-0.132113706161336,-0.0996654032531389
49.941996667,0.396233179805684,-0.13576167428544,-0.096287379167737
49.951989992,0.394788948534294,-0.152692173359547,-0.103416072388493
49.961279865,0.393288786393741,-0.150726005062052,-0.149554871461871
49.971991073,0.391774265498242,-0.148929658817254,-0.249428240608787
49.981267384,0.390312052008468,-0.139734591596969,-0.199337138036518
49.991999163,0.388978443213456,-0.119603933559556,-0.0963525980403826
50.001963897,0.387836667642701,-0.102512123216536,-0.0498785197728357
50.011989658,0.386929175126857,-0.0774812088395415,-0.0995790108141299
50.021989832,0.386285033990759,-0.0503068304074893,-0.099727013233575
50.031985873,0.38592322893006,-0.0219571600874689,0
50.041999706,0.385845673984011,0.00554843505766137,0.0498486287914292
50.051988355,0.386034211402429,0.0304202964342279,-0.0498563505818437
50.06199909,0.386454061173793,0.0507760755952962,0.0498653623885773
50.071983527,0.387049487767442,0.0667567289367714,0.155512368247845
50.081233953,0.38773811770922,0.0686680826823343,0.149480232541943
50.091994595,0.388423609439428,0.0640291267388314,0.0498128899873935
50.101250786,0.389019778046287,0.0519383623426166,0
50.111991895,0.389462236452702,0.0342674093321886,0.0996116361432505
50.121270162,0.389705790198254,0.0132608712519453,0.0498329483085393
50.132000671,0.389727570255147,-0.00855074565542181,-0.0999328539083162
50.141225189,0.38953515983783,-0.029489148710732,-0.0518620419897952
50.151226607,0.38916061376934,-0.0443715388653306,0
50.161227394,0.38864763122128,-0.0555319448580849,-0.0498863970770305
50.171213348,0.388050711170235,-0.0603945691727022,-0.099698498675176
50.181229627,0.387439604976753,-0.0580249243203033,-0.199286276292893
50.191226694,0.386889438283189,-0.0491616924390476,0
50.201228983,0.386456402788102,-0.0348346394668339,0.0480321335496358
50.211986257,0.386166286390595,-0.0216444439499885,-0.0997658979789581
50.221217703,0.38602375805843,-0.0077954024969331,0
50.231216026,0.386016382601317,0.00446717423533464,0.0997120530153972
50.241217217,0.38611309937209,0.0129403538300614,0
50.251205967,0.386275059510899,0.0177126766552828,0
50.261221923,0.386467436261052,0.019299528666187,0.0498451403180484
50.271209251,0.386661113463875,0.0182955069604022,0
50.281205675,0.386833049134863,0.0155192820667154,0.0997321744706152
50.29120473,0.386971428942535,0.0126686290887615,0
50.301205902,0.387086424592417,0.0121437205824469,-0.0996672016847732
50.311213244,0.387214406745821,0.015812859086497,0
50.32120813,0.387402717005197,0.0238501708697074,0.0498743732417742
50.331205401,0.387691223106325,0.0353222266515993,0.0498669251890936
50.341203273,0.388108989978174,0.0494113064589876,0.0498480705623044
50.351208107,0.3886795829425,0.0657764182544108,0.0498814841417394
50.36119258,0.389423814996022,0.083721849127629,0
50.371207661,0.390353982585108,0.101842868538805,0.14951268873671
50.381199304,0.391461357158246,0.117870638795771,0.149551267471089
50.391209224,0.392711579592832,0.130131032085789,0.100212539672276
50.401098638,0.394050878029486,0.135649916616875,0.150400732100661
50.411097818,0.395409465710559,0.13199646953838,0.198411792359934
50.421200041,0.396704192258254,0.121558902529039,0.198399818005193
50.431200284,0.397853099415646,0.104693120937128,0.0997365498525526
50.441194344,0.398797458240287,0.0829544305426825,0
50.451195375,0.3995117808032,0.0597061543127454,0
50.461193639,0.399991539233703,0.0361968105054017,0.0998444899651488
50.471168361,0.400234739192669,0.0124859408679105,0.0500616296105421
50.481111015,0.400240226412683,-0.0108734544784881,-0.049994276540419
50.49111257,0.400017876743998,-0.0324454713378689,-0.0498045721539226
50.501131191,0.399590662366096,-0.0514617861177474,1.49301760567971e-06
50.511073703,0.398990641186884,-0.0664825868966877,-0.0996654631450239
50.521139755,0.398260441271288,-0.0767950829888831,-0.149248709374111
50.531116013,0.397451490327145,-0.0825392009456032,-0.0997233270115178
50.541137008,0.396609883987561,-0.0843205297138176,1.49048377773994e-06
50.55111108,0.395765495686042,-0.0833344839041113,0
50.561144617,0.394942560217391,-0.079189346423132,-0.149441477099337
50.571127537,0.394180405538505,-0.0704708150362966,-0.149830507239396
50.581108903,0.393535660711353,-0.055866789078814,-0.0499111222388184
50.591104974,0.393064330279291,-0.0363924737624406,0
50.601072626,0.392809131445875,-0.0132378284668426,-0.0499415441307207
50.611069645,0.392800041389196,0.0122146329646328,0
50.621114583,0.393053936594523,0.0384335342290246,0.0497921577139563
50.631094214,0.393569656347279,0.0636149829154486,0.0498906473495101
50.641100816,0.394325360465362,0.0854771672801642,0.0997632777151502
50.651083459,0.395278280385948,0.102039361169259,0.099750195728184
50.661092085,0.396365256783085,0.111490763500233,0.199403667510735
50.671084724,0.397508236691769,0.113161796423913,0.149488703863436
50.681102019,0.398629616860849,0.107981040099467,0.0498554556488538
50.691084467,0.399667829742631,0.0975555000960279,0.0998193164684488
50.701080042,0.400578582885544,0.0831663027623378,0.0998290728352581
50.711060239,0.401329140844694,0.0658775581263773,0.0498035114179913
50.721100046,0.401897451862744,0.0471631558555328,0.0498524141414746
50.7310618,0.402272477583491,0.0278464705600924,0.0498800280637356
50.741090534,0.402454116398318,0.00901377222769211,-0.0497421192608517
50.751107112,0.402453161460092,-0.00838770440508412,0
50.761093767,0.402286335192768,-0.0241075380507704,0
50.771106234,0.401971031865495,-0.037936982975486,-0.0497928378609593
50.781118661,0.401526651130004,-0.0496308054284703,0
50.791087971,0.400979322164325,-0.0583117406558763,-0.10024574781739
50.801011403,0.400366670717566,-0.0623855001499736,-0.100102800191304
50.81100912,0.399736531320398,-0.0613470392605501,-1.49118980657623e-06
50.820997003,0.39914061332972,-0.055166436981753,-0.0997589857707185
50.830999225,0.398633748452657,-0.0434485317376584,-0.0997162518134336
50.840995376,0.398271713385728,-0.0266606237444102,0
50.850999619,0.398100525473483,-0.00607893079007295,0
50.861002521,0.398150091335966,0.0167487917191543,0
50.870997454,0.398435465046732,0.0402457013269201,0
50.880991825,0.398954574894483,0.0622061196925368,0.0498615071634222
50.890994172,0.399679383280098,0.0796990101899892,0.149365404219057
50.901018277,0.4005506632965,0.0903725317483379,0.149504752702416
50.911001958,0.401487537555597,0.0928465866696018,0.099766767837468
50.921006524,0.402406503803959,0.0874205629625098,0.0997398062909274
50.930995907,0.403235419833021,0.0757556675570878,0.0997796369952852
50.940992193,0.403920531500629,0.0599265755391011,0.0996857104262878
50.951000706,0.404434238931439,0.0429996546310927,-0.0498475600197838
50.960994506,0.404780624051452,0.0275442706783358,-0.049880500970225
50.970990407,0.404984840666562,0.0146666961037,0.0997431237534464
50.98098779,0.405073859471995,0.00439420342018665,0
50.990999026,0.405072762608605,-0.00316119326122518,-0.0498479805096495
51.00099113,0.405010625048385,-0.00788087055315874,-0.0498141741122992
51.011015343,0.404915016605377,-0.0105718802049855,0
51.02100516,0.404799039120806,-0.0128880730793055,0.0498868488525102
51.031001903,0.404657428359493,-0.0161453966816017,1.49061423866369e-06
51.040998477,0.40447623908686,-0.0206949505603221,-0.0498767594855507
51.050992506,0.404243723818737,-0.0261829128918299,-1.49079334279178e-06
51.060989392,0.403952818700787,-0.032028707081472,0
51.070994112,0.403603098239004,-0.0373892601026765,-0.0996933553717975
51.080992358,0.403204922602188,-0.0413714746630565,-0.0498619427710259
51.090991253,0.402775787026789,-0.043695216204005,-0.0498546081096286
51.100992441,0.402331014651405,-0.0447313938822103,0
51.111001791,0.401880687769716,-0.0448291703873259,-0.0498710515553909
51.120985332,0.401434749934231,-0.0437638829090329,-0.0997583782156151
51.130991719,0.401005850901364,-0.0416240297990578,-0.0498394720088938
51.140990891,0.400602037950268,-0.0394701759189368,-0.0498505029378037
51.150993449,0.400216379099581,-0.0388042422885119,0.0498441734998925
51.160994563,0.39982581061532,-0.0405772555184866,0
51.171002412,0.39940447029527,-0.0442870639289615,-0.0996751772875387
51.181001476,0.398939763180268,-0.0485100961218132,-0.0498667556008733
51.190997623,0.398434500687684,-0.0518279388053237,0
51.201005113,0.397903015905948,-0.0529739008266505,-0.0995769621852755
51.21102397,0.397373626967786,-0.0508388411405166,-0.0997733567510518
51.22099204,0.396886903699308,-0.0445824332550043,-0.0499502474515193
51.230985759,0.396483681842043,-0.034643884940199,-0.0498424665351551
51.240996995,0.396193854340054,-0.0225769476907356,0
51.250992941,0.39603198074059,-0.00988943784923393,-0.0498697694465908
51.2609904,0.395996130803912,0.00162332945842154,0
51.270990381,0.396064443174035,0.00992014412758607,0.0997216222596824
51.280987696,0.396194506862394,0.0135956950328376,0.0498518413438997
51.290991574,0.396336373294356,0.0126665165284783,-0.0497791556675441
51.301018094,0.396448222229733,0.00799509573762748,0
51.311020721,0.396496508242164,7.36696920966241e-05,0.0499161094929031
51.320993535,0.396449693814321,-0.010618931944473,0.0499180237038148
51.330995396,0.396284398527726,-0.0224752476902414,-0.0498488456069921
51.34099593,0.396000135032298,-0.0330510691535242,-0.0997159320594671
51.350994132,0.395623418921207,-0.0402190183213113,-0.0498826509005558
51.360984172,0.395196227561089,-0.0430302135682505,-0.049856523186063
51.370992849,0.394762869857606,-0.0416163735529492,-0.0498477490878654
51.380987007,0.394363782107611,-0.0366562318590108,-0.0996961809977013
51.390995547,0.394029646321912,-0.0295822911139356,0
51.400996458,0.393771856703099,-0.0224466829719226,0.0498544186636259
51.410995706,0.393580709093451,-0.0167981130756855,-0.0498494736351524
51.420998601,0.393435858443229,-0.0134450774163436,-0.0498633117145711
51.430992298,0.393311853365948,-0.0130935896693892,0.0499498821193999
51.440960536,0.393174485057332,-0.0163955625083875,0
51.450993374,0.392983924474155,-0.023394563705389,0
51.460988166,0.392705947391429,-0.0330776095552287,0
51.470983935,0.392322684502607,-0.0433528891960312,-0.0997303498452768
51.480983712,0.391839082701277,-0.0520864963947563,-0.0498410465482779
51.490988862,0.391280697944544,-0.0575857928798583,-0.0498661745208495
51.500979156,0.390687629204552,-0.0584389598802795,-0.0996432675963479
51.511002182,0.390111140339993,-0.0539160629819732,-0.0498386946804514
51.520985625,0.389608959161901,-0.0437105449473466,-0.099751147603619
51.530993559,0.389237306357075,-0.0284241569374794,-0.0498112617701031
51.541002514,0.389039995967565,-0.009868999006582,0.0498809376533089
51.550983085,0.389040029744839,0.0101009964722524,0
51.561004219,0.389242033119209,0.0298401659582159,0
51.57099285,0.389637124453224,0.0479244974266744,0.0498799557984969
51.580993541,0.390200011329959,0.0624606205691191,0.0997215275114284
51.590990165,0.39088616915784,0.0719127771576662,0.0997552381074152
51.600984397,0.391637609302678,0.075401806850831,0.099726190336842
51.610986545,0.392393932340316,0.073142430674053,0.0498406479212987
51.620989484,0.393100829991704,0.0659432744523615,0.0996710224420354
51.630994292,0.39371330869191,0.0548635666738993,0.04984967301248
51.640991547,0.39419821450872,0.0411706735939097,0.0497881149066022
51.651020487,0.394537800629583,0.0267444774752091,0.049854732745983
51.66099158,0.394733104940792,0.0133909071125204,-0.0499134956090452
51.670996377,0.394805295917063,0.0028431476466604,0
51.680987508,0.394789956316428,-0.00383839377850087,0
51.690993779,0.39472853801364,-0.0062093266393278,0
51.701004173,0.394665666305213,-0.00401635369976323,-0.049857741655737
51.710992605,0.394648215654844,0.00268919796728952,0
51.72099884,0.394719435923066,0.0132796519520739,0.0498520257854556
51.730993724,0.394913823553816,0.0269706267168931,0
51.740988207,0.39525856167873,0.0429459649834653,0
51.750992331,0.395772683029756,0.0601417150295085,0.0499975051957028
51.760930532,0.396457927305906,0.0759004206726323,0.0997113705447606
51.770991683,0.397290642259736,0.0880411608913086,0.149055458330906
51.780998627,0.398224745686583,0.0958208988292613,0.149596442066216
51.790987206,0.399206631246157,0.0982803101114778,0.0498345846566156
51.801006746,0.40019114982665,0.0969223787515707,0.0996830844071572
51.810992532,0.401145595029778,0.0928045566039586,0.0997821267167266
51.820992215,0.402045892415717,0.0862941990737214,0.0497874451248784
51.831019595,0.402873814391162,0.0784002489070755,0.0997173039166298
51.840990377,0.403613753294201,0.0689483387924687,0.0997412190717141
51.851012962,0.40425232383268,0.0584405990967834,0.0497977094828981
51.861013312,0.404783905611277,0.048129284986493,0.0498447064997605
51.871017018,0.40521510474479,0.0391223626340127,0.0498908137228942
51.880998881,0.405565788289142,0.0325616986393837,-0.0498495334481885
51.891019137,0.405866407715817,0.0289737701895077,0
51.901021222,0.406145910995932,0.027613322758123,0.0996139051421453
51.911038057,0.406419196615046,0.0273327861229499,0.0500355669338031
51.920948377,0.406690575661586,0.0271867917447045,-0.0498787954970709
51.931027844,0.406962654791236,0.0270397548016135,0.0497121436396238
51.941005776,0.407232922812504,0.0262861797973512,0.0498958686025081
51.951010791,0.407487930128959,0.0235896482467671,0
51.961026377,0.407705201747783,0.0184049404937713,0.0498671995252509
51.971005824,0.407855937521495,0.0100851001768988,0
51.981022005,0.407906859659263,-0.00155619763064482,0.0498309733770495
51.991015393,0.407824798677627,-0.0161173301795089,0
52.000976193,0.407585251422803,-0.0322741154701367,-0.0996018011026072
52.011037045,0.407178617569076,-0.0488877178871876,-0.0497298885532074
52.021026435,0.406605040848337,-0.0655861799366585,0
52.031016138,0.405868265180607,-0.0822762237270343,-0.101028926411531
52.040764968,0.404981028891186,-0.0948360374503649,-0.149388872050058
52.051039444,0.403969334182911,-0.104564895000987,-0.0985477422763265
52.06100077,0.402865074379795,-0.113745518242463,-0.0998902215440667
52.071003286,0.40169853662851,-0.118476174285626,-0.0998781674947691
52.080966723,0.400499584652388,-0.119834452584659,-0.149530648805961
52.091007607,0.399301329772147,-0.11770332692708,-0.0994777246167767
52.101013048,0.398140065507227,-0.112351569985314,-0.149451979335403
52.111022458,0.397052629839275,-0.103446875854716,-0.149468680435212
52.121025862,0.396069802421865,-0.0922453874332348,-0.0498306519434769
52.131031558,0.395206882657585,-0.0813020198703669,-0.0504444761393112
52.140791485,0.394462817347969,-0.0688666632583753,-0.0498627107665465
52.151028391,0.39382976749314,-0.0576575308481957,-0.0989282796208829
52.160949448,0.39330055897446,-0.0481925402603594,-0.0498972775894748
52.171011371,0.392866736924968,-0.0391674111676315,0
52.18100609,0.392514992230604,-0.031859244413365,-0.0498736733488195
52.191003211,0.392229812008135,-0.0259765061365089,-0.0498461619966057
52.201008964,0.391995387451395,-0.0218426580131869,0
52.211028977,0.391792396049945,-0.0198586850847837,0
52.221030035,0.391597795307346,-0.02008130580962,0
52.231023364,0.391390882650122,-0.0220669653031941,-0.0501409543907151
52.240915901,0.3911589745923,-0.024735253046179,-0.0498341612381849
52.251031653,0.390895972558686,-0.0278483624174414,0.0496146725489595
52.261012704,0.390599311538924,-0.0310684825667533,-0.0499285344874111
52.271002123,0.390275520359641,-0.0328730212528727,-0.149591953302808
52.281008827,0.38994197856257,-0.0331563010637331,0
52.291008934,0.3896121685108,-0.0328877452249019,0
52.30101944,0.389283874620432,-0.033309583052759,0
52.311040797,0.3889449155065,-0.0350728382679243,0
52.320904247,0.388586458000532,-0.0367304272849374,-0.0999012039680463
52.331002146,0.388211726628546,-0.0375471390837314,-0.0496780381912545
52.340975416,0.387832843026516,-0.0374209461033719,0
52.35100573,0.387463173589808,-0.0358128891147865,-0.0994574970580526
52.361025818,0.387114780202983,-0.0334028271973971,0
52.370993363,0.386795530138624,-0.0302378895802698,0.0498848720832033
52.38101317,0.386510404860205,-0.0261592970510913,-0.0995723829095081
52.391020631,0.38627163088589,-0.0205013508423397,0
52.40091721,0.386102345152985,-0.0119056936533582,0
52.411044304,0.386033235169337,-5.57293141685372e-05,-0.0495912820760544
52.421022891,0.386101224677172,0.015543965196549,0
52.431039937,0.386344046592772,0.0345520851437242,0.0498853862278335
52.441010037,0.386791822247544,0.0560431456918071,0.0498832498516915
52.451027939,0.387464237100946,0.0788375238956419,0.0498195552160827
52.461024192,0.388369688670608,0.101741713751305,0.0498762642937639
52.471019338,0.389498196295492,0.122650903875972,0.150319505457603
52.480923533,0.390810360830794,0.137114382857911,0.249508115032813
52.491000339,0.392237878916491,0.143687555996614,0.099171877883939
52.501031681,0.393699651472532,0.143591264466302,0.14936273415753
52.511027149,0.395113553887617,0.135025300226822,0.149741491683196
52.521007835,0.396396937663759,0.117935138462988,0.14976665252677
52.530999947,0.39746904858524,0.0931631652177893,0.149492005996607
52.541017327,0.398261085272879,0.0629439688516758,0.0497953307398958
52.551024437,0.398729469460071,0.0303566117874487,0.0501320287740529
52.560907328,0.398864878311688,-0.00179195563257362,-0.0498563057097978
52.571023839,0.398693631419009,-0.0294749932497564,-0.0495534443810325
52.581029564,0.398271775541418,-0.0508986083655422,-0.049866573544283
52.591019123,0.397675899289535,-0.0638398701300014,-0.0997937379751431
52.601012409,0.39699607331179,-0.0673566857377822,-0.0996535400175513
52.61103038,0.396328007340568,-0.0616088380720424,-0.0498377655066687
52.621019251,0.395763475022679,-0.047261577292222,-0.0997138684581569
52.631029231,0.395382830098276,-0.0259933716047531,-0.050094363941079
52.640923017,0.395246109036707,-3.2523196248525e-05,0
52.651043782,0.395382179161106,0.0267562256855801,0.0496261957175345
52.661014553,0.395783682708293,0.0516242229481476,0.149635716510599
52.671034256,0.396414171847721,0.0719104360800139,0
52.68102473,0.397222623262401,0.0867335168935355,0.0499165716823033
52.691008915,0.39814664427154,0.0941824307303055,0.199412250684429
52.701025433,0.399106338087256,0.0933203799654298,0.149505724111428
52.711016571,0.400013766331678,0.084986284187162,0.100298198525339
52.720907475,0.400796038958889,0.069931610548103,0.0996851872046146
52.731021475,0.401412741487258,0.0530477404449317,1.48198988070356e-06
52.741017142,0.401862811354339,0.0382198864503227,-0.0498410437947949
52.751027599,0.402177373274849,0.0267784882417981,0
52.761029726,0.402398718099671,0.0190999011990533,1.48964490075122e-06
52.771033926,0.402559492143905,0.0137355627310968,0.0498887733580021
52.781015515,0.402673234158211,0.00890817074927023,0.0498620923786341
52.791031007,0.40273762955594,0.00360524109599794,1.49892081075807e-06
52.800898035,0.402744915436407,-0.00253693246937512,-0.0498801079098897
52.811021463,0.402686915119036,-0.00981392986839985,-0.0495608776866038
52.821017253,0.402547466841948,-0.0197127573581796,0.0498547995074647
52.831022067,0.402292648065367,-0.0336589820124825,0
52.841010284,0.401874521771144,-0.0521629308583936,0.0498672503198041
52.851016482,0.401249680778168,-0.0733471776745954,0
52.861022458,0.400406685289111,-0.0930544849426556,-0.199426689865993
52.871015438,0.399388688228197,-0.106449125951132,-0.150530179175043
52.880893751,0.398291403517742,-0.107306896528234,-0.149537384009969
52.891018858,0.397242183308046,-0.0952816201837028,-0.198468821011595
52.900989378,0.396376659618575,-0.0715149327243991,-0.099808889953566
52.910998968,0.39581330708557,-0.0371752121034637,0
52.920981739,0.395633439357951,0.00307194513696776,-0.0498688964530614
52.930992723,0.395874726804012,0.0447102624767267,0.0498511738119508
52.940982602,0.396527683192442,0.0829427195186025,0.149551556995882
52.950994048,0.397533691093487,0.114192888385175,0.10055116787429
52.960815217,0.398792426783523,0.132072696641622,0.249199063809633
52.970999829,0.400175908538579,0.136746616395942,0.19775016543638
52.980983724,0.401550401873531,0.13124747867124,0.0997074264784405
52.991000271,0.402800916123389,0.11460016292438,0.149507407942653
53.000991354,0.403843279531262,0.0914002530834083,0.0997527431480592
53.010991627,0.40462813112127,0.0650882313717831,0.0498540696879013
53.020991653,0.405145063620079,0.0396744213284585,0
53.030984991,0.405421356268379,0.0185824615996312,0
53.040805616,0.405513255826663,0.00350016601594639,-0.0996884013674082
53.05098925,0.405491374495905,-0.00458529248676234,0
53.060982871,0.405420737210908,-0.00729311036579797,0
53.070994977,0.405345470520946,-0.00686907242652625,-0.0498334116530794
53.080992059,0.40528329264934,-0.00611665861183901,0.0498767095853737
53.0909856,0.405223194704617,-0.00762828187954142,0.0498202128691934
53.101006548,0.405130616485573,-0.0128842537002607,0.049838046953912
53.110992927,0.404965415227685,-0.0218430167408569,-0.0507236580080933
53.120663969,0.404701239109588,-0.0315152814921628,0
53.130992876,0.404335111205121,-0.0398990733099988,-0.0490741507768167
53.140982126,0.403890563473921,-0.0459103250028584,-0.0997045999154436
53.150993885,0.403416858381546,-0.0455638842746868,-0.0996143488878327
53.161001256,0.402978414151321,-0.0389542079635863,-0.0498465678916345
53.170997194,0.4026376453228,-0.0267510232887067,0
53.180982959,0.40244388314902,-0.0103343888311605,-0.0498814206002579
53.190985929,0.402431073963067,0.00863276991050473,1.50445154210213e-06
53.200792386,0.40261489337437,0.0275941750205489,-0.0498492169391955
53.210988175,0.402983019439995,0.0433359175970683,0.0995376170277928
53.220826649,0.403483096544856,0.0520237092644218,0.149489077400572
53.230998059,0.404024007827626,0.0502035412534389,0.0494690626758607
53.240982606,0.404494996963608,0.0381265959641537,0.0997754768384293
53.25098486,0.404786036513969,0.015414658690536,0.0498173274673368
53.260997656,0.404803522128032,-0.0150285847241109,0
53.270991774,0.404485360911852,-0.0502162281470096,-0.0504713617545851
53.280753931,0.403811436515297,-0.0840346038933265,-0.149529044017624
53.290996509,0.402804270930136,-0.113344590661755,-0.147844111865913
53.300986452,0.401518189704497,-0.138845069252202,-0.0996674207715918
53.31100468,0.400026235042031,-0.155265349518857,-0.249268427626792
53.320986666,0.398412849487334,-0.163323394475758,-0.199560242551817
53.330990252,0.396762123582452,-0.163312602920826,-0.0498445221124426
53.340990796,0.395145922947868,-0.156668460439359,-0.199411532828155
53.350991027,0.393628632955608,-0.145431280598735,-0.201905634937584
53.36074421,0.392273158653651,-0.124900556319599,-0.149562222047733
53.370991125,0.391130609588961,-0.101254481894374,-0.147790116392958
53.380984123,0.390223776749249,-0.0796575616407566,0
53.39098956,0.38953758302023,-0.0598713554423334,0
53.400994725,0.389025714884292,-0.0454185384792192,-0.0498384530956952
53.410995528,0.388628941192808,-0.0366736766946485,0.0498172820864917
53.421009195,0.388291710682297,-0.0327335175369532,-0.0996826160236245
53.431000948,0.387974093426404,-0.0324601303326021,-0.101047832053726
53.440744035,0.387651115203804,-0.0336582518167302,0.0498666533498031
53.4509962,0.387301088199449,-0.0368937776976848,-0.0492392456528472
53.460994067,0.386904015024825,-0.0426344748305833,-0.0498595591433569
53.470994297,0.386448479836243,-0.0484572407656973,0
53.480985628,0.385935279140166,-0.0532808334068419,-0.0498661529579486
53.490989152,0.385383137297994,-0.0551731823257465,-0.14950649377528
53.500993181,0.384831398770605,-0.0539936428802161,-0.101901422616512
53.510558973,0.38432649137169,-0.0470129064801187,0
53.520735187,0.383903269688797,-0.0364196772678459,0
53.530998424,0.383582093162738,-0.0259521580535719,-0.0492462515730771
53.540981733,0.383377828126966,-0.0139865248989398,-0.0498626616735109
53.550994679,0.383302415044295,-0.000873297004545464,0.0498406877837132
53.560986804,0.383360357758386,0.0123396989429921,0
53.570990324,0.383549155283766,0.0250916183176564,0
53.580979505,0.383862006981017,0.0368281143715213,0.0498752924626594
53.590981515,0.384285393152337,0.0475008543664144,0.101063886086114
53.600711505,0.384799293839375,0.0559735631266401,0.101232511171102
53.610680647,0.385388023760879,0.0616554963541078,-0.049158969788888
53.620994605,0.386049858437475,0.0689661818803818,0.0490998170034476
53.630987576,0.386788515119725,0.0773819832632583,0.0997626951261958
53.640983668,0.387596651775989,0.0831365255320808,0.099699465652039
53.650989615,0.388451415145742,0.0861231221869173,0.0996619766384109
53.660993231,0.389319937815145,0.0857232551756589,0.0997209739857193
53.670987041,0.390165659597596,0.0829429069753791,0.101210349447497
53.680696382,0.39095417443566,0.0745905122275837,0.0498551166297467
53.69098692,0.391657460816696,0.0641022891205007,0.0982459890520352
53.700994033,0.392255300328529,0.0550013233658437,0
53.710577558,0.392734971832277,0.0416632383276657,0.0499170466806619
53.720969696,0.393087551136851,0.0279568233678754,0.0975703634755598
53.73101576,0.393306359035548,0.0153586222238337,-1.48690250752596e-06
53.741012922,0.393395387473132,0.00345295136811627,-0.0498712051778252
53.751009187,0.393375395366661,-0.00598592119035413,0
53.760712236,0.393277468932024,-0.011976506919985,0
53.771018404,0.393135754840797,-0.0143614717191999,-0.0490819896303361
53.781027148,0.392985716897858,-0.013712417748607,0
53.791009494,0.392861628663467,-0.00969351685321955,-0.049877355800121
53.801017512,0.392791939967522,-0.00331956730246445,0.0505942217300067
53.810717205,0.392796207590425,0.00490690775562543,0.0499123162566812
53.820993874,0.392889962133149,0.0146939448378345,-0.0491742095244876
53.830994019,0.393094153976828,0.0276054828002057,0
53.840682795,0.393433484303169,0.0415791370414262,0.0498809052137204
53.850983558,0.393925301758304,0.0561218634243306,0.0490994300941304
53.860990491,0.394573190044544,0.0719764600504144,0.049859930635189
53.870981506,0.395364683263616,0.0847514756328889,0.0997181665580627
53.88098848,0.396268049121984,0.0932868809079913,0.0996675054543636
53.89098966,0.397231181543003,0.0959068216614601,0.149548613190659
53.900990398,0.398186369504497,0.0935719999181646,0.102007308115863
53.910538875,0.399060440687383,0.0812183570396122,0.101293948400665
53.920677582,0.399785330243714,0.060937773191973,0.0975001069635764
53.93099211,0.400306815282855,0.0396667421044973,0
53.941000394,0.400591469986156,0.0159842700777798,0
53.950986924,0.400626417789986,-0.00891654086472358,0
53.960991733,0.400413216395022,-0.032993907033554,0
53.970990088,0.399966435256593,-0.0546916221800065,-0.0498528363323595
53.980991929,0.399319373231864,-0.0718858513928651,-0.0997138179929161
53.990989248,0.398528778612851,-0.0839864853157361,-0.15228865532784
54.000633964,0.397669707747765,-0.0868133181483184,-0.101360761108812
54.010662867,0.396820846467475,-0.0795390237372308,-0.0979291411260402
54.020997592,0.396050004656897,-0.0696880036365125,-0.0981114822667082
54.030988649,0.395404383297544,-0.058632119770284,0
54.040516173,0.394905588877959,-0.0424029849343109,0
54.051018468,0.39455505918425,-0.0272714388064628,-0.0486310135433427
54.061018861,0.394346451076799,-0.0142667894247204,-0.0498664871494403
54.071013189,0.394269798710137,-0.00197773369459678,0.05077162880171
54.080657122,0.394307611826316,0.00829645285183152,0
54.091021263,0.394435794752734,0.0158291506533214,0.0489458805020501
54.101027917,0.394630064209299,0.0220597811778153,0.0502238918312448
54.110873697,0.394873735102621,0.0266368605500592,-0.0498605970581821
54.121025,0.395162723720578,0.0309994650703093,0
54.131024788,0.395498408144204,0.0364976718200826,0.0511902530504915
54.140502663,0.395873613072574,0.0386124056373545,0.0998835022189699
54.150989973,0.396269311966049,0.0393075806879078,0.0495325611168869
54.160632781,0.396664879310116,0.0390370192160572,0.0498541075996437
54.170989659,0.397050040092746,0.0375320500912745,1.46349502898868e-06
54.180996583,0.397429174546829,0.0382845330874293,0
54.190992001,0.397815820416871,0.0395371464547743,0
54.200993336,0.39821978909881,0.0407202200922154,0
54.211025171,0.398631575508416,0.0396693466438704,0.149423897675139
54.221011749,0.399013906463367,0.0340995705352163,0.0997353776279844
54.231019709,0.399313380667266,0.0240437942924953,0.0507812995032097
54.240646857,0.39948600896103,0.0100066932283661,-0.0498683941699799
54.251014263,0.399513460035382,-0.00427116157829736,-0.0489648735333566
54.261010359,0.399399033153688,-0.0179725772516235,0
54.271009564,0.39915409294349,-0.030446603097539,-0.0498459424284797
54.281013919,0.39878999270183,-0.0419097788280048,-0.0498115603873079
54.291026333,0.398315194581849,-0.0527375223003495,0
54.301023998,0.397734710714336,-0.062845334057238,0
54.311015269,0.39705898322148,-0.0723976891532472,-0.152738838293408
54.32060814,0.396316864089487,-0.0753240452339057,-0.149530020915586
54.331019674,0.395552170514383,-0.0740803838105888,-0.0488626373607291
54.341013639,0.39480521689172,-0.0724528393430362,-0.0498426235005823
54.351024566,0.394102759288232,-0.0672293704789098,-0.099656288983884
54.361024344,0.393459909791731,-0.0611452270327939,-0.0498815739766102
54.371013837,0.392880510774717,-0.055115031413021,0
54.381020131,0.392357841363098,-0.0498764165230944,-0.0498508597650772
54.391014826,0.391882933116479,-0.0463270725001261,-0.101837339719672
54.400601974,0.391450671902751,-0.0414557646586438,-0.0498655485656326
54.411010521,0.391053996290373,-0.0377841935845681,0.0488166890600847
54.42102729,0.390678917808981,-0.0369123170674266,0
54.43101374,0.390315631128276,-0.035409105648439,-0.149653113420796
54.441015241,0.389971162340326,-0.0327138487232014,-0.0498554406920309
54.451013489,0.389661362364988,-0.0286999241370276,0.0498402019649247
54.461020507,0.389397012723785,-0.0237557146774586,-0.0498294839734842
54.471023058,0.389186020753005,-0.0182889938097096,-0.0509100339181083
54.480605379,0.389038825121013,-0.0109667132210858,0.049848225416633
54.491025104,0.388966664050688,-0.00264830191162907,0
54.50103128,0.388984731168348,0.00753142568875377,-0.0498748833084208
54.511016459,0.389117227455288,0.0203405479652486,0
54.521014343,0.389391197619792,0.0354195235156108,0.0498437723311204
54.531020292,0.389825753688634,0.0518553859721573,0.0498569619554734
54.541012884,0.390428229682227,0.0684303456242724,0.0498642443348649
54.55101651,0.391194101797552,0.0856515727413515,0.101840312666056
54.560594448,0.392105421435563,0.0968157747237587,0.0997062654185823
54.571016886,0.393130453694759,0.103807476822862,0.0976539834713371
54.581015149,0.394225242881327,0.11024616192481,0.149530461933268
54.591021232,0.395335856063075,0.109001879877355,0.149548471133246
54.601017086,0.396405491615515,0.102548096316371,0.0997505077706355
54.611013036,0.397385977505205,0.0919165468611623,0.0498693793585435
54.621011245,0.398243285668188,0.0783945794404925,0.0997071473045574
54.631013534,0.398953908134515,0.0645651015908825,0.152957737160624
54.64056736,0.399505928219886,0.0478141559843047,-1.48938009827105e-06
54.651023418,0.399910663849319,0.0346707475685035,-0.0494319248888789
54.66073846,0.400205275336165,0.0263959245219546,0.0498728490285052
54.671016186,0.400438391444432,0.0224082353116925,0.0491472591183006
54.681026393,0.400659892112817,0.0241180421344453,-0.0498733240931111
54.691008166,0.400920558860423,0.0302421054350923,0
54.70102612,0.401264725965424,0.0398947656543986,0.0996375865214083
54.711022328,0.401719019163182,0.0526546554668108,0.0510576594287994
54.720554949,0.402293009728089,0.0632189739992028,0
54.731020247,0.402983267084481,0.0719747274632291,0.0487389680138865
54.741012836,0.403765460569388,0.0800608348923551,0.149540030415979
54.751023313,0.404584729248848,0.0800021600513012,0.199437888888081
54.761010669,0.405365330405733,0.0726030996806247,0.0498615064204089
54.771020629,0.406036596375741,0.0592246409281571,0.0498288589203744
54.781020489,0.40655040481027,0.0424229036096021,0.0996913820450695
54.791023692,0.406885184389287,0.0254881700138326,-0.0510501392496462
54.800551611,0.407048217368367,0.00949789240565434,-0.0513491857217481
54.810441069,0.407069608546833,-0.00307477893484844,0
54.821023897,0.406985269614626,-0.0118626902005083,0
54.831025015,0.406825427572331,-0.018650028310706,-0.0498733191037957
54.841015879,0.406612418584339,-0.0233202686687108,0
54.851018936,0.40635916396287,-0.0271211094785373,0
54.861017571,0.406069950505851,-0.0306873821190371,-0.0498573932534501
54.871017304,0.405745466402297,-0.0351143901201331,-0.0510718718515199
54.880541549,0.405384377925662,-0.0383728864872399,-0.0499147053276346
54.890993904,0.404978906598096,-0.042615604002472,1.45582797979589e-06
54.901012596,0.404511991893194,-0.0508303470008145,-0.0498077184526933
54.911012217,0.403961368801935,-0.0602458924096733,-0.0498185047890379
54.921027173,0.403306195840627,-0.0714510772473745,-0.049842087991405
54.931016726,0.40253202508408,-0.083495551476392,-0.0498844403097996
54.941014698,0.401637326418104,-0.0944859553361846,-0.0996940926881827
54.951019843,0.400642011464634,-0.105171623398528,-0.153692013807161
54.960477382,0.399590404346131,-0.105010712490131,-0.149637594134589
54.971009867,0.398542844801699,-0.0988638410875749,-0.145598490017566
54.981021957,0.397559288748119,-0.0929482310123015,-0.099649332201623
54.991021969,0.396682755321961,-0.0814832339052478,-0.0498827379852583
55.001011359,0.395930487629327,-0.0692032110796594,0
55.011021347,0.395298734144765,-0.057614991957291,-0.0498403614120971
55.021016561,0.394777888076993,-0.0466642796670507,-0.0498521483794
55.031021819,0.394365426525884,-0.0362857812459402,0
55.040475326,0.394071811586887,-0.0221917709009968,-0.0997604729376077
55.051011626,0.393921817308585,-0.00624971931142192,-0.0970528518664767
55.061022817,0.393943395535583,0.0111909522391995,0.0498189827029335
55.071026011,0.394145797335217,0.0283941218088354,0.0997433931511439
55.081016047,0.394511085743555,0.0431634338371211,0.0997428504083265
55.091019051,0.39500876559446,0.0551374131710153,0
55.101020923,0.395614102857002,0.064996883483671,0
55.111018253,0.39630865139662,0.0747601623339581,0.153714420162347
55.12048077,0.397068924177716,0.0778121278226832,0.0498828541585637
55.131007011,0.397864019189133,0.077296507347944,0
55.141009699,0.39865573868901,0.0763713788250834,0.19927974875498
55.151020863,0.399392504661974,0.0680108326252852,0.0997003828020097
55.161011554,0.40001608150161,0.0543830550601301,0.0498359744955796
55.171027826,0.400480544432389,0.0373522050923884,0.0498548305060247
55.18101095,0.400763103042726,0.0191512887962485,-0.0498715180198658
55.19102053,0.400863430480511,0.00176224695849657,0.0512582968668272
55.200462757,0.400797381930449,-0.0134187361354921,0
55.211012351,0.400595165509644,-0.0241346579870645,-0.145404594614264
55.221034523,0.400300889393849,-0.0317637954593267,0
55.23101249,0.39995988518529,-0.0347297151292897,0
55.241008721,0.399607191187373,-0.0345788197402158,-0.0996674058276145
55.251020664,0.399268026143213,-0.0324083632275988,0.0498471235950704
55.261011807,0.398958923910612,-0.028858309607163,-0.0498655036769634
55.271016377,0.398690983666643,-0.0249500350435149,-0.0513578441399602
55.280427071,0.398474512393433,-0.0186961679203147,0
55.29101525,0.398317081378818,-0.0123770691244683,-0.0484094830135218
55.301023583,0.398219587940686,-0.00734512005054191,-0.0498264061742192
55.311026055,0.398170099613785,-0.00407844292014911,0.0997443620614535
55.32101632,0.398138048704014,-0.0042942120834554,0.0498764550962026
55.33101678,0.398084255200933,-0.00788627902354607,-0.0498638478422888
55.341012697,0.397980351695532,-0.0133921643301795,0
55.351013764,0.397816452305097,-0.0196982063171006,-0.0513731533975191
55.360421015,0.3975980426433,-0.0237040766601415,0
55.371009514,0.39734247151422,-0.0253923536688756,-0.0967935078045339
55.38102356,0.397074895534181,-0.0261891998012756,-0.0497993261071955
55.391031799,0.396818103891877,-0.0247732464529545,0
55.40098496,0.396580386852435,-0.0231752171217026,0.0499702237365301
55.410985608,0.396355670035897,-0.0221117166182601,0
55.420989008,0.396138063011841,-0.0210992150810116,-0.0996434119830926
55.430998899,0.395933405304609,-0.0197216172044157,0
55.440391831,0.39575540796395,-0.0158712676374101,-0.049881665158167
55.450987536,0.395616160297075,-0.0115198914796452,-0.0483993879173153
55.460992639,0.395518088891397,-0.00845157003932792,0.049829332066718
55.470997166,0.395447047507669,-0.00708125650518923,0.0498673401060288
55.480987018,0.395376503565036,-0.00819143897238032,0
55.490987107,0.395283301125906,-0.0107830905314223,0
55.500985732,0.395160855621462,-0.0130161825408421,-0.0498568597414576
55.510985689,0.395022995932036,-0.0136426275930903,-0.102778567552226
55.520387958,0.394896158277667,-0.0110467279465334,0
55.530989621,0.394802017937371,-0.00722681947446829,0.0483800930021162
55.540996982,0.394747220581674,-0.00362208132476046,0
55.551016339,0.394729479536107,0.00012539597758794,0.04986204326838
55.560993485,0.394749728062716,0.00454518676204674,-0.0499260496704056
55.570987206,0.394820250856422,0.0105726174024837,-0.0498600185975854
55.5809908,0.394961152023288,0.0183446318635224,0.0498426660360028
55.590991483,0.395187221953683,0.0279017926826295,0.051434530366071
55.600375958,0.395502032682924,0.0358330932660521,0.0498624372505192
55.610987828,0.395903752849048,0.0432042013281223,0.0483791611283777
55.620986611,0.39639249948464,0.0535301316034216,0.0498639642273117
55.630984756,0.396974191036552,0.0632882314807392,-1.49002823824975e-06
55.640987791,0.397658338794368,0.0741552859351691,0.0501983456495477
55.650847293,0.398447103147185,0.0832548148076613,0.0997403360768775
55.660981335,0.399322897597437,0.0893301071931496,0.148449310443098
55.67099733,0.400247108112341,0.0952811342761806,0.102832254829165
55.680374011,0.401170653763367,0.0898434462076334,0.0498867100743359
55.690984543,0.402042828208347,0.0796429926278007,0.145077928766009
55.700992303,0.402812756241121,0.0696202516575236,0.0996976118285909
55.710986655,0.403435380279469,0.0552753036788079,0
55.720325453,0.403881401978439,0.0351259925409117,0.0498557074234059
55.730986297,0.404137887555182,0.0156899683530527,0.0482462518889268
55.740991649,0.404205653939657,-0.00169765469160587,-1.48981885656338e-06
55.750990288,0.40410392768601,-0.0172115990831557,-0.102937529428941
55.760363913,0.403872226298356,-0.027248540339897,-0.0498329706132497
55.770998457,0.403558734285886,-0.0321751177657856,0.0483502697252497
55.780985649,0.403208719514021,-0.0345063247354504,-0.0498593372481833
55.790996643,0.40286867038565,-0.0308406218981936,-0.0997024464512942
55.80098709,0.402591862634721,-0.0220093204367588,-0.0498573602244891
55.810995622,0.402428506448431,-0.00927314249595361,0.0518210157593351
55.820228247,0.402413436644073,0.00692771288953631,0
55.830981205,0.402566960829385,0.0240510357358539,-0.0495377166513128
55.84035627,0.402897536444538,0.0412791536241446,0.0498267874383264
55.850992455,0.403393008292346,0.0541732355399627,0.144996806373336
55.860986303,0.404015132081444,0.0659987621191306,0.0997171144366807
55.870990655,0.404712864736957,0.0712496811287309,0.0498315237520436
55.880995651,0.405440791746038,0.072689948881795,0.0996873897558824
55.890995117,0.406166988057145,0.071574069188329,0
55.900991338,0.406871964430844,0.068657720732008,0.0498603046257934
55.910992915,0.407539991287484,0.0663935100942844,0.103700645872695
55.920221332,0.408148711231596,0.0564080496063181,0.0498704543807549
55.930986643,0.408667798488323,0.0441248765122113,0.0960204921012747
55.940989428,0.40906510090299,0.032551208306813,0.0997011358915913
55.950988048,0.409318868388907,0.0183592301227719,-0.0498728126916582
55.960981613,0.409432142028062,0.00568097180162917,-0.049843094402657
55.970992751,0.40943251454255,-0.0037505231399483,0
55.980977832,0.409357145745991,-0.00965253804217091,-0.0498889281236403
55.990978478,0.409239601552382,-0.0131611663004077,0
56.000344207,0.40910226166398,-0.0143161064104358,0
56.010990275,0.408953110537066,-0.0158045557783095,0
56.020192666,0.408788565586601,-0.0176757368692439,0
56.03099642,0.408599487182278,-0.0197590775595474,0
56.04097569,0.408377912203463,-0.0238657019813582,-0.0498638578168709
56.050992793,0.408122259703552,-0.026936831777911,0
56.06099183,0.40783874080744,-0.0290400875531829,-0.0498574823815583
56.070991723,0.407541489025382,-0.0303680319867662,-0.0515331811463957
56.080340457,0.407251161083804,-0.0275016966299112,0
56.090991058,0.406991473381412,-0.0224276179876209,-0.0482701494431639
56.100997039,0.406787883153778,-0.0161968457333265,0
56.110993538,0.406667496298568,-0.00683660975679634,-0.0519656235564782
56.120184079,0.40665670884891,0.0052790036079136,-0.0498569794067523
56.130992072,0.406773068631707,0.0172462128601706,0.0958730731603591
56.140984109,0.407015430593788,0.0296945713601984,0.0498675645732067
56.150986361,0.407366790473214,0.0406688576952975,-0.0515315485324062
56.160333349,0.40780234208186,0.0458322484336641,0.0498553908360103
56.17098613,0.408283424854638,0.045822232181823,0.0965890315802157
56.180979509,0.408748395219043,0.0417991890503863,0.0996958424141984
56.190988597,0.409119511754245,0.0287324088791336,0.0996829400491428
56.200984565,0.409323188667685,0.00946945643373024,-0.0498428230072989
56.210992811,0.409308940787209,-0.014127861564162,-0.051983909594795
56.220165429,0.409052204076412,-0.0380551797245944,0.0498605920713923
56.230989896,0.408547948123566,-0.0615656670996423,-0.148379907065558
56.240324891,0.407811073350012,-0.0836890285845322,-0.0996913316685462
56.250993567,0.406873860329451,-0.0984225579963951,-0.0482556012354768
56.260987083,0.405777447559559,-0.115229554539235,-0.149682498830346
56.270977594,0.404571109800341,-0.123269349845803,-0.149604836776718
56.280981484,0.403312750747733,-0.125500508954206,-0.149567110944929
56.290976839,0.402061194374141,-0.122258768281484,-0.149440197252605
56.300997913,0.400865566792799,-0.115149311678897,-0.0996593915050514
56.310986622,0.399757081634847,-0.110530220156629,-0.0520668816811612
56.320148211,0.398748880138794,-0.0956053317526085,-0.0997196717834474
56.330984608,0.397845167548933,-0.0815839388478745,-0.0957086018464296
56.340983985,0.39704901562693,-0.0770718151894931,-0.1035615931122
56.35024071,0.396361064814319,-0.0637331589555596,-0.0498422122368942
56.36098964,0.395773992036805,-0.0524231142454015,0
56.371000847,0.395272753780618,-0.048367955963312,-0.0518214814353533
56.380230049,0.394843372781577,-0.0397444202554937,-0.0997609583357668
56.390990258,0.394478286229174,-0.0335938292207088,0
56.400237036,0.394171261477078,-0.0281706753396876,0
56.410996824,0.393914687753726,-0.0228517079604224,-0.0488167273002591
56.420662336,0.393704508486474,-0.0187180889678943,-0.0498903618891053
56.430982574,0.393540592707136,-0.013985363661396,0
56.44099002,0.39342021843334,-0.0102926313871838,0
56.450983729,0.393334728191403,-0.00740899698696903,1.48986004297479e-06
56.460993458,0.393272013021469,-0.0058284945134327,0.0518493123216114
56.47021496,0.393222639067033,-0.00437627858598505,-0.0516307106634483
56.480306113,0.393187495462954,-0.00206435998632284,-1.43421193133389e-06
56.490994541,0.393179742531484,0.00168012156444454,0
56.500239573,0.393220986098954,0.00814113512659102,-0.0518853535041691
56.510211839,0.39333619315127,0.0161716834518334,0
56.520220333,0.393544108624801,0.0255716381589411,0.0498834356274362
56.530200364,0.393847332479901,0.0343547912493563,0.0498382089150394
56.540226997,0.394231433390117,0.0411140182494145,0.0497991569785143
56.550222717,0.394670531866539,0.0450716296837149,0.0498821304609398
56.560216045,0.395132372359303,0.0454838549511382,0
56.570192865,0.395578851181524,0.0415499395517255,0.099721282444329
56.580213708,0.395963274048129,0.0327340842896571,0.0498665819209039
56.590187548,0.396233358820191,0.0188041640332572,0
56.600210739,0.396339301499231,0.000277166301707066,0.0498604991031503
56.610185268,0.396238901514286,-0.0217712697675848,-1.49091244625342e-06
56.620200057,0.395904108664583,-0.045425200126328,-0.0498627182471011
56.630182098,0.395330541509644,-0.0683147193019594,-0.0999396651215405
56.640153724,0.394540979504433,-0.0875270435498378,-0.0997339011630587
56.650176932,0.393580452803354,-0.101414482863148,-0.0995562138869369
56.660184544,0.392509564252808,-0.10920798571704,-0.149772291634673
56.670148978,0.391399345889046,-0.109496589778066,-0.149783578624792
56.680155085,0.390322858117285,-0.10266392291376,-0.0498491297130156
56.690151259,0.389345833254363,-0.0897360233732478,-0.0995921300037409
56.700178382,0.388526047069684,-0.0713881823274454,-0.0995869674536881
56.710175594,0.387916332376397,-0.0481805079747565,0
56.720147772,0.387563911715538,-0.0202554451295983,-0.0498768555887759
56.730166756,0.387511402491429,0.0116839812555799,0
56.74014802,0.387797594238277,0.047094175736613,0.0498273850308473
56.750177766,0.388453804513036,0.0850149191149988,0
56.760135437,0.38949682287785,0.123369804592785,0.149797552850133
56.770146444,0.390917336415872,0.158768697849678,0.199347021650909
56.780142535,0.392673323775061,0.189046345285507,0.199517997775136
56.790136397,0.394696363972951,0.211493347773339,0.249314332600149
56.800139186,0.396902482439306,0.225309579156836,0.249270191921248
56.810136589,0.399202598815528,0.230472404941168,0.249199318015287
56.820144827,0.401513230632965,0.228338385898902,0.199679677255124
56.830110207,0.403763342510208,0.219142616674263,0.199555766146908
56.840131146,0.405893084876311,0.204496958989233,0.199711015578626
56.85008084,0.407847276227798,0.184387021884707,0.199943350458858
56.860078424,0.409571104061438,0.157763229960744,0.149194801809697
56.870130192,0.411010326757938,0.126765198519814,0.149163800031948
56.880131943,0.412113192378494,0.0912679853713858,0.0998159561013205
56.890108589,0.412833714803078,0.0512740630175113,0.0997457230024285
56.900124706,0.41313830256845,0.00919792626232789,0.0499182611161687
56.910083169,0.413017439517039,-0.0321623017831182,-0.0998682657592936
56.920092937,0.412496078296953,-0.0694296794332026,-0.0998279234217124
56.930059171,0.411630512101822,-0.100494297667364,-0.100184854498764
56.93999777,0.410495756084432,-0.122879800320604,-0.14977137675057
56.950031339,0.409176336086013,-0.136442426943876,-0.149194176736586
56.960047206,0.407760162377736,-0.142263255093029,-0.0998378817553947
56.970005647,0.406334726011702,-0.138855471083229,-0.149918388915022
56.979999789,0.404989637065944,-0.125580706639314,-0.19893284314404
56.99005425,0.403817008279831,-0.104252338857988,-0.149139116447601
57.000056627,0.402898664794348,-0.0765373046585969,-0.0997376313525191
57.010048635,0.402286691943625,-0.0454669874388274,-0.0498555154762489
57.020056346,0.401989337821795,-0.0159791631829902,0.0499819240372667
57.029997773,0.401967921412163,0.00790313497561288,0.0499938478972392
57.040000726,0.40214696094894,0.0233020234961444,0.0997217219949113
57.049995049,0.402433898407374,0.0298374719337633,0.0997284595700567
57.059996651,0.402743588799917,0.0293467769300447,0
57.06999481,0.403020826932095,0.0251557423508512,-0.0498750429776059
57.079987942,0.403246484565574,0.0201737618166853,0
57.089998243,0.403424371424953,0.0159002633818033,0
57.100003095,0.403564730769901,0.0125034707553977,0
57.110000688,0.403674471411047,0.00946300352291332,0.049871258594729
57.119995903,0.403753922782438,0.00627308597212964,0
57.129995819,0.403799902586834,0.00280646393901176,0
57.139998862,0.403810060365545,-0.000816383640966405,0
57.149995998,0.403783574767882,-0.00445662796229876,0
57.160035291,0.403720765455799,-0.00809789166639556,-0.0498680749274323
57.16999068,0.403621659999142,-0.0119824532245303,0
57.18004081,0.403481050260149,-0.0167014011373808,0.0498469840451065
57.189993822,0.403287579500592,-0.022398747148725,0
57.19997588,0.403034529667827,-0.0277506247637452,-0.0498581885564404
57.209991871,0.402732621146786,-0.0311672021456351,-0.0995108794800042
57.220015526,0.402409949970018,-0.0316543487435374,-0.0497857313589113
57.230020222,0.402098636739474,-0.0293877583655175,-1.49018447487393e-06
57.240014609,0.401822221751282,-0.0253060290371522,-0.0498717974038559
57.250012814,0.401592703625794,-0.0206763774410936,-0.0498781217983499
57.260004666,0.401408899787681,-0.0169710351458684,0.0498429997231636
57.270017555,0.401253202463199,-0.0154709837931133,0.0498174344942832
57.280019673,0.401099247938765,-0.0163669863134181,-0.0997772939844665
57.290003992,0.400926084722366,-0.0190965709144742,-0.0498496131991089
57.30002176,0.400717276665932,-0.0238720951436564,0
57.310019421,0.400448274496937,-0.0317382644958824,0
57.320012287,0.400082812032594,-0.0432081502894538,0.0498679377541266
57.330014158,0.399584338895643,-0.0573965038515895,-0.0996126014503188
57.340031469,0.398933780975825,-0.0724723863656258,-0.149561810754758
57.350014311,0.398134880080055,-0.0865283790776201,-0.0498430022147321
57.360036209,0.397202803249756,-0.0989587867067599,-0.0997219905532776
57.370011832,0.396155949664752,-0.10930551932705,-0.0997673753694276
57.380024633,0.395017958183907,-0.116582433082495,-0.0995955210978322
57.390034148,0.393821699349526,-0.120306340954351,-0.149557907323287
57.400025308,0.39261175015804,-0.11895658041854,-0.099769411844082
57.410022164,0.391443993316815,-0.111479963058871,-0.149623627283515
57.420017198,0.390383054999363,-0.0976258238400586,-0.199565877725046
57.430007321,0.389492925900117,-0.0783124672828258,-0.0499034653969388
57.439997103,0.388818379342736,-0.0559089079967091,0
57.450005335,0.388374858775274,-0.033155286792509,-0.0498476469146255
57.459999979,0.388155178252281,-0.011877191090038,0
57.469998193,0.388137399780372,0.00657045942843387,0
57.47999779,0.388286573058114,0.020942471177804,0.0498679178016574
57.489992938,0.388556139151242,0.0303302894594816,0.0498824274239507
57.499986719,0.388892843060669,0.0344172385006961,0.0498572436694479
57.509991366,0.389244429817357,0.0337121560762829,0.0498501918055327
57.519987976,0.389567128558375,0.0293957907018931,0.0498523273751134
57.529992364,0.389832374968394,0.0232289078158132,0
57.539996299,0.390031900048891,0.0172399327779401,0
57.549997299,0.390177258703021,0.0131134235678794,0
57.559993866,0.390294136615289,0.0118210050353666,-0.0498777862206824
57.569988088,0.390413569920451,0.0132539648280826,0
57.57999491,0.39055922974899,0.016183089385656,0.0498546230659546
57.589988165,0.390737232954262,0.0189229066201561,0.0498578837590029
57.599993679,0.390937664587295,0.0202622687798525,0
57.609992968,0.391142575649536,0.0196552304482001,0.0498551614996672
57.61999354,0.391330766464182,0.0169914246258415,0.0498471485148543
57.629996044,0.391482456407675,0.0128162463484177,0
57.639992061,0.391587072435922,0.00825065302234595,0
57.649980962,0.391647345031773,0.00452259868183066,0
57.660002077,0.391677569707907,0.00267401666725704,0
57.670017312,0.391700922565624,0.0035077685705181,0
57.680022141,0.391747795459186,0.00767339402954732,0
57.690000458,0.391854261118832,0.0154617151127383,-0.0498584222631497
57.700020694,0.392057007388339,0.0263120992436092,0
57.710016448,0.392380923834171,0.0384759882529118,0.049916839174825
57.719995843,0.392825570986613,0.0490161352057218,0.0499302749333138
57.729985625,0.39335973571395,0.054959068164945,0.0997584081582191
57.739985765,0.393924198472423,0.0540518691155795,0.0996500990433596
57.749997573,0.394441418907994,0.0453778775920463,0.0997006922546927
57.759987259,0.394831823818813,0.0296752156275233,0.0997796419878157
57.769983241,0.395034497915354,0.00966271325973497,-0.0498454617685123
57.779990414,0.395025108569868,-0.0109308594027746,-0.0996551034502813
57.789993885,0.394815764379231,-0.0293713766226291,0
57.799987072,0.394437779196556,-0.0443140574477893,-0.0498561816493546
57.809992739,0.393929534014185,-0.0552113802596527,-0.0996954084625254
57.819989925,0.393333394073295,-0.0618804082815728,-1.49113369955273e-06
57.829979091,0.392692770392366,-0.0638851082958286,-0.04983184736389
57.839998545,0.392055141217745,-0.0607360659639498,-0.149404877072446
57.850000252,0.391476763837195,-0.0521267204686278,-0.099671201780714
57.860006256,0.391012204859231,-0.0391327483023442,-0.0498543114777083
57.870000454,0.390694100966333,-0.0244579934570283,0.0499228898588645
57.879978984,0.390523712008488,-0.010652831005405,0.0498632518684661
57.88999707,0.390481080395405,0.00104500466211086,0
57.899985802,0.390544619226572,0.011229266661511,0.0498591926434147
57.909995314,0.390705646010043,0.0216814930108292,0.0498337776770673
57.919994245,0.390978432143634,0.0347647585670033,-0.149560786271258
57.929995604,0.391400951263163,0.0516107847414246,0
57.93999827,0.392010855571871,0.0708842319654722,0.199508881840267
57.949986321,0.392817977884147,0.0898313898426215,0.09972837894772
57.95999451,0.393807145602698,0.106919997528603,0.0997285734550512
57.969982522,0.394955971645649,0.12167293454052,0.099707721638276
57.979994295,0.396240578133827,0.133793636234875,0.149525693099959
57.989987506,0.397632511197829,0.14293842292577,0.149644735750731
57.999983365,0.39909778427538,0.148237422091936,0.0997277505447679
58.009983872,0.400596720944876,0.149148734470768,0.199403736444162
58.019984922,0.402080991189375,0.145116557010434,0.249240799579839
58.029986303,0.403499404863435,0.136960093724613,0.0998320538146339
58.039959799,0.404816752215433,0.126084144408731,0.0498260877753399
58.049997834,0.406022541627879,0.114903838956833,0.0995524814429843
58.05999137,0.407118456623669,0.103917321836881,0.0498725357909421
58.06999013,0.408100087485569,0.0913514882237888,0.149550362762052
58.079993054,0.408945640224051,0.0759611907807376,0.14954762627089
58.08999218,0.409619467021625,0.0571584971840269,0.049858113120474
58.099991731,0.41008873454704,0.0358765017402201,0.0498581704611767
58.109990834,0.410336948766658,0.0138359968967419,-0.0498557871941526
58.119991341,0.410365449088936,-0.00754772386496458,0
58.129992729,0.410185979986422,-0.0275514258687774,0
58.139993547,0.409814359793115,-0.045704540531818,-0.0498799070935678
58.149982668,0.409272349009168,-0.0612126775368824,-0.0499341783116318
58.159961163,0.408592088553727,-0.0726225127971073,-0.049845544000683
58.16998579,0.407819672025741,-0.0787089981215593,-0.149429350120673
58.179979045,0.407016501116991,-0.0786543972311426,-0.199424420713321
58.189985123,0.406246636543601,-0.0731477827409447,0
58.199987678,0.405552913977364,-0.0648825665120705,0
58.209976799,0.404949525295843,-0.0559091385002348,-0.099686333316407
58.219992352,0.404434469888046,-0.0476402221072382,-0.0498301988880061
58.229986679,0.403996250168304,-0.0409751566045374,0.0498406080589452
58.239997455,0.403614757659731,-0.0362176080334977,-0.0498396463099492
58.249992766,0.403271677551054,-0.0328201910002739,-0.0997453848231098
58.259989987,0.402958598940912,-0.0301588147067718,-0.0498556151888708
58.269992445,0.402668510937898,-0.0287489360836347,1.49005125818356e-06
58.279990858,0.402383595178916,-0.0295621532516604,0.0498510882060142
58.289994538,0.402077205999278,-0.0328934695212023,-0.099712646320056
58.299990253,0.401725745689041,-0.0384401713013395,-0.0997777432889589
58.309980885,0.40130892739691,-0.0464702258226303,0
58.319978687,0.40079687864722,-0.0580856252724396,0
58.329976289,0.400147481852995,-0.0738113436013582,-0.0498381067810019
58.339985392,0.399320156870134,-0.0926690916772893,-0.0498145075974889
58.349992472,0.398292600355539,-0.112164645132635,-0.0498534340661261
58.359985946,0.397076801828268,-0.12802040318741,-0.199435848768532
58.369990659,0.395732424392781,-0.135789399926307,-0.298952382894636
58.379997555,0.394359437450598,-0.133488473556668,-0.199427866551803
58.389989497,0.393062810035254,-0.122136858629972,-0.0498848496208227
58.399984916,0.391918243965755,-0.10480179551289,-0.0498769903161969
58.409980605,0.390967706022562,-0.0840098625006252,-0.0498199559831098
58.41999891,0.390236871081727,-0.0608861626600934,-0.0997199068453576
58.429978245,0.389750126460704,-0.0355135598081531,-0.149633770344521
58.439989644,0.389526928954209,-0.00956383908475374,-0.0497954501028288
58.450002687,0.389558615919654,0.0130316692336392,0.0996612444783215
58.459999354,0.38978768887639,0.0278437582664916,0.149658737506304
58.469990086,0.390115140225786,0.0324006364829967,0.149612858271514
58.479992683,0.390435485461404,0.0281176817427778,0.0498159685140524
58.490005682,0.390677932384006,0.0197224190863172,-0.0498735935185102
58.499984555,0.390829773539308,0.0127115450482239,-0.0498969554800645
58.509988791,0.390931948574263,0.011251958136386,-0.099708827356462
58.519984716,0.391054814513601,0.0167893221004046,0
58.529996465,0.391267863857529,0.0281756383125948,0.0498341288593767
58.539993018,0.391618561194002,0.0431336366644048,0.099728644105645
58.549992353,0.392130359225303,0.0597274910368124,0.0498560614078248
58.559992518,0.392813081150993,0.0769035503041096,0.0498155926993333
58.5700081,0.393669641231592,0.0939978175813436,0.0996789488320462
58.579998674,0.394693616153185,0.10981815841284,0.0997517912802794
58.589999348,0.395865043271326,0.122758020328,0.0997680270704964
58.59998637,0.397147266145063,0.130952607041893,0.149613898435061
58.609992538,0.39848320362491,0.13260942603887,0.249219413953266
58.619990637,0.399800020510261,0.12719415266707,0.0997184700549082
58.629990765,0.401026861163019,0.115514048222362,0.149529138887913
58.63999516,0.402110823944748,0.0998520627493502,0.0997155387893237
58.649989281,0.403023754237545,0.082571010793973,0
58.659990109,0.403761827094452,0.0654724237911931,0.0498211906847141
58.670002779,0.404334086460145,0.0492909946045496,0.0498473407168466
58.67999251,0.404747765334221,0.0334545214365152,0.0498869986141582
58.689989279,0.405002725252836,0.0173562276407106,0.0498637772094146
58.699989513,0.405094837870421,0.00115198514480836,0.0498541015711157
58.709990163,0.405025765974087,-0.0140502582470752,-0.0499128239085494
58.719966866,0.404814150901678,-0.0263563481299022,-0.0497936683814881
58.730014723,0.404497991699579,-0.0344255996576295,-0.0996063014119063
58.739987015,0.404124945267118,-0.0381217016588728,-0.0499277844632396
58.749985493,0.403736671963741,-0.0383351673355538,0
58.759992099,0.403358047024416,-0.036953494739792,-0.0498287393901293
58.769995361,0.402997237411859,-0.0353629679446382,0
58.779994868,0.402650689745465,-0.0343686772522328,0
58.789987806,0.402310123522171,-0.0338262900456065,0
58.799999329,0.401974013045473,-0.0326951573666343,-0.0997088622542535
58.80998796,0.401656215339784,-0.0297657296985588,-0.0997981659554523
58.819981586,0.401379226584844,-0.0248534750393136,0.0498480684112955
58.829990069,0.401159093423019,-0.0187718237397842,0
58.839985562,0.401003715473277,-0.0118817343182375,-0.0498520885583006
58.849990565,0.400921452843314,-0.00407707306075644,0
58.859983152,0.400922183837808,0.0044498985621032,-0.0498503907841076
58.86999234,0.401010458713126,0.0126520930900043,0
58.880001263,0.401175454841666,0.0187427944677695,0.0997396975367105
58.889986012,0.401385195998078,0.0208925149611018,0
58.899987887,0.401593025682608,0.0179881555997423,0
58.909992311,0.401745072417465,0.0094967540481802,0.0997021079188387
58.919989097,0.401782972254644,-0.00456308163897168,1.49099225696631e-06
58.929980559,0.401653864410021,-0.0229037538020928,1.48987322608643e-06
58.939992358,0.401324822489461,-0.0431049884680029,-0.0498182733027782
58.949995229,0.40079113229048,-0.0623705446273225,-0.0996831890465812
58.959997663,0.400077080721175,-0.0778657194009855,0
58.969987878,0.399234390293364,-0.0866414830320104,-0.149610994993159
58.979991241,0.398344807472139,-0.0859929943346095,-0.199448590464404
58.989984638,0.397514809023973,-0.0746393125097492,-0.0996970582135171
58.999993763,0.396851832981598,-0.0536888240375787,-0.0498361887448146
59.009992711,0.396440599113345,-0.025815752383452,0
59.019992031,0.396335562646812,0.00616154478493664,0
59.029987403,0.396563797303564,0.0395140757438594,0
59.039999951,0.397126157113169,0.071457546244989,0.0996966345562261
59.04999001,0.397993134518287,0.098979266354809,0.149589716502946
59.059996373,0.39910538829245,0.119582305677583,0.149544979596132
59.069992414,0.400385068107701,0.132387875274166,0.199458174314858
59.079992471,0.401752629220444,0.137843007553787,0.0997078552126576
59.08999277,0.403141977330888,0.137755288888021,0.149609161692237
59.099986294,0.404506884083785,0.133938022761037,0.149538445551444
59.109996048,0.405821176834947,0.129672866496513,0.0503056785825283
59.119806452,0.407077020786059,0.122767669806678,0.0997733267994734
59.129982981,0.408274926025939,0.115495870669947,0.0987886970811354
59.139992897,0.409408471827065,0.109021826167021,0.149489181991316
59.149992851,0.410456438594704,0.0989346595695125,0.149520849831335
59.159998529,0.411387722218458,0.0859491922697745,0.0997433792322283
59.169985785,0.412174815123107,0.0707266940298062,0
59.179994009,0.412801936414397,0.0542106637112635,0.0498644213870767
59.189981932,0.413258819523645,0.0365347698059788,0.0996148903974813
59.200012731,0.413533315814477,0.0178369930055086,0
59.209994103,0.413615776477797,-0.00152486908835466,-0.0504910834434254
59.219760699,0.413503202748516,-0.0214202105960948,1.51188627965661e-06
59.229706116,0.413193541008064,-0.0404259458006652,0.0492809061898042
59.239994217,0.412685243646491,-0.0593637212966304,-0.0983317611263265
59.249986365,0.411989629958602,-0.0774814235206771,-0.149602743321049
59.259989097,0.411136011880966,-0.0916051993065225,-0.149489465881225
59.269996197,0.410156625310152,-0.103405068792741,-0.0498538204225904
59.279989496,0.409067869246489,-0.114441048869173,-0.0498883459125564
59.289983352,0.407869274328041,-0.125622622235808,-0.199351919025683
59.299995953,0.406554605656501,-0.137478293280514,-0.0498138374611442
59.309999206,0.405117528881569,-0.15227471078031,-0.0507342113858939
59.319649285,0.403561900210332,-0.160762090291404,-0.250784491430304
59.329878513,0.401921689934705,-0.161992313513638,-0.24478770694242
59.340015715,0.400262695096618,-0.161809898058093,-0.14849298130123
59.350022624,0.398662173387324,-0.153551193935195,-0.199405227320095
59.360016973,0.397191478050512,-0.137856382517868,-0.149638336429307
59.370012748,0.3959064072066,-0.117580014012758,-0.0997191488904455
59.380014765,0.394840137386928,-0.0951727258944865,-0.0996385373961135
59.390026719,0.394001623030557,-0.0729400155034317,0
59.400024127,0.393380654212434,-0.0522481699367677,-0.0997056871364416
59.410027211,0.392956633925722,-0.0344909215206929,-0.0506288105417371
59.419718374,0.392701381484748,-0.019039374517593,0.0499687802553226
59.429981,0.392576726263906,-0.007935944626113,0
59.439994899,0.392540468105138,-0.0011026429183506,-0.0498274121444139
59.449991401,0.39255466193695,0.00224352250847777,0.0498579760019171
59.459993631,0.392585335710521,0.00264573381208975,0.0997326383321391
59.469986787,0.392607564405776,0.00183907581609052,-0.0498590181214816
59.479991945,0.392622114126161,0.00272083322173535,-0.0498521399761161
59.489988458,0.392661985616723,0.00783853523009269,-0.0498894573295846
59.49997746,0.39277877128958,0.0179134316030476,-0.0498622377650957
59.509984883,0.393020190208266,0.0315964208706324,0.0499401883567037
59.519942673,0.3934096005623,0.0458706392297221,0.0996226942683417
59.530002336,0.393938403573127,0.0581658812939623,0.0994868987436466
59.539987449,0.39457552262368,0.0673608303917809,0.0998128906210415
59.549981048,0.395284186203605,0.0730382808019555,0.0996615781825722
59.559997092,0.396036992547861,0.0769019011216027,0
59.56999083,0.396822976480434,0.0801364414616806,0.0498389040032892
59.580002879,0.397640185126681,0.0829365666167232,0.0997046547502769
59.589991828,0.398481790583462,0.0845246902154416,0.0499176587687167
59.599977103,0.399328500222575,0.0832957123404875,0.149564502895279
59.609991621,0.400147687588059,0.0785397196304469,0.0996630126383911
59.619986458,0.400900029354261,0.0700979121037359,0.0498474525375136
59.629994575,0.401549852899366,0.0583820392288485,0.0498344302325603
59.639994639,0.402068147762301,0.0440126362804396,0.0498833981934155
59.649983115,0.402429601240163,0.0270976936867744,-1.49085046831395e-06
59.659984788,0.402609834696656,0.00759096791266004,0
59.669983311,0.402581422086246,-0.0148992369067597,0.0499186560197011
59.679959807,0.402312222156358,-0.0403457779498782,0
59.689981151,0.401774593674129,-0.0673400358323277,0
59.699979305,0.400964108443693,-0.0929204688550963,-0.149554841552467
59.709982236,0.399916083478318,-0.112929780164595,-0.199364444770961
59.719984804,0.39870489183954,-0.124683751318005,-0.199400855326107
59.729984082,0.397422178285753,-0.12783785006683,-0.149603115859082
59.739979435,0.39614882119962,-0.124146168851489,-0.0498659185278227
59.749979031,0.394939881971022,-0.11607724286442,-0.0998057349343321
59.759959878,0.393829546464971,-0.104904403083414,-0.149532113904158
59.769983156,0.392841361178691,-0.0919637683524034,-0.0995479423700666
59.779992063,0.391987311244038,-0.0789320168559897,-0.0498404210926943
59.789988932,0.391262264930242,-0.067218330233446,-0.099739192709291
59.799986135,0.390643343109631,-0.0585228295372698,0
59.809986524,0.39009194926247,-0.0540743993191817,0
59.819986932,0.389561812025951,-0.053740589330587,0
59.829990974,0.389016898330236,-0.0556425277526369,-0.0499339232355831
59.83995465,0.388450757722979,-0.0562909506484033,-0.199399913646576
59.849992765,0.387890978500175,-0.0534732943572316,-0.0994962702107163
59.859997538,0.387378998473186,-0.0471979597027247,0.0498487932720808
59.869995181,0.38694690527585,-0.0381061559095203,-0.0498832473560229
59.879985541,0.386617332514548,-0.0267127864950486,-0.0498660498273272
59.889990675,0.386412769913765,-0.0130702190401589,0
59.899992918,0.386355831714739,0.00258825358141676,-0.0498436278123053
59.909994566,0.386464545056288,0.0196409972125186,0.0500875895552241
59.919899376,0.386746814400828,0.0367180863755774,0.0498866092357818
59.929981222,0.387198416817655,0.0526386261054388,0
59.939988024,0.387804253231864,0.0667903122656304,0.0996102836961345
59.950001169,0.388535555329326,0.0773263218477209,0.149527255270477
59.959992799,0.389351148902005,0.0837093909483392,0.0498797486869548
59.969990574,0.390208856247296,0.0861367168216122,0.0997282143652789
59.979989072,0.391073562206894,0.0854978583231143,0.0997278901892519
59.989986912,0.391918500320601,0.0829182635206796,0.0500293004529834
59.999918723,0.392726094260387,0.0783499391581959,0.0996176870365253
60.010005072,0.39348692193866,0.0732143539709698,0.0496128506529774
60.020016264,0.394197522741107,0.0685621575233503,0.0498802090207124
60.02999489,0.394857466989239,0.0634283899721056,0.099724394972762
60.040013004,0.395465883763998,0.0582545610396837,0.0995015746274272
60.05003641,0.396024976939407,0.0541046582817336,0
60.060013667,0.396548012801021,0.051577747657405,0
60.070038602,0.397056644950978,0.0512536369437547,0.100051500988849
60.079945328,0.397569582917601,0.0520585088735983,1.49149063310867e-06
60.090020171,0.398096855638073,0.0531584580322196,0.0496755113970534
60.100016918,0.398636557692256,0.0538550862543766,0.149592664005711
60.110016199,0.399173743450758,0.0526252921952696,0
60.120015917,0.399689010858244,0.0494166261505271,0
60.130020967,0.400162311592242,0.0438792207026696,0.0998637947457079
60.139985042,0.400565240501358,0.0348960070736262,0.0498609511226192
60.150017908,0.400860124986829,0.0222657581160821,0.049966779459548
60.15993963,0.401009544531072,0.00625081693497679,0
60.170024799,0.400985184399908,-0.0119318892736596,-0.0496425797284971
60.180024535,0.40076989366854,-0.0314402095171748,0.0498640431661636
60.1900205,0.400356515371025,-0.0508079968504525,-0.0498722763551666
60.200016935,0.399754119872307,-0.0681120667853414,-0.149572228380808
60.21001926,0.398994358494281,-0.0814431305727632,-0.0498497573567772
60.220019562,0.398125043309748,-0.0895795857216336,-0.099676617215498
60.230025286,0.397202226973265,-0.0924659823931278,-0.150438015227714
60.239903227,0.396286480691947,-0.0884503780528161,-0.0997406044572289
60.250019075,0.395433768777507,-0.0796899295802339,-0.0991463962445571
60.260016543,0.394683651956282,-0.0689499427659807,0
60.270012366,0.394055232507353,-0.0563101093733474,0
60.280028246,0.393556790771605,-0.0427538048408537,-0.0997749976022501
60.289999263,0.393200716613641,-0.0275557532681425,-0.0498606162889586
60.300025919,0.39300573982848,-0.0107284318884825,-0.0498008571969953
60.310020334,0.392985921917083,0.00667432796971011,0
60.319885506,0.393138289225461,0.0226557603043917,0.0997782440906561
60.330006282,0.393438718764427,0.0354221407857637,0.0495396265631742
60.340012753,0.393851239402325,0.0451062277635631,0.0498131015150808
60.35002303,0.394341598758801,0.051618322174792,0.0498429474005236
60.360017515,0.394883851652271,0.0559854685715649,0.0498580240088637
60.370021145,0.395461202597624,0.058880998006157,0
60.380028501,0.396062118479038,0.0604380727887679,0.0498557941005229
60.39002135,0.396669976443204,0.0601689144085617,0.150646957683702
60.399884588,0.39725683767823,0.0562255652955402,0.0997021083491965
60.410022261,0.397794538970605,0.0505122560340568,0.0495109812105243
60.420022878,0.398274068138798,0.0459894208836928,0
60.430017512,0.398714108984519,0.0440077692282052,0
60.440017397,0.399153982316779,0.0461797868304084,0
60.450020084,0.399637823495539,0.0522347865705,0.0498566441475804
60.460017261,0.400198670944258,0.0605351149388838,0.049858640999728
60.470019147,0.400848469072914,0.0693460404002247,0.100448395892453
60.479869574,0.401575350243594,0.0748502348314097,0.0498593628590063
60.490016725,0.402345292482273,0.0758299720289591,0.0989475704565234
60.500023607,0.403103630002255,0.0717256643639481,0.149519474639418
60.510022541,0.403780222926016,0.0599713204724328,0.0498622751684971
60.520020017,0.404302841114663,0.0414426181498099,0.049866461318279
60.53001787,0.404608881710543,0.0175190408089194,0.0997441464744262
60.540013096,0.40465310068156,-0.0093887028844436,0
60.550014312,0.404421141057859,-0.0359131351507942,-0.100495400766929
60.55985642,0.403940464704907,-0.0573330842021982,-0.0996798457721743
60.570019989,0.403274153893896,-0.071236482455378,-0.0988974772751923
60.58002036,0.402504056546866,-0.0777373231524134,-0.04982470593645
60.590032075,0.40171846789756,-0.0748939728852166,-0.149576448528783
60.600018755,0.401006297293988,-0.0636374895955548,-0.0998004833826011
60.610013868,0.400446876753422,-0.0455731915024702,-0.0498396189064529
60.620024853,0.400094555558617,-0.0238449334266434,0
60.630008052,0.399970116767022,-0.00164413630950772,0
60.639834909,0.400061985126254,0.0180301283499255,0.0497592026983167
60.650046482,0.400331412231853,0.0325742259174608,0.0493978975727185
60.660020507,0.400719515355785,0.0412434385554063,0.0499253296968551
60.670017637,0.401155091335976,0.0421654630114427,0.0996977065314016
60.6800226,0.401562912868328,0.0359943157774708,0.0498424962588215
60.690023178,0.401875177096029,0.0240480873828185,0.0498509714963589
60.700024142,0.402043911698135,0.00858524921311392,-0.0498594993062093
60.710021299,0.402046865948608,-0.00821411721729287,-0.0503469971812825
60.719828626,0.401881235345131,-0.0247793459433459,0
60.730024759,0.401551193293204,-0.0405715591380623,-0.0493796690170779
60.740021072,0.4010619963281,-0.056602032103709,-0.0499192582727304
60.74999894,0.400420614058997,-0.0710926976858369,0
60.760020533,0.399640180693347,-0.0835106559995656,-0.0997085780870354
60.769999151,0.398750383318257,-0.0918374592615193,-0.149538572638385
60.780023794,0.397803132026162,-0.0941884752029217,-0.0996093264878244
60.790018692,0.396864773277205,-0.0909447563305228,-0.151110118517643
60.799819021,0.39600285993014,-0.0794914573706761,-0.0498588229929496
60.810017682,0.395275024416163,-0.0631455629056713,0
60.820017563,0.394727411625676,-0.0437388896316656,-0.149590599245421
60.830013986,0.394400408282466,-0.0201256158419656,0
60.840021005,0.394324830036467,0.00557776834504531,0
60.850019891,0.394511996586089,0.0312058551523138,0
60.860024998,0.394949071744493,0.0543774825301496,0.149595379701228
60.870015556,0.395599310510305,0.0740228108463344,0.100857279958288
60.879797419,0.39641268192415,0.0870558749043217,0.0498492165637952
60.8900184,0.3973406755953,0.0952738456552743,0.0985961660913722
60.900022678,0.398339620128454,0.101322734761814,0.099721452710361
60.91001573,0.399366859758834,0.101979881594297,0.0997179265440345
60.920021014,0.400379048065817,0.0983390323001048,0.149511968849209
60.930022351,0.401334291507569,0.0909163244352181,0.0498541474835413
60.940020684,0.402197344552134,0.0802584818335288,0.0498537381654978
60.950022783,0.402939495815904,0.0675461010396315,0.10091959030252
60.959780897,0.403532069895997,0.0502693324803393,0.049861748282407
60.970020002,0.403944742666497,0.0304023451020505,0
60.980019267,0.40414736380504,0.00821272323648391,0.0498497926396322
60.990022017,0.404109013679864,-0.0173499512811211,0
61.00001283,0.403800476461054,-0.0453863927669879,-0.0498562159659183
61.010021455,0.403201311331677,-0.0746176301353707,0
61.020020096,0.402307581686646,-0.1029116894819,-0.0997229736887268
61.03001848,0.401143383704315,-0.128507689820782,-0.201869192349068
61.039777076,0.399768657829011,-0.143598908156842,-0.149608070732249
61.050012648,0.398272243010011,-0.148728632301037,-0.197019250325255
61.060020708,0.396757850128845,-0.147104657845255,-0.199380490994602
61.070016238,0.395329621747384,-0.133983601408509,-0.0997163714828744
61.080019057,0.394078399307601,-0.11262891197119,-0.0997179315303641
61.090014573,0.393077231035099,-0.0845521764389536,-0.0498606935820242
61.100016699,0.392387555152854,-0.0504511978468455,-0.049846269150704
61.110017404,0.392068064250821,-0.0108275169020427,-0.151450167872004
61.11976748,0.392173703237748,0.0333781792500929,0
61.129999792,0.39273503997933,0.0771596037974987,0.147726288727532
61.140016138,0.393736081666459,0.118948836475709,0.199161880364835
61.150025339,0.39511705549477,0.153058822156733,0.199384263383432
61.160019499,0.396797772540295,0.179130755659324,0.149604447696255
61.170019792,0.398698676969654,0.197403482855835,0.149595417108167
61.180015159,0.400744985466296,0.207941770845293,0.199443731770947
61.190017338,0.402857002097454,0.21276979843982,0.252727343401907
61.199741643,0.404942185490903,0.202013155506129,0.199416449296729
61.210017321,0.406897261773354,0.181159385702038,0.245798566298508
61.220024315,0.408616581890819,0.15553893880353,0.2492607699547
61.230018269,0.410008188000338,0.120008503668149,0.0997195471215201
61.240022326,0.411016513267268,0.0810893417198395,-0.0498506125996071
61.250019955,0.411630111551365,0.0423878871076359,0.0498652127568233
61.260017558,0.411864068903975,0.00563165269000066,0.0498676584216778
61.270014804,0.411742715596522,-0.0286204510309199,-0.0505681563482346
61.279734838,0.411299751457272,-0.057981210461338,-0.0498254080504211
61.290026608,0.410582406977087,-0.0813643991329781,-0.0983979654534648
61.300001442,0.409650771400346,-0.100504707662938,-0.149606789692018
61.310020748,0.408572901781415,-0.115589480848616,-0.154538882849006
61.319357471,0.407413418056946,-0.117957653406291,-0.149837036810362
61.329984164,0.406218064076081,-0.116777145152753,-0.0483323024973191
61.339986873,0.405004375385177,-0.122436539203769,-0.0498526015507428
61.349985052,0.403769224568359,-0.126605633086017,-0.202027383033137
61.359728678,0.402504951664891,-0.128244531157353,-0.0996964305506226
61.369987401,0.401204032698808,-0.13062177119583,-0.0983879215708199
61.379997048,0.399857461276239,-0.136973319840057,-0.149292791854782
61.390023793,0.398459581568952,-0.142061541019803,-0.149350615664824
61.400025483,0.397012190935924,-0.146723397751248,-0.0997238015194169
61.410020652,0.395525574472119,-0.149238713469712,-0.0996710074625315
61.420032934,0.394026304688876,-0.148018026922728,-0.249360802347631
61.430013457,0.392566278923368,-0.142938637207274,-0.253202824476974
61.439722492,0.391211906101142,-0.127427838955998,-0.0996639540224164
61.450022623,0.390016554140676,-0.108768591043684,-0.0491725942471268
61.459999366,0.389006419085392,-0.0914526714007145,-0.0997297912340296
61.470018281,0.388187897800161,-0.0723606517557478,-0.0498100507136611
61.48001734,0.387557905439922,-0.0539345522814158,-0.0498560489435088
61.490017786,0.387109233452136,-0.0362055964678481,-0.0498308662919718
61.500026952,0.386833445502372,-0.0195158389196181,-0.049871587865592
61.510010462,0.386719059607748,-0.00460528592505681,-0.0507165587575751
61.519686537,0.386742907492279,0.00718064105728232,0.0996583904278747
61.530020446,0.386862744120414,0.0139785227836464,0.0980987948325724
61.540014644,0.387027064399127,0.016795322408137,0
61.550020475,0.387198651055641,0.0176757116342829,-1.54227504364077e-06
61.559338255,0.387368622974896,0.0176851228673221,-0.0498678529564551
61.570015246,0.38755226103748,0.0196315871468994,1.44151594438172e-06
61.580012548,0.387774492159626,0.0252403797898334,0.0498498649147045
61.590017232,0.388057118760671,0.0325386957186435,0
61.59968165,0.388414499084663,0.039742900300419,0.0498575322417622
61.610016142,0.388851933446918,0.0467945312963858,0.0980499871486819
61.620019876,0.389366216837733,0.0550343257913925,0.0498316655566607
61.630024835,0.38995309837614,0.0623975659725171,0.0498542267263718
61.640020112,0.390614182883009,0.0701433038081593,0.0498584272493036
61.650023386,0.391355862814656,0.0784498223513594,0.0498694367251456
61.660014248,0.392182719300278,0.0867368060042081,0.0997292625542061
61.67001915,0.39309023151763,0.0955916451352723,0.101450387989454
61.67967078,0.394061719531812,0.0989646301748157,0.099697671276883
61.690021549,0.395069761537274,0.0991480568656267,0.0980721686298539
61.700004406,0.396077759038744,0.0986399158836677,0.149551529165811
61.710023077,0.397042710576739,0.0923562463169312,0.149509844023738
61.72001171,0.397925558535106,0.0831405987893249,0.0498494216803888
61.730024643,0.398705652750703,0.0728473793513525,-1.48937726985234e-06
61.740021632,0.399383228913831,0.0630155228275487,0.0498662434647198
61.750020657,0.39996571202738,0.0544498391819052,0.0507524823044319
61.759668476,0.400452996410063,0.0435765842890059,0.149675668164586
61.770005596,0.400836587406224,0.0325312506084952,0.0489885375844499
61.780021533,0.401115106807979,0.0234754396169069,-0.0996576635238431
61.790016025,0.401306341023922,0.0161589940382474,0.049854626095853
61.800021011,0.401438278253749,0.0114779603152235,0
61.810022462,0.401535974113857,0.00887889143004291,-0.0498692431525131
61.820014627,0.401615799399507,0.00701481495159713,0
61.830021235,0.401676261805711,0.00389776381860616,0.101504534699587
61.839660967,0.401692376192727,-0.0023808019731529,0.0498513902157349
61.850022609,0.401628642495026,-0.0113443365948107,0
61.860017698,0.401461442584293,-0.0219700480203316,-0.0997650309052702
61.870011204,0.401189492103017,-0.031909064072223,-0.099692936430298
61.880021047,0.400823154439393,-0.0409591947490062,0.0996995112952384
61.890012636,0.40037024955447,-0.0490182203629595,-0.0498660581881006
61.90001594,0.399843040368185,-0.054949677818661,-0.149536143072186
61.910016222,0.399271058948552,-0.0585620813438071,-0.0508291651780747
61.919633144,0.398694216071799,-0.0559312003893463,1.49023499615718e-06
61.930014627,0.39815252415103,-0.049465119923544,-0.146748041311651
61.940016783,0.397685936924186,-0.0412313169665372,-0.0498506150919191
61.950016312,0.39732782833693,-0.0296482231400146,0
61.960011448,0.397093130634656,-0.0175191827884942,0
61.970018408,0.396977407960953,-0.00621593414024656,0.0996766420278714
61.980018067,0.396968770808583,0.00426257081761619,-0.0997257407059863
61.990015177,0.397062645604939,0.0148380482520114,-0.0508492146200366
61.99962695,0.397259728360705,0.0244829999603984,0.149562296828521
62.010015265,0.397552307758651,0.032849058299578,0.0489409047855623
62.020000425,0.397928977828745,0.0417752347660666,-0.0498404411360733
62.030020435,0.398388028431936,0.0502581038019593,0.0996354464408387
62.040015316,0.398934888298208,0.0594273949725567,0.0498713883069439
62.050013191,0.399576145839338,0.06925262698972,0.0498520785881812
62.060015816,0.400319975464316,0.0798159789951581,0.0498466822203968
62.070017052,0.401172773588736,0.092161893325826,0
62.079620537,0.4021267836698,0.0986561224575625,0.199391056824121
62.090019582,0.403146145637877,0.100341453464223,0.19569338237879
62.100001172,0.404171806208224,0.0998910853323331,0.049850530353147
62.110021301,0.4051441390573,0.0919917342834362,0.049820194952773
62.12001507,0.406012919395016,0.079421976980234,0.14963010141069
62.130012326,0.406731865784661,0.0624443324059605,0.0996775737683924
62.140021203,0.407262189014226,0.0425784159806111,0
62.150035923,0.407584438827155,0.022346001423422,0
62.159618354,0.407700106978367,0.00196660790431383,0
62.170014684,0.407623729216456,-0.0157908595120667,0
62.18001728,0.407377990403704,-0.0314843184325265,-0.0498381815131764
62.190021359,0.40699383268998,-0.0435415158842295,-0.0997147160819416
62.200015961,0.406507217517279,-0.052247192709023,-0.0498535118408188
62.210021284,0.405948892754339,-0.0585747693404686,-0.049862253689254
62.220013575,0.405335861889869,-0.0639049181012392,-0.049862153953057
62.230018938,0.404670944313252,-0.0710976913239415,-0.101920583993851
62.239579132,0.403944795957702,-0.0768050922475229,-0.0498673949755862
62.250013295,0.403135275879437,-0.0847803156137486,-1.45812417642347e-06
62.260017942,0.402211987195133,-0.0991349570957522,-0.0996678442688562
62.27002168,0.401151745490907,-0.112993243816817,-0.149486527190411
62.280027968,0.399950989448534,-0.126425839058463,-0.149573312854574
62.290020295,0.398623403809525,-0.137958705413301,-0.0997477136895665
62.300020332,0.397192868792942,-0.146449096188456,-0.149528017681302
62.310024968,0.395693737529129,-0.154264284291499,-0.152904280399704
62.319583284,0.394175004004034,-0.149802511583179,-0.199534813448708
62.330013087,0.392699467101106,-0.139071353044502,-0.195199852457029
62.340015448,0.391333475310926,-0.128377889464298,-0.0997286682153141
62.350009269,0.390132399458602,-0.109922292394644,-0.0996781716540421
62.360021461,0.389134368500289,-0.0884334277578836,-0.0996498500674375
62.370021267,0.388362669879178,-0.0653549910830052,-0.049875266359231
62.38001326,0.387827804654911,-0.0417070201840821,-0.0498353891335968
62.390028465,0.387528229268365,-0.0193553535489957,-0.0509947829819451
62.399566168,0.38744935120766,0.00150832599539781,0
62.410017103,0.387558378650673,0.017054829489148,0
62.420020057,0.387798188796945,0.0264093753878878,0.0997022420764239
62.430018585,0.388086605297125,0.0266189099468787,0.149492611154495
62.440029468,0.388330817506444,0.018546865867457,0.0498664447517091
62.450013323,0.388457445020866,0.00516297969410387,-0.0997341605388444
62.46002425,0.388434050159898,-0.00976149415566447,-0.0498649309527818
62.470008668,0.388262260577508,-0.0241963907615947,0.0510335339891055
62.479562311,0.387961299601218,-0.0363783078833847,-0.103971613603017
62.489188832,0.387564518666262,-0.0413464693455914,-0.0975229699796881
62.500010751,0.387115828803593,-0.0435659766710686,0
62.510012149,0.386657330523626,-0.0444746744086953,0
62.520007262,0.386226490487558,-0.0411792576853894,-0.103474927328377
62.529284091,0.38586372625791,-0.0308555853919479,-0.0996332959627861
62.540022585,0.385608905979584,-0.0183777251108814,-0.048097417149273
62.550014857,0.385482741939024,-0.00712705883452515,0.0517992402344026
62.559272406,0.385471711372763,0.002529965272589,0.0996937338466838
62.570018046,0.385533349312535,0.00716132841269598,-0.0498686575888719
62.579267452,0.385614902463796,0.00654875952873715,0.0498506528951068
62.590019118,0.38566433152338,0.00115591459490081,0.0996921788965956
62.599270953,0.385638024802551,-0.00736556869842555,-0.049869278072157
62.61001272,0.38551706727432,-0.0155141539552699,-0.0480517865302243
62.620020785,0.385316108714357,-0.022815348104103,0
62.629258707,0.385077963381308,-0.0232627483176232,-0.0518047759962168
62.639268549,0.384868352824748,-0.0148750382763252,-0.0960699618652795
62.650016419,0.384769191620779,-0.000393316051188183,-0.04987144567993
62.659261282,0.384860489361952,0.0215492178819107,0.0498318649409134
62.67002563,0.385200374468263,0.0479877728431493,0.0997036876727871
62.679262474,0.38582030202024,0.0766779989573065,0.0498778461016809
62.690016395,0.386733226326089,0.105827870239896,0.0498746612701954
62.699253918,0.38793595396178,0.133354223027128,0.149571861907024
62.710015204,0.389400151961752,0.15654043227815,0.199389586190831
62.719256745,0.391067205147146,0.172790027302758,0.199436791866794
62.730013147,0.392855597078721,0.180229649522027,0.199347081433871
62.739263837,0.394673076326261,0.178602887767015,0.24916705021112
62.750021618,0.396429167779123,0.162856325739879,0.192259209616702
62.76000836,0.398051453121267,0.159672762578435,0.0519033353556434
62.769231684,0.399496492086657,0.134425952342106,0.0996833285662923
62.780013637,0.40074068153386,0.11344484964011,0.19941938520588
62.789231522,0.401765370701394,0.0945484278241574,0.103646316429318
62.799253711,0.40255980028178,0.0657774426765164,0.0479694893540194
62.810017574,0.403132624045295,0.0460106950841245,0.0480366864692848
62.820010686,0.403514843129374,0.0324012901056117,0
62.829263948,0.40375623139275,0.0210040514686303,0
62.839254972,0.403919051102995,0.0151040995074759,0
62.85001673,0.404069683477135,0.0169433066526202,0
62.860016748,0.404270824240416,0.0264586077702544,0.0520314112110123
62.869180083,0.404576719117725,0.0395543330144298,0
62.879248392,0.405031519091607,0.0542211802565283,0
62.889226614,0.405663665688594,0.0722328895380286,0.0998144251774948
62.899227394,0.406474660136153,0.0885030784250454,0.0997088877130699
62.909226464,0.407433713981633,0.101110075895849,0.150573476086693
62.919093171,0.408483290356353,0.105924763715767,0.149599704069918
62.929221551,0.409551688847584,0.103549209194345,0.0990863433658774
62.939218677,0.410567270587289,0.0957919837460624,0.0997386988563305
62.949215722,0.411466970151032,0.0816151486815733,0.0997250981492796
62.959215276,0.4121992959878,0.0631710141396148,0.0499973146564416
62.969158123,0.412726751846581,0.041392091713735,0.0498510811603209
62.979216774,0.413027199827428,0.0182646975984358,0
62.989218568,0.413093149808196,-0.00486650495293573,0
62.999216529,0.412929870920663,-0.0269267864641477,0
63.00919896,0.412555142059342,-0.0469293247952397,-0.150633560337732
63.019074382,0.41199795528749,-0.0634391214492813,-0.0996457317745301
63.029211486,0.411285564991921,-0.0781122543128427,0
63.039174223,0.41042791139565,-0.0934758657842629,-0.0998387589447348
63.04918532,0.40941849356574,-0.109365334842865,-0.0998556066563261
63.059144687,0.408243834913323,-0.12615272642933,-0.0497822614757885
63.069215067,0.406891686372,-0.143527110969669,-0.149044265952713
63.079214289,0.405363302919952,-0.16062663928415,-0.14983762301762
63.089178206,0.403685074444868,-0.172867802935059,-0.19975661899106
63.099180512,0.401911785817031,-0.179087518542007,-0.250464495503979
63.109082911,0.400120390219107,-0.176705354662319,-0.200382494121963
63.119084075,0.398394719658071,-0.164723730683241,-0.148880436186807
63.129174798,0.396810779636001,-0.147411526594559,-0.148830966999241
63.13918244,0.395431988991367,-0.124919336253638,-0.0996698616859925
63.149182479,0.394311433405507,-0.0969347995181549,-0.149586664388927
63.15917927,0.393493600284318,-0.0656110635694163,-0.150340969419383
63.169078979,0.393006002879198,-0.0323580846048146,0.0997226495418753
63.17917636,0.392846532754248,-0.000776037259614224,0.0499418768319025
63.189043517,0.392990509653839,0.0282500402037046,-0.0499968435395293
63.199119545,0.393409928532288,0.0542421491766862,0.0498375687156048
63.209050438,0.394075728047287,0.0772581210052386,0.149902168519823
63.219074287,0.394951594404352,0.095915536483558,0.0993769859660457
63.229117084,0.396000431163803,0.111797220680002,0.0497465366944751
63.239117819,0.397192405574563,0.125344354881651,0.100060828511519
63.249046887,0.398498519463756,0.134446441812303,0.199446599914948
63.259114928,0.399880945726146,0.140026021337935,0.199431560601327
63.269045504,0.401298846234527,0.141858196956733,0
63.279118772,0.402718654968189,0.140276829696474,0.0997589620996324
63.289035315,0.404102953547839,0.13378578267257,0.299124324446309
63.299118878,0.405394384802934,0.121010071584452,0.149222838747446
63.3090809,0.406528671223641,0.103636736504944,0.0500529948340084
63.31903969,0.407458912747142,0.0816583002685252,0.0499568493732482
63.329040051,0.408158501569104,0.0575405694945215,0.0995193616192852
63.339077628,0.408611907111158,0.0327928636332373,0.0498498499612009
63.349042043,0.408814424165153,0.00824979282825339,-0.049961676778521
63.359034254,0.408776545141209,-0.0147629451215477,-0.049687180397024
63.369109519,0.408518169118237,-0.0358583575938142,0
63.379091992,0.408057307599482,-0.055447475391986,0
63.38909385,0.407410088416889,-0.0729373258550417,-0.149593546782979
63.399087902,0.406598859396044,-0.0882691466884762,-0.10002053904705
63.409031383,0.405650219391906,-0.100658622553311,-0.0498895506058636
63.419073977,0.404587088616297,-0.11060600896056,-0.0994034673331211
63.429092983,0.403431285882543,-0.118842193232406,-0.199246776325435
63.439091141,0.402208204944244,-0.124733515013505,-0.149630430745348
63.449083964,0.400937740553844,-0.129344918273059,-0.049888250111519
63.459077737,0.399623040318067,-0.134071625564709,-0.0997102338113244
63.469083544,0.398256364352633,-0.139447691571612,-0.149577994970069
63.479075726,0.396834366915943,-0.144536527951353,-0.149554155692865
63.48908492,0.395365434911343,-0.148231649001417,-0.149527992945274
63.499080203,0.393869070302822,-0.149606271307707,-0.149619428756084
63.509077371,0.392374438862932,-0.147969745054796,-0.199936916696038
63.519028421,0.390917337571064,-0.142482516082728,-0.149942308944269
63.529026771,0.389531998156591,-0.133625729045305,-0.0498825735371023
63.539016694,0.388246390019083,-0.122139617433358,-0.14959190093546
63.549022901,0.387089678488243,-0.107431320235958,-0.149591227644654
63.559012914,0.386098169704754,-0.0890576371724285,-0.0997102681582191
63.569022773,0.385308537144172,-0.0674181853799864,-0.0498407474552871
63.579018559,0.384749425421498,-0.0435480494807008,-0.0997073626878819
63.58902263,0.384437582381929,-0.0189736463449215,-0.049862678350661
63.599015405,0.38437001233748,0.00395117484219637,0.0997114658440774
63.609021664,0.384516602061938,0.0229124424830507,0.0498411711205748
63.619020282,0.384828372931123,0.0369123591242583,0.0498494707599527
63.629024406,0.385254950458112,0.0463660112611795,0.0498674879065686
63.639015797,0.385755485204786,0.0524006819816237,0.0498834145657674
63.649012342,0.386302331935917,0.0563310453162928,0.0498792346585447
63.659005408,0.386881520887882,0.0594143203146559,0.0498340939900146
63.669020658,0.387491112431698,0.0627859297411223,0.0498236652507849
63.679017912,0.38813802455797,0.0671372287606136,0.0498690501266188
63.689014949,0.388833473720471,0.0725662121551749,0.0997097452232575
63.69901759,0.389589325434753,0.0791788633230286,0.0498403962912848
63.709020137,0.390417461766875,0.0869866873975093,0.0997001485284052
63.719019492,0.391329224631383,0.0957492456987353,0.0498666583376212
63.729015387,0.392331991871932,0.104574384052623,0.0498697993783252
63.739012885,0.39342002138948,0.111491802868288,0.149555918296648
63.749016328,0.394561932843085,0.113835092655892,0.149498080210741
63.759021564,0.395697711217367,0.109258640656849,0.149431850868328
63.769033875,0.396749022817589,0.0969082873147204,0.149622721698839
63.779013575,0.397635102763354,0.0771850716533118,0.14962791586233
63.789025192,0.398292054052678,0.0528920963655402,0.049832084101082
63.799022698,0.39869342722526,0.0283866604250887,-0.0498952301426492
63.809008992,0.398859327397281,0.0074561787129507,-0.0997327240128165
63.819017768,0.398842514040558,-0.00779949327050757,0.0498686800353636
63.829004029,0.398703376240756,-0.0171492974753222,0
63.839020856,0.398499475134021,-0.020639057701768,-0.0497770873766818
63.849035858,0.398289938166153,-0.0182332561709819,-0.0498748547229306
63.85901282,0.398134956533048,-0.0102251147736182,-0.0498837564757411
63.869023657,0.398085560627306,0.00182140787595226,0
63.879024495,0.398171405955504,0.0153355681281677,0
63.889020562,0.398392224526286,0.0270403743034117,0
63.899014046,0.398711930896701,0.0331736961633981,0.0997363353583329
63.909014908,0.399055510885476,0.0305245403455333,0.199360154824152
63.919019826,0.399322598135455,0.0181953517749186,-0.0500534445931035
63.928935541,0.39941797381049,-0.00262363920735608,0
63.939021176,0.399270121809395,-0.0292115739838094,0
63.949017909,0.398831336231888,-0.0596555310839743,-0.0997182356962768
63.95901945,0.398077114153162,-0.0912308797173417,-0.0498540527592702
63.969017617,0.397006745276958,-0.121596314934359,-0.0997440128306093
63.979012257,0.395646062496768,-0.147704431932525,-0.199394027419309
63.989019849,0.394052326962015,-0.166769933850263,-0.199389835392956
63.999015059,0.392310196530408,-0.176633046834901,-0.199384995713541
64.009023286,0.390519058937535,-0.176675459418293,-0.249403072602772
64.019004595,0.38877853607405,-0.167295762681132,-0.149576805714865
64.029021434,0.387173453515665,-0.150568917606803,-0.149431242929803
64.039022024,0.385764533456248,-0.129111579744312,-0.0996248385875777
64.049038157,0.384589062787831,-0.10476784042853,-0.0498531100299453
64.059022708,0.383669104986475,-0.0784739329765042,-0.149665589023858
64.069024641,0.383020644781979,-0.0509529357581514,-0.0997245388310697
64.079019718,0.38265019862059,-0.023870130604772,0.0498607626745726
64.089022853,0.382543284849677,0.000842866540196171,0.0498571651584831
64.099019373,0.382667055660605,0.0220967596663518,0
64.109018942,0.382985133622577,0.0399263722231958,0.049838881582237
64.119025169,0.383465814518322,0.0548613258361334,0.0498496933399602
64.129020399,0.384082440072251,0.067351310852539,0.049880084256992
64.139015037,0.384812158331891,0.0775608847853522,0.0996774740593965
64.149026851,0.385634158190787,0.0859287239187989,0.0997039872252252
64.15901587,0.386530804388895,0.092987757366188,0.0997851141334513
64.169011423,0.38749247872299,0.0995245069343229,0.0996857851727679
64.179020654,0.388521770652822,0.106939529072266,0.0498295315019734
64.189021571,0.389632354526776,0.115955319304263,0.0997462329827423
64.199013016,0.390839991372178,0.126008529762452,0.149550587069114
64.209023225,0.392152733540133,0.13626227579204,0.0996311250366959
64.219028476,0.393567343502804,0.1457736519097,0.149639510476193
64.229012993,0.395066715022321,0.152650227173964,0.19954005803345
64.239016219,0.396618477012449,0.155679418851784,0.149555836044828
64.249013945,0.398180451606164,0.154255823343849,0.0996878484349108
64.25902029,0.399704221454781,0.147537429485299,0.199431795586494
64.269012389,0.401130970627629,0.1345184455905,0.199461825178561
64.279016022,0.402394016241865,0.115047857463988,0.099671680020397
64.289020004,0.403432803866343,0.0904790225705678,0.0997189201933682
64.299013561,0.404203374024402,0.0624675110147451,0.0996788790782925
64.309026174,0.404682539511181,0.0334706188580346,0
64.319002119,0.404872403430742,0.00593207146332225,0
64.329010663,0.404801088928087,-0.0176447721386336,0
64.338997913,0.404519582201881,-0.0351207957148375,-0.0996984637845713
64.349012903,0.404098594343208,-0.0449087067858908,-0.0498303057803333
64.359007152,0.403620993154621,-0.0464472611711042,-0.0997066687245127
64.369013497,0.403169621530113,-0.0404051385088558,-0.0996501289205903
64.379019094,0.40281240786628,-0.0290094806374633,0.0498372647953692
64.389021138,0.402589210255922,-0.0151066857528717,-0.0498672378494524
64.399013514,0.402510358446529,-0.0015666260389788,-0.0498783688188666
64.409012291,0.402557891595083,0.00868718611740575,0.149570994343628
64.419012439,0.402684092830152,0.0133753461368635,0.0498496676391552
64.429014954,0.402825434136367,0.0119806175249556,-0.0498706364657006
64.439006094,0.402923629163633,0.005158738733186,0
64.449015156,0.402928609953096,-0.00652862750426628,0.0498838798489079
64.458994441,0.402793132691644,-0.0223767002403826,0.0498408322855327
64.469020169,0.40248096377389,-0.0404691031404705,-0.0996059740488434
64.479014955,0.401982920445653,-0.0582132295336662,-0.149611458937643
64.489013685,0.401317076637797,-0.0735356525729272,0
64.498997437,0.400513495591756,-0.0854417644080098,-0.0996889146560886
64.509017841,0.399607886253664,-0.0933838064151122,-0.149346507010041
64.519026423,0.398643112640441,-0.0973001014602174,-0.0997251829301413
64.529014423,0.397662216796206,-0.0972380428969469,-0.0997342294602653
64.53902149,0.396698831457768,-0.0943545399146586,-0.0498743657576604
64.549006583,0.395775865737507,-0.0895338193234021,-0.149604453626194
64.559015743,0.394908669622159,-0.0836425361431763,-0.0996329363522795
64.56902138,0.394101777356036,-0.0782508068986611,0
64.57901584,0.393343645893858,-0.0743652991421786,-0.049847203023129
64.589025032,0.39261419979112,-0.0722640971709958,-0.099687823301158
64.599020215,0.391898047795013,-0.0712751311424121,-0.0498646192263255
64.609020502,0.391189020044615,-0.0705937300509055,-0.149602756716021
64.619014894,0.390486548823232,-0.0701279235387449,-0.0498629975242257
64.62901722,0.389786691733686,-0.0704094306960913,0
64.639021097,0.389077923459612,-0.0718933993757884,-0.0997467817995744
64.649009472,0.388349380776228,-0.0737800816745275,0
64.6590264,0.387601930570348,-0.0745555285295759,-0.0996454882117766
64.669022346,0.386857310377762,-0.0721772075616677,-0.149747173876011
64.679001796,0.38616016226713,-0.0645978885431224,-0.0996508904598444
64.689033836,0.385564610377161,-0.0521295809717167,-0.0497930964631648
64.699026586,0.385116278355383,-0.035994507130582,0
64.709017215,0.384845318499252,-0.0171469129868568,0.0499126313027171
64.719003419,0.384773737338179,0.00414456489734393,-0.0498441732753006
64.729021485,0.384928227494491,0.028288971720005,-0.0498133187190134
64.739020678,0.385340005011942,0.0551321881828991,0.0997348429809047
64.749016429,0.386030592509805,0.0831334347241171,0.0498633458268214
64.759017854,0.387002438937605,0.110246168671617,0.0996777929922947
64.769022518,0.388236187172159,0.134415708737675,0.199503093564013
64.779009151,0.389689583292444,0.15349595447594,0.199407550271957
64.789023543,0.391306263595031,0.166975716655896,0.149479388450531
64.799020332,0.39303096458105,0.175546684332709,0.149625550751779
64.809015176,0.394815728482578,0.179109948214684,0.149518921580189
64.819026222,0.39661421850294,0.178057668361042,0.199599651993004
64.828996802,0.398373610218201,0.171066276071599,0.249240046627171
64.839028833,0.400035990678418,0.158781299793053,0.149465386833712
64.849010057,0.40155134086019,0.142566079549874,0.0997282442893165
64.8590251,0.40288678007024,0.123547502474177,0.149462329389349
64.869023522,0.404023954476795,0.103494321396197,0.0997457201787994
64.879017266,0.404955855723651,0.0832535894637235,0.0997201212689731
64.889021119,0.405688826207694,0.0644948332701944,0.0498843201566244
64.899006034,0.406245027983087,0.0485627418695862,0
64.909021745,0.406660111445362,0.0366275377077563,0.0996877188672037
64.919010131,0.406977728800264,0.02944343272409,0
64.929039635,0.407249506842855,0.027804934374833,-0.0498591577388869
64.939008389,0.407533779051565,0.031612890543976,0
64.949019295,0.407881121647541,0.0392664201013762,0.0996538935897917
64.959019575,0.408319546687768,0.0486851431073366,0.0498457156708645
64.969022946,0.408855002259145,0.0578390044906652,0
64.97901616,0.409476129257381,0.0647875378016499,0.0997247939369165
64.989019606,0.410150536624802,0.0674740288048042,0.149572041404175
64.999014945,0.410825527852532,0.0647009529691415,0.0997155182139304
65.009018425,0.411444479272359,0.0568719036798909,0
65.019020352,0.411963273432513,0.0453335831241927,0.049842611220801
65.029022724,0.412351345823917,0.0311755968357718,0.0498742047259191
65.039011979,0.412586524335956,0.0151883369927524,0
65.049009148,0.412654906366909,-0.00186476015574809,-0.0498348536016086
65.059019392,0.412549215309374,-0.0196706258004157,0
65.069021025,0.412261260222878,-0.0385462556057638,0
65.07900452,0.411778863457172,-0.0586005721774696,-0.099782712506547
65.089006078,0.411090124682081,-0.0796160452810109,-0.049822076919516
65.099017662,0.410185496237485,-0.101556641565444,-0.0996644918321673
65.109014837,0.409058102316148,-0.12408702715222,-0.149648944295119
65.119006369,0.407705157009237,-0.146468752903212,-0.099693230476132
65.129018127,0.406128245375888,-0.168312750171498,-0.149502264458422
65.139014488,0.404337535474589,-0.188234569643502,-0.14951140337078
65.149025023,0.402362255917426,-0.203752692009345,-0.199386012995921
65.159017524,0.400261863041228,-0.211890290777855,-0.349156734721445
65.169014941,0.398126586379779,-0.210133995523727,-0.199457082900093
65.179013582,0.396060011478966,-0.19813967715809,-0.149523463398269
65.189020024,0.394162785692638,-0.176437989743854,-0.249254457063948
65.199014917,0.392531016139372,-0.145566585695878,-0.14964276804362
65.209009556,0.39125297776974,-0.106498692853001,-0.0996781715815666
65.219021229,0.390400370062562,-0.0614592590602193,-0.0996591325179516
65.229019391,0.390023188136723,-0.0128062710474703,0
65.238926643,0.390145455935566,0.0368104354334061,0
65.249033489,0.39075991579891,0.0834083517504839,0.049640546551105
65.259012971,0.391820823446766,0.124045065311704,0.24933024253364
65.269028864,0.393240243396718,0.154085323058807,0.199442590539345
65.279010482,0.394902146389573,0.172316500925889,0.149624441714101
65.289020446,0.396685122854929,0.178475402224478,0.199337392019924
65.299018397,0.39847306706687,0.173714948474345,0.199473363135147
65.309014872,0.400158453537295,0.158713472654956,0.149546080760079
65.319020853,0.401647726320258,0.135343305433442,0.149551252517134
65.329016437,0.402865531458237,0.106429381694737,0.150791425204421
65.338857719,0.4037589517034,0.0719492265831911,0.0498483624856456
65.349018428,0.40430465924081,0.0374328669940724,0.0494665752890203
65.359015292,0.404513507452432,0.00630874625070975,0
65.369031761,0.404430918280338,-0.0189244961843774,-0.0498680066501558
65.379010599,0.404135106341405,-0.0351234560882249,-0.0997685511778111
65.389019352,0.40372888500554,-0.0407580694791686,-0.14950232166807
65.399018511,0.403319622473976,-0.0368912985593514,-0.0498573951264503
65.409018317,0.402991097216847,-0.0269192008604944,0.0502873389226589
65.41884649,0.402785869124617,-0.0139289967129572,0.0498607559153145
65.429015934,0.402712550475387,-0.00122055979427654,-0.0988669082599251
65.439016966,0.40276124985258,0.00957910843497874,0.0498339893023048
65.449023694,0.402904206977968,0.0166635401113835,0.0997439119950398
65.459010092,0.403094406109633,0.0187240355552592,0
65.468997055,0.40327818889949,0.0157117528912658,0.0498598789712356
65.479007463,0.40340859986126,0.00866098868847973,0
65.488997195,0.403451409885798,-0.00102735113867409,0
65.499011329,0.403388048866747,-0.0117269802720394,0
65.509007274,0.403216752084123,-0.0217726570485615,-0.0498580414608833
65.519009437,0.402952636919643,-0.0297338891197101,-0.0996663449189674
65.52901596,0.402621816033168,-0.0351688782638259,0
65.539015045,0.402249062127297,-0.0384716639384028,1.4915412429963e-06
65.548996851,0.401853117909426,-0.0397659199565355,-0.0498548767801699
65.559015618,0.401453720942294,-0.0387661561331422,-0.049807007749871
65.569016048,0.401077050592864,-0.0352407524163611,-0.149535739398088
65.579019258,0.400748777617628,-0.0300634745175576,0
65.588998988,0.400476293985388,-0.0253665306599219,0.0997763354816261
65.599005887,0.400241786180311,-0.0228779554343323,-0.0498170754951771
65.609013541,0.400018401933816,-0.0228261700315409,-0.0498339170711713
65.619013676,0.399785084986642,-0.0246287775625492,0
65.629007958,0.39952596388503,-0.027757471933892,0
65.639010169,0.399230032893418,-0.0314549677822001,-0.0498453117388883
65.649012369,0.398896725781523,-0.034728749820949,-0.0996874395884714
65.659014621,0.398535303284605,-0.0371930589333338,-0.0498708944062284
65.669005323,0.39815312666515,-0.0393958359167325,0.0498649384342584
65.679009963,0.397747570072074,-0.0419435501040361,-0.049830470330008
65.689015094,0.397313845832641,-0.0446881529593636,-0.0997077610068978
65.699010039,0.396853803616587,-0.0470456771627724,0
65.709007008,0.396373312700731,-0.0485226314570801,0
65.719015346,0.39588309347784,-0.048276908357069,-0.0997015197154101
65.729008336,0.395407710421855,-0.0449217687144136,-0.0997185305672656
65.739013262,0.394984751720518,-0.0378289762032676,-0.0498298950757896
65.749018338,0.39465075253237,-0.0278746196398177,-0.0498778173923681
65.759003441,0.394427533084361,-0.0167679354971975,1.48931259130694e-06
65.769029129,0.394315212879634,-0.00669471562130357,0.0498584702842917
65.779001377,0.394293652589828,0.000854180373899921,0
65.789021384,0.394332289871485,0.00526575985427802,0
65.799016995,0.394399050027551,0.00648853206306669,0
65.809000867,0.394461927387534,0.0042718710406352,-0.0498558625535414
65.819015977,0.394484483099599,-0.00201648345812085,0.0996771403628126
65.829006788,0.394421585778773,-0.0128779148146739,-1.48971541646988e-06
65.839021357,0.394226855520124,-0.0277668415934592,-0.0498324475861754
65.849015167,0.393866016288538,-0.0451037917768397,0.0498853373499474
65.85900912,0.393325331619687,-0.0622494484764931,-0.0997301095905486
65.86901106,0.392621282977493,-0.076181899279807,-0.199447337976775
65.879006155,0.391801919513422,-0.0845847915006733,-0.0498440115365547
65.889014797,0.390929271054114,-0.0867783482436347,-0.0498468245602776
65.899009361,0.390066074337165,-0.0825973004067324,-0.149534730222378
65.909018572,0.389277013241171,-0.0720565976682713,-0.0996831642794924
65.919014372,0.388624581308188,-0.0560150986291791,-0.0498709407749389
65.929012105,0.38815707351823,-0.0360502368574337,0
65.939007425,0.387903827012035,-0.0139303878490147,-0.0498365773108307
65.949019424,0.387878363804741,0.00859078394501307,-0.0498096600589728
65.959025556,0.388075798450439,0.0292854419237408,0.0997179215577082
65.969017761,0.388464023941526,0.0456625997117076,0.149588220353114
65.979022178,0.388988896196411,0.0566604709874136,0.0498603601869277
65.989014939,0.389597073465425,0.0631593021089525,0
65.999003737,0.3902509175179,0.0663851885423697,0.0997020925343892
66.009016451,0.390924877610677,0.0675631899186868,0.099701090614144
66.01900545,0.391602297052018,0.0675411043879223,-0.0498361937125028
66.029023924,0.392276204433109,0.0668478641075219,0.0996638094338785
66.039014346,0.392939849012768,0.0652567507100573,0.149735015661859
66.049001141,0.393579852702759,0.0623675008168007,0.0498519086400237
66.059015512,0.39418727174961,0.0594326305323124,0.0498111597434324
66.069018071,0.39476951150784,0.0580807070721587,0
66.079005859,0.395348325237988,0.0589641027033825,0.0498613176593372
66.089014865,0.395948604522994,0.0620299501022089,0.0996453189236766
66.099018767,0.396589724922628,0.0668735138125536,0.0498564048351929
66.109014825,0.397286072124305,0.0729000618062638,0.0498260999091834
66.119029695,0.398048522810628,0.0797545831111785,0.0996972034702576
66.12901672,0.398881314921463,0.0865311374088144,0.0498604324947396
66.139026844,0.399778898858532,0.0921882117100507,0.149557593262915
66.149017437,0.400725145254612,0.0961847656571658,0.149756425228425
66.159001006,0.4017001089497,0.0983896566274156,0.0498705705991147
66.169011716,0.402692375499935,0.0999377262885973,0.0498237453048325
66.179014076,0.403700169661555,0.101307461175732,0.09967457450216
66.189018152,0.40471917673827,0.101714123517256,0.149540441589168
66.199017087,0.405734758393126,0.100271327022226,0.049874978314277
66.209010664,0.406723852447018,0.0960161772881161,0.0997281952364772
66.219013065,0.407654695761823,0.0880725190932137,0.149563725155903
66.229010561,0.408485293757412,0.0759459214289694,0.099823650833895
66.238989922,0.409171856573943,0.0596537344979128,0
66.249017477,0.409678781012598,0.0400636529010545,0
66.259020489,0.409974354257642,0.0171182551254293,0.0997138983740121
66.269016322,0.410021126343522,-0.00948401323315928,0.0997428892789357
66.27901382,0.409784737241863,-0.0381513493844323,-0.0996366008169885
66.289030682,0.409257551502456,-0.0659400183714658,-0.149540785481177
66.299016785,0.408465741362279,-0.0901780435771642,-0.0498832459623009
66.309019283,0.407455018570432,-0.109497465409967,-0.149787133816564
66.318986852,0.406279069641713,-0.122947905919381,-0.0997279408790734
66.329015312,0.404996548678179,-0.130119691783803,-0.0995334259884451
66.339022258,0.403672068788229,-0.130849907430579,-0.199364883253109
66.349020767,0.402378836743322,-0.123951850418212,-0.149552703064809
66.359023629,0.401192861841877,-0.110008277403573,-0.149545951527911
66.369023041,0.400178421036427,-0.0910478691932714,-0.149568219704023
66.379022925,0.399371968555712,-0.0703216224515869,0.0498614615390817
66.389020375,0.398772176064841,-0.0512166538001769,0
66.398981878,0.398349737769697,-0.0351366848886384,-0.0498470790510995
66.409022881,0.398069354314536,-0.0222084780754038,0.0497658808888059
66.419017619,0.397904774454974,-0.0110706705371058,-0.0498682320540797
66.4290175,0.397848000475072,0.000189113225709889,-0.0997138229788375
66.439016778,0.397908556560444,0.0123833265634854,0
66.449020915,0.398095709295402,0.0247487970221941,0.0997216471934641
66.459014069,0.398403465456397,0.0358852009033003,0
66.469013983,0.398813164557255,0.0448625147722143,0.049952256873729
66.478975055,0.39929896548569,0.0506924504278561,0.049857146440356
66.48901245,0.399826935854286,0.05260394055336,0.049726761137381
66.499026558,0.400353753557507,0.0502169268331837,0.14955019827072
66.509014156,0.400831360061027,0.043282627716795,0
66.519021745,0.401219197792556,0.032852320347311,-0.0498589340202091
66.529011906,0.401488332550252,0.0195050744847038,0.0498828255931616
66.539009917,0.401609068576229,0.00287129024897187,0.0996610352916575
66.549021658,0.401545786356054,-0.0168643228743035,1.49415934510416e-06
66.558955797,0.401272694815897,-0.0377196038199972,-0.0498799806552114
66.569012165,0.400791752351853,-0.0566762841762973,-0.0994351853408373
66.579010698,0.400136057547693,-0.0716462724713514,-0.149535537561856
66.589015832,0.399358564175545,-0.0811485309655893,-0.0996718244895128
66.599018284,0.398512471335626,-0.0862413082046436,-0.0997204710375668
66.60901306,0.397633977072359,-0.08884081613039,-0.0498517516161592
66.619019513,0.396735545827655,-0.0909771192937344,-1.4892241790936e-06
66.629025039,0.395813344871572,-0.0936064265986397,-0.0499826406113529
66.638968365,0.39486820507719,-0.0944727425048765,-0.149645730297267
66.649013777,0.393924953973501,-0.091705096052363,-0.198955270587466
66.659014708,0.393029853266876,-0.0847389223339159,-0.0498560134646986
66.669013894,0.392230165612368,-0.0734593890424624,-0.0498902520523507
66.679000502,0.391561709050108,-0.0589901132092946,-0.0996950997773537
66.68901651,0.391050209030046,-0.0424301985245417,0
66.699012666,0.390712588958682,-0.024529166470538,0
66.709016314,0.390559630508352,-0.00555831903170014,-0.050005687165
66.718952324,0.390601757978135,0.0142614262712277,-0.04983091858923
66.729025905,0.390844995815116,0.0336450886557957,0.0496993405591617
66.73901489,0.391276764789868,0.0507199096633927,0.0997553728387965
66.749016734,0.391858928856092,0.063106682619192,0.149591556808371
66.759011066,0.392538657122297,0.0704845823098727,0.0498583730503479
66.769014709,0.393268477771011,0.0739286851011901,0.0498498574379914
66.779013055,0.394017377868475,0.0751782297723513,0.149553525552936
66.78901597,0.394772137166205,0.0763827598325389,0
66.798947547,0.395540029383295,0.0784225217865562,-0.0498415822133257
66.809020682,0.396340957128859,0.0817612563594344,0.0993321824854919
66.819023244,0.397181443592306,0.084898778284796,0.19929317639767
66.829033036,0.398039981534062,0.0850187861117003,0.0997479692604756
66.839015258,0.398881140354515,0.0817894954535909,0.0499044229670068
66.849013752,0.399674194214504,0.075713095258381,0.0498702139250705
66.85900968,0.400394979932037,0.0671178224915646,0.0498316904617357
66.869022435,0.401017133448388,0.0557469801196015,0.100036143828958
66.878943805,0.401506247202114,0.0403174329858398,0.0498783937708384
66.889012383,0.401823076837268,0.0212143996091491,0.0496682808783237
66.899019517,0.40193214137892,-0.000546223862304704,0.0498282941468129
66.909023626,0.401812146218827,-0.0231387455300708,0
66.919016599,0.401469433987178,-0.0432407561648755,-0.0997405246400154
66.929017431,0.400947598972014,-0.0574437888127268,-0.14954425439369
66.9390191,0.400320414544008,-0.0639465723451486,-0.0997324487968275
66.949012855,0.399668960144626,-0.0632437247859468,-0.0500452710613795
66.958943582,0.399060316087897,-0.0563028343315738,0
66.969021958,0.398542390933294,-0.0452315250830336,-0.0496681990950238
66.979018127,0.398152313802199,-0.0309363936152018,-0.0498732991464236
66.989013948,0.397923910861503,-0.0132384578781504,0
66.999008203,0.397887676023092,0.00726867917872106,0
67.009020648,0.398069333145228,0.0300234658495798,0
67.019012869,0.398488285429575,0.0540284004480415,0
67.029022407,0.399149996190145,0.0775927679936775,0.100095297192578
67.038935809,0.400034161490747,0.0972104311684192,0.199481843476979
67.049015983,0.401093580333704,0.111315961081678,0.0993051298877217
67.059016975,0.402269515783679,0.120477639951379,0.0498619377840688
67.069013126,0.403502788928114,0.122907147085109,0.149550689659377
67.079018416,0.404727835834579,0.11820302791708,0.149547753373539
67.089015159,0.405867089793211,0.105521930914619,0.149560047953377
67.099019004,0.406838336499767,0.0850202128242322,0.0996750079237371
67.109021807,0.407568059264071,0.0584070375091762,0.0500735085511761
67.118931655,0.408001375453631,0.026915081098638,0.0498575970601941
67.129020691,0.408106330848813,-0.00618608528007441,0
67.139015831,0.407877133028115,-0.0385694753653979,-0.0997237209742205
67.149017865,0.407335050338842,-0.0678763214048497,-0.0997198114052221
67.159013789,0.406519745203466,-0.0927659953695505,0
67.169011804,0.40548029268615,-0.112033038164451,-0.149582138811895
67.179011224,0.404279371804919,-0.124132221563089,-0.199298882785815
67.189023585,0.402996185853185,-0.129159214960871,-0.200540620810535
67.198899093,0.401710670257636,-0.125752089280926,-0.0997053576379292
67.209024442,0.400481036298026,-0.117997644214592,-0.0495624961669854
67.219017654,0.399336727454648,-0.109579078037328,-0.0997150245953845
67.22902336,0.398289573301842,-0.0994052898972335,-0.0498713583732667
67.239010422,0.397349340555759,-0.0877343537071084,-0.0997405954861845
67.249016852,0.396535457202874,-0.0733219905685715,-0.0996352473187075
67.259025353,0.395881805973747,-0.0553302624359239,-0.149548409210334
67.269018598,0.395428755347517,-0.0340837470383171,-0.050117121370152
67.278920081,0.395203719097199,-0.0111208327603726,0.0498655120212766
67.28901371,0.39520639305094,0.0104006385630565,0.0496084229883312
67.299018815,0.395412758765108,0.0290551621347551,0
67.309026275,0.395787861371747,0.0438959321371501,0.0498553055235139
67.319019216,0.39629069501012,0.0543869478959696,0.099767270553014
67.32901472,0.396874971888484,0.0601090561051597,0
67.339010541,0.397492354686161,0.0607590693284138,0.0498593902850034
67.349012287,0.398090005448236,0.0560295761207862,0.150372060415374
67.358902729,0.398606905547916,0.0447738780975564,0.099650796182399
67.369024095,0.39898601170014,0.0292212441528619,1.48205082930239e-06
67.379011569,0.399194510871187,0.0122905977092874,0
67.389014902,0.399231710666861,-0.00343912804566618,0
67.399015659,0.39912571424424,-0.0150164429069431,0
67.40901504,0.398931379736453,-0.0198672263795481,-0.0997387986241265
67.41900981,0.398728485920056,-0.0162818249846906,-0.149475716233659
67.429026912,0.398605549938933,-0.00500453650593741,0
67.438904136,0.398628924039328,0.0109320678094709,0.0997797003071133
67.449012867,0.39882403775423,0.0275870254259396,0.0495654001564701
67.459020917,0.399183886188263,0.0430972680950829,0.0498414774268571
67.469018219,0.399686213772711,0.0559410638403548,0.0498866042438053
67.479007575,0.400301961099396,0.065472837970576,0.0498524823832271
67.489018557,0.400995692661941,0.07108844826054,0.0996825213508599
67.499013014,0.401724116714677,0.0720348138478751,0.0498468469877389
67.509021754,0.402436619234199,0.0678967897989972,0.0501313243519811
67.5189027,0.403074562544187,0.0568781917618504,0.199474610199106
67.529016055,0.403573858920621,0.0403103178822826,0.0991238609521413
67.539020288,0.403885508911492,0.0212427968149287,-0.0996713313034652
67.54902374,0.403998878107813,0.00244861910337433,-0.0997453609548331
67.559012526,0.403934462287378,-0.0142409342457144,0
67.569017192,0.403714152672536,-0.029425320154025,0.049856737583856
67.579011157,0.403345996167561,-0.0440584678061389,-0.0498448435453753
67.589021193,0.402832807038484,-0.0585466349997234,-0.100287173817807
67.598895979,0.402181806751892,-0.0715299713472432,-0.0498663699324658
67.609015961,0.401402581856349,-0.0832372061548851,1.48204891306732e-06
67.619004845,0.400508000927109,-0.0938339816009682,-0.149503275753512
67.629024144,0.399525134380858,-0.100566783797367,-0.199311885469767
67.63901547,0.398495596729084,-0.103299579050314,-0.0498562514520473
67.64902297,0.397459264073557,-0.102462707447241,-0.0498788117026036
67.659005848,0.39644732847631,-0.0984585161313265,-0.149607762427568
67.66901698,0.395490683517443,-0.0918449237184526,-0.100361139651525
67.678875718,0.394622381781865,-0.0808920883526826,-0.0498561586297433
67.689016441,0.393872885351224,-0.0672031677833875,-0.0990446245941289
67.699010002,0.393269294116015,-0.0518908283778797,-0.0498454116693413
67.709020214,0.392834872999571,-0.0341829858239092,-0.0498309483027561
67.719018983,0.392585327402141,-0.0154461900687236,0
67.729020975,0.392525937443646,0.00343226684645352,0.0498733989331588
67.739010933,0.392653945109322,0.0220054691959152,0
67.749015953,0.392965936316098,0.0405976596846875,0
67.758871946,0.393460255756089,0.0581681457569722,0.0498442727149731
67.769020781,0.394129580067045,0.0741368925840779,0.0989889655957885
67.779017551,0.394953788310015,0.0885540962951568,0.0996872406744968
67.789024675,0.395901006822599,0.0989656755755091,0.099732603417688
67.799012944,0.396932645886658,0.105303003519224,0.0997528928421259
67.809016001,0.398006153494732,0.107008054286697,0.0996299353786345
67.819028643,0.399074486891836,0.103988986400442,0.149523092046334
67.829021333,0.400086487692016,0.0967449623031452,0.100585583143098
67.838854176,0.400992507334561,0.0831954622801478,0.0498722938170653
67.849013726,0.401749764069737,0.0660400133123121,0.14832412952424
67.859021219,0.402324339122751,0.0475787636763056,0.099703169247165
67.869015022,0.402701401005341,0.0287841197758778,-0.0498688266148942
67.879015002,0.402899842567396,0.0133924828365998,-0.0498444525775759
67.889018582,0.402969298339312,0.00357175803678886,0
67.899029743,0.402971330379417,-0.00018935815703445,0
67.909012767,0.402965512277289,0.00173290349569296,0
67.91885233,0.403005681009723,0.00855152013773015,-0.0498351102499848
67.929021273,0.403136615419274,0.0189012268041796,0.0494767867522538
67.939004538,0.403386582463736,0.0315120096467413,0.0997622346388891
67.949010727,0.403766523286555,0.0445135674160588,-0.0498310653532843
67.959013472,0.404277251496268,0.0570054656816991,0.0498496933399574
67.969012184,0.404906715657152,0.0671232509736954,0.0996983050321196
67.979015146,0.405619828880064,0.0724973167609998,0.0498640938938479
67.98900906,0.406356435510755,0.0715348493576125,0.201059675760574
67.998851969,0.407038853025103,0.0617327819357844,0.0996965850622125
68.009011378,0.407591234246059,0.0457286088662342,0
68.01901872,0.407961050493685,0.0267180180487501,0.0498694691497513
68.029005501,0.408125437585242,0.00628960160264753,-0.0498513054743481
68.039020128,0.408086851381497,-0.0131664028219182,-0.0994834990450209
68.049050962,0.407861510970965,-0.0311843741020105,0.0498611398918565
68.059017591,0.407463243014214,-0.0480581957262661,0
68.069011292,0.406902253525064,-0.0636419523201933,-0.0502646579477683
68.078854517,0.406200782315543,-0.0748198955411624,-0.099657419490464
68.08902177,0.405405071651375,-0.0804865666131468,-0.247211170637984
68.09902117,0.404577637655494,-0.0817337305804093,-0.0498606943007329
68.109018814,0.403770638644675,-0.0783555814955815,0.0498568896577649
68.11901974,0.403010638074064,-0.0728982914698918,-0.0997209682866467
68.12901654,0.402312838585992,-0.0658751470722903,-0.149623776968001
68.13901161,0.401693670697564,-0.0574598571970896,1.48994778581623e-06
68.1490188,0.401163511582773,-0.048866688686445,0
68.158858116,0.400723837667348,-0.0394042015392391,-0.0997677161880921
68.169006857,0.400375898156367,-0.0300326599678086,-0.0989129014284819
68.179019213,0.400118346296569,-0.0219861562846874,0.0997365707514919
68.189000857,0.399936306947611,-0.0153158705284478,0.0996765274377938
68.199025855,0.399811927157988,-0.00933125253107533,-0.14929482423035
68.209036577,0.399749348584649,-0.00199018573702612,-0.0997342503231164
68.219020619,0.39977213386386,0.00755078579998864,0.0515091099101659
68.228394246,0.399895514196855,0.0173069847102199,0.100585608510811
68.238846147,0.400115253973828,0.0255682404176831,0.0483597133805062
68.249011955,0.400422672737429,0.0348390324436276,-0.0494020103544822
68.259028858,0.400818400097157,0.0441237701068559,0
68.269010533,0.401305085395565,0.0526944959037979,0.0997730637201196
68.279015545,0.401871588493409,0.0591535799215717,0.0498314839054775
68.289019897,0.402488710908119,0.0621498570019431,0.0997153087993632
68.299014406,0.403114514844761,0.0607985747139454,0.149484019866016
68.309030458,0.403705324496145,0.056308819608399,0
68.318849026,0.404231378884342,0.0506812585214114,0
68.328285505,0.404681194510994,0.0412857686929345,0.0502378959838427
68.338695926,0.405050773407014,0.0314532263731558,0
68.349015392,0.405333216339495,0.0229178496156467,0.0981210646933104
68.359019723,0.405516551130279,0.0129681805362099,0.0498556750166282
68.369015047,0.405592575476197,0.00265134722055296,-0.0498599737176656
68.379017056,0.405569571003547,-0.00605061876662162,-0.049867094778347
68.389010122,0.405471592900162,-0.0125218293396703,-0.100675902220566
68.398825099,0.405321538069548,-0.017591598322119,0
68.409009182,0.405119777469822,-0.0239606238084131,0.0987598271271301
68.419017445,0.404837716863233,-0.0354810597950993,0
68.42827165,0.404436324690913,-0.0473451837102949,-0.0498407673859348
68.439023082,0.403890546304226,-0.0595425338595972,-0.0480530305847104
68.449021565,0.403200822174442,-0.0750468657584049,-0.199469352683559
68.45901791,0.402389997131448,-0.0857575313104551,-0.0997077460508092
68.469021644,0.401485664773388,-0.0951786222259943,0
68.47882529,0.400504757993141,-0.10314662412782,-0.101514679912915
68.488665727,0.399459443927851,-0.106653584258848,-0.149349944544237
68.498853815,0.398368644014473,-0.109063290412905,-0.147966041851682
68.508881777,0.397254614995699,-0.111776094327098,-0.0996306179510333
68.518869676,0.3961313492473,-0.116380647852457,-0.102891999047276
68.528262903,0.394999026995709,-0.114162680918928,-0.0996409221303098
68.538883168,0.39384655534603,-0.112843988276959,-0.0960916959809059
68.54901592,0.392657173788649,-0.12200373740986,-0.100056446391896
68.558813546,0.391414974742039,-0.127245092331862,-0.0997318411684693
68.569011167,0.390112876737936,-0.13134399952612,-0.147982728732964
68.579027115,0.388760043744881,-0.136469425477832,-0.149586739194109
68.589007987,0.387383922201152,-0.136637269304015,-0.0997707146325724
68.59901487,0.386028971482163,-0.131148255488602,-0.149420937772383
68.609026996,0.384758464094192,-0.118770918212865,-0.199335220125581
68.619023003,0.383652587154029,-0.102309738634435,-0.207338580565173
68.62826295,0.382790438668067,-0.072243542196192,-0.050388135630802
68.638811318,0.382223009184335,-0.0398758111185604,0.0479841528090599
68.64904265,0.381961831275767,-0.0114584401155067,0
68.659022737,0.381991417850074,0.0161723020318015,0
68.669021314,0.382284932264167,0.0408730223247404,0.049877459372811
68.679013657,0.382808507169526,0.0619162042249554,0.0997579141076045
68.689011335,0.383522638486864,0.0789047117874641,0.0498427034100027
68.699017919,0.384386937697157,0.0918568044100342,0.0498542441752266
68.709011564,0.385359795610272,0.10133072445137,0.151163702934866
68.718806129,0.386392091352053,0.107784957725839,0.207491276215537
68.728233362,0.387431616295117,0.101446049173899,0.0986617241084834
68.739018553,0.38844256191108,0.0955792151330031,0
68.749004962,0.389416949520174,0.0961128277918687,0.0997343999638192
68.759013287,0.390364312336767,0.0939814651125988,0.099658146387186
68.769014995,0.391297521738466,0.0931134801374709,0.0498418361921546
68.779018495,0.392227066874521,0.092906030426593,0.099691885134533
68.789018256,0.393155945313563,0.09349946060094,0.151157477341801
68.79880752,0.394077330037839,0.0914254748693795,0.149529415454833
68.809022742,0.39498486494563,0.0895623236530352,0.049312765748861
68.819026757,0.395888211886051,0.0931258143181876,0.0506989856374273
68.828690317,0.396816423883169,0.0959340140919029,0.0498725047837003
68.839019663,0.397806211611993,0.101826548587154,0.098088304727714
68.849020598,0.398886586229206,0.113098665107536,0.0996877587341437
68.859023752,0.400068647374585,0.12268805221966,0.0997399569426224
68.869014218,0.401339564523827,0.131217940703023,0.252164304291024
68.8787944,0.40266291109151,0.13251637841377,0.149370916184293
68.889039931,0.40399329948574,0.129992915447396,0.0493067692147237
68.899016096,0.40529158830984,0.126411577877556,0.0997765850898996
68.90902651,0.406519834473505,0.116818791321756,0.149589389049367
68.919012761,0.407627574545607,0.102344192134821,0.15071519517709
68.928873607,0.408551069582191,0.0800565017820376,0.149673542063629
68.938998183,0.409227537517564,0.0529530954960416,0.0990947914243684
68.948997698,0.409616702494685,0.0248802096939187,-1.5077393871699e-06
68.958764412,0.409719325439942,-0.00169531461062371,-1.54615838884132e-06
68.968272775,0.409584025175026,-0.0207399021917038,-0.147857434185024
68.97899511,0.409299742742152,-0.0295845452703925,-0.144024839752093
68.989041825,0.408969582275078,-0.0324262528517144,0.0519936491550239
68.998172381,0.4086778957037,-0.0256656485335423,-1.56048823966921e-06
69.008139901,0.408479417768795,-0.0134183895796149,0
69.018152839,0.408409790134277,0.000790328555326973,1.4890485021407e-06
69.028154241,0.408495235673213,0.0171277924563564,-0.0498574923535911
69.038151765,0.408752327588155,0.0341140237014418,0
69.048133648,0.409176813637152,0.048979177802573,0.0998027029574086
69.058132815,0.409730982988787,0.0583969415452919,0.0996968891024053
69.068135905,0.410344884269955,0.0574530836556068,0.0955242264770146
69.079009117,0.410930390914013,0.05057152026993,0.143276305811599
69.089013461,0.411400694016395,0.0380262921227767,0
69.099008666,0.411690899606611,0.0190630071312295,0
69.10827563,0.411767888881405,-0.00336534807798453,-0.0504487940626581
69.118773188,0.411624385110486,-0.0241795500635075,-0.0480461019935608
69.129027917,0.411266107918956,-0.0472762150460469,0
69.138273469,0.410702485632472,-0.0661155731909298,-0.0998643648526691
69.148996928,0.409945845310635,-0.0814931771356228,-0.0960914452745947
69.15902623,0.409011277204246,-0.101701013865851,-0.0997031447687917
69.16899793,0.407911723128902,-0.118028983631319,-0.0999014307693888
69.178987832,0.406655229608532,-0.13828901742894,-0.103562062233637
69.188253657,0.405248867562192,-0.149259267815112,-0.151408894289683
69.198743997,0.403706438885799,-0.159808026757132,-0.199380839337357
69.208257511,0.402052091126915,-0.167362223605552,-0.147689630096503
69.218997681,0.400316737295353,-0.169225143884144,-0.143978559307794
69.229033237,0.398536315905268,-0.178075352836022,-0.199441712886654
69.23899528,0.396755657797556,-0.17587130269306,-0.199991565530579
69.248975706,0.395029007903322,-0.173598792463203,-0.155459505135665
69.258236492,0.393415406628828,-0.152447771431749,-0.149402996584288
69.268997119,0.391976788110556,-0.128716927247576,-0.194538597866318
69.27873826,0.390776482048725,-0.105434298694526,-0.149572654689314
69.288995822,0.389868238884951,-0.0767937623597936,-0.0511971134456761
69.298213313,0.389280919456698,-0.0443095687925511,0.0518920655506875
69.30821006,0.389016864284494,-0.0106462043266828,0
69.318232779,0.389067788131151,0.0205471370374265,-0.0498372075371669
69.328216528,0.389427939924125,0.0509712108555764,0
69.33823307,0.390087227180885,0.079585708235823,0.149805489990924
69.348184148,0.391017077103609,0.104837666334706,0.150418906167266
69.358119261,0.392172049037611,0.124152495734975,0.0995792345771938
69.368210038,0.393503341326423,0.138449090789917,0.148232552916928
69.378298763,0.394965882742105,0.151444443745946,0.150254028369294
69.388118249,0.396518329267295,0.158600938116417,0.150282046983389
69.398203064,0.398122723553256,0.160400374129344,0.148790627393076
69.408222063,0.399742988554321,0.161874574726347,0.200432754463712
69.418101636,0.401343796433418,0.157708090765688,0.149724222863119
69.428200521,0.402893753021943,0.150457724966017,0.148757280576546
69.438210157,0.404369278755509,0.143099951197286,0.149581540409045
69.448198036,0.40575539644251,0.133685189852266,0.0996572150594899
69.458220377,0.407044348815195,0.123713706857567,0.0996872853163073
69.46820222,0.408230188197811,0.112916373367917,0.149592102923877
69.47821648,0.409302236247446,0.100679883001264,0.0996369393395012
69.488216512,0.410245224774724,0.0871677473253757,0.0997973518848321
69.4981989,0.411044058784956,0.0722388886517756,0.0997959834770212
69.508199206,0.411688752381553,0.0567272362821131,0
69.518180487,0.412177558991996,0.0412443580092518,0.0498515825773059
69.528199905,0.412513668371544,0.0261347586551842,0.0498234034451474
69.538192498,0.412700568069686,0.0113686910232081,-0.0498631354620007
69.54819597,0.412740997456209,-0.00343156554127435,0
69.558193673,0.412631932726771,-0.019037399751211,0.0498935091223501
69.568179862,0.41236055611562,-0.0360258160910194,-0.0498476846245979
69.578195936,0.411911334878529,-0.054411947230771,0
69.588091304,0.411277135784227,-0.0724385674883917,-0.1000386521375
69.598130157,0.410467328465292,-0.0885019357711976,-0.199242848855058
69.608108713,0.409505556338604,-0.102863986232684,-0.0499581470742752
69.618088193,0.408414365324956,-0.114561658956259,-0.0497259750049973
69.628160533,0.407208386574311,-0.125492222096406,-0.149605585014124
69.638082494,0.405905236063202,-0.133926563771318,-0.149765692720932
69.648133459,0.404533481226673,-0.138902048603213,-0.149681675707264
69.65806683,0.403129370852828,-0.140230619679691,-0.149686356334735
69.668116971,0.401731180955535,-0.137289853647742,-0.149085553881355
69.678130674,0.400374808646456,-0.132524729513926,-0.199870997382612
69.688071619,0.39908669662679,-0.125098663941495,-0.0499050823498898
69.698111126,0.397875280796309,-0.117597246494057,-0.0498578644487133
69.708069798,0.396734965841495,-0.110725481600424,-0.14966047366731
69.718098094,0.395662214138777,-0.103333994791802,-0.0994936839461299
69.728113207,0.394663800320278,-0.0952223120429887,-0.0995491598880794
69.738130034,0.393754726497271,-0.0854187445286364,-0.099713693345607
69.748112392,0.392955495045983,-0.0734121641896788,-0.099824590272124
69.758106703,0.39228819599268,-0.0592883993938545,-0.0498930272665371
69.768096477,0.391770670632982,-0.0436435095445441,0
69.778104271,0.391415431942804,-0.0266595470798304,0
69.788091391,0.391237615281842,-0.00770356456507312,-0.0997205942918817
69.798102072,0.391261377591641,0.0135718019956277,-0.0498408496002302
69.808096995,0.391509127378133,0.0359437483712806,0.0498527710426557
69.818102892,0.39198028203294,0.0565599988250636,0.0499163169003625
69.828072353,0.392638933603143,0.071815016319958,0.149659657490368
69.838089969,0.393415654293883,0.0790821885850602,0.149395139342623
69.848094819,0.394222354035293,0.077991860251456,0.0997258312588593
69.858086421,0.394975214783792,0.069494737262008,0.0498843829068907
69.868082367,0.395611383432065,0.0559115019246435,0.0498968281355168
69.878069581,0.396092503272593,0.0395381728195335,0
69.888028011,0.396399997751534,0.0217918300474293,0.0498147689135768
69.898085659,0.396528690242585,0.00435555251750134,0.0498768730533594
69.908019166,0.396487070277022,-0.0112386357277024,-0.0499636107687617
69.918042109,0.396304406970617,-0.0226344049104425,0
69.928022585,0.396034304791783,-0.0276068736990863,-0.0994765832795848
69.938088664,0.39575098425863,-0.0248500336390239,-0.0994925991295975
69.948065913,0.395536227416745,-0.0146316042268763,0
69.958026938,0.395459255324495,0.00139388120833178,0
69.968026934,0.395564050708816,0.0204933057531544,0.0498600933977736
69.978024223,0.395869065800233,0.0404358549482535,0.0498632202461457
69.988022965,0.396372607317873,0.0594597758881679,0.0498618205920487
69.998021413,0.397058094236026,0.0761697525218567,0.0996659464282133
70.008031731,0.397896670072361,0.0896347887593666,0.0997376722211643
70.018015491,0.398850259193994,0.0989234618079454,0.0498902836122198
70.028016915,0.399873673658509,0.103110291424793,0.149576229793082
70.038013716,0.400912282001722,0.1014889135771,0.149485068447395
70.048027535,0.401904529742314,0.0939731028126014,0.0498644529739919
70.058010448,0.402791436953875,0.0808351833198591,0.0997566715171248
70.068017805,0.403520446882377,0.0627324237541214,0.0997231232956754
70.078007443,0.404045896918024,0.0407750563486891,0.0498737171450249
70.088010225,0.404335638934424,0.0166008959888983,0
70.098015692,0.404378051778593,-0.00762494458373264,0
70.108009894,0.404183142566606,-0.0298689251560854,-0.0498536010710863
70.118016179,0.403780658729305,-0.0484123943914254,-0.0997035335931393
70.128010818,0.403214849945725,-0.0622977885848755,-0.0498572062736447
70.138014622,0.402534799955264,-0.071313898939021,-0.049858731409609
70.148009247,0.40178868400108,-0.0754800003397737,-0.0997013248921433
70.158016288,0.401025074198788,-0.0748586460151071,-0.0997358505676932
70.168003989,0.400291904687539,-0.0699530855043877,-0.149585228143132
70.17801331,0.399626220808989,-0.0625553619083763,1.48970476794463e-06
70.188009512,0.399040451956108,-0.0552529390410914,0
70.198009448,0.398521375415018,-0.049854122233751,-0.0498767321380349
70.208001321,0.398043777866548,-0.0469469859079758,-0.0498142854346385
70.218025122,0.397581699849801,-0.0465471830651197,0
70.227996019,0.39711308099841,-0.0477038118676283,0
70.238003135,0.39662867247616,-0.0484937369149886,-0.0997302908457057
70.247991278,0.396143436168917,-0.0465215803329383,-0.0498522670887609
70.258004755,0.395698165504541,-0.0396186609684161,-0.0996639291178136
70.268000449,0.395350699606809,-0.0267607515616398,-0.0498323579255224
70.27801317,0.395162725281584,-0.00828585318988395,-0.0498855784108807
70.287987518,0.395185089687379,0.0140970614034766,0
70.297995864,0.395444422545909,0.0374283634371134,0.0498124089774007
70.308003946,0.395934271829276,0.0585582702513393,0.1493430099847
70.318025319,0.396617312784786,0.0753976506197148,0.0997676962225788
70.327992007,0.39744132466912,0.0868915313586999,0
70.337997595,0.398352734431145,0.0926458198522517,0.149531495753802
70.347996414,0.399294649356292,0.0925608593893534,0.0997093159281647
70.357997658,0.400203957450266,0.0861184027546462,0.0996939683987916
70.367999257,0.401017262246004,0.073705467400742,0.0997029657556827
70.377998397,0.401678121266621,0.0563042888874705,0.0498684898978499
70.387993175,0.402143005581069,0.0355157268138494,0.0997554526797055
70.39798921,0.402388109519916,0.0136315851717243,-0.04976538412274
70.408029116,0.402416127217306,-0.00683699816526226,-0.0997335361412132
70.417984416,0.40225140233318,-0.0248458687254242,0
70.427958727,0.401920958718651,-0.0405110574967672,-0.0498219420487839
70.437997014,0.401440670824942,-0.0553042362413711,-0.0497787637688111
70.447988684,0.400813217244819,-0.070437978187904,0
70.457992015,0.400032263380637,-0.0860120547534342,-0.0996926423862458
70.467992092,0.399092683020667,-0.101644562396209,-0.099712152729993
70.477991509,0.397999423564861,-0.116011003947357,-0.0498554412535986
70.487991243,0.396772561435063,-0.127286633065053,-0.199378846414433
70.497995264,0.395453212942254,-0.133634925060632,-0.199387592596797
70.50799427,0.394099458420932,-0.134198990820092,-0.149507749166273
70.518002649,0.392768242066305,-0.129862605989504,-0.149359258745518
70.528021546,0.3914986641687,-0.123097040848118,-0.0498717564419403
70.537995855,0.390307137570637,-0.115332207379237,-0.09985572666038
70.547991986,0.389195429241166,-0.107200968142217,-0.0997179720884503
70.557993883,0.388163329608103,-0.0988621175998203,-0.0498547227750068
70.567992023,0.387218183231271,-0.0891064599176951,-0.149554467686602
70.577995018,0.386381099273917,-0.0768005875354006,-0.149544493634876
70.587994492,0.385681981859912,-0.0619262303285209,-0.0498588853197178
70.597993983,0.385142638760995,-0.0457298603323901,-1.48943123496301e-06
70.608003689,0.384766964075739,-0.0297200477007975,0
70.618020583,0.38454744725371,-0.0144402451141281,1.48826080957749e-06
70.628028622,0.384477799134825,0.000595054749636243,-0.0499031706721681
70.638000606,0.384559336461294,0.0159489785023479,0
70.647997688,0.384796285339171,0.0313110989932314,0
70.657982993,0.385185006958772,0.0454290131510866,0.0498674364544261
70.667992626,0.385704635640528,0.0565688476101721,0.149494172633842
70.677992195,0.386316904457511,0.0637064556780141,0.0498647065093653
70.687988061,0.386978473934118,0.066718373693397,0.0498218702945693
70.69800542,0.387652154281871,0.0665034765171826,0.0997055071898086
70.707988888,0.388308598462837,0.0638954781576732,0.0997257365025598
70.718001891,0.388929838357882,0.0602643981504523,0
70.728020009,0.389515761914181,0.0576296024172674,0.0498859388435103
70.737989413,0.390081711304048,0.0568126694386219,0.0499535416854234
70.747979885,0.390649735751405,0.0580333992831072,0.049828709745257
70.757999891,0.391242987363668,0.0616394810550965,0.049856096307953
70.767979371,0.391882493689813,0.067008412538032,0.0498602978527488
70.777997094,0.392582968191899,0.0732821362279914,0.0996232111088961
70.787996421,0.393349385874796,0.0796895043912684,0.0498695389876335
70.797991189,0.394176287713201,0.0849871662330996,0.149518914106523
70.808002312,0.395049629858854,0.0887063578036472,0.0498283212878642
70.818001823,0.395951358172683,0.0905896617532758,0.099666145673192
70.828011038,0.396862213579308,0.0906617452062823,0.149658848810095
70.837989008,0.397763431246543,0.0893072123391559,0.0998688409186852
70.847979154,0.398645510354933,0.0876777609785518,0.0995561027939453
70.858019551,0.399519664407968,0.0886490082941367,0
70.867992752,0.400419695970031,0.0934934069693173,1.49264207346428e-06
70.877985706,0.401386368262996,0.100955037834958,0.0996136007158231
70.888011434,0.402440682768747,0.109108059651451,0.199301671366692
70.897997207,0.403569784307819,0.114832762176084,0.0998171930198033
70.907989882,0.404734863136577,0.115709807999038,0.149559103755784
70.917997722,0.40588404005835,0.111240199921383,0.149433254309514
70.928007241,0.406961598153636,0.101563386518316,0.0498515023738927
70.937999051,0.407915442766458,0.086865214500348,0.0997950196210518
70.947990128,0.408697415919227,0.0672978200959628,0.0997366496176995
70.957993334,0.409261014426739,0.0436069449176787,0.0998403934735976
70.967963635,0.409568399538789,0.0172434166221125,0.0498481528006598
70.977996007,0.409605928850834,-0.00855470249731965,-0.0497664372786676
70.987999152,0.409397001651474,-0.0302984348924539,-0.099730958339661
70.997991431,0.409000098798623,-0.0451824856443838,-0.0498673326238493
71.007993534,0.408493605773791,-0.0519764007604958,-0.0996817689580938
71.017997021,0.407960280235333,-0.0509638730848085,-0.0996300903298555
71.028009501,0.407473514571933,-0.0438017201331006,0
71.037983158,0.407084853055917,-0.0327040020990218,-0.0498976314920492
71.047991742,0.406820015320326,-0.0201591672035995,0
71.0579939,0.406681453162071,-0.00830962088311848,0.0498717125905726
71.067984368,0.406653884177808,0.00155754092254622,-0.0498688266148942
71.077987683,0.40671259429729,0.0086757580646213,0.0498233839244866
71.087996985,0.40682750880114,0.0126947256538429,0.0498676044787063
71.097981956,0.406966416107673,0.0137855280218348,0
71.108012985,0.407103439930025,0.0128703513902976,0
71.117991706,0.407223948621405,0.0109235183003635,0
71.128009469,0.407321871888942,0.00867259806555029,0.0498249026259457
71.138003713,0.407397504714601,0.0068436282795432,-0.0499202179798579
71.147983266,0.407458565130941,0.00573191982964376,-0.0997747295509032
71.157990365,0.407512066601528,0.00428854480163176,0.0498302686159275
71.167993118,0.407544378277717,0.000240834393538915,0.149510827952532
71.177997338,0.407516884968737,-0.00783058343464971,-0.0498657505653608
71.187988732,0.407387800953963,-0.0194045121623812,-0.0498791610247332
71.197987576,0.407128984152337,-0.0332870268613368,-0.0498271606480813
71.207999234,0.40672171083638,-0.0489205332305715,-1.48921978852592e-06
71.217999614,0.406149984582347,-0.0658153467281514,-0.0498268222974789
71.22801047,0.405404664400581,-0.083216141114541,-0.199524012783439
71.237988815,0.404486560411164,-0.100483901408835,-0.0498897403189598
71.247996469,0.403396393247508,-0.117903748033633,-0.0498674573275317
71.257983147,0.402129153728934,-0.135646077763744,-0.149666726327326
71.267982602,0.400685352696393,-0.15244289819001,-0.199353244198229
71.27798977,0.399079286135819,-0.167336373006905,-0.0996519066456647
71.287994187,0.397336686644375,-0.179132383831469,-0.199387797245972
71.297992627,0.39549612667797,-0.1861761530598,-0.199414026414178
71.307994413,0.393613121507367,-0.186945432460678,-0.199452574383193
71.317989137,0.391757870468316,-0.180147986034845,-0.249050705641551
71.328012231,0.390006951909855,-0.166119011696296,-0.0996570158471864
71.337999397,0.388433785853329,-0.145103992128906,-0.149693959571361
71.347994728,0.387107411822451,-0.116887132684792,-0.149603894008289
71.357993924,0.386096682922911,-0.0821899374074083,-0.149656198196944
71.367982267,0.385464637243113,-0.0423208363858439,-0.0997274064227635
71.377990359,0.385250417068976,-0.000781809446642471,0
71.387993481,0.385448992286969,0.0377330461405263,0.149597803710934
71.3979857,0.386004902193525,0.0689396037325871,0.0997096150560715
71.407993484,0.38682778456844,0.0904430367990196,0.0996843201636767
71.417990778,0.387814222199246,0.101682209691336,0.199146665080284
71.428020561,0.388864182011458,0.104042007571383,0.0498347738955394
71.437998223,0.389895836943419,0.09962141401748,0.0999140741911292
71.447979637,0.390852533385061,0.0902381260024002,0.0997393673048952
71.45799226,0.391700061373522,0.0785293391028597,0.0498260003115447
71.467990605,0.392423981476909,0.0664550702422728,0.0997636433993433
71.477981133,0.393028423332801,0.0556736635883216,0.0498772148634484
71.487981623,0.393536954687829,0.0480382813279537,-0.0497932481445839
71.498005862,0.393990376898019,0.0446597262437126,0
71.507992327,0.394430627250413,0.0445646960070315,0.0996850725949034
71.518010789,0.394881890388417,0.0457942592546926,0.0498024502199995
71.528013356,0.395347475442985,0.0467765477834232,0.0498973767892109
71.537993132,0.395816595410581,0.0460232649361564,0.0498297952607889
71.5480228,0.396268375385422,0.0429527486397055,0.0996782612637409
71.557999426,0.396675920727975,0.0375647848806458,0.0998467195585164
71.56799534,0.397018639554042,0.0310362769091209,-0.0498905840605256
71.577985087,0.397296201236983,0.0253271928656383,-0.0498888781991821
71.587981087,0.397524822422875,0.0212177455705723,0.0996203295569407
71.598002716,0.397720930196031,0.0187044861679628,0.0498181881220911
71.607995193,0.397899175991716,0.0180541114911477,-0.0498958860809138
71.617985656,0.398081704422712,0.0198029021423952,0
71.628012554,0.398295577832748,0.0239111764755171,0
71.63798898,0.398560007432973,0.0291233476206408,0.0499038425499018
71.647992308,0.398877455153865,0.0336451622879738,0.0498481232384541
71.657991067,0.399232980896186,0.0359834905033271,0
71.667982935,0.399596787690675,0.0346283810566824,0.0997098992292829
71.677991013,0.399925546647387,0.0286990132489923,0.09965099038722
71.687994704,0.400171105714342,0.0185022744784369,-0.0498466675684863
71.697994282,0.400295652620891,0.00520061433812315,0
71.707990642,0.400275096876209,-0.0101768168708473,1.49006369967386e-06
71.717994986,0.400092109118995,-0.026984590919185,0
71.728012935,0.39973480349034,-0.0448976052746428,0
71.737769954,0.399204260411412,-0.0606032761348093,-0.0997945352030532
71.747995919,0.39852376919299,-0.0725792759567366,-0.147982468040696
71.75798376,0.397737157007602,-0.0814293795717461,-0.0498572661070124
71.767994338,0.396895310341405,-0.0843452962934335,-0.0498256221742383
71.777995478,0.396049262723552,-0.0821917778236957,-0.149694813579097
71.787976721,0.39525292275748,-0.0744331753716174,-0.0498650631259496
71.79799077,0.394560949647509,-0.0614763353160995,-0.0996089552414919
71.807996935,0.394022153368516,-0.0443551940241058,-0.0498532670623347
71.817991391,0.393673818222451,-0.0242303533142752,0
71.827994695,0.393537600578222,-0.0027876318759726,-0.0498671596216452
71.83798644,0.393618079386497,0.0181500992027997,0.0498490125811764
71.847997023,0.393900644815709,0.0367519213609379,0.0996513987176711
71.857998127,0.394353547333421,0.0518332017338338,0
71.867993562,0.394937129455674,0.0625614282844591,0
71.877984948,0.395603951402047,0.0677007672733805,0.199382090483814
71.887997141,0.396291387102188,0.0662787334979093,0.0995944937979751
71.898008069,0.396931058502602,0.0589443675638701,0.0498662003430415
71.907991977,0.397469970064751,0.0475153427660788,0.0498813083040952
71.917996849,0.397880832235778,0.0349657643593792,-0.0506330716620171
71.927683978,0.398158515931482,0.0218409195518005,0.101194877346796
71.937703307,0.398311239399607,0.00988969456265391,0
71.94798366,0.398359273586181,0.00133752830808177,-0.0491346086207892
71.95799707,0.398338382882097,-0.00310216957515701,0.0498292897322111
71.967993307,0.398297200268048,-0.00218821300212251,-0.0498426361367832
71.978001359,0.398294609236809,0.00477940395678885,-0.0997300356256941
71.987988916,0.398392767360821,0.0172035818777294,0.0498660647904868
71.997996847,0.398638603251802,0.0330676266680173,0.0997244697783343
72.007985641,0.399054011597704,0.0502140576362288,0
72.017999108,0.399642997938511,0.0680751604134867,0.101054882716757
72.027719399,0.400397390339115,0.0836163455150078,0.100729771457438
72.037796262,0.401298363607589,0.0949199102353843,0.0983750060827058
72.04799043,0.402321514782013,0.106053257097426,0.0986962223332105
72.058001319,0.403441175712278,0.1153125834664,0.0498626334672118
72.067987294,0.40462740483108,0.119883358331504,0.199386286814317
72.078004477,0.405839221470553,0.120109519529967,0.199359507092951
72.087993139,0.407030297261821,0.116272260055842,0
72.097995822,0.40816366033526,0.108810551452238,0.0498392302789553
72.107999393,0.409207188792054,0.0975310107309797,0.149589334981883
72.117992295,0.410113936558004,0.0814964076830019,0.151268683265464
72.12777387,0.410818737631364,0.057164911278112,0.0998605542612353
72.137962068,0.411255506859793,0.0275294369315227,0
72.147985632,0.411375156058618,-0.00519239820415501,0
72.157990297,0.411151512319501,-0.0396383281812916,0
72.167994508,0.410582037665191,-0.0729765376608373,-0.0996987080190715
72.177992488,0.40969182167469,-0.102449662652985,-0.149590726421025
72.187990795,0.408533424807729,-0.125683676972254,-0.0997457290743794
72.197984951,0.407179095413119,-0.140969798598338,-0.199369612179137
72.207995626,0.405713347810666,-0.147605881508026,-0.149497387965355
72.217993922,0.404225653610594,-0.145763108980204,-0.149791663993956
72.227965288,0.402802507792263,-0.13544553686847,-0.199687915263909
72.237966716,0.401520427804501,-0.118090449317847,-0.0995331386362553
72.248000153,0.400436581582389,-0.096831333324352,-0.0995978811898976
72.257989156,0.399581628242895,-0.0738476334914278,-0.0498700827321003
72.26799403,0.398960081081621,-0.0513563550057439,-0.049852469920225
72.277989499,0.39855448352755,-0.0315936611675496,-0.0498520631723582
72.287995134,0.398328172978868,-0.0163503570222284,0.0498222582209841
72.29800197,0.398227272481803,-0.00674348372896845,0.0996726614125243
72.308002253,0.398193255297428,-0.0020902756327134,-0.0498883589902123
72.317987925,0.39818549632707,-0.000118943392701342,-0.0499123014995051
72.327979218,0.398190879169435,0.00144751997844921,0
72.337984046,0.398214441111709,0.00378726864674046,-0.0498351624651257
72.347986507,0.398266652147771,0.0068961183985469,0
72.357981133,0.398352343391287,0.00984553720631542,0.0498516324272002
72.367987186,0.398463569577017,0.0115711409654695,0.0498462616747958
72.377983967,0.39858379900321,0.011757042869847,0
72.387986417,0.398698701393248,0.0108898464001648,0
72.397981677,0.398801570993465,0.00962898709925533,0
72.407995261,0.398891366293995,0.00833955679420645,0
72.41801438,0.398968634857875,0.00702190040782233,0
72.428012747,0.399031927087102,0.00530796496213868,0
72.438005782,0.399074748519235,0.00256124970099805,0
72.448019371,0.39908316904684,-0.00201621034241583,0
72.4580202,0.399034395242666,-0.00931566189551821,0
72.468015823,0.398896888860898,-0.0199437830510073,0.049843622412689
72.478025289,0.398635418087734,-0.0336037346178995,1.48981468591417e-06
72.48801987,0.398224678174226,-0.0486733306613737,-0.0997851074678125
72.498010161,0.397662687804653,-0.0627480747759038,-0.0997158728623459
72.508018319,0.396969814000972,-0.0741797938032115,-0.0498344775559836
72.518018323,0.396178486473111,-0.082051373363368,-0.0996547650816152
72.52802933,0.395327883066033,-0.0857542596945227,-0.0996500140432204
72.538029989,0.394462400870028,-0.0849296910747484,-0.0498728165994515
72.548022111,0.393629902351978,-0.0790114395886388,-0.0997597642820564
72.558019938,0.392882966222234,-0.0675684676962939,-0.0997227542659956
72.56801918,0.392278731041231,-0.0507004137570092,-0.0998381891215483
72.577993886,0.391870278794273,-0.0298430700438709,-0.0507517119477477
72.587665735,0.391692417524245,-0.00600712995280701,0
72.598023642,0.391749957447058,0.0158342922692062,0.0489781357630223
72.608023723,0.39201477185625,0.0340837381356846,0.0498637580713076
72.618020055,0.392431509951403,0.0455246252726517,0.0498391207406928
72.628029423,0.392925523852067,0.0490748009151601,0.149628746662554
72.638011261,0.393412574405907,0.0446218056623389,0.0996987379254518
72.648031608,0.393818057463959,0.0342917127250301,0
72.658022587,0.394098797048346,0.0214994119015726,-0.0499053416694506
72.668011359,0.394247610360399,0.00905191095413421,0
72.678017742,0.39427979141092,-0.00140798943539035,0
72.688020708,0.394219437408398,-0.00922750542066968,0
72.698021526,0.394095206385626,-0.0138677942615859,0
72.708015788,0.393942149752714,-0.0145792205433845,-0.0498304877621875
72.71803129,0.393803479623249,-0.0106864452970315,0
72.728021594,0.393728358801272,-0.00184964241156164,-0.0498971702192045
72.738014313,0.393766518176397,0.0114743948057613,-0.0498538378710282
72.748021986,0.39395785119535,0.0275378380726256,0.0498169317205052
72.758029522,0.394317693760829,0.0437922317068185,0.149534371407583
72.768025809,0.394833863247188,0.0583603149530594,0.0997141227437819
72.778028322,0.395484830027512,0.0713008937891127,0
72.788017581,0.396259294459217,0.0833906252535033,0
72.798030499,0.397152824073974,0.0943415140989174,0.0996617873715325
72.808027182,0.398147030514072,0.102337632980505,0.199457272421787
72.818026538,0.399199171374219,0.105460525486766,0.149613928368092
72.828020368,0.400255522415786,0.103759539440192,0.0997950096330182
72.838009427,0.401272586733544,0.0986141912664652,0.099699450698577
72.84802241,0.402228007611294,0.0924326406205586,0.0996294475772361
72.858025224,0.403122699704379,0.0873354736694981,-0.0498469189475574
72.868026176,0.403975045990078,0.0838758900398008,0.0498658661554383
72.878020194,0.404799795609448,0.0807004676581309,0.199460688009944
72.888022022,0.405588720113498,0.0760326116998459,0.149596645696745
72.898015889,0.406320120523052,0.0699387476161013,0.0997150401772054
72.908020638,0.406987398270593,0.0647308315720275,-0.0498551664851867
72.918015748,0.407614728027445,0.0629067050808714,0
72.928010512,0.408244895378915,0.0647734670407392,0
72.938027917,0.40891098559658,0.0684139030881842,0.0997123876440791
72.94800966,0.409613115152033,0.0702122529891589,0.149668598482809
72.9580138,0.410314239469988,0.0672023716164457,0.149514624300282
72.968016125,0.410957597047695,0.058907784080529,0.0498702698029077
72.978007602,0.411492030041153,0.0463534091003097,0
72.988014842,0.411884605758277,0.0312500421997565,0.0498284084412261
72.998018201,0.412117362104345,0.0146113062619803,-0.0996518764468763
73.008026134,0.412176996874387,-0.00382037655270586,0.0498194227728873
73.018031811,0.412040902577966,-0.0252263384294686,0.0498835529210836
73.028014612,0.411672760763669,-0.0501307899264589,0
73.038025385,0.411038608919893,-0.0772843479774006,-0.0997137232609129
73.048013791,0.410127137254571,-0.104366381810571,-0.199564536286798
73.058010527,0.408952831959383,-0.129204280837946,-0.0996826708342093
73.0680192,0.407542352771858,-0.151397482147019,-0.149504057779053
73.078018406,0.40592368945568,-0.170715017895499,-0.14952460184227
73.08802433,0.404127176645906,-0.186664980195367,-0.149638312756945
73.098008334,0.402192269941453,-0.197454909294801,-0.149588033336443
73.108020977,0.400178740526321,-0.200567471124312,-0.249092043002361
73.11802283,0.398178013092905,-0.193489087310524,-0.29917819119408
73.128017482,0.396309635024469,-0.174056576558318,-0.249268584154453
73.138023151,0.394696825689578,-0.143688109515184,-0.149605128588462
73.148011844,0.393436682947728,-0.105439981192074,0
73.158023133,0.392588027963656,-0.0627726177598215,-0.0996666636143431
73.168020167,0.392180708136034,-0.0182014571863114,-0.0498508398257433
73.17802413,0.392223980673077,0.0259693064275289,0
73.188024818,0.392700215047829,0.0665108410559685,0.0498758762675437
73.198015087,0.393553596036661,0.0992271927437686,0.149568960096368
73.208024015,0.394684679223269,0.120165103865163,0.199320197886757
73.218025027,0.395958092555096,0.127033044845323,0.19946730761493
73.228019048,0.39722470914704,0.119500286115444,0.149545590522083
73.23802715,0.398348351976512,0.100119950611852,0.149530073239456
73.248023446,0.399227548486821,0.0729765078091573,1.49060931800776e-06
73.258020533,0.399807399247144,0.0423875403596015,0
73.268026763,0.400075439893484,0.0120696346878971,0.0498667515130268
73.278015148,0.400048726945919,-0.0153863018290037,-0.049865394808954
73.288021922,0.399767788341991,-0.0378501207666782,-0.0997350674414446
73.298010047,0.399291917604051,-0.0541536734154788,-0.0996775687224886
73.308028355,0.3986843665031,-0.0647707757103866,-0.0498069222709861
73.31802868,0.39799529521598,-0.0713690284732425,0
73.328018768,0.397257670148511,-0.0748433920677193,-0.0498791086261656
73.338018939,0.396499156424108,-0.0752228901345447,-0.14959829750044
73.348014043,0.395753567773976,-0.0720121903769236,-0.049828015008357
73.358029696,0.395058137981437,-0.0652800202875698,-0.0498442009091967
73.368017704,0.394447728378071,-0.0553496314750075,-0.14968502303891
73.378013386,0.393952048104426,-0.0428967577494325,0.0498416195857769
73.388022401,0.393589591737011,-0.0291016433732825,0
73.398026339,0.393369638283374,-0.0142736235707422,-0.049836916077878
73.408029584,0.393304016738158,0.00205517091205984,0
73.417989348,0.393410665678788,0.0201335422671862,-0.0499445954109828
73.427993632,0.39370596374239,0.0390955724177545,0.0498461367938527
73.43799283,0.394192713257926,0.057389401828386,0.0997498192146884
73.447985574,0.394853289335158,0.0730320199555212,0.0498688755357502
73.457987191,0.395652941829476,0.0845048643195357,0.0996742705791879
73.46799237,0.396543960916607,0.0909436925892789,0.199395333312959
73.477989292,0.39747200675396,0.0923619908741383,0.0498510711908553
73.487993872,0.3983913394618,0.0900565817615186,0.0498464358203936
73.497992654,0.399273441159418,0.0855853148433919,0.149546347780738
73.507996093,0.400103235843652,0.0802658418262656,0.0498471335630126
73.517995736,0.400879005375268,0.0755877248889889,0.0498819721067047
73.527984607,0.401614122140823,0.0725789092436179,0.0498490827331555
73.537997438,0.402330707089444,0.0717647209838198,0.0498440434876895
73.547989527,0.403049769642927,0.0727010161060108,0.0997191083138387
73.557995537,0.403784589206932,0.0744689423152599,0.0498544565862947
73.567989073,0.404539114680333,0.0762138411276394,0.0997399010724824
73.577989467,0.405308403411469,0.0770794123183619,0.0996947007310704
73.587992068,0.40608093377954,0.0767220193249982,0.04985012451215
73.597990751,0.406842942309042,0.07494408730052,0.0996829101518635
73.60799713,0.40758019489252,0.0718326665828083,0.0996686612093227
73.617998972,0.40828018617705,0.0677338004650851,0
73.628003323,0.408935290377248,0.0628897005056049,0.0498773832458781
73.637989325,0.409537373490222,0.056729865577697,0.0997650808162592
73.647991908,0.410069240117386,0.0482801746151972,0
73.657996725,0.410503334255818,0.0367102362550557,0.09970997899742
73.667991838,0.410803442272771,0.021364640078789,0.0498741487200756
73.677988972,0.410930461417339,0.00250628034966169,0
73.687989005,0.410853560779472,-0.0186131591503752,0
73.697991878,0.410558144144491,-0.0403299592938421,-0.0996799204122951
73.707994966,0.410046721186708,-0.0612112842419387,-0.0498276415020083
73.718002785,0.409333250828175,-0.0804223158929668,-0.0498576201240737
73.727993243,0.408438413436499,-0.0971725768477798,-0.149602494841939
73.737997499,0.40739031294546,-0.113212044588168,-0.101876294288907
73.747567891,0.406222327514325,-0.120899067002456,-0.0498463837812025
73.758000284,0.404971994901509,-0.124165845177422,-0.195330761126187
73.767986209,0.403687069802754,-0.127550110329805,-0.199516131361758
73.777990424,0.402422250339002,-0.123191766414731,-0.0996700410721892
73.787994153,0.401222255839067,-0.115488236807388,-0.0996762385162471
73.797996825,0.40011174636265,-0.106172832347077,-0.0996681978660939
73.808002168,0.399097948216874,-0.0968560886502454,-0.099730309092101
73.817992678,0.398175026251845,-0.0884538053396546,0
73.827991362,0.397329827941901,-0.0809286896740512,-0.0498566727657215
73.837991335,0.396556561145594,-0.0749038192622431,-0.153558028670513
73.847471222,0.395870712029208,-0.0625953929095603,-0.0997203200307916
73.857989191,0.395304787491925,-0.0475295810870299,0
73.867993951,0.394895275317075,-0.0312561226076605,-0.0498526464161685
73.877990061,0.394679637846945,-0.0100379330452908,-0.0997010860445814
73.887995366,0.394694502452494,0.0142071772592993,0.0498747075333965
73.897982084,0.394963668061478,0.0397444022670363,0.04984194083297
73.908000532,0.395489595817417,0.0645357749369491,0.0498276213116456
73.917992401,0.396255049375807,0.0866522330163787,0.0498617515261071
73.927997152,0.397222347593197,0.10367535156646,0.149572147984505
73.937991371,0.398328449621523,0.11648467053213,0.204884750688538
73.947463488,0.399489877328624,0.114512187112795,0.0996561990854059
73.958001795,0.400619887038818,0.104813425629954,0.0971645658905149
73.967987048,0.401641021958346,0.093507491676198,0.149661507005063
73.977988625,0.402488805378676,0.0739052883328774,0.0996838119052761
73.987992228,0.403119510554397,0.0515133015235377,0
73.997996117,0.403519457346802,0.0291505179854236,0
74.00799164,0.403702503773601,0.00897162702176444,0
74.017987018,0.403698808254403,-0.00790242261794747,-0.0498547108510952
74.027991084,0.403544459714989,-0.0212702619117135,0
74.037984218,0.403273462572902,-0.0319508172292257,0
74.04766814,0.402915761695124,-0.0386643989023707,-0.099686163889633
74.057988926,0.402499992562865,-0.0424917777961784,0
74.067989623,0.402052265754999,-0.0451258033889933,0
74.077992532,0.401597313771438,-0.0444405656298157,-0.149557010011493
74.087990418,0.401163419112153,-0.0411019666288227,-0.0498459651333429
74.097995485,0.400775153064754,-0.0360237462586365,0.0498481033013415
74.107992513,0.400442868717232,-0.0304833945072081,-0.0997198712433065
74.117993431,0.400165547787502,-0.0254381291917326,0
74.127991735,0.399934125924262,-0.0217569423211181,0
74.137998047,0.399730308511034,-0.020386977915487,-0.0501384951018106
74.147877982,0.399528705445851,-0.0213703997762623,0.0997260349452922
74.157994757,0.399302970824124,-0.0244517515231524,-0.0991350679424451
74.167993897,0.39903683609061,-0.0289874147596704,-0.149633746628165
74.177985295,0.398723496807849,-0.0343886582304579,0.0997078352714765
74.187994257,0.398349050546084,-0.0415227534747564,0
74.197990071,0.397892843425683,-0.0503045809992323,-0.149539412121187
74.207997605,0.397342790506362,-0.0598106862467639,0
74.217993714,0.396696411810418,-0.069285238044501,-0.0498866426843034
74.227984845,0.39595796982511,-0.0774970270882619,-0.0498638478423416
74.237990091,0.395146752040382,-0.0827249458489399,-0.149588863693782
74.247981381,0.394303757467343,-0.0832518428949646,-0.199331957501146
74.257998701,0.393480998384115,-0.0793046111425749,-0.0498311824041918
74.267990268,0.392716960464412,-0.0730015191702086,-0.0498698492646763
74.277992074,0.392021451781779,-0.066790203895312,0
74.287992365,0.391381016327449,-0.0623349986881357,-0.049844282909328
74.2979963,0.390774488380312,-0.0597138539905407,-0.0498451350810559
74.307996249,0.390186507319029,-0.0579890817459934,-0.0498504032455447
74.31799807,0.389614604104717,-0.0556761497101202,-0.0498470712637099
74.327999356,0.389072811339029,-0.0511728897988572,-0.149299761817503
74.338033327,0.388589342106164,-0.0440088782502129,-0.0498662901255502
74.347994156,0.388192862620192,-0.0344738255897457,0.0499657489621753
74.357988923,0.387901396370121,-0.0232561109462401,-0.0498655601703643
74.367990444,0.387727826727951,-0.0106242972177695,-1.4890906876137e-06
74.378002696,0.38768876409732,0.00379198056388432,-0.0498431120364915
74.387994542,0.387803681878765,0.0198775086887934,1.49069871497349e-06
74.39799488,0.388086158908488,0.0365313951567117,0.0498710954254214
74.407988013,0.38853407126842,0.051963892959052,0.0498358848453849
74.418002477,0.389125831537364,0.0644324273069173,0.0996992517079983
74.427989796,0.389822834697577,0.0724557438330178,0.099605461606251
74.438023094,0.390576440234095,0.0757423576005192,0.0996618969470619
74.447999375,0.39133840738563,0.0747288374958517,0.0499198830779095
74.457997025,0.392069068877947,0.0700783783662198,0.0997036133523045
74.468000283,0.392740038584122,0.0633498534621632,0.0498771936210994
74.477987454,0.393335459625743,0.0555295574339997,0
74.487996452,0.393850416999068,0.0474471704664985,0.0996787844127115
74.497993643,0.394284696685611,0.0395943265283003,0.0498653340985469
74.507992233,0.39464213648117,0.0325488451436906,0
74.51799107,0.394935589840306,0.0271395511993183,0
74.527989175,0.395184844512409,0.0235732755962236,0
74.537989809,0.39540702562633,0.0211917662946301,0.0498378377820221
74.54799539,0.395608811545129,0.0190192016303068,0.049857296023722
74.557988216,0.395787379361348,0.0164304119441755,0
74.567988956,0.395937314070742,0.0134306813570734,0.0498526409532982
74.577989686,0.396056012731591,0.0106429866912586,0.0498564571845908
74.587988895,0.396150173155345,0.00923939474562549,-0.0996775687224914
74.597996119,0.39624086006353,0.0102088096263923,0
74.607991337,0.396354374277786,0.0134922686550558,0.0997210829788744
74.617993822,0.39651067444489,0.0185833462180929,-0.0498747438151829
74.627983943,0.396725903796886,0.0252456495047438,0.0498352695720056
74.638001068,0.397015770364961,0.0333830990092013,0.0498143557865056
74.648000187,0.39739410805213,0.0427881342716393,-0.0498867824564951
74.657988252,0.397870984677665,0.0524247102765859,0.0498644338555644
74.667996329,0.39844240000313,0.060375752892846,0.0996815647911737
74.677993584,0.399078821659037,0.0642734038486578,0.0997107772464498
74.6879958,0.399727834079472,0.0625349278856074,0.149561797775055
74.697993938,0.400329542354113,0.0554365497493598,0.0498538553195781
74.707996185,0.400836586417531,0.0446843740031053,-0.0498462788310039
74.717997363,0.401223382878156,0.0321133620289567,0.0997098643307038
74.727996138,0.401478852148782,0.0190165915064379,0.0498625170451001
74.737993676,0.401603644594112,0.006800119493624,-0.0997178716945367
74.747994485,0.401614843298057,-0.00314964317323872,0.0498589127435324
74.75799263,0.401540655025174,-0.00989583973070407,0.0498535861153585
74.767994978,0.401416921624794,-0.0123201792609281,-0.0997386888795031
74.777986803,0.40129432322964,-0.00922810372625707,-0.0997142523800662
74.787993752,0.401232370863924,-0.000925556502129862,0
74.797990155,0.401275808997132,0.0104473602346642,0.0997134901256929
74.80799238,0.401441303734839,0.0226010633441315,0.0498580364745398
74.817988265,0.401727787548005,0.0345460844900047,0
74.827992286,0.402132222177307,0.0461457183567988,0
74.837987324,0.40265065849202,0.0568556385462717,0.0996815048759273
74.847997929,0.403269655784601,0.0656172917368098,0.049845977035964
74.857991468,0.403963276244813,0.0712128397645028,0.0498583780367059
74.867995902,0.404693768231465,0.0724511861682643,0.149594481939672
74.877987253,0.405411994586429,0.0686613519364891,0.0997423754344069
74.887989336,0.406066544439758,0.0602965254980824,0.0498361264429008
74.897994155,0.40661834126301,0.0489117158085656,0
74.907996605,0.407045134295191,0.0358310077152571,0.0498619751858873
74.917991283,0.407334858510661,0.0218444206698526,0.0499388120881524
74.927962965,0.407481287862277,0.00774201437852296,0.0497604095572512
74.938029227,0.407489992561225,-0.00468257012227401,-0.0496687904852691
74.948037871,0.407387285707234,-0.0135376720317911,-0.0498757653214896
74.958020826,0.407219352850572,-0.0173418408970647,-0.0498655893318351
74.968032952,0.407040534193808,-0.0160171196568734,-0.0498654937017256
74.978016543,0.406899079058758,-0.0107395685140828,0
74.988014932,0.406825936350551,-0.00358463369672626,-0.0498379673205083
74.998022706,0.406827364292726,0.00271601251685755,0.0498370331639991
75.00802147,0.406880274358178,0.00538668341968888,0.0498453047806129
75.018025924,0.406935115295467,0.00234431278794016,0
75.028020809,0.406927159064346,-0.00748274296163941,0
75.03801652,0.406785530803949,-0.0242376544051943,0.0997043805768566
75.048021862,0.406442380453992,-0.04668968035496,-0.0498822815546064
75.05800491,0.405852279264039,-0.0716586549630395,-0.0997139027532001
75.068021005,0.405009268766198,-0.0951110663802031,-0.0996093881047327
75.078025037,0.403948143636001,-0.113585709080412,-0.149567524190575
75.088020394,0.402737623985459,-0.123875760624042,-0.149622340009401
75.098017099,0.401471611749308,-0.12404104339151,-0.199349268536097
75.108027117,0.400255969189693,-0.114008342252326,-0.0997473145480039
75.118009543,0.399192306351296,-0.0945865060552474,-0.149608114111966
75.12802108,0.398364810087326,-0.0681477068180096,-0.0996686661211776
75.138017464,0.39782881241695,-0.0383647272204011,-0.0498861020911559
75.148009134,0.397597973847949,-0.00940894907610377,0.0996586145478776
75.158027403,0.397640539919883,0.0149214601056201,0.0996411665670573
75.168022876,0.397896608100766,0.0332405101659059,0
75.17801445,0.398304919558873,0.0459799006136383,0.0498528662437032
75.18802306,0.398816214573341,0.0544618466461239,0.099602815952749
75.198035898,0.399395324589482,0.0604043496952338,0.0497728460142019
75.208056596,0.400026327287517,0.0658848758589213,-0.0498868189003767
75.21802247,0.400712137404547,0.0717854417045682,0.0999005217277786
75.228017783,0.401459249913259,0.0775381401071527,0.0498594251907971
75.238020023,0.402262710470862,0.0820012647126619,0.0498708200245481
75.248011962,0.403098797878151,0.0827910357633653,0.0997224543201447
75.258017451,0.403918318247585,0.0772351890154877,0.0996714657806128
75.268019321,0.404644070032216,0.0630902841525508,0.149642736927854
75.278006788,0.405179451198936,0.0390900548938633,0.0498371303005531
75.288026418,0.405426148552213,0.006251376381691,0.0508628533465064
75.297609827,0.40530199717395,-0.033812214541962,0
75.307872014,0.404755125002548,-0.0775689898973043,-0.0507281857174347
75.317264906,0.403777372549568,-0.11624892867441,-0.14852024623586
75.328012427,0.402413823568237,-0.14538851684217,-0.240111167336667
75.338028004,0.400758656526301,-0.173866202863662,-0.199367922785045
75.348017577,0.398935604100021,-0.184090331509404,-0.199427462083598
75.358027032,0.397077028831915,-0.182862666654287,-0.251413210778838
75.367847171,0.395309511662509,-0.166969863573562,-0.199468983570421
75.378021897,0.393738488950693,-0.142533362818997,-0.098868925625243
75.388016934,0.392434647514855,-0.115283883545907,-0.0997179471564673
75.39801993,0.391433038043173,-0.0848679004924945,-0.0998472344787843
75.407989371,0.390739628718947,-0.0551781178870008,-0.0998792680402838
75.417985663,0.390331366473999,-0.0293704235936059,0.0498351450744832
75.427997265,0.390151988396951,-0.0104681680078434,0.0996845794459969
75.43799039,0.390121953630812,0.000626785249644153,0
75.44801956,0.390164538076121,0.00519176456271225,0
75.458016912,0.390225926618046,0.00574946190750199,0
75.46802376,0.390279551462011,0.00478657688237939,-0.0498353891715476
75.478024708,0.390321695471847,0.00412321194223892,0
75.488016825,0.390361987106381,0.00462134006498696,0
75.498017031,0.390414086795119,0.00647029781354671,0
75.508006987,0.390491329407862,0.0096350631419719,0.0498347465538093
75.518025085,0.390606865658757,0.0141971219221353,-0.0498520880970462
75.528008081,0.390775287377956,0.02017081870056,0.0498627207406914
75.538021914,0.391010218071102,0.0273377694280225,0.0498315212616225
75.54801743,0.391322298347323,0.0355908836555344,0
75.558021654,0.391722026490583,0.0448674039115823,0.0498612820145737
75.568014836,0.392219530039509,0.0549550355427106,0.0498656816060074
75.578016698,0.392820854844281,0.0676767355796135,0.0516728044268271
75.587310605,0.393525404695927,0.0750950342186021,0.0498845412043603
75.59800478,0.394321860546035,0.0800264567944059,0.0962952414874965
75.608019755,0.395182684593651,0.0870681076663539,0.149392184696288
75.618027642,0.39606521325044,0.0871717313808617,0.149626740782292
75.628011229,0.396925375995086,0.0835142744241139,0.0498535686670969
75.638028142,0.397735540496059,0.0780991242337601,0
75.64801987,0.398488033334294,0.0730792416388408,0.0504302800738184
75.657799329,0.399180403848319,0.0664699400816392,0.151218235069126
75.667800944,0.399802880137825,0.0582726325373002,0.099720140515327
75.677797221,0.400345733660356,0.050573681493717,0
75.687801634,0.400814388663539,0.0442097381588011,0
75.697799549,0.401230031343802,0.0401961352647973,0.0498743968227575
75.707793184,0.401617971711492,0.0379813097067486,0
75.71802009,0.401998033973961,0.0374944614620131,0
75.728014502,0.402376159139954,0.0369310130256425,0.0997172434240309
75.738018563,0.402736597840817,0.0336561146814122,0.149515897206973
75.748020996,0.403049499996391,0.0278831437244725,0
75.758022742,0.403294377238964,0.0211608412094609,-0.0498373445251142
75.768028007,0.403472865179238,0.0152314939789608,0
75.778018381,0.403598940693998,0.0105726957358635,0
75.788006622,0.403684092996857,0.00678276233802428,0.0997373180488004
75.79801253,0.403734556254816,0.00380482619929417,-0.0498455539682737
75.80800974,0.403760201384291,0.00213514927481553,-0.0498155752776036
75.818028284,0.403777292877454,0.00197384322725006,0.0498257861781448
75.828020794,0.403799700067699,0.0027846925974196,-0.0498613101789644
75.838025081,0.403832977810032,0.00355853460765684,0
75.848024069,0.403870882414053,0.00306190683929824,0.0997813494725217
75.858010407,0.403894171016397,0.000550099270703821,0
75.868019374,0.403881881816751,-0.00354392223109485,-0.0498111356214096
75.878027945,0.403823230418467,-0.00863224275250364,0
75.88725532,0.403715832461305,-0.0137909817579936,-0.0518752347914754
75.897248417,0.403558161239735,-0.0177967845670987,0.0480348096913971
75.908013106,0.403346410615773,-0.0237497465494752,0.0498705277286976
75.917241518,0.403083330158247,-0.0286962658042116,-0.103599982000216
75.927261785,0.402794045406809,-0.0267061738854347,-0.0480004406793212
75.938013546,0.402528588766526,-0.0223426631124218,-0.0998027509693058
75.947243124,0.402347609080997,-0.0117738449440489,-0.0518009050788131
75.957262173,0.402301958416842,0.00344431413176211,0.0498124146788816
75.967260148,0.402416553999636,0.0193823739563689,0.0499046872554735
75.977242186,0.402689218500461,0.0342299870360435,0.0498624863497558
75.987257071,0.403101048414687,0.0468336739648369,0.0498590611751362
75.997239885,0.403625784215474,0.0566988309092036,0.0499078716985342
76.007235212,0.404233785653126,0.0632919898409116,0.0498565998725037
76.017239169,0.404891578695228,0.0662259497247676,0.0498586373278852
76.027233081,0.405558163520123,0.0643876461605583,0.0498486886024379
76.037241627,0.406179489883273,0.0564730842012258,0.149539170697606
76.047236262,0.406687804845028,0.041825777959821,0.0997691152232704
76.057229105,0.407015481700078,0.0214019225497489,1.49017195685557e-06
76.067235513,0.407115827265983,-0.00210706911537848,1.4885520538455e-06
76.07725012,0.406973296037713,-0.0256758003941247,-0.0498523498075622
76.087236502,0.406602285864734,-0.0465875438223749,-0.0499113995599244
76.097227446,0.406042601487234,-0.0624636420612854,-0.0997537423196504
76.107227359,0.405353584128587,-0.0719762626406247,-0.149550684269055
76.117229087,0.404602958121375,-0.0751178700408832,-0.0498385078464867
76.127233903,0.403850735156428,-0.0730013137957409,0
76.13722584,0.403143168880726,-0.0664738868408343,-0.099758957109195
76.147223715,0.402521934655571,-0.0558317566177138,-0.149579857426587
76.15722358,0.402026659928142,-0.0423197918404007,-0.0998438226591524
76.167196536,0.401676689028385,-0.028825260504108,0.0499020592411556
76.177204048,0.401450717733048,-0.0192934075414884,0.0998116266586251
76.187175501,0.401291226714383,-0.0160759504780511,-0.0499018444534628
76.197184602,0.40112951133642,-0.0194174029674033,1.49183003885637e-06
76.207152524,0.400903324808703,-0.0283821436811629,0
76.217177313,0.400562075340242,-0.0415010121064074,0
76.227127134,0.400074358277272,-0.0562741578815471,-0.0997640513024843
76.237166403,0.399437206133673,-0.0700349693598841,-0.149519207982456
76.247133185,0.398673235108475,-0.0813201830657781,0
76.257073659,0.397818344431416,-0.0875977039570075,-0.0498636765893413
76.267129033,0.396921644735001,-0.0880661534591268,-0.248453471691702
76.277139476,0.396051225112211,-0.0822310035265232,-0.149505656859703
76.287136698,0.395276394363829,-0.0706752409169586,0
76.297122411,0.394638926366858,-0.0565709798257458,-0.0498938644392893
76.307121045,0.394145860272861,-0.0429531625798448,0
76.317122615,0.393779854352816,-0.0318417938910081,-0.0498715568878932
76.327114331,0.393509238180845,-0.0233013767615452,0
76.338003929,0.393293290988026,-0.0210714033369283,0.049979887174909
76.347064282,0.393088864716772,-0.0226019549408796,-0.0522922920857068
76.357071678,0.392862322584304,-0.0246345514723312,-0.0498237972013042
76.367076733,0.392595866962525,-0.0287740729957908,0.0498675935770823
76.377066553,0.392286988591512,-0.0320157780393629,-0.0497454866241913
76.387120089,0.391954163325665,-0.0324581556826313,-0.149801183725126
76.397034747,0.391638857841959,-0.0282458019790351,-0.0497608764238036
76.407157845,0.391388180837585,-0.0202035391648396,0
76.417061682,0.391234242876335,-0.0100229330327055,0
76.427069221,0.391188610449348,0.000696305833052968,0.0497263345892934
76.437113357,0.3912482049746,0.0108040787990721,0
76.44706301,0.391404624921196,0.0201142148955501,0
76.457058414,0.391649384137202,0.0284183319844479,0.0498702797800564
76.467056808,0.39197281531039,0.0354491952514968,0
76.477159766,0.392361960889069,0.0412583890585103,0.0498596570665505
76.487054268,0.392797878295252,0.0449039538004439,0.100226311683198
76.497056663,0.393255410232729,0.0456645922846272,0.0498563705250079
76.507053644,0.393711141646239,0.0448769270097472,0.0498536589096469
76.517056529,0.394152942759416,0.0436058389665771,0.0497898442385448
76.527079742,0.394584396450756,0.043248626421158,-0.0496191439203409
76.537151521,0.39502202356136,0.0449773438969912,0.0499202429758053
76.547052932,0.395482737486106,0.0476434502433243,0.05005693489801
76.557070765,0.395971045071759,0.0496700494515468,0.0498883409205157
76.567040089,0.396475500562692,0.0500140238083528,0.0996586195283725
76.577080703,0.396971822587294,0.0477294308434447,0.0498273822635893
76.587050502,0.397430586186124,0.0427490687139222,0.049940280304976
76.597046476,0.397825340789198,0.0352664536429732,0.0497625555007263
76.607086983,0.398137201814479,0.0267105411823854,0.0498713109784237
76.617039263,0.398359358949712,0.018139391341333,-0.0498956388866685
76.627070022,0.398499681979089,0.0107521055452147,0
76.637020547,0.398574199824209,0.00471173015006242,-0.0499428342573782
76.647034774,0.398593750503026,-0.00104213500724982,0.0498501760432607
76.657023006,0.398553354561454,-0.00799331973897901,0.0498963836835754
76.667018112,0.39843401729294,-0.0169317227951724,-0.0498446140681757
76.677027697,0.398214640678839,-0.0276787520812875,0
76.68704579,0.397879676158814,-0.0395773919741524,0
76.697024834,0.397423206149429,-0.0512883014633165,-0.099811297800483
76.707025418,0.396854954974825,-0.0613852777864061,-0.149616338012036
76.717017698,0.396195938639043,-0.0695849278048327,0
76.727022595,0.39546345285698,-0.0759720144526702,0
76.737107521,0.394669674315736,-0.081169335480106,-0.0498715130308764
76.747015301,0.39384065819651,-0.0822026393017452,-0.150194764197736
76.757023389,0.393032537402151,-0.075865870726275,-0.199466729017603
76.767010392,0.392323713207544,-0.0622188193707021,-0.0498629634009008
76.777019523,0.391788401552692,-0.0422409278862491,0
76.787014634,0.391478715463803,-0.0182882446829635,-0.0997024614056049
76.797020961,0.391422610360537,0.00710448780928709,0.0498670448990651
76.807009729,0.391620770372476,0.031201000895259,0.0997548788255935
76.817011889,0.392046347322962,0.0518303329109714,0.0498495487867697
76.827011244,0.39265745555365,0.0681151070678897,0.0498641080034462
76.837007564,0.393408354866482,0.0797454366489019,0.0998049187587479
76.846992149,0.394250841547515,0.0863373715456732,0.0997106171476533
76.857007366,0.395135085202596,0.088264446201644,0.149508227416049
76.86699947,0.396016776655558,0.0867099742700557,0.0499056684504785
76.876986389,0.396867465772866,0.0829240145655128,0
76.886993475,0.397674759817401,0.0781709064304307,0.149550454573738
76.89698826,0.398431030159241,0.0727026425852241,0.049858170461109
76.906992129,0.399128714811349,0.0666826172003026,0.0996772997398767
76.916994448,0.399765095135282,0.060918712167137,0.049865526121269
76.926987833,0.400346827347904,0.0560979761694117,-0.0498645020182827
76.936989965,0.400886803171443,0.0521518323679614,0.0996310099175129
76.947003017,0.401390655868686,0.0481618592871214,0.0997086234832318
76.956989868,0.401850035685485,0.0431215041255978,0.0498893184588902
76.966989185,0.402252489494553,0.0371761003420787,0.0498792733078862
76.976980061,0.402593193106311,0.0313196262035878,0
76.986988909,0.402878873374408,0.0265320877683979,-1.48955771472878e-06
76.996987559,0.403124033799273,0.0231448419173509,0
77.00698899,0.403341772087487,0.0204847995221847,0
77.016988924,0.403533757751468,0.0171102513037063,0.0498499471589484
77.026990943,0.403684010529882,0.0115117764896151,0.0997135543424065
77.036987838,0.403763980779471,0.00314957267348054,-0.0498662976074846
77.04698574,0.403746985596125,-0.00754844614400045,-0.0498493693426508
77.056989425,0.403612999877207,-0.0203524821993406,-1.48964333711998e-06
77.066992088,0.403339806754581,-0.0357171597376868,0
77.076984024,0.402898849590833,-0.0536525995893542,0.0498512456571448
77.08699352,0.402266677932272,-0.0726510658238316,-0.0996838816658956
77.09698919,0.40144545295895,-0.0895602692223964,-0.0997190691063074
77.106991328,0.400475668863933,-0.100635032328338,-0.1496041858163
77.116983678,0.399433307012682,-0.103056468188811,-0.199445861858674
77.126988511,0.398414829810229,-0.0958968970305464,-0.0996735183027372
77.136990326,0.397514731549499,-0.0803767723063123,-0.0997000637913847
77.14699043,0.396807140121076,-0.0588300069844257,-0.0498506645197226
77.156992589,0.396337998277505,-0.0341193169107786,0
77.166982382,0.396125028375123,-0.00871942378743573,0
77.176987705,0.396163652387422,0.015391312971222,0
77.186997114,0.39643308137937,0.0368309074818738,0.0997253916106905
77.196984544,0.396900154114561,0.0546832290136524,0.0498611940124715
77.206995153,0.397526638725831,0.0687981596642245,0.0498499724794584
77.216985889,0.39827620984137,0.0795610117887063,0.149593186021512
77.226990912,0.399117521543355,0.0876394972806033,0.0498357179872857
77.236994151,0.400029723864509,0.0944429019691903,0.0996980450997635
77.246993236,0.401006599068042,0.10117457634223,0.0498679561485003
77.256988283,0.402052621698939,0.108212073087898,0.0498449706245445
77.266997186,0.403171267967489,0.114920826784996,0.149592020632197
77.276984397,0.404350591652307,0.119257024521215,0.0997178530810501
77.286994939,0.405556140487379,0.119178440160537,0.149709355681639
77.296964839,0.406731829563584,0.112735199157622,0.24935200352825
77.306988569,0.407810126347313,0.0999893797724038,0.0498059802426087
77.316984449,0.40873357795077,0.0827434478314313,0
77.326990173,0.409465128024432,0.0624021933648423,0.100086903770683
77.336908762,0.409976898783257,0.038702036321859,0
77.346985481,0.410238987160915,0.0120862462030742,0.0993357847534059
77.356984031,0.410219533426984,-0.0172087352717225,0
77.366987926,0.409894770380123,-0.0479651172600415,-0.0997060156694695
77.376984756,0.409260196307073,-0.078196674941471,-0.0498645543877284
77.386983422,0.408331189079117,-0.106090613746074,-0.149549360865717
77.396986574,0.407138191159416,-0.130609275923842,-0.199375507070093
77.406987811,0.405718430316529,-0.151801411616269,-0.0997398621595302
77.416980213,0.404103128535869,-0.169978914918212,-0.149343628849243
77.427017183,0.402313859397474,-0.186498061297706,-0.149511480576781
77.436987298,0.40037184597115,-0.200492361236004,-0.14985066818555
77.446978783,0.398311711079425,-0.20914219213011,-0.299277254312949
77.456977184,0.396191117392681,-0.211064031964276,-0.199267715747378
77.466993694,0.394087283264361,-0.20527802505909,-0.249273201157514
77.476977015,0.392085591583484,-0.191049886912261,-0.249343273733267
77.486988024,0.390267368778974,-0.169446438528694,-0.149540710721901
77.49697999,0.388696158709756,-0.142917079897302,-0.149585175780546
77.506985053,0.387409451787673,-0.113753632464299,-0.0995934729513511
77.517003017,0.386418466655576,-0.0848661590717381,-0.0498499824487499
77.526986394,0.385712014800718,-0.0577331860726058,-0.0498600602845758
77.537000913,0.385263924404747,-0.0334871858032766,0
77.546999277,0.385041839669238,-0.0124357037231891,-1.49354383301216e-06
77.556955013,0.385015781129084,0.00604111689712505,-0.0498712076722144
77.566992703,0.385162622292878,0.0224416539079338,0.0996004778488383
77.576976931,0.385465106083413,0.0376587508747958,0.0498237548774489
77.587005171,0.38591626683968,0.0529368313689048,-0.0498038547212101
77.596996797,0.386524894353883,0.0694476208632312,0.0498669659986455
77.6069997,0.387304839309011,0.0866718525310824,0.0997302002166918
77.616992373,0.388257947968229,0.103167189324898,0.0997289475097075
77.626995826,0.389367783425817,0.117184538824473,0.149558797168042
77.636992929,0.390601703899322,0.127674574702023,0.149816789489088
77.64696194,0.391916948539219,0.133271580120335,0.0997152097047718
77.656991511,0.393266946522628,0.134046904998583,0.149334801193319
77.666992496,0.394601982576421,0.130233961996601,0.199463955787861
77.67698688,0.395871022649082,0.121575487806544,0.0997855735014339
77.686976976,0.39703160548098,0.109232503401454,0.0996371782980418
77.697001124,0.398057228624889,0.0950502339213551,0.0995134865410705
77.707016097,0.398936328619608,0.080677395599118,0.0996726713860056
77.71700854,0.399671374840437,0.0674074481251467,0.099780633911579
77.727001865,0.40028351823931,0.0571711157528408,-0.049838991126611
77.73701489,0.400815160192079,0.0515698271460411,-0.0498671247060439
77.746996928,0.401314660181994,0.0498442342672931,0.149612657697751
77.757008445,0.401811723631335,0.0499424242965013,0.0996315637008337
77.767012599,0.402314291315655,0.0504467255115077,-0.0498454889152743
77.777012187,0.402820846913212,0.0503039078269623,0.0997163066619392
77.787010961,0.403320287074393,0.0484204953697583,0.0996993663521645
77.797013947,0.403789342040679,0.0441486703127197,0.049872099241835
77.807003432,0.404202928085309,0.0378450040709569,0.0498875212651758
77.817000835,0.404545745898405,0.0306565233134791,1.49033664522283e-06
77.827000473,0.404815967838926,0.0237801724498377,0
77.837009268,0.405021549885596,0.0179151081252062,0.0498538702754203
77.847000852,0.405174276791256,0.0133584385026818,0
77.857014302,0.405288785902029,0.0103424214996497,-0.0498470812315785
77.867003955,0.405381157313783,0.00863855600964628,0.0498559492290842
77.877013847,0.405461553091679,0.00758268080299505,0.0498523722400311
77.887004935,0.40553281836087,0.00690503610580191,0
77.897010414,0.405599630108806,0.00713345304812491,0
77.907005543,0.405675491758972,0.00901001655556844,-0.0498636051541712
77.917007486,0.405779804058589,0.0125787184325424,0
77.927001412,0.405927014164937,0.0169869583498843,0.0996656475623096
77.937016312,0.406119693152481,0.0215265502728262,0.0498572686000965
77.94699983,0.406357511115391,0.0265089754473447,-0.0498957162907187
77.95699932,0.406649422220917,0.0325801694784288,0
77.966995701,0.40700897998144,0.0395159057799757,0.0498392627421564
77.977004963,0.407439963324773,0.0458846700472575,0
77.987001675,0.407926947497404,0.0495352400675267,0.0996906040607024
77.99700878,0.408430857202135,0.0482732296293485,0.0996813304827573
78.007007353,0.408892686185389,0.04082421071543,0.0498824362799193
78.016997108,0.409246864916256,0.0270676926987063,0.0498613500744197
78.027004134,0.40943395290846,0.00802967404174111,0
78.037010996,0.409407569913204,-0.0149374119307353,-0.0498715379757597
78.04699683,0.409135313772702,-0.0406114206774022,0
78.057007253,0.408595493508204,-0.0677077909952438,0
78.066999787,0.407780957740859,-0.0942615640999884,-0.149606086337221
78.077001487,0.406710805738382,-0.117415860588914,-0.149564435590557
78.086999589,0.405432663777421,-0.134921590936329,-0.149555521993205
78.097002481,0.404012239807594,-0.145571241995122,-0.199392805929555
78.107002093,0.402520874427128,-0.149337862830064,-0.149472860136241
78.117014536,0.401023682283057,-0.147502893210555,-0.0997861676902326
78.126986454,0.399573123360664,-0.140551415638857,-0.149580485735569
78.137012192,0.398212983422798,-0.129363238193158,-0.149406638207445
78.147007379,0.396983151671042,-0.114740091461968,-0.0997188789385606
78.157010337,0.395918394436428,-0.0968254677894754,-0.0997282991501076
78.167003635,0.395047004829804,-0.0764422821950827,-0.0997671022538375
78.176998517,0.394390452340302,-0.0542833738147476,-0.0498132632727528
78.187020318,0.393960431743984,-0.0317747495421893,-0.0498578837590029
78.196997286,0.393754996464175,-0.01024325237295,0
78.206990818,0.39375586887247,0.00871929481501398,0.0498097994000531
78.217015361,0.393929539961729,0.0238208124003737,0
78.227015133,0.394232864323531,0.0343965373803833,0.0498940791518745
78.236999622,0.394616929342235,0.0397847141437464,0.0498673765984669
78.247010095,0.395028358171016,0.0397556434063154,0.0498278130498071
78.257009862,0.39541244930815,0.0344519699003872,0.0498289884121392
78.267019863,0.395717734095866,0.02445530163565,0.0498560059863851
78.277009982,0.395901558275499,0.0109439274915328,0
78.286977118,0.395936144847516,-0.00448971803953811,-1.48993705948059e-06
78.297012386,0.395811753121426,-0.0198788139911733,0
78.307006893,0.395537976676006,-0.0333012460568691,-0.0498769429119802
78.317003513,0.395146023682245,-0.0425625097659388,-0.0996921442918004
78.327010102,0.394686589897593,-0.0464447604082346,-0.0997116896325794
78.337002801,0.39421716154275,-0.0449935325698471,1.49042787290592e-06
78.347005919,0.393786907454143,-0.0392621077129693,-0.0498637431094323
78.35699922,0.393432059986098,-0.0306014037153876,-0.0500655490782164
78.366922331,0.393177437289969,-0.0198321001557517,0
78.377010714,0.393035190032824,-0.00846705102035062,0.0496079410874389
78.387021861,0.393007253543974,0.00291248463891215,-0.049840789931415
78.397015744,0.3930934543754,0.0141504695938727,-0.0498755981679825
78.407013527,0.393290145005838,0.024293729121675,0.0996934650183103
78.417018688,0.393579400478572,0.0320784562705752,0.0997477735611445
78.427005879,0.393931468795216,0.0371014136374897,0
78.437010911,0.394321140213628,0.0401914944929449,-0.0500852698542263
78.446913854,0.394731600062794,0.0410385564918408,0.0997302500928862
78.457006477,0.395141729378505,0.0393544834561107,0.0992166799937507
78.467012922,0.395522588501883,0.0353712266155076,0
78.477000916,0.395848957211424,0.0290993483782723,0
78.487011101,0.396104522479535,0.0213766722251623,0.0498359819886491
78.497008474,0.396276652220816,0.0125932801860787,0.0498531922848325
78.507011752,0.396356396281482,0.00337763524921619,-0.0498455063579305
78.517012209,0.396344217541268,-0.00538298133323923,1.49779986321381e-06
78.526909152,0.396249288948702,-0.0129678956749892,0
78.537014229,0.396084833432619,-0.0189173242499967,0
78.547003413,0.395869159297801,-0.0227792569340664,-0.0498658387223015
78.55700921,0.395629362623028,-0.0236137768157055,-0.0997276109007306
78.566999807,0.395396968912766,-0.0217400713455901,0
78.577011021,0.395194521824847,-0.0184775674735712,0
78.587021409,0.395027018410882,-0.0154843190214902,0
78.597006351,0.394884907756187,-0.0138851524905836,0
78.606903646,0.394750950518283,-0.0139365317308628,0
78.61700324,0.39460622047812,-0.0157916523718334,-0.0495733593432619
78.627016596,0.394433333803711,-0.0195559524084587,0
78.637002593,0.394215114082652,-0.0248300120091024,0.0498655743684962
78.647011683,0.393936855553378,-0.0308613343983087,-0.04984660776236
78.657005886,0.393597785768312,-0.0358742101362769,-0.0498761819626564
78.667003115,0.393219678720885,-0.0376352911431682,-0.0498517740480045
78.677007106,0.392845034030393,-0.0347215357510731,-0.100243122404153
78.686896378,0.392528954078425,-0.0259614579417562,-0.0498403788517039
78.697012301,0.392325670001784,-0.0126164978635143,0
78.70700651,0.392275234641012,0.00363749995302258,0
78.717010374,0.392398412991382,0.0210233203475577,0
78.727011014,0.392695795736998,0.037483318198794,0.0997392535564525
78.737004135,0.393147845496936,0.0512642613868469,0.0498663150651792
78.747005804,0.393720813877933,0.0611710356317567,0
78.757011972,0.394371745606977,0.0667908250445393,0.150720617356465
78.766852187,0.395046370172653,0.0656568838024081,0.0997722335792557
78.776999124,0.395684039723382,0.0588216263918066,0.0494774357604609
78.787004733,0.396231775704309,0.0485363079609184,0.0997192977984953
78.796997185,0.396654671770699,0.0355109815809954,0
78.80700695,0.396942074063775,0.0225597398130972,-0.0498574300284927
78.816996136,0.397105842901794,0.0113283533132646,0.0498477341356839
78.827009791,0.397168673313892,0.00256115227111637,0
78.837018226,0.39715712252307,-0.00328333356016492,0
78.846846689,0.397103542160959,-0.00544080419204259,1.49106237810123e-06
78.857005534,0.397048375493916,-0.00332562847974821,-0.0989563249885985
78.866998939,0.397036523264428,0.00276879889206501,-1.48992268345536e-06
78.877008131,0.397103758662328,0.0113710636998487,0.0498250520114305
78.887010886,0.397264080388523,0.0202705498043112,0
78.897011501,0.397509237970167,0.0275578945394916,0.0997659442845018
78.906999298,0.397814918938431,0.0320837049190856,0.0498230055084225
78.91702427,0.398151321745377,0.034211573486618,0
78.926846105,0.398493909434586,0.0336044058881606,0
78.937009401,0.398822910199229,0.030807864139082,0.0494561955969081
78.947007306,0.399115032975875,0.0260585291094736,0.0998711316194462
78.956977059,0.39934323799647,0.0187730105791835,0.0498596414196095
78.96700537,0.39949045684291,0.0109756984173034,-0.049759823312976
78.977015838,0.399563177591425,0.00487396323972661,-0.0498553858504637
78.987005141,0.399587934991567,0.00173979009309109,0.0498721730160681
78.997008877,0.399597961282608,0.00207219959709462,0
79.006849984,0.399629057467236,0.00627131087407731,0
79.017017882,0.399723443973244,0.0148090633744641,-0.0494469199465686
79.027014967,0.399927681978428,0.0279937963070345,0.0498810249909074
79.037007373,0.400283025712579,0.0444717495414799,1.49120219247224e-06
79.047000401,0.400816469193754,0.0623902434783737,0
79.057010459,0.401531023118438,0.0787358221086306,0.0996655129565052
79.067008955,0.402391859142149,0.0896213489299092,0.1994272327311
79.07700951,0.403323365046376,0.092797321928824,0.20124257629698
79.086827453,0.4042309626812,0.0854698527508019,0.0498509091874947
79.097011077,0.405032896032652,0.0714727796494293,1.47725238388205e-06
79.107001611,0.405672865830547,0.0538131321137854,0.049857403225763
79.117009441,0.406109070636643,0.0315772438667835,0.0997026562502986
79.127002711,0.406304445442851,0.00616664760024317,0
79.137002826,0.406232362796274,-0.0208803877646909,0
79.147006786,0.405886752599977,-0.0470807052344305,0
79.157017548,0.405290055569443,-0.0699144752663672,-0.100651958342408
79.166819245,0.404501574925256,-0.0837841048426341,-0.199519630961581
79.177007188,0.403615241475916,-0.0873982679395726,-0.148159265504894
79.18700893,0.40273703142601,-0.0830791217936991,-0.149562179151869
79.197007491,0.401953633867069,-0.0714487122622394,-0.049873052175892
79.207001019,0.401308622411528,-0.057781668169354,0.0498565973796282
79.217006776,0.400798041817574,-0.0459901341019581,0
79.227003076,0.400388725127783,-0.0378097679055003,-0.0498494362521365
79.237008934,0.400041764865985,-0.0335223995245456,0
79.246813787,0.399724622558776,-0.0313037267382461,-0.0498528807144676
79.25700971,0.399415666039528,-0.0307052324031238,-0.0493965802203918
79.26699932,0.39910482107683,-0.0312232019219292,0
79.277010233,0.398791185671355,-0.0312088398499222,-0.0996910079966255
79.287002757,0.398480537015049,-0.0305464846794251,0
79.297007632,0.398180335429173,-0.0290496428364772,0.0498528313470571
79.307002955,0.39789953840649,-0.0261177852048107,-0.0996917555564032
79.317010919,0.397657893875917,-0.0209915007512867,-0.100815777641432
79.32678322,0.397484320958882,-0.0129604060376132,0
79.337012775,0.397398661700651,-0.00425163290964129,0
79.347004623,0.397398346976408,0.00291283911933187,0
79.357004972,0.397456895754154,0.00642509458157965,0.0498209865564362
79.367018203,0.397526936120824,0.00459210969400257,0.0498524071350414
79.377005938,0.397548742384012,-0.00304743524163163,0.0498672203910618
79.38701263,0.397466004399348,-0.0152621766451552,0
79.397009187,0.397243449264297,-0.0299945160606725,-0.15138111015715
79.406772421,0.396873319030843,-0.0440908099586826,-0.0498786769653603
79.416999619,0.396362054925993,-0.05713919897327,0.049297353142305
79.426998584,0.39571761227872,-0.0700758883617604,-0.0498262521072045
79.437011084,0.394959733738697,-0.0791789235225756,-0.199263679305654
79.44701405,0.394132809227037,-0.083378564581431,-0.149636890490274
79.457001202,0.393292986394044,-0.0825397282894678,-0.0498803350915824
79.46700322,0.392482908566506,-0.0785090493121502,-0.0498316680471557
79.477009894,0.391722123007144,-0.074275794921571,-0.0504230576545411
79.48677783,0.391014133689492,-0.0682502294962249,-0.0498422099114256
79.497014952,0.390356773207559,-0.0623589328285084,0
79.507000549,0.389753066513761,-0.0566941469619595,-0.0996700310599731
79.517022599,0.389222456728178,-0.0476328263278589,-0.149444082754445
79.527016657,0.388799642717637,-0.0353889157870118,-0.049901158778976
79.537004622,0.388515314598977,-0.0209742702817649,0.0498519530469212
79.547018403,0.388380120690926,-0.00622714975895042,0.0498732570424465
79.556997824,0.388390813935962,0.00838298896138278,-0.0505056154152788
79.566761279,0.3885456250025,0.0227714405481904,0
79.577002671,0.388846353120098,0.0368690663162396,0.0984862340136354
79.587009719,0.38929216607966,0.0516784040726684,0
79.59700515,0.389880049312315,0.0655088828824845,0
79.607004518,0.39060200302561,0.0776325725839585,0.149418631446567
79.617024468,0.391434200470031,0.0868398142314066,0.149589424751323
79.627000979,0.392338491984136,0.092130477791918,0.0498434907693649
79.637028414,0.393277173572735,0.095342862376431,0.101057648086139
79.646734197,0.394219913472154,0.0932622243256223,0.0997470151938376
79.657020918,0.395141718965614,0.0889743328983647,0.098396727985132
79.667000753,0.396023116772401,0.0854927004577238,0.0498683751657407
79.677014882,0.396851056940828,0.0793611842564974,0
79.687013756,0.39761137239101,0.0712506623856015,0.149577540532393
79.697013131,0.398275945428631,0.0597225740903827,0.149636173118367
79.707004169,0.3988052513125,0.0445448223346823,0
79.717024485,0.399167347637237,0.0274517562501483,0
79.726746421,0.399347210802233,0.00877516939107028,0.0499424915472643
79.736989374,0.399342542920086,-0.00904407134075678,0
79.746992927,0.399164099957568,-0.0250895148642756,-0.0498437270578798
79.756994421,0.398840625996019,-0.0374365691345799,-0.099721875858824
79.766990471,0.39841546051909,-0.0452065692974424,0
79.777000424,0.397936223235035,-0.0482347111194263,-0.0498640074360535
79.786986784,0.397450944138081,-0.0464008016868977,-0.0997725195976299
79.79698722,0.397008819877482,-0.0404374101515753,-0.0505769912196549
79.806701209,0.396653743848454,-0.029621843244341,0
79.816992602,0.396416223587835,-0.0168471428140259,-0.0491563686900666
79.826984776,0.396312023698427,-0.0037425803424222,0
79.836989329,0.396341384230452,0.00868234149422781,0
79.846990599,0.396485721085586,0.0182976278465382,0.0499228749433871
79.856961466,0.396706826960578,0.0235487832197795,0.149538894094597
79.866993817,0.396956772529966,0.0246104352069355,0
79.876993831,0.397199832181452,0.023931755382996,0
79.886686627,0.39742805604169,0.0229756776843217,0
79.89698724,0.397659194302447,0.0244657761379701,-0.0491102233673055
79.906989253,0.397924775544419,0.0296758082222609,0
79.916991344,0.398252832256409,0.0364757049516058,0.0997070087255322
79.926989181,0.3986542870172,0.0435808421918992,0.0498469619254167
79.936993897,0.399124560362137,0.050028148948368,0.0996975616227092
79.946991602,0.399654971114316,0.0559841025107438,0.0498673990443759
79.95698885,0.400243959860587,0.0631380404001793,-0.0506326669471568
79.966684349,0.400898332569993,0.0687599346193591,0.0499289170084735
79.976959167,0.401617117551835,0.0727388803842155,0.147301924287224
79.986991544,0.402375455198037,0.0756056131518898,0.149367194257928
79.996985379,0.403131211589204,0.0736209395675128,0.0997178873199131
80.006989589,0.40384773006045,0.0689032016049905,0
80.016983301,0.404509132440451,0.063472409998976,0.0498650124012722
80.026985499,0.405116918658273,0.0585561144308929,0.0996486649592789
80.036995537,0.405680971221685,0.0558294008128909,-0.0506946350033978
80.046654174,0.406215008998306,0.0521665114829784,0
80.056985555,0.406723780725227,0.0477748771507785,0.147075069790811
80.066992489,0.407186669498885,0.0419458857667573,0.0997128912156731
80.076984602,0.407562658466133,0.0311680208226379,0
80.086989473,0.407809935912587,0.0165664792418403,0
80.096990668,0.407894088543233,-0.00130185923100435,0
80.106985879,0.407783903406849,-0.0222729845889721,0
80.116990229,0.407448638629294,-0.0469545083169639,-0.0507040160071616
80.126650915,0.406860541310434,-0.072627457791096,-0.0997255220549007
80.136986743,0.40599634265279,-0.0993927331025195,0
80.146991795,0.404838805653523,-0.130341625538623,-0.0996957075069286
80.156989536,0.403389146097857,-0.157917336994543,-0.249302713148191
80.166989378,0.401680840599837,-0.180695393779668,-0.199383730398818
80.176992801,0.399774648251803,-0.196853884562271,-0.199404863864203
80.186990523,0.397743537510892,-0.205647764165311,-0.249337761806036
80.196987573,0.395662768095007,-0.210701468605745,-0.202927349079386
80.206644481,0.393602419696378,-0.201925103638137,-0.149570964427822
80.216986502,0.391624482284031,-0.18740475506172,-0.196014449828581
80.226991885,0.389789219433615,-0.173174009141436,-0.199404160574952
80.236987867,0.38816076571868,-0.149471111528077,-0.249248176429146
80.246993724,0.386799522325679,-0.120804122370472,-0.099676303285138
80.256994255,0.385743911574537,-0.08990463050717,-1.49040648109838e-06
80.266989828,0.385001779983976,-0.0591927592210051,-0.0997062250449314
80.276994938,0.384560015961462,-0.0310347987595944,-0.0507481130826226
80.286637189,0.384392028089184,-0.00520102632497782,0.049863578530242
80.296991423,0.38445601371657,0.0151299396245225,0.048985202745312
80.30699224,0.384699998781868,0.0309565459909281,0.049849331579758
80.316993623,0.38507521274079,0.0422324479941015,0
80.326993809,0.385544714004461,0.0503312048958139,0.0498654471803133
80.336988761,0.386081592128388,0.0560746537146305,0.0997534928218961
80.346984716,0.386665697191927,0.0603000085953079,0.0498595840755056
80.356986848,0.387287476946378,0.0655164904585697,0
80.366583225,0.387949722719828,0.0685109921435735,0.0498567170400224
80.376986085,0.388657644515362,0.0714335366046594,0.0977330810676593
80.386987704,0.389407286817374,0.0761948912171911,0.0498307291459747
80.396995154,0.390182233351174,0.0773241344976869,0.0997022325390797
80.406988889,0.390953861136427,0.0750678880970453,0.0997282243399255
80.416991425,0.391683311184961,0.0687140322559826,0.0996634657478678
80.426997854,0.392328757802846,0.0585782693966421,0.0498729174657368
80.436983568,0.392854416323431,0.0463070009817999,0.0509308280642291
80.446575315,0.393235331308594,0.0302311193069438,0.0498353443372281
80.456991382,0.393459274935536,0.0143932350007824,0
80.466991954,0.393529192791647,0.000243930132082997,0
80.476992465,0.393464153802354,-0.0115218906222201,0
80.486999501,0.393298668023494,-0.0189785199117795,0
80.496992158,0.393084589230524,-0.0203529383483184,-0.0997326092920127
80.506994594,0.392891709128396,-0.0144736549922673,-0.0996824915912519
80.516997304,0.39279504164925,-0.00194124106942043,0.0509438258797152
80.526566475,0.392853715389193,0.0154422905230831,0.0498803375869241
80.536986473,0.393103720204263,0.0348179949263862,0
80.546988788,0.393564779379612,0.056933861881182,0.0498543139703902
80.556986674,0.394242408885593,0.0780066194104407,0.0997463416535505
80.566981427,0.395124337561096,0.0968985111606149,0.0996728706511061
80.576993751,0.396181064859569,0.112150166944782,0.099654326560037
80.586992227,0.397368552121794,0.122290763043339,0.0997159719484156
80.596992479,0.398626724566584,0.128109718346112,0.152856328334552
80.606561511,0.399875567583269,0.119574892378341,0.199373892903051
80.616996731,0.401018730846594,0.102073807000995,0.146464204406742
80.626984652,0.401960235336058,0.0801939717495938,0.0498473201429461
80.637000336,0.402622899380854,0.0497181681514985,0.0498547756641284
80.64698407,0.402954569763114,0.0151213687262352,0
80.656985784,0.402925106709221,-0.0215297121382188,0
80.666996726,0.402523703040313,-0.0582524851742875,-0.0498640323726366
80.676982087,0.401760272365173,-0.0951153481868353,-0.153182567052546
80.686524138,0.400666346448745,-0.125887388346033,-0.10162878676746
80.696604114,0.399290106632088,-0.149151184892092,-0.100078509390309
80.70645042,0.397694317877951,-0.163215813182466,-0.195639975025504
80.716990465,0.3959627317758,-0.170068546214625,-0.242634001483473
80.726997384,0.394199925581346,-0.17239303516398,-0.249193857162923
80.736996664,0.392513802408094,-0.160530058583288,-0.149681009104611
80.746981809,0.390991824665342,-0.141211317882754,-0.0997050540249211
80.756997283,0.389689488640633,-0.120682180623517,-0.153022565576486
80.766529639,0.388632749914485,-0.0933597955463237,-0.0498527859978619
80.776998097,0.387822216734833,-0.0680285602132811,0
80.786995666,0.387240475564389,-0.0477470578388414,-0.0498582452535843
80.796996721,0.386867341278008,-0.0274882460128024,-0.0498824648565466
80.80698458,0.386691015378828,-0.0080770480552474,-0.0498559198907165
80.81699568,0.38670580872511,0.0105435211186505,0
80.826986549,0.386901906561394,0.0277203352475639,0.0997446614042216
80.836988357,0.387260012434046,0.0438744666386158,0.0510523813469796
80.846517397,0.387758812100394,0.0562615078387007,0.0498233963724927
80.857000969,0.388385952160957,0.0675106933951013,0.0487100841887454
80.866987415,0.389140757209384,0.082290842594806,0.0997181117075138
80.876998969,0.390031604431168,0.0966353174506928,0.0498653574008344
80.886982589,0.391072997196356,0.112279002445005,0.0498566946036931
80.896998215,0.3922770998217,0.128287835117023,0.149529684547826
80.906987039,0.393639324779563,0.142741484060029,0.199365082839388
80.917003351,0.395132662623164,0.157646531495738,0.204194826189751
80.926519147,0.396718493858562,0.161573935558578,0.14964801595337
80.936992182,0.398362336715048,0.162283412232592,0.146109917310317
80.94699181,0.400040867467691,0.16878276934829,0.149519863278022
80.956997946,0.401738964965897,0.17025795717654,0.199465571833304
80.966987017,0.403445210564832,0.170645825218314,0.0997919102154514
80.976981157,0.405149016497503,0.169359845846069,0.149561047999292
80.986987272,0.406832450668514,0.165595800475504,0.249169341598508
80.996989444,0.408462304799411,0.162205696892543,0.204357874601542
81.006503942,0.409998165726886,0.147263573802023,0.0997045500656439
81.016990463,0.411407726337034,0.130226970239791,0.0486736959652654
81.026988651,0.4126658273162,0.11661842892036,0.199337551426798
81.036998362,0.413741016084412,0.0990912770948121,0.153588833074625
81.04646441,0.414595705147901,0.0729093974907808,0
81.056991423,0.415198698115918,0.045356135569265,0.048584513596039
81.066986721,0.415526517867812,0.0180565700090278,0.0997412529767892
81.076985082,0.415559715019388,-0.0119880754545225,0
81.086504771,0.415292534011687,-0.0407640827688007,-0.099670384798464
81.096992957,0.41474411234686,-0.0654571007326337,-0.145991812674815
81.106993996,0.413951368746928,-0.089669630346268,-0.0498460321353799
81.116996481,0.412950403744157,-0.108913353602621,0
81.126998536,0.41177260720825,-0.124685931874062,-0.249262009198774
81.13699721,0.410456594210631,-0.140559512019906,-0.205504949614266
81.146405979,0.409044706490617,-0.144647042558,-0.0498796351126906
81.156987258,0.407565092886839,-0.150049016832811,-0.148896605369462
81.166495484,0.406030296016709,-0.155912121904895,-0.199381931006744
81.176990853,0.404446289944662,-0.156866006030899,-0.097258867040166
81.186999451,0.402813920605628,-0.165591508931144,-0.0997225490687911
81.196988262,0.401134888813639,-0.16939045497889,-0.199475128982364
81.2069937,0.399427085670558,-0.17008920185215,-0.199324510788077
81.21699747,0.397731538595227,-0.166259805631287,-0.249329886786258
81.226988984,0.396102673639175,-0.157110844489145,-0.149613314744339
81.236990738,0.394590379375648,-0.148166058138876,-0.102835611505778
81.246381027,0.393229431068606,-0.127496593309032,-0.149650725052901
81.256979008,0.392041943044507,-0.106115493125846,-0.0967172554877183
81.266999507,0.391041490895901,-0.0902596636444646,-0.0498192141958385
81.2769933,0.390235459780505,-0.0706187770910404,-0.0997702069420319
81.286987065,0.389629993992904,-0.0503355129746151,-0.0998034971476832
81.296974191,0.38922971138233,-0.0300039222946443,0
81.307002167,0.389029462427777,-0.0109467349260192,0
81.316997597,0.389010520464532,0.00600352634833819,0.0511686745123938
81.326488044,0.389146446403767,0.0201911859604554,0.0498594950025846
81.336995122,0.389414294210556,0.0331303017093577,0
81.346351932,0.389804543006328,0.0453251153171637,0
81.356989612,0.390320546775514,0.0564658424909767,0.0965867720118852
81.366998575,0.390970373097933,0.0721187506016396,0.0498360044063901
81.376997161,0.391763466211995,0.0868247043815006,0
81.386999148,0.392706916936119,0.101405099226016,0.099730554338503
81.396992666,0.393791112380594,0.116684588439525,0.204764398252009
81.40647678,0.394979656409816,0.121415499659549,0.149587001013035
81.416989451,0.396219032022954,0.120489743989738,0.0485970605200634
81.426995019,0.397451893774046,0.123456110051942,0.154066261170291
81.436405051,0.398616006473277,0.111434255830568,0.152262903547781
81.446640376,0.399641059511867,0.0895344471229006,0.145371763343792
81.456981463,0.400458304145471,0.0674500123051969,0
81.466983669,0.401013214875045,0.0402551146819003,0
81.476991495,0.401263810278419,0.00826400039476207,0.153473669776443
81.486473848,0.401174281721995,-0.0267938234917188,0
81.496986796,0.400728059712761,-0.0598267821696467,-0.145766641633212
81.506994519,0.399946596008103,-0.0921826586870544,-0.149558682995007
81.516987168,0.398884372247071,-0.116708336611852,-0.0498410912617854
81.527000026,0.397611786563057,-0.138350404810028,-0.154825188157114
81.536307596,0.396211383212168,-0.142895690318634,-0.201238820241032
81.546819042,0.394779734590301,-0.134979688709882,-0.144605767953167
81.55699321,0.393419245473675,-0.129954016175672,-0.152226011978798
81.56646916,0.392226122837875,-0.106657169987757,-0.0995670682956894
81.577021547,0.391283079729694,-0.0764645643798288,-0.0970899962779683
81.58700879,0.390655568977402,-0.0449233994786619,-0.0998454123615072
81.59699405,0.390385846998836,-0.00866960107292175,0
81.606985386,0.390482379859287,0.0264789233831222,0.099689134162979
81.616997863,0.390915526430633,0.0572008898085357,0.0498420230510396
81.626990519,0.391626691267625,0.0839331598429254,0.10306349034769
81.63634674,0.392539538816655,0.0997031588975192,0.153633954990531
81.646460752,0.393567935002195,0.101071601087303,0.0966029375041381
81.656989928,0.394625978879362,0.100853800331983,0.145705471477682
81.666990038,0.395638391513397,0.0961488764797507,0.0996793076566361
81.676995713,0.396549512630207,0.0845123336000011,0.0498511983018666
81.686991489,0.397328760812793,0.070946200932749,0.0498975547568194
81.696978582,0.397967221269494,0.0570118020018164,0.0498475924169687
81.706993789,0.398469127979974,0.0441333009154246,0.050061985749801
81.716895221,0.398846208291705,0.0331802251162384,0
81.726454356,0.399114833973924,0.0228789412811008,0
81.736319105,0.399290606193192,0.0130426026943134,0.0486212997969055
81.746962366,0.399382311800405,0.00503399506386685,0.04823264944417
81.756992365,0.399394675281986,-0.00226068913871176,-0.0497692392877829
81.766996755,0.399337020274792,-0.00858950262759085,-0.0497698553746393
81.777026506,0.399222591975225,-0.0138061114058593,0.0498110776246023
81.787013718,0.399060663853607,-0.0182132308630094,-1.49052619367158e-06
81.797021004,0.398858427567161,-0.022127734159714,-0.0512049408008429
81.806486376,0.398629778054,-0.0231342345059016,-0.0498427931079231
81.81702523,0.398395645111768,-0.0220198724874967,0
81.827012607,0.398177793064731,-0.0206560946227652,0
81.836286387,0.397997784830232,-0.0150240267629985,-0.0998644927394477
81.846981294,0.397877782976821,-0.00798220595877057,0
81.857007054,0.397832388198635,-0.000852079222139136,0.0497934619921087
81.867005937,0.39786072039459,0.00591451619140813,0
81.877014917,0.397950725028304,0.0114317123642593,-0.0512214761282797
81.886471727,0.398083247706813,0.0137745988200682,0.0498291452973283
81.897024622,0.398226350687187,0.0124119088083384,0.145672267155297
81.907005897,0.398338115952308,0.00813455398347249,0
81.917028811,0.398389075842503,0.0020030000898465,-0.0996504575708023
81.927017773,0.398378199741734,-0.00333457792872744,0
81.936711745,0.398323441565214,-0.00657255145765955,0
81.946990563,0.398246927551706,-0.00785882599383698,-0.0508191504676145
81.956331642,0.398169252208674,-0.00717605921885424,0.0511894041715658
81.966468549,0.398107152370706,-0.00437541691446582,0.0482030733913089
81.97701635,0.39807874798742,0.000410304138386143,-0.0485490876351277
81.987005835,0.398115578904143,0.00922180162805539,-0.0498739028624332
81.997008098,0.398263107921674,0.0223866442825188,-0.0498381192363659
82.007012535,0.39856346178031,0.0384867981559735,0.049789487298933
82.017033741,0.399033830801759,0.05476410723769,0.149510252538601
82.027019585,0.39965913001202,0.0688541175047563,0.0501302758590888
82.036923843,0.400403346222048,0.0804172139159511,0.102572975127833
82.046461281,0.401222577038141,0.0862435675046738,0.103128473051515
82.056260528,0.402071010920162,0.081839018478161,0.0485308991398205
82.067006264,0.402903958281511,0.07737234660848,0.0960620529951311
82.077019949,0.403677216037166,0.072074160491245,0.0995977507294104
82.087028431,0.404347039159251,0.0600136029618413,0.0997134241082829
82.097019188,0.404877442426051,0.0451207673425748,1.49089193553415e-06
82.107018024,0.405248984934277,0.0290222682496336,0
82.117019227,0.405457888922912,0.0132382347353206,0
82.126454102,0.405506284297175,-0.00307792780192212,0.0498527914652654
82.137019441,0.405396329708197,-0.0180591327566198,-1.45225838781049e-06
82.146975466,0.405135686260352,-0.033925814208874,-0.103747892219797
82.156240965,0.404744223856162,-0.0442246597576538,-0.0497364988280099
82.167022444,0.404249115479133,-0.0514709941593843,-0.0480005816397587
82.177012932,0.403675070064026,-0.0604002733035342,-0.04985798162564
82.187020576,0.403041222840773,-0.0657135326950275,-0.0997445915573918
82.197005623,0.402361279710336,-0.0719319907373611,0
82.206449392,0.401643669428223,-0.0731339197524862,-0.0498547227750068
82.21700566,0.400898598609331,-0.072720425561896,-0.0970272061680236
82.227002314,0.400149052193842,-0.0732706454017408,-0.0996771103552977
82.237012185,0.399432707610335,-0.0678294253212081,-0.0998086401835959
82.246982474,0.398793809423216,-0.0602441110677243,-0.0518217076791632
82.25625251,0.398273591334056,-0.044383621258926,-0.049796196204021
82.267005419,0.397905118615848,-0.0270829246631069,-0.0479994008323473
82.277024988,0.397711011877316,-0.0105379885701864,0
82.286441691,0.397700299403665,0.00787668520558018,0.0498606693667459
82.297022042,0.397868522376713,0.0243307160091727,-0.0484767995059384
82.307009602,0.398200731405108,0.040368048329505,0.050372170842823
82.316816037,0.398667567323507,0.051476589540741,0.100704490292701
82.32681143,0.399220061977221,0.056302188209143,0.0498218354422572
82.336829276,0.39979435647236,0.0550272421911684,0.0996967292557976
82.346814018,0.400320749231547,0.0484585173935728,0.102790990391963
82.356229737,0.400734474049172,0.0340131856346531,0
82.36643988,0.400988287318993,0.0155070976425492,-1.43385228798441e-06
82.37701453,0.401056785863703,-0.00274779208500152,0
82.387008473,0.400931769101948,-0.0219869813282401,-0.0498700238675758
82.397007833,0.400617193483952,-0.0402893807152468,0
82.406992434,0.40012662768902,-0.0565468569774884,-0.0498236549036709
82.417019743,0.399485582871336,-0.0694477446121807,-0.099564619123057
82.427021563,0.398735649853424,-0.077856005552027,-0.149654947798993
82.437007449,0.397929419922027,-0.0834982473285729,-0.10271900866262
82.446435329,0.397114634418377,-0.0838154692139424,-0.0519500993282313
82.45620137,0.396320672427357,-0.0756452851546368,-0.0484589995599715
82.46701141,0.395558150903767,-0.0718691564543973,-0.0958551925060321
82.47700528,0.394825512964704,-0.0723102273894328,-0.0498595074690169
82.48700893,0.394112125685342,-0.0711069257119498,0
82.497012652,0.393402850250209,-0.0711458037630095,-0.0997215068439885
82.507006548,0.392689379079386,-0.0713238716054456,-0.0997037828410192
82.517013526,0.391976310481036,-0.0727225551150315,-0.051345933197085
82.526425155,0.391277208361572,-0.0682064296176023,-0.0498828616452606
82.537002281,0.390612948869985,-0.0635310352989722,-0.100320748902595
82.546303322,0.390014327832216,-0.0554640365126497,-0.0506276717290446
82.556696971,0.38952060186472,-0.0405307168769774,-0.0481620425237965
82.567005652,0.389175247556292,-0.0245322595062202,-0.0490994132199623
82.577004067,0.38902242291583,-0.00376297797238757,-0.0498555254474949
82.587005367,0.389099989069293,0.0202534481780702,0
82.597003116,0.389427472618362,0.0462238411645964,0.102689487855971
82.606424714,0.389997625880541,0.0676181378870997,0.0996296516567409
82.617018872,0.390780900767485,0.0844363963443416,0.0484423805175032
82.627007854,0.391735592047592,0.101609129683483,0.149626650968006
82.637010358,0.392812218261024,0.116076971991177,0.15618675718136
82.646159664,0.393958676160542,0.116349379924178,1.49890927634937e-06
82.656893031,0.395125554935809,0.110335918805436,0.143496145922394
82.667005235,0.396258691389852,0.107648072764505,0.198039135448805
82.677032109,0.397293487869763,0.0983782221697861,0.102742305102231
82.686414599,0.398168150113618,0.0772878905150678,0.0498837340143298
82.697019917,0.398838303386104,0.0538530282230685,0.0483926124866123
82.707019523,0.399277787667324,0.0318248049174657,0.0498541464378831
82.717020783,0.399474827044734,0.00802833606231871,0
82.726244835,0.399432134932963,-0.015392252199608,-0.0497702354680718
82.737054771,0.399166458848874,-0.0363500755719976,0
82.746248937,0.398704984313513,-0.0561385992049787,0
82.756266701,0.39808792801065,-0.0657750306359235,-0.0988964931561433
82.766413379,0.397378667523207,-0.0711979857831267,-0.149643112402991
82.776256187,0.39666471687061,-0.0674366546103458,-0.100612856781082
82.786233834,0.396042042345152,-0.0533791637865245,-0.0498431469195174
82.796260271,0.395596915594375,-0.0323459819964102,-0.0995739440919347
82.806260788,0.395394250851625,-0.00652442069065119,0
82.816212005,0.395466742088251,0.0208250714564722,0.0999185433691148
82.826218673,0.39580987523287,0.0461367789233599,0
82.836202882,0.396389056760884,0.0666582382855981,0.0498186068427847
82.846233209,0.397144008942734,0.0799939676890046,0.199378358029074
82.856206686,0.397989240411717,0.0811138462896214,0.0960614827082918
82.866992443,0.3988278702585,0.0790064369144577,0.0498498026085891
82.876208697,0.399569528031951,0.0680007532981446,0.103666012271065
82.886229149,0.400135980757475,0.0447457473899659,0.099601214091015
82.896230467,0.400465417094671,0.0195164414294423,0.0499120491530253
82.906206215,0.400525861995996,-0.00701913635582756,-0.0997051183559285
82.916231372,0.400325028015236,-0.0312762631818365,-0.0997055520554732
82.926207033,0.399900311148376,-0.0514893136647467,1.49520793100396e-06
82.936163264,0.399298748576116,-0.0665168706767073,-0.0498806007828305
82.946196694,0.398570661452768,-0.0763051120901791,-0.149573612022487
82.956161839,0.397772755069097,-0.0804376749438276,-0.0996668778089933
82.966204974,0.396961241929943,-0.079335658849778,0
82.976202802,0.396182792065508,-0.074277640033538,-0.0999053480581427
82.986165495,0.395478621536223,-0.0646413622744677,-0.0997011055679626
82.996204512,0.394889854283289,-0.0513156671995565,-0.0498618836824648
83.006162062,0.394452484358917,-0.0349880279512249,-0.0498699290830644
83.016197853,0.394190326709543,-0.0170264570142136,0
83.026153112,0.394112107605423,0.00120066878477159,0.0499670699281094
83.036152325,0.39421428542119,0.018854224423573,-1.49009305347354e-06
83.046153422,0.394489197938704,0.03576327305594,0
83.056125457,0.394928589994688,0.051466451627266,0.0498903369261959
83.066139182,0.395517794088978,0.0650229454865878,0.0995653200376034
83.076154445,0.396230933789564,0.0758473217756189,0.0996731446552553
83.086146204,0.397035273124384,0.0833965375001057,0.0498728501109821
83.096146615,0.397898211544677,0.0877244140323201,0.0997990368591966
83.106127988,0.398788163417104,0.0886827149227259,0.149251645819734
83.116188331,0.399675565331268,0.0876582126189396,0.0996320465379165
83.126143562,0.400542692858486,0.085939685321465,0
83.13614764,0.401390862065962,0.0844313235629363,0.0498733928450909
83.146136112,0.402230690316384,0.0838769335664345,0.0998833621384772
83.156112853,0.403065482910402,0.08267959186266,0.0996635155572673
83.166145067,0.403885022549383,0.0798979811397513,0
83.17612973,0.404664790971425,0.073879720315887,0.149714638288432
83.186124804,0.405361119930928,0.062443174758692,0.149312319243547
83.196163302,0.405915750808862,0.0456164157849313,0
83.206135411,0.406273932099949,0.0240346351782667,0.0499323703289953
83.216131641,0.406395682551843,-0.000835442711405477,0
83.226147518,0.406257213131016,-0.0271434168732498,0
83.236088079,0.405853996635904,-0.0527777131997325,-0.0999193293910306
83.246105246,0.405203889886514,-0.0756346107159443,-0.0998203757283832
83.25606589,0.404342982677962,-0.0943963652992267,-0.0997115051596947
83.266104571,0.403316026298076,-0.108677010307633,-0.0499258921743746
83.27603682,0.402172601712499,-0.117053020943477,-0.149391848948475
83.286127478,0.400972284545656,-0.119303363968794,-0.248783327623145
83.296076152,0.399781841993212,-0.11590340988436,-0.04992018298856
83.306101886,0.398657182548035,-0.107284863729869,-0.0995424117350969
83.31610945,0.397632572347222,-0.0969123309213995,-0.149842426011402
83.326064584,0.396722550953375,-0.0856866657742975,0
83.33606395,0.395922737775029,-0.075263206211305,0
83.346043694,0.395218859077526,-0.0655305842141706,-0.0992798021539218
83.356150239,0.394606471522164,-0.0560655805804977,-0.0998576617662719
83.366013747,0.394099226461858,-0.0446297468813955,-0.100199842713026
83.376052392,0.393718243471379,-0.0310473427203749,0
83.386050174,0.393477148645897,-0.0169518954964415,0.0499134258465604
83.396028907,0.393379603676716,-0.00241381813316739,-0.0498137659724035
83.406066655,0.393428832501097,0.0125921062542229,0
83.416028527,0.3936314410168,0.0282210199856345,0.0498909460293867
83.426052171,0.393992844147556,0.0439895521689106,-0.0498355485831422
83.436036259,0.394511572187396,0.0587159740009645,0.0498451400645821
83.446056053,0.395167391562987,0.0698909796874162,0.14939333371156
83.456058967,0.395910978865511,0.0753841902863649,0.149716579084479
83.466035531,0.396673528334361,0.0741875866609965,0.0999865277030819
83.47600358,0.397390621570868,0.0671051097994807,-0.0498659874808176
83.48603105,0.398015329832353,0.0558852327791551,0.0498694352111509
83.495997119,0.398507965151962,0.0402740087727378,0.0995707173708088
83.506058653,0.398821921691272,0.0199602117905581,0.0498360293149846
83.516004658,0.39890731986781,-0.0047580805985047,0.0498734790549148
83.526051766,0.398726792848203,-0.0318583514943224,-0.0498584646458529
83.536003194,0.39827019947855,-0.058350415593828,-0.0996881472167509
83.546056076,0.397559533046035,-0.0814235363586278,-0.0997155936370067
83.556001699,0.396641850479564,-0.0994339676676673,-0.150021427887389
83.565994955,0.39557693119622,-0.110779387231171,-0.0996730001801714
83.57600875,0.394425481629482,-0.116542311996607,-0.0498458352790564
83.585998558,0.393245665054337,-0.116270406453398,-0.14959496822587
83.59600447,0.392100571137754,-0.109186372544756,-0.149550400146533
83.606000237,0.391061754279522,-0.0951406763439877,-0.149646075815483
83.615993361,0.390198814528648,-0.0749969780434456,-0.0997407152139594
83.625993705,0.389562304598914,-0.0512990770455449,0
83.636001417,0.389172419722372,-0.0269160729986051,0.0498631279810651
83.645989773,0.389024088972941,-0.00349018115659729,-0.0498432588466881
83.656006054,0.38910259991527,0.0182792657687814,0
83.665996502,0.389389797289496,0.0378349527198534,0.0498852674677981
83.675993845,0.389858837042729,0.0540653724343495,0.0498721231265796
83.685989561,0.390470729470433,0.0659918172405795,0.149551828246587
83.695995333,0.391178771583365,0.0734352979588784,0.0498406951373607
83.705995227,0.391939851514009,0.0771566446933461,0.0498549875539325
83.715994666,0.39272185301375,0.0780857086250285,0.0997260457078536
83.725991636,0.39350128528073,0.0770222033808811,0.0997036627483371
83.735995863,0.394262389276945,0.0749488039849049,0
83.745970455,0.394998673869811,0.0721420403504789,0.049858781933793
83.755993674,0.395705072165028,0.0684199499284522,0.149400298910475
83.765992429,0.396368576328359,0.0633917416293024,0.0498673158257345
83.775989258,0.396972627059683,0.0568502584379884,0.0498453596016746
83.785995625,0.397505763190545,0.0494882133598842,0.0498422300097277
83.79599371,0.397962611648407,0.041828737283069,0.0498367118222045
83.806002292,0.398342616808398,0.0344529117862193,0.0498503288853623
83.815994912,0.398651711296531,0.0281020708855257,0
83.825994385,0.398904436023034,0.0233514036540928,-0.0498482054793916
83.835996966,0.399118787333396,0.0200674455287092,0.0997068132950543
83.84599495,0.399305796271715,0.0177161904320392,0.0996885062450148
83.856000905,0.399473180926111,0.0167148189566489,-0.0997139027533181
83.865994093,0.399640078326248,0.0180921406534666,0
83.875997447,0.399834961176558,0.0220498683557116,0.049865436344192
83.885989833,0.400080981760923,0.0276335044863834,-0.0498439739419314
83.896001797,0.40038775147203,0.0332854516770672,0.0997657382637343
83.905978585,0.400746316399704,0.0372190620224191,0.0997262144820269
83.915998471,0.401132008921878,0.0385594573530183,0
83.925990276,0.40151795634538,0.0375283952385273,0.0498538927092222
83.935998841,0.401882590712155,0.0344552527652687,0
83.945991908,0.402207117631658,0.029434631366079,0.0498536409529986
83.955999312,0.402471297203188,0.0223051946342146,0.0498424765011822
83.965996859,0.402653331957361,0.0132904085297803,0.0498447391338338
83.976002757,0.402737151159241,0.00335144474145623,-0.0498492838507569
83.985999676,0.40272037029321,-0.00618842098745419,0
83.995986716,0.402613482007953,-0.0143728186966724,-0.0498459252625217
84.006002645,0.402432871246378,-0.0210465153858606,-0.0498281068852505
84.015996838,0.402192338667407,-0.0267663700924559,0.0498610800509647
84.026000132,0.401897611108417,-0.0320730743443238,-0.0498535980720413
84.035997924,0.401550842349162,-0.0370092080912941,-0.0498491272208167
84.046002414,0.401157342491578,-0.0413208871753234,-0.0498513208669876
84.055998728,0.400724391383662,-0.044903434088478,0
84.065999771,0.400259392489585,-0.0476412424199145,-0.0997630231825983
84.075988024,0.399772076487123,-0.0493231574504603,-0.0498569613484704
84.08599891,0.399272971807814,-0.0500787205578704,0
84.095992728,0.398770266505664,-0.0499478650314811,-0.049885551989098
84.105986587,0.398274630014725,-0.0482924241069122,-0.0996783061793565
84.115998714,0.397804128945075,-0.0449112528012299,-0.0996973626115164
84.125988749,0.397376307860572,-0.0403562036831695,0.0498420703889022
84.136003828,0.396996798489786,-0.0357562808409621,-0.0498668204432746
84.145983934,0.396661354410245,-0.031759569786217,-0.0996334104535681
84.156019128,0.396361121172644,-0.0292064892865749,0
84.166014964,0.396076318347151,-0.029381608716285,0.049872699356241
84.176011956,0.395773699723216,-0.0327517696303334,0
84.186022494,0.395421036333719,-0.0385516587846237,-0.0996592968749322
84.196021758,0.395002288664164,-0.0453498294166717,-0.0997696528758666
84.206010163,0.394514598954132,-0.0523697741337963,0
84.216015022,0.393955245944287,-0.0597755126280948,-0.0498421825051129
84.226015232,0.393318785699497,-0.0676526317276948,-0.0996999840390404
84.236016957,0.39260206240189,-0.0757178790344647,-0.0498655643928848
84.246010323,0.391804799817876,-0.083571276369572,-0.049859686986165
84.256014405,0.390930850148396,-0.0905014588525953,-0.0997249627255654
84.266007248,0.38999504893281,-0.0952803335217589,-0.149580007023509
84.276012125,0.389025460717122,-0.0968750116626833,-0.0995985864311641
84.286029247,0.388055417546174,-0.0955547959420475,-0.0997071173931464
84.296012629,0.387114316638663,-0.0914236279507163,0
84.306012899,0.38622843958063,-0.0841539288046609,-0.149506830038713
84.316020137,0.385430606234873,-0.0733281457569847,-0.0997530686785146
84.326003891,0.384762537205427,-0.0582611268291544,-0.0498835543240156
84.336008017,0.384266089823147,-0.0393975045961336,-0.0996716999471487
84.346011502,0.383974287259097,-0.0180309929113947,0.049873391449146
84.35599997,0.383905615060319,0.004677638352762,0.0498614241380483
84.366008851,0.384067827625733,0.0280766398762661,-0.0497802748258128
84.376029319,0.384467971879148,0.0520266714688232,0
84.386007095,0.385108269696274,0.0752602637624758,0.149618059233829
84.396021953,0.385972622787295,0.0957785726209648,0.0498566572097108
84.406006356,0.387023770368329,0.111792915588626,0.149673166738956
84.416007226,0.3882068347248,0.121447667301671,0.14953216622971
84.426010474,0.389453223835855,0.124036241353757,0.149447282705851
84.436022706,0.390689479632891,0.119878498419207,0.199387029715447
84.446013408,0.391851145527754,0.110180503517126,0
84.456034388,0.392894376831876,0.0970111189847253,0.0498832858916552
84.466001993,0.393790260525526,0.0809568122594048,0.199708103258734
84.476005163,0.394511147114225,0.0622163455270996,0.0498290608562241
84.48601233,0.395035230566431,0.0424622119522612,0.0498507272466068
84.496006803,0.395360460991298,0.0236699375804091,0
84.506008184,0.395508531182478,0.00792227633546486,-0.0498445545047079
84.51601092,0.395518939134019,-0.00343459327674076,0.0498427133764224
84.526012442,0.395439824692445,-0.00973672074160924,-0.0498304477315584
84.536020102,0.395324115316617,-0.0106566571563917,-0.0498459252624863
84.546015411,0.395226659909702,-0.0063205988890006,0.0498990174203315
84.556001788,0.395197819094285,0.00286056219807676,0
84.566012114,0.39528386172239,0.016583578400034,-0.0498258857748275
84.576012802,0.395529673313818,0.0344156481331587,0.0498692182099403
84.58600574,0.395971955319712,0.0549236786604277,0
84.596023002,0.396628707108549,0.0758961760560253,0.0996240629049761
84.606022918,0.397491182585344,0.0948657342319947,0.199501756320166
84.616014433,0.398525208888713,0.109757485274864,0.049891099936389
84.626007775,0.399684670233243,0.119827600490195,0.149617946979043
84.636007082,0.400920880045826,0.124775207809378,0.149302444532397
84.646042672,0.402184528669856,0.125173225310151,0.0498006169947769
84.656028848,0.403427069072451,0.120760436338536,0.149794229366638
84.666011992,0.40459603246644,0.110342991521513,0.149745359875408
84.676004685,0.405631262685176,0.093765470580566,0.099690320251636
84.686015567,0.406471677089609,0.0716551454158206,0.0996717248317329
84.696011992,0.40706488917764,0.0451508747772171,0.049864649151931
84.706011025,0.40737448950988,0.0159697317504199,-1.48936595628385e-06
84.716022066,0.407384444691726,-0.0137569930980344,0
84.726000432,0.407099495375747,-0.0421447375305281,-0.0997817155648269
84.73600702,0.406542184050836,-0.0675569087206239,-0.0497805979255757
84.746029651,0.405746383256019,-0.089373866675566,-0.0498365723316007
84.756014939,0.404753998965675,-0.106609496276708,-0.199589793179537
84.766012264,0.403616046949797,-0.118414660790385,-0.0997410544443443
84.776008339,0.402386487286628,-0.125091399170321,-0.0997149547910514
84.786011196,0.401114352564004,-0.12705208334113,-0.149510780631847
84.796015119,0.39984458420668,-0.124656367332467,-0.0996864479291143
84.806015847,0.398620645440591,-0.118004298250082,-0.149568653468369
84.816014357,0.397484588160954,-0.107349365128043,-0.149506105206121
84.826023452,0.396472841746108,-0.0937141190037971,0
84.836005925,0.39561109597833,-0.0777436367060844,-0.0997958704461181
84.84600587,0.394919335900607,-0.0596246213541437,-0.0996977609939958
84.856008306,0.394418461585023,-0.039563411256169,0
84.866016678,0.394127640074135,-0.0179806222954569,-0.0997664320306482
84.875996919,0.39405905388446,0.00421280021585023,0.0498709407749861
84.886010211,0.394211868834273,0.0256521881522606,0.0996314541919925
84.896012612,0.394572500207294,0.0457140122306895,0
84.90601062,0.395126167775918,0.0645336857256524,0.0498723586758237
84.916004979,0.395862681336183,0.0823044707558157,0.0997257015924219
84.926007098,0.396771967314688,0.0988240373123225,0.0498413128554671
84.936010995,0.397839756607839,0.113377073074246,0.0996233106473584
84.946024128,0.399041439587728,0.124882169923342,0.19942747764575
84.956009872,0.400337259763628,0.131765174329869,0.0996860941257455
84.96602885,0.401677365269478,0.133546705056338,0.149558370938525
84.976010485,0.403008275728886,0.130086949838321,0.199528667942542
84.986017734,0.40427765821971,0.121672231667061,0.0498505652455642
84.99601219,0.405441927813382,0.109604103591939,0.149633850161556
85.006008059,0.406468679871846,0.0946996618876431,0.0997228889116714
85.016009232,0.407335640929535,0.0781791150277177,0.0498515268535469
85.026009976,0.408032412041764,0.0611173142373973,0.0498359570590726
85.036016202,0.408558413201963,0.044234850686139,0.0498322333973034
85.046018441,0.408917483503498,0.0277890618228069,0
85.05601748,0.40911422995284,0.0117222735532994,0.0498301416116769
85.066028344,0.409152045060239,-0.00383340980703673,0.0498890448080539
85.076004355,0.409037612070203,-0.0182867323181686,-0.149726725995612
85.086006468,0.408786710454432,-0.0309300123282622,0.0498147856811536
85.096019828,0.408418533243557,-0.0418017905052019,-0.0498388715512246
85.106012866,0.407950407196472,-0.0508402275658112,-0.0498755644042552
85.11601091,0.40740218208539,-0.0574998028901934,-0.0498176255796543
85.126027198,0.406799587051493,-0.0614425851064358,-0.0997003080336923
85.13601278,0.406173215485627,-0.0622930887760454,-0.0498904492596237
85.146012913,0.405554615132745,-0.0601239652700442,-0.0997154590110803
85.156011312,0.404970824442207,-0.0557879827053431,-0.049847392729486
85.166015891,0.404438689342026,-0.0503968359695057,0
85.176009887,0.403962959538308,-0.0447074051882204,0
85.186006183,0.403544975257751,-0.0384388897570413,-0.0997025465835526
85.196011009,0.403194138614733,-0.0310213963350948,-0.0997050585356661
85.2060071,0.402924518884429,-0.0230229731182527,-0.0997365538952581
85.21600561,0.4027338034534,-0.0170043947235322,0.0996722927716547
85.226014592,0.402584303593033,-0.0161206155902121,0.0996794421848934
85.236011368,0.402411298319091,-0.0217690617479689,-0.0502803324316455
85.245845334,0.402152606945927,-0.0321054009981952,0
85.256013503,0.401769121754096,-0.0448471350815385,-0.0989117862683369
85.266006357,0.401248442824064,-0.0585665361414517,-0.0997312526141457
85.276008868,0.400598062487162,-0.0706791616783727,-0.0498121576324679
85.286022886,0.399833691334633,-0.0814041046851602,-0.149574277675532
85.296007354,0.398970103639274,-0.0910256491142836,-0.0498789364599054
85.306013214,0.398014058752425,-0.100129417927467,0
85.316019542,0.396966294903378,-0.108772348914953,-0.149470823968272
85.326025741,0.395837249182912,-0.115537725311849,-0.149612858271621
85.336012871,0.394656311149308,-0.119697583551767,-0.150873053519197
85.345852072,0.393464085271514,-0.117947939316058,-0.149670830153478
85.355998456,0.392299052582532,-0.112796954645504,-0.049448705909144
85.366015724,0.391189686731383,-0.106980545241392,-0.0996468176409893
85.376011063,0.390158092973969,-0.0981543196604418,-0.149556830550413
85.386016543,0.389226519949786,-0.0871219550982983,-0.0498577746965222
85.396009278,0.388415809384694,-0.0741210801274644,-0.0498802414593128
85.406006348,0.387744854011648,-0.0590292523133241,-0.0997081692878231
85.416009571,0.387235207042856,-0.0416898181526218,-0.0497960631212496
85.426029945,0.386910073893957,-0.0224134754870898,-0.0498434010689689
85.436013553,0.386786848282655,-0.00201326248894731,0
85.446003742,0.386869861397695,0.0180586394610994,0.0498896195883332
85.455999003,0.387147758318673,0.03637798327931,0.0498245814502984
85.466015878,0.387597862546486,0.05223256014137,0.0498299174880222
85.476008996,0.388192931481474,0.0653018077321103,0.0498651670149035
85.486011726,0.388903627568023,0.0752029454987179,0.0996584402322547
85.49601897,0.389697740465626,0.0817975371947656,0.0498458106341439
85.506014741,0.390539824931493,0.0846308473010539,0.0997269825074749
85.51601549,0.391390062896299,0.0830890223138808,0.0498638977152279
85.526011098,0.392201302684462,0.076350490539106,0.099783481414025
85.536000389,0.392915919738323,0.0634239786759698,0.149609395161526
85.546005089,0.393469401143294,0.0444573255211753,0.0498384405866172
85.55600696,0.393805358377833,0.0209813512702654,-1.48897299090227e-06
85.566020444,0.393889350337348,-0.00483752757391232,-0.0498500917101258
85.576008855,0.39370859865924,-0.0313026866557133,0
85.586000049,0.393263935022528,-0.0570955479117856,-0.0498709083483518
85.596002401,0.39256705619567,-0.0810264928636436,-0.0996898816945332
85.606003712,0.391643108365212,-0.101678089809426,-0.049844173499878
85.616006073,0.390533121037537,-0.117091159976076,-0.0996635904169394
85.626012951,0.389300203360463,-0.124950745431276,-0.249140677383449
85.636016662,0.388032783025467,-0.12356755025016,-0.149626628514475
85.64600444,0.386829904038881,-0.112748790591514,-0.0998159660937468
85.655995057,0.385780243151258,-0.0938209327656811,-0.0997184152048834
85.666002678,0.384953650696051,-0.0688932169481247,-0.0498358051384139
85.676002686,0.384401853225943,-0.039778171112822,-0.0997056128418798
85.686002886,0.384158078999935,-0.0085349825873498,0
85.696012103,0.384231073200265,0.0223309960062083,0.149560846094734
85.706003168,0.3846047052174,0.0509650990052186,-0.0498599032093877
85.716010062,0.385250271160602,0.0762374222724721,0.0498499326021908
85.726004529,0.386129557421981,0.0967938743453827,0.199302732371784
85.736021606,0.387187266035995,0.111367574696372,0.0997142417962282
85.746003604,0.388356805900902,0.119374351887277,0.149604342944097
85.756016073,0.389574092575452,0.121399897540633,0.0997262003112155
85.765999982,0.390784364141286,0.118602204278159,0.14967071033054
85.776001674,0.391944428907876,0.112128410552718,0.149528884746209
85.786004539,0.393027443321508,0.10419601959742,0.0498305624714994
85.796011408,0.394029363543879,0.0967913552291694,0
85.80600302,0.394963123400023,0.0905375798512293,0.149505126319814
85.816019144,0.395840815539621,0.0851453505676578,0.0997071677515408
85.826003215,0.396666047014719,0.0800035719485634,0.0996947110188336
85.836021838,0.397441102508215,0.0753523244659962,0.0498333916311784
85.846011813,0.398173741383325,0.0717636940567748,0.0498708200245453
85.856016017,0.398875958652888,0.0693240007522032,0.0997680955334126
85.865999794,0.399559388193204,0.0679355226791541,0.0498629958182113
85.876012138,0.400234405584578,0.06764885697063,0.0997008064912074
85.886001564,0.400912485071093,0.0687016932105197,0.0498377231908407
85.896018399,0.40160886959009,0.0714982613447395,0.0498508992180951
85.906003135,0.402342562621757,0.0760844917523929,0.0498564870985768
85.916018326,0.40313055387097,0.081892775435304,0.0996970834899035
85.926005353,0.403980599768638,0.087958311287118,0.0997223403576555
85.936015478,0.404889469591442,0.0933104010755337,0.0997323241028144
85.946000802,0.405846383134514,0.0974277772604783,0.0997740556262833
85.956002265,0.40683673782343,0.0999383690330049,0.149463516824941
85.966014108,0.407846480295112,0.101389353592464,0
85.976008287,0.408865135461967,0.101460167500389,0.0498557254432651
85.986013145,0.409875585938979,0.0987043037619648,0.199473881911816
85.996002661,0.410838666226794,0.0910393478397892,0.099735995222875
86.006007858,0.411695891570743,0.0772682519962857,0.0996854614538909
86.016007211,0.412384382837266,0.0576389168269864,0.0997098848193698
86.026007508,0.412848649733662,0.033216266536785,0
86.0360166,0.413049020035528,0.00575941549748061,0
86.04599987,0.412963794053196,-0.0232437245821359,-0.0498570093230678
86.056015122,0.41258417989811,-0.0528956700429942,-0.0996681032193354
86.066007904,0.411905455688523,-0.0830711429776781,0.0498404660498682
86.076020282,0.410922328391459,-0.113097894120519,-0.0498583275254153
86.086006495,0.409643657161045,-0.14041364668221,-0.249270833064609
86.096020303,0.408114052509128,-0.161503850411909,-0.199307522952595
86.106017558,0.40641179343571,-0.174226430602922,-0.149638688253958
86.11601038,0.40463125274594,-0.176966014624682,-0.249230552182644
86.126020931,0.40287187623685,-0.170104702089569,-0.19933060749768
86.136018976,0.40122769648413,-0.154904765722185,-0.0997817305434093
86.146005882,0.399776112084226,-0.132661013779954,-0.14972226688077
86.155997695,0.398577299367566,-0.104977564484513,-0.149540421350037
86.166009095,0.39767622350162,-0.0740895018487556,-0.0996678044184384
86.176006088,0.397094887497402,-0.042647087836214,1.48981356878022e-06
86.186013157,0.396823108512425,-0.0136429460297624,0.0498527211919389
86.196006928,0.396822017116732,0.0107516264793893,0
86.206012495,0.397038133924436,0.029617596619732,0.0498519559966189
86.216008075,0.39741440302051,0.0429997381471383,0.0997682452757451
86.226000446,0.397897610583534,0.0516093344569363,0
86.236012035,0.398446794082613,0.0576672013671421,0
86.245675,0.399032187050861,0.0588294422740612,0.0996683473830157
86.256020319,0.399623870271194,0.056864816668841,0.0980336323243827
86.266016619,0.400188909486043,0.0538632649817489,0.0498730746277171
86.276012399,0.40070070897377,0.0478351759678891,0
86.285989945,0.401144337049917,0.040539080425148,0.0498645186415761
86.296008507,0.401511332804172,0.0324721062363917,0.0497905602881812
86.306015755,0.401794617279707,0.0240016703119022,0.0498522351530638
86.316009542,0.401991391052139,0.0157331461432379,0
86.326015723,0.402109279699111,0.00896686195732954,0.0498462915784213
86.336012364,0.40217075359577,0.0054136618691844,-0.0508517119676684
86.345623643,0.402215430347949,0.00605577481623216,-0.0997027459778069
86.356013446,0.402291875644443,0.0110217848353226,0.0978872820598093
86.365995979,0.402439969851934,0.0197698059493861,0.0498802040301214
86.376003266,0.402687070506806,0.0308002669612822,-0.0498171861769759
86.386011684,0.403056458909352,0.0438495098389251,0.0498294117554455
86.396012864,0.40356448157118,0.057833271909818,0.0997237558825736
86.406008851,0.404212960505889,0.0711356783104867,-0.0498847747463875
86.416000255,0.404986298187622,0.0814022869106323,0.099718839047269
86.426007004,0.405840855894078,0.0854006105611833,0.149512965242677
86.436006942,0.406694881472729,0.081140234704749,0.202268826485504
86.445724949,0.407440774579273,0.0641582887398372,0.149599045672486
86.456002117,0.407977737683782,0.0391838453458051,-0.147355626558991
86.466024541,0.408236190652784,0.00949593601908759,0
86.476006819,0.408167701054055,-0.0253938713083836,0.149533691159238
86.486028455,0.407728213835004,-0.0639233055247256,-0.149547080480077
86.496008942,0.406889099234383,-0.104036270647813,-0.149583754523636
86.506025674,0.405647777746916,-0.143288348507003,0
86.516004541,0.404023962876265,-0.179521735593355,-0.249910782079423
86.5259746,0.402066511928173,-0.208268659631216,-0.299051774870292
86.536009499,0.399857557087626,-0.229378357305132,-0.299982148852804
86.545917514,0.397492039074976,-0.240271791355742,-0.199418881129254
86.556009537,0.395052112130185,-0.243216981301825,-0.0992532621957275
86.566009174,0.392605406180432,-0.24139891517365,-0.299265831544728
86.576000186,0.390226391147966,-0.229980585981301,-0.398590809660048
86.586021379,0.388002987547754,-0.210527424388226,-0.149459215261331
86.596014068,0.386012920118496,-0.185347851166386,-0.100058790163791
86.605951588,0.384308966136308,-0.154308336724922,-0.249344851005879
86.616008152,0.382927666272117,-0.120464892070891,-0.0993888878801108
86.626015831,0.381891929268828,-0.086061923722417,-0.0498431143352172
86.636012847,0.381206023736937,-0.0516010902740473,-0.0498357852117374
86.646023468,0.380859513385821,-0.0186844998671955,-0.0498694591729624
86.656006974,0.380832443473661,0.0116352304959811,0
86.666018979,0.381092165765191,0.03786997941262,0.0996753267488119
86.676013857,0.381590103720982,0.0590632712041226,0.100021542190772
86.68595661,0.382269747472112,0.0745179532642767,0.0498632842850973
86.69601046,0.38308020964878,0.08527043679185,0.0497134957406398
86.706012864,0.3839799530111,0.0924339288183589,0.0996380888113128
86.716024222,0.384930160300876,0.0955324334344703,0.0997693818954023
86.726000886,0.385889457392301,0.0942552987161856,0.0997701855265857
86.736012083,0.386814122110129,0.0885611694816452,0.149372363235776
86.746026405,0.387662940774418,0.0796829306744027,0.0996736278981698
86.756019307,0.388408356353108,0.0694546890552713,0
86.765930911,0.389045402049447,0.0587947764617653,0
86.776022711,0.389584452019762,0.0493238295309953,0.0993359182769336
86.786005853,0.3900355750665,0.0411433088981917,0.0997805256787025
86.796008202,0.390406721249457,0.03397100797429,0
86.806017082,0.390715376686434,0.0293409327650682,0
86.815999611,0.390993287836805,0.0281610570532552,0
86.826013695,0.391278502445999,0.0304795679630734,0
86.836021509,0.391603546637646,0.0355263474832961,0.0500751909140029
86.845925677,0.391985902437612,0.0412046285391653,0.0997705064400173
86.856009007,0.392427124068163,0.0466181511191205,0.0496334561244942
86.866014274,0.392922395688329,0.0519989783691894,0
86.876023783,0.393467871972451,0.0568003945701006,0.0997096349979971
86.886014273,0.394058403522931,0.0609141170583983,0.0498705142441324
86.896017487,0.394685770798338,0.0640038538442021,0
86.906001555,0.395337666598802,0.0654253539267197,0.149732189991165
86.915995081,0.395992811956393,0.0647978715673129,0.100360573951538
86.925871537,0.396625199140483,0.0613942766779966,0.0997074718563397
86.935995215,0.397220705716786,0.0579908870799405,0.0495608300744838
86.945990173,0.397791896688961,0.0578214991018092,-0.099772053874175
86.955982403,0.398376394889775,0.0610651011997185,0.0498455489844631
86.965993293,0.399013389236071,0.0673584886703634,0.149728359502347
86.97596011,0.399722063040395,0.074405992667516,0
86.985981904,0.400500661679571,0.0801641957619709,0.0995381088988061
86.995994274,0.401328085685218,0.0837742792538053,0.20068662617238
87.005855601,0.402165566321854,0.0823209484728575,0.0499432963559971
87.015959438,0.402971636922114,0.0769038384961966,0.0495110352986898
87.025993869,0.40371427643172,0.0696119136396997,0.0497507289369419
87.036000682,0.404366746268674,0.0592022995498749,0.0498514051701453
87.045995237,0.404898403411463,0.0453853889361069,0.149614048100027
87.055993852,0.40527414406519,0.0285796551152855,0.0499706294355766
87.065948884,0.405468671761015,0.0103844323039107,-0.0498573857742224
87.075992223,0.405481815795028,-0.00641966474416824,0.050023211218914
87.085880961,0.40534071450902,-0.0191230236942503,-0.0497762506610104
87.09602379,0.405098751664654,-0.0252317405506948,-0.0990385354065714
87.106016182,0.404832667836817,-0.0235186084097559,-0.0498501166327571
87.116025675,0.404628335163882,-0.013526544208619,-0.0498937720634821
87.126000566,0.404562348183159,0.00302405227227384,0
87.136015162,0.404688784417466,0.0234347869732458,0
87.145991435,0.405030829939584,0.0444303890684166,0.0996678343062315
87.156023549,0.405577764836507,0.0633809592991764,0.100266570706149
87.165880343,0.406291408008037,0.0771369187751483,0.0997511226551502
87.176014931,0.407119838446044,0.0851298825630265,0.0494689928642337
87.186035726,0.40800723339584,0.0886817775753342,0.0996644818700667
87.196023692,0.408894250938604,0.0856233949914809,0.149657793046007
87.206023052,0.409718616104762,0.0765321501568855,0.049909253524584
87.216001877,0.410423224392886,0.062279448259872,0.0997135686985416
87.226022262,0.410964155869195,0.0447430803555328,0.0996918053940339
87.236005154,0.411318232623071,0.0267185202073948,0
87.245860302,0.41149419894181,0.0107456346132813,-0.0996193740531203
87.256022975,0.411533336813291,-0.000246271933192445,-0.0494316871787627
87.266031499,0.41148923134213,-0.00665435864708621,-0.0498859912565293
87.276010476,0.411400332813178,-0.0107892359695687,0.0498852524930266
87.286019296,0.411273578283785,-0.015642477677388,0.0499042401657468
87.295990668,0.411087793105828,-0.023233579743142,-0.0498739117270639
87.306011638,0.410809084611676,-0.0342827071464628,0
87.316012355,0.410401395473829,-0.0492050510079642,0
87.325841482,0.409833356126176,-0.0656542334286034,-0.0996616427569844
87.336021686,0.409087698185605,-0.0827860708414661,-0.0989154120015393
87.346001766,0.408164365426768,-0.100578043335541,-0.0996763929192256
87.356028355,0.407075466563922,-0.11611430885051,-0.0997104127392726
87.366001609,0.405842097479705,-0.129022776762124,-0.0998073733774034
87.37600847,0.404497576646596,-0.137321571584959,-0.199094493317949
87.386033934,0.403091227128204,-0.140689185682872,-0.149566492150218
87.396007997,0.401683859478924,-0.13878440776436,-0.150787003424481
87.405871777,0.400338043836126,-0.128434058169267,-0.149313918660337
87.416041554,0.399110868453848,-0.113751235655647,-0.148506678873139
87.42601403,0.398046837668487,-0.0971945198138113,-0.0998005502158632
87.436023035,0.397168778002884,-0.0785924151556948,0
87.446012792,0.396475086662783,-0.0609418767418102,-0.0498536484308969
87.456023503,0.39594991194725,-0.0449163665385351,-0.049823871890638
87.466025213,0.395576201425824,-0.0304127057479996,0
87.476010141,0.395342064206864,-0.0167635243841408,-0.0502354230531471
87.48587309,0.395243481055761,-0.00291460941559249,0
87.496006738,0.395283781936968,0.0112476081240232,0
87.506017836,0.395470061264527,0.0261292457234135,-0.0498435281446666
87.516010669,0.395806469565501,0.0407197578441723,0.0997355372484169
87.526012342,0.396284232707061,0.0536872265730859,0.0996501982885083
87.536022298,0.396880838425721,0.0642002163998589,1.48951446055008e-06
87.546020421,0.397568755708606,0.0718240825460896,0.0997275119656111
87.556018413,0.398317041040082,0.0767290087862844,0.100621942183984
87.565838494,0.399089376805951,0.0765150734411888,0.0498591022180432
87.576017291,0.399847256658993,0.0723274134602489,0.0493834560614383
87.586029995,0.400549775847161,0.0649582884298815,0
87.595981849,0.401144120175932,0.0503092487687154,0.149554908848557
87.606031071,0.401556014955287,0.02778289318724,0.14955819895188
87.615982485,0.401699795709597,-0.00238851099624039,0
87.625975932,0.40150837643547,-0.0372328727217371,-0.0995138266072799
87.636021837,0.400953673067155,-0.0749057511422181,-0.101894008288721
87.645547177,0.400042377627957,-0.107367373210076,-0.099563460895595
87.656051199,0.398803173082141,-0.135051057127933,-0.146254960212509
87.665999537,0.397280264789195,-0.163780778802692,-0.149775936284033
87.676022759,0.395532215431436,-0.182078557800643,-0.149384627004221
87.686023412,0.393634346507616,-0.192530236400795,-0.199582002708801
87.696006152,0.391684808053058,-0.191578965394477,-0.299202879746003
87.706018267,0.389803752873502,-0.178552726723863,-0.199585861121044
87.715989308,0.388116761060708,-0.155247040687302,-0.201634570623561
87.725798384,0.386732948244804,-0.119229976553973,-0.149307459977141
87.736023532,0.385728081002911,-0.0789367675744502,0
87.746027402,0.385136134952679,-0.0387387467654682,-0.0498924613630155
87.756008441,0.384953890674029,0.000677284907846331,0
87.766025349,0.38514967926037,0.0357571681223551,0.0997439718621223
87.776001555,0.385668787812616,0.0647789313822244,0.0997956257316923
87.786007816,0.38644412211901,0.0869343808154347,0.0498059295675054
87.796020587,0.387409129964061,0.103983191283721,0.10083815518437
87.805783987,0.388500511490963,0.112380146016223,0.149625453454602
87.816012233,0.389655794060645,0.114492047603363,0.0986129152753895
87.826006113,0.390815784103597,0.113804802425214,0.149728614641904
87.835990105,0.391929371836481,0.107127671555722,0.149414325002929
87.846026008,0.392960468839736,0.0983201496065758,0.0498365822925985
87.855997422,0.393896494237148,0.0892280521369952,0
87.866023317,0.394744789769788,0.0807885139698795,0.0498452845878851
87.876001246,0.395512573451823,0.0730449299569713,0.100936660174686
87.885779893,0.396187907479898,0.0612595332425296,0.149395087113037
87.896023719,0.396739140802164,0.0467200344744548,0.0985489938744853
87.906015438,0.397133312839907,0.0309047942256335,0
87.916017464,0.397357043377189,0.0145064894236389,0
87.926014985,0.39742343605694,0.000417379592374613,-0.0498567095612888
87.936016704,0.397365390651828,-0.0101778288642943,-0.0997187243602056
87.946013161,0.397219898044014,-0.0176633515777,0.0997426259092591
87.956009789,0.39701224576235,-0.0235457330752166,0.0511961282778742
87.965489753,0.396761307407567,-0.025625432225028,-0.0997284495951785
87.976005716,0.396499841490235,-0.0235140010765675,-0.0485997725822218
87.986006847,0.396278868437163,-0.0172568374189828,-0.0498590206146342
87.996004029,0.39615473385414,-0.00522008319349597,-0.0498469120848627
88.00600942,0.396174453342019,0.0103664112593851,0
88.016031815,0.396362350120431,0.0269512748238021,0.099645961225585
88.026022199,0.396713823248836,0.0422041734280778,0.0998405159369673
88.036005596,0.397205327037769,0.0564692281117074,0.051218639680638
88.045489067,0.397813102258549,0.065785995863532,0
88.056010557,0.398521373319365,0.0732375179947942,0.0971881768161674
88.066007641,0.399315831691101,0.0828308406361945,0.0997059458777434
88.076011296,0.400178051344081,0.0883893351447595,0
88.086011941,0.401083998468137,0.0908157436312986,0.0996722977228337
88.096018189,0.401994992209628,0.0884027475054794,0.199403692008305
88.106013353,0.402852178242926,0.0798241044624748,0.0997359303774261
88.116012915,0.40359105330655,0.0671929066191446,0.051200108086233
88.125487849,0.404160726234109,0.0470716343986125,0.0996836674013025
88.136018124,0.404532731190666,0.0265806081759997,0
88.146009581,0.404706206351494,0.00876454117073568,-0.0498647879638635
88.156014124,0.404707986955916,-0.00629890782459239,-0.049844168291915
88.166013853,0.404580201286068,-0.0172985493883423,-0.0498513528297917
88.176015513,0.404361991940464,-0.0249451110282119,0.0997334114444074
88.186009084,0.404081418028738,-0.029662688395148,0
88.196021941,0.4037685475008,-0.0314836291574822,-0.204872805418755
88.205476555,0.40346851139114,-0.0271513675250163,-0.0498761532054755
88.216012787,0.403225768693918,-0.0198732115601298,0.0485562490915689
88.226010812,0.403060429757549,-0.0130307161334582,-0.0498486907348816
88.236015842,0.402965114562411,-0.00743663134449184,0.0498499072829131
88.246012781,0.402911682487932,-0.00522935753587327,0.0498670963620702
88.256011514,0.402860550044353,-0.00678023163031814,0
88.266022338,0.402776013056652,-0.0110818328592478,-1.49015221159846e-06
88.27601103,0.402638918750775,-0.0168760357240669,-0.102578372685476
88.285463011,0.402447931564604,-0.021561852172017,-0.0498510338053434
88.296012547,0.402207648998005,-0.0258750016103611,0.048527774790294
88.306010545,0.401916264089265,-0.0318966945982194,1.49126434890207e-06
88.315997148,0.401570206283241,-0.0370246022539481,-0.099715398548326
88.326009388,0.401175814881651,-0.0410669120910998,-0.0498084881314209
88.33601575,0.40074810411472,-0.0437232579805433,-0.049853604070331
88.346009276,0.400301354619045,-0.0452348132051591,-0.0498599263443879
88.356013102,0.399843527632402,-0.0476770723303613,-0.0512666137808856
88.36545909,0.399374044430155,-0.0479264668751154,-1.48958697414404e-06
88.376020207,0.398884657777353,-0.0487980261455632,0.0485021223405462
88.386016877,0.398370865002634,-0.0516766852337951,-0.0997427855528732
88.39601326,0.397851483070609,-0.0497549130405132,-0.09976411754271
88.406005655,0.397376325091458,-0.0418745496717736,-0.0996667882436228
88.416021857,0.39701363208167,-0.0274121891040233,-0.099682655885852
88.426011067,0.39682793295461,-0.00763912489366062,0.0498872052573513
88.436009469,0.396860944217276,0.0154348688301745,0.0512546366831375
88.445465426,0.39712820843395,0.0383251776864159,0
88.45600812,0.39762739607034,0.0591034639008513,0.0970529881568941
88.466012274,0.398342598322994,0.0809674670646044,0.099684873619651
88.476012489,0.399247099158495,0.098018838727679,-0.0498597144125009
88.486009711,0.400302723875264,0.10993504907296,0.19931806624277
88.496022643,0.401446916420443,0.114491972587459,0.249371572960905
88.506001772,0.402591654375244,0.110052244608347,0.0498833022606444
88.516010624,0.403646638594682,0.100186729757431,0.205082820669342
88.525449162,0.404540024781661,0.0791642559238627,0.0498538403636776
88.536011015,0.405229954666383,0.0567486178117232,-0.0484846233663686
88.546013754,0.405707036953523,0.0374499356486656,0.0498204314355012
88.556024818,0.405979470300818,0.0174720097514092,0
88.566007386,0.406056365886793,-0.00189153610851142,0
88.576002725,0.405941681368355,-0.0210209698358284,0.0498647613731622
88.586002799,0.405636042913265,-0.0397447065789329,-0.049821860336731
88.596015954,0.405146261454053,-0.0588238294640531,-0.102571072912205
88.605444565,0.404492403785601,-0.0721241654509865,-0.0498819507874629
88.616005074,0.403704562855953,-0.0816454576823576,-0.193960950122561
88.626007237,0.402813555018989,-0.0932763890505604,0
88.636000157,0.401839493714947,-0.100958845000241,0
88.646004949,0.400794609112821,-0.106838063076968,-0.199342174339526
88.656007592,0.399701938112409,-0.109640959688462,-0.149389938944825
88.666028112,0.398599250305502,-0.10883201732969,-0.0996837670591219
88.676012781,0.397524733036477,-0.107735365494292,-0.102736663052757
88.685438832,0.396508029291795,-0.0983600226406713,-0.150345185870177
88.695908723,0.395567767730899,-0.087480050976277,-0.0484300410501936
88.706026601,0.394707010210187,-0.0820981197444399,0
88.716029486,0.393915890920776,-0.075968602684109,-0.0498902171043518
88.726012409,0.393188716302914,-0.0690857099268694,-0.199641867905601
88.736007036,0.392535727696426,-0.0609524417071557,-0.099708274502535
88.746012382,0.391969669114487,-0.0524245518497304,0.0498373968361092
88.756014026,0.391486870211814,-0.046200310125978,0
88.765431735,0.391072488983441,-0.0383255756267017,-0.0498334887647729
88.776022585,0.390720030670678,-0.0305935740235673,0
88.786007145,0.390443013654541,-0.0220704974724881,-0.0498760622087829
88.796014065,0.390278808761867,-0.00806916801782039,-0.149494195047634
88.806016344,0.390281556065908,0.0109539752261315,0
88.816010543,0.390497849686489,0.0331124565932917,0.0498861674484266
88.826003177,0.390943369206058,0.0550917172371236,0.0997790063557231
88.835996637,0.391598917925811,0.0760310094952924,0.102654981065545
88.845429342,0.39242036014163,0.0873496776251647,0.049789917430235
88.856022107,0.393348136274604,0.0918112628623304,0.145298367890923
88.866016353,0.394310479620101,0.0941580706186196,0.149659253149136
88.876009238,0.395230085966765,0.0863319011660155,0.049857849489963
88.886014538,0.39603696095102,0.0722014013343655,0.0996223110568895
88.896026768,0.396675379684018,0.053569410678905,0.0997787317732176
88.906000687,0.397107607174691,0.0323415554248715,0
88.916004384,0.397321486859139,0.0116173452997547,0
88.925429919,0.397333323271744,-0.00699237984082507,-0.0498133379304752
88.936021037,0.397181522818221,-0.020304922808114,-0.0484479989690269
88.946010672,0.396915432670746,-0.0298284034693593,0
88.956002265,0.396585514687624,-0.0337167927260262,-0.0498128750561143
88.966027511,0.396240529059153,-0.0328998178263203,-0.0498377655066687
88.976009107,0.395927293230544,-0.028431710497228,0
88.985440023,0.395688598137945,-0.0183597860630225,-0.0996640583448982
88.996017654,0.395559940588192,-0.0063890686117554,0
89.005418873,0.395560951894511,0.00639305254092271,0.0498837739457771
89.016005446,0.395687723592625,0.0172180880484792,0
89.026000387,0.395915326214734,0.0258844343325702,0.0996596405322409
89.036015179,0.396205664212476,0.0301570112543783,0.0498089210663795
89.046018815,0.396519022173225,0.0311213508222082,0.0498534664700283
89.05601572,0.396828108065571,0.0303382004750829,0
89.066024878,0.397125970123236,0.0295415537853706,-0.0997346135332376
89.07601071,0.397418791138094,0.0298126326023054,0.0514282706614175
89.085412975,0.397703980335955,0.0269920398514908,0.149581286089294
89.096008259,0.397958565777634,0.0219218725389315,0.0483991858703866
89.106013869,0.398155590508411,0.0163897674922376,0
89.116033147,0.398286769036012,0.0107071308983199,0
89.126010306,0.39836969497687,0.00778715044019322,-0.0499316526736302
89.136001773,0.398442267730758,0.00907477938830414,0
89.146010515,0.398551192461265,0.0149183577545469,0
89.156007277,0.39874071699649,0.0254535665007947,1.53638539472911e-06
89.165408202,0.399044932777281,0.0372084272403069,0.0997595995959436
89.175997259,0.399484512787272,0.0497020419687052,-1.44631872624771e-06
89.186013842,0.400069075161353,0.0656073679024781,0.0498458056503493
89.196000276,0.400796858082751,0.0788900073809521,0.0498708809105169
89.206007399,0.401646367020655,0.0886650329838748,0.149563164291129
89.216000248,0.402570156259807,0.0928672383200376,0.199372791407212
89.226011911,0.403504130804035,0.090924555757087,0.0498421376585312
89.236005335,0.404389109908164,0.0866482675465852,0.102834036544861
89.245404251,0.405184443468709,0.0739423179714277,0.0498424640436756
89.256010291,0.40586832272572,0.0606317208971579,0.0483863945660893
89.266010591,0.406433841324301,0.0509405654599067,0.0997475961684487
89.276002081,0.406886715812876,0.040671315542259,0
89.286015499,0.407247467249963,0.0330586132812165,-0.0498548255203589
89.296001479,0.407547868177215,0.0285524535956679,0.0997251223102605
89.306012392,0.407818427609403,0.0267631573988797,0
89.316006544,0.408083266880585,0.0278752998252185,-0.0514363251230064
89.325397453,0.408358791996908,0.0280884439454786,0.0996621559445212
89.336016071,0.4086453033581,0.0273866057926714,0
89.346015972,0.40892346324879,0.0256416309092006,0.0498509220756774
89.356017035,0.409158160694816,0.0189869560504075,0.0498784124831918
89.36600651,0.40930302271522,0.00744337202974023,0
89.375997174,0.409306880302599,-0.00895114881572243,0.0996564530770549
89.386016883,0.409123906888639,-0.0287327285382957,0
89.396013871,0.408731745981465,-0.0505753204633264,-0.205891365029832
89.405388047,0.408144204061591,-0.0667235648273776,-0.0996737873255393
89.416020764,0.407396814759385,-0.0785708346517296,-0.0483038812900115
89.426029587,0.406522381035294,-0.0927311862292404,-0.0997442024127928
89.436013533,0.405542861574008,-0.102520464883546,-0.049905069861409
89.446010044,0.404473975295068,-0.110496285759491,-0.0997628085775824
89.456002872,0.40333411385972,-0.11593840933075,-0.0996667083468688
89.466018059,0.402154277862102,-0.117503211009054,-0.149505372908242
89.476010575,0.400983144512304,-0.117363442342095,-0.205907157773349
89.485387882,0.399880968757266,-0.105101794249315,-0.100758093544502
89.49580246,0.398902981887229,-0.0877442441127386,0
89.50579833,0.398090069425503,-0.0713143021748759,-0.0997379116629999
89.51579649,0.397477121590115,-0.0495175877378203,-0.0997258212845451
89.525794784,0.397099893260113,-0.0245353825119568,-0.0498575721299971
89.535795384,0.396986441076009,0.0021959998259901,0
89.546012216,0.397144290737267,0.0281211583836396,0.0493272648414762
89.556009282,0.397554879303218,0.0532083907762874,0.0514690092349665
89.565384967,0.398175083642887,0.0720050706434637,0.103547736564734
89.575267673,0.398941581107652,0.0777115423488661,0.0967285053448379
89.586001049,0.399777191172298,0.0828618539281642,0.0996919645963967
89.595271217,0.400599111848626,0.0773791807217212,0.0498631421510655
89.605997709,0.401324516340268,0.0635518247945407,0.0498900149062744
89.615257106,0.401869251564717,0.0427620075855289,0.155344843369396
89.625253315,0.402147924710104,0.0105734965850652,0.0480527827934323
89.636007128,0.402088651851474,-0.0248537484144317,-0.0996770704974725
89.645259848,0.401650687372277,-0.0632976416758989,-0.099704390546807
89.656008179,0.400822632492135,-0.102049456524255,-0.0498686345609119
89.665253708,0.399610324825455,-0.145001432338103,-0.155590726350282
89.675233355,0.398034954435182,-0.167378607877845,-0.192154807272324
89.686009502,0.396136248920334,-0.203028172800377,-0.199197218748401
89.695255499,0.393969895123317,-0.235311116250157,-0.155428756457082
89.705254904,0.391607591893032,-0.235534478853431,-0.243494004741222
89.715730015,0.389147440667479,-0.244561865892279,-0.398864243724787
89.72525339,0.38671672484185,-0.231623681005163,-0.245862242048905
89.736007434,0.384450710237416,-0.204653261758952,-0.192096595436121
89.746015784,0.382467633187828,-0.179351689248045,-0.149504849842736
89.756015207,0.380862282351774,-0.144223758610944,-0.208485350858007
89.765145788,0.379708632108705,-0.0941031811894427,-0.103850778610339
89.775217401,0.379055294810557,-0.0393059634334576,0
89.785250917,0.378918380643406,0.0113341981977118,-1.48749807892217e-06
89.795252602,0.379282377749622,0.0592688293458595,0.0498670507958673
89.805245412,0.380103430955418,0.101366164209896,0.149495995646265
89.81526156,0.381310609071918,0.13550468872485,0.199358839435942
89.825251324,0.382814325833635,0.160685565363518,0.149668322317834
89.835247679,0.384522089902857,0.176941466806826,0.249323608991844
89.845247231,0.386352430948347,0.179291906834015,0.0960896070818667
89.856000837,0.388242963173503,0.190657000904797,0.200329036647285
89.865156254,0.390148225564471,0.19690723366471,0.207248542084787
89.875245148,0.392032307216298,0.185413256489915,0.149194102323463
89.8852057,0.39386565863815,0.179847763377735,0.249559823036446
89.895222009,0.395625100986454,0.17140806852948,0.0996541575257293
89.905216833,0.397295728294766,0.162228622863828,0.149634975464478
89.915212582,0.398868144114503,0.151801502775742,0.199421355066214
89.925216324,0.400331681083317,0.14043482226156,0.149578613974579
89.935210289,0.401676518542687,0.12832543339393,0.0498640681035955
89.945212015,0.402897636796902,0.115753690944339,0.149762078562317
89.955183697,0.403988514239424,0.102473278411697,0.150281782725704
89.965116351,0.404937299361431,0.0873293116889038,0.149299498129382
89.975219189,0.405738199965133,0.0732304559080477,0.0496359784594208
89.985205128,0.406408409659776,0.0626104655866435,-0.0998896643890222
89.995182844,0.406988133699494,0.0554659815626944,0.0996763880288405
90.0052112,0.40751806608047,0.0517894592950502,0.0998013113240584
90.015163874,0.408022940439352,0.0499072343454485,0
90.025181927,0.408514749832908,0.0485627165014686,0.0498284933488214
90.035175037,0.408994736874986,0.0469026641447817,0.0998850081097898
90.045146811,0.409451156081849,0.0437266540419154,0.0500858736012263
90.055082177,0.40986520949873,0.0385273609367509,0.0499300571058387
90.065116672,0.410220542124453,0.0317630703120605,-0.049542975307051
90.075207462,0.410504450341235,0.0238187144217948,0.049642948829248
90.085202028,0.410698949483077,0.0137619534249612,0.149528398889652
90.095212084,0.410779753017483,0.00174585503468295,-0.0499147326513274
90.10517802,0.410733824669283,-0.0104254817246877,-0.0498703271715084
90.115205863,0.410571308239911,-0.0206799864544014,0
90.125202902,0.410319710380772,-0.0278145936648482,-0.0996937491036955
90.13520875,0.410014936065882,-0.0303512341024623,-0.0958512532070021
90.146007667,0.40968826008781,-0.0334341993764479,0.0501754866371651
90.155080336,0.409350545497632,-0.0365581155947471,-0.0522149571781919
90.165103657,0.408990146677994,-0.0382635118209309,0
90.175175733,0.408581625036976,-0.0445648333332733,-1.48477289768869e-06
90.185175631,0.408095642502014,-0.053548622926751,-0.0498624571991465
90.19517207,0.407510848727047,-0.0636075913090211,-0.0498627489496623
90.205171851,0.406823731112529,-0.0731659638680073,-0.149778763634267
90.215143253,0.406049637873268,-0.0805870871235442,-0.0499495226758737
90.225133333,0.40521509342348,-0.0847582236559539,-0.0498219225729467
90.235156457,0.404353354252563,-0.0852744800847478,-0.0997141670071027
90.245132423,0.403509681421562,-0.0807674128629105,-0.100140194766733
90.255070167,0.402744975415361,-0.0688470922904766,-0.0995777478145642
90.265158612,0.402130936539253,-0.0500358848782567,-0.099226471516073
90.275167552,0.401739384973147,-0.0252576285111946,-0.0996692390534133
90.285166717,0.40162557925595,0.00343026023509152,0
90.295161147,0.401807968207032,0.0316313147794356,0.0998246652281012
90.305143371,0.402257467086864,0.0548507211020497,0.0996464238837477
90.315173534,0.402905662064955,0.0701700426492671,0.0498667780462938
90.325138573,0.403660531263985,0.0756549901401985,0.149718407943584
90.335152967,0.404417205871577,0.0707429492834473,0.149904172845792
90.345093247,0.405072183754734,0.0564897495159254,0
90.355071639,0.405542406663547,0.0349328473674568,0.0496932158333731
90.365157686,0.405773091739835,0.00959790777209443,0
90.375136477,0.405734987128133,-0.0174944319324126,0
90.385157123,0.405423212950552,-0.0438834818810677,-0.099604855664845
90.395157515,0.40485639426982,-0.06775227993835,-0.0997601535422774
90.405146994,0.404068853614628,-0.0882790414274215,-0.0501209104066283
90.415050739,0.403100239524199,-0.103776520408958,-0.0997313731877075
90.425142036,0.401993837730438,-0.114440408660438,-0.14878984287897
90.435154659,0.400799538703721,-0.121532731109723,-0.149969828462069
90.445087974,0.399569753410752,-0.122932168279383,-0.100134787299149
90.455069742,0.398351334369067,-0.119157386519592,-0.149241818659281
90.46513081,0.397181501454551,-0.113016039173792,-0.0994884472965493
90.475114206,0.396085988440426,-0.105134386240397,-0.0996693984598147
90.485138883,0.395077964979843,-0.0961562724176135,-0.0498230200381695
90.495126371,0.39416169325102,-0.0868952280632378,-0.0997246585186103
90.505135869,0.393340322320796,-0.0769248977790662,-0.0498333542722762
90.515134984,0.392622532741294,-0.0657484584546312,-0.0997035286081778
90.525136794,0.392025292334379,-0.0526724553758277,-0.0997799315570756
90.535120594,0.39156984159041,-0.0377254054668048,0
90.545083512,0.391272794310097,-0.0214792203700477,-0.050012293716754
90.555057618,0.391141609858391,-0.00493094997944275,0
90.565146323,0.391173865592609,0.0106320197325368,0
90.575136082,0.391355084483838,0.0242186795410339,0.0499063483015398
90.585125671,0.39165773901926,0.0345063297719549,0.049905588952492
90.595115734,0.392044508944479,0.0408357561325041,0.049860130797943
90.605122941,0.392474342660296,0.0430354964979635,0
90.615116308,0.392905243576813,0.0408010769662656,0.0498527486098279
90.62512377,0.393290398023714,0.0335568545104843,0.0996402500120189
90.635129935,0.393576837946279,0.02131521525269,0.0499402853075811
90.645089541,0.393715972730265,0.00507634992732358,0
90.65505102,0.393677964344671,-0.0130936358682767,-0.0997573738916937
90.665079969,0.393454225345182,-0.0313619092683114,0.0497320638397468
90.675100385,0.393049177978654,-0.0486232322016828,0
90.685082642,0.392481630731249,-0.0627032052202061,-0.149617243519437
90.695093128,0.39179556891141,-0.0711732144386454,-0.0996309757056882
90.705098132,0.391057063969384,-0.0728446993429114,-0.049919895574146
90.715067054,0.390340574277242,-0.0666996897793695,-0.099637885223525
90.725112234,0.389722129574772,-0.0532029146855395,-0.0994812232261459
90.735112674,0.389274088866563,-0.033588018237422,-0.0998189717141551
90.745090326,0.389051105056327,-0.00998228882907555,0.0498974342219578
90.755094994,0.389074619576848,0.0141419218496113,0.0997355812107523
90.765085122,0.389333869898758,0.0364120189292159,0
90.775086109,0.389802536434644,0.0557335411426635,0.0498419833467885
90.785089673,0.390448794364957,0.0716922619955149,0.0998298151269803
90.795062031,0.39123465546827,0.0834918714811185,0.0997302342789771
90.805085541,0.392118286806166,0.0910400532318353,0.0497758264171685
90.81509317,0.393058291429124,0.0949166478785434,0.149762738395628
90.825058861,0.394014087387572,0.0946367150957032,0.0998170731100172
90.835071642,0.394948988391836,0.0911268761311921,0.0996595411271132
90.845068913,0.395837540917555,0.0860029233302788,0.0498689712798597
90.855065367,0.396668507190097,0.0800434062830176,0.049819833507102
90.865082358,0.397439485226812,0.0740511193909173,0.0997666516422678
90.875053936,0.39814868309957,0.067607468058252,0.0498578962242187
90.885081122,0.398791551025147,0.0605597354894781,0.0498512436006686
90.895054771,0.399359928376739,0.0523633359077572,0.0498474653205438
90.905083473,0.399838940849505,0.0424724598218279,0.149545218839744
90.915057143,0.40020947831785,0.0313040058332215,0.0499170465882805
90.925058539,0.400464240432088,0.020515337424871,-0.0995534587099024
90.935088218,0.400620422580458,0.0122496664787987,0
90.94505823,0.400709229976517,0.00694808930572796,0.0499524345515262
90.955049133,0.400759112800502,0.00437035080780117,0.049860805782066
90.965055827,0.40079662649072,0.00486627410615681,-0.0499137156864943
90.975025532,0.40085632343369,0.00896279189966411,-0.0995926522568617
90.985079019,0.400976090193783,0.0160095462276385,0.0498341039526937
90.995033844,0.401176647429591,0.0238055905304099,0.0998750710902149
91.005045591,0.401451406231111,0.0298966335377956,0
91.015080762,0.401775982790599,0.0333317085193067,0.0498882126702044
91.025032202,0.402117594123252,0.0332791979354988,0.0999213784015264
91.035038379,0.402440156277063,0.0298294832445576,0
91.045017079,0.402713732676868,0.024002975812296,0
91.055015055,0.402919655947901,0.016568913161386,0
91.065008531,0.403044969309026,0.00783892189111103,0.04968465789776
91.07508295,0.403076966609325,-0.00182945336308054,0.0498539056881478
91.085008298,0.403008380668027,-0.0114489861212018,-0.0500018028059133
91.095024157,0.402848660007142,-0.0192012258969445,-0.0996250184843439
91.105025284,0.402624029998065,-0.0242629704631303,0
91.115020894,0.402363479767952,-0.0267213009414208,0
91.125019448,0.402089759924749,-0.0270884664262859,-0.0498685737457437
91.135015376,0.401821859913584,-0.0255904290377816,0
91.14501424,0.401578084618948,-0.0222779377708702,-0.0498679287130112
91.155009519,0.401376431640048,-0.0171921370782543,0
91.165027479,0.40123401427068,-0.0104558336585562,0
91.175010355,0.4011673062258,-0.00207651044581217,-0.0498986403403179
91.185009316,0.401192521777423,0.00765914379155042,0
91.195012476,0.401320505346675,0.0180035508163873,0.0995870917863018
91.205033626,0.401553030460071,0.0284535822957651,0
91.215029977,0.401890074958734,0.0389160047259932,-0.0998187390592503
91.225011466,0.402330488175926,0.0482219564397838,0.0997994813716843
91.235011672,0.402853631384617,0.0539023062419133,0.149401847420482
91.245033033,0.403409696811803,0.0542359608324666,0.0998257623130996
91.254988405,0.403937088693166,0.0487560220024013,0
91.26500993,0.404383690841475,0.0386882117013505,0.0497991221579958
91.275010772,0.404711718266424,0.0257059344459348,0.0996617724294034
91.285019534,0.404898056410188,0.0116302798919459,0
91.294982251,0.40494399215705,-0.000895239167177352,-0.0998422254800597
91.304992973,0.404880175405292,-0.00960092350288491,-0.0498043268366797
91.315003124,0.404751773286916,-0.0139885004720257,0.049829145521916
91.325003276,0.404600261272331,-0.0144398975583854,0
91.335018926,0.404462747156487,-0.0111414160529824,-0.0996330365135101
91.345018352,0.404377264983283,-0.00452142904537073,-0.050012095790005
91.354955433,0.404372605654674,0.00370114221751738,0.0498469519573479
91.365020909,0.404451297291454,0.0105729216499812,0
91.375022945,0.40458477788676,0.0133512579181438,0.0498637755266995
91.385017315,0.404718274465396,0.00982700641774933,0.0996343363445073
91.395038059,0.40478146654049,-0.00056855007240768,0
91.405019109,0.404706902443969,-0.0168968648455965,-0.0498820730650827
91.41502713,0.404443713909414,-0.0374006466659465,0
91.425013044,0.403959116345572,-0.0602762400959089,-0.0499138755995622
91.435003465,0.403239615544718,-0.0832284308089335,-0.0997762222015813
91.444999397,0.402295683547788,-0.10378597726608,-0.149313116729997
91.45503693,0.401160422801666,-0.120600840954105,-0.0996336842367107
91.465014642,0.399881828168886,-0.13227661736428,-0.149705407082847
91.475017899,0.398517407810687,-0.137680087159498,-0.199499834165724
91.485006415,0.397129359119773,-0.137281244812141,-0.14963710757128
91.495007988,0.395773143508861,-0.132055961203623,-0.0996664892704933
91.505014773,0.394487136171977,-0.12384716382916,-0.0498555404044009
91.515007697,0.393296236271802,-0.113229622446751,-0.199446948997562
91.525011847,0.392222875032917,-0.100422328785836,-0.0996611247607875
91.535017132,0.391286842211414,-0.0860851024656016,0
91.545019836,0.390500485249722,-0.0704049171213637,-0.0498440212834673
91.555021463,0.38987843894529,-0.0526004877601917,-0.149608218869139
91.565013785,0.389448793780069,-0.031658571217808,-0.0498375089312952
91.575028408,0.389245047652157,-0.00779849966331617,0.0498377953991222
91.585020615,0.38929277052305,0.0181218551261531,-0.0498811261357472
91.595017261,0.389607282750361,0.0449344652848744,0.0498538658045699
91.605020398,0.390191450077968,0.0711695186800857,0.099716929943673
91.615015498,0.391030547652102,0.095303707360612,0.149636486271953
91.62501057,0.392096587580345,0.116355784145041,0.0498551465430358
91.635015365,0.393357647859683,0.133945150453826,0.0996995105122285
91.6450126,0.394775762498077,0.146963693454963,0.199399639892845
91.655017034,0.396297167011186,0.153853709173132,0.149628312549589
91.665003864,0.397851492615536,0.152996227344828,0.149562379087448
91.675017111,0.399357103338793,0.14351355911592,0.149505574663049
91.68501154,0.400722865407935,0.124791447733095,0.199490138871412
91.695010005,0.401852045525427,0.0967054147171274,0.149572392920659
91.705010278,0.402656851660044,0.0612692436590888,0.0498605397102336
91.715007111,0.403077253085418,0.0216569102956316,0
91.725002959,0.40308983135903,-0.0185332679951286,0
91.735017501,0.402706395164861,-0.0559313882562507,-0.0996703748353632
91.745010836,0.401970763022359,-0.0878260993881655,-0.149644159305669
91.755006648,0.400950826353754,-0.112196415036252,-0.0498522779922924
91.765011256,0.399726787599141,-0.128131670316417,-0.149551237563229
91.775008215,0.398387992165099,-0.134679223814866,-0.199382185439
91.785014676,0.397032742519897,-0.13136406540569,-0.0996863283333251
91.79501289,0.39576009672998,-0.118570383989141,-0.149625776624692
91.805006478,0.394662306880123,-0.0971354803413893,-0.199333984757136
91.815021147,0.393816585075491,-0.069691645121802,-0.0498280598295252
91.825017217,0.39326772555911,-0.040020104084969,0
91.835020133,0.393016223574177,-0.0122502862183487,0
91.84501474,0.393022750178702,0.0101296609116907,0.0498207968918012
91.855033191,0.393218949065523,0.0249192225409373,0.0997478134755365
91.865007084,0.393520943847953,0.0316117865795425,0.0998193164684843
91.875011214,0.39385049006488,0.0317865400964005,0
91.885009939,0.394156765400453,0.0285566838703882,-0.049854336404674
91.895011406,0.394421629225171,0.024415077461925,0
91.905019797,0.394645307633525,0.0204592969780091,0.049846869415303
91.915014594,0.39483088038897,0.0167545638133792,0
91.925012469,0.394980276132349,0.0132971151275891,0.0498631529175312
91.935010652,0.395096770274294,0.0104325542764482,0
91.945009512,0.395188896368815,0.00881549217926358,0
91.955010812,0.395273081528358,0.00915682617462761,0
91.965020388,0.395372132481949,0.0117898634870173,-0.049838624987667
91.975016711,0.395508948346503,0.0161308643042273,0
91.985015889,0.395694677195275,0.0205836380618572,0.0997230976167815
91.99501401,0.395920565511334,0.0235552847058867,0.0498700163845759
92.005009195,0.396165625210317,0.02449442662478,0
92.015011351,0.396410388913149,0.0238477103097436,0.0498721619763028
92.025002836,0.396642427768922,0.0225849640360605,0
92.034776258,0.39685677862692,0.020737638095054,0.0499076293816625
92.044981074,0.397056729238343,0.0198486963909448,0
92.054846319,0.397255143174257,0.020707105663059,-0.100229450009184
92.064877348,0.397468723486362,0.0224583206767503,0.100148186018406
92.07475844,0.397702335973029,0.0238862901017452,0.0999352638512882
92.084832192,0.397945370679081,0.0240377655910689,-0.0496594101930668
92.094837138,0.398184983008927,0.0232710970590268,0
92.104758559,0.398409079099572,0.0208065265617686,0.100098392147961
92.114759462,0.398599497372405,0.0161266440699586,0
92.125021597,0.398735853901174,0.0100663624785172,0
92.135000824,0.398803254259356,0.00281277212114246,0
92.145026599,0.398792123413083,-0.00537997296832191,-1.4909173689098e-06
92.154990076,0.398695712623939,-0.0139591768040951,0.049892305748609
92.165010973,0.398513158003098,-0.0219827309700397,-0.0996535994813557
92.175001022,0.398255817381565,-0.0283201025927458,0
92.185006985,0.397946868891812,-0.0319510369745558,-0.0498074696432173
92.195019435,0.39761620832763,-0.0324647868172173,-0.0498298874025523
92.205016392,0.397297267759218,-0.0297346058297091,-0.0499092388611644
92.214998223,0.397022146941495,-0.0241917051930752,-0.0498949654850435
92.225000298,0.39681382299666,-0.0171384703494234,0
92.235004028,0.396679278045686,-0.0103013814739431,1.4896414756596e-06
92.245006671,0.396607729716477,-0.00527605428112924,0
92.255010687,0.396573721826818,-0.00323748918009345,0.0498390808808348
92.265012387,0.396542961427387,-0.00447112747971,0.049845967068835
92.275014835,0.396484280730987,-0.00807860971179098,-0.0997209633000134
92.285010114,0.396381407595831,-0.0126889341743913,-1.49106416851352e-06
92.295002119,0.396230663399986,-0.0174360621621066,0
92.30500786,0.396032725653473,-0.0219780482624518,-0.0498627606371788
92.314998932,0.395791172478777,-0.0259801234414639,0
92.32501843,0.395512848574739,-0.0291838562728065,-0.0498470267182683
92.335001459,0.395207421605716,-0.0313506092086733,-0.0498556307130181
92.345017505,0.394885865389879,-0.0326174418092131,0.0502324492777851
92.354850511,0.394559996307138,-0.0319326457609265,-0.0997697712306797
92.365005449,0.394247597454638,-0.0292580253613835,-0.0989163295160641
92.375010608,0.393970151677824,-0.0253702809100145,0.0498398630473132
92.385011449,0.393740039614752,-0.020675082891757,-0.0498310157131341
92.39502016,0.393556452531597,-0.0165153812108634,0
92.405018948,0.393409608141691,-0.0136710501121922,0
92.415001068,0.393283292537042,-0.0125507617795435,0
92.425022486,0.393158548501505,-0.0132055324202577,0
92.435008605,0.393019082358539,-0.0151113187684545,0
92.445007061,0.392856555218228,-0.0174247010617233,-0.050320071226737
92.454823094,0.392673820811023,-0.0187587584877893,-0.0498594519352844
92.465005201,0.392481414939763,-0.0191570968799588,-0.0494129446897061
92.475001942,0.392287252664961,-0.019718701510089,0
92.485019315,0.392086762599808,-0.0210700725881926,0.0996832739037246
92.495006931,0.391865746094605,-0.0234244314157638,-0.0498846100232788
92.505006772,0.391618567784136,-0.025192685827746,-0.0498670009151181
92.515001446,0.391362030559932,-0.024421444424653,-0.0996803389449388
92.525012649,0.391129995370814,-0.020321378778716,-0.0498578189398756
92.535000241,0.390955627471619,-0.0137378725127177,0
92.545018174,0.390855162018814,-0.00680481804405379,-0.0498931753741391
92.554984864,0.390819635748425,-0.0021777384985132,0.0498713473579132
92.565011544,0.39081162168725,-0.00223783530299787,0.149408011324536
92.575005605,0.390774832627423,-0.00743500484947572,0
92.585020511,0.390662854920572,-0.0157847146393594,-0.149453099401983
92.595020306,0.390458906283546,-0.0250213386415192,-0.0499377741335291
92.604987286,0.390163259481718,-0.034372881370433,0
92.615016427,0.389771581988544,-0.044535625542272,0
92.625001676,0.389271906103221,-0.0558020038770389,-0.0498514479830688
92.63501718,0.388655499892094,-0.0681629217085449,-0.0505340437260877
92.644732266,0.387927011441787,-0.0771403761133835,-0.0498194387377384
92.65503198,0.38711155069226,-0.0822844148975842,-0.147506733168376
92.665011063,0.386258382495816,-0.0841663999846846,-0.199654677460503
92.675008099,0.385430232670365,-0.0792015244494356,-0.0998424154329461
92.684984464,0.384676458688176,-0.0707723309532239,0.0498755020321019
92.694999206,0.384015415429639,-0.0615369410737781,-0.0497939356630316
92.705008318,0.383444251964508,-0.0528534957011917,-0.0498297255321404
92.715008678,0.382957844887304,-0.0443736725872532,-0.0498549565458217
92.725008859,0.382556754506606,-0.0356768665869072,-0.0997014544932845
92.735010318,0.382244249045505,-0.0275667688392128,-0.0507270320724725
92.744664385,0.382014915164951,-0.0199433257498076,0.0497932071702644
92.755035662,0.381844877086861,-0.0154151280363384,0.0980529614936619
92.765002298,0.381701403632064,-0.0138913993024874,-0.0499732951049107
92.774988841,0.381567699510018,-0.0123652702275728,-0.0996357102791225
92.785017136,0.381453914751633,-0.0092587646295967,-0.0498241229716603
92.795000563,0.381382415686187,-0.00422312714266027,0.0499043171213591
92.8049967,0.381369538512606,0.00191153456111096,-0.0498263464148336
92.815011392,0.381420667077417,0.00805059518103853,0.049827559331317
92.82500764,0.381530638489738,0.0134441214423423,0.0998163279614317
92.834989416,0.381689254058251,0.0183079704464315,1.48948200295309e-06
92.845016155,0.381896953791035,0.0241926532428648,-0.0498252458728356
92.855000687,0.382173379798503,0.0323837900468934,-0.0499238745904697
92.864989086,0.38254375299516,0.0421763174957757,0.0996451392571346
92.875013332,0.383017439467953,0.0519088005308888,0.0996124431323179
92.885008599,0.383582941902203,0.0600594319281434,0.0498375886437281
92.895020245,0.384219043297369,0.0659540997807546,0.0498357702400812
92.905015644,0.384902488544451,0.0694823477045373,0.0997640013932894
92.915009345,0.38560793289387,0.0703225695335521,0.0498708998412606
92.925009791,0.386308528337122,0.0683870206456522,0.0498536564169266
92.935009212,0.386975664211309,0.0633654698302815,0.0499267796646771
92.944980366,0.387573973204778,0.0541566800904028,0.099801217589908
92.954990858,0.388057803821411,0.0401337616506737,0.099531866099648
92.965016086,0.388378082015758,0.0219022682822719,0
92.975010556,0.388496280617937,0.000710243045510449,0
92.985012633,0.388392284424199,-0.0215525366787579,0
92.995019041,0.388065047011088,-0.0428658178433833,-0.0498143134786538
93.005028894,0.387534271026267,-0.0611953814470482,-0.0996688704280539
93.01502722,0.386840638865123,-0.0748733781028918,-0.099844067610103
93.025001666,0.386038842116549,-0.0826937536373805,-0.049932092766421
93.03499567,0.385189372780302,-0.0841925858974627,-0.099828011059436
93.044977949,0.384356987194159,-0.0789693197032492,-0.149422505218877
93.055014469,0.383608501841996,-0.0676924190015738,-0.099473308283794
93.065025164,0.382999942716564,-0.0522982623682484,0
93.075004647,0.382563050268164,-0.0346870898131926,0
93.085015194,0.382306546750586,-0.0169768566213104,-0.0996860891426022
93.09500937,0.382223432954044,-0.000882193078779581,0.0499431444515001
93.104979822,0.382288934093944,0.0118110075660886,0.0499210427576755
93.114982837,0.382459339723902,0.0195650311227209,0
93.124977594,0.382680191125509,0.0216994776150696,0.0498941590453606
93.134967066,0.382892987053742,0.0179872323644524,0.0498497855553266
93.144979014,0.383039961314668,0.00904132330504177,0.0497665444781836
93.155001941,0.383074128835993,-0.00352955184130012,-0.0497731105451325
93.165011246,0.382969256513327,-0.0178732303417501,-0.0996760092945308
93.175008687,0.382716543656346,-0.0330141028753479,0
93.18500676,0.382309122557086,-0.0490278430769911,0.0499267167710629
93.194980481,0.381737369674148,-0.0654135640304144,-0.0998612943533419
93.204976385,0.381002838213485,-0.0804431970130814,-0.0997146107573475
93.214979482,0.38012858609664,-0.0921970480710543,-0.099537390511941
93.225010993,0.379155706496624,-0.0996385932147783,-0.19910222275124
93.235011179,0.378132655987856,-0.102894442056773,-0.0997382109669998
93.245004963,0.377098438108974,-0.103099588674506,-0.0498497378104606
93.255013216,0.376070454200504,-0.102638328072664,-0.0998270488856625
93.26498114,0.37504811670041,-0.102501828498925,-0.0499409913062787
93.274978108,0.37402401626472,-0.102504284841106,-0.0995624269642751
93.28501071,0.372994999951886,-0.102673477903851,-0.149397474789703
93.295000261,0.371968272181087,-0.102043231784045,-0.14963212235114
93.305001465,0.370955078705882,-0.100644905895484,-0.149482742462972
93.315010993,0.369954293942047,-0.100940328033417,-0.0499009054033933
93.324982395,0.368938197077269,-0.105104536957828,0
93.334978174,0.367855652628689,-0.11408690715295,-0.0498510184219209
93.344984516,0.366656216955881,-0.12686132507225,-0.199101447484195
93.355009949,0.365314395108639,-0.141125586476877,-0.199208485421559
93.365005378,0.363830761064357,-0.154685332826569,-0.0996337433802251
93.375024883,0.362218378381349,-0.167051023535511,-0.249637080015824
93.384976176,0.360494618817638,-0.177649464973654,-0.1998491743291
93.39498171,0.358673058742227,-0.186907464316609,-0.0996669076966591
93.40498445,0.356754923058945,-0.19649694755229,-0.149334768145364
93.41501247,0.354737075545075,-0.206244908337287,-0.199483549609444
93.424977855,0.352631385077371,-0.213293322466925,-0.299242809008641
93.435004657,0.350472875556465,-0.216217334788298,-0.299060998615499
93.444982196,0.348306099782154,-0.215482222725273,-0.199314041655107
93.455014916,0.346161020469836,-0.212858226053496,-0.0996034875559799
93.465003509,0.344044398613712,-0.210584646033268,-0.299218443108732
93.475008731,0.341950630015205,-0.209087625832154,-0.199611330003889
93.484983966,0.33986673229654,-0.209440841963162,-0.149824488529888
93.494973819,0.337769125174618,-0.211554737345879,-0.199159649045769
93.505009887,0.335630153839276,-0.216301518027013,-0.149205337612186
93.515021955,0.333432682924206,-0.222800918940471,-0.299598556488013
93.524978335,0.331181165275061,-0.226987743509016,-0.299410379606841
93.535002953,0.328897241275126,-0.228683103317265,-0.199189439054953
93.545001261,0.32660226041989,-0.229265162974144,-0.19927022027427
93.555017762,0.324308542827844,-0.229323448587354,-0.29947814102086
93.564977738,0.322021185823624,-0.229162027752674,-0.199839189477526
93.574975437,0.319735001555615,-0.229372631091997,-0.149567987865382
93.584977065,0.317433887569563,-0.231441936115996,-0.199380181509491
93.594979357,0.315105255580907,-0.233919635928033,-0.299093278728607
93.604979247,0.312754984438357,-0.235264964868521,-0.349039566184379
93.6149759,0.310400769594519,-0.234847512240986,-0.199023534141347
93.625018864,0.308048730239646,-0.235305606309835,-0.0995115870276335
93.635015703,0.305685291599277,-0.238041229941315,-0.249732142002786
93.64498206,0.303296666510245,-0.239913084187259,-0.249364313577787
93.655008346,0.30088879495609,-0.240028832143895,-0.248982461880122
93.665005245,0.298490524798894,-0.237091061467937,-0.299138787730225
93.675007485,0.296147177862137,-0.228994238251001,-0.249153078641011
93.685014838,0.293908443292147,-0.216545051277706,-0.249139947530667
93.695018013,0.291813997050283,-0.201379584973636,-0.199502854056255
93.705006159,0.289882599366091,-0.185307595375445,-0.149581594548554
93.71501572,0.28810827005309,-0.170754649350613,-0.14947014430474
93.725018777,0.286465351796914,-0.159615391168569,-0.149641419380911
93.735005233,0.284917636116326,-0.152022726129939,-0.14956398493975
93.74501844,0.283424948505975,-0.148651840945723,-0.199345322825151
93.755012352,0.281943541044956,-0.150057406311932,-0.0498656898451508
93.765014676,0.280424365195812,-0.156028390432561,-0.0997234915777926
93.775009572,0.278823406995229,-0.165252731194156,-0.249201542648546
93.785020258,0.277118388131184,-0.175694047930521,-0.199354699126212
93.79501575,0.27530844059879,-0.185840228882539,-0.149604313014952
93.805014729,0.273402611064158,-0.194465308957364,-0.149588153027045
93.815012381,0.271419789573269,-0.2002924648209,-0.24929976427206
93.825012429,0.269397222440411,-0.201685621719207,-0.299183796066899
93.835008611,0.267386837493678,-0.198163679495744,-0.199496854326444
93.84500465,0.265435490365757,-0.190909782374634,-0.149607904597643
93.855002602,0.263569789023069,-0.181985115174331,-0.19944651588469
93.865001618,0.261796339841142,-0.17317931397249,-0.149572594856391
93.875001313,0.260106425971755,-0.16584362690153,-0.149577912693913
93.884999618,0.258479798990365,-0.160847190594166,-0.19931696535362
93.895011428,0.256887855190538,-0.159441958060064,-0.19932624926156
93.905008801,0.255289495673663,-0.163258895356644,-0.0997293872423772
93.915007167,0.253623372929559,-0.173773338924153,-0.0996859246996284
93.925013557,0.251813202429179,-0.191868909046238,-0.199417769908939
93.935007167,0.249785994748635,-0.216467881386305,-0.199517095781193
93.945003451,0.247486032425861,-0.245289849426722,-0.249249659328218
93.955008887,0.244879775861557,-0.276433311897198,-0.348756962344652
93.965016283,0.241953818995661,-0.308599054599394,-0.298981066033421
93.975018626,0.23870478932338,-0.341316559967339,-0.299317278307074
93.985003496,0.235131852211164,-0.373441135467489,-0.349264187626225
93.995002394,0.23124202831054,-0.403370975642104,-0.398656403562967
94.005012483,0.227060807603365,-0.430270492620725,-0.548146972422274
94.015011544,0.222632681483115,-0.45258564272343,-0.448516684158306
94.025020194,0.218005604861003,-0.470941849527431,-0.39900210324589
94.035003195,0.213217776386069,-0.485260361132966,-0.498648872609231
94.045015945,0.20830245950962,-0.496165919230251,-0.548391223806991
94.055003433,0.203294339913978,-0.504095605206041,-0.498692788858103
94.065009965,0.198223561897219,-0.509322680648499,-0.498578006809809
94.075002056,0.193108587638336,-0.513062518870079,-0.498274185767732
94.085020812,0.187956746330678,-0.516714905046644,-0.547998724391132
94.095016619,0.182766764618239,-0.521696380804348,-0.54853831260476
94.105015687,0.177525492408538,-0.528383360173567,-0.399110726663855
94.115002829,0.172206383821305,-0.537228370367032,-0.598212873244852
94.125017014,0.166780212099156,-0.549294986408189,-0.598307519214386
94.135000992,0.161221493148033,-0.564000472395405,-0.548351304306892
94.145018708,0.155499247234447,-0.582310593698301,-0.548180533126106
94.155008917,0.149570666462611,-0.605765185692036,-0.598379148861394
94.165014502,0.143386491368971,-0.634762738642328,-0.699029356771775
94.174978363,0.136894806230487,-0.66837784818151,-0.599092616142707
94.184986433,0.130037695103161,-0.706718159493271,-0.598139875115898
94.194982131,0.12275778012659,-0.750041229454388,-0.747064010530115
94.205006552,0.115021780434582,-0.795218385544636,-0.896375296061495
94.215004514,0.106835613042576,-0.840504731324524,-0.848685873578293
94.224979181,0.0982346912630973,-0.879687082858454,-0.898649074400536
94.234976236,0.0892667471767413,-0.912178946453535,-0.847285131204339
94.244984829,0.0799859603473292,-0.938713872370932,-0.846243530318281
94.255006508,0.0704640529829786,-0.956815460077185,-0.945446448614535
94.26502262,0.0608134921327405,-0.964505229387124,-0.998673902723633
94.274974735,0.0512045936198829,-0.949704703702559,-1.09910535482235
94.284980602,0.0418593027509217,-0.909208023947168,-1.04677154451398
94.294977988,0.0330174754872388,-0.84814631203131,-0.847321039076132
94.3049854,0.0248923071042885,-0.766957704344202,-0.746120036400412
94.315023436,0.0176434647066041,-0.674725379863851,-0.647006798058233
94.325019402,0.0113748574946531,-0.576207314222528,-0.49969066456116
94.334977531,0.00614576921891132,-0.470445859360735,-0.549426382041625
94.34498197,0.00198355003684078,-0.362603521791649,-0.447865995915789
94.355014298,-0.001119633060605,-0.259977742159628,-0.199091050870586
94.365014763,-0.00322453025645005,-0.166511792017326,-0.0997327210022148
94.37500949,-0.00444906831225485,-0.0865097469449671,-0.0499425862180868
94.384979437,-0.00495166915202825,-0.0229929387736767,0.0498340577743662
94.395017643,-0.00490911454915835,0.0227722462957799,0.0497748075980752
94.405011407,-0.00449549619739846,0.0521859244087359,0.0498620505598362
94.415014568,-0.00386555653270114,0.0675284433443421,0.0997691754456556
94.424999293,-0.00314574537007459,0.0718687689723529,0.0498998122304923
94.434996351,-0.00242949038661906,0.0684383328137082,0.0498443464377512
94.445003316,-0.00177670338638762,0.0604988096274748,0.0498239252273135
94.455008573,-0.00121877477761797,0.050502278719142,0
94.465005028,-0.000766571352103836,0.0399341336456726,0.0498503895819224
94.475010171,-0.000420028289959223,0.0296407672995483,0.0498537993093213
94.485005258,-0.000173749188736156,0.0202043761117668,0
94.495006055,-1.60239289357469e-05,0.0122409682196508,0
94.505004211,7.10573593631124e-05,0.00617709495923146,0
94.514994883,0.000107448959743969,0.00201055559466863,0
94.525012454,0.000111285044266265,-0.000518138596529024,0
94.535026765,9.70696685186551e-05,-0.00180258283903987,0
94.545011403,7.52352820000352e-05,-0.00223009382844046,0
94.555011855,5.2501042648815e-05,-0.00213309219514765,0
94.564995004,3.2608418676006e-05,-0.00176828770037649,0
94.575002461,1.71518999359544e-05,-0.00131247357005179,0
94.585009967,6.33930873293061e-06,-0.000877080009637527,0
94.595010685,-3.96913362802907e-07,-0.000514676540438592,0
94.605017088,-3.95788708748153e-06,-0.000244741515591855,0
94.615012317,-5.29214309279074e-06,-6.38361965347588e-05,0
94.625022444,-5.23495292484526e-06,4.27134859386009e-05,0
94.634995894,-4.43857485759808e-06,9.37163624510403e-05,0
94.645012627,-3.36154568935422e-06,0.000107343539821357,0
94.655000021,-2.29126105438134e-06,9.90189592195793e-05,0
94.665012921,-1.38113739338872e-06,8.00197146456876e-05,0
94.675008695,-6.90172670463067e-07,5.81623874704152e-05,0
94.685010856,-2.18009749310173e-07,3.78874869527985e-05,0
94.695007841,6.75447126791792e-08,2.14463689480357e-05,0
94.705018403,2.11079485396812e-07,9.48857500265906e-06,0
94.715008378,2.57321308097015e-07,1.67331301191887e-06,0
94.72500864,2.44529409080257e-07,-2.77142899336048e-06,0
94.735008408,2.0189264508692e-07,-4.88648154660489e-06,0
94.7444647,1.49457730920639e-07,-5.11938066613736e-06,0
94.755023496,9.94277905486408e-08,-4.45737530432164e-06,0
94.76498138,5.80071881619691e-08,-3.61133811899037e-06,0
94.77500439,2.7270026394936e-08,-2.55739647543199e-06,0
94.785017034,6.76807723936485e-09,-1.62504027603736e-06,0
94.795007879,-5.23644889131785e-09,-8.8500262045563e-07,0
94.805003493,-1.09199913492595e-08,-3.56962876684191e-07,0
94.815009632,-1.23763321809254e-08,-2.14211122978024e-08,0
94.825012846,-1.1348613946879e-08,1.61886444625592e-07,0
94.835021695,-9.13665045223273e-09,2.36859419264221e-07,0
94.845010548,-6.61196986454058e-09,2.42565403562029e-07,0
94.855008526,-4.28853672478891e-09,2.09941184887147e-07,0
94.865011036,-2.41304371550072e-09,1.61926379854106e-07,0
94.874993073,-1.05251137605584e-09,1.1226370057504e-07,0
94.885012286,-1.67629374373405e-10,6.91571101100997e-08,0
94.895017054,3.32289282803306e-10,3.60018800576604e-08,0
94.905008445,5.52269943558556e-10,1.28713179586754e-08,0
94.915014319,5.89680438922206e-10,-1.43709457551863e-09,0
94.925004442,5.23533804737776e-10,-8.91855546226802e-09,0
94.935001269,4.11425716825598e-10,-1.16238805903164e-08,0
94.945007419,2.9102158863888e-10,-1.13770079129978e-08,0
94.955011385,1.83770468753494e-10,-9.57675485200064e-09,0
94.965029806,9.92720967880206e-11,-7.22153007981697e-09,0
94.97500913,3.93561517075009e-11,-4.89471571667475e-09,0
94.985023172,1.41025399861817e-12,-2.92682055833501e-09,0
94.995009856,-1.91823843309016e-11,-1.44369375381605e-09,0
95.005006932,-2.74401754911442e-11,-4.34208287803796e-10,0
95.015002421,-2.78633217483619e-11,1.71087145198148e-10,0
95.025024493,-2.40154281258239e-11,4.71243853792404e-10,0
95.035008226,-1.84357091019441e-11,5.64005242511601e-10,0
95.045013281,-1.27416469023754e-11,5.30122196480694e-10,0
95.05503522,-7.81895505376302e-12,4.35396963176758e-10,0
95.065020274,-4.0306629078725e-12,3.20818133755392e-10,0
95.075024933,-1.40589263479677e-12,2.12061809640667e-10,0
95.085017024,2.09884084057391e-13,1.22667926643686e-10,0
95.095023259,1.04726055196857e-12,5.6705006253767e-11,0
95.10501677,1.34396980606174e-12,1.29904607342332e-11,0
95.115003292,1.3068103861237e-12,-1.24088768464737e-11,0
95.125022963,1.09571542095795e-12,-2.42255508551738e-11,0
95.13501366,8.22048198508928e-13,-2.7092575576686e-11,0
95.144988774,5.54790177490848e-13,-2.46301734469878e-11,0
95.154988511,3.30064153801175e-13,-1.96971464268744e-11,0
95.164978156,1.6105639325401e-13,-1.41761093525752e-11,0
95.174977228,4.67019157914407e-14,-9.11141856839065e-12,0
95.185021292,-2.15650082651526e-14,-5.07604374589548e-12,0
95.19503006,-5.50871366696034e-14,-2.17606690973413e-12,0
95.205000128,-6.50402921797421e-14,-2.89735040017895e-13,0
95.21501039,-6.0876138381727e-14,7.65864365357833e-13,0
95.224980922,-4.97377140635822e-14,1.2192784265979e-12,0
95.235016574,-3.64830298319837e-14,1.28274565123534e-12,0
95.245020645,-2.4031846533376e-14,1.13418647357778e-12,0
95.254984831,-1.38353028416565e-14,8.84058418119416e-13,0
95.26502957,-6.34278794960679e-15,6.21623753563712e-13,0
95.274991012,-1.39898551396186e-15,3.90790493125449e-13,0
95.284982708,1.45470868881541e-15,2.0831939552812e-13,0
95.2950237,2.77421194100169e-15,8.15309363345725e-14,0
95.305016263,3.08806318607538e-15,3.01297073990397e-15,0
95.314987661,2.83436277134728e-15,-2.54428130065595e-14,0
